episode,return,success,steps,final_depth,committed,explore,loss,wall
0,-4.700000000000001,0,7,4,1,0.0,,0.8
1,-7.499999999999999,0,12,3,1,0.0,,0.9
2,-2.3000000000000003,0,4,3,1,0.0,,0.9
3,-7.0,0,9,4,1,0.0,,1.0
4,-5.4,0,5,4,1,0.0,,1.1
5,-5.700000000000001,0,7,4,1,0.0,,1.2
6,-6.300000000000001,0,11,4,1,0.0,,1.3
7,-5.0,0,9,4,1,0.0,,1.5
8,-3.4000000000000004,0,5,4,1,0.0,,1.6
9,-5.0,0,9,4,1,0.0,,1.7
10,-4.300000000000001,0,4,3,1,0.0,,1.7
11,-5.4,0,5,4,1,0.0,,1.8
12,-5.4,0,5,4,1,0.0,,1.9
13,-5.4,0,5,4,1,0.0,,2.0
14,-6.6,0,12,4,0,0.0,,2.1
15,-10.600000000000001,0,12,4,0,0.0,,2.2
16,-2.3000000000000003,0,4,3,1,0.0,,2.3
17,-6.200000000000001,0,10,3,1,0.0,,2.4
18,-8.000000000000002,0,9,4,1,0.0,,2.5
19,-6.700000000000001,0,7,4,1,0.0,,2.6
20,-5.4,0,5,4,1,0.0,,2.7
21,-5.6000000000000005,0,6,3,1,0.0,,2.7
22,-3.6000000000000005,0,6,3,1,0.0,,2.8
23,-3.7000000000000006,0,7,4,1,0.0,,2.9
24,-5.4,0,5,4,1,0.0,,3.0
25,-6.700000000000001,0,7,4,1,0.0,,3.1
26,-6.700000000000001,0,7,4,1,0.0,,3.2
27,-5.4,0,5,4,1,0.0,,3.3
28,-5.4,0,5,4,1,0.0,,3.4
29,-3.4000000000000004,0,5,4,1,0.0,,3.5
30,-5.6000000000000005,0,6,3,1,0.0,,3.6
31,-5.6000000000000005,0,6,3,1,0.0,,3.7
32,-6.700000000000001,0,7,4,1,0.0,,3.8
33,-2.7,0,7,4,1,0.0,,3.9
34,-5.4,0,5,4,1,0.0,,4.0
35,-8.0,0,9,4,1,0.0,,4.1
36,-2.6,0,12,4,0,0.0,,4.3
37,-11.600000000000001,0,12,4,0,0.0,,4.4
38,-5.4,0,5,4,1,0.0,,4.5
39,-6.900000000000001,0,8,3,1,0.0,,4.5
40,-6.9,0,8,3,1,0.0,,4.6
41,-5.4,0,5,4,1,0.0,,4.7
42,-0.30000000000000004,0,4,3,1,0.0,,4.8
43,-5.200000000000001,0,10,3,1,0.0,,4.9
44,-4.300000000000001,0,4,3,1,0.0,,4.9
45,-5.6000000000000005,0,6,3,1,0.0,,5.0
46,-5.6000000000000005,0,6,3,1,0.0,,5.1
47,-5.4,0,5,4,1,0.0,,5.2
48,-5.7,0,7,4,1,0.0,,5.3
49,-8.200000000000001,0,10,3,1,0.0,,5.4
50,-5.4,0,5,4,1,0.0,,5.4
51,-4.700000000000001,0,7,4,1,0.0,,5.5
52,-7.000000000000001,0,9,4,1,0.0,,5.6
53,-5.4,0,5,4,1,0.0,,5.7
54,-8.3,0,11,4,1,0.0,,5.8
55,-5.4,0,5,4,1,0.0,,5.8
56,-6.700000000000001,0,7,4,1,0.0,,5.9
57,-6.900000000000001,0,8,3,1,0.0,,6.1
58,-5.4,0,5,4,1,0.0,,6.1
59,-5.4,0,5,4,1,0.0,,6.2
60,-9.6,0,12,4,0,0.0,,6.3
61,-4.000000000000001,0,9,4,1,0.0,,6.4
62,0.6000000000000001,0,5,4,1,0.0,,6.5
63,-8.0,0,9,4,1,0.0,,6.6
64,-3.4000000000000004,0,5,4,1,0.0,,6.7
65,-4.300000000000001,0,4,3,1,0.0,,6.8
66,-4.6000000000000005,0,6,3,1,0.0,,6.9
67,-8.600000000000001,0,12,4,0,0.0,,7.0
68,-3.4000000000000004,0,5,4,1,0.0,,7.2
69,-4.6,0,6,3,1,0.0,,7.2
70,-9.3,0,11,4,1,0.0,,7.3
71,-5.4,0,5,4,1,0.0,,7.4
72,-4.300000000000001,0,4,3,1,0.0,,7.5
73,-4.700000000000001,0,7,4,1,0.0,,7.6
74,-5.4,0,5,4,1,0.0,,7.7
75,-3.6,0,6,3,1,0.0,,7.8
76,-4.300000000000001,0,4,3,1,0.0,,7.9
77,-5.4,0,5,4,1,0.0,,8.0
78,-2.3000000000000003,0,4,3,1,0.0,,8.1
79,-7.0,0,9,4,1,0.0,,8.2
80,-5.4,0,5,4,1,0.0,,8.2
81,-7.000000000000001,0,9,4,1,0.0,,8.4
82,-4.700000000000001,0,7,4,1,0.0,,8.5
83,-6.200000000000001,0,10,3,1,0.0,,8.6
84,-6.5,0,12,3,1,0.0,,8.7
85,-6.0,0,9,4,1,0.0,,8.9
86,-4.300000000000001,0,4,3,1,0.0,,9.0
87,-5.4,0,5,4,1,0.0,,9.1
88,-6.700000000000001,0,7,4,1,0.0,,9.2
89,2.6999999999999997,1,11,4,1,0.0,,9.3
90,4.1,1,8,3,1,0.0,,9.4
91,-8.0,0,9,4,1,0.0,,9.5
92,-6.900000000000001,0,8,3,1,0.0,,9.6
93,-6.700000000000001,0,7,4,1,0.0,,9.7
94,-3.4000000000000004,0,5,4,1,0.0,,9.8
95,-5.4,0,5,4,1,0.0,,9.9
96,1.4999999999999987,1,12,3,1,0.0,,10.0
97,-1.4000000000000001,0,5,4,1,0.0,,10.1
98,-6.700000000000001,0,7,4,1,0.0,,10.2
99,-5.4,0,5,4,1,0.0,,10.3
100,-8.6,0,12,4,0,0.0,,10.4
101,-5.300000000000001,0,11,4,1,0.0,,10.5
102,-6.700000000000001,0,7,4,1,0.0,,10.6
103,-8.3,0,11,4,1,0.0,,10.7
104,-10.600000000000001,0,12,4,0,0.0,,10.8
105,-8.3,0,11,4,1,0.0,,10.9
106,-9.3,0,11,4,1,0.0,,11.0
107,-8.3,0,11,4,1,0.0,,11.2
108,-6.700000000000001,0,7,4,1,0.0,,11.3
109,-5.4,0,5,4,1,0.0,,11.4
110,-4.700000000000001,0,7,4,1,0.0,,11.4
111,-5.4,0,5,4,1,0.0,,11.5
112,-6.000000000000001,0,9,4,1,0.0,,11.6
113,-5.4,0,5,4,1,0.0,,11.7
114,-5.6000000000000005,0,6,3,1,0.0,,11.9
115,-6.700000000000001,0,7,4,1,0.0,,12.0
116,-4.300000000000001,0,4,3,1,0.0,,12.1
117,-5.4,0,5,4,1,0.0,,12.1
118,-5.4,0,5,4,1,0.0,,12.3
119,-10.600000000000001,0,12,4,0,0.0,,12.4
120,-8.6,0,12,4,0,0.0,,12.5
121,-6.700000000000001,0,7,4,1,0.0,,12.6
122,-5.4,0,5,4,1,0.0,,12.7
123,-5.4,0,5,4,1,0.0,,12.8
124,-3.6,0,6,3,1,0.0,,12.8
125,-5.6000000000000005,0,6,3,1,0.0,,12.9
126,-4.9,0,8,3,1,0.0,,13.0
127,-10.6,0,12,4,0,0.0,,13.1
128,-5.4,0,5,4,1,0.0,,13.2
129,-5.4,0,5,4,1,0.0,,13.3
130,-5.6000000000000005,0,6,3,1,0.0,,13.4
131,-5.6000000000000005,0,6,3,1,0.0,,13.5
132,-6.0,0,9,4,1,0.0,,13.6
133,-5.700000000000001,0,7,4,1,0.0,,13.6
134,-10.600000000000001,0,12,4,0,0.0,,13.8
135,-2.3000000000000003,0,4,3,1,0.0,,13.9
136,-6.000000000000001,0,9,4,1,0.0,,14.0
137,-6.700000000000001,0,7,4,1,0.0,,14.1
138,-3.4000000000000004,0,5,4,1,0.0,,14.2
139,-6.700000000000001,0,7,4,1,0.0,,14.3
140,-5.4,0,5,4,1,0.0,,14.4
141,-8.299999999999999,0,11,4,1,0.0,,14.5
142,-8.000000000000002,0,9,4,1,0.0,,14.6
143,-6.700000000000001,0,7,4,1,0.0,,14.7
144,-4.700000000000001,0,7,4,1,0.0,,14.8
145,-3.4000000000000004,0,5,4,1,0.0,,14.9
146,-9.3,0,11,4,1,0.0,,15.0
147,-3.4000000000000004,0,5,4,1,0.0,,15.1
148,-6.700000000000001,0,7,4,1,0.0,,15.2
149,-5.4,0,5,4,1,0.0,,15.2
150,-4.300000000000001,0,4,3,1,0.0,,15.3
151,-2.7,0,7,4,1,0.0,,15.4
152,-0.7000000000000002,0,7,4,1,0.0,,15.5
153,-3.4000000000000004,0,5,4,1,0.0,,15.6
154,-5.4,0,5,4,1,0.0,,15.8
155,-5.4,0,5,4,1,0.0,,15.8
156,-7.3,0,11,4,1,0.0,,15.9
157,-6.700000000000001,0,7,4,1,0.0,,16.0
158,-3.4000000000000004,0,5,4,1,0.0,,16.1
159,-5.4,0,5,4,1,0.0,,16.2
160,-5.4,0,5,4,1,0.0,,16.3
161,-6.700000000000001,0,7,4,1,0.0,,16.4
162,-6.900000000000001,0,8,3,1,0.0,,16.5
163,-4.700000000000001,0,7,4,1,0.0,,16.6
164,-3.4000000000000004,0,5,4,1,0.0,,16.7
165,-9.7,0,12,2,0,0.0,,16.8
166,-5.4,0,5,4,1,0.0,,16.9
167,-5.6000000000000005,0,6,3,1,0.0,,17.0
168,-5.4,0,5,4,1,0.0,,17.1
169,-5.4,0,5,4,1,0.0,,17.2
170,-6.700000000000001,0,7,4,1,0.0,,17.3
171,-11.600000000000001,0,12,4,0,0.0,,17.4
172,-5.4,0,5,4,1,0.0,,17.5
173,-5.4,0,5,4,1,0.0,,17.6
174,-8.3,0,11,4,1,0.0,,17.7
175,-4.300000000000001,0,4,3,1,0.0,,17.8
176,-9.600000000000001,0,12,4,0,0.0,,17.9
177,-5.4,0,5,4,1,0.0,,18.0
178,-1.4000000000000001,0,5,4,1,0.0,,18.0
179,-6.900000000000001,0,8,3,1,0.0,,18.1
180,-8.0,0,9,4,1,0.0,,18.2
181,-7.0,0,9,4,1,0.0,,18.4
182,-6.700000000000001,0,7,4,1,0.0,,18.5
183,-5.4,0,5,4,1,0.0,,18.6
184,-6.700000000000001,0,7,4,1,0.0,,18.7
185,-5.700000000000001,0,7,4,1,0.0,,18.8
186,-4.300000000000001,0,4,3,1,0.0,,18.8
187,-8.3,0,11,4,1,0.0,,18.9
188,-4.300000000000001,0,4,3,1,0.0,,19.0
189,-5.4,0,5,4,1,0.0,,19.1
190,-4.6000000000000005,0,6,3,1,0.0,,19.1
191,-11.6,0,12,4,0,0.0,,19.3
192,-2.7,0,7,4,1,0.0,,19.4
193,-2.6,0,6,3,1,0.0,,19.4
194,-5.4,0,5,4,1,0.0,,19.5
195,-12.6,0,12,4,0,0.0,,19.7
196,-6.5,0,12,3,1,0.0,,19.7
197,-4.300000000000001,0,4,3,1,0.0,,19.8
198,-9.3,0,11,4,1,0.0,,20.0
199,-2.3000000000000003,0,4,3,1,0.0,,20.0
200,-8.6,0,12,4,0,0.0,,20.2
201,-5.0,0,9,4,1,0.0,,20.3
202,-6.700000000000001,0,7,4,1,0.0,,20.4
203,-8.200000000000001,0,10,3,1,0.0,,20.5
204,-7.0,0,9,4,1,0.0,,20.6
205,-3.4000000000000004,0,5,4,1,0.0,,20.7
206,-5.4,0,5,4,1,0.0,,20.8
207,-7.200000000000001,0,10,3,1,0.0,,20.8
208,-8.500000000000002,0,12,3,1,0.0,,21.0
209,-11.600000000000001,0,12,4,0,0.0,,21.1
210,-5.4,0,5,4,1,0.0,,21.2
211,-5.4,0,5,4,1,0.0,,21.3
212,-5.4,0,5,4,1,0.0,,21.4
213,-10.600000000000001,0,12,4,0,0.0,,21.6
214,-10.6,0,12,4,0,0.0,,21.7
215,-5.6000000000000005,0,6,3,1,0.0,,21.8
216,-5.4,0,5,4,1,0.0,,21.9
217,-1.4000000000000001,0,5,4,1,0.0,,22.0
218,-4.300000000000001,0,11,4,1,0.0,,22.1
219,-3.6000000000000005,0,6,3,1,0.0,,22.2
220,-6.9,0,8,3,1,0.0,,22.3
221,-5.0,0,9,4,1,0.0,,22.4
222,-5.6000000000000005,0,6,3,1,0.0,,22.5
223,-4.300000000000001,0,4,3,1,0.0,,22.5
224,-7.300000000000001,0,11,4,1,0.0,,22.7
225,-3.4000000000000004,0,5,4,1,0.0,,22.7
226,-5.4,0,5,4,1,0.0,,22.9
227,-5.7,0,7,4,1,0.0,,22.9
228,-5.699999999999999,0,12,2,0,0.0,,23.0
229,-8.300000000000002,0,11,4,1,0.0,,23.1
230,-8.000000000000002,0,9,4,1,0.0,,23.2
231,-8.600000000000001,0,12,4,0,0.0,,23.3
232,-2.7,0,7,4,1,0.0,,23.4
233,-9.5,0,12,3,1,0.0,,23.5
234,-8.0,0,9,4,1,0.0,,23.6
235,-4.300000000000001,0,4,3,1,0.0,,23.7
236,-5.700000000000001,0,7,4,1,0.0,,23.8
237,-7.300000000000001,0,11,4,1,0.0,,23.9
238,-4.300000000000001,0,4,3,1,0.0,,24.0
239,-5.4,0,5,4,1,0.0,,24.1
240,-6.700000000000001,0,7,4,1,0.0,,24.2
241,-6.700000000000001,0,7,4,1,0.0,,24.3
242,-0.30000000000000004,0,4,3,1,0.0,,24.3
243,-7.000000000000001,0,9,4,1,0.0,,24.4
244,-6.700000000000001,0,7,4,1,0.0,,24.6
245,-6.700000000000001,0,7,4,1,0.0,,24.6
246,-5.4,0,5,4,1,0.0,,24.7
247,-4.700000000000001,0,7,4,1,0.0,,24.9
248,-4.700000000000001,0,7,4,1,0.0,,24.9
249,-8.000000000000002,0,9,4,1,0.0,,25.0
250,-4.300000000000001,0,4,3,1,0.0,,25.1
251,-10.6,0,12,4,0,0.0,,25.3
252,-5.4,0,5,4,1,0.0,,25.4
253,-5.4,0,5,4,1,0.0,,25.5
254,-5.4,0,5,4,1,0.0,,25.5
255,-9.700000000000003,0,12,2,0,0.0,,25.6
256,-6.700000000000001,0,7,4,1,0.0,,25.7
257,-10.8,0,12,0,0,0.0,,25.8
258,-11.600000000000001,0,12,4,0,0.0,,26.0
259,-6.700000000000001,0,7,4,1,0.0,,26.1
260,-3.6000000000000005,0,6,3,1,0.0,,26.2
261,-6.000000000000001,0,9,4,1,0.0,,26.3
262,-7.0,0,9,4,1,0.0,,26.4
263,-9.600000000000001,0,12,4,0,0.0,,26.5
264,-4.000000000000001,0,9,4,1,0.0,,26.6
265,-6.700000000000001,0,7,4,1,0.0,,26.7
266,-7.500000000000001,0,12,3,1,0.0,,26.8
267,-1.0000000000000002,0,9,4,1,0.0,,26.9
268,-5.6000000000000005,0,6,3,1,0.0,,27.1
269,-6.300000000000001,0,11,4,1,0.0,,27.2
270,-6.700000000000001,0,7,4,1,0.0,,27.3
271,-5.6000000000000005,0,6,3,1,0.0,,27.3
272,-4.0,0,9,4,1,0.0,,27.4
273,-11.700000000000001,0,12,2,0,0.0,,27.5
274,-6.300000000000001,0,11,4,1,0.0,,27.6
275,-4.700000000000001,0,7,4,1,0.0,,27.7
276,-6.700000000000001,0,7,4,1,0.0,,27.9
277,-8.3,0,11,4,1,1.4391834493726492,0.881539816269651,28.8
278,-4.300000000000001,0,4,3,1,1.4391834493726492,,28.9
279,4.4,1,6,3,1,1.4391834493726492,,29.0
280,-7.000000000000001,0,9,4,1,1.4391834493726492,,29.1
281,-3.7000000000000006,0,7,4,1,1.4391834493726492,,29.2
282,-1.9000000000000001,0,8,3,1,1.4391834493726492,,29.2
283,-5.4,0,5,4,1,1.4391834493726492,,29.4
284,1.2999999999999998,0,7,4,1,1.4391834493726492,,29.5
285,-8.3,0,11,4,1,1.4391834493726492,,29.6
286,-3.4000000000000004,0,5,4,1,1.4391834493726492,,29.7
287,-5.4,0,5,4,1,1.4391834493726492,,29.8
288,-5.4,0,5,4,1,1.4391834493726492,,29.8
289,-10.600000000000001,0,12,4,0,1.4391834493726492,,29.9
290,-5.6000000000000005,0,6,3,1,1.4391834493726492,,30.1
291,-4.300000000000001,0,4,3,1,1.4391834493726492,,30.2
292,-0.30000000000000004,0,4,3,1,1.4391834493726492,,30.2
293,-3.4000000000000004,0,5,4,1,1.4391834493726492,,30.3
294,-6.700000000000001,0,7,4,1,1.4391834493726492,,30.3
295,-5.7,0,7,4,1,1.4391834493726492,,30.4
296,-5.000000000000001,0,9,4,1,1.4391834493726492,,30.5
297,-6.9,0,8,3,1,1.4391834493726492,,30.6
298,-10.700000000000001,0,12,2,0,1.4391834493726492,,30.7
299,-4.700000000000001,0,7,4,1,1.4391834493726492,,30.8
300,-3.4000000000000004,0,5,4,1,1.4391834493726492,,30.9
301,-4.300000000000001,0,4,3,1,1.4391834493726492,,30.9
302,-11.600000000000001,0,12,4,0,1.4391834493726492,,31.0
303,0.6000000000000001,0,5,4,1,1.4391834493726492,,31.1
304,-5.6000000000000005,0,6,3,1,1.4391834493726492,,31.2
305,-4.300000000000001,0,4,3,1,1.4391834493726492,,31.3
306,-7.000000000000001,0,9,4,1,1.4391834493726492,,31.4
307,-7.0,0,9,4,1,1.4391834493726492,,31.5
308,-4.300000000000001,0,4,3,1,1.4391834493726492,,31.6
309,-3.6000000000000005,0,6,3,1,1.4391834493726492,,31.7
310,-0.7000000000000002,0,7,4,1,1.4391834493726492,,31.7
311,-6.0,0,9,4,1,1.4391834493726492,,31.9
312,-7.0,0,9,4,1,1.4391834493726492,,31.9
313,-4.300000000000001,0,4,3,1,1.4391834493726492,,32.0
314,-2.3000000000000003,0,4,3,1,1.4391834493726492,,32.1
315,-5.7,0,7,4,1,1.4391834493726492,,32.2
316,-6.900000000000001,0,8,3,1,1.4391834493726492,,32.3
317,-2.3000000000000003,0,4,3,1,1.4391834493726492,,32.4
318,-7.000000000000002,0,9,4,1,1.4391834493726492,,32.5
319,-6.900000000000001,0,8,3,1,1.4391834493726492,,32.6
320,-1.7000000000000002,0,7,4,1,1.4391834493726492,,32.7
321,-11.6,0,12,4,0,1.4391834493726492,,32.8
322,-7.000000000000001,0,9,4,1,1.4391834493726492,,32.8
323,-5.4,0,5,4,1,1.4391834493726492,,32.9
324,-5.6000000000000005,0,6,3,1,1.4391834493726492,,33.0
325,-6.700000000000001,0,7,4,1,1.4391834493726492,,33.1
326,-4.300000000000001,0,4,3,1,1.4391834493726492,,33.2
327,4.0,1,9,4,1,1.4391834493726492,,33.3
328,-5.4,0,5,4,1,1.4391834493726492,,33.4
329,-2.3000000000000003,0,4,3,1,1.4391834493726492,,33.5
330,-4.7,0,7,4,1,1.4391834493726492,,33.5
331,-2.6,0,6,3,1,1.4391834493726492,,33.6
332,-5.4,0,5,4,1,1.4391834493726492,,33.7
333,-6.9,0,8,3,1,1.4391834493726492,,33.8
334,-5.4,0,5,4,1,1.4391834493726492,,33.9
335,-8.0,0,9,4,1,1.4391834493726492,,34.0
336,-5.4,0,5,4,1,1.4391834493726492,,34.1
337,-4.300000000000001,0,4,3,1,1.4391834493726492,,34.2
338,-5.4,0,5,4,1,1.4391834493726492,,34.3
339,-5.700000000000001,0,7,4,1,1.4391834493726492,,34.3
340,-9.8,0,12,0,0,1.4391834493726492,,34.4
341,-4.300000000000001,0,4,3,1,1.4391834493726492,,34.5
342,-5.4,0,5,4,1,1.4391834493726492,,34.6
343,-6.700000000000001,0,7,4,1,1.4391834493726492,,34.7
344,-6.700000000000001,0,7,4,1,1.4391834493726492,,34.8
345,-5.4,0,5,4,1,1.4391834493726492,,34.9
346,-6.700000000000001,0,7,4,1,1.4391834493726492,,35.0
347,6.6,1,5,4,1,1.4391834493726492,,35.1
348,-11.600000000000001,0,12,4,0,1.4391834493726492,,35.2
349,-1.9,0,8,3,1,1.4391834493726492,,35.3
350,-4.0,0,9,4,1,1.4391834493726492,,35.4
351,-4.300000000000001,0,4,3,1,1.4391834493726492,,35.5
352,-4.6000000000000005,0,6,3,1,1.4391834493726492,,35.5
353,-12.6,0,12,4,0,1.4391834493726492,,35.6
354,-2.3000000000000003,0,4,3,1,1.4391834493726492,,35.7
355,-5.4,0,5,4,1,1.4391834493726492,,35.8
356,-2.3000000000000003,0,4,3,1,1.4391834493726492,,35.9
357,-4.700000000000001,0,7,4,1,1.4391834493726492,,36.0
358,-3.7,0,7,4,1,1.4391834493726492,,36.1
359,-4.300000000000001,0,4,3,1,1.4391834493726492,,36.2
360,-4.300000000000001,0,4,3,1,1.4391834493726492,,36.3
361,-3.4000000000000004,0,5,4,1,1.4391834493726492,,36.4
362,-9.300000000000002,0,11,4,1,1.4391834493726492,,36.5
363,0.6000000000000001,0,5,4,1,1.4391834493726492,,36.6
364,-5.4,0,5,4,1,1.4391834493726492,,36.6
365,-5.700000000000001,0,7,4,1,1.4391834493726492,,36.7
366,-6.900000000000001,0,8,3,1,1.4391834493726492,,36.9
367,-4.300000000000001,0,4,3,1,1.4391834493726492,,36.9
368,-5.4,0,5,4,1,1.4391834493726492,,37.0
369,-8.7,0,12,2,0,1.4391834493726492,,37.1
370,-5.6000000000000005,0,6,3,1,1.4391834493726492,,37.2
371,-6.700000000000001,0,7,4,1,1.4391834493726492,,37.3
372,-4.700000000000001,0,7,4,1,1.4391834493726492,,37.4
373,-5.6000000000000005,0,6,3,1,1.4391834493726492,,37.5
374,-6.700000000000001,0,7,4,1,1.4391834493726492,,37.6
375,-4.700000000000001,0,7,4,1,1.4391834493726492,,37.7
376,-5.4,0,5,4,1,1.4391834493726492,,37.8
377,-8.0,0,9,4,1,1.4391834493726492,,37.9
378,-8.0,0,9,4,1,1.4391834493726492,,38.0
379,-5.4,0,5,4,1,1.4391834493726492,,38.1
380,-3.4000000000000004,0,5,4,1,1.4391834493726492,,38.2
381,-5.7,0,7,4,1,1.4391834493726492,,38.3
382,-5.6000000000000005,0,6,3,1,1.4391834493726492,,38.4
383,-3.4000000000000004,0,5,4,1,1.4391834493726492,,38.5
384,-5.4,0,5,4,1,1.4391834493726492,,38.5
385,-5.6000000000000005,0,6,3,1,1.4391834493726492,,38.6
386,-6.700000000000001,0,7,4,1,1.4391834493726492,,38.7
387,-5.4,0,5,4,1,1.4391834493726492,,38.8
388,-5.4,0,5,4,1,1.4391834493726492,,38.9
389,-6.0,0,9,4,1,1.4391834493726492,,39.0
390,-7.0,0,9,4,1,1.4391834493726492,,39.1
391,-6.200000000000001,0,10,3,1,1.4391834493726492,,39.2
392,-5.4,0,5,4,1,1.4391834493726492,,39.3
393,-3.4000000000000004,0,5,4,1,1.4391834493726492,,39.3
394,-6.700000000000001,0,7,4,1,1.4391834493726492,,39.5
395,-5.6000000000000005,0,6,3,1,1.4391834493726492,,39.6
396,-6.700000000000001,0,7,4,1,1.4391834493726492,,39.7
397,-5.4,0,5,4,1,1.4391834493726492,,39.8
398,-7.2,0,10,3,1,1.4391834493726492,,39.9
399,-5.6000000000000005,0,6,3,1,1.4391834493726492,,39.9
400,-5.4,0,5,4,1,1.4391834493726492,,40.0
401,-4.300000000000001,0,4,3,1,1.4391834493726492,,40.1
402,-5.4,0,5,4,1,1.4391834493726492,,40.2
403,-5.4,0,5,4,1,1.4391834493726492,,40.3
404,-5.700000000000001,0,7,4,1,1.4391834493726492,,40.4
405,-4.300000000000001,0,4,3,1,1.4391834493726492,,40.4
406,-8.500000000000002,0,12,3,1,1.4391834493726492,,40.5
407,-6.9,0,8,3,1,1.4391834493726492,,40.6
408,-6.700000000000001,0,7,4,1,1.4391834493726492,,40.7
409,-5.4,0,5,4,1,1.4391834493726492,,40.8
410,-11.600000000000001,0,12,4,0,1.4391834493726492,,40.9
411,-11.600000000000001,0,12,4,0,1.4391834493726492,,41.0
412,-10.600000000000001,0,12,4,0,1.4391834493726492,,41.2
413,-5.6000000000000005,0,6,3,1,1.4391834493726492,,41.3
414,-8.0,0,9,4,1,1.4391834493726492,,41.4
415,-5.4,0,5,4,1,1.4391834493726492,,41.5
416,-8.000000000000002,0,9,4,1,1.4391834493726492,,41.6
417,-6.700000000000001,0,7,4,1,1.4391834493726492,,41.7
418,-3.6000000000000005,0,6,3,1,1.4391834493726492,,41.8
419,-6.700000000000001,0,7,4,1,1.4391834493726492,,41.9
420,-2.3000000000000003,0,4,3,1,1.4391834493726492,,42.0
421,-4.5,0,12,3,1,1.4391834493726492,,42.1
422,-4.300000000000001,0,4,3,1,1.4391834493726492,,42.2
423,-5.4,0,5,4,1,1.4391834493726492,,42.3
424,-6.9,0,8,3,1,1.4391834493726492,,42.4
425,-10.600000000000001,0,12,4,0,1.4391834493726492,,42.5
426,-4.300000000000001,0,4,3,1,1.4391834493726492,,42.6
427,-2.3000000000000003,0,4,3,1,1.4391834493726492,,42.7
428,-4.300000000000001,0,4,3,1,1.4391834493726492,,42.8
429,-5.4,0,5,4,1,1.4391834493726492,,42.9
430,-4.300000000000001,0,4,3,1,1.4391834493726492,,43.0
431,-2.3000000000000003,0,4,3,1,1.4391834493726492,,43.1
432,-4.300000000000001,0,4,3,1,1.4391834493726492,,43.2
433,-4.9,0,8,3,1,1.4391834493726492,,43.3
434,-5.6000000000000005,0,6,3,1,1.4391834493726492,,43.4
435,-5.4,0,5,4,1,1.4391834493726492,,43.5
436,-6.300000000000001,0,11,4,1,1.4391834493726492,,43.6
437,-5.4,0,5,4,1,1.4391834493726492,,43.7
438,-7.0,0,9,4,1,1.4391834493726492,,43.8
439,-3.4000000000000004,0,5,4,1,1.4391834493726492,,43.9
440,-4.300000000000001,0,4,3,1,1.4391834493726492,,43.9
441,-5.4,0,5,4,1,1.4391834493726492,,44.0
442,-5.6000000000000005,0,6,3,1,1.4391834493726492,,44.1
443,-3.6000000000000005,0,6,3,1,1.4391834493726492,,44.2
444,-4.300000000000001,0,4,3,1,1.4391834493726492,,44.2
445,-6.9,0,8,3,1,1.4391834493726492,,44.4
446,-4.9,0,8,3,1,1.4391834493726492,,44.4
447,-5.4,0,5,4,1,1.4391834493726492,,44.5
448,-8.200000000000001,0,10,3,1,1.4391834493726492,,44.6
449,-5.7,0,7,4,1,1.4391834493726492,,44.7
450,-6.0,0,9,4,1,1.4391834493726492,,44.8
451,0.2999999999999998,0,7,4,1,1.4391834493726492,,44.9
452,-5.7,0,7,4,1,1.4391834493726492,,45.0
453,-4.6000000000000005,0,6,3,1,1.4391834493726492,,45.1
454,-5.4,0,5,4,1,1.4391834493726492,,45.2
455,-5.6000000000000005,0,6,3,1,1.4391834493726492,,45.3
456,-5.4,0,5,4,1,1.4391834493726492,,45.4
457,-5.4,0,5,4,1,1.4391834493726492,,45.4
458,-4.300000000000001,0,4,3,1,1.4391834493726492,,45.5
459,-5.4,0,5,4,1,1.4391834493726492,,45.6
460,-4.300000000000001,0,4,3,1,1.4391834493726492,,45.7
461,-5.4,0,5,4,1,1.4391834493726492,,45.8
462,-4.300000000000001,0,4,3,1,1.4391834493726492,,45.9
463,-6.6,0,12,4,0,1.4391834493726492,,46.0
464,-4.700000000000001,0,7,4,1,1.4391834493726492,,46.1
465,-4.700000000000001,0,7,4,1,1.4391834493726492,,46.2
466,-6.900000000000001,0,8,3,1,1.4391834493726492,,46.2
467,-2.7,0,7,4,1,1.4391834493726492,,46.3
468,-7.0,0,9,4,1,1.4391834493726492,,46.4
469,-6.700000000000001,0,7,4,1,1.4391834493726492,,46.5
470,-5.0,0,9,4,1,1.4391834493726492,,46.6
471,-5.6000000000000005,0,6,3,1,1.4391834493726492,,46.7
472,-5.7,0,7,4,1,1.4391834493726492,,46.8
473,-0.30000000000000004,0,4,3,1,1.4391834493726492,,46.9
474,-2.3000000000000003,0,4,3,1,1.4391834493726492,,46.9
475,-2.9000000000000004,0,8,3,1,1.4391834493726492,,47.1
476,-5.4,0,5,4,1,1.4391834493726492,,47.1
477,-6.700000000000001,0,7,4,1,1.4391834493726492,,47.2
478,-4.300000000000001,0,4,3,1,1.4391834493726492,,47.3
479,-4.300000000000001,0,4,3,1,1.4391834493726492,,47.4
480,-6.700000000000001,0,7,4,1,1.4391834493726492,,47.5
481,-10.600000000000001,0,12,4,0,1.4391834493726492,,47.6
482,-0.7000000000000002,0,7,4,1,1.4391834493726492,,47.7
483,-4.300000000000001,0,4,3,1,1.4391834493726492,,47.8
484,-2.3000000000000003,0,4,3,1,1.4391834493726492,,47.9
485,-11.6,0,12,4,0,1.4391834493726492,,48.0
486,-6.900000000000001,0,8,3,1,1.4391834493726492,,48.1
487,-5.4,0,5,4,1,1.4391834493726492,,48.2
488,-4.0,0,9,4,1,1.4391834493726492,,48.3
489,-3.6000000000000005,0,6,3,1,1.4391834493726492,,48.4
490,-3.4000000000000004,0,5,4,1,1.4391834493726492,,48.4
491,-5.6000000000000005,0,6,3,1,1.4391834493726492,,48.5
492,-6.700000000000001,0,7,4,1,1.4391834493726492,,48.7
493,-7.200000000000001,0,10,3,1,1.4391834493726492,,48.8
494,-7.0,0,9,4,1,1.4391834493726492,,48.9
495,-6.0,0,9,4,1,1.4391834493726492,,49.0
496,-9.7,0,12,2,0,1.4391834493726492,,49.2
497,-5.700000000000001,0,7,4,1,1.4391834493726492,,49.2
498,-5.0,0,9,4,1,1.4391834493726492,,49.4
499,-4.7,0,7,4,1,1.4391834493726492,,49.4
500,-5.4,0,5,4,1,1.4391834493726492,,49.5
501,-10.600000000000001,0,12,4,0,1.4391834493726492,,57.9
502,-2.3000000000000003,0,4,3,1,1.4391834493726492,,58.0
503,-5.7,0,7,4,1,1.4391834493726492,,58.1
504,-6.700000000000001,0,7,4,1,1.4391834493726492,,58.2
505,-5.4,0,5,4,1,1.4391834493726492,,58.3
506,-5.3,0,11,4,1,1.4391834493726492,,58.4
507,-5.4,0,5,4,1,1.4391834493726492,,58.5
508,-4.300000000000001,0,4,3,1,1.4391834493726492,,58.6
509,-5.6000000000000005,0,6,3,1,1.4391834493726492,,58.7
510,-6.900000000000001,0,8,3,1,1.4391834493726492,,58.8
511,-6.700000000000001,0,7,4,1,1.4391834493726492,,58.9
512,-6.700000000000001,0,7,4,1,1.4391834493726492,,59.0
513,-4.300000000000001,0,4,3,1,1.4391834493726492,,59.1
514,-5.6000000000000005,0,6,3,1,1.4391834493726492,,59.2
515,-8.600000000000001,0,12,4,0,1.4391834493726492,,59.2
516,-8.000000000000002,0,9,4,1,1.4391834493726492,,59.4
517,-3.4000000000000004,0,5,4,1,1.4391834493726492,,59.4
518,-5.6000000000000005,0,6,3,1,1.4391834493726492,,59.5
519,-5.4,0,5,4,1,1.4391834493726492,,59.6
520,-6.000000000000001,0,9,4,1,1.4391834493726492,,59.7
521,-5.4,0,5,4,1,1.4391834493726492,,59.8
522,-5.6000000000000005,0,6,3,1,1.4391834493726492,,59.8
523,-2.9000000000000004,0,8,3,1,1.4391834493726492,,59.9
524,-4.300000000000001,0,4,3,1,1.4391834493726492,,60.0
525,-5.6000000000000005,0,6,3,1,1.4391834493726492,,60.1
526,-5.000000000000001,0,9,4,1,1.4391834493726492,,60.2
527,-5.4,0,5,4,1,1.4391834493726492,,60.3
528,-6.900000000000001,0,8,3,1,1.4391834493726492,,60.4
529,-6.0,0,9,4,1,1.4391834493726492,,60.5
530,-5.900000000000001,0,8,3,1,1.4391834493726492,,60.6
531,-4.300000000000001,0,4,3,1,1.4391834493726492,,60.7
532,-6.700000000000001,0,7,4,1,1.4391834493726492,,60.8
533,-4.300000000000001,0,4,3,1,1.4391834493726492,,60.9
534,-2.3000000000000003,0,4,3,1,1.4391834493726492,,61.0
535,-6.0,0,9,4,1,1.4391834493726492,,61.1
536,-5.4,0,5,4,1,1.4391834493726492,,61.1
537,-2.7,0,7,4,1,1.4391834493726492,,61.2
538,-2.7,0,7,4,1,1.4391834493726492,,61.3
539,-5.4,0,5,4,1,1.4391834493726492,,61.4
540,-5.4,0,5,4,1,1.4391834493726492,,61.5
541,-4.300000000000001,0,4,3,1,1.4391834493726492,,61.6
542,-5.4,0,5,4,1,1.4391834493726492,,61.7
543,-4.0,0,9,4,1,1.4391834493726492,,61.8
544,-5.7,0,7,4,1,1.4391834493726492,,61.9
545,-5.6000000000000005,0,6,3,1,1.4391834493726492,,61.9
546,-5.000000000000001,0,9,4,1,1.4391834493726492,,62.0
547,-4.300000000000001,0,4,3,1,1.4391834493726492,,62.1
548,-3.9000000000000004,0,8,3,1,1.4391834493726492,,62.2
549,-6.0,0,9,4,1,1.4391834493726492,,62.3
550,-5.4,0,5,4,1,1.4391834493726492,,62.4
551,-5.4,0,5,4,1,1.4391834493726492,,62.5
552,-5.6000000000000005,0,6,3,1,1.4391834493726492,,62.5
553,-6.700000000000001,0,7,4,1,1.4391834493726492,,62.6
554,-3.3000000000000003,0,11,4,1,1.4391834493726492,,62.7
555,-5.4,0,5,4,1,1.4391834493726492,,62.8
556,-5.4,0,5,4,1,1.4391834493726492,,62.8
557,-10.600000000000001,0,12,4,0,1.4391834493726492,,62.9
558,-4.300000000000001,0,4,3,1,1.4391834493726492,,62.9
559,-5.6000000000000005,0,6,3,1,1.4391834493726492,,63.0
560,-3.7,0,7,4,1,1.4391834493726492,,63.1
561,-3.4000000000000004,0,5,4,1,1.4391834493726492,,63.2
562,-5.4,0,5,4,1,1.4391834493726492,,63.3
563,-7.0,0,9,4,1,1.4391834493726492,,63.4
564,-6.000000000000001,0,9,4,1,1.4391834493726492,,63.5
565,-0.30000000000000004,0,4,3,1,1.4391834493726492,,63.6
566,-7.7,0,12,2,0,1.4391834493726492,,63.7
567,-5.6000000000000005,0,6,3,1,1.4391834493726492,,63.7
568,-2.6,0,6,3,1,1.4391834493726492,,63.8
569,-1.4000000000000001,0,5,4,1,1.4391834493726492,,63.9
570,-5.4,0,5,4,1,1.4391834493726492,,64.0
571,-4.300000000000001,0,4,3,1,1.4391834493726492,,64.1
572,-3.0,0,9,4,1,1.4391834493726492,,64.1
573,-3.7,0,7,4,1,1.4391834493726492,,64.2
574,-8.000000000000002,0,9,4,1,1.4391834493726492,,64.4
575,-6.700000000000001,0,7,4,1,1.4391834493726492,,64.5
576,-7.0,0,9,4,1,1.4391834493726492,,64.6
577,-5.4,0,5,4,1,1.4391834493726492,,64.7
578,-1.6,0,6,3,1,1.4391834493726492,,64.7
579,-0.7000000000000002,0,7,4,1,1.4391834493726492,,64.8
580,-6.0,0,9,4,1,1.4391834493726492,,64.9
581,-4.700000000000001,0,7,4,1,1.4391834493726492,,65.1
582,-5.4,0,5,4,1,1.402184173464775,0.7737783087650314,65.8
583,-2.3000000000000003,0,4,3,1,1.402184173464775,,65.8
584,-5.4,0,5,4,1,1.402184173464775,,65.9
585,-4.300000000000001,0,4,3,1,1.402184173464775,,66.0
586,-5.900000000000001,0,8,3,1,1.402184173464775,,66.1
587,-6.700000000000001,0,7,4,1,1.402184173464775,,66.2
588,-4.300000000000001,0,4,3,1,1.402184173464775,,66.2
589,-5.4,0,5,4,1,1.402184173464775,,66.3
590,-6.700000000000001,0,7,4,1,1.402184173464775,,66.4
591,-3.6000000000000005,0,6,3,1,1.402184173464775,,66.5
592,-5.4,0,5,4,1,1.402184173464775,,66.5
593,-3.4000000000000004,0,5,4,1,1.402184173464775,,66.6
594,-8.0,0,9,4,1,1.402184173464775,,66.7
595,-6.700000000000001,0,7,4,1,1.402184173464775,,66.8
596,-1.4000000000000001,0,5,4,1,1.402184173464775,,66.9
597,-5.4,0,5,4,1,1.402184173464775,,67.0
598,-4.300000000000001,0,4,3,1,1.402184173464775,,67.1
599,-5.4,0,5,4,1,1.402184173464775,,67.2
600,-5.4,0,5,4,1,1.402184173464775,,67.2
601,-5.4,0,5,4,1,1.402184173464775,,67.3
602,-2.3000000000000003,0,4,3,1,1.402184173464775,,67.4
603,-2.3000000000000003,0,4,3,1,1.402184173464775,,67.4
604,-6.000000000000001,0,9,4,1,1.402184173464775,,67.6
605,-6.700000000000001,0,7,4,1,1.402184173464775,,67.6
606,-2.3000000000000003,0,4,3,1,1.402184173464775,,67.7
607,-7.300000000000001,0,11,4,1,1.402184173464775,,67.8
608,-4.300000000000001,0,4,3,1,1.402184173464775,,67.9
609,-5.7,0,7,4,1,1.402184173464775,,67.9
610,-6.700000000000001,0,7,4,1,1.402184173464775,,68.0
611,-5.4,0,5,4,1,1.402184173464775,,68.1
612,-4.300000000000001,0,4,3,1,1.402184173464775,,68.1
613,-6.700000000000001,0,7,4,1,1.402184173464775,,68.3
614,-5.4,0,5,4,1,1.402184173464775,,68.4
615,-5.6000000000000005,0,6,3,1,1.402184173464775,,68.5
616,-4.300000000000001,0,4,3,1,1.402184173464775,,68.6
617,-5.4,0,5,4,1,1.402184173464775,,68.7
618,-5.9,0,8,3,1,1.402184173464775,,68.8
619,-4.300000000000001,0,4,3,1,1.402184173464775,,68.9
620,-5.4,0,5,4,1,1.402184173464775,,68.9
621,-4.300000000000001,0,4,3,1,1.402184173464775,,69.0
622,-6.000000000000001,0,9,4,1,1.402184173464775,,69.1
623,-7.2,0,10,3,1,1.402184173464775,,69.2
624,-2.3000000000000003,0,4,3,1,1.402184173464775,,69.3
625,-5.4,0,5,4,1,1.402184173464775,,69.4
626,-5.7,0,7,4,1,1.402184173464775,,69.5
627,-6.9,0,8,3,1,1.402184173464775,,69.6
628,-5.6000000000000005,0,6,3,1,1.402184173464775,,69.7
629,-5.4,0,5,4,1,1.402184173464775,,69.7
630,-4.300000000000001,0,4,3,1,1.402184173464775,,69.8
631,-5.4,0,5,4,1,1.402184173464775,,69.9
632,-4.300000000000001,0,4,3,1,1.402184173464775,,70.0
633,-4.700000000000001,0,7,4,1,1.402184173464775,,70.1
634,-5.700000000000001,0,7,4,1,1.402184173464775,,70.2
635,-5.4,0,5,4,1,1.402184173464775,,70.2
636,-5.4,0,5,4,1,1.402184173464775,,70.3
637,-4.300000000000001,0,4,3,1,1.402184173464775,,70.4
638,-5.4,0,5,4,1,1.402184173464775,,70.5
639,-8.000000000000002,0,9,4,1,1.402184173464775,,70.6
640,-5.4,0,5,4,1,1.402184173464775,,70.7
641,-5.4,0,5,4,1,1.402184173464775,,70.7
642,-5.4,0,5,4,1,1.402184173464775,,70.9
643,-6.000000000000001,0,9,4,1,1.402184173464775,,71.0
644,-4.300000000000001,0,4,3,1,1.402184173464775,,71.0
645,-4.300000000000001,0,4,3,1,1.402184173464775,,71.1
646,-5.4,0,5,4,1,1.402184173464775,,71.2
647,-3.4000000000000004,0,5,4,1,1.402184173464775,,71.3
648,-0.30000000000000004,0,4,3,1,1.402184173464775,,71.4
649,5.300000000000001,1,7,4,1,1.402184173464775,,71.5
650,-4.300000000000001,0,4,3,1,1.402184173464775,,71.6
651,-5.6000000000000005,0,6,3,1,1.402184173464775,,71.7
652,-3.4000000000000004,0,5,4,1,1.402184173464775,,71.8
653,-5.4,0,5,4,1,1.402184173464775,,71.8
654,-4.300000000000001,0,4,3,1,1.402184173464775,,71.9
655,-5.4,0,5,4,1,1.402184173464775,,72.0
656,-4.300000000000001,0,4,3,1,1.402184173464775,,72.1
657,-6.700000000000001,0,7,4,1,1.402184173464775,,72.2
658,-7.300000000000001,0,11,4,1,1.402184173464775,,72.3
659,-5.6000000000000005,0,6,3,1,1.402184173464775,,72.4
660,-7.2,0,10,3,1,1.402184173464775,,72.5
661,-5.200000000000001,0,10,3,1,1.402184173464775,,72.6
662,-5.4,0,5,4,1,1.402184173464775,,72.7
663,-5.4,0,5,4,1,1.402184173464775,,72.7
664,-4.700000000000001,0,7,4,1,1.402184173464775,,72.8
665,-4.700000000000001,0,7,4,1,1.402184173464775,,72.9
666,-1.2000000000000002,0,10,3,1,1.402184173464775,,73.0
667,-6.700000000000001,0,7,4,1,1.402184173464775,,73.2
668,-6.700000000000001,0,7,4,1,1.402184173464775,,73.3
669,-5.500000000000001,0,12,3,1,1.402184173464775,,73.4
670,-5.4,0,5,4,1,1.402184173464775,,73.5
671,-7.000000000000001,0,9,4,1,1.402184173464775,,73.6
672,-5.6000000000000005,0,6,3,1,1.402184173464775,,73.6
673,0.6000000000000001,0,5,4,1,1.402184173464775,,73.7
674,-5.6000000000000005,0,6,3,1,1.402184173464775,,73.8
675,-4.700000000000001,0,7,4,1,1.402184173464775,,73.9
676,-5.4,0,5,4,1,1.402184173464775,,74.0
677,-5.700000000000001,0,7,4,1,1.402184173464775,,74.1
678,-5.4,0,5,4,1,1.402184173464775,,74.2
679,-3.4000000000000004,0,5,4,1,1.402184173464775,,74.3
680,-5.000000000000001,0,9,4,1,1.402184173464775,,74.4
681,-5.700000000000001,0,7,4,1,1.402184173464775,,74.5
682,-4.0,0,9,4,1,1.402184173464775,,74.6
683,-4.6000000000000005,0,6,3,1,1.402184173464775,,74.7
684,-5.4,0,5,4,1,1.402184173464775,,74.7
685,-9.700000000000001,0,12,2,0,1.402184173464775,,74.8
686,-4.300000000000001,0,4,3,1,1.402184173464775,,74.9
687,-4.300000000000001,0,4,3,1,1.402184173464775,,74.9
688,-10.700000000000003,0,12,2,0,1.402184173464775,,75.0
689,-2.3000000000000003,0,4,3,1,1.402184173464775,,75.2
690,-5.4,0,5,4,1,1.402184173464775,,75.3
691,-5.4,0,5,4,1,1.402184173464775,,75.3
692,-8.200000000000003,0,10,3,1,1.402184173464775,,75.4
693,-4.7,0,7,4,1,1.402184173464775,,75.5
694,-4.300000000000001,0,4,3,1,1.402184173464775,,75.6
695,-10.6,0,12,4,0,1.402184173464775,,75.8
696,-6.700000000000001,0,7,4,1,1.402184173464775,,75.9
697,-4.300000000000001,0,4,3,1,1.402184173464775,,76.0
698,-5.4,0,5,4,1,1.402184173464775,,76.0
699,-5.6000000000000005,0,6,3,1,1.402184173464775,,76.1
700,-3.6000000000000005,0,6,3,1,1.402184173464775,,76.2
701,-8.3,0,11,4,1,1.402184173464775,,76.3
702,-5.4,0,5,4,1,1.402184173464775,,76.4
703,-4.300000000000001,0,4,3,1,1.402184173464775,,76.4
704,4.0,1,9,4,1,1.402184173464775,,76.6
705,-6.700000000000001,0,7,4,1,1.402184173464775,,76.7
706,-5.4,0,5,4,1,1.402184173464775,,76.8
707,-5.700000000000001,0,7,4,1,1.402184173464775,,76.9
708,-4.300000000000001,0,4,3,1,1.402184173464775,,77.0
709,-4.300000000000001,0,4,3,1,1.402184173464775,,77.0
710,-7.200000000000002,0,10,3,1,1.402184173464775,,77.2
711,-4.9,0,8,3,1,1.402184173464775,,77.3
712,-10.6,0,12,4,0,1.402184173464775,,77.4
713,-4.300000000000001,0,4,3,1,1.402184173464775,,77.5
714,-4.0,0,9,4,1,1.402184173464775,,77.6
715,-3.4000000000000004,0,5,4,1,1.402184173464775,,77.7
716,-3.7000000000000006,0,7,4,1,1.402184173464775,,77.8
717,-3.4000000000000004,0,5,4,1,1.402184173464775,,77.8
718,-5.6000000000000005,0,6,3,1,1.402184173464775,,77.9
719,-6.000000000000001,0,9,4,1,1.402184173464775,,78.0
720,-8.0,0,9,4,1,1.402184173464775,,78.1
721,-2.3000000000000003,0,4,3,1,1.402184173464775,,78.2
722,-5.7,0,7,4,1,1.402184173464775,,78.3
723,-6.200000000000001,0,10,3,1,1.402184173464775,,78.4
724,-2.3000000000000003,0,4,3,1,1.402184173464775,,78.5
725,-5.4,0,5,4,1,1.402184173464775,,78.6
726,-5.4,0,5,4,1,1.402184173464775,,78.7
727,-5.4,0,5,4,1,1.402184173464775,,78.8
728,-1.4000000000000001,0,5,4,1,1.402184173464775,,78.8
729,-5.4,0,5,4,1,1.402184173464775,,79.0
730,-5.4,0,5,4,1,1.402184173464775,,79.1
731,-5.2,0,10,3,1,1.402184173464775,,79.1
732,-5.4,0,5,4,1,1.402184173464775,,79.2
733,-5.4,0,5,4,1,1.402184173464775,,79.4
734,-6.700000000000001,0,7,4,1,1.402184173464775,,79.4
735,-5.4,0,5,4,1,1.402184173464775,,79.5
736,-4.300000000000001,0,4,3,1,1.402184173464775,,79.6
737,-3.4000000000000004,0,5,4,1,1.402184173464775,,79.7
738,-3.4000000000000004,0,5,4,1,1.402184173464775,,79.8
739,-1.4000000000000001,0,5,4,1,1.402184173464775,,79.9
740,-11.600000000000001,0,12,4,0,1.402184173464775,,80.0
741,-4.300000000000001,0,4,3,1,1.402184173464775,,80.1
742,-4.300000000000001,0,4,3,1,1.402184173464775,,80.2
743,-6.700000000000001,0,7,4,1,1.402184173464775,,80.3
744,-4.300000000000001,0,4,3,1,1.402184173464775,,80.4
745,-5.9,0,8,3,1,1.402184173464775,,80.5
746,-10.6,0,12,4,0,1.402184173464775,,80.6
747,-4.300000000000001,0,4,3,1,1.402184173464775,,80.7
748,-5.4,0,5,4,1,1.402184173464775,,80.8
749,-6.0,0,9,4,1,1.402184173464775,,80.9
750,-5.4,0,5,4,1,1.402184173464775,,80.9
751,-4.300000000000001,0,4,3,1,1.402184173464775,,81.0
752,-5.4,0,5,4,1,1.402184173464775,,81.1
753,-3.4000000000000004,0,5,4,1,1.402184173464775,,81.2
754,-6.700000000000001,0,7,4,1,1.402184173464775,,81.3
755,-6.0,0,9,4,1,1.402184173464775,,81.4
756,-2.6,0,6,3,1,1.402184173464775,,81.5
757,-6.700000000000001,0,7,4,1,1.402184173464775,,81.6
758,-5.4,0,5,4,1,1.402184173464775,,81.7
759,-6.0,0,9,4,1,1.402184173464775,,81.7
760,-5.6000000000000005,0,6,3,1,1.402184173464775,,81.8
761,-6.9,0,8,3,1,1.402184173464775,,81.9
762,-3.0,0,9,4,1,1.402184173464775,,82.0
763,-5.4,0,5,4,1,1.402184173464775,,82.1
764,-5.4,0,5,4,1,1.402184173464775,,82.2
765,-4.9,0,8,3,1,1.402184173464775,,82.3
766,-5.4,0,5,4,1,1.402184173464775,,82.4
767,-0.30000000000000004,0,4,3,1,1.402184173464775,,82.5
768,-5.4,0,5,4,1,1.402184173464775,,82.6
769,-1.4000000000000001,0,5,4,1,1.402184173464775,,82.7
770,-6.700000000000001,0,7,4,1,1.402184173464775,,82.8
771,-6.700000000000001,0,7,4,1,1.402184173464775,,82.9
772,-4.300000000000001,0,4,3,1,1.402184173464775,,83.0
773,-3.4000000000000004,0,5,4,1,1.402184173464775,,83.1
774,-5.4,0,5,4,1,1.402184173464775,,83.1
775,-4.6,0,6,3,1,1.402184173464775,,83.2
776,-4.700000000000001,0,7,4,1,1.402184173464775,,83.3
777,-6.0,0,9,4,1,1.402184173464775,,83.4
778,-5.4,0,5,4,1,1.402184173464775,,83.5
779,-5.4,0,5,4,1,1.402184173464775,,83.6
780,-5.6000000000000005,0,6,3,1,1.402184173464775,,83.7
781,-5.000000000000001,0,9,4,1,1.402184173464775,,83.8
782,-4.300000000000001,0,4,3,1,1.402184173464775,,83.8
783,-5.4,0,5,4,1,1.402184173464775,,83.9
784,-6.700000000000001,0,7,4,1,1.402184173464775,,84.0
785,-4.300000000000001,0,4,3,1,1.402184173464775,,84.1
786,-5.4,0,5,4,1,1.402184173464775,,84.2
787,-4.300000000000001,0,4,3,1,1.402184173464775,,84.2
788,-4.300000000000001,0,4,3,1,1.402184173464775,,84.3
789,-4.300000000000001,0,4,3,1,1.402184173464775,,84.4
790,-9.8,0,12,0,0,1.402184173464775,,84.5
791,-5.7,0,7,4,1,1.402184173464775,,84.5
792,-4.300000000000001,0,4,3,1,1.402184173464775,,84.6
793,-4.300000000000001,0,4,3,1,1.402184173464775,,84.7
794,-3.0,0,9,4,1,1.402184173464775,,84.8
795,6.3,1,7,4,1,1.402184173464775,,84.9
796,-5.4,0,5,4,1,1.402184173464775,,85.0
797,-8.200000000000003,0,10,3,1,1.402184173464775,,85.1
798,-4.700000000000001,0,7,4,1,1.402184173464775,,85.2
799,-5.4,0,5,4,1,1.402184173464775,,85.3
800,-6.700000000000001,0,7,4,1,1.402184173464775,,85.4
801,-5.4,0,5,4,1,1.402184173464775,,85.5
802,-6.9,0,8,3,1,1.402184173464775,,85.5
803,-5.4,0,5,4,1,1.402184173464775,,85.6
804,-2.3000000000000003,0,4,3,1,1.402184173464775,,85.7
805,-5.4,0,5,4,1,1.402184173464775,,85.8
806,-5.4,0,5,4,1,1.402184173464775,,85.9
807,-4.300000000000001,0,4,3,1,1.402184173464775,,86.0
808,-6.700000000000001,0,7,4,1,1.402184173464775,,86.1
809,-4.700000000000001,0,7,4,1,1.402184173464775,,86.2
810,-3.6000000000000005,0,6,3,1,1.402184173464775,,86.3
811,-7.300000000000001,0,11,4,1,1.402184173464775,,86.4
812,-3.4000000000000004,0,5,4,1,1.402184173464775,,86.4
813,-3.6000000000000005,0,6,3,1,1.402184173464775,,86.5
814,-5.4,0,5,4,1,1.402184173464775,,86.6
815,-3.4000000000000004,0,5,4,1,1.402184173464775,,86.7
816,-3.4000000000000004,0,5,4,1,1.402184173464775,,86.7
817,-5.4,0,5,4,1,1.402184173464775,,86.8
818,-4.300000000000001,0,4,3,1,1.402184173464775,,86.9
819,-6.700000000000001,0,7,4,1,1.402184173464775,,87.0
820,-3.4000000000000004,0,5,4,1,1.402184173464775,,87.1
821,-5.7,0,7,4,1,1.402184173464775,,87.2
822,-5.6000000000000005,0,6,3,1,1.402184173464775,,87.3
823,-5.6000000000000005,0,6,3,1,1.402184173464775,,87.4
824,-6.300000000000001,0,11,4,1,1.402184173464775,,87.5
825,-5.4,0,5,4,1,1.402184173464775,,87.6
826,-5.4,0,5,4,1,1.402184173464775,,87.6
827,-5.4,0,5,4,1,1.402184173464775,,87.7
828,-7.2,0,10,3,1,1.402184173464775,,87.8
829,-5.4,0,5,4,1,1.402184173464775,,87.9
830,-4.9,0,8,3,1,1.402184173464775,,88.0
831,-6.700000000000001,0,7,4,1,1.402184173464775,,88.1
832,-4.2,0,10,3,1,1.402184173464775,,88.3
833,-2.3000000000000003,0,4,3,1,1.402184173464775,,88.4
834,-5.4,0,5,4,1,1.402184173464775,,88.5
835,-4.6000000000000005,0,6,3,1,1.402184173464775,,88.6
836,-4.6000000000000005,0,6,3,1,1.402184173464775,,88.7
837,-2.3000000000000003,0,4,3,1,1.402184173464775,,88.7
838,-5.4,0,5,4,1,1.402184173464775,,88.8
839,-4.300000000000001,0,4,3,1,1.402184173464775,,88.9
840,-5.9,0,8,3,1,1.402184173464775,,89.0
841,-5.4,0,5,4,1,1.402184173464775,,89.1
842,-3.4000000000000004,0,5,4,1,1.402184173464775,,89.2
843,-2.3000000000000003,0,11,4,1,1.402184173464775,,89.3
844,-4.300000000000001,0,4,3,1,1.402184173464775,,89.4
845,-6.700000000000001,0,7,4,1,1.402184173464775,,89.5
846,-3.4000000000000004,0,5,4,1,1.402184173464775,,89.6
847,-4.700000000000001,0,7,4,1,1.402184173464775,,89.6
848,-3.7,0,7,4,1,1.402184173464775,,89.7
849,-5.4,0,5,4,1,1.402184173464775,,89.8
850,-3.6000000000000005,0,6,3,1,1.402184173464775,,89.9
851,-5.4,0,5,4,1,1.402184173464775,,90.0
852,-5.4,0,5,4,1,1.402184173464775,,90.1
853,-3.4000000000000004,0,5,4,1,1.402184173464775,,90.1
854,-5.4,0,5,4,1,1.402184173464775,,90.3
855,-5.6000000000000005,0,6,3,1,1.402184173464775,,90.4
856,-7.0,0,9,4,1,1.402184173464775,,90.5
857,-5.000000000000001,0,9,4,1,1.402184173464775,,90.6
858,-7.200000000000001,0,10,3,1,1.402184173464775,,90.6
859,-3.4000000000000004,0,5,4,1,1.402184173464775,,90.8
860,-5.6000000000000005,0,6,3,1,1.402184173464775,,90.9
861,-5.0,0,9,4,1,1.402184173464775,,91.0
862,-5.6000000000000005,0,6,3,1,1.402184173464775,,91.0
863,-4.700000000000001,0,7,4,1,1.402184173464775,,91.2
864,-5.4,0,5,4,1,1.402184173464775,,91.2
865,-5.4,0,5,4,1,1.402184173464775,,91.3
866,-3.4000000000000004,0,5,4,1,1.402184173464775,,91.4
867,-5.4,0,5,4,1,1.402184173464775,,91.5
868,-5.4,0,5,4,1,1.402184173464775,,91.6
869,-5.4,0,5,4,1,1.402184173464775,,91.7
870,-5.6000000000000005,0,6,3,1,1.402184173464775,,91.8
871,-5.4,0,5,4,1,1.402184173464775,,91.8
872,-5.4,0,5,4,1,1.402184173464775,,92.0
873,-4.300000000000001,0,4,3,1,1.402184173464775,,92.0
874,-8.000000000000002,0,9,4,1,1.402184173464775,,92.1
875,-5.4,0,5,4,1,1.402184173464775,,92.2
876,-2.3000000000000003,0,4,3,1,1.402184173464775,,92.3
877,-5.4,0,5,4,1,1.402184173464775,,92.4
878,-5.6000000000000005,0,6,3,1,1.402184173464775,,92.4
879,-4.300000000000001,0,4,3,1,1.402184173464775,,92.5
880,-5.6000000000000005,0,6,3,1,1.402184173464775,,92.6
881,-7.0,0,9,4,1,1.402184173464775,,92.7
882,-1.4000000000000001,0,5,4,1,1.402184173464775,,92.8
883,-4.9,0,8,3,1,1.402184173464775,,92.9
884,-2.3000000000000003,0,4,3,1,1.402184173464775,,93.0
885,-4.300000000000001,0,4,3,1,1.402184173464775,,93.0
886,-4.300000000000001,0,4,3,1,1.402184173464775,,93.1
887,-5.4,0,5,4,1,1.402184173464775,,93.2
888,-5.4,0,5,4,1,1.402184173464775,,93.3
889,-3.4000000000000004,0,5,4,1,1.402184173464775,,93.4
890,-8.3,0,11,4,1,1.402184173464775,,93.5
891,-3.4000000000000004,0,5,4,1,1.402184173464775,,93.6
892,-5.4,0,5,4,1,1.402184173464775,,93.7
893,-4.300000000000001,0,4,3,1,1.402184173464775,,93.8
894,-2.3000000000000003,0,4,3,1,1.402184173464775,,93.9
895,-4.300000000000001,0,4,3,1,1.402184173464775,,93.9
896,-7.000000000000001,0,9,4,1,1.402184173464775,,94.0
897,-7.300000000000001,0,11,4,1,1.402184173464775,,94.1
898,-4.7,0,7,4,1,1.402184173464775,,94.2
899,-6.700000000000001,0,7,4,1,1.402184173464775,,94.3
900,-8.3,0,11,4,1,1.402184173464775,,94.4
901,-6.700000000000001,0,7,4,1,1.402184173464775,,94.5
902,-6.700000000000001,0,7,4,1,1.402184173464775,,94.6
903,-8.700000000000001,0,12,2,0,1.402184173464775,,94.6
904,-5.4,0,5,4,1,1.402184173464775,,94.7
905,-4.300000000000001,0,4,3,1,1.402184173464775,,94.7
906,-4.300000000000001,0,4,3,1,1.402184173464775,,94.8
907,-4.300000000000001,0,4,3,1,1.402184173464775,,94.9
908,-6.700000000000001,0,7,4,1,1.402184173464775,,95.0
909,-4.300000000000001,0,4,3,1,1.402184173464775,,95.1
910,-1.4000000000000001,0,5,4,1,1.402184173464775,,95.2
911,-5.4,0,5,4,1,1.402184173464775,,95.3
912,-5.4,0,5,4,1,1.402184173464775,,95.3
913,-6.700000000000001,0,7,4,1,1.402184173464775,,95.4
914,-1.9000000000000001,0,8,3,1,1.402184173464775,,95.6
915,-5.4,0,5,4,1,1.402184173464775,,95.6
916,-0.6000000000000001,0,6,3,1,1.3350474424660206,0.6075741151580587,96.2
917,-7.2,0,10,3,1,1.3350474424660206,,96.4
918,-5.6000000000000005,0,6,3,1,1.3350474424660206,,96.5
919,-3.4000000000000004,0,5,4,1,1.3350474424660206,,96.6
920,-4.300000000000001,0,4,3,1,1.3350474424660206,,96.7
921,-5.500000000000001,0,12,3,1,1.3350474424660206,,96.8
922,-4.300000000000001,0,4,3,1,1.3350474424660206,,96.9
923,-2.3000000000000003,0,4,3,1,1.3350474424660206,,97.0
924,-4.300000000000001,0,4,3,1,1.3350474424660206,,97.0
925,-4.6000000000000005,0,6,3,1,1.3350474424660206,,97.2
926,-3.4000000000000004,0,5,4,1,1.3350474424660206,,97.3
927,-4.300000000000001,0,4,3,1,1.3350474424660206,,97.3
928,-2.3000000000000003,0,4,3,1,1.3350474424660206,,97.4
929,-5.4,0,5,4,1,1.3350474424660206,,97.5
930,-6.900000000000001,0,8,3,1,1.3350474424660206,,97.6
931,-5.4,0,5,4,1,1.3350474424660206,,97.7
932,-3.6000000000000005,0,6,3,1,1.3350474424660206,,97.8
933,-4.300000000000001,0,4,3,1,1.3350474424660206,,97.9
934,-4.300000000000001,0,4,3,1,1.3350474424660206,,98.0
935,-5.4,0,5,4,1,1.3350474424660206,,98.1
936,-6.700000000000001,0,7,4,1,1.3350474424660206,,98.1
937,-3.4000000000000004,0,5,4,1,1.3350474424660206,,98.2
938,-3.4000000000000004,0,5,4,1,1.3350474424660206,,98.3
939,-6.700000000000001,0,7,4,1,1.3350474424660206,,98.3
940,-5.4,0,5,4,1,1.3350474424660206,,98.4
941,-5.4,0,5,4,1,1.3350474424660206,,98.5
942,-5.4,0,5,4,1,1.3350474424660206,,98.5
943,-4.300000000000001,0,4,3,1,1.3350474424660206,,98.6
944,-4.300000000000001,0,4,3,1,1.3350474424660206,,98.7
945,-3.4000000000000004,0,5,4,1,1.3350474424660206,,98.8
946,-4.300000000000001,0,4,3,1,1.3350474424660206,,98.9
947,-4.300000000000001,0,4,3,1,1.3350474424660206,,99.0
948,-4.300000000000001,0,4,3,1,1.3350474424660206,,99.0
949,-3.4000000000000004,0,5,4,1,1.3350474424660206,,99.1
950,-4.6,0,12,4,0,1.3350474424660206,,99.2
951,-4.300000000000001,0,4,3,1,1.3350474424660206,,99.3
952,-4.300000000000001,0,4,3,1,1.3350474424660206,,99.3
953,-4.300000000000001,0,4,3,1,1.3350474424660206,,99.4
954,-5.4,0,5,4,1,1.3350474424660206,,99.5
955,-5.4,0,5,4,1,1.3350474424660206,,99.6
956,-4.300000000000001,0,4,3,1,1.3350474424660206,,99.7
957,-5.4,0,5,4,1,1.3350474424660206,,99.8
958,-5.6000000000000005,0,6,3,1,1.3350474424660206,,99.9
959,-4.300000000000001,0,4,3,1,1.3350474424660206,,99.9
960,-6.700000000000001,0,7,4,1,1.3350474424660206,,100.0
961,-1.4000000000000001,0,5,4,1,1.3350474424660206,,100.1
962,-5.4,0,5,4,1,1.3350474424660206,,100.2
963,-5.6000000000000005,0,6,3,1,1.3350474424660206,,100.2
964,-4.300000000000001,0,4,3,1,1.3350474424660206,,100.3
965,-5.4,0,5,4,1,1.3350474424660206,,100.4
966,-2.3000000000000003,0,4,3,1,1.3350474424660206,,100.5
967,-0.30000000000000004,0,4,3,1,1.3350474424660206,,100.5
968,-5.4,0,5,4,1,1.3350474424660206,,100.6
969,-5.4,0,5,4,1,1.3350474424660206,,100.7
970,-5.4,0,5,4,1,1.3350474424660206,,100.8
971,-5.6000000000000005,0,6,3,1,1.3350474424660206,,100.9
972,-5.6000000000000005,0,6,3,1,1.3350474424660206,,101.0
973,-4.700000000000001,0,7,4,1,1.3350474424660206,,101.0
974,-3.4000000000000004,0,5,4,1,1.3350474424660206,,101.1
975,-3.4000000000000004,0,5,4,1,1.3350474424660206,,101.2
976,-4.300000000000001,0,4,3,1,1.3350474424660206,,101.3
977,-5.9,0,8,3,1,1.3350474424660206,,101.3
978,-5.4,0,5,4,1,1.3350474424660206,,101.4
979,-5.4,0,5,4,1,1.3350474424660206,,101.5
980,-5.4,0,5,4,1,1.3350474424660206,,101.6
981,-2.3000000000000003,0,4,3,1,1.3350474424660206,,101.7
982,-5.4,0,5,4,1,1.3350474424660206,,101.8
983,-3.4000000000000004,0,5,4,1,1.3350474424660206,,101.8
984,-5.4,0,5,4,1,1.3350474424660206,,101.9
985,-4.700000000000001,0,7,4,1,1.3350474424660206,,102.0
986,-5.4,0,5,4,1,1.3350474424660206,,102.1
987,-5.4,0,5,4,1,1.3350474424660206,,102.2
988,-4.300000000000001,0,4,3,1,1.3350474424660206,,102.2
989,-3.7,0,7,4,1,1.3350474424660206,,102.4
990,-4.300000000000001,0,4,3,1,1.3350474424660206,,102.4
991,-2.3000000000000003,0,4,3,1,1.3350474424660206,,102.5
992,4.4,1,6,3,1,1.3350474424660206,,102.6
993,-4.300000000000001,0,4,3,1,1.3350474424660206,,102.7
994,-4.300000000000001,0,4,3,1,1.3350474424660206,,102.8
995,-4.700000000000001,0,7,4,1,1.3350474424660206,,102.8
996,-5.4,0,5,4,1,1.3350474424660206,,102.9
997,-3.6000000000000005,0,6,3,1,1.3350474424660206,,103.0
998,-5.4,0,5,4,1,1.3350474424660206,,103.1
999,-4.300000000000001,0,4,3,1,1.3350474424660206,,103.2
1000,-5.4,0,5,4,1,1.3350474424660206,,103.3
1001,-0.30000000000000004,0,4,3,1,1.3350474424660206,,109.2
1002,-4.300000000000001,0,4,3,1,1.3350474424660206,,109.3
1003,-1.4000000000000001,0,5,4,1,1.3350474424660206,,109.4
1004,-3.4000000000000004,0,5,4,1,1.3350474424660206,,109.5
1005,-4.300000000000001,0,4,3,1,1.3350474424660206,,109.6
1006,-2.6,0,6,3,1,1.3350474424660206,,109.6
1007,-4.9,0,8,3,1,1.3350474424660206,,109.7
1008,-6.700000000000001,0,7,4,1,1.3350474424660206,,109.8
1009,-2.3000000000000003,0,4,3,1,1.3350474424660206,,109.9
1010,-4.300000000000001,0,4,3,1,1.3350474424660206,,109.9
1011,-4.300000000000001,0,4,3,1,1.3350474424660206,,110.0
1012,-4.300000000000001,0,4,3,1,1.3350474424660206,,110.1
1013,-5.4,0,5,4,1,1.3350474424660206,,110.1
1014,-4.300000000000001,0,4,3,1,1.3350474424660206,,110.2
1015,-4.300000000000001,0,4,3,1,1.3350474424660206,,110.3
1016,-5.4,0,5,4,1,1.3350474424660206,,110.4
1017,-4.300000000000001,0,4,3,1,1.3350474424660206,,110.5
1018,-6.700000000000001,0,7,4,1,1.3350474424660206,,110.6
1019,-5.6000000000000005,0,6,3,1,1.3350474424660206,,110.6
1020,-5.4,0,5,4,1,1.3350474424660206,,110.7
1021,-2.3000000000000003,0,4,3,1,1.3350474424660206,,110.8
1022,-3.4000000000000004,0,5,4,1,1.3350474424660206,,110.9
1023,-7.300000000000001,0,11,4,1,1.3350474424660206,,111.0
1024,-6.700000000000001,0,7,4,1,1.3350474424660206,,111.1
1025,-5.4,0,5,4,1,1.3350474424660206,,111.2
1026,-5.4,0,5,4,1,1.3350474424660206,,111.2
1027,-4.700000000000001,0,7,4,1,1.3350474424660206,,111.4
1028,-6.700000000000001,0,7,4,1,1.3350474424660206,,111.5
1029,-4.300000000000001,0,4,3,1,1.3350474424660206,,111.5
1030,-1.4000000000000001,0,5,4,1,1.3350474424660206,,111.6
1031,-4.300000000000001,0,4,3,1,1.3350474424660206,,111.7
1032,-3.4000000000000004,0,5,4,1,1.3350474424660206,,111.8
1033,-4.300000000000001,0,4,3,1,1.3350474424660206,,111.9
1034,-4.300000000000001,0,4,3,1,1.3350474424660206,,111.9
1035,-5.6000000000000005,0,6,3,1,1.3350474424660206,,112.0
1036,-6.9,0,8,3,1,1.3350474424660206,,112.1
1037,-4.300000000000001,0,4,3,1,1.3350474424660206,,112.2
1038,-8.500000000000002,0,12,3,1,1.3350474424660206,,112.3
1039,-5.4,0,5,4,1,1.3350474424660206,,112.4
1040,-4.300000000000001,0,4,3,1,1.3350474424660206,,112.4
1041,-5.4,0,5,4,1,1.3350474424660206,,112.5
1042,-6.700000000000001,0,7,4,1,1.3350474424660206,,112.6
1043,-5.4,0,5,4,1,1.3350474424660206,,112.7
1044,-5.4,0,5,4,1,1.3350474424660206,,112.8
1045,-4.300000000000001,0,4,3,1,1.3350474424660206,,112.8
1046,-5.4,0,5,4,1,1.3350474424660206,,113.0
1047,-4.300000000000001,0,4,3,1,1.3350474424660206,,113.0
1048,-5.4,0,5,4,1,1.3350474424660206,,113.1
1049,-5.0,0,9,4,1,1.3350474424660206,,113.2
1050,-5.6000000000000005,0,6,3,1,1.3350474424660206,,113.3
1051,-5.4,0,5,4,1,1.3350474424660206,,113.4
1052,-4.300000000000001,0,4,3,1,1.3350474424660206,,113.5
1053,-5.4,0,5,4,1,1.3350474424660206,,113.6
1054,-2.3000000000000003,0,4,3,1,1.3350474424660206,,113.7
1055,-4.300000000000001,0,4,3,1,1.3350474424660206,,113.8
1056,-6.700000000000001,0,7,4,1,1.3350474424660206,,113.9
1057,-5.4,0,5,4,1,1.3350474424660206,,114.0
1058,-6.700000000000001,0,7,4,1,1.3350474424660206,,114.1
1059,-6.700000000000001,0,7,4,1,1.3350474424660206,,114.2
1060,-5.4,0,5,4,1,1.3350474424660206,,114.2
1061,-4.300000000000001,0,4,3,1,1.3350474424660206,,114.3
1062,-6.700000000000001,0,7,4,1,1.3350474424660206,,114.4
1063,-4.300000000000001,0,4,3,1,1.3350474424660206,,114.4
1064,-4.300000000000001,0,4,3,1,1.3350474424660206,,114.5
1065,-2.3000000000000003,0,4,3,1,1.3350474424660206,,114.6
1066,-4.300000000000001,0,4,3,1,1.3350474424660206,,114.7
1067,-5.6000000000000005,0,6,3,1,1.3350474424660206,,114.8
1068,-3.4000000000000004,0,5,4,1,1.3350474424660206,,114.8
1069,-1.4000000000000001,0,5,4,1,1.3350474424660206,,114.9
1070,-5.4,0,5,4,1,1.3350474424660206,,115.0
1071,-5.4,0,5,4,1,1.3350474424660206,,115.1
1072,-6.700000000000001,0,7,4,1,1.3350474424660206,,115.2
1073,-5.4,0,5,4,1,1.3350474424660206,,115.3
1074,-5.4,0,5,4,1,1.3350474424660206,,115.4
1075,-6.6,0,12,4,0,1.3350474424660206,,115.5
1076,-4.300000000000001,0,4,3,1,1.3350474424660206,,115.6
1077,-4.300000000000001,0,4,3,1,1.3350474424660206,,115.6
1078,-4.300000000000001,0,4,3,1,1.3350474424660206,,115.7
1079,-1.6,0,6,3,1,1.3350474424660206,,115.7
1080,-4.300000000000001,0,4,3,1,1.3350474424660206,,115.8
1081,-4.300000000000001,0,4,3,1,1.3350474424660206,,115.9
1082,-2.3000000000000003,0,4,3,1,1.3350474424660206,,116.0
1083,-5.4,0,5,4,1,1.3350474424660206,,116.1
1084,-5.4,0,5,4,1,1.3350474424660206,,116.2
1085,-5.4,0,5,4,1,1.3350474424660206,,116.3
1086,-3.4000000000000004,0,5,4,1,1.3350474424660206,,116.3
1087,-2.3000000000000003,0,4,3,1,1.3350474424660206,,116.4
1088,-3.4000000000000004,0,5,4,1,1.3350474424660206,,116.5
1089,-5.4,0,5,4,1,1.3350474424660206,,116.5
1090,-4.300000000000001,0,4,3,1,1.3350474424660206,,116.6
1091,-0.30000000000000004,0,4,3,1,1.3350474424660206,,116.7
1092,-2.3000000000000003,0,4,3,1,1.3350474424660206,,116.7
1093,-7.0,0,9,4,1,1.3350474424660206,,116.9
1094,-4.300000000000001,0,4,3,1,1.3350474424660206,,116.9
1095,-2.7,0,7,4,1,1.3350474424660206,,117.0
1096,-4.9,0,8,3,1,1.3350474424660206,,117.1
1097,-5.4,0,5,4,1,1.3350474424660206,,117.2
1098,-5.6000000000000005,0,6,3,1,1.3350474424660206,,117.3
1099,-4.300000000000001,0,4,3,1,1.3350474424660206,,117.4
1100,-4.300000000000001,0,4,3,1,1.3350474424660206,,117.5
1101,-1.4000000000000001,0,5,4,1,1.3350474424660206,,117.6
1102,-5.4,0,5,4,1,1.3350474424660206,,117.6
1103,-6.700000000000001,0,7,4,1,1.3350474424660206,,117.7
1104,-3.6000000000000005,0,6,3,1,1.3350474424660206,,117.8
1105,-4.300000000000001,0,4,3,1,1.3350474424660206,,117.9
1106,-4.700000000000001,0,7,4,1,1.3350474424660206,,118.0
1107,-4.300000000000001,0,4,3,1,1.3350474424660206,,118.1
1108,-5.4,0,5,4,1,1.3350474424660206,,118.1
1109,-4.300000000000001,0,4,3,1,1.3350474424660206,,118.2
1110,-5.4,0,5,4,1,1.3350474424660206,,118.4
1111,-5.4,0,5,4,1,1.3350474424660206,,118.5
1112,-1.4000000000000001,0,5,4,1,1.3350474424660206,,118.6
1113,-5.4,0,5,4,1,1.3350474424660206,,118.7
1114,-4.300000000000001,0,4,3,1,1.3350474424660206,,118.7
1115,-5.4,0,5,4,1,1.3350474424660206,,118.8
1116,-4.300000000000001,0,4,3,1,1.3350474424660206,,118.9
1117,-6.200000000000001,0,10,3,1,1.3350474424660206,,119.0
1118,-4.300000000000001,0,4,3,1,1.3350474424660206,,119.1
1119,-7.0,0,9,4,1,1.3350474424660206,,119.2
1120,-6.500000000000001,0,12,3,1,1.3350474424660206,,119.3
1121,-3.4000000000000004,0,5,4,1,1.3350474424660206,,119.4
1122,-5.4,0,5,4,1,1.3350474424660206,,119.5
1123,-3.4000000000000004,0,5,4,1,1.3350474424660206,,119.6
1124,-5.4,0,5,4,1,1.3350474424660206,,119.8
1125,-2.3000000000000003,0,4,3,1,1.3350474424660206,,119.8
1126,0.6000000000000001,0,5,4,1,1.3350474424660206,,119.9
1127,-4.300000000000001,0,4,3,1,1.3350474424660206,,120.0
1128,-4.300000000000001,0,4,3,1,1.3350474424660206,,120.1
1129,-4.300000000000001,0,4,3,1,1.3350474424660206,,120.2
1130,-5.4,0,5,4,1,1.3350474424660206,,120.3
1131,-3.6,0,6,3,1,1.3350474424660206,,120.4
1132,-4.300000000000001,0,4,3,1,1.3350474424660206,,120.4
1133,-0.30000000000000004,0,4,3,1,1.3350474424660206,,120.5
1134,-4.300000000000001,0,4,3,1,1.3350474424660206,,120.6
1135,-1.4000000000000001,0,5,4,1,1.3350474424660206,,120.7
1136,-5.6000000000000005,0,6,3,1,1.3350474424660206,,120.7
1137,-4.300000000000001,0,4,3,1,1.3350474424660206,,120.8
1138,-2.3000000000000003,0,4,3,1,1.3350474424660206,,120.9
1139,-4.300000000000001,0,4,3,1,1.3350474424660206,,121.0
1140,-5.4,0,5,4,1,1.3350474424660206,,121.1
1141,-4.300000000000001,0,4,3,1,1.3350474424660206,,121.2
1142,-5.4,0,5,4,1,1.3350474424660206,,121.3
1143,-6.9,0,8,3,1,1.3350474424660206,,121.4
1144,-3.4000000000000004,0,5,4,1,1.3350474424660206,,121.4
1145,-1.4000000000000001,0,5,4,1,1.3350474424660206,,121.5
1146,-9.600000000000001,0,12,4,0,1.3350474424660206,,121.6
1147,-6.900000000000001,0,8,3,1,1.3350474424660206,,121.7
1148,-5.4,0,5,4,1,1.3350474424660206,,121.8
1149,-4.300000000000001,0,4,3,1,1.3350474424660206,,121.9
1150,-0.30000000000000004,0,4,3,1,1.3350474424660206,,122.0
1151,-5.4,0,5,4,1,1.3350474424660206,,122.1
1152,-3.4000000000000004,0,5,4,1,1.3350474424660206,,122.1
1153,-5.4,0,5,4,1,1.3350474424660206,,122.2
1154,-6.700000000000001,0,7,4,1,1.3350474424660206,,122.3
1155,-4.0,0,9,4,1,1.3350474424660206,,122.5
1156,-3.4000000000000004,0,5,4,1,1.3350474424660206,,122.5
1157,-4.300000000000001,0,4,3,1,1.3350474424660206,,122.6
1158,-5.4,0,5,4,1,1.3350474424660206,,122.7
1159,-8.200000000000001,0,10,3,1,1.3350474424660206,,122.8
1160,-4.300000000000001,0,4,3,1,1.3350474424660206,,122.9
1161,-5.4,0,5,4,1,1.3350474424660206,,123.0
1162,-5.4,0,5,4,1,1.3350474424660206,,123.1
1163,5.7,1,4,3,1,1.3350474424660206,,123.2
1164,-2.3000000000000003,0,4,3,1,1.3350474424660206,,123.3
1165,-3.6000000000000005,0,6,3,1,1.3350474424660206,,123.4
1166,-3.4000000000000004,0,5,4,1,1.3350474424660206,,123.4
1167,-5.7,0,7,4,1,1.3350474424660206,,123.5
1168,-5.6000000000000005,0,6,3,1,1.3350474424660206,,123.6
1169,-3.4000000000000004,0,5,4,1,1.3350474424660206,,123.7
1170,-4.300000000000001,0,4,3,1,1.3350474424660206,,123.8
1171,-4.700000000000001,0,7,4,1,1.3350474424660206,,123.9
1172,-4.300000000000001,0,4,3,1,1.3350474424660206,,123.9
1173,-0.30000000000000004,0,4,3,1,1.3350474424660206,,124.0
1174,-5.4,0,5,4,1,1.3350474424660206,,124.1
1175,-5.4,0,5,4,1,1.3350474424660206,,124.2
1176,-6.0,0,9,4,1,1.3350474424660206,,124.3
1177,-5.4,0,5,4,1,1.3350474424660206,,124.4
1178,-4.300000000000001,0,4,3,1,1.3350474424660206,,124.5
1179,-4.300000000000001,0,4,3,1,1.3350474424660206,,124.6
1180,-5.0,0,9,4,1,1.3350474424660206,,124.7
1181,-4.300000000000001,0,4,3,1,1.3350474424660206,,124.8
1182,-4.300000000000001,0,4,3,1,1.3350474424660206,,124.9
1183,-3.4000000000000004,0,5,4,1,1.3350474424660206,,125.0
1184,-4.300000000000001,0,4,3,1,1.3350474424660206,,125.0
1185,5.7,1,4,3,1,1.3350474424660206,,125.1
1186,-4.300000000000001,0,4,3,1,1.3350474424660206,,125.2
1187,-4.300000000000001,0,4,3,1,1.3350474424660206,,125.3
1188,-5.4,0,5,4,1,1.3350474424660206,,125.4
1189,-4.300000000000001,0,4,3,1,1.3350474424660206,,125.5
1190,-5.700000000000001,0,7,4,1,1.3350474424660206,,125.6
1191,-5.4,0,5,4,1,1.3350474424660206,,125.7
1192,-2.3000000000000003,0,4,3,1,1.3350474424660206,,125.7
1193,-3.4000000000000004,0,5,4,1,1.3350474424660206,,125.9
1194,-11.600000000000001,0,12,4,0,1.3350474424660206,,126.0
1195,-1.4000000000000001,0,5,4,1,1.3350474424660206,,126.1
1196,-2.3000000000000003,0,4,3,1,1.3350474424660206,,126.1
1197,-4.6000000000000005,0,6,3,1,1.3350474424660206,,126.2
1198,-5.700000000000001,0,7,4,1,1.3350474424660206,,126.3
1199,-3.4000000000000004,0,5,4,1,1.3350474424660206,,126.4
1200,-5.4,0,5,4,1,1.3350474424660206,,126.5
1201,-6.9,0,8,3,1,1.3350474424660206,,126.6
1202,-3.4000000000000004,0,5,4,1,1.3350474424660206,,126.7
1203,-4.300000000000001,0,4,3,1,1.3350474424660206,,126.8
1204,-5.4,0,5,4,1,1.3350474424660206,,126.9
1205,-0.30000000000000004,0,4,3,1,1.3350474424660206,,126.9
1206,-3.6,0,6,3,1,1.3350474424660206,,127.0
1207,-8.200000000000001,0,10,3,1,1.3350474424660206,,127.1
1208,-5.4,0,5,4,1,1.3350474424660206,,127.2
1209,-5.4,0,5,4,1,1.3350474424660206,,127.3
1210,-5.4,0,5,4,1,1.3350474424660206,,127.4
1211,-7.000000000000001,0,9,4,1,1.3350474424660206,,127.5
1212,-1.4000000000000001,0,5,4,1,1.3350474424660206,,127.6
1213,5.7,1,4,3,1,1.3350474424660206,,127.7
1214,-2.3000000000000003,0,4,3,1,1.3350474424660206,,127.8
1215,-0.30000000000000004,0,4,3,1,1.3350474424660206,,127.8
1216,-3.4000000000000004,0,5,4,1,1.3350474424660206,,127.9
1217,-4.300000000000001,0,4,3,1,1.3350474424660206,,128.0
1218,-5.6000000000000005,0,6,3,1,1.3350474424660206,,128.1
1219,-2.7,0,7,4,1,1.3350474424660206,,128.2
1220,-5.4,0,5,4,1,1.3350474424660206,,128.3
1221,-5.6000000000000005,0,6,3,1,1.3350474424660206,,128.4
1222,-6.700000000000001,0,7,4,1,1.3350474424660206,,128.5
1223,-5.4,0,5,4,1,1.3350474424660206,,128.6
1224,-5.6000000000000005,0,6,3,1,1.3350474424660206,,128.7
1225,-4.300000000000001,0,4,3,1,1.3350474424660206,,128.8
1226,-5.4,0,5,4,1,1.3350474424660206,,128.9
1227,-5.4,0,5,4,1,1.3350474424660206,,129.0
1228,-4.6,0,6,3,1,1.3350474424660206,,129.1
1229,-5.4,0,5,4,1,1.3350474424660206,,129.1
1230,-4.300000000000001,0,4,3,1,1.3350474424660206,,129.2
1231,-4.300000000000001,0,4,3,1,1.3350474424660206,,129.3
1232,-5.4,0,5,4,1,1.3350474424660206,,129.4
1233,-5.4,0,5,4,1,1.3350474424660206,,129.5
1234,-4.300000000000001,0,4,3,1,1.3350474424660206,,129.5
1235,-3.4000000000000004,0,5,4,1,1.3350474424660206,,129.6
1236,-5.0,0,9,4,1,1.3350474424660206,,129.7
1237,-4.300000000000001,0,4,3,1,1.3350474424660206,,129.8
1238,-1.4000000000000001,0,5,4,1,1.3350474424660206,,129.9
1239,-5.4,0,5,4,1,1.3350474424660206,,130.0
1240,-3.4000000000000004,0,5,4,1,1.3350474424660206,,130.0
1241,-8.0,0,9,4,1,1.3350474424660206,,130.2
1242,-4.300000000000001,0,4,3,1,1.3350474424660206,,130.2
1243,-4.300000000000001,0,4,3,1,1.3350474424660206,,130.3
1244,-5.6000000000000005,0,6,3,1,1.3350474424660206,,130.5
1245,-4.300000000000001,0,4,3,1,1.3350474424660206,,130.5
1246,-5.7,0,7,4,1,1.3350474424660206,,130.6
1247,-5.700000000000001,0,7,4,1,1.3350474424660206,,130.7
1248,-4.7,0,7,4,1,1.3350474424660206,,130.7
1249,-5.700000000000001,0,7,4,1,1.3350474424660206,,130.8
1250,-3.4000000000000004,0,5,4,1,1.3350474424660206,,131.0
1251,-4.300000000000001,0,4,3,1,1.3350474424660206,,131.0
1252,4.4,1,6,3,1,1.3350474424660206,,131.1
1253,-3.4000000000000004,0,5,4,1,1.3350474424660206,,131.2
1254,-2.3000000000000003,0,4,3,1,1.3350474424660206,,131.3
1255,-2.3000000000000003,0,4,3,1,1.3350474424660206,,131.3
1256,-5.4,0,5,4,1,1.3350474424660206,,131.4
1257,-4.300000000000001,0,4,3,1,1.3350474424660206,,131.5
1258,-4.300000000000001,0,4,3,1,1.3350474424660206,,131.6
1259,-4.300000000000001,0,4,3,1,1.3350474424660206,,131.6
1260,-4.300000000000001,0,4,3,1,1.3350474424660206,,131.7
1261,3.1,1,8,3,1,1.3350474424660206,,131.8
1262,-5.4,0,5,4,1,1.3350474424660206,,131.9
1263,-5.4,0,5,4,1,1.3350474424660206,,132.0
1264,-3.4000000000000004,0,5,4,1,1.3350474424660206,,132.1
1265,-6.700000000000001,0,7,4,1,1.3350474424660206,,132.2
1266,-6.700000000000001,0,7,4,1,1.3350474424660206,,132.3
1267,-4.300000000000001,0,4,3,1,1.3350474424660206,,132.3
1268,-4.300000000000001,0,4,3,1,1.3350474424660206,,132.4
1269,-2.7,0,7,4,1,1.3350474424660206,,132.5
1270,-2.3000000000000003,0,4,3,1,1.3350474424660206,,132.6
1271,-1.6,0,6,3,1,1.3350474424660206,,132.7
1272,-4.300000000000001,0,4,3,1,1.3350474424660206,,132.7
1273,-4.300000000000001,0,4,3,1,1.3350474424660206,,132.8
1274,-4.300000000000001,0,4,3,1,1.3350474424660206,,132.9
1275,-5.6000000000000005,0,6,3,1,1.3350474424660206,,133.0
1276,-6.700000000000001,0,7,4,1,1.3350474424660206,,133.1
1277,-5.4,0,5,4,1,1.3350474424660206,,133.2
1278,-5.6000000000000005,0,6,3,1,1.3350474424660206,,133.4
1279,-6.900000000000001,0,8,3,1,1.3350474424660206,,133.4
1280,-5.2,0,10,3,1,1.3350474424660206,,133.5
1281,-4.300000000000001,0,4,3,1,1.3350474424660206,,133.6
1282,-2.3000000000000003,0,4,3,1,1.3350474424660206,,133.6
1283,-5.6000000000000005,0,6,3,1,1.3350474424660206,,133.7
1284,-4.300000000000001,0,4,3,1,1.3350474424660206,,133.8
1285,-6.900000000000001,0,8,3,1,1.3350474424660206,,133.9
1286,-7.0,0,9,4,1,1.3350474424660206,,134.0
1287,-4.300000000000001,0,4,3,1,1.3350474424660206,,134.1
1288,0.6000000000000001,0,5,4,1,1.3350474424660206,,134.2
1289,-2.3000000000000003,0,4,3,1,1.3350474424660206,,134.2
1290,-4.300000000000001,0,4,3,1,1.3350474424660206,,134.3
1291,-5.6000000000000005,0,6,3,1,1.3350474424660206,,134.4
1292,-5.4,0,5,4,1,1.3350474424660206,,134.5
1293,-1.4000000000000001,0,5,4,1,1.3350474424660206,,134.5
1294,-5.4,0,5,4,1,1.3350474424660206,,134.6
1295,-1.4000000000000001,0,5,4,1,1.3350474424660206,,134.7
1296,-5.4,0,5,4,1,1.3350474424660206,,134.8
1297,-2.3000000000000003,0,4,3,1,1.3350474424660206,,134.8
1298,-4.000000000000001,0,9,4,1,1.3350474424660206,,135.0
1299,-3.4000000000000004,0,5,4,1,1.3350474424660206,,135.1
1300,-5.7,0,7,4,1,1.3350474424660206,,135.2
1301,-5.6000000000000005,0,6,3,1,1.2706364057958126,0.6340171070769429,135.9
1302,-1.4000000000000001,0,5,4,1,1.2706364057958126,,136.0
1303,-4.300000000000001,0,4,3,1,1.2706364057958126,,136.1
1304,5.7,1,4,3,1,1.2706364057958126,,136.1
1305,-2.3000000000000003,0,4,3,1,1.2706364057958126,,136.2
1306,-6.0,0,9,4,1,1.2706364057958126,,136.3
1307,-4.300000000000001,0,4,3,1,1.2706364057958126,,136.4
1308,-2.3000000000000003,0,4,3,1,1.2706364057958126,,136.5
1309,-4.300000000000001,0,4,3,1,1.2706364057958126,,136.6
1310,-4.300000000000001,0,4,3,1,1.2706364057958126,,136.6
1311,-4.300000000000001,0,4,3,1,1.2706364057958126,,136.7
1312,-6.700000000000001,0,7,4,1,1.2706364057958126,,136.8
1313,-5.6000000000000005,0,6,3,1,1.2706364057958126,,136.9
1314,-5.4,0,5,4,1,1.2706364057958126,,136.9
1315,0.6000000000000001,0,5,4,1,1.2706364057958126,,137.0
1316,-4.300000000000001,0,4,3,1,1.2706364057958126,,137.1
1317,-4.300000000000001,0,4,3,1,1.2706364057958126,,137.2
1318,-4.300000000000001,0,4,3,1,1.2706364057958126,,137.2
1319,-5.4,0,5,4,1,1.2706364057958126,,137.3
1320,-4.300000000000001,0,4,3,1,1.2706364057958126,,137.4
1321,-6.9,0,8,3,1,1.2706364057958126,,137.5
1322,-4.700000000000001,0,7,4,1,1.2706364057958126,,137.6
1323,-7.0,0,9,4,1,1.2706364057958126,,137.7
1324,-7.200000000000001,0,10,3,1,1.2706364057958126,,137.8
1325,-2.3000000000000003,0,4,3,1,1.2706364057958126,,137.9
1326,-4.6000000000000005,0,6,3,1,1.2706364057958126,,138.0
1327,-5.4,0,5,4,1,1.2706364057958126,,138.0
1328,-4.300000000000001,0,4,3,1,1.2706364057958126,,138.1
1329,-0.30000000000000004,0,4,3,1,1.2706364057958126,,138.2
1330,-4.300000000000001,0,11,4,1,1.2706364057958126,,138.4
1331,-6.700000000000001,0,7,4,1,1.2706364057958126,,138.5
1332,-3.4000000000000004,0,5,4,1,1.2706364057958126,,138.5
1333,-2.3000000000000003,0,4,3,1,1.2706364057958126,,138.6
1334,-5.4,0,5,4,1,1.2706364057958126,,138.7
1335,-5.4,0,5,4,1,1.2706364057958126,,138.8
1336,-4.300000000000001,0,4,3,1,1.2706364057958126,,138.8
1337,-5.6000000000000005,0,6,3,1,1.2706364057958126,,138.9
1338,-0.6000000000000001,0,6,3,1,1.2706364057958126,,139.0
1339,-5.4,0,5,4,1,1.2706364057958126,,139.1
1340,-4.300000000000001,0,4,3,1,1.2706364057958126,,139.2
1341,-4.700000000000001,0,7,4,1,1.2706364057958126,,139.3
1342,-5.6000000000000005,0,6,3,1,1.2706364057958126,,139.3
1343,-4.300000000000001,0,4,3,1,1.2706364057958126,,139.4
1344,-5.4,0,5,4,1,1.2706364057958126,,139.5
1345,-1.4000000000000001,0,5,4,1,1.2706364057958126,,139.6
1346,-4.300000000000001,0,4,3,1,1.2706364057958126,,139.6
1347,-4.300000000000001,0,4,3,1,1.2706364057958126,,139.7
1348,-2.6000000000000005,0,6,3,1,1.2706364057958126,,139.8
1349,-6.700000000000001,0,7,4,1,1.2706364057958126,,139.8
1350,-3.4000000000000004,0,5,4,1,1.2706364057958126,,139.9
1351,-2.3000000000000003,0,4,3,1,1.2706364057958126,,140.0
1352,-4.300000000000001,0,4,3,1,1.2706364057958126,,140.0
1353,-4.6000000000000005,0,6,3,1,1.2706364057958126,,140.1
1354,-4.300000000000001,0,4,3,1,1.2706364057958126,,140.2
1355,-4.300000000000001,0,4,3,1,1.2706364057958126,,140.2
1356,-5.4,0,5,4,1,1.2706364057958126,,140.3
1357,-5.4,0,5,4,1,1.2706364057958126,,140.4
1358,-4.300000000000001,0,4,3,1,1.2706364057958126,,140.5
1359,-4.9,0,8,3,1,1.2706364057958126,,140.6
1360,-4.300000000000001,0,4,3,1,1.2706364057958126,,140.7
1361,-3.4000000000000004,0,5,4,1,1.2706364057958126,,140.8
1362,-4.300000000000001,0,4,3,1,1.2706364057958126,,140.9
1363,-4.300000000000001,0,4,3,1,1.2706364057958126,,141.0
1364,-5.4,0,5,4,1,1.2706364057958126,,141.1
1365,-5.4,0,5,4,1,1.2706364057958126,,141.1
1366,-1.6,0,6,3,1,1.2706364057958126,,141.2
1367,-0.6000000000000001,0,6,3,1,1.2706364057958126,,141.3
1368,-4.700000000000001,0,7,4,1,1.2706364057958126,,141.4
1369,-5.4,0,5,4,1,1.2706364057958126,,141.5
1370,-5.4,0,5,4,1,1.2706364057958126,,141.6
1371,-4.300000000000001,0,4,3,1,1.2706364057958126,,141.7
1372,-2.3000000000000003,0,4,3,1,1.2706364057958126,,141.7
1373,-2.3000000000000003,0,4,3,1,1.2706364057958126,,141.8
1374,-3.6000000000000005,0,6,3,1,1.2706364057958126,,141.8
1375,-4.300000000000001,0,4,3,1,1.2706364057958126,,141.9
1376,-1.6,0,6,3,1,1.2706364057958126,,142.0
1377,-4.300000000000001,0,4,3,1,1.2706364057958126,,142.1
1378,-5.4,0,5,4,1,1.2706364057958126,,142.2
1379,-4.300000000000001,0,4,3,1,1.2706364057958126,,142.3
1380,-5.4,0,5,4,1,1.2706364057958126,,142.4
1381,-2.3000000000000003,0,4,3,1,1.2706364057958126,,142.4
1382,-0.30000000000000004,0,4,3,1,1.2706364057958126,,142.5
1383,-4.300000000000001,0,4,3,1,1.2706364057958126,,142.6
1384,-4.300000000000001,0,4,3,1,1.2706364057958126,,142.7
1385,-2.6,0,6,3,1,1.2706364057958126,,142.8
1386,-0.30000000000000004,0,4,3,1,1.2706364057958126,,142.8
1387,-8.200000000000001,0,10,3,1,1.2706364057958126,,142.9
1388,-5.4,0,5,4,1,1.2706364057958126,,143.0
1389,-2.3000000000000003,0,4,3,1,1.2706364057958126,,143.1
1390,-1.4000000000000001,0,5,4,1,1.2706364057958126,,143.2
1391,-4.300000000000001,0,4,3,1,1.2706364057958126,,143.3
1392,-1.4000000000000001,0,5,4,1,1.2706364057958126,,143.4
1393,-5.4,0,5,4,1,1.2706364057958126,,143.5
1394,-2.3000000000000003,0,4,3,1,1.2706364057958126,,143.6
1395,-6.700000000000001,0,7,4,1,1.2706364057958126,,143.6
1396,-2.3000000000000003,0,4,3,1,1.2706364057958126,,143.7
1397,-4.300000000000001,0,4,3,1,1.2706364057958126,,143.8
1398,-4.300000000000001,0,4,3,1,1.2706364057958126,,143.9
1399,-4.300000000000001,0,4,3,1,1.2706364057958126,,143.9
1400,-8.200000000000001,0,10,3,1,1.2706364057958126,,144.1
1401,-3.4000000000000004,0,5,4,1,1.2706364057958126,,144.1
1402,-5.4,0,5,4,1,1.2706364057958126,,144.2
1403,-4.6,0,6,3,1,1.2706364057958126,,144.3
1404,-4.6000000000000005,0,6,3,1,1.2706364057958126,,144.4
1405,-4.300000000000001,0,4,3,1,1.2706364057958126,,144.5
1406,-2.3000000000000003,0,4,3,1,1.2706364057958126,,144.6
1407,-4.300000000000001,0,4,3,1,1.2706364057958126,,144.7
1408,-4.300000000000001,0,4,3,1,1.2706364057958126,,144.8
1409,-5.4,0,5,4,1,1.2706364057958126,,144.9
1410,-8.0,0,9,4,1,1.2706364057958126,,145.0
1411,-4.300000000000001,0,4,3,1,1.2706364057958126,,145.0
1412,-4.300000000000001,0,4,3,1,1.2706364057958126,,145.1
1413,-4.300000000000001,0,4,3,1,1.2706364057958126,,145.2
1414,-4.300000000000001,0,4,3,1,1.2706364057958126,,145.3
1415,-4.300000000000001,0,4,3,1,1.2706364057958126,,145.4
1416,-2.3000000000000003,0,4,3,1,1.2706364057958126,,145.5
1417,-5.4,0,5,4,1,1.2706364057958126,,145.6
1418,-4.300000000000001,0,4,3,1,1.2706364057958126,,145.6
1419,-4.300000000000001,0,4,3,1,1.2706364057958126,,145.7
1420,-2.7,0,7,4,1,1.2706364057958126,,145.8
1421,-4.300000000000001,0,4,3,1,1.2706364057958126,,145.9
1422,-4.300000000000001,0,4,3,1,1.2706364057958126,,145.9
1423,-4.300000000000001,0,4,3,1,1.2706364057958126,,146.0
1424,-2.3000000000000003,0,4,3,1,1.2706364057958126,,146.1
1425,-3.6,0,6,3,1,1.2706364057958126,,146.2
1426,-4.300000000000001,0,4,3,1,1.2706364057958126,,146.2
1427,-5.4,0,5,4,1,1.2706364057958126,,146.3
1428,-6.9,0,8,3,1,1.2706364057958126,,146.4
1429,-4.300000000000001,0,4,3,1,1.2706364057958126,,146.4
1430,-4.300000000000001,0,4,3,1,1.2706364057958126,,146.5
1431,-4.7,0,7,4,1,1.2706364057958126,,146.6
1432,-4.300000000000001,0,4,3,1,1.2706364057958126,,146.7
1433,-5.6000000000000005,0,6,3,1,1.2706364057958126,,146.8
1434,-4.300000000000001,0,4,3,1,1.2706364057958126,,146.8
1435,-4.300000000000001,0,4,3,1,1.2706364057958126,,146.9
1436,0.6000000000000001,0,5,4,1,1.2706364057958126,,147.0
1437,-4.300000000000001,0,4,3,1,1.2706364057958126,,147.0
1438,-2.3000000000000003,0,4,3,1,1.2706364057958126,,147.1
1439,-6.700000000000001,0,7,4,1,1.2706364057958126,,147.2
1440,-2.3000000000000003,0,4,3,1,1.2706364057958126,,147.3
1441,-5.4,0,5,4,1,1.2706364057958126,,147.4
1442,-5.4,0,5,4,1,1.2706364057958126,,147.5
1443,-5.4,0,5,4,1,1.2706364057958126,,147.5
1444,-3.4000000000000004,0,5,4,1,1.2706364057958126,,147.6
1445,-5.4,0,5,4,1,1.2706364057958126,,147.7
1446,-5.4,0,5,4,1,1.2706364057958126,,147.8
1447,-4.300000000000001,0,4,3,1,1.2706364057958126,,147.9
1448,-4.300000000000001,0,4,3,1,1.2706364057958126,,148.0
1449,-0.30000000000000004,0,4,3,1,1.2706364057958126,,148.0
1450,-5.6000000000000005,0,6,3,1,1.2706364057958126,,148.1
1451,-5.4,0,5,4,1,1.2706364057958126,,148.2
1452,-4.300000000000001,0,4,3,1,1.2706364057958126,,148.2
1453,-3.6000000000000005,0,6,3,1,1.2706364057958126,,148.3
1454,-4.300000000000001,0,4,3,1,1.2706364057958126,,148.5
1455,-4.300000000000001,0,4,3,1,1.2706364057958126,,148.6
1456,-4.6000000000000005,0,6,3,1,1.2706364057958126,,148.6
1457,-3.4000000000000004,0,5,4,1,1.2706364057958126,,148.7
1458,-4.300000000000001,0,4,3,1,1.2706364057958126,,148.8
1459,-5.4,0,5,4,1,1.2706364057958126,,148.8
1460,-3.4000000000000004,0,5,4,1,1.2706364057958126,,148.9
1461,-4.300000000000001,0,4,3,1,1.2706364057958126,,148.9
1462,-3.6000000000000005,0,6,3,1,1.2706364057958126,,149.0
1463,-5.9,0,8,3,1,1.2706364057958126,,149.1
1464,-4.300000000000001,0,4,3,1,1.2706364057958126,,149.2
1465,-4.300000000000001,0,4,3,1,1.2706364057958126,,149.3
1466,-2.3000000000000003,0,4,3,1,1.2706364057958126,,149.4
1467,-4.300000000000001,0,4,3,1,1.2706364057958126,,149.4
1468,-4.6,0,6,3,1,1.2706364057958126,,149.5
1469,-5.4,0,5,4,1,1.2706364057958126,,149.6
1470,-6.700000000000001,0,7,4,1,1.2706364057958126,,149.7
1471,-2.3000000000000003,0,4,3,1,1.2706364057958126,,149.8
1472,-5.7,0,7,4,1,1.2706364057958126,,149.9
1473,-4.700000000000001,0,7,4,1,1.2706364057958126,,150.0
1474,-5.4,0,5,4,1,1.2706364057958126,,150.1
1475,-4.300000000000001,0,4,3,1,1.2706364057958126,,150.2
1476,-6.700000000000001,0,7,4,1,1.2706364057958126,,150.4
1477,5.7,1,4,3,1,1.2706364057958126,,150.4
1478,-4.6000000000000005,0,6,3,1,1.2706364057958126,,150.5
1479,-4.300000000000001,0,4,3,1,1.2706364057958126,,150.6
1480,-4.9,0,8,3,1,1.2706364057958126,,150.7
1481,-5.4,0,5,4,1,1.2706364057958126,,150.8
1482,-2.3000000000000003,0,4,3,1,1.2706364057958126,,150.9
1483,-1.4000000000000001,0,5,4,1,1.2706364057958126,,150.9
1484,-6.9,0,8,3,1,1.2706364057958126,,151.1
1485,-5.6000000000000005,0,6,3,1,1.2706364057958126,,151.1
1486,-5.6000000000000005,0,6,3,1,1.2706364057958126,,151.2
1487,-3.6000000000000005,0,6,3,1,1.2706364057958126,,151.3
1488,-3.4000000000000004,0,5,4,1,1.2706364057958126,,151.4
1489,-4.300000000000001,0,4,3,1,1.2706364057958126,,151.5
1490,-1.4000000000000001,0,5,4,1,1.2706364057958126,,151.6
1491,-5.4,0,5,4,1,1.2706364057958126,,151.6
1492,-5.6000000000000005,0,6,3,1,1.2706364057958126,,151.7
1493,-5.7,0,7,4,1,1.2706364057958126,,151.8
1494,-4.300000000000001,0,4,3,1,1.2706364057958126,,151.9
1495,-7.0,0,9,4,1,1.2706364057958126,,152.0
1496,-2.3000000000000003,0,4,3,1,1.2706364057958126,,152.1
1497,-5.4,0,5,4,1,1.2706364057958126,,152.2
1498,-5.7,0,7,4,1,1.2706364057958126,,152.3
1499,-4.9,0,8,3,1,1.2706364057958126,,152.4
1500,-5.4,0,5,4,1,1.2706364057958126,,152.5
1501,-3.4000000000000004,0,5,4,1,1.2706364057958126,,158.1
1502,-4.300000000000001,0,4,3,1,1.2706364057958126,,158.2
1503,-4.300000000000001,0,4,3,1,1.2706364057958126,,158.2
1504,-2.3000000000000003,0,4,3,1,1.2706364057958126,,158.3
1505,-4.300000000000001,0,4,3,1,1.2706364057958126,,158.4
1506,-6.700000000000001,0,7,4,1,1.2706364057958126,,158.5
1507,-5.4,0,5,4,1,1.2706364057958126,,158.6
1508,-5.4,0,5,4,1,1.2706364057958126,,158.7
1509,-4.300000000000001,0,4,3,1,1.2706364057958126,,158.8
1510,-2.3000000000000003,0,4,3,1,1.2706364057958126,,158.9
1511,-5.6000000000000005,0,6,3,1,1.2706364057958126,,159.0
1512,-4.300000000000001,0,4,3,1,1.2706364057958126,,159.1
1513,-5.4,0,5,4,1,1.2706364057958126,,159.2
1514,-4.300000000000001,0,4,3,1,1.2706364057958126,,159.2
1515,-6.700000000000001,0,7,4,1,1.2706364057958126,,159.3
1516,-4.300000000000001,0,4,3,1,1.2706364057958126,,159.4
1517,-5.6000000000000005,0,6,3,1,1.2706364057958126,,159.4
1518,-4.300000000000001,0,4,3,1,1.2706364057958126,,159.6
1519,-5.4,0,5,4,1,1.2706364057958126,,159.7
1520,-5.6000000000000005,0,6,3,1,1.2706364057958126,,159.7
1521,-6.700000000000001,0,7,4,1,1.2706364057958126,,159.8
1522,-6.700000000000001,0,7,4,1,1.2706364057958126,,159.9
1523,-4.6,0,6,3,1,1.2706364057958126,,160.0
1524,-5.4,0,5,4,1,1.2706364057958126,,160.1
1525,-5.6000000000000005,0,6,3,1,1.2706364057958126,,160.2
1526,-2.6,0,6,3,1,1.2706364057958126,,160.3
1527,-4.300000000000001,0,4,3,1,1.2706364057958126,,160.4
1528,-4.300000000000001,0,4,3,1,1.2706364057958126,,160.4
1529,-5.4,0,5,4,1,1.2706364057958126,,160.6
1530,-2.3000000000000003,0,4,3,1,1.2706364057958126,,160.7
1531,-2.3000000000000003,0,4,3,1,1.2706364057958126,,160.7
1532,-0.30000000000000004,0,4,3,1,1.2706364057958126,,160.9
1533,-4.300000000000001,0,4,3,1,1.2706364057958126,,161.0
1534,5.7,1,4,3,1,1.2706364057958126,,161.0
1535,-4.300000000000001,0,4,3,1,1.2706364057958126,,161.1
1536,-4.300000000000001,0,4,3,1,1.2706364057958126,,161.2
1537,-4.300000000000001,0,4,3,1,1.2706364057958126,,161.3
1538,-4.300000000000001,0,4,3,1,1.2706364057958126,,161.4
1539,-4.300000000000001,0,4,3,1,1.2706364057958126,,161.4
1540,-5.4,0,5,4,1,1.2706364057958126,,161.5
1541,-2.3000000000000003,0,4,3,1,1.2706364057958126,,161.6
1542,-4.300000000000001,0,4,3,1,1.2706364057958126,,161.7
1543,-4.9,0,8,3,1,1.2706364057958126,,161.8
1544,-4.300000000000001,0,4,3,1,1.2706364057958126,,161.9
1545,-5.4,0,5,4,1,1.2706364057958126,,161.9
1546,-4.300000000000001,0,4,3,1,1.2706364057958126,,162.0
1547,-6.900000000000001,0,8,3,1,1.2706364057958126,,162.2
1548,-2.3000000000000003,0,4,3,1,1.2706364057958126,,162.3
1549,-5.6000000000000005,0,6,3,1,1.2706364057958126,,162.4
1550,-4.300000000000001,0,4,3,1,1.2706364057958126,,162.4
1551,-3.4000000000000004,0,5,4,1,1.2706364057958126,,162.5
1552,-0.30000000000000004,0,4,3,1,1.2706364057958126,,162.6
1553,-3.4000000000000004,0,5,4,1,1.2706364057958126,,162.7
1554,-5.4,0,5,4,1,1.2706364057958126,,162.7
1555,-5.6000000000000005,0,6,3,1,1.2706364057958126,,162.8
1556,-4.300000000000001,0,4,3,1,1.2706364057958126,,162.9
1557,-4.6,0,6,3,1,1.2706364057958126,,163.0
1558,-5.4,0,5,4,1,1.2706364057958126,,163.1
1559,-5.4,0,5,4,1,1.2706364057958126,,163.2
1560,-0.30000000000000004,0,4,3,1,1.2706364057958126,,163.3
1561,-4.300000000000001,0,4,3,1,1.2706364057958126,,163.4
1562,-2.3000000000000003,0,4,3,1,1.2706364057958126,,163.5
1563,-3.6000000000000005,0,6,3,1,1.2706364057958126,,163.6
1564,-4.300000000000001,0,4,3,1,1.2706364057958126,,163.6
1565,-0.30000000000000004,0,4,3,1,1.2706364057958126,,163.7
1566,-5.6000000000000005,0,6,3,1,1.2706364057958126,,163.8
1567,-4.300000000000001,0,4,3,1,1.2706364057958126,,163.9
1568,-4.300000000000001,0,4,3,1,1.2706364057958126,,164.0
1569,-4.300000000000001,0,4,3,1,1.2706364057958126,,164.1
1570,-5.4,0,5,4,1,1.2706364057958126,,164.2
1571,-4.300000000000001,0,4,3,1,1.2706364057958126,,164.2
1572,-7.0,0,9,4,1,1.2706364057958126,,164.3
1573,-2.3000000000000003,0,4,3,1,1.2706364057958126,,164.4
1574,-4.300000000000001,0,4,3,1,1.2706364057958126,,164.5
1575,-3.6000000000000005,0,6,3,1,1.2706364057958126,,164.5
1576,-6.700000000000001,0,7,4,1,1.2706364057958126,,164.6
1577,-0.30000000000000004,0,4,3,1,1.2706364057958126,,164.7
1578,-4.300000000000001,0,4,3,1,1.2706364057958126,,164.8
1579,-2.3000000000000003,0,4,3,1,1.2706364057958126,,164.9
1580,-4.300000000000001,0,4,3,1,1.2706364057958126,,164.9
1581,-5.4,0,5,4,1,1.2706364057958126,,165.0
1582,-4.0,0,9,4,1,1.2706364057958126,,165.1
1583,-5.4,0,5,4,1,1.2706364057958126,,165.2
1584,-5.4,0,5,4,1,1.2706364057958126,,165.3
1585,-3.6000000000000005,0,6,3,1,1.2706364057958126,,165.4
1586,-4.300000000000001,0,4,3,1,1.2706364057958126,,165.5
1587,-5.4,0,5,4,1,1.2706364057958126,,165.5
1588,-5.4,0,5,4,1,1.2706364057958126,,165.6
1589,-3.4000000000000004,0,5,4,1,1.2706364057958126,,165.7
1590,-5.4,0,5,4,1,1.2706364057958126,,165.7
1591,-5.4,0,5,4,1,1.2706364057958126,,165.8
1592,-5.4,0,5,4,1,1.2706364057958126,,165.9
1593,-4.300000000000001,0,4,3,1,1.2706364057958126,,165.9
1594,-4.300000000000001,0,4,3,1,1.2706364057958126,,166.0
1595,-4.300000000000001,0,4,3,1,1.2706364057958126,,166.1
1596,-4.300000000000001,0,4,3,1,1.2706364057958126,,166.1
1597,-4.9,0,8,3,1,1.2706364057958126,,166.2
1598,-2.6,0,6,3,1,1.2706364057958126,,166.3
1599,-4.300000000000001,0,4,3,1,1.2706364057958126,,166.3
1600,-4.300000000000001,0,4,3,1,1.2706364057958126,,166.4
1601,-2.3000000000000003,0,4,3,1,1.2706364057958126,,166.5
1602,-4.300000000000001,0,4,3,1,1.2706364057958126,,166.6
1603,-0.30000000000000004,0,4,3,1,1.2706364057958126,,166.6
1604,-0.6000000000000001,0,6,3,1,1.2706364057958126,,166.7
1605,-4.300000000000001,0,4,3,1,1.2706364057958126,,166.8
1606,-4.300000000000001,0,4,3,1,1.2706364057958126,,166.9
1607,-5.4,0,5,4,1,1.2706364057958126,,167.0
1608,-0.30000000000000004,0,4,3,1,1.2706364057958126,,167.1
1609,-4.300000000000001,0,4,3,1,1.2706364057958126,,167.1
1610,-5.4,0,5,4,1,1.2706364057958126,,167.2
1611,-0.30000000000000004,0,4,3,1,1.2706364057958126,,167.3
1612,-6.700000000000001,0,7,4,1,1.2706364057958126,,167.4
1613,-5.4,0,5,4,1,1.2706364057958126,,167.5
1614,-6.700000000000001,0,7,4,1,1.2706364057958126,,167.6
1615,-4.300000000000001,0,4,3,1,1.2706364057958126,,167.7
1616,-4.300000000000001,0,4,3,1,1.2706364057958126,,167.8
1617,-5.4,0,5,4,1,1.2706364057958126,,167.9
1618,-1.4000000000000001,0,5,4,1,1.2706364057958126,,168.0
1619,-4.300000000000001,0,4,3,1,1.2706364057958126,,168.0
1620,-4.300000000000001,0,4,3,1,1.2706364057958126,,168.1
1621,-6.199999999999999,0,10,3,1,1.2706364057958126,,168.2
1622,-1.4000000000000001,0,5,4,1,1.2706364057958126,,168.3
1623,-4.300000000000001,0,4,3,1,1.2706364057958126,,168.4
1624,-4.300000000000001,0,4,3,1,1.2706364057958126,,168.5
1625,-5.4,0,5,4,1,1.2706364057958126,,168.5
1626,-5.6000000000000005,0,6,3,1,1.2706364057958126,,168.6
1627,-0.30000000000000004,0,4,3,1,1.2706364057958126,,168.7
1628,-5.4,0,5,4,1,1.2706364057958126,,168.7
1629,-5.4,0,5,4,1,1.2706364057958126,,168.8
1630,-5.4,0,5,4,1,1.2706364057958126,,168.9
1631,-4.300000000000001,0,4,3,1,1.2706364057958126,,168.9
1632,-4.300000000000001,0,4,3,1,1.2706364057958126,,169.0
1633,-4.300000000000001,0,4,3,1,1.2706364057958126,,169.0
1634,-4.300000000000001,0,4,3,1,1.2706364057958126,,169.1
1635,-5.4,0,5,4,1,1.2706364057958126,,169.2
1636,-1.4000000000000001,0,5,4,1,1.2706364057958126,,169.2
1637,-4.6,0,6,3,1,1.2706364057958126,,169.3
1638,-4.300000000000001,0,4,3,1,1.2706364057958126,,169.4
1639,-5.4,0,5,4,1,1.2706364057958126,,169.5
1640,-4.300000000000001,0,4,3,1,1.2706364057958126,,169.5
1641,-4.300000000000001,0,4,3,1,1.2706364057958126,,169.6
1642,-4.300000000000001,0,4,3,1,1.2706364057958126,,169.7
1643,-4.300000000000001,0,4,3,1,1.2706364057958126,,169.8
1644,-4.300000000000001,0,4,3,1,1.2706364057958126,,169.9
1645,-1.7000000000000002,0,7,4,1,1.2706364057958126,,170.0
1646,0.6000000000000001,0,5,4,1,1.2706364057958126,,170.1
1647,-5.6000000000000005,0,6,3,1,1.2706364057958126,,170.2
1648,-4.300000000000001,0,4,3,1,1.2706364057958126,,170.3
1649,-4.300000000000001,0,4,3,1,1.2706364057958126,,170.3
1650,-4.300000000000001,0,4,3,1,1.2706364057958126,,170.4
1651,-4.6,0,6,3,1,1.2706364057958126,,170.5
1652,-5.4,0,5,4,1,1.2706364057958126,,170.6
1653,-4.300000000000001,0,4,3,1,1.2706364057958126,,170.6
1654,-4.300000000000001,0,4,3,1,1.2706364057958126,,170.7
1655,-4.300000000000001,0,4,3,1,1.2706364057958126,,170.8
1656,-5.4,0,5,4,1,1.2706364057958126,,170.9
1657,-5.4,0,5,4,1,1.2706364057958126,,171.0
1658,-3.6000000000000005,0,6,3,1,1.2706364057958126,,171.1
1659,-0.30000000000000004,0,4,3,1,1.2706364057958126,,171.2
1660,-6.000000000000001,0,9,4,1,1.2706364057958126,,171.3
1661,-3.6000000000000005,0,6,3,1,1.2706364057958126,,171.3
1662,-4.300000000000001,0,4,3,1,1.2706364057958126,,171.4
1663,-4.300000000000001,0,4,3,1,1.2706364057958126,,171.5
1664,-4.300000000000001,0,4,3,1,1.2706364057958126,,171.6
1665,-5.4,0,5,4,1,1.2706364057958126,,171.6
1666,-4.300000000000001,0,4,3,1,1.2706364057958126,,171.7
1667,-4.300000000000001,0,4,3,1,1.2706364057958126,,171.8
1668,-5.4,0,5,4,1,1.2706364057958126,,171.9
1669,-3.4000000000000004,0,5,4,1,1.2706364057958126,,171.9
1670,-2.3000000000000003,0,4,3,1,1.2706364057958126,,172.0
1671,-4.300000000000001,0,4,3,1,1.2706364057958126,,172.0
1672,-2.3000000000000003,0,4,3,1,1.2706364057958126,,172.1
1673,-3.4000000000000004,0,5,4,1,1.2706364057958126,,172.2
1674,-5.4,0,5,4,1,1.2706364057958126,,172.3
1675,5.7,1,4,3,1,1.2706364057958126,,172.4
1676,-5.6000000000000005,0,6,3,1,1.2706364057958126,,172.5
1677,-0.30000000000000004,0,4,3,1,1.2706364057958126,,172.5
1678,-6.2,0,10,3,1,1.2706364057958126,,172.7
1679,-4.300000000000001,0,4,3,1,1.2706364057958126,,172.8
1680,-3.6000000000000005,0,6,3,1,1.2706364057958126,,172.8
1681,-2.3000000000000003,0,4,3,1,1.2706364057958126,,172.9
1682,-1.6,0,6,3,1,1.2706364057958126,,173.0
1683,0.6000000000000001,0,5,4,1,1.2706364057958126,,173.1
1684,-1.6,0,6,3,1,1.2706364057958126,,173.2
1685,-5.4,0,5,4,1,1.2706364057958126,,173.3
1686,-4.300000000000001,0,4,3,1,1.2706364057958126,,173.4
1687,-7.0,0,9,4,1,1.2706364057958126,,173.5
1688,-6.9,0,8,3,1,1.2706364057958126,,173.6
1689,-4.300000000000001,0,4,3,1,1.2706364057958126,,173.7
1690,-5.4,0,5,4,1,1.2706364057958126,,173.7
1691,-4.300000000000001,0,4,3,1,1.2706364057958126,,173.8
1692,-5.9,0,8,3,1,1.2706364057958126,,173.9
1693,-4.300000000000001,0,4,3,1,1.2706364057958126,,174.0
1694,-4.300000000000001,0,4,3,1,1.2706364057958126,,174.1
1695,-7.200000000000001,0,10,3,1,1.2706364057958126,,174.2
1696,-4.300000000000001,0,4,3,1,1.2706364057958126,,174.3
1697,-4.300000000000001,0,4,3,1,1.2706364057958126,,174.4
1698,-5.6000000000000005,0,6,3,1,1.2706364057958126,,174.5
1699,-4.300000000000001,0,4,3,1,1.2706364057958126,,174.6
1700,-4.300000000000001,0,4,3,1,1.2706364057958126,,174.7
1701,-1.4000000000000001,0,5,4,1,1.2706364057958126,,174.8
1702,-5.4,0,5,4,1,1.2706364057958126,,174.8
1703,-5.4,0,5,4,1,1.2706364057958126,,175.0
1704,-4.300000000000001,0,4,3,1,1.2706364057958126,,175.0
1705,-4.300000000000001,0,4,3,1,1.2706364057958126,,175.1
1706,-3.6000000000000005,0,6,3,1,1.2706364057958126,,175.2
1707,-5.4,0,5,4,1,1.2706364057958126,,175.3
1708,-0.30000000000000004,0,4,3,1,1.2706364057958126,,175.3
1709,5.7,1,4,3,1,1.1603506784886122,0.5023043163819239,176.0
1710,-5.200000000000001,0,10,3,1,1.1603506784886122,,176.1
1711,-4.300000000000001,0,4,3,1,1.1603506784886122,,176.2
1712,-4.300000000000001,0,4,3,1,1.1603506784886122,,176.3
1713,-4.300000000000001,0,4,3,1,1.1603506784886122,,176.4
1714,-4.300000000000001,0,4,3,1,1.1603506784886122,,176.4
1715,-2.3000000000000003,0,4,3,1,1.1603506784886122,,176.5
1716,-8.5,0,12,3,1,1.1603506784886122,,176.6
1717,-4.300000000000001,0,4,3,1,1.1603506784886122,,176.7
1718,-1.4000000000000001,0,5,4,1,1.1603506784886122,,176.8
1719,-4.300000000000001,0,4,3,1,1.1603506784886122,,176.9
1720,-4.6,0,6,3,1,1.1603506784886122,,177.0
1721,-4.300000000000001,0,4,3,1,1.1603506784886122,,177.1
1722,-4.300000000000001,0,4,3,1,1.1603506784886122,,177.2
1723,-4.300000000000001,0,4,3,1,1.1603506784886122,,177.3
1724,-4.300000000000001,0,4,3,1,1.1603506784886122,,177.3
1725,-0.30000000000000004,0,4,3,1,1.1603506784886122,,177.4
1726,-4.300000000000001,0,4,3,1,1.1603506784886122,,177.5
1727,-0.30000000000000004,0,4,3,1,1.1603506784886122,,177.7
1728,-5.4,0,5,4,1,1.1603506784886122,,177.7
1729,-4.300000000000001,0,4,3,1,1.1603506784886122,,177.8
1730,-4.300000000000001,0,4,3,1,1.1603506784886122,,177.9
1731,-4.7,0,7,4,1,1.1603506784886122,,178.0
1732,-2.3000000000000003,0,4,3,1,1.1603506784886122,,178.1
1733,-2.3000000000000003,0,4,3,1,1.1603506784886122,,178.2
1734,-5.4,0,5,4,1,1.1603506784886122,,178.3
1735,-4.300000000000001,0,4,3,1,1.1603506784886122,,178.4
1736,-5.4,0,5,4,1,1.1603506784886122,,178.5
1737,-4.300000000000001,0,4,3,1,1.1603506784886122,,178.5
1738,-2.3000000000000003,0,4,3,1,1.1603506784886122,,178.6
1739,-3.4000000000000004,0,5,4,1,1.1603506784886122,,178.7
1740,-4.300000000000001,0,4,3,1,1.1603506784886122,,178.8
1741,-5.4,0,5,4,1,1.1603506784886122,,178.9
1742,-4.300000000000001,0,4,3,1,1.1603506784886122,,179.0
1743,-2.3000000000000003,0,4,3,1,1.1603506784886122,,179.1
1744,-2.3000000000000003,0,4,3,1,1.1603506784886122,,179.2
1745,-4.300000000000001,0,4,3,1,1.1603506784886122,,179.3
1746,-4.6000000000000005,0,6,3,1,1.1603506784886122,,179.3
1747,-4.300000000000001,0,4,3,1,1.1603506784886122,,179.4
1748,-5.4,0,5,4,1,1.1603506784886122,,179.5
1749,-5.4,0,5,4,1,1.1603506784886122,,179.6
1750,-5.6000000000000005,0,6,3,1,1.1603506784886122,,179.7
1751,-5.4,0,5,4,1,1.1603506784886122,,179.8
1752,-2.3000000000000003,0,4,3,1,1.1603506784886122,,179.8
1753,-3.6000000000000005,0,6,3,1,1.1603506784886122,,179.9
1754,-2.3000000000000003,0,4,3,1,1.1603506784886122,,179.9
1755,-4.300000000000001,0,4,3,1,1.1603506784886122,,180.0
1756,-4.6000000000000005,0,6,3,1,1.1603506784886122,,180.1
1757,-6.700000000000001,0,7,4,1,1.1603506784886122,,180.2
1758,-3.4000000000000004,0,5,4,1,1.1603506784886122,,180.3
1759,-4.300000000000001,0,4,3,1,1.1603506784886122,,180.4
1760,-4.300000000000001,0,4,3,1,1.1603506784886122,,180.5
1761,-4.300000000000001,0,4,3,1,1.1603506784886122,,180.6
1762,-4.300000000000001,0,4,3,1,1.1603506784886122,,180.7
1763,-4.300000000000001,0,4,3,1,1.1603506784886122,,180.8
1764,-2.3000000000000003,0,4,3,1,1.1603506784886122,,180.8
1765,-4.300000000000001,0,4,3,1,1.1603506784886122,,180.9
1766,-4.300000000000001,0,4,3,1,1.1603506784886122,,181.0
1767,-3.4000000000000004,0,5,4,1,1.1603506784886122,,181.0
1768,-4.300000000000001,0,4,3,1,1.1603506784886122,,181.1
1769,-4.300000000000001,0,4,3,1,1.1603506784886122,,181.2
1770,-4.300000000000001,0,4,3,1,1.1603506784886122,,181.3
1771,-4.300000000000001,0,4,3,1,1.1603506784886122,,181.4
1772,-4.300000000000001,0,4,3,1,1.1603506784886122,,181.5
1773,-4.300000000000001,0,4,3,1,1.1603506784886122,,181.6
1774,-2.3000000000000003,0,4,3,1,1.1603506784886122,,181.6
1775,-4.300000000000001,0,4,3,1,1.1603506784886122,,181.7
1776,-5.4,0,5,4,1,1.1603506784886122,,181.8
1777,-4.300000000000001,0,4,3,1,1.1603506784886122,,181.9
1778,-4.300000000000001,0,4,3,1,1.1603506784886122,,181.9
1779,-5.4,0,5,4,1,1.1603506784886122,,182.0
1780,-3.4000000000000004,0,5,4,1,1.1603506784886122,,182.0
1781,-4.300000000000001,0,4,3,1,1.1603506784886122,,182.1
1782,-4.300000000000001,0,4,3,1,1.1603506784886122,,182.2
1783,-2.3000000000000003,0,4,3,1,1.1603506784886122,,182.3
1784,-4.300000000000001,0,4,3,1,1.1603506784886122,,182.4
1785,-5.4,0,5,4,1,1.1603506784886122,,182.5
1786,-4.300000000000001,0,4,3,1,1.1603506784886122,,182.5
1787,-4.300000000000001,0,4,3,1,1.1603506784886122,,182.6
1788,-2.3000000000000003,0,4,3,1,1.1603506784886122,,182.7
1789,-5.6000000000000005,0,6,3,1,1.1603506784886122,,182.7
1790,-4.300000000000001,0,4,3,1,1.1603506784886122,,182.8
1791,-4.6000000000000005,0,6,3,1,1.1603506784886122,,182.9
1792,-4.300000000000001,0,4,3,1,1.1603506784886122,,183.0
1793,-4.300000000000001,0,4,3,1,1.1603506784886122,,183.1
1794,-4.300000000000001,0,4,3,1,1.1603506784886122,,183.1
1795,-4.300000000000001,0,4,3,1,1.1603506784886122,,183.2
1796,-0.30000000000000004,0,4,3,1,1.1603506784886122,,183.2
1797,-4.300000000000001,0,4,3,1,1.1603506784886122,,183.3
1798,-0.6000000000000001,0,6,3,1,1.1603506784886122,,183.3
1799,-4.300000000000001,0,4,3,1,1.1603506784886122,,183.4
1800,-5.4,0,5,4,1,1.1603506784886122,,183.5
1801,-2.3000000000000003,0,4,3,1,1.1603506784886122,,183.6
1802,-4.300000000000001,0,4,3,1,1.1603506784886122,,183.7
1803,-2.3000000000000003,0,4,3,1,1.1603506784886122,,183.7
1804,-5.6000000000000005,0,6,3,1,1.1603506784886122,,183.8
1805,-2.3000000000000003,0,4,3,1,1.1603506784886122,,183.9
1806,-4.300000000000001,0,4,3,1,1.1603506784886122,,184.0
1807,-5.4,0,5,4,1,1.1603506784886122,,184.1
1808,-4.300000000000001,0,4,3,1,1.1603506784886122,,184.2
1809,-4.300000000000001,0,4,3,1,1.1603506784886122,,184.3
1810,-4.300000000000001,0,4,3,1,1.1603506784886122,,184.4
1811,-4.9,0,8,3,1,1.1603506784886122,,184.4
1812,-5.4,0,5,4,1,1.1603506784886122,,184.5
1813,-3.6000000000000005,0,6,3,1,1.1603506784886122,,184.6
1814,-5.6000000000000005,0,6,3,1,1.1603506784886122,,184.7
1815,-4.300000000000001,0,4,3,1,1.1603506784886122,,184.8
1816,-5.4,0,5,4,1,1.1603506784886122,,184.9
1817,-4.300000000000001,0,4,3,1,1.1603506784886122,,185.0
1818,-4.300000000000001,0,4,3,1,1.1603506784886122,,185.1
1819,-4.300000000000001,0,4,3,1,1.1603506784886122,,185.2
1820,5.7,1,4,3,1,1.1603506784886122,,185.3
1821,-2.3000000000000003,0,4,3,1,1.1603506784886122,,185.4
1822,-5.4,0,5,4,1,1.1603506784886122,,185.5
1823,-4.300000000000001,0,4,3,1,1.1603506784886122,,185.6
1824,-4.300000000000001,0,4,3,1,1.1603506784886122,,185.7
1825,-4.9,0,8,3,1,1.1603506784886122,,185.8
1826,-4.300000000000001,0,4,3,1,1.1603506784886122,,185.9
1827,-4.300000000000001,0,4,3,1,1.1603506784886122,,185.9
1828,-5.4,0,5,4,1,1.1603506784886122,,186.1
1829,-5.4,0,5,4,1,1.1603506784886122,,186.2
1830,-4.300000000000001,0,4,3,1,1.1603506784886122,,186.3
1831,5.7,1,4,3,1,1.1603506784886122,,186.3
1832,-5.4,0,5,4,1,1.1603506784886122,,186.4
1833,-2.3000000000000003,0,4,3,1,1.1603506784886122,,186.5
1834,-3.2000000000000006,0,10,3,1,1.1603506784886122,,186.6
1835,-2.3000000000000003,0,4,3,1,1.1603506784886122,,186.6
1836,-4.300000000000001,0,4,3,1,1.1603506784886122,,186.7
1837,-6.9,0,8,3,1,1.1603506784886122,,186.8
1838,-3.4000000000000004,0,5,4,1,1.1603506784886122,,186.9
1839,-4.300000000000001,0,4,3,1,1.1603506784886122,,186.9
1840,-4.300000000000001,0,4,3,1,1.1603506784886122,,187.0
1841,-4.300000000000001,0,4,3,1,1.1603506784886122,,187.1
1842,-4.300000000000001,0,4,3,1,1.1603506784886122,,187.2
1843,-4.300000000000001,0,4,3,1,1.1603506784886122,,187.3
1844,-4.300000000000001,0,4,3,1,1.1603506784886122,,187.4
1845,-4.300000000000001,0,4,3,1,1.1603506784886122,,187.5
1846,-4.300000000000001,0,4,3,1,1.1603506784886122,,187.5
1847,-4.300000000000001,0,4,3,1,1.1603506784886122,,187.6
1848,-4.300000000000001,0,4,3,1,1.1603506784886122,,187.6
1849,-4.300000000000001,0,4,3,1,1.1603506784886122,,187.7
1850,-4.6000000000000005,0,6,3,1,1.1603506784886122,,187.8
1851,-4.300000000000001,0,4,3,1,1.1603506784886122,,187.9
1852,-5.6000000000000005,0,6,3,1,1.1603506784886122,,188.0
1853,-4.300000000000001,0,4,3,1,1.1603506784886122,,188.1
1854,-2.3000000000000003,0,4,3,1,1.1603506784886122,,188.2
1855,-5.6000000000000005,0,6,3,1,1.1603506784886122,,188.3
1856,-2.3000000000000003,0,4,3,1,1.1603506784886122,,188.4
1857,-4.300000000000001,0,4,3,1,1.1603506784886122,,188.5
1858,-5.6000000000000005,0,6,3,1,1.1603506784886122,,188.6
1859,-4.300000000000001,0,4,3,1,1.1603506784886122,,188.7
1860,-3.6000000000000005,0,6,3,1,1.1603506784886122,,188.8
1861,-2.3000000000000003,0,4,3,1,1.1603506784886122,,188.9
1862,-4.300000000000001,0,4,3,1,1.1603506784886122,,189.0
1863,-4.300000000000001,0,4,3,1,1.1603506784886122,,189.0
1864,-6.700000000000001,0,7,4,1,1.1603506784886122,,189.1
1865,-4.300000000000001,0,4,3,1,1.1603506784886122,,189.2
1866,-2.3000000000000003,0,4,3,1,1.1603506784886122,,189.2
1867,-4.300000000000001,0,4,3,1,1.1603506784886122,,189.3
1868,-4.300000000000001,0,4,3,1,1.1603506784886122,,189.4
1869,-4.300000000000001,0,4,3,1,1.1603506784886122,,189.4
1870,-2.3000000000000003,0,4,3,1,1.1603506784886122,,189.5
1871,-5.4,0,5,4,1,1.1603506784886122,,189.6
1872,-5.4,0,5,4,1,1.1603506784886122,,189.7
1873,-5.4,0,5,4,1,1.1603506784886122,,189.8
1874,-4.300000000000001,0,4,3,1,1.1603506784886122,,189.9
1875,-4.300000000000001,0,4,3,1,1.1603506784886122,,190.0
1876,-4.300000000000001,0,4,3,1,1.1603506784886122,,190.0
1877,-4.300000000000001,0,4,3,1,1.1603506784886122,,190.1
1878,-4.6,0,6,3,1,1.1603506784886122,,190.2
1879,-5.4,0,5,4,1,1.1603506784886122,,190.3
1880,-4.300000000000001,0,4,3,1,1.1603506784886122,,190.4
1881,-4.300000000000001,0,4,3,1,1.1603506784886122,,190.4
1882,-5.4,0,5,4,1,1.1603506784886122,,190.5
1883,-4.300000000000001,0,4,3,1,1.1603506784886122,,190.6
1884,-4.300000000000001,0,4,3,1,1.1603506784886122,,190.7
1885,-5.4,0,5,4,1,1.1603506784886122,,190.7
1886,-4.300000000000001,0,4,3,1,1.1603506784886122,,190.8
1887,-2.3000000000000003,0,4,3,1,1.1603506784886122,,190.9
1888,-4.300000000000001,0,4,3,1,1.1603506784886122,,191.0
1889,-4.300000000000001,0,4,3,1,1.1603506784886122,,191.0
1890,-4.300000000000001,0,4,3,1,1.1603506784886122,,191.1
1891,-4.300000000000001,0,4,3,1,1.1603506784886122,,191.2
1892,-4.300000000000001,0,4,3,1,1.1603506784886122,,191.3
1893,-5.4,0,5,4,1,1.1603506784886122,,191.4
1894,-4.300000000000001,0,4,3,1,1.1603506784886122,,191.5
1895,-4.300000000000001,0,4,3,1,1.1603506784886122,,191.5
1896,-5.6000000000000005,0,6,3,1,1.1603506784886122,,191.6
1897,-0.30000000000000004,0,4,3,1,1.1603506784886122,,191.7
1898,-3.6000000000000005,0,6,3,1,1.1603506784886122,,191.7
1899,-4.300000000000001,0,4,3,1,1.1603506784886122,,191.8
1900,-4.300000000000001,0,4,3,1,1.1603506784886122,,191.8
1901,-4.300000000000001,0,4,3,1,1.1603506784886122,,191.9
1902,-4.300000000000001,0,4,3,1,1.1603506784886122,,191.9
1903,-2.3000000000000003,0,4,3,1,1.1603506784886122,,192.0
1904,-4.300000000000001,0,4,3,1,1.1603506784886122,,192.1
1905,-5.6000000000000005,0,6,3,1,1.1603506784886122,,192.2
1906,-4.300000000000001,0,4,3,1,1.1603506784886122,,192.3
1907,-6.700000000000001,0,7,4,1,1.1603506784886122,,192.4
1908,-6.700000000000001,0,7,4,1,1.1603506784886122,,192.5
1909,-4.300000000000001,0,4,3,1,1.1603506784886122,,192.6
1910,-4.300000000000001,0,4,3,1,1.1603506784886122,,192.7
1911,-4.6000000000000005,0,6,3,1,1.1603506784886122,,192.8
1912,5.7,1,4,3,1,1.1603506784886122,,192.9
1913,-4.300000000000001,0,4,3,1,1.1603506784886122,,193.0
1914,-5.4,0,5,4,1,1.1603506784886122,,193.0
1915,-4.300000000000001,0,4,3,1,1.1603506784886122,,193.1
1916,-0.30000000000000004,0,4,3,1,1.1603506784886122,,193.2
1917,-4.300000000000001,0,4,3,1,1.1603506784886122,,193.3
1918,-4.300000000000001,0,4,3,1,1.1603506784886122,,193.3
1919,-4.300000000000001,0,4,3,1,1.1603506784886122,,193.4
1920,-4.300000000000001,0,4,3,1,1.1603506784886122,,193.5
1921,-4.300000000000001,0,4,3,1,1.1603506784886122,,193.6
1922,-4.300000000000001,0,4,3,1,1.1603506784886122,,193.6
1923,-4.300000000000001,0,4,3,1,1.1603506784886122,,193.7
1924,-4.300000000000001,0,4,3,1,1.1603506784886122,,193.8
1925,-4.300000000000001,0,4,3,1,1.1603506784886122,,193.9
1926,-2.3000000000000003,0,4,3,1,1.1603506784886122,,194.0
1927,-4.300000000000001,0,4,3,1,1.1603506784886122,,194.1
1928,-3.4000000000000004,0,5,4,1,1.1603506784886122,,194.2
1929,-5.9,0,8,3,1,1.1603506784886122,,194.2
1930,-3.6,0,6,3,1,1.1603506784886122,,194.3
1931,-5.4,0,5,4,1,1.1603506784886122,,194.4
1932,-5.4,0,5,4,1,1.1603506784886122,,194.5
1933,-4.300000000000001,0,4,3,1,1.1603506784886122,,194.6
1934,-2.6,0,6,3,1,1.1603506784886122,,194.6
1935,-4.300000000000001,0,4,3,1,1.1603506784886122,,194.7
1936,-4.300000000000001,0,4,3,1,1.1603506784886122,,194.8
1937,-2.3000000000000003,0,4,3,1,1.1603506784886122,,194.9
1938,-2.3000000000000003,0,4,3,1,1.1603506784886122,,194.9
1939,-0.30000000000000004,0,4,3,1,1.1603506784886122,,195.0
1940,-2.3000000000000003,0,4,3,1,1.1603506784886122,,195.1
1941,-4.300000000000001,0,4,3,1,1.1603506784886122,,195.2
1942,-3.4000000000000004,0,5,4,1,1.1603506784886122,,195.2
1943,-4.300000000000001,0,4,3,1,1.1603506784886122,,195.3
1944,-5.6000000000000005,0,6,3,1,1.1603506784886122,,195.4
1945,-4.300000000000001,0,4,3,1,1.1603506784886122,,195.5
1946,-4.300000000000001,0,11,4,1,1.1603506784886122,,195.6
1947,-4.300000000000001,0,4,3,1,1.1603506784886122,,195.7
1948,-5.4,0,5,4,1,1.1603506784886122,,195.8
1949,-4.300000000000001,0,4,3,1,1.1603506784886122,,195.9
1950,-4.300000000000001,0,4,3,1,1.1603506784886122,,195.9
1951,-5.6000000000000005,0,6,3,1,1.1603506784886122,,196.0
1952,-4.300000000000001,0,4,3,1,1.1603506784886122,,196.1
1953,-4.300000000000001,0,4,3,1,1.1603506784886122,,196.1
1954,-5.4,0,5,4,1,1.1603506784886122,,196.2
1955,-4.300000000000001,0,4,3,1,1.1603506784886122,,196.4
1956,5.7,1,4,3,1,1.1603506784886122,,196.4
1957,-5.6000000000000005,0,6,3,1,1.1603506784886122,,196.5
1958,-4.300000000000001,0,4,3,1,1.1603506784886122,,196.6
1959,-4.300000000000001,0,4,3,1,1.1603506784886122,,196.6
1960,-5.4,0,5,4,1,1.1603506784886122,,196.7
1961,-2.3000000000000003,0,4,3,1,1.1603506784886122,,196.8
1962,-4.300000000000001,0,4,3,1,1.1603506784886122,,196.8
1963,-4.300000000000001,0,4,3,1,1.1603506784886122,,196.9
1964,-5.4,0,5,4,1,1.1603506784886122,,197.0
1965,-4.300000000000001,0,4,3,1,1.1603506784886122,,197.1
1966,-4.300000000000001,0,4,3,1,1.1603506784886122,,197.2
1967,-2.3000000000000003,0,4,3,1,1.1603506784886122,,197.2
1968,-1.6,0,6,3,1,1.1603506784886122,,197.3
1969,-4.300000000000001,0,4,3,1,1.1603506784886122,,197.4
1970,-5.4,0,5,4,1,1.1603506784886122,,197.5
1971,-4.300000000000001,0,4,3,1,1.1603506784886122,,197.5
1972,-4.300000000000001,0,4,3,1,1.1603506784886122,,197.6
1973,-5.4,0,5,4,1,1.1603506784886122,,197.7
1974,-4.300000000000001,0,4,3,1,1.1603506784886122,,197.8
1975,-2.3000000000000003,0,4,3,1,1.1603506784886122,,197.9
1976,-4.300000000000001,0,4,3,1,1.1603506784886122,,197.9
1977,-5.4,0,5,4,1,1.1603506784886122,,198.0
1978,-4.300000000000001,0,4,3,1,1.1603506784886122,,198.1
1979,-4.300000000000001,0,4,3,1,1.1603506784886122,,198.2
1980,-4.300000000000001,0,4,3,1,1.1603506784886122,,198.3
1981,-3.6000000000000005,0,6,3,1,1.1603506784886122,,198.4
1982,-2.3000000000000003,0,4,3,1,1.1603506784886122,,198.4
1983,-5.4,0,5,4,1,1.1603506784886122,,198.5
1984,-0.30000000000000004,0,4,3,1,1.1603506784886122,,198.6
1985,-4.300000000000001,0,4,3,1,1.1603506784886122,,198.7
1986,-4.300000000000001,0,4,3,1,1.1603506784886122,,198.7
1987,-4.300000000000001,0,4,3,1,1.1603506784886122,,198.8
1988,-3.4000000000000004,0,5,4,1,1.1603506784886122,,198.9
1989,-4.300000000000001,0,4,3,1,1.1603506784886122,,199.0
1990,-4.300000000000001,0,4,3,1,1.1603506784886122,,199.1
1991,-5.6000000000000005,0,6,3,1,1.1603506784886122,,199.2
1992,-5.4,0,5,4,1,1.1603506784886122,,199.2
1993,-4.300000000000001,0,4,3,1,1.1603506784886122,,199.3
1994,-4.300000000000001,0,4,3,1,1.1603506784886122,,199.4
1995,-4.300000000000001,0,4,3,1,1.1603506784886122,,199.5
1996,-5.4,0,5,4,1,1.1603506784886122,,199.6
1997,-5.6000000000000005,0,6,3,1,1.1603506784886122,,199.7
1998,-4.300000000000001,0,4,3,1,1.1603506784886122,,199.8
1999,0.6000000000000001,0,5,4,1,1.1603506784886122,,199.9
2000,-5.6000000000000005,0,6,3,1,1.1603506784886122,,200.0
2001,-3.6,0,6,3,1,1.1603506784886122,,205.4
2002,-4.300000000000001,0,4,3,1,1.1603506784886122,,205.4
2003,-4.300000000000001,0,4,3,1,1.1603506784886122,,205.5
2004,-5.4,0,5,4,1,1.1603506784886122,,205.6
2005,-4.300000000000001,0,4,3,1,1.1603506784886122,,205.7
2006,-4.300000000000001,0,4,3,1,1.1603506784886122,,205.8
2007,-4.300000000000001,0,4,3,1,1.1603506784886122,,205.8
2008,-4.300000000000001,0,4,3,1,1.1603506784886122,,205.9
2009,-4.300000000000001,0,4,3,1,1.1603506784886122,,205.9
2010,-4.300000000000001,0,4,3,1,1.1603506784886122,,206.0
2011,-4.300000000000001,0,4,3,1,1.1603506784886122,,206.1
2012,-4.300000000000001,0,4,3,1,1.1603506784886122,,206.1
2013,-4.300000000000001,0,4,3,1,1.1603506784886122,,206.2
2014,-5.4,0,5,4,1,1.1603506784886122,,206.2
2015,-1.6,0,6,3,1,1.1603506784886122,,206.3
2016,-4.300000000000001,0,4,3,1,1.1603506784886122,,206.4
2017,5.7,1,4,3,1,1.1603506784886122,,206.4
2018,-2.3000000000000003,0,4,3,1,1.1603506784886122,,206.5
2019,-4.300000000000001,0,4,3,1,1.1603506784886122,,206.6
2020,-4.300000000000001,0,4,3,1,1.1603506784886122,,206.7
2021,-4.300000000000001,0,4,3,1,1.1603506784886122,,206.8
2022,-5.6000000000000005,0,6,3,1,1.1603506784886122,,206.9
2023,-2.3000000000000003,0,4,3,1,1.1603506784886122,,206.9
2024,-4.300000000000001,0,4,3,1,1.1603506784886122,,207.0
2025,-4.300000000000001,0,4,3,1,1.1603506784886122,,207.1
2026,-5.4,0,5,4,1,1.1603506784886122,,207.2
2027,-4.300000000000001,0,4,3,1,1.1603506784886122,,207.2
2028,-2.3000000000000003,0,4,3,1,1.1603506784886122,,207.3
2029,-4.6000000000000005,0,6,3,1,1.1603506784886122,,207.4
2030,-1.4000000000000001,0,5,4,1,1.1603506784886122,,207.5
2031,-2.3000000000000003,0,4,3,1,1.1603506784886122,,207.5
2032,-3.6000000000000005,0,6,3,1,1.1603506784886122,,207.6
2033,-5.4,0,5,4,1,1.1603506784886122,,207.7
2034,-4.300000000000001,0,4,3,1,1.1603506784886122,,207.7
2035,-4.300000000000001,0,4,3,1,1.1603506784886122,,207.8
2036,-4.300000000000001,0,4,3,1,1.1603506784886122,,207.9
2037,-4.300000000000001,0,4,3,1,1.1603506784886122,,208.0
2038,-5.4,0,5,4,1,1.1603506784886122,,208.1
2039,-0.30000000000000004,0,4,3,1,1.1603506784886122,,208.2
2040,-4.300000000000001,0,4,3,1,1.1603506784886122,,208.3
2041,-7.0,0,9,4,1,1.1603506784886122,,208.4
2042,-4.300000000000001,0,4,3,1,1.1603506784886122,,208.4
2043,-4.300000000000001,0,4,3,1,1.1603506784886122,,208.6
2044,-4.300000000000001,0,4,3,1,1.1603506784886122,,208.7
2045,-3.4000000000000004,0,5,4,1,1.1603506784886122,,208.8
2046,-5.4,0,5,4,1,1.1603506784886122,,208.8
2047,-5.4,0,5,4,1,1.1603506784886122,,208.9
2048,-4.300000000000001,0,4,3,1,1.1603506784886122,,209.0
2049,-4.300000000000001,0,4,3,1,1.1603506784886122,,209.1
2050,-4.300000000000001,0,4,3,1,1.1603506784886122,,209.1
2051,-4.300000000000001,0,4,3,1,1.1603506784886122,,209.3
2052,-4.300000000000001,0,4,3,1,1.1603506784886122,,209.3
2053,-4.300000000000001,0,4,3,1,1.1603506784886122,,209.4
2054,-3.4000000000000004,0,5,4,1,1.1603506784886122,,209.4
2055,-4.300000000000001,0,4,3,1,1.1603506784886122,,209.5
2056,-4.6,0,6,3,1,1.1603506784886122,,209.6
2057,-4.300000000000001,0,4,3,1,1.1603506784886122,,209.7
2058,-4.300000000000001,0,4,3,1,1.1603506784886122,,209.8
2059,-1.6,0,6,3,1,1.1603506784886122,,209.9
2060,-4.300000000000001,0,4,3,1,1.1603506784886122,,210.0
2061,-2.3000000000000003,0,4,3,1,1.1603506784886122,,210.1
2062,-4.300000000000001,0,4,3,1,1.1603506784886122,,210.2
2063,-0.30000000000000004,0,4,3,1,1.1603506784886122,,210.2
2064,-2.3000000000000003,0,4,3,1,1.1603506784886122,,210.3
2065,-5.6000000000000005,0,6,3,1,1.1603506784886122,,210.4
2066,-5.6000000000000005,0,6,3,1,1.1603506784886122,,210.5
2067,-0.30000000000000004,0,4,3,1,1.1603506784886122,,210.5
2068,-4.300000000000001,0,4,3,1,1.1603506784886122,,210.6
2069,-4.300000000000001,0,4,3,1,1.1603506784886122,,210.7
2070,-6.9,0,8,3,1,1.1603506784886122,,210.8
2071,-4.300000000000001,0,4,3,1,1.1603506784886122,,210.8
2072,-2.3000000000000003,0,4,3,1,1.1603506784886122,,210.9
2073,-4.300000000000001,0,4,3,1,1.1603506784886122,,211.0
2074,-4.300000000000001,0,4,3,1,1.1603506784886122,,211.1
2075,-4.300000000000001,0,4,3,1,1.1603506784886122,,211.1
2076,-2.3000000000000003,0,4,3,1,1.1603506784886122,,211.2
2077,-4.300000000000001,0,4,3,1,1.1603506784886122,,211.3
2078,-4.300000000000001,0,4,3,1,1.1603506784886122,,211.3
2079,-0.30000000000000004,0,4,3,1,1.1603506784886122,,211.4
2080,-4.300000000000001,0,4,3,1,1.1603506784886122,,211.5
2081,-4.300000000000001,0,4,3,1,1.1603506784886122,,211.6
2082,-4.6000000000000005,0,6,3,1,1.1603506784886122,,211.7
2083,-5.4,0,5,4,1,1.1603506784886122,,211.8
2084,-4.300000000000001,0,4,3,1,1.1603506784886122,,211.8
2085,-5.6000000000000005,0,6,3,1,1.1603506784886122,,211.9
2086,-5.6000000000000005,0,6,3,1,1.1603506784886122,,212.0
2087,-4.300000000000001,0,4,3,1,1.1603506784886122,,212.1
2088,-2.3000000000000003,0,4,3,1,1.1603506784886122,,212.1
2089,-0.30000000000000004,0,4,3,1,1.1603506784886122,,212.2
2090,-5.6000000000000005,0,6,3,1,1.1603506784886122,,212.3
2091,-5.6000000000000005,0,6,3,1,1.1603506784886122,,212.4
2092,-4.300000000000001,0,4,3,1,1.1603506784886122,,212.5
2093,-5.4,0,5,4,1,1.1603506784886122,,212.5
2094,-4.300000000000001,0,4,3,1,1.1603506784886122,,212.6
2095,-4.6,0,6,3,1,1.1603506784886122,,212.7
2096,-4.300000000000001,0,4,3,1,1.1603506784886122,,212.7
2097,-4.300000000000001,0,4,3,1,1.1603506784886122,,212.8
2098,-5.4,0,5,4,1,1.1603506784886122,,212.9
2099,-5.0,0,9,4,1,1.1603506784886122,,213.0
2100,-4.300000000000001,0,4,3,1,1.1603506784886122,,213.1
2101,-4.300000000000001,0,4,3,1,1.1603506784886122,,213.2
2102,0.30000000000000004,0,7,4,1,1.1603506784886122,,213.2
2103,-5.4,0,5,4,1,1.1603506784886122,,213.3
2104,-4.300000000000001,0,4,3,1,1.1603506784886122,,213.4
2105,-4.300000000000001,0,4,3,1,1.1603506784886122,,213.5
2106,-5.4,0,5,4,1,1.1603506784886122,,213.5
2107,-5.4,0,5,4,1,1.1603506784886122,,213.6
2108,-2.3000000000000003,0,4,3,1,1.1603506784886122,,213.7
2109,-2.3000000000000003,0,4,3,1,1.1603506784886122,,213.8
2110,-5.6000000000000005,0,6,3,1,1.1603506784886122,,213.9
2111,-2.3000000000000003,0,4,3,1,1.1603506784886122,,213.9
2112,-2.3000000000000003,0,4,3,1,1.1603506784886122,,214.0
2113,5.7,1,4,3,1,1.1603506784886122,,214.1
2114,-4.300000000000001,0,4,3,1,1.1603506784886122,,214.2
2115,-4.300000000000001,0,4,3,1,1.1603506784886122,,214.3
2116,-4.300000000000001,0,4,3,1,1.1603506784886122,,214.3
2117,-4.6,0,6,3,1,1.1603506784886122,,214.4
2118,-6.700000000000001,0,7,4,1,1.1603506784886122,,214.5
2119,-2.3000000000000003,0,4,3,1,1.1603506784886122,,214.7
2120,4.4,1,6,3,1,1.1603506784886122,,214.7
2121,-4.300000000000001,0,4,3,1,1.1603506784886122,,214.8
2122,-5.4,0,5,4,1,1.1603506784886122,,214.9
2123,-4.300000000000001,0,4,3,1,1.1603506784886122,,215.0
2124,-4.300000000000001,0,4,3,1,1.1603506784886122,,215.1
2125,-2.3000000000000003,0,4,3,1,1.1603506784886122,,215.2
2126,-4.300000000000001,0,4,3,1,1.1603506784886122,,215.2
2127,-0.30000000000000004,0,4,3,1,1.1603506784886122,,215.3
2128,-4.300000000000001,0,4,3,1,1.1603506784886122,,215.4
2129,-4.300000000000001,0,4,3,1,1.1603506784886122,,215.5
2130,-0.30000000000000004,0,4,3,1,1.1603506784886122,,215.5
2131,-4.300000000000001,0,4,3,1,1.1603506784886122,,215.6
2132,-5.4,0,5,4,1,1.1603506784886122,,215.7
2133,-4.300000000000001,0,4,3,1,1.1603506784886122,,215.7
2134,-8.0,0,9,4,1,1.1603506784886122,,215.8
2135,-2.3000000000000003,0,4,3,1,1.1603506784886122,,215.9
2136,-5.4,0,5,4,1,1.1603506784886122,,216.0
2137,-5.4,0,5,4,1,1.1603506784886122,,216.1
2138,-0.30000000000000004,0,4,3,1,1.1603506784886122,,216.2
2139,5.7,1,4,3,1,1.1603506784886122,,216.3
2140,-4.300000000000001,0,4,3,1,1.1603506784886122,,216.4
2141,-4.300000000000001,0,4,3,1,1.1603506784886122,,216.5
2142,-4.300000000000001,0,4,3,1,1.1603506784886122,,216.6
2143,-4.300000000000001,0,4,3,1,1.1603506784886122,,216.6
2144,-4.300000000000001,0,4,3,1,1.1603506784886122,,216.7
2145,-2.3000000000000003,0,4,3,1,1.1603506784886122,,216.8
2146,-4.300000000000001,0,4,3,1,1.1603506784886122,,216.9
2147,-5.6000000000000005,0,6,3,1,1.1603506784886122,,217.0
2148,-4.300000000000001,0,4,3,1,1.1603506784886122,,217.0
2149,-5.4,0,5,4,1,1.1603506784886122,,217.1
2150,-4.300000000000001,0,4,3,1,1.1603506784886122,,217.2
2151,-4.700000000000001,0,7,4,1,1.1603506784886122,,217.3
2152,-2.6,0,6,3,1,1.1603506784886122,,217.4
2153,-4.300000000000001,0,4,3,1,1.1603506784886122,,217.4
2154,-3.6000000000000005,0,6,3,1,1.1603506784886122,,217.5
2155,-4.300000000000001,0,4,3,1,1.1603506784886122,,217.6
2156,-3.6000000000000005,0,6,3,1,1.0670482977293432,0.5632382031762972,218.4
2157,-4.300000000000001,0,4,3,1,1.0670482977293432,,218.4
2158,-4.300000000000001,0,4,3,1,1.0670482977293432,,218.5
2159,-4.300000000000001,0,4,3,1,1.0670482977293432,,218.6
2160,-4.300000000000001,0,4,3,1,1.0670482977293432,,218.7
2161,-4.300000000000001,0,4,3,1,1.0670482977293432,,218.8
2162,-4.300000000000001,0,4,3,1,1.0670482977293432,,218.8
2163,-4.300000000000001,0,4,3,1,1.0670482977293432,,218.9
2164,-4.300000000000001,0,4,3,1,1.0670482977293432,,219.0
2165,-5.4,0,5,4,1,1.0670482977293432,,219.1
2166,-4.300000000000001,0,4,3,1,1.0670482977293432,,219.2
2167,5.7,1,4,3,1,1.0670482977293432,,219.2
2168,-4.300000000000001,0,4,3,1,1.0670482977293432,,219.3
2169,-2.3000000000000003,0,4,3,1,1.0670482977293432,,219.4
2170,-4.300000000000001,0,4,3,1,1.0670482977293432,,219.5
2171,-2.3000000000000003,0,4,3,1,1.0670482977293432,,219.5
2172,-4.300000000000001,0,4,3,1,1.0670482977293432,,219.6
2173,-2.3000000000000003,0,4,3,1,1.0670482977293432,,219.7
2174,-4.300000000000001,0,4,3,1,1.0670482977293432,,219.8
2175,-2.3000000000000003,0,4,3,1,1.0670482977293432,,219.8
2176,-5.6000000000000005,0,6,3,1,1.0670482977293432,,219.9
2177,-0.30000000000000004,0,4,3,1,1.0670482977293432,,220.0
2178,-1.4000000000000001,0,5,4,1,1.0670482977293432,,220.1
2179,-4.300000000000001,0,4,3,1,1.0670482977293432,,220.2
2180,-4.300000000000001,0,4,3,1,1.0670482977293432,,220.3
2181,-5.6000000000000005,0,6,3,1,1.0670482977293432,,220.3
2182,-4.300000000000001,0,4,3,1,1.0670482977293432,,220.4
2183,-4.300000000000001,0,4,3,1,1.0670482977293432,,220.5
2184,-4.300000000000001,0,4,3,1,1.0670482977293432,,220.6
2185,-4.300000000000001,0,4,3,1,1.0670482977293432,,220.6
2186,-1.6,0,6,3,1,1.0670482977293432,,220.8
2187,-4.300000000000001,0,4,3,1,1.0670482977293432,,220.9
2188,-4.300000000000001,0,4,3,1,1.0670482977293432,,220.9
2189,-4.300000000000001,0,4,3,1,1.0670482977293432,,221.0
2190,-5.6000000000000005,0,6,3,1,1.0670482977293432,,221.1
2191,-4.300000000000001,0,4,3,1,1.0670482977293432,,221.1
2192,-3.6000000000000005,0,6,3,1,1.0670482977293432,,221.2
2193,-0.30000000000000004,0,4,3,1,1.0670482977293432,,221.3
2194,-2.3000000000000003,0,4,3,1,1.0670482977293432,,221.3
2195,-5.6000000000000005,0,6,3,1,1.0670482977293432,,221.4
2196,-4.300000000000001,0,4,3,1,1.0670482977293432,,221.5
2197,-4.300000000000001,0,4,3,1,1.0670482977293432,,221.6
2198,-4.300000000000001,0,4,3,1,1.0670482977293432,,221.6
2199,-0.30000000000000004,0,4,3,1,1.0670482977293432,,221.7
2200,-2.3000000000000003,0,4,3,1,1.0670482977293432,,221.8
2201,-5.6000000000000005,0,6,3,1,1.0670482977293432,,221.9
2202,-4.300000000000001,0,4,3,1,1.0670482977293432,,222.0
2203,-4.300000000000001,0,4,3,1,1.0670482977293432,,222.1
2204,-2.3000000000000003,0,4,3,1,1.0670482977293432,,222.1
2205,-4.9,0,8,3,1,1.0670482977293432,,222.2
2206,-4.300000000000001,0,4,3,1,1.0670482977293432,,222.3
2207,-4.300000000000001,0,4,3,1,1.0670482977293432,,222.4
2208,-4.300000000000001,0,4,3,1,1.0670482977293432,,222.5
2209,-4.300000000000001,0,4,3,1,1.0670482977293432,,222.6
2210,-0.30000000000000004,0,4,3,1,1.0670482977293432,,222.7
2211,-2.3000000000000003,0,4,3,1,1.0670482977293432,,222.7
2212,-4.6000000000000005,0,6,3,1,1.0670482977293432,,222.8
2213,-4.300000000000001,0,4,3,1,1.0670482977293432,,222.9
2214,-4.300000000000001,0,4,3,1,1.0670482977293432,,223.0
2215,-4.300000000000001,0,4,3,1,1.0670482977293432,,223.0
2216,-4.300000000000001,0,4,3,1,1.0670482977293432,,223.1
2217,-4.300000000000001,0,4,3,1,1.0670482977293432,,223.1
2218,-4.300000000000001,0,4,3,1,1.0670482977293432,,223.2
2219,-2.3000000000000003,0,4,3,1,1.0670482977293432,,223.3
2220,-2.3000000000000003,0,4,3,1,1.0670482977293432,,223.4
2221,-0.30000000000000004,0,4,3,1,1.0670482977293432,,223.4
2222,-2.3000000000000003,0,4,3,1,1.0670482977293432,,223.5
2223,-0.6000000000000001,0,6,3,1,1.0670482977293432,,223.5
2224,-4.300000000000001,0,4,3,1,1.0670482977293432,,223.6
2225,-4.300000000000001,0,4,3,1,1.0670482977293432,,223.6
2226,-4.300000000000001,0,4,3,1,1.0670482977293432,,223.8
2227,-4.300000000000001,0,4,3,1,1.0670482977293432,,223.8
2228,-4.300000000000001,0,4,3,1,1.0670482977293432,,223.9
2229,-0.30000000000000004,0,4,3,1,1.0670482977293432,,224.0
2230,-2.3000000000000003,0,4,3,1,1.0670482977293432,,224.1
2231,-4.300000000000001,0,4,3,1,1.0670482977293432,,224.2
2232,-4.300000000000001,0,4,3,1,1.0670482977293432,,224.3
2233,-4.300000000000001,0,4,3,1,1.0670482977293432,,224.4
2234,-2.3000000000000003,0,4,3,1,1.0670482977293432,,224.5
2235,-4.300000000000001,0,4,3,1,1.0670482977293432,,224.6
2236,-5.6000000000000005,0,6,3,1,1.0670482977293432,,224.7
2237,-4.300000000000001,0,4,3,1,1.0670482977293432,,224.8
2238,-2.3000000000000003,0,4,3,1,1.0670482977293432,,224.9
2239,-4.300000000000001,0,4,3,1,1.0670482977293432,,225.0
2240,-4.300000000000001,0,4,3,1,1.0670482977293432,,225.0
2241,-4.300000000000001,0,4,3,1,1.0670482977293432,,225.1
2242,-1.4000000000000001,0,5,4,1,1.0670482977293432,,225.2
2243,-4.300000000000001,0,4,3,1,1.0670482977293432,,225.3
2244,-2.3000000000000003,0,4,3,1,1.0670482977293432,,225.4
2245,-4.300000000000001,0,4,3,1,1.0670482977293432,,225.4
2246,-2.3000000000000003,0,4,3,1,1.0670482977293432,,225.5
2247,-4.300000000000001,0,4,3,1,1.0670482977293432,,225.6
2248,-4.300000000000001,0,4,3,1,1.0670482977293432,,225.7
2249,-4.300000000000001,0,4,3,1,1.0670482977293432,,225.7
2250,-2.3000000000000003,0,4,3,1,1.0670482977293432,,225.8
2251,-0.30000000000000004,0,4,3,1,1.0670482977293432,,225.9
2252,-3.6000000000000005,0,6,3,1,1.0670482977293432,,226.0
2253,-4.300000000000001,0,4,3,1,1.0670482977293432,,226.0
2254,-4.300000000000001,0,4,3,1,1.0670482977293432,,226.1
2255,-5.4,0,5,4,1,1.0670482977293432,,226.2
2256,-4.300000000000001,0,4,3,1,1.0670482977293432,,226.3
2257,-4.300000000000001,0,4,3,1,1.0670482977293432,,226.3
2258,-2.3000000000000003,0,4,3,1,1.0670482977293432,,226.4
2259,-4.300000000000001,0,4,3,1,1.0670482977293432,,226.5
2260,-4.300000000000001,0,4,3,1,1.0670482977293432,,226.6
2261,-2.3000000000000003,0,4,3,1,1.0670482977293432,,226.7
2262,5.7,1,4,3,1,1.0670482977293432,,226.7
2263,-4.300000000000001,0,4,3,1,1.0670482977293432,,226.7
2264,-4.300000000000001,0,4,3,1,1.0670482977293432,,226.8
2265,-4.300000000000001,0,4,3,1,1.0670482977293432,,226.9
2266,-4.300000000000001,0,4,3,1,1.0670482977293432,,227.0
2267,-4.300000000000001,0,4,3,1,1.0670482977293432,,227.1
2268,-4.300000000000001,0,4,3,1,1.0670482977293432,,227.2
2269,-4.300000000000001,0,4,3,1,1.0670482977293432,,227.2
2270,-4.300000000000001,0,4,3,1,1.0670482977293432,,227.3
2271,-5.4,0,5,4,1,1.0670482977293432,,227.4
2272,-4.300000000000001,0,4,3,1,1.0670482977293432,,227.4
2273,-4.300000000000001,0,4,3,1,1.0670482977293432,,227.5
2274,-4.6,0,6,3,1,1.0670482977293432,,227.6
2275,-3.4000000000000004,0,5,4,1,1.0670482977293432,,227.6
2276,-4.6000000000000005,0,6,3,1,1.0670482977293432,,227.7
2277,-2.3000000000000003,0,4,3,1,1.0670482977293432,,227.8
2278,-3.9000000000000004,0,8,3,1,1.0670482977293432,,227.9
2279,-4.300000000000001,0,4,3,1,1.0670482977293432,,228.0
2280,-4.300000000000001,0,4,3,1,1.0670482977293432,,228.1
2281,-4.300000000000001,0,4,3,1,1.0670482977293432,,228.2
2282,-4.300000000000001,0,4,3,1,1.0670482977293432,,228.2
2283,-4.300000000000001,0,4,3,1,1.0670482977293432,,228.3
2284,-4.300000000000001,0,4,3,1,1.0670482977293432,,228.4
2285,-4.300000000000001,0,4,3,1,1.0670482977293432,,228.5
2286,-4.300000000000001,0,4,3,1,1.0670482977293432,,228.6
2287,-3.6,0,6,3,1,1.0670482977293432,,228.7
2288,-5.6000000000000005,0,6,3,1,1.0670482977293432,,228.7
2289,-2.3000000000000003,0,4,3,1,1.0670482977293432,,228.8
2290,-2.3000000000000003,0,4,3,1,1.0670482977293432,,228.9
2291,-0.30000000000000004,0,4,3,1,1.0670482977293432,,229.0
2292,-4.300000000000001,0,4,3,1,1.0670482977293432,,229.1
2293,-4.300000000000001,0,4,3,1,1.0670482977293432,,229.1
2294,-4.300000000000001,0,4,3,1,1.0670482977293432,,229.2
2295,-4.300000000000001,0,4,3,1,1.0670482977293432,,229.2
2296,-2.3000000000000003,0,4,3,1,1.0670482977293432,,229.3
2297,-4.300000000000001,0,4,3,1,1.0670482977293432,,229.3
2298,-5.4,0,5,4,1,1.0670482977293432,,229.4
2299,-4.300000000000001,0,4,3,1,1.0670482977293432,,229.5
2300,-0.30000000000000004,0,4,3,1,1.0670482977293432,,229.6
2301,-4.300000000000001,0,4,3,1,1.0670482977293432,,229.7
2302,-4.300000000000001,0,4,3,1,1.0670482977293432,,229.7
2303,-4.300000000000001,0,4,3,1,1.0670482977293432,,229.8
2304,-2.3000000000000003,0,4,3,1,1.0670482977293432,,229.9
2305,-4.300000000000001,0,4,3,1,1.0670482977293432,,229.9
2306,-4.300000000000001,0,4,3,1,1.0670482977293432,,230.0
2307,-2.3000000000000003,0,4,3,1,1.0670482977293432,,230.1
2308,-4.300000000000001,0,4,3,1,1.0670482977293432,,230.2
2309,-4.300000000000001,0,4,3,1,1.0670482977293432,,230.3
2310,-4.300000000000001,0,4,3,1,1.0670482977293432,,230.3
2311,-4.300000000000001,0,4,3,1,1.0670482977293432,,230.4
2312,-4.300000000000001,0,4,3,1,1.0670482977293432,,230.4
2313,-4.300000000000001,0,4,3,1,1.0670482977293432,,230.5
2314,-1.6,0,6,3,1,1.0670482977293432,,230.6
2315,-4.300000000000001,0,4,3,1,1.0670482977293432,,230.7
2316,-4.300000000000001,0,4,3,1,1.0670482977293432,,230.8
2317,-4.300000000000001,0,4,3,1,1.0670482977293432,,230.9
2318,-2.3000000000000003,0,4,3,1,1.0670482977293432,,231.0
2319,-4.300000000000001,0,4,3,1,1.0670482977293432,,231.0
2320,-2.3000000000000003,0,4,3,1,1.0670482977293432,,231.1
2321,-2.3000000000000003,0,4,3,1,1.0670482977293432,,231.2
2322,-4.300000000000001,0,4,3,1,1.0670482977293432,,231.3
2323,-4.300000000000001,0,4,3,1,1.0670482977293432,,231.3
2324,-4.300000000000001,0,4,3,1,1.0670482977293432,,231.4
2325,-4.300000000000001,0,4,3,1,1.0670482977293432,,231.5
2326,-0.30000000000000004,0,4,3,1,1.0670482977293432,,231.6
2327,-5.6000000000000005,0,6,3,1,1.0670482977293432,,231.7
2328,-1.6,0,6,3,1,1.0670482977293432,,231.7
2329,-0.30000000000000004,0,4,3,1,1.0670482977293432,,231.8
2330,-2.3000000000000003,0,4,3,1,1.0670482977293432,,231.9
2331,-0.30000000000000004,0,4,3,1,1.0670482977293432,,232.0
2332,-4.300000000000001,0,4,3,1,1.0670482977293432,,232.0
2333,-4.300000000000001,0,4,3,1,1.0670482977293432,,232.1
2334,-4.300000000000001,0,4,3,1,1.0670482977293432,,232.2
2335,-4.300000000000001,0,4,3,1,1.0670482977293432,,232.3
2336,-4.300000000000001,0,4,3,1,1.0670482977293432,,232.3
2337,-0.30000000000000004,0,4,3,1,1.0670482977293432,,232.4
2338,5.7,1,4,3,1,1.0670482977293432,,232.5
2339,-2.3000000000000003,0,4,3,1,1.0670482977293432,,232.6
2340,-2.3000000000000003,0,4,3,1,1.0670482977293432,,232.6
2341,-2.3000000000000003,0,4,3,1,1.0670482977293432,,232.7
2342,-6.9,0,8,3,1,1.0670482977293432,,232.8
2343,-4.300000000000001,0,4,3,1,1.0670482977293432,,232.9
2344,5.7,1,4,3,1,1.0670482977293432,,232.9
2345,-4.300000000000001,0,4,3,1,1.0670482977293432,,233.0
2346,-4.300000000000001,0,4,3,1,1.0670482977293432,,233.1
2347,-2.3000000000000003,0,4,3,1,1.0670482977293432,,233.2
2348,-4.300000000000001,0,4,3,1,1.0670482977293432,,233.2
2349,-4.300000000000001,0,4,3,1,1.0670482977293432,,233.3
2350,-4.300000000000001,0,4,3,1,1.0670482977293432,,233.3
2351,-2.3000000000000003,0,4,3,1,1.0670482977293432,,233.4
2352,-4.300000000000001,0,4,3,1,1.0670482977293432,,233.5
2353,-2.3000000000000003,0,4,3,1,1.0670482977293432,,233.6
2354,-4.300000000000001,0,4,3,1,1.0670482977293432,,233.6
2355,-3.4000000000000004,0,5,4,1,1.0670482977293432,,233.7
2356,-4.300000000000001,0,4,3,1,1.0670482977293432,,233.8
2357,-4.300000000000001,0,4,3,1,1.0670482977293432,,233.9
2358,-4.300000000000001,0,4,3,1,1.0670482977293432,,233.9
2359,-4.300000000000001,0,4,3,1,1.0670482977293432,,234.0
2360,-2.3000000000000003,0,4,3,1,1.0670482977293432,,234.0
2361,-4.300000000000001,0,4,3,1,1.0670482977293432,,234.1
2362,-4.300000000000001,0,4,3,1,1.0670482977293432,,234.1
2363,-0.30000000000000004,0,4,3,1,1.0670482977293432,,234.2
2364,-4.300000000000001,0,4,3,1,1.0670482977293432,,234.4
2365,5.7,1,4,3,1,1.0670482977293432,,234.4
2366,-5.6000000000000005,0,6,3,1,1.0670482977293432,,234.4
2367,-4.300000000000001,0,4,3,1,1.0670482977293432,,234.5
2368,-4.6000000000000005,0,6,3,1,1.0670482977293432,,234.6
2369,-4.300000000000001,0,4,3,1,1.0670482977293432,,234.7
2370,-4.300000000000001,0,4,3,1,1.0670482977293432,,234.8
2371,-2.3000000000000003,0,4,3,1,1.0670482977293432,,234.9
2372,-4.300000000000001,0,4,3,1,1.0670482977293432,,235.0
2373,-5.6000000000000005,0,6,3,1,1.0670482977293432,,235.1
2374,-4.300000000000001,0,4,3,1,1.0670482977293432,,235.1
2375,-4.300000000000001,0,4,3,1,1.0670482977293432,,235.2
2376,-4.300000000000001,0,4,3,1,1.0670482977293432,,235.3
2377,-4.300000000000001,0,4,3,1,1.0670482977293432,,235.3
2378,-4.300000000000001,0,4,3,1,1.0670482977293432,,235.4
2379,-4.300000000000001,0,4,3,1,1.0670482977293432,,235.5
2380,-0.30000000000000004,0,4,3,1,1.0670482977293432,,235.6
2381,-5.6000000000000005,0,6,3,1,1.0670482977293432,,235.7
2382,-4.300000000000001,0,4,3,1,1.0670482977293432,,235.8
2383,-4.300000000000001,0,4,3,1,1.0670482977293432,,235.8
2384,-3.6000000000000005,0,6,3,1,1.0670482977293432,,235.9
2385,-0.30000000000000004,0,4,3,1,1.0670482977293432,,236.0
2386,-0.30000000000000004,0,4,3,1,1.0670482977293432,,236.1
2387,-4.300000000000001,0,4,3,1,1.0670482977293432,,236.1
2388,5.7,1,4,3,1,1.0670482977293432,,236.2
2389,-2.3000000000000003,0,4,3,1,1.0670482977293432,,236.3
2390,-4.6,0,6,3,1,1.0670482977293432,,236.3
2391,-4.300000000000001,0,4,3,1,1.0670482977293432,,236.4
2392,-4.300000000000001,0,4,3,1,1.0670482977293432,,236.5
2393,-4.6,0,6,3,1,1.0670482977293432,,236.5
2394,-0.30000000000000004,0,4,3,1,1.0670482977293432,,236.6
2395,-5.6000000000000005,0,6,3,1,1.0670482977293432,,236.7
2396,-4.300000000000001,0,4,3,1,1.0670482977293432,,236.8
2397,-0.30000000000000004,0,4,3,1,1.0670482977293432,,236.8
2398,-4.300000000000001,0,4,3,1,1.0670482977293432,,236.9
2399,-4.300000000000001,0,4,3,1,1.0670482977293432,,236.9
2400,-4.300000000000001,0,4,3,1,1.0670482977293432,,237.0
2401,-4.300000000000001,0,4,3,1,1.0670482977293432,,237.1
2402,-4.300000000000001,0,4,3,1,1.0670482977293432,,237.1
2403,-4.300000000000001,0,4,3,1,1.0670482977293432,,237.2
2404,-4.300000000000001,0,4,3,1,1.0670482977293432,,237.3
2405,-3.4000000000000004,0,5,4,1,1.0670482977293432,,237.4
2406,-4.300000000000001,0,4,3,1,1.0670482977293432,,237.5
2407,-2.3000000000000003,0,4,3,1,1.0670482977293432,,237.5
2408,-4.300000000000001,0,4,3,1,1.0670482977293432,,237.7
2409,6.6,1,5,4,1,1.0670482977293432,,237.7
2410,-4.300000000000001,0,4,3,1,1.0670482977293432,,237.9
2411,-1.6,0,6,3,1,1.0670482977293432,,237.9
2412,-4.300000000000001,0,4,3,1,1.0670482977293432,,238.0
2413,-2.3000000000000003,0,4,3,1,1.0670482977293432,,238.1
2414,-2.3000000000000003,0,4,3,1,1.0670482977293432,,238.2
2415,-0.30000000000000004,0,4,3,1,1.0670482977293432,,238.3
2416,-4.300000000000001,0,4,3,1,1.0670482977293432,,238.4
2417,-2.3000000000000003,0,4,3,1,1.0670482977293432,,238.5
2418,-4.300000000000001,0,4,3,1,1.0670482977293432,,238.6
2419,-4.300000000000001,0,4,3,1,1.0670482977293432,,238.6
2420,-2.3000000000000003,0,4,3,1,1.0670482977293432,,238.7
2421,-2.3000000000000003,0,4,3,1,1.0670482977293432,,238.8
2422,-4.300000000000001,0,4,3,1,1.0670482977293432,,238.9
2423,-4.300000000000001,0,4,3,1,1.0670482977293432,,239.0
2424,-2.3000000000000003,0,4,3,1,1.0670482977293432,,239.0
2425,-2.3000000000000003,0,4,3,1,1.0670482977293432,,239.1
2426,-2.6,0,6,3,1,1.0670482977293432,,239.2
2427,-2.3000000000000003,0,4,3,1,1.0670482977293432,,239.3
2428,-0.30000000000000004,0,4,3,1,1.0670482977293432,,239.3
2429,-2.3000000000000003,0,4,3,1,1.0670482977293432,,239.4
2430,-4.300000000000001,0,4,3,1,1.0670482977293432,,239.4
2431,-4.300000000000001,0,4,3,1,1.0670482977293432,,239.5
2432,-4.6,0,6,3,1,1.0670482977293432,,239.6
2433,-4.300000000000001,0,4,3,1,1.0670482977293432,,239.7
2434,-4.300000000000001,0,4,3,1,1.0670482977293432,,239.7
2435,-4.300000000000001,0,4,3,1,1.0670482977293432,,239.8
2436,-4.300000000000001,0,4,3,1,1.0670482977293432,,239.9
2437,-4.300000000000001,0,4,3,1,1.0670482977293432,,239.9
2438,-0.30000000000000004,0,4,3,1,1.0670482977293432,,240.0
2439,-4.300000000000001,0,4,3,1,1.0670482977293432,,240.1
2440,-2.3000000000000003,0,4,3,1,1.0670482977293432,,240.1
2441,-4.300000000000001,0,4,3,1,1.0670482977293432,,240.2
2442,-2.3000000000000003,0,4,3,1,1.0670482977293432,,240.3
2443,-0.30000000000000004,0,4,3,1,1.0670482977293432,,240.3
2444,-4.300000000000001,0,4,3,1,1.0670482977293432,,240.4
2445,-2.3000000000000003,0,4,3,1,1.0670482977293432,,240.4
2446,-4.300000000000001,0,4,3,1,1.0670482977293432,,240.5
2447,-4.300000000000001,0,4,3,1,1.0670482977293432,,240.6
2448,-4.300000000000001,0,4,3,1,1.0670482977293432,,240.7
2449,-4.300000000000001,0,4,3,1,1.0670482977293432,,240.8
2450,-2.3000000000000003,0,4,3,1,1.0670482977293432,,240.9
2451,-4.300000000000001,0,4,3,1,1.0670482977293432,,241.0
2452,-2.3000000000000003,0,4,3,1,1.0670482977293432,,241.0
2453,-5.6000000000000005,0,6,3,1,1.0670482977293432,,241.1
2454,-2.3000000000000003,0,4,3,1,1.0670482977293432,,241.2
2455,-4.300000000000001,0,4,3,1,1.0670482977293432,,241.2
2456,-4.300000000000001,0,4,3,1,1.0670482977293432,,241.3
2457,-2.3000000000000003,0,4,3,1,1.0670482977293432,,241.4
2458,-4.300000000000001,0,4,3,1,1.0670482977293432,,241.5
2459,-4.300000000000001,0,4,3,1,1.0670482977293432,,241.6
2460,-2.6000000000000005,0,6,3,1,1.0670482977293432,,241.7
2461,-3.6,0,6,3,1,1.0670482977293432,,241.8
2462,-4.300000000000001,0,4,3,1,1.0670482977293432,,241.8
2463,-0.30000000000000004,0,4,3,1,1.0670482977293432,,241.9
2464,-4.300000000000001,0,4,3,1,1.0670482977293432,,242.0
2465,-4.300000000000001,0,4,3,1,1.0670482977293432,,242.1
2466,-2.3000000000000003,0,4,3,1,1.0670482977293432,,242.1
2467,-4.300000000000001,0,4,3,1,1.0670482977293432,,242.2
2468,-4.300000000000001,0,4,3,1,1.0670482977293432,,242.2
2469,-2.3000000000000003,0,4,3,1,1.0670482977293432,,242.3
2470,-4.300000000000001,0,4,3,1,1.0670482977293432,,242.4
2471,-2.3000000000000003,0,4,3,1,1.0670482977293432,,242.5
2472,-4.300000000000001,0,4,3,1,1.0670482977293432,,242.5
2473,-2.3000000000000003,0,4,3,1,1.0670482977293432,,242.6
2474,-5.4,0,5,4,1,1.0670482977293432,,242.7
2475,-0.30000000000000004,0,4,3,1,1.0670482977293432,,242.8
2476,-5.4,0,5,4,1,1.0670482977293432,,242.9
2477,-4.300000000000001,0,4,3,1,1.0670482977293432,,243.0
2478,-2.3000000000000003,0,4,3,1,1.0670482977293432,,243.0
2479,-4.300000000000001,0,4,3,1,1.0670482977293432,,243.1
2480,-4.300000000000001,0,4,3,1,1.0670482977293432,,243.2
2481,-5.4,0,5,4,1,1.0670482977293432,,243.3
2482,-2.3000000000000003,0,4,3,1,1.0670482977293432,,243.4
2483,-2.3000000000000003,0,4,3,1,1.0670482977293432,,243.4
2484,-2.3000000000000003,0,4,3,1,1.0670482977293432,,243.5
2485,-2.3000000000000003,0,4,3,1,1.0670482977293432,,243.6
2486,-0.30000000000000004,0,4,3,1,1.0670482977293432,,243.6
2487,-4.300000000000001,0,4,3,1,1.0670482977293432,,243.7
2488,-0.30000000000000004,0,4,3,1,1.0670482977293432,,243.8
2489,-4.300000000000001,0,4,3,1,1.0670482977293432,,243.9
2490,-4.300000000000001,0,4,3,1,1.0670482977293432,,243.9
2491,-2.3000000000000003,0,4,3,1,1.0670482977293432,,244.0
2492,-5.6000000000000005,0,6,3,1,1.0670482977293432,,244.1
2493,-4.300000000000001,0,4,3,1,1.0670482977293432,,244.3
2494,-4.300000000000001,0,4,3,1,1.0670482977293432,,244.3
2495,-4.300000000000001,0,4,3,1,1.0670482977293432,,244.4
2496,-3.6000000000000005,0,6,3,1,1.0670482977293432,,244.5
2497,-2.3000000000000003,0,4,3,1,1.0670482977293432,,244.6
2498,-2.3000000000000003,0,4,3,1,1.0670482977293432,,244.7
2499,-4.300000000000001,0,4,3,1,1.0670482977293432,,244.8
2500,-4.300000000000001,0,4,3,1,1.0670482977293432,,244.8
2501,5.7,1,4,3,1,1.0670482977293432,,250.3
2502,-4.300000000000001,0,4,3,1,1.0670482977293432,,250.4
2503,-4.300000000000001,0,4,3,1,1.0670482977293432,,250.5
2504,-0.30000000000000004,0,4,3,1,1.0670482977293432,,250.6
2505,-0.30000000000000004,0,4,3,1,1.0670482977293432,,250.6
2506,-4.300000000000001,0,4,3,1,1.0670482977293432,,250.7
2507,-4.300000000000001,0,4,3,1,1.0670482977293432,,250.7
2508,-4.6000000000000005,0,6,3,1,1.0670482977293432,,250.8
2509,-0.30000000000000004,0,4,3,1,1.0670482977293432,,250.9
2510,-4.300000000000001,0,4,3,1,1.0670482977293432,,250.9
2511,-4.300000000000001,0,4,3,1,1.0670482977293432,,251.0
2512,-4.300000000000001,0,4,3,1,1.0670482977293432,,251.1
2513,-4.300000000000001,0,4,3,1,1.0670482977293432,,251.2
2514,-4.300000000000001,0,4,3,1,1.0670482977293432,,251.2
2515,-4.300000000000001,0,4,3,1,1.0670482977293432,,251.3
2516,-4.6,0,6,3,1,1.0670482977293432,,251.4
2517,-5.6000000000000005,0,6,3,1,1.0670482977293432,,251.5
2518,-2.3000000000000003,0,4,3,1,1.0670482977293432,,251.6
2519,-4.300000000000001,0,4,3,1,1.0670482977293432,,251.6
2520,-2.3000000000000003,0,4,3,1,1.0670482977293432,,251.7
2521,-4.300000000000001,0,4,3,1,1.0670482977293432,,251.8
2522,-4.300000000000001,0,4,3,1,1.0670482977293432,,251.9
2523,-2.3000000000000003,0,4,3,1,1.0670482977293432,,252.0
2524,-5.9,0,8,3,1,1.0670482977293432,,252.1
2525,-4.300000000000001,0,4,3,1,1.0670482977293432,,252.1
2526,-4.300000000000001,0,4,3,1,1.0670482977293432,,252.2
2527,-4.300000000000001,0,4,3,1,1.0670482977293432,,252.3
2528,-0.30000000000000004,0,4,3,1,1.0670482977293432,,252.3
2529,-3.6000000000000005,0,6,3,1,1.0670482977293432,,252.4
2530,-2.3000000000000003,0,4,3,1,1.0670482977293432,,252.5
2531,-4.300000000000001,0,4,3,1,1.0670482977293432,,252.5
2532,-0.30000000000000004,0,4,3,1,1.0670482977293432,,252.6
2533,-2.3000000000000003,0,4,3,1,1.0670482977293432,,252.7
2534,-2.3000000000000003,0,4,3,1,1.0670482977293432,,252.7
2535,-4.6000000000000005,0,6,3,1,1.0670482977293432,,252.8
2536,-4.300000000000001,0,4,3,1,1.0670482977293432,,252.9
2537,-5.6000000000000005,0,6,3,1,1.0670482977293432,,253.0
2538,-4.300000000000001,0,4,3,1,1.0670482977293432,,253.1
2539,-2.3000000000000003,0,4,3,1,1.0670482977293432,,253.1
2540,-0.30000000000000004,0,4,3,1,1.0670482977293432,,253.2
2541,-4.300000000000001,0,4,3,1,1.0670482977293432,,253.2
2542,-4.300000000000001,0,4,3,1,1.0670482977293432,,253.3
2543,-4.300000000000001,0,4,3,1,1.0670482977293432,,253.4
2544,-3.4000000000000004,0,5,4,1,1.0670482977293432,,253.5
2545,-2.3000000000000003,0,4,3,1,1.0670482977293432,,253.6
2546,-4.300000000000001,0,4,3,1,1.0670482977293432,,253.7
2547,-4.300000000000001,0,4,3,1,1.0670482977293432,,253.7
2548,-2.3000000000000003,0,4,3,1,1.0670482977293432,,253.8
2549,-4.300000000000001,0,4,3,1,1.0670482977293432,,253.8
2550,-2.3000000000000003,0,4,3,1,1.0670482977293432,,253.9
2551,-4.300000000000001,0,4,3,1,1.0670482977293432,,254.0
2552,-4.300000000000001,0,4,3,1,1.0670482977293432,,254.1
2553,5.7,1,4,3,1,1.0670482977293432,,254.1
2554,-4.300000000000001,0,4,3,1,1.0670482977293432,,254.2
2555,-2.3000000000000003,0,4,3,1,1.0670482977293432,,254.3
2556,-4.300000000000001,0,4,3,1,1.0670482977293432,,254.3
2557,-4.300000000000001,0,4,3,1,1.0670482977293432,,254.5
2558,-4.300000000000001,0,4,3,1,1.0670482977293432,,254.6
2559,-4.300000000000001,0,4,3,1,1.0670482977293432,,254.6
2560,-4.300000000000001,0,4,3,1,1.0670482977293432,,254.7
2561,-4.300000000000001,0,4,3,1,1.0670482977293432,,254.8
2562,-4.300000000000001,0,4,3,1,1.0670482977293432,,254.8
2563,-4.300000000000001,0,4,3,1,1.0670482977293432,,254.9
2564,-4.300000000000001,0,4,3,1,1.0670482977293432,,255.0
2565,-2.3000000000000003,0,4,3,1,1.0670482977293432,,255.1
2566,-4.300000000000001,0,4,3,1,1.0670482977293432,,255.2
2567,-4.300000000000001,0,4,3,1,1.0670482977293432,,255.3
2568,-4.300000000000001,0,4,3,1,1.0670482977293432,,255.3
2569,-4.300000000000001,0,4,3,1,1.0670482977293432,,255.4
2570,-4.300000000000001,0,4,3,1,1.0670482977293432,,255.5
2571,-2.3000000000000003,0,4,3,1,1.0670482977293432,,255.5
2572,-2.3000000000000003,0,4,3,1,1.0670482977293432,,255.6
2573,-4.300000000000001,0,4,3,1,1.0670482977293432,,255.7
2574,-5.4,0,5,4,1,1.0670482977293432,,255.7
2575,-4.300000000000001,0,4,3,1,1.0670482977293432,,255.8
2576,-5.6000000000000005,0,6,3,1,1.0670482977293432,,255.9
2577,-4.300000000000001,0,4,3,1,1.0670482977293432,,256.0
2578,-4.300000000000001,0,4,3,1,1.0670482977293432,,256.0
2579,-0.30000000000000004,0,4,3,1,1.0670482977293432,,256.1
2580,-2.3000000000000003,0,4,3,1,1.0670482977293432,,256.1
2581,-2.3000000000000003,0,4,3,1,1.0670482977293432,,256.2
2582,-4.300000000000001,0,4,3,1,1.0670482977293432,,256.3
2583,-4.300000000000001,0,4,3,1,1.0670482977293432,,256.4
2584,-4.300000000000001,0,4,3,1,1.0670482977293432,,256.5
2585,-2.3000000000000003,0,4,3,1,1.0670482977293432,,256.6
2586,-4.300000000000001,0,4,3,1,1.0670482977293432,,256.6
2587,-4.300000000000001,0,4,3,1,1.0670482977293432,,256.7
2588,-2.3000000000000003,0,4,3,1,1.0670482977293432,,256.8
2589,-4.300000000000001,0,4,3,1,1.0670482977293432,,256.9
2590,-3.4000000000000004,0,5,4,1,1.0670482977293432,,256.9
2591,-0.30000000000000004,0,4,3,1,1.0670482977293432,,257.0
2592,5.7,1,4,3,1,1.0670482977293432,,257.1
2593,-5.4,0,5,4,1,1.0670482977293432,,257.2
2594,-2.3000000000000003,0,4,3,1,1.0670482977293432,,257.2
2595,-4.300000000000001,0,4,3,1,1.0670482977293432,,257.3
2596,-4.300000000000001,0,4,3,1,1.0670482977293432,,257.4
2597,-2.3000000000000003,0,4,3,1,1.0670482977293432,,257.4
2598,-2.3000000000000003,0,4,3,1,1.0670482977293432,,257.5
2599,-4.300000000000001,0,4,3,1,1.0670482977293432,,257.6
2600,-4.300000000000001,0,4,3,1,1.0670482977293432,,257.7
2601,-4.300000000000001,0,4,3,1,1.0670482977293432,,257.7
2602,-4.300000000000001,0,4,3,1,1.0670482977293432,,257.8
2603,-5.6000000000000005,0,6,3,1,1.0670482977293432,,257.9
2604,-5.6000000000000005,0,6,3,1,1.0670482977293432,,257.9
2605,-4.300000000000001,0,4,3,1,1.0670482977293432,,258.0
2606,-4.300000000000001,0,4,3,1,1.0670482977293432,,258.1
2607,-4.300000000000001,0,4,3,1,1.0670482977293432,,258.2
2608,-4.300000000000001,0,4,3,1,1.0670482977293432,,258.3
2609,-4.300000000000001,0,4,3,1,1.0670482977293432,,258.4
2610,-4.300000000000001,0,4,3,1,1.0670482977293432,,258.4
2611,5.7,1,4,3,1,1.0670482977293432,,258.5
2612,-4.300000000000001,0,4,3,1,1.0670482977293432,,258.6
2613,-3.9000000000000004,0,8,3,1,1.0670482977293432,,258.6
2614,-2.3000000000000003,0,4,3,1,1.0670482977293432,,258.7
2615,-4.300000000000001,0,4,3,1,1.0670482977293432,,258.7
2616,-2.3000000000000003,0,4,3,1,1.0670482977293432,,258.8
2617,-4.300000000000001,0,4,3,1,1.0670482977293432,,258.9
2618,-2.3000000000000003,0,4,3,1,1.0670482977293432,,258.9
2619,-2.3000000000000003,0,4,3,1,1.0670482977293432,,259.0
2620,-0.30000000000000004,0,4,3,1,1.0670482977293432,,259.1
2621,-4.300000000000001,0,4,3,1,1.0670482977293432,,259.1
2622,-2.3000000000000003,0,4,3,1,1.0670482977293432,,259.2
2623,-2.3000000000000003,0,4,3,1,1.0670482977293432,,259.3
2624,-2.3000000000000003,0,4,3,1,1.0670482977293432,,259.3
2625,-5.6000000000000005,0,6,3,1,1.0670482977293432,,259.4
2626,-4.300000000000001,0,4,3,1,1.0670482977293432,,259.5
2627,-4.300000000000001,0,4,3,1,1.0670482977293432,,259.6
2628,-4.300000000000001,0,4,3,1,1.0670482977293432,,259.7
2629,-4.6000000000000005,0,6,3,1,1.0670482977293432,,259.7
2630,-4.300000000000001,0,4,3,1,1.0670482977293432,,259.8
2631,-4.300000000000001,0,4,3,1,1.0670482977293432,,259.9
2632,-4.300000000000001,0,4,3,1,1.0670482977293432,,259.9
2633,-4.300000000000001,0,4,3,1,1.0670482977293432,,260.0
2634,-4.300000000000001,0,4,3,1,1.0670482977293432,,260.1
2635,-5.6000000000000005,0,6,3,1,1.0670482977293432,,260.2
2636,5.7,1,4,3,1,0.9978374727070332,0.6699146542232484,260.8
2637,-4.300000000000001,0,4,3,1,0.9978374727070332,,260.9
2638,-4.300000000000001,0,4,3,1,0.9978374727070332,,261.0
2639,-2.6000000000000005,0,6,3,1,0.9978374727070332,,261.0
2640,-4.300000000000001,0,4,3,1,0.9978374727070332,,261.1
2641,-4.300000000000001,0,4,3,1,0.9978374727070332,,261.2
2642,-4.300000000000001,0,4,3,1,0.9978374727070332,,261.3
2643,-2.6,0,6,3,1,0.9978374727070332,,261.4
2644,-4.300000000000001,0,4,3,1,0.9978374727070332,,261.4
2645,-4.300000000000001,0,4,3,1,0.9978374727070332,,261.5
2646,-4.300000000000001,0,4,3,1,0.9978374727070332,,261.6
2647,-4.300000000000001,0,4,3,1,0.9978374727070332,,261.7
2648,-4.300000000000001,0,4,3,1,0.9978374727070332,,261.7
2649,-2.9000000000000004,0,8,3,1,0.9978374727070332,,261.8
2650,-2.3000000000000003,0,4,3,1,0.9978374727070332,,261.9
2651,-4.300000000000001,0,4,3,1,0.9978374727070332,,262.0
2652,-4.300000000000001,0,4,3,1,0.9978374727070332,,262.1
2653,-4.300000000000001,0,4,3,1,0.9978374727070332,,262.1
2654,-0.30000000000000004,0,4,3,1,0.9978374727070332,,262.1
2655,-4.300000000000001,0,4,3,1,0.9978374727070332,,262.2
2656,-4.300000000000001,0,4,3,1,0.9978374727070332,,262.3
2657,-4.300000000000001,0,4,3,1,0.9978374727070332,,262.4
2658,-4.300000000000001,0,4,3,1,0.9978374727070332,,262.4
2659,-2.3000000000000003,0,4,3,1,0.9978374727070332,,262.5
2660,-4.300000000000001,0,4,3,1,0.9978374727070332,,262.6
2661,-0.30000000000000004,0,4,3,1,0.9978374727070332,,262.6
2662,-4.300000000000001,0,4,3,1,0.9978374727070332,,262.7
2663,-4.300000000000001,0,4,3,1,0.9978374727070332,,262.8
2664,-4.300000000000001,0,4,3,1,0.9978374727070332,,262.8
2665,-4.300000000000001,0,4,3,1,0.9978374727070332,,262.9
2666,-2.3000000000000003,0,4,3,1,0.9978374727070332,,263.0
2667,-4.300000000000001,0,4,3,1,0.9978374727070332,,263.1
2668,5.7,1,4,3,1,0.9978374727070332,,263.1
2669,-4.300000000000001,0,4,3,1,0.9978374727070332,,263.2
2670,-4.300000000000001,0,4,3,1,0.9978374727070332,,263.3
2671,-4.300000000000001,0,4,3,1,0.9978374727070332,,263.3
2672,-4.300000000000001,0,4,3,1,0.9978374727070332,,263.4
2673,-4.300000000000001,0,4,3,1,0.9978374727070332,,263.5
2674,-2.3000000000000003,0,4,3,1,0.9978374727070332,,263.6
2675,-4.300000000000001,0,4,3,1,0.9978374727070332,,263.6
2676,-2.3000000000000003,0,4,3,1,0.9978374727070332,,263.7
2677,-4.300000000000001,0,4,3,1,0.9978374727070332,,263.8
2678,-4.300000000000001,0,4,3,1,0.9978374727070332,,263.8
2679,-2.3000000000000003,0,4,3,1,0.9978374727070332,,263.9
2680,-4.300000000000001,0,4,3,1,0.9978374727070332,,264.0
2681,-4.300000000000001,0,4,3,1,0.9978374727070332,,264.0
2682,-2.6,0,6,3,1,0.9978374727070332,,264.1
2683,-2.3000000000000003,0,4,3,1,0.9978374727070332,,264.2
2684,-6.9,0,8,3,1,0.9978374727070332,,264.3
2685,-0.30000000000000004,0,4,3,1,0.9978374727070332,,264.3
2686,-4.300000000000001,0,4,3,1,0.9978374727070332,,264.4
2687,-2.3000000000000003,0,4,3,1,0.9978374727070332,,264.4
2688,-4.300000000000001,0,4,3,1,0.9978374727070332,,264.5
2689,-4.300000000000001,0,4,3,1,0.9978374727070332,,264.6
2690,-4.300000000000001,0,4,3,1,0.9978374727070332,,264.6
2691,-4.300000000000001,0,4,3,1,0.9978374727070332,,264.7
2692,-4.300000000000001,0,4,3,1,0.9978374727070332,,264.8
2693,-4.300000000000001,0,4,3,1,0.9978374727070332,,264.9
2694,-4.300000000000001,0,4,3,1,0.9978374727070332,,264.9
2695,-0.30000000000000004,0,4,3,1,0.9978374727070332,,265.0
2696,-3.9000000000000004,0,8,3,1,0.9978374727070332,,265.1
2697,-4.300000000000001,0,4,3,1,0.9978374727070332,,265.2
2698,-4.300000000000001,0,4,3,1,0.9978374727070332,,265.2
2699,-0.30000000000000004,0,4,3,1,0.9978374727070332,,265.3
2700,-4.300000000000001,0,4,3,1,0.9978374727070332,,265.4
2701,-2.3000000000000003,0,4,3,1,0.9978374727070332,,265.4
2702,-0.30000000000000004,0,4,3,1,0.9978374727070332,,265.5
2703,-4.300000000000001,0,4,3,1,0.9978374727070332,,265.6
2704,-2.3000000000000003,0,4,3,1,0.9978374727070332,,265.7
2705,-4.300000000000001,0,4,3,1,0.9978374727070332,,265.7
2706,-1.4000000000000001,0,5,4,1,0.9978374727070332,,265.8
2707,-2.3000000000000003,0,4,3,1,0.9978374727070332,,265.9
2708,-4.300000000000001,0,4,3,1,0.9978374727070332,,266.0
2709,-4.300000000000001,0,4,3,1,0.9978374727070332,,266.1
2710,5.7,1,4,3,1,0.9978374727070332,,266.1
2711,-2.3000000000000003,0,4,3,1,0.9978374727070332,,266.2
2712,-2.3000000000000003,0,4,3,1,0.9978374727070332,,266.2
2713,-4.300000000000001,0,4,3,1,0.9978374727070332,,266.3
2714,-0.30000000000000004,0,4,3,1,0.9978374727070332,,266.4
2715,-0.30000000000000004,0,4,3,1,0.9978374727070332,,266.5
2716,-4.300000000000001,0,4,3,1,0.9978374727070332,,266.6
2717,-4.300000000000001,0,4,3,1,0.9978374727070332,,266.6
2718,-4.300000000000001,0,4,3,1,0.9978374727070332,,266.7
2719,-4.300000000000001,0,4,3,1,0.9978374727070332,,266.8
2720,-3.6,0,6,3,1,0.9978374727070332,,266.8
2721,-4.300000000000001,0,4,3,1,0.9978374727070332,,266.9
2722,-4.300000000000001,0,4,3,1,0.9978374727070332,,267.0
2723,-2.3000000000000003,0,4,3,1,0.9978374727070332,,267.1
2724,-2.3000000000000003,0,4,3,1,0.9978374727070332,,267.1
2725,-4.300000000000001,0,4,3,1,0.9978374727070332,,267.2
2726,-4.300000000000001,0,4,3,1,0.9978374727070332,,267.3
2727,-2.3000000000000003,0,4,3,1,0.9978374727070332,,267.4
2728,-4.300000000000001,0,4,3,1,0.9978374727070332,,267.4
2729,-4.300000000000001,0,4,3,1,0.9978374727070332,,267.5
2730,-4.300000000000001,0,4,3,1,0.9978374727070332,,267.6
2731,-4.300000000000001,0,4,3,1,0.9978374727070332,,267.7
2732,-4.300000000000001,0,4,3,1,0.9978374727070332,,267.7
2733,5.7,1,4,3,1,0.9978374727070332,,267.8
2734,-4.300000000000001,0,4,3,1,0.9978374727070332,,267.9
2735,-4.300000000000001,0,4,3,1,0.9978374727070332,,268.0
2736,-4.300000000000001,0,4,3,1,0.9978374727070332,,268.0
2737,-5.6000000000000005,0,6,3,1,0.9978374727070332,,268.1
2738,-0.6000000000000001,0,6,3,1,0.9978374727070332,,268.2
2739,-5.9,0,8,3,1,0.9978374727070332,,268.3
2740,-4.300000000000001,0,4,3,1,0.9978374727070332,,268.4
2741,5.7,1,4,3,1,0.9978374727070332,,268.5
2742,-4.300000000000001,0,4,3,1,0.9978374727070332,,268.6
2743,-5.6000000000000005,0,6,3,1,0.9978374727070332,,268.6
2744,-4.300000000000001,0,4,3,1,0.9978374727070332,,268.7
2745,-4.300000000000001,0,4,3,1,0.9978374727070332,,268.8
2746,-4.300000000000001,0,4,3,1,0.9978374727070332,,268.9
2747,-2.3000000000000003,0,4,3,1,0.9978374727070332,,268.9
2748,-4.300000000000001,0,4,3,1,0.9978374727070332,,269.0
2749,-0.30000000000000004,0,4,3,1,0.9978374727070332,,269.1
2750,-4.300000000000001,0,4,3,1,0.9978374727070332,,269.1
2751,-4.300000000000001,0,4,3,1,0.9978374727070332,,269.2
2752,-2.3000000000000003,0,4,3,1,0.9978374727070332,,269.3
2753,-4.300000000000001,0,4,3,1,0.9978374727070332,,269.4
2754,-5.4,0,5,4,1,0.9978374727070332,,269.5
2755,-4.300000000000001,0,4,3,1,0.9978374727070332,,269.6
2756,-2.3000000000000003,0,4,3,1,0.9978374727070332,,269.6
2757,-4.300000000000001,0,4,3,1,0.9978374727070332,,269.6
2758,-4.300000000000001,0,4,3,1,0.9978374727070332,,269.7
2759,-4.300000000000001,0,4,3,1,0.9978374727070332,,269.8
2760,-5.6000000000000005,0,6,3,1,0.9978374727070332,,269.9
2761,-4.300000000000001,0,4,3,1,0.9978374727070332,,270.0
2762,-4.300000000000001,0,4,3,1,0.9978374727070332,,270.1
2763,-4.300000000000001,0,4,3,1,0.9978374727070332,,270.2
2764,-4.300000000000001,0,4,3,1,0.9978374727070332,,270.2
2765,-4.300000000000001,0,4,3,1,0.9978374727070332,,270.3
2766,-4.300000000000001,0,4,3,1,0.9978374727070332,,270.4
2767,-4.300000000000001,0,4,3,1,0.9978374727070332,,270.5
2768,-4.300000000000001,0,4,3,1,0.9978374727070332,,270.6
2769,-4.300000000000001,0,4,3,1,0.9978374727070332,,270.7
2770,-4.300000000000001,0,4,3,1,0.9978374727070332,,270.7
2771,-4.300000000000001,0,4,3,1,0.9978374727070332,,270.7
2772,-0.30000000000000004,0,4,3,1,0.9978374727070332,,270.8
2773,-4.300000000000001,0,4,3,1,0.9978374727070332,,270.9
2774,-4.300000000000001,0,4,3,1,0.9978374727070332,,271.0
2775,5.7,1,4,3,1,0.9978374727070332,,271.1
2776,-4.300000000000001,0,4,3,1,0.9978374727070332,,271.2
2777,-4.300000000000001,0,4,3,1,0.9978374727070332,,271.3
2778,-0.30000000000000004,0,4,3,1,0.9978374727070332,,271.3
2779,-4.300000000000001,0,4,3,1,0.9978374727070332,,271.4
2780,-4.300000000000001,0,4,3,1,0.9978374727070332,,271.5
2781,-0.30000000000000004,0,4,3,1,0.9978374727070332,,271.5
2782,-4.300000000000001,0,4,3,1,0.9978374727070332,,271.6
2783,-4.300000000000001,0,4,3,1,0.9978374727070332,,271.7
2784,-5.6000000000000005,0,6,3,1,0.9978374727070332,,271.8
2785,-4.300000000000001,0,4,3,1,0.9978374727070332,,271.9
2786,-2.3000000000000003,0,4,3,1,0.9978374727070332,,271.9
2787,-4.300000000000001,0,4,3,1,0.9978374727070332,,272.0
2788,-2.3000000000000003,0,4,3,1,0.9978374727070332,,272.1
2789,-4.300000000000001,0,4,3,1,0.9978374727070332,,272.1
2790,-4.300000000000001,0,4,3,1,0.9978374727070332,,272.2
2791,-2.3000000000000003,0,4,3,1,0.9978374727070332,,272.3
2792,-4.300000000000001,0,4,3,1,0.9978374727070332,,272.3
2793,-4.300000000000001,0,4,3,1,0.9978374727070332,,272.4
2794,-4.300000000000001,0,4,3,1,0.9978374727070332,,272.4
2795,-4.300000000000001,0,4,3,1,0.9978374727070332,,272.5
2796,-4.300000000000001,0,4,3,1,0.9978374727070332,,272.6
2797,-4.300000000000001,0,4,3,1,0.9978374727070332,,272.7
2798,-4.300000000000001,0,4,3,1,0.9978374727070332,,272.8
2799,-4.300000000000001,0,4,3,1,0.9978374727070332,,272.8
2800,-4.300000000000001,0,4,3,1,0.9978374727070332,,272.9
2801,-4.300000000000001,0,4,3,1,0.9978374727070332,,273.0
2802,-4.300000000000001,0,4,3,1,0.9978374727070332,,273.1
2803,-2.3000000000000003,0,4,3,1,0.9978374727070332,,273.1
2804,-4.300000000000001,0,4,3,1,0.9978374727070332,,273.2
2805,-4.300000000000001,0,4,3,1,0.9978374727070332,,273.2
2806,-4.300000000000001,0,4,3,1,0.9978374727070332,,273.3
2807,-3.6000000000000005,0,6,3,1,0.9978374727070332,,273.4
2808,-4.300000000000001,0,4,3,1,0.9978374727070332,,273.5
2809,-0.30000000000000004,0,4,3,1,0.9978374727070332,,273.5
2810,-4.300000000000001,0,4,3,1,0.9978374727070332,,273.6
2811,-0.30000000000000004,0,4,3,1,0.9978374727070332,,273.6
2812,-4.300000000000001,0,4,3,1,0.9978374727070332,,273.7
2813,-0.30000000000000004,0,4,3,1,0.9978374727070332,,273.8
2814,-0.30000000000000004,0,4,3,1,0.9978374727070332,,273.9
2815,-4.300000000000001,0,4,3,1,0.9978374727070332,,274.0
2816,5.7,1,4,3,1,0.9978374727070332,,274.0
2817,5.7,1,4,3,1,0.9978374727070332,,274.1
2818,-2.3000000000000003,0,4,3,1,0.9978374727070332,,274.2
2819,-4.300000000000001,0,4,3,1,0.9978374727070332,,274.3
2820,-5.6000000000000005,0,6,3,1,0.9978374727070332,,274.3
2821,-4.300000000000001,0,4,3,1,0.9978374727070332,,274.4
2822,-4.300000000000001,0,4,3,1,0.9978374727070332,,274.5
2823,-0.30000000000000004,0,4,3,1,0.9978374727070332,,274.6
2824,-4.300000000000001,0,4,3,1,0.9978374727070332,,274.6
2825,-2.3000000000000003,0,4,3,1,0.9978374727070332,,274.7
2826,-0.30000000000000004,0,4,3,1,0.9978374727070332,,274.8
2827,-2.3000000000000003,0,4,3,1,0.9978374727070332,,274.8
2828,-4.300000000000001,0,4,3,1,0.9978374727070332,,274.9
2829,-4.300000000000001,0,4,3,1,0.9978374727070332,,275.0
2830,-4.300000000000001,0,4,3,1,0.9978374727070332,,275.0
2831,-2.3000000000000003,0,4,3,1,0.9978374727070332,,275.1
2832,-4.300000000000001,0,4,3,1,0.9978374727070332,,275.2
2833,-4.300000000000001,0,4,3,1,0.9978374727070332,,275.3
2834,-4.300000000000001,0,4,3,1,0.9978374727070332,,275.4
2835,-4.300000000000001,0,4,3,1,0.9978374727070332,,275.4
2836,-5.6000000000000005,0,6,3,1,0.9978374727070332,,275.5
2837,-4.300000000000001,0,4,3,1,0.9978374727070332,,275.6
2838,-0.30000000000000004,0,4,3,1,0.9978374727070332,,275.6
2839,-4.300000000000001,0,4,3,1,0.9978374727070332,,275.7
2840,-2.3000000000000003,0,4,3,1,0.9978374727070332,,275.8
2841,5.7,1,4,3,1,0.9978374727070332,,275.9
2842,-4.300000000000001,0,4,3,1,0.9978374727070332,,275.9
2843,-2.3000000000000003,0,4,3,1,0.9978374727070332,,276.0
2844,-4.300000000000001,0,4,3,1,0.9978374727070332,,276.1
2845,-6.700000000000001,0,7,4,1,0.9978374727070332,,276.1
2846,-4.300000000000001,0,4,3,1,0.9978374727070332,,276.2
2847,-2.3000000000000003,0,4,3,1,0.9978374727070332,,276.3
2848,-4.300000000000001,0,4,3,1,0.9978374727070332,,276.3
2849,-4.300000000000001,0,4,3,1,0.9978374727070332,,276.4
2850,4.4,1,6,3,1,0.9978374727070332,,276.5
2851,-3.6000000000000005,0,6,3,1,0.9978374727070332,,276.5
2852,-4.300000000000001,0,4,3,1,0.9978374727070332,,276.6
2853,-4.300000000000001,0,4,3,1,0.9978374727070332,,276.6
2854,-1.6,0,6,3,1,0.9978374727070332,,276.7
2855,-4.300000000000001,0,4,3,1,0.9978374727070332,,276.8
2856,-4.300000000000001,0,4,3,1,0.9978374727070332,,276.8
2857,-4.300000000000001,0,4,3,1,0.9978374727070332,,276.9
2858,-4.300000000000001,0,4,3,1,0.9978374727070332,,277.0
2859,-2.3000000000000003,0,4,3,1,0.9978374727070332,,277.0
2860,-4.300000000000001,0,4,3,1,0.9978374727070332,,277.1
2861,-4.300000000000001,0,4,3,1,0.9978374727070332,,277.2
2862,-4.300000000000001,0,4,3,1,0.9978374727070332,,277.2
2863,-4.300000000000001,0,4,3,1,0.9978374727070332,,277.3
2864,-2.3000000000000003,0,4,3,1,0.9978374727070332,,277.4
2865,-4.300000000000001,0,4,3,1,0.9978374727070332,,277.5
2866,-5.6000000000000005,0,6,3,1,0.9978374727070332,,277.5
2867,-3.6,0,6,3,1,0.9978374727070332,,277.6
2868,-4.300000000000001,0,4,3,1,0.9978374727070332,,277.6
2869,-0.30000000000000004,0,4,3,1,0.9978374727070332,,277.7
2870,-4.300000000000001,0,4,3,1,0.9978374727070332,,277.8
2871,-4.300000000000001,0,4,3,1,0.9978374727070332,,277.9
2872,-4.300000000000001,0,4,3,1,0.9978374727070332,,277.9
2873,-4.300000000000001,0,4,3,1,0.9978374727070332,,278.0
2874,-4.300000000000001,0,4,3,1,0.9978374727070332,,278.1
2875,-2.3000000000000003,0,4,3,1,0.9978374727070332,,278.2
2876,-4.300000000000001,0,4,3,1,0.9978374727070332,,278.3
2877,-4.300000000000001,0,4,3,1,0.9978374727070332,,278.4
2878,-4.300000000000001,0,4,3,1,0.9978374727070332,,278.4
2879,-2.3000000000000003,0,4,3,1,0.9978374727070332,,278.6
2880,-4.300000000000001,0,4,3,1,0.9978374727070332,,278.6
2881,-4.300000000000001,0,4,3,1,0.9978374727070332,,278.7
2882,-4.300000000000001,0,4,3,1,0.9978374727070332,,278.8
2883,5.7,1,4,3,1,0.9978374727070332,,278.8
2884,-4.300000000000001,0,4,3,1,0.9978374727070332,,278.9
2885,-2.3000000000000003,0,4,3,1,0.9978374727070332,,279.0
2886,-4.300000000000001,0,4,3,1,0.9978374727070332,,279.1
2887,-0.30000000000000004,0,4,3,1,0.9978374727070332,,279.1
2888,-4.300000000000001,0,4,3,1,0.9978374727070332,,279.2
2889,-2.3000000000000003,0,4,3,1,0.9978374727070332,,279.3
2890,-4.300000000000001,0,4,3,1,0.9978374727070332,,279.4
2891,-4.300000000000001,0,4,3,1,0.9978374727070332,,279.5
2892,-4.300000000000001,0,4,3,1,0.9978374727070332,,279.5
2893,-4.300000000000001,0,4,3,1,0.9978374727070332,,279.6
2894,-4.300000000000001,0,4,3,1,0.9978374727070332,,279.7
2895,-4.300000000000001,0,4,3,1,0.9978374727070332,,279.8
2896,-4.300000000000001,0,4,3,1,0.9978374727070332,,279.9
2897,-4.300000000000001,0,4,3,1,0.9978374727070332,,279.9
2898,-4.300000000000001,0,4,3,1,0.9978374727070332,,280.0
2899,-0.30000000000000004,0,4,3,1,0.9978374727070332,,280.1
2900,-3.6000000000000005,0,6,3,1,0.9978374727070332,,280.1
2901,-2.3000000000000003,0,4,3,1,0.9978374727070332,,280.2
2902,-4.6000000000000005,0,6,3,1,0.9978374727070332,,280.3
2903,-4.300000000000001,0,4,3,1,0.9978374727070332,,280.3
2904,-4.300000000000001,0,4,3,1,0.9978374727070332,,280.4
2905,-4.7,0,7,4,1,0.9978374727070332,,280.5
2906,-4.300000000000001,0,4,3,1,0.9978374727070332,,280.6
2907,-1.6,0,6,3,1,0.9978374727070332,,280.8
2908,-4.300000000000001,0,4,3,1,0.9978374727070332,,280.8
2909,-4.300000000000001,0,4,3,1,0.9978374727070332,,280.9
2910,-4.300000000000001,0,4,3,1,0.9978374727070332,,280.9
2911,-4.300000000000001,0,4,3,1,0.9978374727070332,,281.0
2912,-4.300000000000001,0,4,3,1,0.9978374727070332,,281.1
2913,-2.3000000000000003,0,4,3,1,0.9978374727070332,,281.2
2914,-4.300000000000001,0,4,3,1,0.9978374727070332,,281.2
2915,-4.300000000000001,0,4,3,1,0.9978374727070332,,281.3
2916,-0.30000000000000004,0,4,3,1,0.9978374727070332,,281.4
2917,-4.300000000000001,0,4,3,1,0.9978374727070332,,281.5
2918,-4.300000000000001,0,4,3,1,0.9978374727070332,,281.5
2919,-4.300000000000001,0,4,3,1,0.9978374727070332,,281.6
2920,-4.300000000000001,0,4,3,1,0.9978374727070332,,281.7
2921,-4.300000000000001,0,4,3,1,0.9978374727070332,,281.7
2922,-4.300000000000001,0,4,3,1,0.9978374727070332,,281.8
2923,5.7,1,4,3,1,0.9978374727070332,,281.8
2924,-4.300000000000001,0,4,3,1,0.9978374727070332,,281.9
2925,-4.300000000000001,0,4,3,1,0.9978374727070332,,282.0
2926,-2.3000000000000003,0,4,3,1,0.9978374727070332,,282.1
2927,-4.300000000000001,0,4,3,1,0.9978374727070332,,282.2
2928,-4.300000000000001,0,4,3,1,0.9978374727070332,,282.2
2929,-4.300000000000001,0,4,3,1,0.9978374727070332,,282.3
2930,-4.300000000000001,0,4,3,1,0.9978374727070332,,282.3
2931,-4.300000000000001,0,4,3,1,0.9978374727070332,,282.4
2932,-4.300000000000001,0,4,3,1,0.9978374727070332,,282.5
2933,-4.300000000000001,0,4,3,1,0.9978374727070332,,282.6
2934,-4.300000000000001,0,4,3,1,0.9978374727070332,,282.6
2935,-2.3000000000000003,0,4,3,1,0.9978374727070332,,282.8
2936,-2.3000000000000003,0,4,3,1,0.9978374727070332,,282.8
2937,-4.300000000000001,0,4,3,1,0.9978374727070332,,282.9
2938,-2.6,0,6,3,1,0.9978374727070332,,283.0
2939,-0.30000000000000004,0,4,3,1,0.9978374727070332,,283.1
2940,-2.3000000000000003,0,4,3,1,0.9978374727070332,,283.1
2941,-2.3000000000000003,0,4,3,1,0.9978374727070332,,283.2
2942,5.7,1,4,3,1,0.9978374727070332,,283.2
2943,5.7,1,4,3,1,0.9978374727070332,,283.3
2944,-4.300000000000001,0,4,3,1,0.9978374727070332,,283.4
2945,-4.300000000000001,0,4,3,1,0.9978374727070332,,283.5
2946,-4.300000000000001,0,4,3,1,0.9978374727070332,,283.6
2947,-4.6000000000000005,0,6,3,1,0.9978374727070332,,283.7
2948,-2.3000000000000003,0,4,3,1,0.9978374727070332,,283.7
2949,-4.300000000000001,0,4,3,1,0.9978374727070332,,283.8
2950,-0.30000000000000004,0,4,3,1,0.9978374727070332,,283.8
2951,-4.300000000000001,0,4,3,1,0.9978374727070332,,283.9
2952,-4.300000000000001,0,4,3,1,0.9978374727070332,,284.0
2953,-4.300000000000001,0,4,3,1,0.9978374727070332,,284.1
2954,-4.300000000000001,0,4,3,1,0.9978374727070332,,284.1
2955,-2.3000000000000003,0,4,3,1,0.9978374727070332,,284.2
2956,-2.3000000000000003,0,4,3,1,0.9978374727070332,,284.2
2957,-4.300000000000001,0,4,3,1,0.9978374727070332,,284.3
2958,-4.300000000000001,0,4,3,1,0.9978374727070332,,284.3
2959,-4.300000000000001,0,4,3,1,0.9978374727070332,,284.4
2960,-0.30000000000000004,0,4,3,1,0.9978374727070332,,284.5
2961,-4.300000000000001,0,4,3,1,0.9978374727070332,,284.6
2962,-4.300000000000001,0,4,3,1,0.9978374727070332,,284.6
2963,-4.300000000000001,0,4,3,1,0.9978374727070332,,284.7
2964,-4.300000000000001,0,4,3,1,0.9978374727070332,,284.8
2965,-4.300000000000001,0,4,3,1,0.9978374727070332,,284.9
2966,-4.300000000000001,0,4,3,1,0.9978374727070332,,285.0
2967,-0.30000000000000004,0,4,3,1,0.9978374727070332,,285.0
2968,-4.300000000000001,0,4,3,1,0.9978374727070332,,285.1
2969,-4.300000000000001,0,4,3,1,0.9978374727070332,,285.2
2970,-4.300000000000001,0,4,3,1,0.9978374727070332,,285.2
2971,-4.300000000000001,0,4,3,1,0.9978374727070332,,285.3
2972,-4.300000000000001,0,4,3,1,0.9978374727070332,,285.3
2973,-5.6000000000000005,0,6,3,1,0.9978374727070332,,285.4
2974,-2.3000000000000003,0,4,3,1,0.9978374727070332,,285.5
2975,-4.300000000000001,0,4,3,1,0.9978374727070332,,285.6
2976,-4.300000000000001,0,4,3,1,0.9978374727070332,,285.7
2977,-2.3000000000000003,0,4,3,1,0.9978374727070332,,285.8
2978,-4.300000000000001,0,4,3,1,0.9978374727070332,,285.8
2979,-4.300000000000001,0,4,3,1,0.9978374727070332,,285.9
2980,-4.300000000000001,0,4,3,1,0.9978374727070332,,286.0
2981,-2.3000000000000003,0,4,3,1,0.9978374727070332,,286.1
2982,-2.3000000000000003,0,4,3,1,0.9978374727070332,,286.2
2983,-4.300000000000001,0,4,3,1,0.9978374727070332,,286.2
2984,-4.300000000000001,0,4,3,1,0.9978374727070332,,286.3
2985,-4.300000000000001,0,4,3,1,0.9978374727070332,,286.3
2986,-0.30000000000000004,0,4,3,1,0.9978374727070332,,286.4
2987,-4.300000000000001,0,4,3,1,0.9978374727070332,,286.5
2988,-2.3000000000000003,0,4,3,1,0.9978374727070332,,286.5
2989,-4.300000000000001,0,4,3,1,0.9978374727070332,,286.6
2990,-4.300000000000001,0,4,3,1,0.9978374727070332,,286.7
2991,-4.300000000000001,0,4,3,1,0.9978374727070332,,286.8
2992,-4.300000000000001,0,4,3,1,0.9978374727070332,,286.9
2993,-4.300000000000001,0,4,3,1,0.9978374727070332,,287.0
2994,-4.300000000000001,0,4,3,1,0.9978374727070332,,287.0
2995,-4.300000000000001,0,4,3,1,0.9978374727070332,,287.1
2996,-4.300000000000001,0,4,3,1,0.9978374727070332,,287.2
2997,-0.30000000000000004,0,4,3,1,0.9978374727070332,,287.3
2998,-4.300000000000001,0,4,3,1,0.9978374727070332,,287.3
2999,-4.300000000000001,0,4,3,1,0.9978374727070332,,287.4
3000,-4.300000000000001,0,4,3,1,0.9978374727070332,,287.5
3001,-4.300000000000001,0,4,3,1,0.9978374727070332,,292.5
3002,5.7,1,4,3,1,0.9978374727070332,,292.5
3003,-4.300000000000001,0,4,3,1,0.9978374727070332,,292.6
3004,-4.300000000000001,0,4,3,1,0.9978374727070332,,292.6
3005,-4.300000000000001,0,4,3,1,0.9978374727070332,,292.7
3006,-2.3000000000000003,0,4,3,1,0.9978374727070332,,292.7
3007,-2.3000000000000003,0,4,3,1,0.9978374727070332,,292.8
3008,-4.300000000000001,0,4,3,1,0.9978374727070332,,292.8
3009,-4.6,0,6,3,1,0.9978374727070332,,292.9
3010,-4.300000000000001,0,4,3,1,0.9978374727070332,,293.0
3011,-4.6,0,6,3,1,0.9978374727070332,,293.1
3012,-4.300000000000001,0,4,3,1,0.9978374727070332,,293.2
3013,-4.300000000000001,0,4,3,1,0.9978374727070332,,293.3
3014,-2.3000000000000003,0,4,3,1,0.9978374727070332,,293.3
3015,-4.300000000000001,0,4,3,1,0.9978374727070332,,293.4
3016,-5.4,0,5,4,1,0.9978374727070332,,293.5
3017,-5.4,0,5,4,1,0.9978374727070332,,293.5
3018,-4.300000000000001,0,4,3,1,0.9978374727070332,,293.6
3019,-4.300000000000001,0,4,3,1,0.9978374727070332,,293.7
3020,-4.300000000000001,0,4,3,1,0.9978374727070332,,293.8
3021,5.7,1,4,3,1,0.9978374727070332,,293.8
3022,-4.300000000000001,0,4,3,1,0.9978374727070332,,293.9
3023,-4.300000000000001,0,4,3,1,0.9978374727070332,,293.9
3024,-4.300000000000001,0,4,3,1,0.9978374727070332,,294.0
3025,-5.6000000000000005,0,6,3,1,0.9978374727070332,,294.1
3026,-4.300000000000001,0,4,3,1,0.9978374727070332,,294.2
3027,-4.300000000000001,0,4,3,1,0.9978374727070332,,294.3
3028,-4.300000000000001,0,4,3,1,0.9978374727070332,,294.4
3029,-4.300000000000001,0,4,3,1,0.9978374727070332,,294.4
3030,-4.300000000000001,0,4,3,1,0.9978374727070332,,294.5
3031,-2.6,0,6,3,1,0.9978374727070332,,294.6
3032,-3.4000000000000004,0,5,4,1,0.9978374727070332,,294.7
3033,-4.300000000000001,0,4,3,1,0.9978374727070332,,294.8
3034,-2.3000000000000003,0,4,3,1,0.9978374727070332,,294.8
3035,-4.300000000000001,0,4,3,1,0.9978374727070332,,294.9
3036,-4.300000000000001,0,4,3,1,0.9978374727070332,,294.9
3037,-4.300000000000001,0,4,3,1,0.9978374727070332,,295.0
3038,-5.6000000000000005,0,6,3,1,0.9978374727070332,,295.1
3039,-2.3000000000000003,0,4,3,1,0.9978374727070332,,295.2
3040,-2.3000000000000003,0,4,3,1,0.9978374727070332,,295.2
3041,-4.300000000000001,0,4,3,1,0.9978374727070332,,295.3
3042,-2.3000000000000003,0,4,3,1,0.9978374727070332,,295.4
3043,-4.300000000000001,0,4,3,1,0.9978374727070332,,295.5
3044,-4.300000000000001,0,4,3,1,0.9978374727070332,,295.6
3045,-2.3000000000000003,0,4,3,1,0.9978374727070332,,295.6
3046,-4.300000000000001,0,4,3,1,0.9978374727070332,,295.7
3047,-4.300000000000001,0,4,3,1,0.9978374727070332,,295.8
3048,-4.300000000000001,0,4,3,1,0.9978374727070332,,295.8
3049,-4.300000000000001,0,4,3,1,0.9978374727070332,,295.9
3050,-4.300000000000001,0,4,3,1,0.9978374727070332,,295.9
3051,-5.4,0,5,4,1,0.9978374727070332,,296.0
3052,-2.3000000000000003,0,4,3,1,0.9978374727070332,,296.1
3053,-2.3000000000000003,0,4,3,1,0.9978374727070332,,296.1
3054,-2.3000000000000003,0,4,3,1,0.9978374727070332,,296.1
3055,-4.300000000000001,0,4,3,1,0.9978374727070332,,296.2
3056,-0.30000000000000004,0,4,3,1,0.9978374727070332,,296.3
3057,-2.3000000000000003,0,4,3,1,0.9978374727070332,,296.3
3058,-4.300000000000001,0,4,3,1,0.9978374727070332,,296.4
3059,-4.300000000000001,0,4,3,1,0.9978374727070332,,296.4
3060,-2.3000000000000003,0,4,3,1,0.9978374727070332,,296.5
3061,-4.300000000000001,0,4,3,1,0.9978374727070332,,296.6
3062,-2.3000000000000003,0,4,3,1,0.9978374727070332,,296.7
3063,-4.300000000000001,0,4,3,1,0.9978374727070332,,296.8
3064,-4.300000000000001,0,4,3,1,0.9978374727070332,,296.9
3065,5.7,1,4,3,1,0.9978374727070332,,297.0
3066,-4.300000000000001,0,4,3,1,0.9978374727070332,,297.1
3067,-4.300000000000001,0,4,3,1,0.9978374727070332,,297.1
3068,-4.300000000000001,0,4,3,1,0.9978374727070332,,297.2
3069,-4.300000000000001,0,4,3,1,0.9978374727070332,,297.3
3070,-4.300000000000001,0,4,3,1,0.9978374727070332,,297.4
3071,-4.300000000000001,0,4,3,1,0.9978374727070332,,297.4
3072,-4.300000000000001,0,4,3,1,0.9978374727070332,,297.4
3073,-4.300000000000001,0,4,3,1,0.9978374727070332,,297.5
3074,-4.300000000000001,0,4,3,1,0.9978374727070332,,297.6
3075,-4.300000000000001,0,4,3,1,0.9978374727070332,,297.7
3076,-2.3000000000000003,0,4,3,1,0.9978374727070332,,297.7
3077,-2.3000000000000003,0,4,3,1,0.9978374727070332,,297.8
3078,-4.300000000000001,0,4,3,1,0.9978374727070332,,297.8
3079,-4.300000000000001,0,4,3,1,0.9978374727070332,,297.9
3080,-4.300000000000001,0,4,3,1,0.9978374727070332,,297.9
3081,-4.300000000000001,0,4,3,1,0.9978374727070332,,298.0
3082,-4.300000000000001,0,4,3,1,0.9978374727070332,,298.1
3083,-4.6000000000000005,0,6,3,1,0.9978374727070332,,298.2
3084,-4.300000000000001,0,4,3,1,0.9978374727070332,,298.2
3085,-4.300000000000001,0,4,3,1,0.9978374727070332,,298.3
3086,-4.300000000000001,0,4,3,1,0.9978374727070332,,298.4
3087,-4.300000000000001,0,4,3,1,0.9978374727070332,,298.4
3088,-4.300000000000001,0,4,3,1,0.9978374727070332,,298.5
3089,-4.300000000000001,0,4,3,1,0.9978374727070332,,298.5
3090,-4.300000000000001,0,4,3,1,0.9978374727070332,,298.6
3091,-4.300000000000001,0,4,3,1,0.9978374727070332,,298.7
3092,-4.300000000000001,0,4,3,1,0.9978374727070332,,298.8
3093,-4.300000000000001,0,4,3,1,0.9978374727070332,,298.9
3094,-0.30000000000000004,0,4,3,1,0.9978374727070332,,298.9
3095,-4.300000000000001,0,4,3,1,0.9978374727070332,,299.0
3096,-4.300000000000001,0,4,3,1,0.9978374727070332,,299.1
3097,-4.300000000000001,0,4,3,1,0.9978374727070332,,299.2
3098,-4.300000000000001,0,4,3,1,0.9978374727070332,,299.2
3099,-4.300000000000001,0,4,3,1,0.9978374727070332,,299.3
3100,-4.300000000000001,0,4,3,1,0.9978374727070332,,299.4
3101,-0.9000000000000001,0,8,3,1,0.9978374727070332,,299.5
3102,-4.300000000000001,0,4,3,1,0.9978374727070332,,299.6
3103,-4.300000000000001,0,4,3,1,0.9978374727070332,,299.6
3104,-2.3000000000000003,0,4,3,1,0.9978374727070332,,299.7
3105,-2.3000000000000003,0,4,3,1,0.9978374727070332,,299.8
3106,-1.9000000000000001,0,8,3,1,0.9978374727070332,,299.9
3107,-0.30000000000000004,0,4,3,1,0.9978374727070332,,299.9
3108,-2.3000000000000003,0,4,3,1,0.9978374727070332,,300.0
3109,-0.30000000000000004,0,4,3,1,0.9978374727070332,,300.0
3110,-4.300000000000001,0,4,3,1,0.9978374727070332,,300.1
3111,-4.300000000000001,0,4,3,1,0.9978374727070332,,300.1
3112,-4.300000000000001,0,4,3,1,0.9978374727070332,,300.2
3113,-5.6000000000000005,0,6,3,1,0.9978374727070332,,300.3
3114,-0.30000000000000004,0,4,3,1,0.9978374727070332,,300.4
3115,-4.300000000000001,0,4,3,1,0.9978374727070332,,300.4
3116,-2.3000000000000003,0,4,3,1,0.9978374727070332,,300.5
3117,-4.300000000000001,0,4,3,1,0.9978374727070332,,300.5
3118,-4.300000000000001,0,4,3,1,0.9978374727070332,,300.6
3119,-2.3000000000000003,0,4,3,1,0.9978374727070332,,300.7
3120,5.7,1,4,3,1,0.9978374727070332,,300.8
3121,-4.300000000000001,0,4,3,1,0.9978374727070332,,300.8
3122,-4.300000000000001,0,4,3,1,0.9978374727070332,,300.9
3123,5.7,1,4,3,1,0.9978374727070332,,300.9
3124,-4.300000000000001,0,4,3,1,0.9408246912062168,0.8276978476205841,301.6
3125,-4.300000000000001,0,4,3,1,0.9408246912062168,,301.7
3126,-4.300000000000001,0,4,3,1,0.9408246912062168,,301.8
3127,-4.300000000000001,0,4,3,1,0.9408246912062168,,301.8
3128,-2.3000000000000003,0,4,3,1,0.9408246912062168,,301.9
3129,-4.6,0,6,3,1,0.9408246912062168,,302.0
3130,-4.300000000000001,0,4,3,1,0.9408246912062168,,302.1
3131,-2.3000000000000003,0,4,3,1,0.9408246912062168,,302.2
3132,-4.300000000000001,0,4,3,1,0.9408246912062168,,302.2
3133,-4.300000000000001,0,4,3,1,0.9408246912062168,,302.3
3134,-2.3000000000000003,0,4,3,1,0.9408246912062168,,302.4
3135,-4.300000000000001,0,4,3,1,0.9408246912062168,,302.5
3136,-5.6000000000000005,0,6,3,1,0.9408246912062168,,302.6
3137,-4.300000000000001,0,4,3,1,0.9408246912062168,,302.7
3138,-4.300000000000001,0,4,3,1,0.9408246912062168,,302.7
3139,-4.300000000000001,0,4,3,1,0.9408246912062168,,302.8
3140,-4.300000000000001,0,4,3,1,0.9408246912062168,,302.8
3141,-4.300000000000001,0,4,3,1,0.9408246912062168,,302.9
3142,-4.300000000000001,0,4,3,1,0.9408246912062168,,302.9
3143,-1.6,0,6,3,1,0.9408246912062168,,303.0
3144,-2.3000000000000003,0,4,3,1,0.9408246912062168,,303.1
3145,-4.300000000000001,0,4,3,1,0.9408246912062168,,303.1
3146,-4.300000000000001,0,4,3,1,0.9408246912062168,,303.2
3147,-2.3000000000000003,0,4,3,1,0.9408246912062168,,303.3
3148,-4.300000000000001,0,4,3,1,0.9408246912062168,,303.3
3149,-4.300000000000001,0,4,3,1,0.9408246912062168,,303.4
3150,-4.300000000000001,0,4,3,1,0.9408246912062168,,303.5
3151,-4.300000000000001,0,4,3,1,0.9408246912062168,,303.6
3152,-4.300000000000001,0,4,3,1,0.9408246912062168,,303.6
3153,-4.300000000000001,0,4,3,1,0.9408246912062168,,303.8
3154,-2.3000000000000003,0,4,3,1,0.9408246912062168,,303.8
3155,-4.300000000000001,0,4,3,1,0.9408246912062168,,303.9
3156,-2.3000000000000003,0,4,3,1,0.9408246912062168,,303.9
3157,-4.300000000000001,0,4,3,1,0.9408246912062168,,304.0
3158,-4.300000000000001,0,4,3,1,0.9408246912062168,,304.1
3159,-4.300000000000001,0,4,3,1,0.9408246912062168,,304.1
3160,-4.300000000000001,0,4,3,1,0.9408246912062168,,304.2
3161,-4.300000000000001,0,4,3,1,0.9408246912062168,,304.3
3162,-2.3000000000000003,0,4,3,1,0.9408246912062168,,304.3
3163,-4.300000000000001,0,4,3,1,0.9408246912062168,,304.4
3164,-2.3000000000000003,0,4,3,1,0.9408246912062168,,304.5
3165,-4.6,0,6,3,1,0.9408246912062168,,304.6
3166,-4.300000000000001,0,4,3,1,0.9408246912062168,,304.6
3167,-4.300000000000001,0,4,3,1,0.9408246912062168,,304.8
3168,-4.300000000000001,0,4,3,1,0.9408246912062168,,304.8
3169,-2.3000000000000003,0,4,3,1,0.9408246912062168,,304.9
3170,-4.300000000000001,0,4,3,1,0.9408246912062168,,305.0
3171,-4.300000000000001,0,4,3,1,0.9408246912062168,,305.1
3172,-2.3000000000000003,0,4,3,1,0.9408246912062168,,305.1
3173,-4.300000000000001,0,4,3,1,0.9408246912062168,,305.2
3174,-3.4000000000000004,0,5,4,1,0.9408246912062168,,305.3
3175,-4.300000000000001,0,4,3,1,0.9408246912062168,,305.4
3176,-0.30000000000000004,0,4,3,1,0.9408246912062168,,305.4
3177,-4.300000000000001,0,4,3,1,0.9408246912062168,,305.5
3178,-4.300000000000001,0,4,3,1,0.9408246912062168,,305.5
3179,-4.300000000000001,0,4,3,1,0.9408246912062168,,305.6
3180,-4.300000000000001,0,4,3,1,0.9408246912062168,,305.7
3181,-4.300000000000001,0,4,3,1,0.9408246912062168,,305.7
3182,-4.300000000000001,0,4,3,1,0.9408246912062168,,305.8
3183,-4.300000000000001,0,4,3,1,0.9408246912062168,,305.9
3184,-4.300000000000001,0,4,3,1,0.9408246912062168,,306.0
3185,-4.300000000000001,0,4,3,1,0.9408246912062168,,306.0
3186,-4.300000000000001,0,4,3,1,0.9408246912062168,,306.1
3187,-2.3000000000000003,0,4,3,1,0.9408246912062168,,306.2
3188,-4.300000000000001,0,4,3,1,0.9408246912062168,,306.3
3189,5.7,1,4,3,1,0.9408246912062168,,306.4
3190,-0.30000000000000004,0,4,3,1,0.9408246912062168,,306.5
3191,-4.300000000000001,0,4,3,1,0.9408246912062168,,306.5
3192,-4.300000000000001,0,4,3,1,0.9408246912062168,,306.6
3193,-4.300000000000001,0,4,3,1,0.9408246912062168,,306.6
3194,-4.300000000000001,0,4,3,1,0.9408246912062168,,306.7
3195,-2.3000000000000003,0,4,3,1,0.9408246912062168,,306.8
3196,-4.300000000000001,0,4,3,1,0.9408246912062168,,306.9
3197,-0.30000000000000004,0,4,3,1,0.9408246912062168,,306.9
3198,-4.300000000000001,0,4,3,1,0.9408246912062168,,306.9
3199,-4.300000000000001,0,4,3,1,0.9408246912062168,,307.1
3200,-4.300000000000001,0,4,3,1,0.9408246912062168,,307.1
3201,-4.300000000000001,0,4,3,1,0.9408246912062168,,307.2
3202,-4.300000000000001,0,4,3,1,0.9408246912062168,,307.2
3203,-0.30000000000000004,0,4,3,1,0.9408246912062168,,307.3
3204,-4.300000000000001,0,4,3,1,0.9408246912062168,,307.3
3205,-4.300000000000001,0,4,3,1,0.9408246912062168,,307.4
3206,-4.300000000000001,0,4,3,1,0.9408246912062168,,307.4
3207,-4.300000000000001,0,4,3,1,0.9408246912062168,,307.5
3208,-4.300000000000001,0,4,3,1,0.9408246912062168,,307.6
3209,-4.300000000000001,0,4,3,1,0.9408246912062168,,307.7
3210,-4.300000000000001,0,4,3,1,0.9408246912062168,,307.7
3211,-4.300000000000001,0,4,3,1,0.9408246912062168,,307.8
3212,-4.300000000000001,0,4,3,1,0.9408246912062168,,307.9
3213,-4.300000000000001,0,4,3,1,0.9408246912062168,,308.0
3214,-4.300000000000001,0,4,3,1,0.9408246912062168,,308.0
3215,-4.300000000000001,0,4,3,1,0.9408246912062168,,308.1
3216,-4.300000000000001,0,4,3,1,0.9408246912062168,,308.2
3217,-4.300000000000001,0,4,3,1,0.9408246912062168,,308.2
3218,-0.30000000000000004,0,4,3,1,0.9408246912062168,,308.3
3219,-4.300000000000001,0,4,3,1,0.9408246912062168,,308.4
3220,-4.300000000000001,0,4,3,1,0.9408246912062168,,308.5
3221,-3.4000000000000004,0,5,4,1,0.9408246912062168,,308.6
3222,-2.3000000000000003,0,4,3,1,0.9408246912062168,,308.6
3223,-4.300000000000001,0,4,3,1,0.9408246912062168,,308.7
3224,-2.3000000000000003,0,4,3,1,0.9408246912062168,,308.8
3225,-4.300000000000001,0,4,3,1,0.9408246912062168,,308.9
3226,5.7,1,4,3,1,0.9408246912062168,,309.0
3227,-4.300000000000001,0,4,3,1,0.9408246912062168,,309.0
3228,-4.300000000000001,0,4,3,1,0.9408246912062168,,309.1
3229,-2.3000000000000003,0,4,3,1,0.9408246912062168,,309.2
3230,-4.300000000000001,0,4,3,1,0.9408246912062168,,309.2
3231,-2.3000000000000003,0,4,3,1,0.9408246912062168,,309.3
3232,-4.300000000000001,0,4,3,1,0.9408246912062168,,309.4
3233,-2.3000000000000003,0,4,3,1,0.9408246912062168,,309.4
3234,-4.300000000000001,0,4,3,1,0.9408246912062168,,309.5
3235,-4.300000000000001,0,4,3,1,0.9408246912062168,,309.6
3236,-4.300000000000001,0,4,3,1,0.9408246912062168,,309.7
3237,-4.300000000000001,0,4,3,1,0.9408246912062168,,309.7
3238,-4.300000000000001,0,4,3,1,0.9408246912062168,,309.8
3239,-4.300000000000001,0,4,3,1,0.9408246912062168,,309.9
3240,-4.300000000000001,0,4,3,1,0.9408246912062168,,310.0
3241,-4.300000000000001,0,4,3,1,0.9408246912062168,,310.0
3242,-4.300000000000001,0,4,3,1,0.9408246912062168,,310.1
3243,-6.200000000000001,0,10,3,1,0.9408246912062168,,310.2
3244,-2.3000000000000003,0,4,3,1,0.9408246912062168,,310.3
3245,-4.300000000000001,0,4,3,1,0.9408246912062168,,310.4
3246,-4.300000000000001,0,4,3,1,0.9408246912062168,,310.5
3247,-4.300000000000001,0,4,3,1,0.9408246912062168,,310.6
3248,-4.300000000000001,0,4,3,1,0.9408246912062168,,310.6
3249,-4.300000000000001,0,4,3,1,0.9408246912062168,,310.7
3250,-4.300000000000001,0,4,3,1,0.9408246912062168,,310.8
3251,-4.300000000000001,0,4,3,1,0.9408246912062168,,310.8
3252,-4.300000000000001,0,4,3,1,0.9408246912062168,,310.9
3253,-4.300000000000001,0,4,3,1,0.9408246912062168,,310.9
3254,-2.3000000000000003,0,4,3,1,0.9408246912062168,,311.0
3255,-4.300000000000001,0,4,3,1,0.9408246912062168,,311.1
3256,-4.300000000000001,0,4,3,1,0.9408246912062168,,311.2
3257,-2.3000000000000003,0,4,3,1,0.9408246912062168,,311.3
3258,-2.3000000000000003,0,4,3,1,0.9408246912062168,,311.3
3259,-4.300000000000001,0,4,3,1,0.9408246912062168,,311.4
3260,-4.300000000000001,0,4,3,1,0.9408246912062168,,311.5
3261,-2.3000000000000003,0,4,3,1,0.9408246912062168,,311.5
3262,-4.300000000000001,0,4,3,1,0.9408246912062168,,311.6
3263,-2.3000000000000003,0,4,3,1,0.9408246912062168,,311.6
3264,-0.30000000000000004,0,4,3,1,0.9408246912062168,,311.7
3265,-4.300000000000001,0,4,3,1,0.9408246912062168,,311.8
3266,-4.300000000000001,0,4,3,1,0.9408246912062168,,311.9
3267,-5.6000000000000005,0,6,3,1,0.9408246912062168,,311.9
3268,-4.300000000000001,0,4,3,1,0.9408246912062168,,312.0
3269,-4.300000000000001,0,4,3,1,0.9408246912062168,,312.1
3270,-2.3000000000000003,0,4,3,1,0.9408246912062168,,312.2
3271,-0.30000000000000004,0,4,3,1,0.9408246912062168,,312.3
3272,-2.3000000000000003,0,4,3,1,0.9408246912062168,,312.4
3273,-2.3000000000000003,0,4,3,1,0.9408246912062168,,312.4
3274,-4.300000000000001,0,4,3,1,0.9408246912062168,,312.5
3275,-4.300000000000001,0,4,3,1,0.9408246912062168,,312.6
3276,-4.300000000000001,0,4,3,1,0.9408246912062168,,312.7
3277,-4.300000000000001,0,4,3,1,0.9408246912062168,,312.7
3278,5.7,1,4,3,1,0.9408246912062168,,312.8
3279,-4.300000000000001,0,4,3,1,0.9408246912062168,,312.9
3280,-0.6000000000000001,0,6,3,1,0.9408246912062168,,313.0
3281,-4.300000000000001,0,4,3,1,0.9408246912062168,,313.1
3282,-4.300000000000001,0,4,3,1,0.9408246912062168,,313.2
3283,-4.300000000000001,0,4,3,1,0.9408246912062168,,313.2
3284,-4.300000000000001,0,4,3,1,0.9408246912062168,,313.3
3285,-0.30000000000000004,0,4,3,1,0.9408246912062168,,313.3
3286,-5.6000000000000005,0,6,3,1,0.9408246912062168,,313.4
3287,-2.3000000000000003,0,4,3,1,0.9408246912062168,,313.5
3288,-4.300000000000001,0,4,3,1,0.9408246912062168,,313.5
3289,-4.300000000000001,0,4,3,1,0.9408246912062168,,313.6
3290,-2.3000000000000003,0,4,3,1,0.9408246912062168,,313.7
3291,-4.6,0,6,3,1,0.9408246912062168,,313.8
3292,5.4,1,6,3,1,0.9408246912062168,,313.9
3293,-4.300000000000001,0,4,3,1,0.9408246912062168,,314.0
3294,-4.300000000000001,0,4,3,1,0.9408246912062168,,314.0
3295,-4.300000000000001,0,4,3,1,0.9408246912062168,,314.1
3296,-2.3000000000000003,0,4,3,1,0.9408246912062168,,314.1
3297,-4.300000000000001,0,4,3,1,0.9408246912062168,,314.2
3298,-4.300000000000001,0,4,3,1,0.9408246912062168,,314.3
3299,5.7,1,4,3,1,0.9408246912062168,,314.4
3300,-4.300000000000001,0,4,3,1,0.9408246912062168,,314.5
3301,-4.300000000000001,0,4,3,1,0.9408246912062168,,314.5
3302,-3.6000000000000005,0,6,3,1,0.9408246912062168,,314.6
3303,-4.300000000000001,0,4,3,1,0.9408246912062168,,314.7
3304,-2.3000000000000003,0,4,3,1,0.9408246912062168,,314.7
3305,-3.6000000000000005,0,6,3,1,0.9408246912062168,,314.8
3306,-4.300000000000001,0,4,3,1,0.9408246912062168,,314.9
3307,-4.300000000000001,0,4,3,1,0.9408246912062168,,314.9
3308,-4.300000000000001,0,4,3,1,0.9408246912062168,,315.0
3309,-4.300000000000001,0,4,3,1,0.9408246912062168,,315.1
3310,-4.300000000000001,0,4,3,1,0.9408246912062168,,315.2
3311,-4.300000000000001,0,4,3,1,0.9408246912062168,,315.2
3312,-2.3000000000000003,0,4,3,1,0.9408246912062168,,315.3
3313,-4.300000000000001,0,4,3,1,0.9408246912062168,,315.4
3314,-4.300000000000001,0,4,3,1,0.9408246912062168,,315.5
3315,-2.3000000000000003,0,4,3,1,0.9408246912062168,,315.5
3316,-2.3000000000000003,0,4,3,1,0.9408246912062168,,315.6
3317,-4.300000000000001,0,4,3,1,0.9408246912062168,,315.7
3318,-0.30000000000000004,0,4,3,1,0.9408246912062168,,315.7
3319,-2.3000000000000003,0,4,3,1,0.9408246912062168,,315.8
3320,5.7,1,4,3,1,0.9408246912062168,,315.9
3321,-4.300000000000001,0,4,3,1,0.9408246912062168,,315.9
3322,-4.300000000000001,0,4,3,1,0.9408246912062168,,316.0
3323,-4.300000000000001,0,4,3,1,0.9408246912062168,,316.1
3324,-4.300000000000001,0,4,3,1,0.9408246912062168,,316.2
3325,-4.300000000000001,0,4,3,1,0.9408246912062168,,316.3
3326,-4.300000000000001,0,4,3,1,0.9408246912062168,,316.3
3327,-4.300000000000001,0,4,3,1,0.9408246912062168,,316.4
3328,-4.300000000000001,0,4,3,1,0.9408246912062168,,316.5
3329,-4.300000000000001,0,4,3,1,0.9408246912062168,,316.6
3330,-4.300000000000001,0,4,3,1,0.9408246912062168,,316.7
3331,-2.3000000000000003,0,4,3,1,0.9408246912062168,,316.8
3332,-4.300000000000001,0,4,3,1,0.9408246912062168,,316.9
3333,-5.6000000000000005,0,6,3,1,0.9408246912062168,,316.9
3334,-4.300000000000001,0,4,3,1,0.9408246912062168,,317.0
3335,-4.300000000000001,0,4,3,1,0.9408246912062168,,317.1
3336,-4.300000000000001,0,4,3,1,0.9408246912062168,,317.1
3337,-4.300000000000001,0,4,3,1,0.9408246912062168,,317.2
3338,-4.300000000000001,0,4,3,1,0.9408246912062168,,317.3
3339,-4.300000000000001,0,4,3,1,0.9408246912062168,,317.4
3340,-4.300000000000001,0,4,3,1,0.9408246912062168,,317.4
3341,-3.4000000000000004,0,5,4,1,0.9408246912062168,,317.5
3342,-4.300000000000001,0,4,3,1,0.9408246912062168,,317.6
3343,-4.300000000000001,0,4,3,1,0.9408246912062168,,317.7
3344,-1.4000000000000001,0,5,4,1,0.9408246912062168,,317.7
3345,-4.300000000000001,0,4,3,1,0.9408246912062168,,317.8
3346,-4.300000000000001,0,4,3,1,0.9408246912062168,,317.9
3347,-4.300000000000001,0,4,3,1,0.9408246912062168,,318.0
3348,-2.3000000000000003,0,4,3,1,0.9408246912062168,,318.0
3349,-0.30000000000000004,0,4,3,1,0.9408246912062168,,318.1
3350,-4.6,0,6,3,1,0.9408246912062168,,318.2
3351,-4.300000000000001,0,4,3,1,0.9408246912062168,,318.2
3352,-2.3000000000000003,0,4,3,1,0.9408246912062168,,318.3
3353,-2.3000000000000003,0,4,3,1,0.9408246912062168,,318.4
3354,-5.4,0,5,4,1,0.9408246912062168,,318.5
3355,-3.6000000000000005,0,6,3,1,0.9408246912062168,,318.5
3356,-4.300000000000001,0,4,3,1,0.9408246912062168,,318.6
3357,-4.300000000000001,0,4,3,1,0.9408246912062168,,318.7
3358,-4.300000000000001,0,4,3,1,0.9408246912062168,,318.7
3359,-0.30000000000000004,0,4,3,1,0.9408246912062168,,318.8
3360,-2.3000000000000003,0,4,3,1,0.9408246912062168,,318.9
3361,-0.30000000000000004,0,4,3,1,0.9408246912062168,,319.0
3362,-2.3000000000000003,0,4,3,1,0.9408246912062168,,319.1
3363,-2.3000000000000003,0,4,3,1,0.9408246912062168,,319.2
3364,-4.300000000000001,0,4,3,1,0.9408246912062168,,319.2
3365,-4.300000000000001,0,4,3,1,0.9408246912062168,,319.3
3366,-4.300000000000001,0,4,3,1,0.9408246912062168,,319.4
3367,-4.300000000000001,0,4,3,1,0.9408246912062168,,319.5
3368,-4.300000000000001,0,4,3,1,0.9408246912062168,,319.6
3369,-0.30000000000000004,0,4,3,1,0.9408246912062168,,319.6
3370,-4.300000000000001,0,4,3,1,0.9408246912062168,,319.7
3371,-2.3000000000000003,0,4,3,1,0.9408246912062168,,319.8
3372,-2.3000000000000003,0,4,3,1,0.9408246912062168,,319.8
3373,-4.300000000000001,0,4,3,1,0.9408246912062168,,319.9
3374,-4.300000000000001,0,4,3,1,0.9408246912062168,,320.0
3375,-4.300000000000001,0,4,3,1,0.9408246912062168,,320.1
3376,-4.300000000000001,0,4,3,1,0.9408246912062168,,320.2
3377,-4.300000000000001,0,4,3,1,0.9408246912062168,,320.2
3378,-4.300000000000001,0,4,3,1,0.9408246912062168,,320.3
3379,-4.300000000000001,0,4,3,1,0.9408246912062168,,320.4
3380,-4.300000000000001,0,4,3,1,0.9408246912062168,,320.4
3381,-2.3000000000000003,0,4,3,1,0.9408246912062168,,320.4
3382,-4.300000000000001,0,4,3,1,0.9408246912062168,,320.5
3383,-4.300000000000001,0,4,3,1,0.9408246912062168,,320.6
3384,-4.300000000000001,0,4,3,1,0.9408246912062168,,320.7
3385,-4.300000000000001,0,4,3,1,0.9408246912062168,,320.7
3386,-4.300000000000001,0,4,3,1,0.9408246912062168,,320.8
3387,-3.4000000000000004,0,5,4,1,0.9408246912062168,,320.9
3388,5.7,1,4,3,1,0.9408246912062168,,320.9
3389,-4.300000000000001,0,4,3,1,0.9408246912062168,,321.0
3390,-0.30000000000000004,0,4,3,1,0.9408246912062168,,321.0
3391,-4.300000000000001,0,4,3,1,0.9408246912062168,,321.1
3392,-4.300000000000001,0,4,3,1,0.9408246912062168,,321.1
3393,5.7,1,4,3,1,0.9408246912062168,,321.2
3394,-2.3000000000000003,0,4,3,1,0.9408246912062168,,321.3
3395,-4.300000000000001,0,4,3,1,0.9408246912062168,,321.3
3396,-4.300000000000001,0,4,3,1,0.9408246912062168,,321.4
3397,-2.3000000000000003,0,4,3,1,0.9408246912062168,,321.5
3398,-4.300000000000001,0,4,3,1,0.9408246912062168,,321.5
3399,-2.3000000000000003,0,4,3,1,0.9408246912062168,,321.6
3400,-4.300000000000001,0,4,3,1,0.9408246912062168,,321.7
3401,-4.300000000000001,0,4,3,1,0.9408246912062168,,321.7
3402,-2.3000000000000003,0,4,3,1,0.9408246912062168,,321.8
3403,-2.3000000000000003,0,4,3,1,0.9408246912062168,,321.9
3404,-4.300000000000001,0,4,3,1,0.9408246912062168,,321.9
3405,-4.300000000000001,0,4,3,1,0.9408246912062168,,322.0
3406,-4.300000000000001,0,4,3,1,0.9408246912062168,,322.1
3407,-2.3000000000000003,0,4,3,1,0.9408246912062168,,322.2
3408,-4.300000000000001,0,4,3,1,0.9408246912062168,,322.3
3409,-4.300000000000001,0,4,3,1,0.9408246912062168,,322.4
3410,-4.300000000000001,0,4,3,1,0.9408246912062168,,322.4
3411,-0.30000000000000004,0,4,3,1,0.9408246912062168,,322.5
3412,-4.300000000000001,0,4,3,1,0.9408246912062168,,322.6
3413,-4.300000000000001,0,4,3,1,0.9408246912062168,,322.6
3414,-4.300000000000001,0,4,3,1,0.9408246912062168,,322.7
3415,-4.300000000000001,0,4,3,1,0.9408246912062168,,322.8
3416,-4.300000000000001,0,4,3,1,0.9408246912062168,,322.9
3417,-2.3000000000000003,0,4,3,1,0.9408246912062168,,323.0
3418,-4.300000000000001,0,4,3,1,0.9408246912062168,,323.1
3419,-2.3000000000000003,0,4,3,1,0.9408246912062168,,323.1
3420,-0.30000000000000004,0,4,3,1,0.9408246912062168,,323.2
3421,-2.3000000000000003,0,4,3,1,0.9408246912062168,,323.2
3422,-4.300000000000001,0,4,3,1,0.9408246912062168,,323.3
3423,-4.300000000000001,0,4,3,1,0.9408246912062168,,323.3
3424,-1.6,0,6,3,1,0.9408246912062168,,323.4
3425,-2.3000000000000003,0,4,3,1,0.9408246912062168,,323.5
3426,-4.300000000000001,0,4,3,1,0.9408246912062168,,323.5
3427,-6.9,0,8,3,1,0.9408246912062168,,323.6
3428,-5.6000000000000005,0,6,3,1,0.9408246912062168,,323.7
3429,-0.30000000000000004,0,4,3,1,0.9408246912062168,,323.7
3430,-5.4,0,5,4,1,0.9408246912062168,,323.8
3431,-5.6000000000000005,0,6,3,1,0.9408246912062168,,323.9
3432,-4.300000000000001,0,4,3,1,0.9408246912062168,,323.9
3433,-2.6,0,6,3,1,0.9408246912062168,,324.0
3434,-4.300000000000001,0,4,3,1,0.9408246912062168,,324.0
3435,-0.30000000000000004,0,4,3,1,0.9408246912062168,,324.1
3436,-4.300000000000001,0,4,3,1,0.9408246912062168,,324.2
3437,-4.300000000000001,0,4,3,1,0.9408246912062168,,324.3
3438,-4.300000000000001,0,4,3,1,0.9408246912062168,,324.4
3439,-4.300000000000001,0,4,3,1,0.9408246912062168,,324.4
3440,-0.30000000000000004,0,4,3,1,0.9408246912062168,,324.4
3441,-4.300000000000001,0,4,3,1,0.9408246912062168,,324.5
3442,-0.30000000000000004,0,4,3,1,0.9408246912062168,,324.6
3443,-4.300000000000001,0,4,3,1,0.9408246912062168,,324.7
3444,-4.300000000000001,0,4,3,1,0.9408246912062168,,324.8
3445,-4.300000000000001,0,4,3,1,0.9408246912062168,,324.8
3446,5.7,1,4,3,1,0.9408246912062168,,324.9
3447,-4.300000000000001,0,4,3,1,0.9408246912062168,,324.9
3448,-4.300000000000001,0,4,3,1,0.9408246912062168,,325.0
3449,-4.300000000000001,0,4,3,1,0.9408246912062168,,325.1
3450,-4.300000000000001,0,4,3,1,0.9408246912062168,,325.1
3451,5.7,1,4,3,1,0.9408246912062168,,325.2
3452,-2.3000000000000003,0,4,3,1,0.9408246912062168,,325.3
3453,-4.300000000000001,0,4,3,1,0.9408246912062168,,325.3
3454,-0.30000000000000004,0,4,3,1,0.9408246912062168,,325.4
3455,-2.3000000000000003,0,4,3,1,0.9408246912062168,,325.4
3456,-4.300000000000001,0,4,3,1,0.9408246912062168,,325.5
3457,-2.3000000000000003,0,4,3,1,0.9408246912062168,,325.5
3458,-4.300000000000001,0,4,3,1,0.9408246912062168,,325.6
3459,-2.3000000000000003,0,4,3,1,0.9408246912062168,,325.7
3460,-4.300000000000001,0,4,3,1,0.9408246912062168,,325.8
3461,-4.300000000000001,0,4,3,1,0.9408246912062168,,325.8
3462,-4.300000000000001,0,4,3,1,0.9408246912062168,,325.9
3463,-4.300000000000001,0,4,3,1,0.9408246912062168,,326.0
3464,-4.300000000000001,0,4,3,1,0.9408246912062168,,326.0
3465,-0.30000000000000004,0,4,3,1,0.9408246912062168,,326.1
3466,-4.300000000000001,0,4,3,1,0.9408246912062168,,326.2
3467,-4.300000000000001,0,4,3,1,0.9408246912062168,,326.3
3468,-2.3000000000000003,0,4,3,1,0.9408246912062168,,326.4
3469,-4.300000000000001,0,4,3,1,0.9408246912062168,,326.4
3470,-2.6,0,6,3,1,0.9408246912062168,,326.5
3471,-4.300000000000001,0,4,3,1,0.9408246912062168,,326.5
3472,-4.300000000000001,0,4,3,1,0.9408246912062168,,326.6
3473,-4.300000000000001,0,4,3,1,0.9408246912062168,,326.7
3474,-4.300000000000001,0,4,3,1,0.9408246912062168,,326.8
3475,-3.6000000000000005,0,6,3,1,0.9408246912062168,,326.9
3476,-4.300000000000001,0,4,3,1,0.9408246912062168,,326.9
3477,-4.300000000000001,0,4,3,1,0.9408246912062168,,327.0
3478,-4.300000000000001,0,4,3,1,0.9408246912062168,,327.0
3479,-0.30000000000000004,0,4,3,1,0.9408246912062168,,327.1
3480,-5.4,0,5,4,1,0.9408246912062168,,327.2
3481,-4.300000000000001,0,4,3,1,0.9408246912062168,,327.2
3482,-4.300000000000001,0,4,3,1,0.9408246912062168,,327.3
3483,-4.300000000000001,0,4,3,1,0.9408246912062168,,327.3
3484,-4.300000000000001,0,4,3,1,0.9408246912062168,,327.4
3485,-2.3000000000000003,0,4,3,1,0.9408246912062168,,327.4
3486,-4.300000000000001,0,4,3,1,0.9408246912062168,,327.5
3487,-4.300000000000001,0,4,3,1,0.9408246912062168,,327.6
3488,-4.300000000000001,0,4,3,1,0.9408246912062168,,327.6
3489,-4.300000000000001,0,4,3,1,0.9408246912062168,,327.7
3490,-4.300000000000001,0,4,3,1,0.9408246912062168,,327.8
3491,-2.3000000000000003,0,4,3,1,0.9408246912062168,,327.9
3492,-4.6,0,6,3,1,0.9408246912062168,,328.0
3493,-0.30000000000000004,0,4,3,1,0.9408246912062168,,328.0
3494,-4.300000000000001,0,4,3,1,0.9408246912062168,,328.1
3495,-4.300000000000001,0,4,3,1,0.9408246912062168,,328.2
3496,-0.30000000000000004,0,4,3,1,0.9408246912062168,,328.2
3497,5.7,1,4,3,1,0.9408246912062168,,328.3
3498,-4.300000000000001,0,4,3,1,0.9408246912062168,,328.4
3499,-0.30000000000000004,0,4,3,1,0.9408246912062168,,328.5
3500,-4.300000000000001,0,4,3,1,0.9408246912062168,,328.6
3501,-2.3000000000000003,0,4,3,1,0.9408246912062168,,333.6
3502,-2.3000000000000003,0,4,3,1,0.9408246912062168,,333.7
3503,-2.3000000000000003,0,4,3,1,0.9408246912062168,,333.8
3504,-0.30000000000000004,0,4,3,1,0.9408246912062168,,333.8
3505,-4.300000000000001,0,4,3,1,0.9408246912062168,,333.9
3506,-4.300000000000001,0,4,3,1,0.9408246912062168,,333.9
3507,-4.300000000000001,0,4,3,1,0.9408246912062168,,334.0
3508,-4.300000000000001,0,4,3,1,0.9408246912062168,,334.0
3509,-2.3000000000000003,0,4,3,1,0.9408246912062168,,334.1
3510,-4.300000000000001,0,4,3,1,0.9408246912062168,,334.1
3511,-4.300000000000001,0,4,3,1,0.9408246912062168,,334.2
3512,5.7,1,4,3,1,0.9408246912062168,,334.3
3513,-4.300000000000001,0,4,3,1,0.9408246912062168,,334.4
3514,-4.300000000000001,0,4,3,1,0.9408246912062168,,334.4
3515,-4.6000000000000005,0,6,3,1,0.9408246912062168,,334.5
3516,-4.300000000000001,0,4,3,1,0.9408246912062168,,334.5
3517,-2.3000000000000003,0,4,3,1,0.9408246912062168,,334.6
3518,-4.300000000000001,0,4,3,1,0.9408246912062168,,334.7
3519,-5.6000000000000005,0,6,3,1,0.9408246912062168,,334.8
3520,-4.300000000000001,0,4,3,1,0.9408246912062168,,334.9
3521,-4.300000000000001,0,4,3,1,0.9408246912062168,,334.9
3522,-4.300000000000001,0,4,3,1,0.9408246912062168,,335.0
3523,-4.300000000000001,0,4,3,1,0.9408246912062168,,335.1
3524,-4.300000000000001,0,4,3,1,0.9408246912062168,,335.2
3525,-5.4,0,5,4,1,0.9408246912062168,,335.3
3526,5.7,1,4,3,1,0.9408246912062168,,335.3
3527,-4.300000000000001,0,4,3,1,0.9408246912062168,,335.4
3528,-2.3000000000000003,0,4,3,1,0.9408246912062168,,335.5
3529,-3.6000000000000005,0,6,3,1,0.9408246912062168,,335.5
3530,-2.3000000000000003,0,4,3,1,0.9408246912062168,,335.6
3531,-4.300000000000001,0,4,3,1,0.9408246912062168,,335.6
3532,-0.30000000000000004,0,4,3,1,0.9408246912062168,,335.6
3533,-4.300000000000001,0,4,3,1,0.9408246912062168,,335.7
3534,-4.300000000000001,0,4,3,1,0.9408246912062168,,335.8
3535,-4.300000000000001,0,4,3,1,0.9408246912062168,,335.8
3536,-4.300000000000001,0,4,3,1,0.9408246912062168,,335.9
3537,-5.4,0,5,4,1,0.9408246912062168,,335.9
3538,-2.3000000000000003,0,4,3,1,0.9408246912062168,,336.0
3539,-2.3000000000000003,0,4,3,1,0.9408246912062168,,336.1
3540,-4.300000000000001,0,4,3,1,0.9408246912062168,,336.2
3541,-4.300000000000001,0,4,3,1,0.9408246912062168,,336.3
3542,-2.3000000000000003,0,4,3,1,0.9408246912062168,,336.3
3543,-4.300000000000001,0,4,3,1,0.9408246912062168,,336.4
3544,-4.300000000000001,0,4,3,1,0.9408246912062168,,336.5
3545,-4.300000000000001,0,4,3,1,0.9408246912062168,,336.5
3546,-4.300000000000001,0,4,3,1,0.9408246912062168,,336.6
3547,-4.300000000000001,0,4,3,1,0.9408246912062168,,336.6
3548,-2.3000000000000003,0,4,3,1,0.9408246912062168,,336.7
3549,-2.3000000000000003,0,4,3,1,0.9408246912062168,,336.7
3550,-2.3000000000000003,0,4,3,1,0.9408246912062168,,336.8
3551,-4.300000000000001,0,4,3,1,0.9408246912062168,,336.9
3552,-4.300000000000001,0,4,3,1,0.9408246912062168,,336.9
3553,-4.300000000000001,0,4,3,1,0.9408246912062168,,337.0
3554,-0.30000000000000004,0,4,3,1,0.9408246912062168,,337.1
3555,-4.300000000000001,0,4,3,1,0.9408246912062168,,337.2
3556,-4.300000000000001,0,4,3,1,0.9408246912062168,,337.3
3557,-4.300000000000001,0,4,3,1,0.9408246912062168,,337.4
3558,-4.300000000000001,0,4,3,1,0.9408246912062168,,337.4
3559,-5.6000000000000005,0,6,3,1,0.9408246912062168,,337.5
3560,-4.300000000000001,0,4,3,1,0.9408246912062168,,337.6
3561,-2.3000000000000003,0,4,3,1,0.9408246912062168,,337.6
3562,-4.300000000000001,0,4,3,1,0.9408246912062168,,337.7
3563,-4.300000000000001,0,4,3,1,0.9408246912062168,,337.8
3564,-5.4,0,5,4,1,0.9408246912062168,,337.9
3565,-4.300000000000001,0,4,3,1,0.9408246912062168,,337.9
3566,-4.300000000000001,0,4,3,1,0.9408246912062168,,338.0
3567,-4.300000000000001,0,4,3,1,0.9408246912062168,,338.0
3568,5.7,1,4,3,1,0.9408246912062168,,338.1
3569,-2.3000000000000003,0,4,3,1,0.9408246912062168,,338.2
3570,-2.3000000000000003,0,4,3,1,0.9408246912062168,,338.3
3571,-4.300000000000001,0,4,3,1,0.9408246912062168,,338.3
3572,-4.300000000000001,0,4,3,1,0.9408246912062168,,338.4
3573,5.7,1,4,3,1,0.9408246912062168,,338.5
3574,-4.300000000000001,0,4,3,1,0.9408246912062168,,338.5
3575,-6.9,0,8,3,1,0.9408246912062168,,338.6
3576,-4.300000000000001,0,4,3,1,0.9408246912062168,,338.7
3577,-5.4,0,5,4,1,0.9408246912062168,,338.7
3578,-4.300000000000001,0,4,3,1,0.9408246912062168,,338.8
3579,-4.300000000000001,0,4,3,1,0.9408246912062168,,338.9
3580,-4.300000000000001,0,4,3,1,0.9408246912062168,,339.0
3581,-2.3000000000000003,0,4,3,1,0.9408246912062168,,339.1
3582,-4.300000000000001,0,4,3,1,0.9408246912062168,,339.1
3583,-1.6,0,6,3,1,0.9408246912062168,,339.2
3584,-4.300000000000001,0,4,3,1,0.9408246912062168,,339.2
3585,-4.300000000000001,0,4,3,1,0.9408246912062168,,339.3
3586,-4.300000000000001,0,4,3,1,0.9408246912062168,,339.4
3587,-2.3000000000000003,0,4,3,1,0.9408246912062168,,339.5
3588,-4.300000000000001,0,4,3,1,0.9408246912062168,,339.6
3589,-4.300000000000001,0,4,3,1,0.9408246912062168,,339.6
3590,-4.300000000000001,0,4,3,1,0.9408246912062168,,339.7
3591,-4.300000000000001,0,4,3,1,0.9408246912062168,,339.8
3592,-5.6000000000000005,0,6,3,1,0.9408246912062168,,339.8
3593,5.7,1,4,3,1,0.9408246912062168,,339.9
3594,-2.3000000000000003,0,4,3,1,0.9408246912062168,,340.0
3595,-4.300000000000001,0,4,3,1,0.9408246912062168,,340.1
3596,-4.300000000000001,0,4,3,1,0.9408246912062168,,340.1
3597,-4.300000000000001,0,4,3,1,0.9408246912062168,,340.2
3598,-2.3000000000000003,0,4,3,1,0.9408246912062168,,340.2
3599,-3.4000000000000004,0,5,4,1,0.9408246912062168,,340.4
3600,-2.3000000000000003,0,4,3,1,0.9408246912062168,,340.4
3601,-5.6000000000000005,0,6,3,1,0.9408246912062168,,340.5
3602,-4.300000000000001,0,4,3,1,0.9408246912062168,,340.6
3603,-2.3000000000000003,0,4,3,1,0.9408246912062168,,340.7
3604,-4.300000000000001,0,4,3,1,0.9408246912062168,,340.7
3605,-4.300000000000001,0,4,3,1,0.9408246912062168,,340.8
3606,-4.300000000000001,0,4,3,1,0.9408246912062168,,340.9
3607,-4.300000000000001,0,4,3,1,0.9408246912062168,,340.9
3608,-2.3000000000000003,0,4,3,1,0.9408246912062168,,341.1
3609,-4.300000000000001,0,4,3,1,0.9408246912062168,,341.1
3610,-4.6000000000000005,0,6,3,1,0.9408246912062168,,341.2
3611,-4.300000000000001,0,4,3,1,0.9408246912062168,,341.3
3612,-2.3000000000000003,0,4,3,1,0.9408246912062168,,341.4
3613,-4.300000000000001,0,4,3,1,0.9408246912062168,,341.5
3614,-4.300000000000001,0,4,3,1,0.880747708491981,0.7601798607502133,342.1
3615,-2.3000000000000003,0,4,3,1,0.880747708491981,,342.2
3616,-4.300000000000001,0,4,3,1,0.880747708491981,,342.3
3617,-2.3000000000000003,0,4,3,1,0.880747708491981,,342.4
3618,-4.300000000000001,0,4,3,1,0.880747708491981,,342.4
3619,-2.3000000000000003,0,4,3,1,0.880747708491981,,342.5
3620,-4.300000000000001,0,4,3,1,0.880747708491981,,342.6
3621,-4.300000000000001,0,4,3,1,0.880747708491981,,342.7
3622,-2.3000000000000003,0,4,3,1,0.880747708491981,,342.8
3623,-4.300000000000001,0,4,3,1,0.880747708491981,,342.9
3624,-2.3000000000000003,0,4,3,1,0.880747708491981,,342.9
3625,-4.300000000000001,0,4,3,1,0.880747708491981,,343.0
3626,-4.300000000000001,0,4,3,1,0.880747708491981,,343.0
3627,-2.9000000000000004,0,8,3,1,0.880747708491981,,343.1
3628,-4.300000000000001,0,4,3,1,0.880747708491981,,343.2
3629,-4.300000000000001,0,4,3,1,0.880747708491981,,343.3
3630,-4.6000000000000005,0,6,3,1,0.880747708491981,,343.3
3631,5.7,1,4,3,1,0.880747708491981,,343.4
3632,-4.300000000000001,0,4,3,1,0.880747708491981,,343.5
3633,-4.300000000000001,0,4,3,1,0.880747708491981,,343.5
3634,-4.300000000000001,0,4,3,1,0.880747708491981,,343.6
3635,5.7,1,4,3,1,0.880747708491981,,343.7
3636,5.7,1,4,3,1,0.880747708491981,,343.7
3637,-5.9,0,8,3,1,0.880747708491981,,343.8
3638,-4.300000000000001,0,4,3,1,0.880747708491981,,343.9
3639,-4.300000000000001,0,4,3,1,0.880747708491981,,344.0
3640,-4.300000000000001,0,4,3,1,0.880747708491981,,344.0
3641,-4.300000000000001,0,4,3,1,0.880747708491981,,344.1
3642,-4.300000000000001,0,4,3,1,0.880747708491981,,344.2
3643,-2.3000000000000003,0,4,3,1,0.880747708491981,,344.2
3644,-4.300000000000001,0,4,3,1,0.880747708491981,,344.4
3645,-4.300000000000001,0,4,3,1,0.880747708491981,,344.4
3646,-0.30000000000000004,0,4,3,1,0.880747708491981,,344.5
3647,-4.300000000000001,0,4,3,1,0.880747708491981,,344.6
3648,-2.3000000000000003,0,4,3,1,0.880747708491981,,344.8
3649,-2.3000000000000003,0,4,3,1,0.880747708491981,,344.8
3650,-4.300000000000001,0,4,3,1,0.880747708491981,,344.9
3651,-4.300000000000001,0,4,3,1,0.880747708491981,,344.9
3652,-4.300000000000001,0,4,3,1,0.880747708491981,,345.0
3653,-4.6,0,6,3,1,0.880747708491981,,345.1
3654,-4.300000000000001,0,4,3,1,0.880747708491981,,345.1
3655,5.7,1,4,3,1,0.880747708491981,,345.2
3656,-4.300000000000001,0,4,3,1,0.880747708491981,,345.3
3657,-4.300000000000001,0,4,3,1,0.880747708491981,,345.3
3658,-4.300000000000001,0,4,3,1,0.880747708491981,,345.4
3659,-4.300000000000001,0,4,3,1,0.880747708491981,,345.5
3660,-4.300000000000001,0,4,3,1,0.880747708491981,,345.6
3661,-4.300000000000001,0,4,3,1,0.880747708491981,,345.7
3662,-4.300000000000001,0,4,3,1,0.880747708491981,,345.8
3663,-4.300000000000001,0,4,3,1,0.880747708491981,,345.8
3664,-4.300000000000001,0,4,3,1,0.880747708491981,,345.9
3665,-4.300000000000001,0,4,3,1,0.880747708491981,,346.0
3666,-4.300000000000001,0,4,3,1,0.880747708491981,,346.1
3667,-5.4,0,5,4,1,0.880747708491981,,346.2
3668,-2.3000000000000003,0,4,3,1,0.880747708491981,,346.2
3669,-2.3000000000000003,0,4,3,1,0.880747708491981,,346.3
3670,-4.300000000000001,0,4,3,1,0.880747708491981,,346.3
3671,-4.300000000000001,0,4,3,1,0.880747708491981,,346.4
3672,-4.300000000000001,0,4,3,1,0.880747708491981,,346.5
3673,-4.300000000000001,0,4,3,1,0.880747708491981,,346.6
3674,-4.300000000000001,0,4,3,1,0.880747708491981,,346.6
3675,-4.300000000000001,0,4,3,1,0.880747708491981,,346.7
3676,-2.3000000000000003,0,4,3,1,0.880747708491981,,346.7
3677,-4.300000000000001,0,4,3,1,0.880747708491981,,346.8
3678,-0.30000000000000004,0,4,3,1,0.880747708491981,,346.9
3679,-4.300000000000001,0,4,3,1,0.880747708491981,,346.9
3680,-4.300000000000001,0,4,3,1,0.880747708491981,,347.0
3681,5.7,1,4,3,1,0.880747708491981,,347.1
3682,-2.3000000000000003,0,4,3,1,0.880747708491981,,347.2
3683,-2.3000000000000003,0,4,3,1,0.880747708491981,,347.2
3684,-4.300000000000001,0,4,3,1,0.880747708491981,,347.3
3685,-0.30000000000000004,0,4,3,1,0.880747708491981,,347.4
3686,-4.300000000000001,0,4,3,1,0.880747708491981,,347.4
3687,-4.300000000000001,0,4,3,1,0.880747708491981,,347.5
3688,-4.300000000000001,0,4,3,1,0.880747708491981,,347.6
3689,-2.3000000000000003,0,4,3,1,0.880747708491981,,347.7
3690,-4.300000000000001,0,4,3,1,0.880747708491981,,347.8
3691,-4.300000000000001,0,4,3,1,0.880747708491981,,347.9
3692,-4.300000000000001,0,4,3,1,0.880747708491981,,347.9
3693,-4.300000000000001,0,4,3,1,0.880747708491981,,348.0
3694,-5.6000000000000005,0,6,3,1,0.880747708491981,,348.1
3695,-4.300000000000001,0,4,3,1,0.880747708491981,,348.2
3696,-4.300000000000001,0,4,3,1,0.880747708491981,,348.3
3697,-4.300000000000001,0,4,3,1,0.880747708491981,,348.4
3698,-2.3000000000000003,0,4,3,1,0.880747708491981,,348.5
3699,-4.300000000000001,0,4,3,1,0.880747708491981,,348.5
3700,-4.300000000000001,0,4,3,1,0.880747708491981,,348.6
3701,-4.300000000000001,0,4,3,1,0.880747708491981,,348.6
3702,-4.300000000000001,0,4,3,1,0.880747708491981,,348.7
3703,-4.300000000000001,0,4,3,1,0.880747708491981,,348.8
3704,-2.3000000000000003,0,4,3,1,0.880747708491981,,348.9
3705,-3.4000000000000004,0,5,4,1,0.880747708491981,,348.9
3706,-2.3000000000000003,0,4,3,1,0.880747708491981,,349.0
3707,-4.300000000000001,0,4,3,1,0.880747708491981,,349.0
3708,-4.300000000000001,0,4,3,1,0.880747708491981,,349.1
3709,-4.300000000000001,0,4,3,1,0.880747708491981,,349.2
3710,-4.300000000000001,0,4,3,1,0.880747708491981,,349.3
3711,-4.300000000000001,0,4,3,1,0.880747708491981,,349.3
3712,-4.300000000000001,0,4,3,1,0.880747708491981,,349.4
3713,-4.300000000000001,0,4,3,1,0.880747708491981,,349.5
3714,5.7,1,4,3,1,0.880747708491981,,349.6
3715,-4.6000000000000005,0,6,3,1,0.880747708491981,,349.7
3716,-4.300000000000001,0,4,3,1,0.880747708491981,,349.8
3717,-4.300000000000001,0,4,3,1,0.880747708491981,,349.8
3718,-4.300000000000001,0,4,3,1,0.880747708491981,,349.9
3719,-4.300000000000001,0,4,3,1,0.880747708491981,,349.9
3720,-4.6000000000000005,0,6,3,1,0.880747708491981,,350.0
3721,-4.300000000000001,0,4,3,1,0.880747708491981,,350.1
3722,-2.3000000000000003,0,4,3,1,0.880747708491981,,350.2
3723,-2.3000000000000003,0,4,3,1,0.880747708491981,,350.2
3724,-2.3000000000000003,0,4,3,1,0.880747708491981,,350.3
3725,-2.3000000000000003,0,4,3,1,0.880747708491981,,350.4
3726,-4.300000000000001,0,4,3,1,0.880747708491981,,350.5
3727,-2.3000000000000003,0,4,3,1,0.880747708491981,,350.5
3728,-4.300000000000001,0,4,3,1,0.880747708491981,,350.6
3729,-4.300000000000001,0,4,3,1,0.880747708491981,,350.7
3730,-5.6000000000000005,0,6,3,1,0.880747708491981,,350.8
3731,-4.300000000000001,0,4,3,1,0.880747708491981,,350.9
3732,-4.300000000000001,0,4,3,1,0.880747708491981,,351.0
3733,-4.300000000000001,0,4,3,1,0.880747708491981,,351.0
3734,-4.300000000000001,0,4,3,1,0.880747708491981,,351.1
3735,-4.300000000000001,0,4,3,1,0.880747708491981,,351.2
3736,-4.300000000000001,0,4,3,1,0.880747708491981,,351.2
3737,-0.30000000000000004,0,4,3,1,0.880747708491981,,351.3
3738,-4.300000000000001,0,4,3,1,0.880747708491981,,351.4
3739,-4.300000000000001,0,4,3,1,0.880747708491981,,351.4
3740,-4.300000000000001,0,4,3,1,0.880747708491981,,351.5
3741,-4.300000000000001,0,4,3,1,0.880747708491981,,351.6
3742,-4.300000000000001,0,4,3,1,0.880747708491981,,351.7
3743,-4.300000000000001,0,4,3,1,0.880747708491981,,351.8
3744,-4.300000000000001,0,4,3,1,0.880747708491981,,351.8
3745,-2.3000000000000003,0,4,3,1,0.880747708491981,,351.9
3746,-4.300000000000001,0,4,3,1,0.880747708491981,,351.9
3747,-4.300000000000001,0,4,3,1,0.880747708491981,,352.0
3748,-4.300000000000001,0,4,3,1,0.880747708491981,,352.1
3749,-0.30000000000000004,0,4,3,1,0.880747708491981,,352.2
3750,-4.300000000000001,0,4,3,1,0.880747708491981,,352.3
3751,-4.300000000000001,0,4,3,1,0.880747708491981,,352.3
3752,-4.300000000000001,0,4,3,1,0.880747708491981,,352.4
3753,-2.3000000000000003,0,4,3,1,0.880747708491981,,352.5
3754,5.7,1,4,3,1,0.880747708491981,,352.6
3755,-4.300000000000001,0,4,3,1,0.880747708491981,,352.7
3756,-2.3000000000000003,0,4,3,1,0.880747708491981,,352.7
3757,-4.300000000000001,0,4,3,1,0.880747708491981,,352.9
3758,-4.300000000000001,0,4,3,1,0.880747708491981,,353.0
3759,-4.300000000000001,0,4,3,1,0.880747708491981,,353.0
3760,-5.6000000000000005,0,6,3,1,0.880747708491981,,353.1
3761,-4.300000000000001,0,4,3,1,0.880747708491981,,353.2
3762,-4.300000000000001,0,4,3,1,0.880747708491981,,353.2
3763,-2.3000000000000003,0,4,3,1,0.880747708491981,,353.3
3764,-4.300000000000001,0,4,3,1,0.880747708491981,,353.3
3765,5.7,1,4,3,1,0.880747708491981,,353.4
3766,-2.3000000000000003,0,4,3,1,0.880747708491981,,353.4
3767,-4.300000000000001,0,4,3,1,0.880747708491981,,353.5
3768,-2.3000000000000003,0,4,3,1,0.880747708491981,,353.6
3769,-4.300000000000001,0,4,3,1,0.880747708491981,,353.7
3770,-6.700000000000001,0,7,4,1,0.880747708491981,,353.8
3771,-4.300000000000001,0,4,3,1,0.880747708491981,,353.9
3772,-5.6000000000000005,0,6,3,1,0.880747708491981,,354.0
3773,-4.300000000000001,0,4,3,1,0.880747708491981,,354.0
3774,-4.300000000000001,0,4,3,1,0.880747708491981,,354.1
3775,-4.300000000000001,0,4,3,1,0.880747708491981,,354.2
3776,-4.300000000000001,0,4,3,1,0.880747708491981,,354.3
3777,-4.300000000000001,0,4,3,1,0.880747708491981,,354.3
3778,-4.300000000000001,0,4,3,1,0.880747708491981,,354.4
3779,-4.300000000000001,0,4,3,1,0.880747708491981,,354.5
3780,-4.300000000000001,0,4,3,1,0.880747708491981,,354.6
3781,-4.300000000000001,0,4,3,1,0.880747708491981,,354.6
3782,-5.6000000000000005,0,6,3,1,0.880747708491981,,354.7
3783,-4.300000000000001,0,4,3,1,0.880747708491981,,354.8
3784,5.7,1,4,3,1,0.880747708491981,,354.8
3785,-4.300000000000001,0,4,3,1,0.880747708491981,,354.9
3786,5.7,1,4,3,1,0.880747708491981,,355.0
3787,-4.300000000000001,0,4,3,1,0.880747708491981,,355.0
3788,-4.300000000000001,0,4,3,1,0.880747708491981,,355.1
3789,-2.3000000000000003,0,4,3,1,0.880747708491981,,355.2
3790,-2.3000000000000003,0,4,3,1,0.880747708491981,,355.3
3791,-4.6,0,6,3,1,0.880747708491981,,355.3
3792,-3.6000000000000005,0,6,3,1,0.880747708491981,,355.4
3793,-2.3000000000000003,0,4,3,1,0.880747708491981,,355.5
3794,-4.300000000000001,0,4,3,1,0.880747708491981,,355.6
3795,5.4,1,6,3,1,0.880747708491981,,355.6
3796,-4.300000000000001,0,4,3,1,0.880747708491981,,355.7
3797,-4.300000000000001,0,4,3,1,0.880747708491981,,355.8
3798,-4.300000000000001,0,4,3,1,0.880747708491981,,355.9
3799,-4.300000000000001,0,4,3,1,0.880747708491981,,355.9
3800,5.7,1,4,3,1,0.880747708491981,,356.0
3801,-4.300000000000001,0,4,3,1,0.880747708491981,,356.1
3802,-2.3000000000000003,0,4,3,1,0.880747708491981,,356.2
3803,-4.300000000000001,0,4,3,1,0.880747708491981,,356.3
3804,-4.300000000000001,0,4,3,1,0.880747708491981,,356.4
3805,-3.6000000000000005,0,6,3,1,0.880747708491981,,356.5
3806,-4.300000000000001,0,4,3,1,0.880747708491981,,356.5
3807,-2.3000000000000003,0,4,3,1,0.880747708491981,,356.6
3808,-2.3000000000000003,0,4,3,1,0.880747708491981,,356.7
3809,-4.300000000000001,0,4,3,1,0.880747708491981,,356.7
3810,-4.300000000000001,0,4,3,1,0.880747708491981,,356.9
3811,-0.6000000000000001,0,6,3,1,0.880747708491981,,356.9
3812,-4.300000000000001,0,4,3,1,0.880747708491981,,357.0
3813,-4.300000000000001,0,4,3,1,0.880747708491981,,357.0
3814,-0.30000000000000004,0,4,3,1,0.880747708491981,,357.1
3815,-4.300000000000001,0,4,3,1,0.880747708491981,,357.1
3816,-2.3000000000000003,0,4,3,1,0.880747708491981,,357.2
3817,-2.3000000000000003,0,4,3,1,0.880747708491981,,357.2
3818,-4.300000000000001,0,4,3,1,0.880747708491981,,357.3
3819,-5.6000000000000005,0,6,3,1,0.880747708491981,,357.4
3820,5.7,1,4,3,1,0.880747708491981,,357.5
3821,-4.300000000000001,0,4,3,1,0.880747708491981,,357.6
3822,-4.300000000000001,0,4,3,1,0.880747708491981,,357.7
3823,-4.300000000000001,0,4,3,1,0.880747708491981,,357.7
3824,-2.3000000000000003,0,4,3,1,0.880747708491981,,357.8
3825,-4.300000000000001,0,4,3,1,0.880747708491981,,357.9
3826,-4.300000000000001,0,4,3,1,0.880747708491981,,358.0
3827,-4.300000000000001,0,4,3,1,0.880747708491981,,358.0
3828,-4.300000000000001,0,4,3,1,0.880747708491981,,358.1
3829,-2.3000000000000003,0,4,3,1,0.880747708491981,,358.1
3830,-4.300000000000001,0,4,3,1,0.880747708491981,,358.2
3831,-2.3000000000000003,0,4,3,1,0.880747708491981,,358.2
3832,-2.3000000000000003,0,4,3,1,0.880747708491981,,358.3
3833,-6.9,0,8,3,1,0.880747708491981,,358.4
3834,-2.3000000000000003,0,4,3,1,0.880747708491981,,358.5
3835,-2.3000000000000003,0,4,3,1,0.880747708491981,,358.5
3836,-2.3000000000000003,0,4,3,1,0.880747708491981,,358.6
3837,-4.300000000000001,0,4,3,1,0.880747708491981,,358.7
3838,-4.300000000000001,0,4,3,1,0.880747708491981,,358.8
3839,-4.6000000000000005,0,6,3,1,0.880747708491981,,358.8
3840,-4.300000000000001,0,4,3,1,0.880747708491981,,358.9
3841,-0.30000000000000004,0,4,3,1,0.880747708491981,,359.0
3842,-2.3000000000000003,0,4,3,1,0.880747708491981,,359.1
3843,-4.300000000000001,0,4,3,1,0.880747708491981,,359.1
3844,-4.300000000000001,0,4,3,1,0.880747708491981,,359.2
3845,-4.300000000000001,0,4,3,1,0.880747708491981,,359.3
3846,-5.6000000000000005,0,6,3,1,0.880747708491981,,359.4
3847,-4.300000000000001,0,4,3,1,0.880747708491981,,359.4
3848,5.7,1,4,3,1,0.880747708491981,,359.5
3849,-5.9,0,8,3,1,0.880747708491981,,359.5
3850,-4.300000000000001,0,4,3,1,0.880747708491981,,359.7
3851,-5.4,0,5,4,1,0.880747708491981,,359.8
3852,-4.300000000000001,0,4,3,1,0.880747708491981,,359.8
3853,-4.300000000000001,0,4,3,1,0.880747708491981,,359.9
3854,-4.300000000000001,0,4,3,1,0.880747708491981,,359.9
3855,-2.3000000000000003,0,4,3,1,0.880747708491981,,360.0
3856,-4.300000000000001,0,4,3,1,0.880747708491981,,360.1
3857,-0.30000000000000004,0,4,3,1,0.880747708491981,,360.1
3858,-4.300000000000001,0,4,3,1,0.880747708491981,,360.2
3859,-4.300000000000001,0,4,3,1,0.880747708491981,,360.3
3860,-4.300000000000001,0,4,3,1,0.880747708491981,,360.3
3861,-2.3000000000000003,0,4,3,1,0.880747708491981,,360.4
3862,-4.300000000000001,0,4,3,1,0.880747708491981,,360.4
3863,-4.300000000000001,0,4,3,1,0.880747708491981,,360.5
3864,-5.4,0,5,4,1,0.880747708491981,,360.6
3865,-4.300000000000001,0,4,3,1,0.880747708491981,,360.7
3866,5.7,1,4,3,1,0.880747708491981,,360.8
3867,-4.300000000000001,0,4,3,1,0.880747708491981,,360.9
3868,-2.3000000000000003,0,4,3,1,0.880747708491981,,361.0
3869,-2.3000000000000003,0,4,3,1,0.880747708491981,,361.0
3870,-2.3000000000000003,0,4,3,1,0.880747708491981,,361.1
3871,-3.9000000000000004,0,8,3,1,0.880747708491981,,361.2
3872,-4.300000000000001,0,4,3,1,0.880747708491981,,361.2
3873,-0.30000000000000004,0,4,3,1,0.880747708491981,,361.3
3874,-0.6000000000000001,0,6,3,1,0.880747708491981,,361.4
3875,-2.3000000000000003,0,4,3,1,0.880747708491981,,361.5
3876,-4.300000000000001,0,4,3,1,0.880747708491981,,361.5
3877,-4.300000000000001,0,4,3,1,0.880747708491981,,361.6
3878,-2.3000000000000003,0,4,3,1,0.880747708491981,,361.6
3879,-0.30000000000000004,0,4,3,1,0.880747708491981,,361.7
3880,-4.300000000000001,0,4,3,1,0.880747708491981,,361.7
3881,-4.300000000000001,0,4,3,1,0.880747708491981,,361.8
3882,-0.30000000000000004,0,4,3,1,0.880747708491981,,361.8
3883,-4.300000000000001,0,4,3,1,0.880747708491981,,361.9
3884,-2.3000000000000003,0,4,3,1,0.880747708491981,,362.0
3885,-4.300000000000001,0,4,3,1,0.880747708491981,,362.0
3886,-2.3000000000000003,0,4,3,1,0.880747708491981,,362.1
3887,-4.300000000000001,0,4,3,1,0.880747708491981,,362.2
3888,-4.300000000000001,0,4,3,1,0.880747708491981,,362.3
3889,-4.300000000000001,0,4,3,1,0.880747708491981,,362.4
3890,-4.300000000000001,0,4,3,1,0.880747708491981,,362.5
3891,-2.3000000000000003,0,4,3,1,0.880747708491981,,362.6
3892,-4.300000000000001,0,4,3,1,0.880747708491981,,362.7
3893,-2.3000000000000003,0,4,3,1,0.880747708491981,,362.7
3894,-4.300000000000001,0,4,3,1,0.880747708491981,,362.8
3895,-4.6,0,6,3,1,0.880747708491981,,362.9
3896,-4.300000000000001,0,4,3,1,0.880747708491981,,363.0
3897,-6.9,0,8,3,1,0.880747708491981,,363.1
3898,-2.3000000000000003,0,4,3,1,0.880747708491981,,363.1
3899,-4.300000000000001,0,4,3,1,0.880747708491981,,363.2
3900,-2.3000000000000003,0,4,3,1,0.880747708491981,,363.2
3901,-4.300000000000001,0,4,3,1,0.880747708491981,,363.3
3902,-0.30000000000000004,0,4,3,1,0.880747708491981,,363.3
3903,-4.300000000000001,0,4,3,1,0.880747708491981,,363.4
3904,-4.300000000000001,0,4,3,1,0.880747708491981,,363.5
3905,-4.300000000000001,0,4,3,1,0.880747708491981,,363.6
3906,-4.300000000000001,0,4,3,1,0.880747708491981,,363.7
3907,-2.3000000000000003,0,4,3,1,0.880747708491981,,363.7
3908,-4.300000000000001,0,4,3,1,0.880747708491981,,363.8
3909,-2.3000000000000003,0,4,3,1,0.880747708491981,,363.9
3910,-4.300000000000001,0,4,3,1,0.880747708491981,,364.0
3911,-2.3000000000000003,0,4,3,1,0.880747708491981,,364.0
3912,-4.6,0,6,3,1,0.880747708491981,,364.1
3913,-2.3000000000000003,0,4,3,1,0.880747708491981,,364.2
3914,-5.6000000000000005,0,6,3,1,0.880747708491981,,364.2
3915,-4.300000000000001,0,4,3,1,0.880747708491981,,364.3
3916,-0.30000000000000004,0,4,3,1,0.880747708491981,,364.3
3917,-2.3000000000000003,0,4,3,1,0.880747708491981,,364.4
3918,-4.300000000000001,0,4,3,1,0.880747708491981,,364.5
3919,-4.300000000000001,0,4,3,1,0.880747708491981,,364.6
3920,5.7,1,4,3,1,0.880747708491981,,364.7
3921,-4.300000000000001,0,4,3,1,0.880747708491981,,364.8
3922,-4.300000000000001,0,4,3,1,0.880747708491981,,364.9
3923,-4.300000000000001,0,4,3,1,0.880747708491981,,364.9
3924,-4.300000000000001,0,4,3,1,0.880747708491981,,364.9
3925,-4.300000000000001,0,4,3,1,0.880747708491981,,365.0
3926,-0.30000000000000004,0,4,3,1,0.880747708491981,,365.1
3927,4.4,1,6,3,1,0.880747708491981,,365.1
3928,-0.30000000000000004,0,4,3,1,0.880747708491981,,365.2
3929,-4.300000000000001,0,4,3,1,0.880747708491981,,365.3
3930,-4.300000000000001,0,4,3,1,0.880747708491981,,365.3
3931,-2.3000000000000003,0,4,3,1,0.880747708491981,,365.4
3932,-4.300000000000001,0,4,3,1,0.880747708491981,,365.5
3933,-5.6000000000000005,0,6,3,1,0.880747708491981,,365.5
3934,-2.3000000000000003,0,4,3,1,0.880747708491981,,365.6
3935,-0.30000000000000004,0,4,3,1,0.880747708491981,,365.7
3936,-2.3000000000000003,0,4,3,1,0.880747708491981,,365.8
3937,-4.300000000000001,0,4,3,1,0.880747708491981,,365.9
3938,-4.300000000000001,0,4,3,1,0.880747708491981,,365.9
3939,-4.300000000000001,0,4,3,1,0.880747708491981,,366.0
3940,-0.30000000000000004,0,4,3,1,0.880747708491981,,366.0
3941,-4.300000000000001,0,4,3,1,0.880747708491981,,366.1
3942,-5.6000000000000005,0,6,3,1,0.880747708491981,,366.2
3943,-4.300000000000001,0,4,3,1,0.880747708491981,,366.3
3944,-4.300000000000001,0,4,3,1,0.880747708491981,,366.3
3945,-4.300000000000001,0,4,3,1,0.880747708491981,,366.4
3946,-4.300000000000001,0,4,3,1,0.880747708491981,,366.5
3947,-4.300000000000001,0,4,3,1,0.880747708491981,,366.6
3948,-4.6,0,6,3,1,0.880747708491981,,366.7
3949,-4.300000000000001,0,4,3,1,0.880747708491981,,366.8
3950,-5.4,0,5,4,1,0.880747708491981,,366.8
3951,-4.300000000000001,0,4,3,1,0.880747708491981,,366.9
3952,-4.300000000000001,0,4,3,1,0.880747708491981,,367.0
3953,-4.300000000000001,0,4,3,1,0.880747708491981,,367.1
3954,-0.30000000000000004,0,4,3,1,0.880747708491981,,367.1
3955,-0.30000000000000004,0,4,3,1,0.880747708491981,,367.2
3956,-4.300000000000001,0,4,3,1,0.880747708491981,,367.3
3957,-4.300000000000001,0,4,3,1,0.880747708491981,,367.3
3958,-4.300000000000001,0,4,3,1,0.880747708491981,,367.4
3959,-4.300000000000001,0,4,3,1,0.880747708491981,,367.5
3960,-4.300000000000001,0,4,3,1,0.880747708491981,,367.6
3961,-2.3000000000000003,0,4,3,1,0.880747708491981,,367.7
3962,-0.30000000000000004,0,4,3,1,0.880747708491981,,367.7
3963,-4.300000000000001,0,4,3,1,0.880747708491981,,367.8
3964,-4.300000000000001,0,4,3,1,0.880747708491981,,367.9
3965,-2.3000000000000003,0,4,3,1,0.880747708491981,,367.9
3966,-4.300000000000001,0,4,3,1,0.880747708491981,,368.0
3967,-0.30000000000000004,0,4,3,1,0.880747708491981,,368.1
3968,-4.300000000000001,0,4,3,1,0.880747708491981,,368.1
3969,-2.3000000000000003,0,4,3,1,0.880747708491981,,368.2
3970,-4.300000000000001,0,4,3,1,0.880747708491981,,368.3
3971,-4.6000000000000005,0,6,3,1,0.880747708491981,,368.4
3972,-4.300000000000001,0,4,3,1,0.880747708491981,,368.5
3973,4.4,1,6,3,1,0.880747708491981,,368.6
3974,-4.300000000000001,0,4,3,1,0.880747708491981,,368.7
3975,-4.300000000000001,0,4,3,1,0.880747708491981,,368.8
3976,-0.30000000000000004,0,4,3,1,0.880747708491981,,368.8
3977,-2.3000000000000003,0,4,3,1,0.880747708491981,,368.9
3978,-4.300000000000001,0,4,3,1,0.880747708491981,,369.0
3979,-4.300000000000001,0,4,3,1,0.880747708491981,,369.1
3980,-4.300000000000001,0,4,3,1,0.880747708491981,,369.2
3981,-0.30000000000000004,0,4,3,1,0.880747708491981,,369.3
3982,-4.6,0,6,3,1,0.880747708491981,,369.3
3983,-4.300000000000001,0,4,3,1,0.880747708491981,,369.4
3984,-4.300000000000001,0,4,3,1,0.880747708491981,,369.5
3985,-4.300000000000001,0,4,3,1,0.880747708491981,,369.6
3986,-4.300000000000001,0,4,3,1,0.880747708491981,,369.6
3987,-4.300000000000001,0,4,3,1,0.880747708491981,,369.7
3988,-4.300000000000001,0,4,3,1,0.880747708491981,,369.8
3989,-4.300000000000001,0,4,3,1,0.880747708491981,,369.9
3990,-4.6,0,6,3,1,0.880747708491981,,370.0
3991,-4.300000000000001,0,4,3,1,0.880747708491981,,370.0
3992,-4.300000000000001,0,4,3,1,0.880747708491981,,370.1
3993,-4.300000000000001,0,4,3,1,0.880747708491981,,370.2
3994,-4.300000000000001,0,4,3,1,0.880747708491981,,370.3
3995,-4.300000000000001,0,4,3,1,0.880747708491981,,370.3
3996,-4.300000000000001,0,4,3,1,0.880747708491981,,370.4
3997,-4.300000000000001,0,4,3,1,0.880747708491981,,370.5
3998,-5.6000000000000005,0,6,3,1,0.880747708491981,,370.6
3999,-4.300000000000001,0,4,3,1,0.880747708491981,,370.7
4000,-0.30000000000000004,0,4,3,1,0.880747708491981,,370.7
4001,-4.300000000000001,0,4,3,1,0.880747708491981,,376.0
4002,-4.300000000000001,0,4,3,1,0.880747708491981,,376.0
4003,-4.300000000000001,0,4,3,1,0.880747708491981,,376.1
4004,-4.300000000000001,0,4,3,1,0.880747708491981,,376.1
4005,-2.3000000000000003,0,4,3,1,0.880747708491981,,376.2
4006,-4.300000000000001,0,4,3,1,0.880747708491981,,376.3
4007,-4.300000000000001,0,4,3,1,0.880747708491981,,376.4
4008,-4.300000000000001,0,4,3,1,0.880747708491981,,376.5
4009,-5.4,0,5,4,1,0.880747708491981,,376.6
4010,-0.30000000000000004,0,4,3,1,0.880747708491981,,376.7
4011,-4.300000000000001,0,4,3,1,0.880747708491981,,376.7
4012,-2.3000000000000003,0,4,3,1,0.880747708491981,,376.8
4013,-5.6000000000000005,0,6,3,1,0.880747708491981,,376.9
4014,-4.9,0,8,3,1,0.880747708491981,,376.9
4015,-2.3000000000000003,0,4,3,1,0.880747708491981,,377.0
4016,-4.6,0,6,3,1,0.880747708491981,,377.0
4017,-2.3000000000000003,0,4,3,1,0.880747708491981,,377.1
4018,-4.300000000000001,0,4,3,1,0.880747708491981,,377.2
4019,-4.300000000000001,0,4,3,1,0.880747708491981,,377.2
4020,-4.300000000000001,0,4,3,1,0.880747708491981,,377.3
4021,-0.30000000000000004,0,4,3,1,0.880747708491981,,377.3
4022,-2.3000000000000003,0,4,3,1,0.880747708491981,,377.4
4023,-4.300000000000001,0,4,3,1,0.880747708491981,,377.4
4024,-0.30000000000000004,0,4,3,1,0.880747708491981,,377.5
4025,-5.6000000000000005,0,6,3,1,0.880747708491981,,377.6
4026,-4.300000000000001,0,4,3,1,0.880747708491981,,377.6
4027,-4.300000000000001,0,4,3,1,0.880747708491981,,377.7
4028,5.7,1,4,3,1,0.880747708491981,,377.8
4029,-0.30000000000000004,0,4,3,1,0.880747708491981,,377.9
4030,-2.3000000000000003,0,4,3,1,0.880747708491981,,377.9
4031,-4.300000000000001,0,4,3,1,0.880747708491981,,378.0
4032,-0.30000000000000004,0,4,3,1,0.880747708491981,,378.1
4033,-0.30000000000000004,0,4,3,1,0.880747708491981,,378.1
4034,-4.300000000000001,0,4,3,1,0.880747708491981,,378.2
4035,-2.3000000000000003,0,4,3,1,0.880747708491981,,378.3
4036,-2.3000000000000003,0,4,3,1,0.880747708491981,,378.4
4037,-4.300000000000001,0,4,3,1,0.880747708491981,,378.5
4038,-2.3000000000000003,0,4,3,1,0.880747708491981,,378.6
4039,-2.3000000000000003,0,4,3,1,0.880747708491981,,378.6
4040,-4.300000000000001,0,4,3,1,0.880747708491981,,378.7
4041,-0.30000000000000004,0,4,3,1,0.880747708491981,,378.8
4042,-4.6,0,6,3,1,0.880747708491981,,378.8
4043,-4.300000000000001,0,4,3,1,0.880747708491981,,378.9
4044,-2.3000000000000003,0,4,3,1,0.880747708491981,,378.9
4045,-2.3000000000000003,0,4,3,1,0.880747708491981,,379.0
4046,-4.300000000000001,0,4,3,1,0.880747708491981,,379.0
4047,-4.300000000000001,0,4,3,1,0.880747708491981,,379.1
4048,-2.3000000000000003,0,4,3,1,0.880747708491981,,379.2
4049,-4.300000000000001,0,4,3,1,0.880747708491981,,379.2
4050,-4.300000000000001,0,4,3,1,0.880747708491981,,379.4
4051,-4.300000000000001,0,4,3,1,0.880747708491981,,379.4
4052,-4.300000000000001,0,4,3,1,0.880747708491981,,379.5
4053,5.7,1,4,3,1,0.880747708491981,,379.6
4054,-4.6000000000000005,0,6,3,1,0.880747708491981,,379.7
4055,-4.300000000000001,0,4,3,1,0.880747708491981,,379.7
4056,-4.300000000000001,0,4,3,1,0.880747708491981,,379.8
4057,-4.6,0,6,3,1,0.880747708491981,,379.9
4058,-4.300000000000001,0,4,3,1,0.880747708491981,,380.0
4059,-2.3000000000000003,0,4,3,1,0.880747708491981,,380.0
4060,-0.30000000000000004,0,4,3,1,0.880747708491981,,380.1
4061,-4.300000000000001,0,4,3,1,0.880747708491981,,380.2
4062,-4.300000000000001,0,4,3,1,0.880747708491981,,380.3
4063,-0.30000000000000004,0,4,3,1,0.880747708491981,,380.3
4064,-4.300000000000001,0,4,3,1,0.880747708491981,,380.4
4065,-0.6000000000000001,0,6,3,1,0.880747708491981,,380.4
4066,-4.300000000000001,0,4,3,1,0.880747708491981,,380.5
4067,-4.300000000000001,0,4,3,1,0.880747708491981,,380.5
4068,-4.300000000000001,0,4,3,1,0.880747708491981,,380.6
4069,-0.30000000000000004,0,4,3,1,0.880747708491981,,380.7
4070,-4.300000000000001,0,4,3,1,0.880747708491981,,380.7
4071,-5.6000000000000005,0,6,3,1,0.880747708491981,,380.8
4072,-4.300000000000001,0,4,3,1,0.880747708491981,,380.8
4073,-0.30000000000000004,0,4,3,1,0.880747708491981,,380.9
4074,-5.9,0,8,3,1,0.880747708491981,,381.0
4075,-2.3000000000000003,0,4,3,1,0.880747708491981,,381.1
4076,-4.300000000000001,0,4,3,1,0.880747708491981,,381.1
4077,-4.300000000000001,0,4,3,1,0.880747708491981,,381.2
4078,-4.300000000000001,0,4,3,1,0.880747708491981,,381.2
4079,-2.3000000000000003,0,4,3,1,0.880747708491981,,381.3
4080,-4.300000000000001,0,4,3,1,0.880747708491981,,381.4
4081,-4.300000000000001,0,4,3,1,0.880747708491981,,381.4
4082,-4.300000000000001,0,4,3,1,0.880747708491981,,381.6
4083,-4.300000000000001,0,4,3,1,0.880747708491981,,381.7
4084,-2.3000000000000003,0,4,3,1,0.880747708491981,,381.7
4085,-4.300000000000001,0,4,3,1,0.880747708491981,,381.8
4086,-4.300000000000001,0,4,3,1,0.880747708491981,,381.9
4087,-3.6,0,6,3,1,0.880747708491981,,382.0
4088,-2.3000000000000003,0,4,3,1,0.880747708491981,,382.1
4089,-2.3000000000000003,0,4,3,1,0.880747708491981,,382.2
4090,-4.300000000000001,0,4,3,1,0.880747708491981,,382.2
4091,-4.300000000000001,0,4,3,1,0.880747708491981,,382.3
4092,-0.30000000000000004,0,4,3,1,0.880747708491981,,382.3
4093,-4.6,0,6,3,1,0.880747708491981,,382.4
4094,-4.300000000000001,0,4,3,1,0.880747708491981,,382.4
4095,-4.300000000000001,0,4,3,1,0.880747708491981,,382.5
4096,5.7,1,4,3,1,0.8439896805211902,0.8467932469211519,383.2
4097,-0.30000000000000004,0,4,3,1,0.8439896805211902,,383.3
4098,-3.7,0,7,4,1,0.8439896805211902,,383.4
4099,-0.30000000000000004,0,4,3,1,0.8439896805211902,,383.5
4100,-0.30000000000000004,0,4,3,1,0.8439896805211902,,383.5
4101,5.7,1,4,3,1,0.8439896805211902,,383.6
4102,-0.30000000000000004,0,4,3,1,0.8439896805211902,,383.7
4103,-2.3000000000000003,0,4,3,1,0.8439896805211902,,383.8
4104,-0.30000000000000004,0,4,3,1,0.8439896805211902,,383.9
4105,5.7,1,4,3,1,0.8439896805211902,,384.0
4106,-4.300000000000001,0,4,3,1,0.8439896805211902,,384.0
4107,-4.300000000000001,0,4,3,1,0.8439896805211902,,384.1
4108,-4.300000000000001,0,4,3,1,0.8439896805211902,,384.2
4109,-0.30000000000000004,0,4,3,1,0.8439896805211902,,384.2
4110,-2.3000000000000003,0,4,3,1,0.8439896805211902,,384.3
4111,-2.3000000000000003,0,4,3,1,0.8439896805211902,,384.4
4112,-4.300000000000001,0,4,3,1,0.8439896805211902,,384.4
4113,-2.3000000000000003,0,4,3,1,0.8439896805211902,,384.5
4114,-2.3000000000000003,0,4,3,1,0.8439896805211902,,384.5
4115,-4.300000000000001,0,4,3,1,0.8439896805211902,,384.6
4116,-0.30000000000000004,0,4,3,1,0.8439896805211902,,384.6
4117,-0.30000000000000004,0,4,3,1,0.8439896805211902,,384.7
4118,-2.3000000000000003,0,4,3,1,0.8439896805211902,,384.8
4119,-4.6,0,6,3,1,0.8439896805211902,,384.8
4120,-4.300000000000001,0,4,3,1,0.8439896805211902,,384.9
4121,-2.3000000000000003,0,4,3,1,0.8439896805211902,,385.0
4122,-4.300000000000001,0,4,3,1,0.8439896805211902,,385.0
4123,-4.300000000000001,0,4,3,1,0.8439896805211902,,385.0
4124,-4.300000000000001,0,4,3,1,0.8439896805211902,,385.1
4125,-2.3000000000000003,0,4,3,1,0.8439896805211902,,385.2
4126,-4.300000000000001,0,4,3,1,0.8439896805211902,,385.3
4127,-4.300000000000001,0,4,3,1,0.8439896805211902,,385.3
4128,5.7,1,4,3,1,0.8439896805211902,,385.5
4129,-4.300000000000001,0,4,3,1,0.8439896805211902,,385.5
4130,-4.300000000000001,0,4,3,1,0.8439896805211902,,385.6
4131,-3.6000000000000005,0,6,3,1,0.8439896805211902,,385.7
4132,-2.3000000000000003,0,4,3,1,0.8439896805211902,,385.8
4133,-4.300000000000001,0,4,3,1,0.8439896805211902,,385.8
4134,5.7,1,4,3,1,0.8439896805211902,,385.9
4135,-4.300000000000001,0,4,3,1,0.8439896805211902,,386.0
4136,-4.300000000000001,0,4,3,1,0.8439896805211902,,386.0
4137,-4.300000000000001,0,4,3,1,0.8439896805211902,,386.1
4138,-4.300000000000001,0,4,3,1,0.8439896805211902,,386.1
4139,-0.30000000000000004,0,4,3,1,0.8439896805211902,,386.2
4140,-4.300000000000001,0,4,3,1,0.8439896805211902,,386.2
4141,-4.300000000000001,0,4,3,1,0.8439896805211902,,386.3
4142,-0.30000000000000004,0,4,3,1,0.8439896805211902,,386.4
4143,-4.300000000000001,0,4,3,1,0.8439896805211902,,386.4
4144,-2.3000000000000003,0,4,3,1,0.8439896805211902,,386.5
4145,-2.3000000000000003,0,4,3,1,0.8439896805211902,,386.5
4146,-4.300000000000001,0,4,3,1,0.8439896805211902,,386.6
4147,-4.300000000000001,0,4,3,1,0.8439896805211902,,386.7
4148,-4.300000000000001,0,4,3,1,0.8439896805211902,,386.8
4149,-1.6,0,6,3,1,0.8439896805211902,,386.9
4150,-4.300000000000001,0,4,3,1,0.8439896805211902,,387.0
4151,-4.300000000000001,0,4,3,1,0.8439896805211902,,387.1
4152,-4.300000000000001,0,4,3,1,0.8439896805211902,,387.1
4153,-4.300000000000001,0,4,3,1,0.8439896805211902,,387.2
4154,-4.300000000000001,0,4,3,1,0.8439896805211902,,387.3
4155,-5.6000000000000005,0,6,3,1,0.8439896805211902,,387.4
4156,-4.300000000000001,0,4,3,1,0.8439896805211902,,387.4
4157,-4.300000000000001,0,4,3,1,0.8439896805211902,,387.5
4158,-0.30000000000000004,0,4,3,1,0.8439896805211902,,387.5
4159,-4.300000000000001,0,4,3,1,0.8439896805211902,,387.6
4160,-4.300000000000001,0,4,3,1,0.8439896805211902,,387.6
4161,-4.300000000000001,0,4,3,1,0.8439896805211902,,387.7
4162,-4.300000000000001,0,4,3,1,0.8439896805211902,,387.8
4163,-4.300000000000001,0,4,3,1,0.8439896805211902,,387.8
4164,-0.30000000000000004,0,4,3,1,0.8439896805211902,,387.9
4165,-0.6000000000000001,0,6,3,1,0.8439896805211902,,387.9
4166,-4.300000000000001,0,4,3,1,0.8439896805211902,,388.0
4167,-4.300000000000001,0,4,3,1,0.8439896805211902,,388.0
4168,-0.30000000000000004,0,4,3,1,0.8439896805211902,,388.1
4169,-4.6,0,6,3,1,0.8439896805211902,,388.2
4170,-4.300000000000001,0,4,3,1,0.8439896805211902,,388.2
4171,-2.3000000000000003,0,4,3,1,0.8439896805211902,,388.3
4172,-4.300000000000001,0,4,3,1,0.8439896805211902,,388.4
4173,-4.300000000000001,0,4,3,1,0.8439896805211902,,388.5
4174,-2.3000000000000003,0,4,3,1,0.8439896805211902,,388.6
4175,-2.3000000000000003,0,4,3,1,0.8439896805211902,,388.7
4176,-2.3000000000000003,0,4,3,1,0.8439896805211902,,388.7
4177,-4.300000000000001,0,4,3,1,0.8439896805211902,,388.8
4178,-2.3000000000000003,0,4,3,1,0.8439896805211902,,388.8
4179,-4.300000000000001,0,4,3,1,0.8439896805211902,,388.9
4180,-2.3000000000000003,0,4,3,1,0.8439896805211902,,389.0
4181,-0.30000000000000004,0,4,3,1,0.8439896805211902,,389.1
4182,-2.3000000000000003,0,4,3,1,0.8439896805211902,,389.2
4183,-5.6000000000000005,0,6,3,1,0.8439896805211902,,389.2
4184,-0.30000000000000004,0,4,3,1,0.8439896805211902,,389.3
4185,-4.300000000000001,0,4,3,1,0.8439896805211902,,389.4
4186,-4.300000000000001,0,4,3,1,0.8439896805211902,,389.5
4187,-4.300000000000001,0,4,3,1,0.8439896805211902,,389.5
4188,-2.3000000000000003,0,4,3,1,0.8439896805211902,,389.6
4189,-2.3000000000000003,0,4,3,1,0.8439896805211902,,389.7
4190,5.7,1,4,3,1,0.8439896805211902,,389.7
4191,-0.30000000000000004,0,4,3,1,0.8439896805211902,,389.8
4192,-4.300000000000001,0,4,3,1,0.8439896805211902,,389.9
4193,-2.3000000000000003,0,4,3,1,0.8439896805211902,,390.0
4194,-4.300000000000001,0,4,3,1,0.8439896805211902,,390.0
4195,-3.6000000000000005,0,6,3,1,0.8439896805211902,,390.1
4196,-2.3000000000000003,0,4,3,1,0.8439896805211902,,390.2
4197,-0.30000000000000004,0,4,3,1,0.8439896805211902,,390.3
4198,5.7,1,4,3,1,0.8439896805211902,,390.4
4199,-2.3000000000000003,0,4,3,1,0.8439896805211902,,390.5
4200,-4.300000000000001,0,4,3,1,0.8439896805211902,,390.5
4201,-4.300000000000001,0,4,3,1,0.8439896805211902,,390.6
4202,-2.3000000000000003,0,4,3,1,0.8439896805211902,,390.7
4203,-4.300000000000001,0,4,3,1,0.8439896805211902,,390.7
4204,-4.300000000000001,0,4,3,1,0.8439896805211902,,390.8
4205,-2.6,0,6,3,1,0.8439896805211902,,390.8
4206,-0.6000000000000001,0,6,3,1,0.8439896805211902,,390.9
4207,-4.300000000000001,0,4,3,1,0.8439896805211902,,391.0
4208,-4.300000000000001,0,4,3,1,0.8439896805211902,,391.1
4209,-2.3000000000000003,0,4,3,1,0.8439896805211902,,391.1
4210,-0.30000000000000004,0,4,3,1,0.8439896805211902,,391.2
4211,-2.3000000000000003,0,4,3,1,0.8439896805211902,,391.2
4212,-4.300000000000001,0,4,3,1,0.8439896805211902,,391.3
4213,-4.300000000000001,0,4,3,1,0.8439896805211902,,391.4
4214,-2.3000000000000003,0,4,3,1,0.8439896805211902,,391.5
4215,-0.30000000000000004,0,4,3,1,0.8439896805211902,,391.5
4216,-4.300000000000001,0,4,3,1,0.8439896805211902,,391.6
4217,-0.30000000000000004,0,4,3,1,0.8439896805211902,,391.7
4218,-5.6000000000000005,0,6,3,1,0.8439896805211902,,391.7
4219,-2.3000000000000003,0,4,3,1,0.8439896805211902,,391.8
4220,-4.300000000000001,0,4,3,1,0.8439896805211902,,391.9
4221,-4.300000000000001,0,4,3,1,0.8439896805211902,,391.9
4222,-4.300000000000001,0,4,3,1,0.8439896805211902,,392.0
4223,-4.300000000000001,0,4,3,1,0.8439896805211902,,392.1
4224,-0.30000000000000004,0,4,3,1,0.8439896805211902,,392.2
4225,-2.3000000000000003,0,4,3,1,0.8439896805211902,,392.3
4226,-4.300000000000001,0,4,3,1,0.8439896805211902,,392.4
4227,-2.3000000000000003,0,4,3,1,0.8439896805211902,,392.4
4228,-4.300000000000001,0,4,3,1,0.8439896805211902,,392.5
4229,-4.300000000000001,0,4,3,1,0.8439896805211902,,392.6
4230,-4.300000000000001,0,4,3,1,0.8439896805211902,,392.6
4231,-4.300000000000001,0,4,3,1,0.8439896805211902,,392.7
4232,-4.300000000000001,0,4,3,1,0.8439896805211902,,392.8
4233,-2.3000000000000003,0,4,3,1,0.8439896805211902,,392.8
4234,-4.300000000000001,0,4,3,1,0.8439896805211902,,392.9
4235,-4.300000000000001,0,4,3,1,0.8439896805211902,,393.0
4236,-4.300000000000001,0,4,3,1,0.8439896805211902,,393.0
4237,-4.300000000000001,0,4,3,1,0.8439896805211902,,393.1
4238,-4.300000000000001,0,4,3,1,0.8439896805211902,,393.2
4239,-4.300000000000001,0,4,3,1,0.8439896805211902,,393.3
4240,-4.300000000000001,0,4,3,1,0.8439896805211902,,393.4
4241,-2.3000000000000003,0,4,3,1,0.8439896805211902,,393.4
4242,-4.300000000000001,0,4,3,1,0.8439896805211902,,393.5
4243,-5.6000000000000005,0,6,3,1,0.8439896805211902,,393.6
4244,-4.300000000000001,0,4,3,1,0.8439896805211902,,393.7
4245,-0.30000000000000004,0,4,3,1,0.8439896805211902,,393.7
4246,-2.6,0,6,3,1,0.8439896805211902,,393.8
4247,-4.300000000000001,0,4,3,1,0.8439896805211902,,393.9
4248,-0.30000000000000004,0,4,3,1,0.8439896805211902,,393.9
4249,5.7,1,4,3,1,0.8439896805211902,,394.0
4250,-4.300000000000001,0,4,3,1,0.8439896805211902,,394.1
4251,-4.300000000000001,0,4,3,1,0.8439896805211902,,394.2
4252,-4.300000000000001,0,4,3,1,0.8439896805211902,,394.3
4253,-2.3000000000000003,0,4,3,1,0.8439896805211902,,394.4
4254,-2.3000000000000003,0,4,3,1,0.8439896805211902,,394.4
4255,-4.300000000000001,0,4,3,1,0.8439896805211902,,394.5
4256,5.7,1,4,3,1,0.8439896805211902,,394.6
4257,-4.300000000000001,0,4,3,1,0.8439896805211902,,394.7
4258,5.7,1,4,3,1,0.8439896805211902,,394.7
4259,-2.3000000000000003,0,4,3,1,0.8439896805211902,,394.8
4260,-4.300000000000001,0,4,3,1,0.8439896805211902,,394.8
4261,-2.3000000000000003,0,4,3,1,0.8439896805211902,,394.9
4262,-4.300000000000001,0,4,3,1,0.8439896805211902,,395.0
4263,-4.300000000000001,0,4,3,1,0.8439896805211902,,395.0
4264,-4.300000000000001,0,4,3,1,0.8439896805211902,,395.1
4265,-4.300000000000001,0,4,3,1,0.8439896805211902,,395.2
4266,-4.6000000000000005,0,6,3,1,0.8439896805211902,,395.2
4267,-4.300000000000001,0,4,3,1,0.8439896805211902,,395.3
4268,-2.3000000000000003,0,4,3,1,0.8439896805211902,,395.4
4269,-4.300000000000001,0,4,3,1,0.8439896805211902,,395.4
4270,-4.300000000000001,0,4,3,1,0.8439896805211902,,395.5
4271,-4.300000000000001,0,4,3,1,0.8439896805211902,,395.6
4272,-2.3000000000000003,0,4,3,1,0.8439896805211902,,395.6
4273,-2.3000000000000003,0,4,3,1,0.8439896805211902,,395.7
4274,-4.300000000000001,0,4,3,1,0.8439896805211902,,395.8
4275,-0.30000000000000004,0,4,3,1,0.8439896805211902,,395.9
4276,-4.300000000000001,0,4,3,1,0.8439896805211902,,396.0
4277,-2.3000000000000003,0,4,3,1,0.8439896805211902,,396.0
4278,-4.300000000000001,0,4,3,1,0.8439896805211902,,396.1
4279,-4.300000000000001,0,4,3,1,0.8439896805211902,,396.1
4280,-2.3000000000000003,0,4,3,1,0.8439896805211902,,396.2
4281,-4.300000000000001,0,4,3,1,0.8439896805211902,,396.3
4282,-4.300000000000001,0,4,3,1,0.8439896805211902,,396.4
4283,-0.30000000000000004,0,4,3,1,0.8439896805211902,,396.4
4284,-4.300000000000001,0,4,3,1,0.8439896805211902,,396.5
4285,-0.30000000000000004,0,4,3,1,0.8439896805211902,,396.6
4286,-4.300000000000001,0,4,3,1,0.8439896805211902,,396.6
4287,-4.300000000000001,0,4,3,1,0.8439896805211902,,396.7
4288,-0.30000000000000004,0,4,3,1,0.8439896805211902,,396.8
4289,5.7,1,4,3,1,0.8439896805211902,,396.8
4290,-2.3000000000000003,0,4,3,1,0.8439896805211902,,396.9
4291,-3.6000000000000005,0,6,3,1,0.8439896805211902,,397.0
4292,-4.300000000000001,0,4,3,1,0.8439896805211902,,397.0
4293,-2.6,0,6,3,1,0.8439896805211902,,397.1
4294,-4.300000000000001,0,4,3,1,0.8439896805211902,,397.1
4295,-4.300000000000001,0,4,3,1,0.8439896805211902,,397.2
4296,-4.300000000000001,0,4,3,1,0.8439896805211902,,397.3
4297,-0.30000000000000004,0,4,3,1,0.8439896805211902,,397.3
4298,-4.300000000000001,0,4,3,1,0.8439896805211902,,397.4
4299,-4.300000000000001,0,4,3,1,0.8439896805211902,,397.5
4300,-4.300000000000001,0,4,3,1,0.8439896805211902,,397.5
4301,-4.300000000000001,0,4,3,1,0.8439896805211902,,397.6
4302,-4.300000000000001,0,4,3,1,0.8439896805211902,,397.7
4303,-4.300000000000001,0,4,3,1,0.8439896805211902,,397.8
4304,-4.300000000000001,0,4,3,1,0.8439896805211902,,397.8
4305,5.7,1,4,3,1,0.8439896805211902,,397.9
4306,-4.6000000000000005,0,6,3,1,0.8439896805211902,,397.9
4307,-2.3000000000000003,0,4,3,1,0.8439896805211902,,398.0
4308,-2.3000000000000003,0,4,3,1,0.8439896805211902,,398.1
4309,-4.300000000000001,0,4,3,1,0.8439896805211902,,398.2
4310,-2.3000000000000003,0,4,3,1,0.8439896805211902,,398.2
4311,-2.3000000000000003,0,4,3,1,0.8439896805211902,,398.3
4312,-4.300000000000001,0,4,3,1,0.8439896805211902,,398.4
4313,-4.300000000000001,0,4,3,1,0.8439896805211902,,398.5
4314,-4.300000000000001,0,4,3,1,0.8439896805211902,,398.5
4315,-4.300000000000001,0,4,3,1,0.8439896805211902,,398.6
4316,-4.300000000000001,0,4,3,1,0.8439896805211902,,398.7
4317,-4.300000000000001,0,4,3,1,0.8439896805211902,,398.7
4318,-4.300000000000001,0,4,3,1,0.8439896805211902,,398.8
4319,-5.6000000000000005,0,6,3,1,0.8439896805211902,,398.8
4320,5.4,1,6,3,1,0.8439896805211902,,398.9
4321,-4.6,0,6,3,1,0.8439896805211902,,399.0
4322,-0.30000000000000004,0,4,3,1,0.8439896805211902,,399.0
4323,-4.300000000000001,0,4,3,1,0.8439896805211902,,399.1
4324,-4.300000000000001,0,4,3,1,0.8439896805211902,,399.2
4325,-2.3000000000000003,0,4,3,1,0.8439896805211902,,399.3
4326,-2.3000000000000003,0,4,3,1,0.8439896805211902,,399.3
4327,-4.300000000000001,0,4,3,1,0.8439896805211902,,399.4
4328,5.7,1,4,3,1,0.8439896805211902,,399.5
4329,-4.300000000000001,0,4,3,1,0.8439896805211902,,399.6
4330,-4.300000000000001,0,4,3,1,0.8439896805211902,,399.6
4331,-4.300000000000001,0,4,3,1,0.8439896805211902,,399.7
4332,-2.3000000000000003,0,4,3,1,0.8439896805211902,,399.8
4333,-4.300000000000001,0,4,3,1,0.8439896805211902,,399.9
4334,-4.300000000000001,0,4,3,1,0.8439896805211902,,399.9
4335,-4.300000000000001,0,4,3,1,0.8439896805211902,,400.0
4336,-4.300000000000001,0,4,3,1,0.8439896805211902,,400.1
4337,5.7,1,4,3,1,0.8439896805211902,,400.1
4338,-2.3000000000000003,0,4,3,1,0.8439896805211902,,400.2
4339,-4.300000000000001,0,4,3,1,0.8439896805211902,,400.2
4340,-4.300000000000001,0,4,3,1,0.8439896805211902,,400.3
4341,-4.300000000000001,0,4,3,1,0.8439896805211902,,400.4
4342,-4.300000000000001,0,4,3,1,0.8439896805211902,,400.5
4343,-2.3000000000000003,0,4,3,1,0.8439896805211902,,400.6
4344,-4.300000000000001,0,4,3,1,0.8439896805211902,,400.6
4345,-4.300000000000001,0,4,3,1,0.8439896805211902,,400.7
4346,-4.300000000000001,0,4,3,1,0.8439896805211902,,400.8
4347,-4.300000000000001,0,4,3,1,0.8439896805211902,,400.9
4348,-2.3000000000000003,0,4,3,1,0.8439896805211902,,400.9
4349,-4.300000000000001,0,4,3,1,0.8439896805211902,,401.0
4350,-2.3000000000000003,0,4,3,1,0.8439896805211902,,401.1
4351,-4.300000000000001,0,4,3,1,0.8439896805211902,,401.1
4352,-4.300000000000001,0,4,3,1,0.8439896805211902,,401.2
4353,-4.300000000000001,0,4,3,1,0.8439896805211902,,401.3
4354,5.4,1,6,3,1,0.8439896805211902,,401.4
4355,-4.300000000000001,0,4,3,1,0.8439896805211902,,401.4
4356,-4.300000000000001,0,4,3,1,0.8439896805211902,,401.5
4357,5.7,1,4,3,1,0.8439896805211902,,401.6
4358,-2.3000000000000003,0,4,3,1,0.8439896805211902,,401.6
4359,-4.300000000000001,0,4,3,1,0.8439896805211902,,401.7
4360,-4.300000000000001,0,4,3,1,0.8439896805211902,,401.8
4361,5.7,1,4,3,1,0.8439896805211902,,401.9
4362,-4.300000000000001,0,4,3,1,0.8439896805211902,,401.9
4363,-4.300000000000001,0,4,3,1,0.8439896805211902,,402.0
4364,-4.300000000000001,0,4,3,1,0.8439896805211902,,402.0
4365,-4.300000000000001,0,4,3,1,0.8439896805211902,,402.1
4366,-4.300000000000001,0,4,3,1,0.8439896805211902,,402.3
4367,-2.3000000000000003,0,4,3,1,0.8439896805211902,,402.3
4368,-2.3000000000000003,0,4,3,1,0.8439896805211902,,402.4
4369,-4.300000000000001,0,4,3,1,0.8439896805211902,,402.5
4370,-4.300000000000001,0,4,3,1,0.8439896805211902,,402.5
4371,-4.300000000000001,0,4,3,1,0.8439896805211902,,402.6
4372,-4.300000000000001,0,4,3,1,0.8439896805211902,,402.7
4373,-2.3000000000000003,0,4,3,1,0.8439896805211902,,402.8
4374,-0.30000000000000004,0,4,3,1,0.8439896805211902,,402.9
4375,5.7,1,4,3,1,0.8439896805211902,,402.9
4376,-4.300000000000001,0,4,3,1,0.8439896805211902,,403.0
4377,-4.300000000000001,0,4,3,1,0.8439896805211902,,403.1
4378,-4.300000000000001,0,4,3,1,0.8439896805211902,,403.1
4379,-4.300000000000001,0,4,3,1,0.8439896805211902,,403.2
4380,-4.300000000000001,0,4,3,1,0.8439896805211902,,403.2
4381,-4.300000000000001,0,4,3,1,0.8439896805211902,,403.3
4382,-4.300000000000001,0,4,3,1,0.8439896805211902,,403.3
4383,-2.3000000000000003,0,4,3,1,0.8439896805211902,,403.4
4384,-0.30000000000000004,0,4,3,1,0.8439896805211902,,403.4
4385,-4.300000000000001,0,4,3,1,0.8439896805211902,,403.5
4386,5.7,1,4,3,1,0.8439896805211902,,403.5
4387,-4.300000000000001,0,4,3,1,0.8439896805211902,,403.6
4388,-4.300000000000001,0,4,3,1,0.8439896805211902,,403.7
4389,-4.300000000000001,0,4,3,1,0.8439896805211902,,403.7
4390,-0.30000000000000004,0,4,3,1,0.8439896805211902,,403.8
4391,-0.30000000000000004,0,4,3,1,0.8439896805211902,,403.9
4392,-4.300000000000001,0,4,3,1,0.8439896805211902,,404.0
4393,5.7,1,4,3,1,0.8439896805211902,,404.1
4394,-2.3000000000000003,0,4,3,1,0.8439896805211902,,404.1
4395,-4.300000000000001,0,4,3,1,0.8439896805211902,,404.2
4396,-4.300000000000001,0,4,3,1,0.8439896805211902,,404.2
4397,-2.3000000000000003,0,4,3,1,0.8439896805211902,,404.3
4398,5.7,1,4,3,1,0.8439896805211902,,404.3
4399,-2.3000000000000003,0,4,3,1,0.8439896805211902,,404.3
4400,-4.300000000000001,0,4,3,1,0.8439896805211902,,404.4
4401,-4.300000000000001,0,4,3,1,0.8439896805211902,,404.5
4402,-4.300000000000001,0,4,3,1,0.8439896805211902,,404.6
4403,-4.300000000000001,0,4,3,1,0.8439896805211902,,404.6
4404,-4.300000000000001,0,4,3,1,0.8439896805211902,,404.7
4405,-4.300000000000001,0,4,3,1,0.8439896805211902,,404.8
4406,-4.300000000000001,0,4,3,1,0.8439896805211902,,404.8
4407,-0.30000000000000004,0,4,3,1,0.8439896805211902,,404.9
4408,-4.300000000000001,0,4,3,1,0.8439896805211902,,405.0
4409,-4.300000000000001,0,4,3,1,0.8439896805211902,,405.1
4410,-4.9,0,8,3,1,0.8439896805211902,,405.1
4411,-4.6000000000000005,0,6,3,1,0.8439896805211902,,405.2
4412,-4.300000000000001,0,4,3,1,0.8439896805211902,,405.2
4413,5.7,1,4,3,1,0.8439896805211902,,405.2
4414,-4.300000000000001,0,4,3,1,0.8439896805211902,,405.3
4415,-4.300000000000001,0,4,3,1,0.8439896805211902,,405.4
4416,-4.300000000000001,0,4,3,1,0.8439896805211902,,405.5
4417,-4.300000000000001,0,4,3,1,0.8439896805211902,,405.6
4418,-4.300000000000001,0,4,3,1,0.8439896805211902,,405.6
4419,-4.300000000000001,0,4,3,1,0.8439896805211902,,405.7
4420,-4.300000000000001,0,4,3,1,0.8439896805211902,,405.8
4421,-4.300000000000001,0,4,3,1,0.8439896805211902,,405.8
4422,-3.6,0,6,3,1,0.8439896805211902,,405.9
4423,-0.30000000000000004,0,4,3,1,0.8439896805211902,,406.0
4424,-4.300000000000001,0,4,3,1,0.8439896805211902,,406.1
4425,-0.30000000000000004,0,4,3,1,0.8439896805211902,,406.1
4426,-0.30000000000000004,0,4,3,1,0.8439896805211902,,406.2
4427,-2.3000000000000003,0,4,3,1,0.8439896805211902,,406.3
4428,5.7,1,4,3,1,0.8439896805211902,,406.4
4429,-2.3000000000000003,0,4,3,1,0.8439896805211902,,406.4
4430,-4.300000000000001,0,4,3,1,0.8439896805211902,,406.5
4431,-4.300000000000001,0,4,3,1,0.8439896805211902,,406.5
4432,5.7,1,4,3,1,0.8439896805211902,,406.6
4433,-2.3000000000000003,0,4,3,1,0.8439896805211902,,406.7
4434,-4.300000000000001,0,4,3,1,0.8439896805211902,,406.7
4435,-4.300000000000001,0,4,3,1,0.8439896805211902,,406.8
4436,5.7,1,4,3,1,0.8439896805211902,,406.8
4437,-2.3000000000000003,0,4,3,1,0.8439896805211902,,406.9
4438,-4.6,0,6,3,1,0.8439896805211902,,406.9
4439,-2.3000000000000003,0,4,3,1,0.8439896805211902,,407.0
4440,-4.300000000000001,0,4,3,1,0.8439896805211902,,407.1
4441,5.7,1,4,3,1,0.8439896805211902,,407.2
4442,-4.300000000000001,0,4,3,1,0.8439896805211902,,407.3
4443,-4.300000000000001,0,4,3,1,0.8439896805211902,,407.3
4444,-2.3000000000000003,0,4,3,1,0.8439896805211902,,407.4
4445,-4.300000000000001,0,4,3,1,0.8439896805211902,,407.5
4446,-4.300000000000001,0,4,3,1,0.8439896805211902,,407.6
4447,-4.300000000000001,0,4,3,1,0.8439896805211902,,407.7
4448,-4.300000000000001,0,4,3,1,0.8439896805211902,,407.7
4449,-2.3000000000000003,0,4,3,1,0.8439896805211902,,407.8
4450,-4.300000000000001,0,4,3,1,0.8439896805211902,,407.9
4451,-4.300000000000001,0,4,3,1,0.8439896805211902,,407.9
4452,-4.300000000000001,0,4,3,1,0.8439896805211902,,408.0
4453,-4.300000000000001,0,4,3,1,0.8439896805211902,,408.0
4454,-2.3000000000000003,0,4,3,1,0.8439896805211902,,408.1
4455,-0.30000000000000004,0,4,3,1,0.8439896805211902,,408.2
4456,-0.30000000000000004,0,4,3,1,0.8439896805211902,,408.2
4457,-4.300000000000001,0,4,3,1,0.8439896805211902,,408.3
4458,-4.300000000000001,0,4,3,1,0.8439896805211902,,408.4
4459,-0.30000000000000004,0,4,3,1,0.8439896805211902,,408.5
4460,-4.300000000000001,0,4,3,1,0.8439896805211902,,408.5
4461,-4.300000000000001,0,4,3,1,0.8439896805211902,,408.6
4462,-4.300000000000001,0,4,3,1,0.8439896805211902,,408.6
4463,-4.300000000000001,0,4,3,1,0.8439896805211902,,408.7
4464,-4.300000000000001,0,4,3,1,0.8439896805211902,,408.8
4465,5.7,1,4,3,1,0.8439896805211902,,408.9
4466,-4.300000000000001,0,4,3,1,0.8439896805211902,,408.9
4467,-4.300000000000001,0,4,3,1,0.8439896805211902,,409.0
4468,-4.300000000000001,0,4,3,1,0.8439896805211902,,409.1
4469,-0.30000000000000004,0,4,3,1,0.8439896805211902,,409.1
4470,-4.300000000000001,0,4,3,1,0.8439896805211902,,409.2
4471,-4.300000000000001,0,4,3,1,0.8439896805211902,,409.2
4472,-3.6000000000000005,0,6,3,1,0.8439896805211902,,409.3
4473,-4.300000000000001,0,4,3,1,0.8439896805211902,,409.4
4474,-4.300000000000001,0,4,3,1,0.8439896805211902,,409.4
4475,-3.6000000000000005,0,6,3,1,0.8439896805211902,,409.5
4476,-4.300000000000001,0,4,3,1,0.8439896805211902,,409.6
4477,5.7,1,4,3,1,0.8439896805211902,,409.7
4478,-0.30000000000000004,0,4,3,1,0.8439896805211902,,409.8
4479,-4.300000000000001,0,4,3,1,0.8439896805211902,,409.8
4480,5.7,1,4,3,1,0.8439896805211902,,409.9
4481,5.7,1,4,3,1,0.8439896805211902,,409.9
4482,-4.300000000000001,0,4,3,1,0.8439896805211902,,410.0
4483,-4.300000000000001,0,4,3,1,0.8439896805211902,,410.0
4484,-0.30000000000000004,0,4,3,1,0.8439896805211902,,410.1
4485,-4.300000000000001,0,4,3,1,0.8439896805211902,,410.1
4486,-4.300000000000001,0,4,3,1,0.8439896805211902,,410.2
4487,-4.300000000000001,0,4,3,1,0.8439896805211902,,410.2
4488,-4.300000000000001,0,4,3,1,0.8439896805211902,,410.3
4489,-4.300000000000001,0,4,3,1,0.8439896805211902,,410.3
4490,-4.300000000000001,0,4,3,1,0.8439896805211902,,410.4
4491,-2.3000000000000003,0,4,3,1,0.8439896805211902,,410.5
4492,-4.300000000000001,0,4,3,1,0.8439896805211902,,410.5
4493,-2.3000000000000003,0,4,3,1,0.8439896805211902,,410.6
4494,-2.3000000000000003,0,4,3,1,0.8439896805211902,,410.6
4495,-4.300000000000001,0,4,3,1,0.8439896805211902,,410.7
4496,5.7,1,4,3,1,0.8439896805211902,,410.8
4497,-2.3000000000000003,0,4,3,1,0.8439896805211902,,410.8
4498,-4.300000000000001,0,4,3,1,0.8439896805211902,,410.9
4499,5.7,1,4,3,1,0.8439896805211902,,410.9
4500,5.7,1,4,3,1,0.8439896805211902,,411.0
4501,-4.300000000000001,0,4,3,1,0.8439896805211902,,416.0
4502,5.7,1,4,3,1,0.8439896805211902,,416.1
4503,-4.300000000000001,0,4,3,1,0.8439896805211902,,416.1
4504,-0.30000000000000004,0,4,3,1,0.8439896805211902,,416.2
4505,-4.300000000000001,0,4,3,1,0.8439896805211902,,416.2
4506,-4.300000000000001,0,4,3,1,0.8439896805211902,,416.2
4507,-4.300000000000001,0,4,3,1,0.8439896805211902,,416.3
4508,-4.300000000000001,0,4,3,1,0.8439896805211902,,416.4
4509,5.7,1,4,3,1,0.8439896805211902,,416.5
4510,-4.300000000000001,0,4,3,1,0.8439896805211902,,416.5
4511,-2.3000000000000003,0,4,3,1,0.8439896805211902,,416.6
4512,-4.300000000000001,0,4,3,1,0.8439896805211902,,416.6
4513,-0.30000000000000004,0,4,3,1,0.8439896805211902,,416.7
4514,-4.300000000000001,0,4,3,1,0.8439896805211902,,416.8
4515,-4.300000000000001,0,4,3,1,0.8439896805211902,,416.9
4516,-2.3000000000000003,0,4,3,1,0.8439896805211902,,416.9
4517,-4.300000000000001,0,4,3,1,0.8439896805211902,,417.0
4518,-2.3000000000000003,0,4,3,1,0.8439896805211902,,417.1
4519,-4.300000000000001,0,4,3,1,0.8439896805211902,,417.2
4520,-0.30000000000000004,0,4,3,1,0.8439896805211902,,417.3
4521,-4.300000000000001,0,4,3,1,0.8439896805211902,,417.4
4522,5.7,1,4,3,1,0.8439896805211902,,417.4
4523,-4.300000000000001,0,4,3,1,0.8439896805211902,,417.5
4524,-2.3000000000000003,0,4,3,1,0.8439896805211902,,417.6
4525,-2.3000000000000003,0,4,3,1,0.8439896805211902,,417.6
4526,-4.300000000000001,0,4,3,1,0.8439896805211902,,417.7
4527,-4.300000000000001,0,4,3,1,0.8439896805211902,,417.8
4528,-4.300000000000001,0,4,3,1,0.8439896805211902,,417.9
4529,-3.6000000000000005,0,6,3,1,0.8439896805211902,,418.0
4530,5.7,1,4,3,1,0.8439896805211902,,418.0
4531,-4.300000000000001,0,4,3,1,0.8439896805211902,,418.1
4532,-4.300000000000001,0,4,3,1,0.8439896805211902,,418.2
4533,-4.300000000000001,0,4,3,1,0.8439896805211902,,418.3
4534,-2.3000000000000003,0,4,3,1,0.8439896805211902,,418.4
4535,-0.30000000000000004,0,4,3,1,0.8439896805211902,,418.4
4536,-4.300000000000001,0,4,3,1,0.8439896805211902,,418.5
4537,-0.30000000000000004,0,4,3,1,0.8439896805211902,,418.6
4538,-4.300000000000001,0,4,3,1,0.8439896805211902,,418.7
4539,-4.300000000000001,0,4,3,1,0.8439896805211902,,418.7
4540,-4.300000000000001,0,4,3,1,0.8439896805211902,,418.8
4541,-4.300000000000001,0,4,3,1,0.8439896805211902,,418.9
4542,-4.300000000000001,0,4,3,1,0.8439896805211902,,418.9
4543,-4.300000000000001,0,4,3,1,0.8439896805211902,,419.0
4544,-2.6,0,6,3,1,0.8439896805211902,,419.1
4545,-0.30000000000000004,0,4,3,1,0.8439896805211902,,419.1
4546,-4.300000000000001,0,4,3,1,0.8439896805211902,,419.2
4547,-4.300000000000001,0,4,3,1,0.8439896805211902,,419.3
4548,-4.300000000000001,0,4,3,1,0.8439896805211902,,419.4
4549,-2.3000000000000003,0,4,3,1,0.8439896805211902,,419.4
4550,-4.300000000000001,0,4,3,1,0.8439896805211902,,419.5
4551,-2.3000000000000003,0,4,3,1,0.8439896805211902,,419.5
4552,-2.3000000000000003,0,4,3,1,0.8439896805211902,,419.6
4553,-4.300000000000001,0,4,3,1,0.8439896805211902,,419.7
4554,-2.3000000000000003,0,4,3,1,0.8439896805211902,,419.8
4555,-5.6000000000000005,0,6,3,1,0.8439896805211902,,419.8
4556,5.7,1,4,3,1,0.8439896805211902,,419.9
4557,-4.300000000000001,0,4,3,1,0.8439896805211902,,420.0
4558,-4.300000000000001,0,4,3,1,0.8439896805211902,,420.0
4559,5.7,1,4,3,1,0.8439896805211902,,420.1
4560,-4.300000000000001,0,4,3,1,0.8439896805211902,,420.2
4561,-2.3000000000000003,0,4,3,1,0.8439896805211902,,420.2
4562,-2.3000000000000003,0,4,3,1,0.8439896805211902,,420.3
4563,-4.300000000000001,0,4,3,1,0.8439896805211902,,420.4
4564,-4.300000000000001,0,4,3,1,0.8439896805211902,,420.4
4565,-2.3000000000000003,0,4,3,1,0.8439896805211902,,420.5
4566,-2.3000000000000003,0,4,3,1,0.8439896805211902,,420.6
4567,-4.300000000000001,0,4,3,1,0.8439896805211902,,420.7
4568,-2.3000000000000003,0,4,3,1,0.8439896805211902,,420.7
4569,-4.300000000000001,0,4,3,1,0.8439896805211902,,420.8
4570,-4.300000000000001,0,4,3,1,0.8439896805211902,,420.8
4571,-4.300000000000001,0,4,3,1,0.8439896805211902,,420.9
4572,-4.300000000000001,0,4,3,1,0.8439896805211902,,421.0
4573,-5.6000000000000005,0,6,3,1,0.8439896805211902,,421.1
4574,-2.3000000000000003,0,4,3,1,0.8439896805211902,,421.2
4575,-4.300000000000001,0,4,3,1,0.8439896805211902,,421.2
4576,-4.300000000000001,0,4,3,1,0.8439896805211902,,421.2
4577,-4.300000000000001,0,4,3,1,0.8439896805211902,,421.3
4578,-4.300000000000001,0,4,3,1,0.8439896805211902,,421.4
4579,-4.300000000000001,0,4,3,1,0.8439896805211902,,421.4
4580,-2.3000000000000003,0,4,3,1,0.8439896805211902,,421.5
4581,-4.300000000000001,0,4,3,1,0.8439896805211902,,421.6
4582,-4.300000000000001,0,4,3,1,0.8439896805211902,,421.7
4583,-3.6000000000000005,0,6,3,1,0.8439896805211902,,421.7
4584,-4.300000000000001,0,4,3,1,0.8439896805211902,,421.8
4585,-4.300000000000001,0,4,3,1,0.8439896805211902,,421.8
4586,-4.300000000000001,0,4,3,1,0.8439896805211902,,421.9
4587,-4.300000000000001,0,4,3,1,0.8439896805211902,,421.9
4588,-4.300000000000001,0,4,3,1,0.8439896805211902,,422.0
4589,-4.300000000000001,0,4,3,1,0.8439896805211902,,422.1
4590,-4.300000000000001,0,4,3,1,0.8439896805211902,,422.2
4591,-2.3000000000000003,0,4,3,1,0.8029546947218478,1.258226472651586,422.9
4592,-4.300000000000001,0,4,3,1,0.8029546947218478,,422.9
4593,-4.300000000000001,0,4,3,1,0.8029546947218478,,423.0
4594,-4.300000000000001,0,4,3,1,0.8029546947218478,,423.1
4595,-4.300000000000001,0,4,3,1,0.8029546947218478,,423.1
4596,-4.300000000000001,0,4,3,1,0.8029546947218478,,423.2
4597,-4.300000000000001,0,4,3,1,0.8029546947218478,,423.3
4598,-4.300000000000001,0,4,3,1,0.8029546947218478,,423.3
4599,-4.300000000000001,0,4,3,1,0.8029546947218478,,423.4
4600,-4.300000000000001,0,4,3,1,0.8029546947218478,,423.5
4601,-4.300000000000001,0,4,3,1,0.8029546947218478,,423.6
4602,-4.300000000000001,0,4,3,1,0.8029546947218478,,423.6
4603,-4.300000000000001,0,4,3,1,0.8029546947218478,,423.7
4604,-4.300000000000001,0,4,3,1,0.8029546947218478,,423.8
4605,-4.300000000000001,0,4,3,1,0.8029546947218478,,423.9
4606,-0.30000000000000004,0,4,3,1,0.8029546947218478,,423.9
4607,-4.300000000000001,0,4,3,1,0.8029546947218478,,424.0
4608,-0.30000000000000004,0,4,3,1,0.8029546947218478,,424.0
4609,-4.300000000000001,0,4,3,1,0.8029546947218478,,424.1
4610,-4.300000000000001,0,4,3,1,0.8029546947218478,,424.2
4611,-4.300000000000001,0,4,3,1,0.8029546947218478,,424.3
4612,-2.3000000000000003,0,4,3,1,0.8029546947218478,,424.4
4613,-2.3000000000000003,0,4,3,1,0.8029546947218478,,424.4
4614,-0.6000000000000001,0,6,3,1,0.8029546947218478,,424.5
4615,-4.300000000000001,0,4,3,1,0.8029546947218478,,424.6
4616,-4.300000000000001,0,4,3,1,0.8029546947218478,,424.7
4617,-4.300000000000001,0,4,3,1,0.8029546947218478,,424.8
4618,-2.3000000000000003,0,4,3,1,0.8029546947218478,,424.8
4619,-4.300000000000001,0,4,3,1,0.8029546947218478,,424.9
4620,-4.300000000000001,0,4,3,1,0.8029546947218478,,425.0
4621,-4.300000000000001,0,4,3,1,0.8029546947218478,,425.0
4622,-0.30000000000000004,0,4,3,1,0.8029546947218478,,425.1
4623,-4.300000000000001,0,4,3,1,0.8029546947218478,,425.2
4624,-2.6,0,6,3,1,0.8029546947218478,,425.2
4625,-5.6000000000000005,0,6,3,1,0.8029546947218478,,425.4
4626,-4.300000000000001,0,4,3,1,0.8029546947218478,,425.4
4627,-4.300000000000001,0,4,3,1,0.8029546947218478,,425.5
4628,-4.300000000000001,0,4,3,1,0.8029546947218478,,425.5
4629,-2.3000000000000003,0,4,3,1,0.8029546947218478,,425.6
4630,-5.6000000000000005,0,6,3,1,0.8029546947218478,,425.7
4631,-0.30000000000000004,0,4,3,1,0.8029546947218478,,425.8
4632,5.7,1,4,3,1,0.8029546947218478,,425.8
4633,5.7,1,4,3,1,0.8029546947218478,,425.9
4634,-4.300000000000001,0,4,3,1,0.8029546947218478,,426.0
4635,-4.300000000000001,0,4,3,1,0.8029546947218478,,426.1
4636,5.7,1,4,3,1,0.8029546947218478,,426.1
4637,-4.300000000000001,0,4,3,1,0.8029546947218478,,426.1
4638,-4.300000000000001,0,4,3,1,0.8029546947218478,,426.2
4639,-4.300000000000001,0,4,3,1,0.8029546947218478,,426.2
4640,-4.300000000000001,0,4,3,1,0.8029546947218478,,426.3
4641,-4.300000000000001,0,4,3,1,0.8029546947218478,,426.4
4642,-2.3000000000000003,0,4,3,1,0.8029546947218478,,426.4
4643,-2.3000000000000003,0,4,3,1,0.8029546947218478,,426.5
4644,-0.30000000000000004,0,4,3,1,0.8029546947218478,,426.5
4645,-2.3000000000000003,0,4,3,1,0.8029546947218478,,426.5
4646,-4.300000000000001,0,4,3,1,0.8029546947218478,,426.6
4647,-4.300000000000001,0,4,3,1,0.8029546947218478,,426.7
4648,-2.3000000000000003,0,4,3,1,0.8029546947218478,,426.7
4649,-4.300000000000001,0,4,3,1,0.8029546947218478,,426.8
4650,-2.3000000000000003,0,4,3,1,0.8029546947218478,,426.9
4651,-5.6000000000000005,0,6,3,1,0.8029546947218478,,427.0
4652,-2.3000000000000003,0,4,3,1,0.8029546947218478,,427.1
4653,-0.30000000000000004,0,4,3,1,0.8029546947218478,,427.1
4654,-4.300000000000001,0,4,3,1,0.8029546947218478,,427.2
4655,-2.3000000000000003,0,4,3,1,0.8029546947218478,,427.2
4656,5.7,1,4,3,1,0.8029546947218478,,427.3
4657,-4.300000000000001,0,4,3,1,0.8029546947218478,,427.3
4658,-4.300000000000001,0,4,3,1,0.8029546947218478,,427.4
4659,-0.30000000000000004,0,4,3,1,0.8029546947218478,,427.5
4660,5.7,1,4,3,1,0.8029546947218478,,427.6
4661,-0.30000000000000004,0,4,3,1,0.8029546947218478,,427.7
4662,-4.300000000000001,0,4,3,1,0.8029546947218478,,427.7
4663,-4.300000000000001,0,4,3,1,0.8029546947218478,,427.8
4664,-4.300000000000001,0,4,3,1,0.8029546947218478,,427.9
4665,-5.4,0,5,4,1,0.8029546947218478,,428.0
4666,-4.300000000000001,0,4,3,1,0.8029546947218478,,428.1
4667,-4.300000000000001,0,4,3,1,0.8029546947218478,,428.1
4668,-4.300000000000001,0,4,3,1,0.8029546947218478,,428.2
4669,-4.300000000000001,0,4,3,1,0.8029546947218478,,428.3
4670,-4.300000000000001,0,4,3,1,0.8029546947218478,,428.4
4671,-4.300000000000001,0,4,3,1,0.8029546947218478,,428.5
4672,5.7,1,4,3,1,0.8029546947218478,,428.5
4673,-4.300000000000001,0,4,3,1,0.8029546947218478,,428.6
4674,-4.300000000000001,0,4,3,1,0.8029546947218478,,428.6
4675,-2.3000000000000003,0,4,3,1,0.8029546947218478,,428.7
4676,5.7,1,4,3,1,0.8029546947218478,,428.8
4677,-4.300000000000001,0,4,3,1,0.8029546947218478,,428.8
4678,-4.300000000000001,0,4,3,1,0.8029546947218478,,428.9
4679,-4.300000000000001,0,4,3,1,0.8029546947218478,,429.0
4680,-4.300000000000001,0,4,3,1,0.8029546947218478,,429.1
4681,-4.300000000000001,0,4,3,1,0.8029546947218478,,429.1
4682,5.7,1,4,3,1,0.8029546947218478,,429.2
4683,-4.300000000000001,0,4,3,1,0.8029546947218478,,429.3
4684,-4.300000000000001,0,4,3,1,0.8029546947218478,,429.4
4685,-2.3000000000000003,0,4,3,1,0.8029546947218478,,429.4
4686,-4.300000000000001,0,4,3,1,0.8029546947218478,,429.5
4687,-4.300000000000001,0,4,3,1,0.8029546947218478,,429.6
4688,-0.30000000000000004,0,4,3,1,0.8029546947218478,,429.6
4689,-2.3000000000000003,0,4,3,1,0.8029546947218478,,429.7
4690,5.7,1,4,3,1,0.8029546947218478,,429.7
4691,-4.300000000000001,0,4,3,1,0.8029546947218478,,429.8
4692,-4.300000000000001,0,4,3,1,0.8029546947218478,,429.8
4693,-4.300000000000001,0,4,3,1,0.8029546947218478,,429.9
4694,-0.30000000000000004,0,4,3,1,0.8029546947218478,,430.0
4695,-4.300000000000001,0,4,3,1,0.8029546947218478,,430.0
4696,5.7,1,4,3,1,0.8029546947218478,,430.1
4697,-4.300000000000001,0,4,3,1,0.8029546947218478,,430.2
4698,-4.300000000000001,0,4,3,1,0.8029546947218478,,430.3
4699,5.7,1,4,3,1,0.8029546947218478,,430.4
4700,-4.300000000000001,0,4,3,1,0.8029546947218478,,430.4
4701,-4.300000000000001,0,4,3,1,0.8029546947218478,,430.5
4702,-4.300000000000001,0,4,3,1,0.8029546947218478,,430.6
4703,5.7,1,4,3,1,0.8029546947218478,,430.7
4704,-4.300000000000001,0,4,3,1,0.8029546947218478,,430.8
4705,-4.300000000000001,0,4,3,1,0.8029546947218478,,430.8
4706,-2.3000000000000003,0,4,3,1,0.8029546947218478,,430.8
4707,-4.300000000000001,0,4,3,1,0.8029546947218478,,430.9
4708,-0.30000000000000004,0,4,3,1,0.8029546947218478,,431.0
4709,-0.30000000000000004,0,4,3,1,0.8029546947218478,,431.1
4710,-4.300000000000001,0,4,3,1,0.8029546947218478,,431.1
4711,-4.300000000000001,0,4,3,1,0.8029546947218478,,431.2
4712,-4.300000000000001,0,4,3,1,0.8029546947218478,,431.2
4713,-2.3000000000000003,0,4,3,1,0.8029546947218478,,431.3
4714,-4.300000000000001,0,4,3,1,0.8029546947218478,,431.3
4715,-0.30000000000000004,0,4,3,1,0.8029546947218478,,431.4
4716,-4.300000000000001,0,4,3,1,0.8029546947218478,,431.5
4717,-2.3000000000000003,0,4,3,1,0.8029546947218478,,431.6
4718,-4.300000000000001,0,4,3,1,0.8029546947218478,,431.6
4719,-0.30000000000000004,0,4,3,1,0.8029546947218478,,431.7
4720,-4.300000000000001,0,4,3,1,0.8029546947218478,,431.8
4721,-2.3000000000000003,0,4,3,1,0.8029546947218478,,431.9
4722,-4.300000000000001,0,4,3,1,0.8029546947218478,,431.9
4723,-4.300000000000001,0,4,3,1,0.8029546947218478,,432.0
4724,-4.300000000000001,0,4,3,1,0.8029546947218478,,432.0
4725,-4.300000000000001,0,4,3,1,0.8029546947218478,,432.1
4726,-4.6,0,6,3,1,0.8029546947218478,,432.2
4727,-4.300000000000001,0,4,3,1,0.8029546947218478,,432.2
4728,-4.300000000000001,0,4,3,1,0.8029546947218478,,432.3
4729,-4.300000000000001,0,4,3,1,0.8029546947218478,,432.4
4730,-4.300000000000001,0,4,3,1,0.8029546947218478,,432.5
4731,-4.300000000000001,0,4,3,1,0.8029546947218478,,432.6
4732,-4.300000000000001,0,4,3,1,0.8029546947218478,,432.6
4733,5.7,1,4,3,1,0.8029546947218478,,432.7
4734,5.7,1,4,3,1,0.8029546947218478,,432.8
4735,-0.30000000000000004,0,4,3,1,0.8029546947218478,,432.8
4736,-2.3000000000000003,0,4,3,1,0.8029546947218478,,432.9
4737,-0.30000000000000004,0,4,3,1,0.8029546947218478,,433.0
4738,5.7,1,4,3,1,0.8029546947218478,,433.1
4739,-2.3000000000000003,0,4,3,1,0.8029546947218478,,433.2
4740,-4.300000000000001,0,4,3,1,0.8029546947218478,,433.2
4741,-4.300000000000001,0,4,3,1,0.8029546947218478,,433.3
4742,-4.300000000000001,0,4,3,1,0.8029546947218478,,433.3
4743,-4.300000000000001,0,4,3,1,0.8029546947218478,,433.4
4744,-4.300000000000001,0,4,3,1,0.8029546947218478,,433.5
4745,-4.300000000000001,0,4,3,1,0.8029546947218478,,433.5
4746,-0.30000000000000004,0,4,3,1,0.8029546947218478,,433.6
4747,-4.300000000000001,0,4,3,1,0.8029546947218478,,433.7
4748,-4.300000000000001,0,4,3,1,0.8029546947218478,,433.7
4749,-5.4,0,5,4,1,0.8029546947218478,,433.8
4750,-4.300000000000001,0,4,3,1,0.8029546947218478,,433.9
4751,-0.30000000000000004,0,4,3,1,0.8029546947218478,,434.0
4752,-4.300000000000001,0,4,3,1,0.8029546947218478,,434.0
4753,-0.30000000000000004,0,4,3,1,0.8029546947218478,,434.1
4754,-4.300000000000001,0,4,3,1,0.8029546947218478,,434.2
4755,-4.300000000000001,0,4,3,1,0.8029546947218478,,434.3
4756,-4.300000000000001,0,4,3,1,0.8029546947218478,,434.3
4757,-5.6000000000000005,0,6,3,1,0.8029546947218478,,434.4
4758,-0.9000000000000001,0,8,3,1,0.8029546947218478,,434.5
4759,-2.3000000000000003,0,4,3,1,0.8029546947218478,,434.6
4760,-2.6,0,6,3,1,0.8029546947218478,,434.6
4761,-4.300000000000001,0,4,3,1,0.8029546947218478,,434.7
4762,-2.3000000000000003,0,4,3,1,0.8029546947218478,,434.8
4763,-4.300000000000001,0,4,3,1,0.8029546947218478,,434.8
4764,-4.6,0,6,3,1,0.8029546947218478,,434.9
4765,-4.300000000000001,0,4,3,1,0.8029546947218478,,435.0
4766,-4.300000000000001,0,4,3,1,0.8029546947218478,,435.1
4767,-2.3000000000000003,0,4,3,1,0.8029546947218478,,435.1
4768,-4.300000000000001,0,4,3,1,0.8029546947218478,,435.2
4769,-2.3000000000000003,0,4,3,1,0.8029546947218478,,435.3
4770,-4.300000000000001,0,4,3,1,0.8029546947218478,,435.3
4771,-4.6000000000000005,0,6,3,1,0.8029546947218478,,435.4
4772,-4.300000000000001,0,4,3,1,0.8029546947218478,,435.5
4773,-4.300000000000001,0,4,3,1,0.8029546947218478,,435.6
4774,-4.300000000000001,0,4,3,1,0.8029546947218478,,435.6
4775,-4.300000000000001,0,4,3,1,0.8029546947218478,,435.7
4776,5.7,1,4,3,1,0.8029546947218478,,435.7
4777,-5.4,0,5,4,1,0.8029546947218478,,435.8
4778,-5.4,0,5,4,1,0.8029546947218478,,435.9
4779,-4.300000000000001,0,4,3,1,0.8029546947218478,,435.9
4780,-4.300000000000001,0,4,3,1,0.8029546947218478,,436.0
4781,-4.300000000000001,0,4,3,1,0.8029546947218478,,436.0
4782,-0.30000000000000004,0,4,3,1,0.8029546947218478,,436.1
4783,-4.300000000000001,0,4,3,1,0.8029546947218478,,436.1
4784,-4.300000000000001,0,4,3,1,0.8029546947218478,,436.2
4785,-4.300000000000001,0,4,3,1,0.8029546947218478,,436.3
4786,-4.300000000000001,0,4,3,1,0.8029546947218478,,436.3
4787,-0.30000000000000004,0,4,3,1,0.8029546947218478,,436.4
4788,-0.30000000000000004,0,4,3,1,0.8029546947218478,,436.5
4789,-2.3000000000000003,0,4,3,1,0.8029546947218478,,436.5
4790,-4.300000000000001,0,4,3,1,0.8029546947218478,,436.6
4791,-5.6000000000000005,0,6,3,1,0.8029546947218478,,436.6
4792,-4.300000000000001,0,4,3,1,0.8029546947218478,,436.7
4793,-4.300000000000001,0,4,3,1,0.8029546947218478,,436.7
4794,-4.300000000000001,0,4,3,1,0.8029546947218478,,436.8
4795,-4.300000000000001,0,4,3,1,0.8029546947218478,,436.8
4796,-4.300000000000001,0,4,3,1,0.8029546947218478,,436.9
4797,-0.30000000000000004,0,4,3,1,0.8029546947218478,,437.0
4798,-0.30000000000000004,0,4,3,1,0.8029546947218478,,437.1
4799,-0.30000000000000004,0,4,3,1,0.8029546947218478,,437.1
4800,-4.300000000000001,0,4,3,1,0.8029546947218478,,437.2
4801,-4.300000000000001,0,4,3,1,0.8029546947218478,,437.3
4802,-4.300000000000001,0,4,3,1,0.8029546947218478,,437.3
4803,-4.6,0,6,3,1,0.8029546947218478,,437.4
4804,-4.300000000000001,0,4,3,1,0.8029546947218478,,437.4
4805,-0.30000000000000004,0,4,3,1,0.8029546947218478,,437.5
4806,-4.300000000000001,0,4,3,1,0.8029546947218478,,437.5
4807,-0.30000000000000004,0,4,3,1,0.8029546947218478,,437.6
4808,-0.30000000000000004,0,4,3,1,0.8029546947218478,,437.7
4809,-4.300000000000001,0,4,3,1,0.8029546947218478,,437.8
4810,-4.300000000000001,0,4,3,1,0.8029546947218478,,437.9
4811,-0.30000000000000004,0,4,3,1,0.8029546947218478,,437.9
4812,-4.300000000000001,0,4,3,1,0.8029546947218478,,438.0
4813,-4.300000000000001,0,4,3,1,0.8029546947218478,,438.1
4814,-0.30000000000000004,0,4,3,1,0.8029546947218478,,438.2
4815,-4.300000000000001,0,4,3,1,0.8029546947218478,,438.3
4816,-1.4000000000000001,0,5,4,1,0.8029546947218478,,438.4
4817,-2.3000000000000003,0,4,3,1,0.8029546947218478,,438.5
4818,-4.300000000000001,0,4,3,1,0.8029546947218478,,438.6
4819,-4.300000000000001,0,4,3,1,0.8029546947218478,,438.6
4820,-4.300000000000001,0,4,3,1,0.8029546947218478,,438.7
4821,-4.300000000000001,0,4,3,1,0.8029546947218478,,438.7
4822,-4.300000000000001,0,4,3,1,0.8029546947218478,,438.8
4823,-4.300000000000001,0,4,3,1,0.8029546947218478,,438.9
4824,-4.300000000000001,0,4,3,1,0.8029546947218478,,438.9
4825,-4.300000000000001,0,4,3,1,0.8029546947218478,,439.0
4826,-4.300000000000001,0,4,3,1,0.8029546947218478,,439.1
4827,-4.300000000000001,0,4,3,1,0.8029546947218478,,439.2
4828,5.7,1,4,3,1,0.8029546947218478,,439.2
4829,-0.30000000000000004,0,4,3,1,0.8029546947218478,,439.3
4830,-4.300000000000001,0,4,3,1,0.8029546947218478,,439.3
4831,-4.300000000000001,0,4,3,1,0.8029546947218478,,439.4
4832,-4.300000000000001,0,4,3,1,0.8029546947218478,,439.4
4833,-2.3000000000000003,0,4,3,1,0.8029546947218478,,439.5
4834,-2.3000000000000003,0,4,3,1,0.8029546947218478,,439.5
4835,-4.300000000000001,0,4,3,1,0.8029546947218478,,439.6
4836,-4.300000000000001,0,4,3,1,0.8029546947218478,,439.7
4837,-4.300000000000001,0,4,3,1,0.8029546947218478,,439.7
4838,-4.300000000000001,0,4,3,1,0.8029546947218478,,439.8
4839,-4.300000000000001,0,4,3,1,0.8029546947218478,,439.8
4840,-0.30000000000000004,0,4,3,1,0.8029546947218478,,439.9
4841,-4.300000000000001,0,4,3,1,0.8029546947218478,,439.9
4842,-4.300000000000001,0,4,3,1,0.8029546947218478,,440.0
4843,-2.3000000000000003,0,4,3,1,0.8029546947218478,,440.1
4844,-4.300000000000001,0,4,3,1,0.8029546947218478,,440.1
4845,-4.300000000000001,0,4,3,1,0.8029546947218478,,440.2
4846,-4.300000000000001,0,4,3,1,0.8029546947218478,,440.3
4847,-4.300000000000001,0,4,3,1,0.8029546947218478,,440.3
4848,5.7,1,4,3,1,0.8029546947218478,,440.4
4849,-2.3000000000000003,0,4,3,1,0.8029546947218478,,440.6
4850,-2.3000000000000003,0,4,3,1,0.8029546947218478,,440.7
4851,-4.300000000000001,0,4,3,1,0.8029546947218478,,440.7
4852,-2.3000000000000003,0,4,3,1,0.8029546947218478,,440.8
4853,-4.300000000000001,0,4,3,1,0.8029546947218478,,440.8
4854,-4.300000000000001,0,4,3,1,0.8029546947218478,,440.9
4855,5.7,1,4,3,1,0.8029546947218478,,441.0
4856,-0.30000000000000004,0,4,3,1,0.8029546947218478,,441.1
4857,-0.30000000000000004,0,4,3,1,0.8029546947218478,,441.2
4858,-4.300000000000001,0,4,3,1,0.8029546947218478,,441.2
4859,-4.300000000000001,0,4,3,1,0.8029546947218478,,441.3
4860,-2.3000000000000003,0,4,3,1,0.8029546947218478,,441.3
4861,-2.3000000000000003,0,4,3,1,0.8029546947218478,,441.4
4862,-4.300000000000001,0,4,3,1,0.8029546947218478,,441.5
4863,5.7,1,4,3,1,0.8029546947218478,,441.6
4864,-4.300000000000001,0,4,3,1,0.8029546947218478,,441.6
4865,-2.3000000000000003,0,4,3,1,0.8029546947218478,,441.7
4866,-4.300000000000001,0,4,3,1,0.8029546947218478,,441.8
4867,-4.300000000000001,0,4,3,1,0.8029546947218478,,441.9
4868,-0.30000000000000004,0,4,3,1,0.8029546947218478,,441.9
4869,-0.30000000000000004,0,4,3,1,0.8029546947218478,,442.0
4870,-4.300000000000001,0,4,3,1,0.8029546947218478,,442.1
4871,5.7,1,4,3,1,0.8029546947218478,,442.1
4872,-2.3000000000000003,0,4,3,1,0.8029546947218478,,442.2
4873,-4.300000000000001,0,4,3,1,0.8029546947218478,,442.2
4874,-4.300000000000001,0,4,3,1,0.8029546947218478,,442.3
4875,-0.30000000000000004,0,4,3,1,0.8029546947218478,,442.4
4876,-4.300000000000001,0,4,3,1,0.8029546947218478,,442.4
4877,-4.300000000000001,0,4,3,1,0.8029546947218478,,442.5
4878,-0.30000000000000004,0,4,3,1,0.8029546947218478,,442.5
4879,-5.4,0,5,4,1,0.8029546947218478,,442.6
4880,-2.3000000000000003,0,4,3,1,0.8029546947218478,,442.7
4881,-4.300000000000001,0,4,3,1,0.8029546947218478,,442.8
4882,-4.300000000000001,0,4,3,1,0.8029546947218478,,442.8
4883,-0.30000000000000004,0,4,3,1,0.8029546947218478,,442.9
4884,-4.300000000000001,0,4,3,1,0.8029546947218478,,442.9
4885,-4.300000000000001,0,4,3,1,0.8029546947218478,,443.0
4886,-4.300000000000001,0,4,3,1,0.8029546947218478,,443.1
4887,-4.300000000000001,0,4,3,1,0.8029546947218478,,443.1
4888,-4.300000000000001,0,4,3,1,0.8029546947218478,,443.2
4889,-4.300000000000001,0,4,3,1,0.8029546947218478,,443.3
4890,-4.300000000000001,0,4,3,1,0.8029546947218478,,443.3
4891,-4.300000000000001,0,4,3,1,0.8029546947218478,,443.4
4892,-4.300000000000001,0,4,3,1,0.8029546947218478,,443.5
4893,-0.30000000000000004,0,4,3,1,0.8029546947218478,,443.5
4894,-4.300000000000001,0,4,3,1,0.8029546947218478,,443.6
4895,-4.300000000000001,0,4,3,1,0.8029546947218478,,443.7
4896,-2.3000000000000003,0,4,3,1,0.8029546947218478,,443.7
4897,5.7,1,4,3,1,0.8029546947218478,,443.8
4898,-2.3000000000000003,0,4,3,1,0.8029546947218478,,443.9
4899,-2.3000000000000003,0,4,3,1,0.8029546947218478,,444.0
4900,-5.6000000000000005,0,6,3,1,0.8029546947218478,,444.0
4901,5.7,1,4,3,1,0.8029546947218478,,444.1
4902,-4.300000000000001,0,4,3,1,0.8029546947218478,,444.2
4903,-4.300000000000001,0,4,3,1,0.8029546947218478,,444.3
4904,-4.300000000000001,0,4,3,1,0.8029546947218478,,444.4
4905,-4.300000000000001,0,4,3,1,0.8029546947218478,,444.4
4906,-0.30000000000000004,0,4,3,1,0.8029546947218478,,444.5
4907,-5.4,0,5,4,1,0.8029546947218478,,444.6
4908,-4.300000000000001,0,4,3,1,0.8029546947218478,,444.7
4909,-4.300000000000001,0,4,3,1,0.8029546947218478,,444.7
4910,-4.300000000000001,0,4,3,1,0.8029546947218478,,444.8
4911,-1.4000000000000001,0,5,4,1,0.8029546947218478,,444.9
4912,5.7,1,4,3,1,0.8029546947218478,,445.0
4913,5.7,1,4,3,1,0.8029546947218478,,445.0
4914,-4.300000000000001,0,4,3,1,0.8029546947218478,,445.1
4915,-4.300000000000001,0,4,3,1,0.8029546947218478,,445.1
4916,-4.300000000000001,0,4,3,1,0.8029546947218478,,445.2
4917,-4.300000000000001,0,4,3,1,0.8029546947218478,,445.3
4918,-4.300000000000001,0,4,3,1,0.8029546947218478,,445.4
4919,-4.300000000000001,0,4,3,1,0.8029546947218478,,445.5
4920,-4.300000000000001,0,4,3,1,0.8029546947218478,,445.5
4921,-4.300000000000001,0,4,3,1,0.8029546947218478,,445.7
4922,-4.300000000000001,0,4,3,1,0.8029546947218478,,445.8
4923,-4.300000000000001,0,4,3,1,0.8029546947218478,,445.8
4924,-4.300000000000001,0,4,3,1,0.8029546947218478,,445.9
4925,-2.3000000000000003,0,4,3,1,0.8029546947218478,,445.9
4926,-4.300000000000001,0,4,3,1,0.8029546947218478,,446.0
4927,-4.300000000000001,0,4,3,1,0.8029546947218478,,446.1
4928,-4.300000000000001,0,4,3,1,0.8029546947218478,,446.2
4929,-4.300000000000001,0,4,3,1,0.8029546947218478,,446.2
4930,5.7,1,4,3,1,0.8029546947218478,,446.3
4931,-4.300000000000001,0,4,3,1,0.8029546947218478,,446.4
4932,-2.3000000000000003,0,4,3,1,0.8029546947218478,,446.5
4933,-4.300000000000001,0,4,3,1,0.8029546947218478,,446.6
4934,-4.300000000000001,0,4,3,1,0.8029546947218478,,446.7
4935,5.7,1,4,3,1,0.8029546947218478,,446.8
4936,-4.300000000000001,0,4,3,1,0.8029546947218478,,446.9
4937,-4.300000000000001,0,4,3,1,0.8029546947218478,,446.9
4938,-4.300000000000001,0,4,3,1,0.8029546947218478,,447.0
4939,-3.6000000000000005,0,6,3,1,0.8029546947218478,,447.1
4940,-4.300000000000001,0,4,3,1,0.8029546947218478,,447.2
4941,-4.300000000000001,0,4,3,1,0.8029546947218478,,447.2
4942,-2.3000000000000003,0,4,3,1,0.8029546947218478,,447.3
4943,-4.300000000000001,0,4,3,1,0.8029546947218478,,447.4
4944,-2.3000000000000003,0,4,3,1,0.8029546947218478,,447.4
4945,-4.300000000000001,0,4,3,1,0.8029546947218478,,447.5
4946,-2.3000000000000003,0,4,3,1,0.8029546947218478,,447.6
4947,-5.700000000000001,0,7,4,1,0.8029546947218478,,447.6
4948,-4.300000000000001,0,4,3,1,0.8029546947218478,,447.7
4949,-0.30000000000000004,0,4,3,1,0.8029546947218478,,447.7
4950,-4.300000000000001,0,4,3,1,0.8029546947218478,,447.8
4951,-4.300000000000001,0,4,3,1,0.8029546947218478,,447.9
4952,-4.300000000000001,0,4,3,1,0.8029546947218478,,448.0
4953,-4.300000000000001,0,4,3,1,0.8029546947218478,,448.1
4954,-4.300000000000001,0,4,3,1,0.8029546947218478,,448.1
4955,-4.300000000000001,0,4,3,1,0.8029546947218478,,448.2
4956,-4.300000000000001,0,4,3,1,0.8029546947218478,,448.3
4957,-4.300000000000001,0,4,3,1,0.8029546947218478,,448.4
4958,-2.6,0,6,3,1,0.8029546947218478,,448.4
4959,-4.300000000000001,0,4,3,1,0.8029546947218478,,448.5
4960,-4.300000000000001,0,4,3,1,0.8029546947218478,,448.6
4961,-4.300000000000001,0,4,3,1,0.8029546947218478,,448.7
4962,-2.3000000000000003,0,4,3,1,0.8029546947218478,,448.8
4963,-4.300000000000001,0,4,3,1,0.8029546947218478,,448.8
4964,-4.6,0,6,3,1,0.8029546947218478,,448.9
4965,-4.300000000000001,0,4,3,1,0.8029546947218478,,449.0
4966,-4.300000000000001,0,4,3,1,0.8029546947218478,,449.0
4967,-4.300000000000001,0,4,3,1,0.8029546947218478,,449.1
4968,-2.3000000000000003,0,4,3,1,0.8029546947218478,,449.2
4969,-4.300000000000001,0,4,3,1,0.8029546947218478,,449.3
4970,-4.300000000000001,0,4,3,1,0.8029546947218478,,449.3
4971,-0.30000000000000004,0,4,3,1,0.8029546947218478,,449.4
4972,-2.3000000000000003,0,4,3,1,0.8029546947218478,,449.5
4973,-4.300000000000001,0,4,3,1,0.8029546947218478,,449.5
4974,-2.3000000000000003,0,4,3,1,0.8029546947218478,,449.6
4975,-4.300000000000001,0,4,3,1,0.8029546947218478,,449.7
4976,-2.3000000000000003,0,4,3,1,0.8029546947218478,,449.7
4977,-4.300000000000001,0,4,3,1,0.8029546947218478,,449.8
4978,-4.300000000000001,0,4,3,1,0.8029546947218478,,449.9
4979,-4.300000000000001,0,4,3,1,0.8029546947218478,,450.0
4980,-4.300000000000001,0,4,3,1,0.8029546947218478,,450.0
4981,-4.300000000000001,0,4,3,1,0.8029546947218478,,450.1
4982,-2.3000000000000003,0,4,3,1,0.8029546947218478,,450.2
4983,-4.300000000000001,0,4,3,1,0.8029546947218478,,450.2
4984,-2.3000000000000003,0,4,3,1,0.8029546947218478,,450.3
4985,-4.300000000000001,0,4,3,1,0.8029546947218478,,450.3
4986,-4.300000000000001,0,4,3,1,0.8029546947218478,,450.4
4987,5.7,1,4,3,1,0.8029546947218478,,450.4
4988,-0.30000000000000004,0,4,3,1,0.8029546947218478,,450.5
4989,-5.6000000000000005,0,6,3,1,0.8029546947218478,,450.5
4990,-0.30000000000000004,0,4,3,1,0.8029546947218478,,450.6
4991,-0.30000000000000004,0,4,3,1,0.8029546947218478,,450.7
4992,-2.3000000000000003,0,4,3,1,0.8029546947218478,,450.8
4993,-3.4000000000000004,0,5,4,1,0.8029546947218478,,450.8
4994,-2.3000000000000003,0,4,3,1,0.8029546947218478,,450.9
4995,-4.300000000000001,0,4,3,1,0.8029546947218478,,450.9
4996,-4.300000000000001,0,4,3,1,0.8029546947218478,,451.0
4997,-4.300000000000001,0,4,3,1,0.8029546947218478,,451.0
4998,5.7,1,4,3,1,0.8029546947218478,,451.1
4999,-2.3000000000000003,0,4,3,1,0.8029546947218478,,451.2
5000,-4.300000000000001,0,4,3,1,0.8029546947218478,,451.2
5001,-4.300000000000001,0,4,3,1,0.8029546947218478,,456.4
5002,-0.30000000000000004,0,4,3,1,0.8029546947218478,,456.5
5003,-4.300000000000001,0,4,3,1,0.8029546947218478,,456.6
5004,-4.300000000000001,0,4,3,1,0.8029546947218478,,456.7
5005,-5.4,0,5,4,1,0.8029546947218478,,456.8
5006,-4.300000000000001,0,4,3,1,0.8029546947218478,,456.8
5007,-0.30000000000000004,0,4,3,1,0.8029546947218478,,456.9
5008,-1.6,0,6,3,1,0.8029546947218478,,457.0
5009,-5.4,0,5,4,1,0.8029546947218478,,457.1
5010,-2.3000000000000003,0,4,3,1,0.8029546947218478,,457.1
5011,-0.30000000000000004,0,4,3,1,0.8029546947218478,,457.2
5012,-2.3000000000000003,0,4,3,1,0.8029546947218478,,457.3
5013,-4.300000000000001,0,4,3,1,0.8029546947218478,,457.3
5014,-0.30000000000000004,0,4,3,1,0.8029546947218478,,457.4
5015,-0.30000000000000004,0,4,3,1,0.8029546947218478,,457.4
5016,-2.3000000000000003,0,4,3,1,0.8029546947218478,,457.5
5017,-2.3000000000000003,0,4,3,1,0.8029546947218478,,457.6
5018,-2.3000000000000003,0,4,3,1,0.8029546947218478,,457.7
5019,-2.3000000000000003,0,4,3,1,0.8029546947218478,,457.8
5020,-2.3000000000000003,0,4,3,1,0.8029546947218478,,457.9
5021,-4.300000000000001,0,4,3,1,0.8029546947218478,,457.9
5022,-2.3000000000000003,0,4,3,1,0.8029546947218478,,458.0
5023,5.7,1,4,3,1,0.8029546947218478,,458.0
5024,5.7,1,4,3,1,0.8029546947218478,,458.1
5025,-4.300000000000001,0,4,3,1,0.8029546947218478,,458.2
5026,-4.300000000000001,0,4,3,1,0.8029546947218478,,458.3
5027,-4.6000000000000005,0,6,3,1,0.8029546947218478,,458.3
5028,-4.300000000000001,0,4,3,1,0.8029546947218478,,458.4
5029,-4.300000000000001,0,4,3,1,0.8029546947218478,,458.4
5030,-4.300000000000001,0,4,3,1,0.8029546947218478,,458.5
5031,-4.300000000000001,0,4,3,1,0.8029546947218478,,458.5
5032,-4.300000000000001,0,4,3,1,0.8029546947218478,,458.6
5033,-0.30000000000000004,0,4,3,1,0.8029546947218478,,458.7
5034,-4.300000000000001,0,4,3,1,0.8029546947218478,,458.8
5035,-4.300000000000001,0,4,3,1,0.8029546947218478,,458.9
5036,-0.30000000000000004,0,4,3,1,0.8029546947218478,,458.9
5037,-4.300000000000001,0,4,3,1,0.8029546947218478,,459.0
5038,-5.6000000000000005,0,6,3,1,0.8029546947218478,,459.1
5039,-4.300000000000001,0,4,3,1,0.8029546947218478,,459.2
5040,-4.300000000000001,0,4,3,1,0.8029546947218478,,459.3
5041,-4.300000000000001,0,4,3,1,0.8029546947218478,,459.4
5042,-2.7,0,7,4,1,0.8029546947218478,,459.4
5043,-2.3000000000000003,0,4,3,1,0.8029546947218478,,459.5
5044,5.7,1,4,3,1,0.8029546947218478,,459.6
5045,-4.300000000000001,0,4,3,1,0.8029546947218478,,459.7
5046,-4.300000000000001,0,4,3,1,0.8029546947218478,,459.7
5047,-4.6,0,6,3,1,0.8029546947218478,,459.8
5048,-4.300000000000001,0,4,3,1,0.8029546947218478,,459.9
5049,-4.6000000000000005,0,6,3,1,0.8029546947218478,,460.0
5050,-4.300000000000001,0,4,3,1,0.8029546947218478,,460.0
5051,-0.30000000000000004,0,4,3,1,0.8029546947218478,,460.1
5052,-2.3000000000000003,0,4,3,1,0.8029546947218478,,460.1
5053,-4.300000000000001,0,4,3,1,0.8029546947218478,,460.2
5054,-0.30000000000000004,0,4,3,1,0.8029546947218478,,460.2
5055,-5.4,0,5,4,1,0.8029546947218478,,460.3
5056,-4.300000000000001,0,4,3,1,0.8029546947218478,,460.4
5057,-4.300000000000001,0,4,3,1,0.8029546947218478,,460.5
5058,-4.300000000000001,0,4,3,1,0.8029546947218478,,460.5
5059,-4.300000000000001,0,4,3,1,0.8029546947218478,,460.6
5060,-2.3000000000000003,0,4,3,1,0.8029546947218478,,460.7
5061,-2.3000000000000003,0,4,3,1,0.8029546947218478,,460.7
5062,5.7,1,4,3,1,0.8029546947218478,,460.8
5063,-2.3000000000000003,0,4,3,1,0.8029546947218478,,460.9
5064,0.6000000000000001,0,5,4,1,0.8029546947218478,,460.9
5065,-4.300000000000001,0,4,3,1,0.8029546947218478,,461.0
5066,-4.300000000000001,0,4,3,1,0.8029546947218478,,461.0
5067,-5.4,0,5,4,1,0.8029546947218478,,461.1
5068,-4.300000000000001,0,4,3,1,0.8029546947218478,,461.2
5069,-4.300000000000001,0,4,3,1,0.8029546947218478,,461.2
5070,-0.30000000000000004,0,4,3,1,0.8029546947218478,,461.3
5071,-4.300000000000001,0,4,3,1,0.8029546947218478,,461.3
5072,-4.300000000000001,0,4,3,1,0.8029546947218478,,461.3
5073,-4.300000000000001,0,4,3,1,0.8029546947218478,,461.5
5074,-4.300000000000001,0,4,3,1,0.8029546947218478,,461.5
5075,-4.6000000000000005,0,6,3,1,0.8029546947218478,,461.6
5076,-4.6000000000000005,0,6,3,1,0.8029546947218478,,461.7
5077,-4.300000000000001,0,4,3,1,0.8029546947218478,,461.8
5078,-4.300000000000001,0,4,3,1,0.8029546947218478,,461.8
5079,-4.300000000000001,0,4,3,1,0.8029546947218478,,461.9
5080,-2.3000000000000003,0,4,3,1,0.8029546947218478,,461.9
5081,-4.300000000000001,0,4,3,1,0.8029546947218478,,462.0
5082,5.7,1,4,3,1,0.8029546947218478,,462.1
5083,-4.300000000000001,0,4,3,1,0.8029546947218478,,462.2
5084,-4.300000000000001,0,4,3,1,0.8029546947218478,,462.2
5085,-2.3000000000000003,0,4,3,1,0.7550106341950595,1.1833598327357322,462.8
5086,-4.300000000000001,0,4,3,1,0.7550106341950595,,462.9
5087,-2.3000000000000003,0,4,3,1,0.7550106341950595,,463.0
5088,-4.300000000000001,0,4,3,1,0.7550106341950595,,463.1
5089,-5.6000000000000005,0,6,3,1,0.7550106341950595,,463.1
5090,-4.300000000000001,0,4,3,1,0.7550106341950595,,463.2
5091,-0.30000000000000004,0,4,3,1,0.7550106341950595,,463.2
5092,-4.300000000000001,0,4,3,1,0.7550106341950595,,463.3
5093,-4.300000000000001,0,4,3,1,0.7550106341950595,,463.3
5094,-2.3000000000000003,0,4,3,1,0.7550106341950595,,463.4
5095,-1.6,0,6,3,1,0.7550106341950595,,463.5
5096,-2.3000000000000003,0,4,3,1,0.7550106341950595,,463.6
5097,-2.3000000000000003,0,4,3,1,0.7550106341950595,,463.6
5098,-4.300000000000001,0,4,3,1,0.7550106341950595,,463.7
5099,-4.300000000000001,0,4,3,1,0.7550106341950595,,463.8
5100,-4.300000000000001,0,4,3,1,0.7550106341950595,,463.9
5101,-2.3000000000000003,0,4,3,1,0.7550106341950595,,463.9
5102,-4.300000000000001,0,4,3,1,0.7550106341950595,,464.0
5103,-4.300000000000001,0,4,3,1,0.7550106341950595,,464.0
5104,-2.3000000000000003,0,4,3,1,0.7550106341950595,,464.1
5105,5.7,1,4,3,1,0.7550106341950595,,464.1
5106,-4.300000000000001,0,4,3,1,0.7550106341950595,,464.2
5107,-2.3000000000000003,0,4,3,1,0.7550106341950595,,464.3
5108,-0.30000000000000004,0,4,3,1,0.7550106341950595,,464.3
5109,-4.300000000000001,0,4,3,1,0.7550106341950595,,464.4
5110,-4.300000000000001,0,4,3,1,0.7550106341950595,,464.4
5111,-4.300000000000001,0,4,3,1,0.7550106341950595,,464.5
5112,-4.300000000000001,0,4,3,1,0.7550106341950595,,464.5
5113,-2.3000000000000003,0,4,3,1,0.7550106341950595,,464.6
5114,-4.300000000000001,0,4,3,1,0.7550106341950595,,464.7
5115,-4.300000000000001,0,4,3,1,0.7550106341950595,,464.7
5116,-2.3000000000000003,0,4,3,1,0.7550106341950595,,464.8
5117,-4.300000000000001,0,4,3,1,0.7550106341950595,,464.9
5118,-4.300000000000001,0,4,3,1,0.7550106341950595,,464.9
5119,-4.300000000000001,0,4,3,1,0.7550106341950595,,464.9
5120,-4.300000000000001,0,4,3,1,0.7550106341950595,,465.0
5121,-0.30000000000000004,0,4,3,1,0.7550106341950595,,465.1
5122,-4.300000000000001,0,4,3,1,0.7550106341950595,,465.2
5123,-4.300000000000001,0,4,3,1,0.7550106341950595,,465.2
5124,-0.30000000000000004,0,4,3,1,0.7550106341950595,,465.3
5125,-2.3000000000000003,0,4,3,1,0.7550106341950595,,465.4
5126,-2.3000000000000003,0,4,3,1,0.7550106341950595,,465.4
5127,-2.3000000000000003,0,4,3,1,0.7550106341950595,,465.5
5128,-4.300000000000001,0,4,3,1,0.7550106341950595,,465.6
5129,-4.300000000000001,0,4,3,1,0.7550106341950595,,465.6
5130,-4.300000000000001,0,4,3,1,0.7550106341950595,,465.6
5131,5.7,1,4,3,1,0.7550106341950595,,465.7
5132,5.7,1,4,3,1,0.7550106341950595,,465.8
5133,-5.4,0,5,4,1,0.7550106341950595,,465.9
5134,-2.3000000000000003,0,4,3,1,0.7550106341950595,,466.0
5135,5.7,1,4,3,1,0.7550106341950595,,466.0
5136,-2.3000000000000003,0,4,3,1,0.7550106341950595,,466.1
5137,-4.300000000000001,0,4,3,1,0.7550106341950595,,466.2
5138,-2.3000000000000003,0,4,3,1,0.7550106341950595,,466.3
5139,-4.300000000000001,0,4,3,1,0.7550106341950595,,466.4
5140,-4.300000000000001,0,4,3,1,0.7550106341950595,,466.5
5141,-4.300000000000001,0,4,3,1,0.7550106341950595,,466.5
5142,-4.300000000000001,0,4,3,1,0.7550106341950595,,466.6
5143,5.7,1,4,3,1,0.7550106341950595,,466.7
5144,-4.300000000000001,0,4,3,1,0.7550106341950595,,466.8
5145,-2.3000000000000003,0,4,3,1,0.7550106341950595,,466.8
5146,-4.9,0,8,3,1,0.7550106341950595,,466.9
5147,5.7,1,4,3,1,0.7550106341950595,,466.9
5148,-4.300000000000001,0,4,3,1,0.7550106341950595,,467.0
5149,-0.30000000000000004,0,4,3,1,0.7550106341950595,,467.1
5150,-4.300000000000001,0,4,3,1,0.7550106341950595,,467.1
5151,-4.300000000000001,0,4,3,1,0.7550106341950595,,467.2
5152,-0.30000000000000004,0,4,3,1,0.7550106341950595,,467.2
5153,-4.300000000000001,0,4,3,1,0.7550106341950595,,467.3
5154,-4.300000000000001,0,4,3,1,0.7550106341950595,,467.3
5155,-4.300000000000001,0,4,3,1,0.7550106341950595,,467.4
5156,-4.300000000000001,0,4,3,1,0.7550106341950595,,467.4
5157,5.7,1,4,3,1,0.7550106341950595,,467.5
5158,5.7,1,4,3,1,0.7550106341950595,,467.6
5159,-3.6000000000000005,0,6,3,1,0.7550106341950595,,467.7
5160,-4.300000000000001,0,4,3,1,0.7550106341950595,,467.8
5161,-2.3000000000000003,0,4,3,1,0.7550106341950595,,467.8
5162,-2.3000000000000003,0,4,3,1,0.7550106341950595,,467.9
5163,-4.300000000000001,0,4,3,1,0.7550106341950595,,467.9
5164,-4.300000000000001,0,4,3,1,0.7550106341950595,,468.0
5165,-4.300000000000001,0,4,3,1,0.7550106341950595,,468.0
5166,-4.300000000000001,0,4,3,1,0.7550106341950595,,468.1
5167,-4.300000000000001,0,4,3,1,0.7550106341950595,,468.2
5168,-4.300000000000001,0,4,3,1,0.7550106341950595,,468.2
5169,-4.300000000000001,0,4,3,1,0.7550106341950595,,468.3
5170,-4.300000000000001,0,4,3,1,0.7550106341950595,,468.4
5171,-4.300000000000001,0,4,3,1,0.7550106341950595,,468.5
5172,-0.30000000000000004,0,4,3,1,0.7550106341950595,,468.6
5173,-2.3000000000000003,0,4,3,1,0.7550106341950595,,468.7
5174,-4.300000000000001,0,4,3,1,0.7550106341950595,,468.8
5175,-2.3000000000000003,0,4,3,1,0.7550106341950595,,468.8
5176,-0.30000000000000004,0,4,3,1,0.7550106341950595,,468.8
5177,-4.300000000000001,0,4,3,1,0.7550106341950595,,468.9
5178,-2.3000000000000003,0,4,3,1,0.7550106341950595,,469.0
5179,-4.300000000000001,0,4,3,1,0.7550106341950595,,469.1
5180,-2.3000000000000003,0,4,3,1,0.7550106341950595,,469.1
5181,-4.300000000000001,0,4,3,1,0.7550106341950595,,469.2
5182,-4.300000000000001,0,4,3,1,0.7550106341950595,,469.2
5183,-2.3000000000000003,0,4,3,1,0.7550106341950595,,469.3
5184,-4.300000000000001,0,4,3,1,0.7550106341950595,,469.4
5185,-2.3000000000000003,0,4,3,1,0.7550106341950595,,469.5
5186,-2.3000000000000003,0,4,3,1,0.7550106341950595,,469.5
5187,-4.300000000000001,0,4,3,1,0.7550106341950595,,469.6
5188,-4.300000000000001,0,4,3,1,0.7550106341950595,,469.6
5189,5.7,1,4,3,1,0.7550106341950595,,469.7
5190,-4.300000000000001,0,4,3,1,0.7550106341950595,,469.8
5191,5.7,1,4,3,1,0.7550106341950595,,469.9
5192,-3.6000000000000005,0,6,3,1,0.7550106341950595,,470.0
5193,-4.300000000000001,0,4,3,1,0.7550106341950595,,470.0
5194,-3.4000000000000004,0,5,4,1,0.7550106341950595,,470.1
5195,-4.300000000000001,0,4,3,1,0.7550106341950595,,470.2
5196,-4.300000000000001,0,4,3,1,0.7550106341950595,,470.3
5197,-5.6000000000000005,0,6,3,1,0.7550106341950595,,470.4
5198,-4.300000000000001,0,4,3,1,0.7550106341950595,,470.4
5199,-2.3000000000000003,0,4,3,1,0.7550106341950595,,470.5
5200,-5.6000000000000005,0,6,3,1,0.7550106341950595,,470.5
5201,-4.300000000000001,0,4,3,1,0.7550106341950595,,470.6
5202,-0.30000000000000004,0,4,3,1,0.7550106341950595,,470.7
5203,-4.6000000000000005,0,6,3,1,0.7550106341950595,,470.7
5204,-0.30000000000000004,0,4,3,1,0.7550106341950595,,470.8
5205,-4.300000000000001,0,4,3,1,0.7550106341950595,,470.9
5206,5.7,1,4,3,1,0.7550106341950595,,471.0
5207,-4.6000000000000005,0,6,3,1,0.7550106341950595,,471.1
5208,-5.4,0,5,4,1,0.7550106341950595,,471.2
5209,-4.300000000000001,0,4,3,1,0.7550106341950595,,471.3
5210,-4.300000000000001,0,4,3,1,0.7550106341950595,,471.3
5211,-4.300000000000001,0,4,3,1,0.7550106341950595,,471.4
5212,-4.300000000000001,0,4,3,1,0.7550106341950595,,471.4
5213,-4.300000000000001,0,4,3,1,0.7550106341950595,,471.5
5214,-3.6000000000000005,0,6,3,1,0.7550106341950595,,471.6
5215,-2.3000000000000003,0,4,3,1,0.7550106341950595,,471.7
5216,-4.300000000000001,0,4,3,1,0.7550106341950595,,471.8
5217,5.7,1,4,3,1,0.7550106341950595,,471.8
5218,-4.300000000000001,0,4,3,1,0.7550106341950595,,471.9
5219,5.7,1,4,3,1,0.7550106341950595,,471.9
5220,-4.300000000000001,0,4,3,1,0.7550106341950595,,472.0
5221,-4.300000000000001,0,4,3,1,0.7550106341950595,,472.1
5222,-4.300000000000001,0,4,3,1,0.7550106341950595,,472.1
5223,-0.30000000000000004,0,4,3,1,0.7550106341950595,,472.2
5224,-4.300000000000001,0,4,3,1,0.7550106341950595,,472.3
5225,-2.3000000000000003,0,4,3,1,0.7550106341950595,,472.4
5226,-0.6000000000000001,0,6,3,1,0.7550106341950595,,472.4
5227,-2.3000000000000003,0,4,3,1,0.7550106341950595,,472.4
5228,-4.300000000000001,0,4,3,1,0.7550106341950595,,472.5
5229,-2.3000000000000003,0,4,3,1,0.7550106341950595,,472.5
5230,-4.300000000000001,0,4,3,1,0.7550106341950595,,472.6
5231,-4.300000000000001,0,4,3,1,0.7550106341950595,,472.7
5232,-0.30000000000000004,0,4,3,1,0.7550106341950595,,472.8
5233,-3.6000000000000005,0,6,3,1,0.7550106341950595,,472.9
5234,-4.300000000000001,0,4,3,1,0.7550106341950595,,472.9
5235,-4.300000000000001,0,4,3,1,0.7550106341950595,,473.0
5236,-4.300000000000001,0,4,3,1,0.7550106341950595,,473.1
5237,5.7,1,4,3,1,0.7550106341950595,,473.1
5238,-4.300000000000001,0,4,3,1,0.7550106341950595,,473.2
5239,5.7,1,4,3,1,0.7550106341950595,,473.2
5240,-4.300000000000001,0,4,3,1,0.7550106341950595,,473.3
5241,-5.6000000000000005,0,6,3,1,0.7550106341950595,,473.4
5242,-4.300000000000001,0,4,3,1,0.7550106341950595,,473.5
5243,-4.300000000000001,0,4,3,1,0.7550106341950595,,473.6
5244,-2.3000000000000003,0,4,3,1,0.7550106341950595,,473.6
5245,-4.300000000000001,0,4,3,1,0.7550106341950595,,473.7
5246,5.7,1,4,3,1,0.7550106341950595,,473.8
5247,5.7,1,4,3,1,0.7550106341950595,,473.9
5248,-2.3000000000000003,0,4,3,1,0.7550106341950595,,474.0
5249,-4.300000000000001,0,4,3,1,0.7550106341950595,,474.1
5250,-4.300000000000001,0,4,3,1,0.7550106341950595,,474.1
5251,-2.3000000000000003,0,4,3,1,0.7550106341950595,,474.2
5252,-4.300000000000001,0,4,3,1,0.7550106341950595,,474.3
5253,-2.3000000000000003,0,4,3,1,0.7550106341950595,,474.4
5254,-4.300000000000001,0,4,3,1,0.7550106341950595,,474.5
5255,-5.4,0,5,4,1,0.7550106341950595,,474.5
5256,-4.300000000000001,0,4,3,1,0.7550106341950595,,474.6
5257,-0.30000000000000004,0,4,3,1,0.7550106341950595,,474.6
5258,-0.30000000000000004,0,4,3,1,0.7550106341950595,,474.8
5259,-0.30000000000000004,0,4,3,1,0.7550106341950595,,474.8
5260,-2.3000000000000003,0,4,3,1,0.7550106341950595,,474.9
5261,-4.300000000000001,0,4,3,1,0.7550106341950595,,474.9
5262,-4.300000000000001,0,4,3,1,0.7550106341950595,,475.0
5263,-4.300000000000001,0,4,3,1,0.7550106341950595,,475.0
5264,-2.3000000000000003,0,4,3,1,0.7550106341950595,,475.1
5265,5.7,1,4,3,1,0.7550106341950595,,475.1
5266,-4.300000000000001,0,4,3,1,0.7550106341950595,,475.2
5267,-4.300000000000001,0,4,3,1,0.7550106341950595,,475.2
5268,-4.300000000000001,0,4,3,1,0.7550106341950595,,475.3
5269,-2.3000000000000003,0,4,3,1,0.7550106341950595,,475.4
5270,-4.300000000000001,0,4,3,1,0.7550106341950595,,475.5
5271,5.7,1,4,3,1,0.7550106341950595,,475.6
5272,-4.300000000000001,0,4,3,1,0.7550106341950595,,475.7
5273,-4.300000000000001,0,4,3,1,0.7550106341950595,,475.7
5274,-0.30000000000000004,0,4,3,1,0.7550106341950595,,475.8
5275,-4.300000000000001,0,4,3,1,0.7550106341950595,,475.9
5276,-2.3000000000000003,0,4,3,1,0.7550106341950595,,475.9
5277,-2.3000000000000003,0,4,3,1,0.7550106341950595,,476.0
5278,-4.300000000000001,0,4,3,1,0.7550106341950595,,476.1
5279,-4.300000000000001,0,4,3,1,0.7550106341950595,,476.2
5280,-2.3000000000000003,0,4,3,1,0.7550106341950595,,476.2
5281,-4.300000000000001,0,4,3,1,0.7550106341950595,,476.3
5282,-0.30000000000000004,0,4,3,1,0.7550106341950595,,476.3
5283,-4.300000000000001,0,4,3,1,0.7550106341950595,,476.4
5284,-4.300000000000001,0,4,3,1,0.7550106341950595,,476.4
5285,-0.30000000000000004,0,4,3,1,0.7550106341950595,,476.5
5286,-2.3000000000000003,0,4,3,1,0.7550106341950595,,476.5
5287,-4.300000000000001,0,4,3,1,0.7550106341950595,,476.6
5288,-2.3000000000000003,0,4,3,1,0.7550106341950595,,476.7
5289,5.7,1,4,3,1,0.7550106341950595,,476.8
5290,-0.30000000000000004,0,4,3,1,0.7550106341950595,,476.8
5291,-0.30000000000000004,0,4,3,1,0.7550106341950595,,476.9
5292,-4.300000000000001,0,4,3,1,0.7550106341950595,,477.0
5293,-2.3000000000000003,0,4,3,1,0.7550106341950595,,477.0
5294,5.7,1,4,3,1,0.7550106341950595,,477.2
5295,-4.300000000000001,0,4,3,1,0.7550106341950595,,477.2
5296,-2.6,0,6,3,1,0.7550106341950595,,477.3
5297,-2.3000000000000003,0,4,3,1,0.7550106341950595,,477.4
5298,-4.300000000000001,0,4,3,1,0.7550106341950595,,477.4
5299,-4.300000000000001,0,4,3,1,0.7550106341950595,,477.5
5300,-4.300000000000001,0,4,3,1,0.7550106341950595,,477.6
5301,-0.30000000000000004,0,4,3,1,0.7550106341950595,,477.7
5302,-4.300000000000001,0,4,3,1,0.7550106341950595,,477.7
5303,-4.300000000000001,0,4,3,1,0.7550106341950595,,477.8
5304,-4.300000000000001,0,4,3,1,0.7550106341950595,,477.9
5305,-4.300000000000001,0,4,3,1,0.7550106341950595,,477.9
5306,-4.6,0,6,3,1,0.7550106341950595,,478.0
5307,-4.300000000000001,0,4,3,1,0.7550106341950595,,478.0
5308,-4.300000000000001,0,4,3,1,0.7550106341950595,,478.1
5309,5.7,1,4,3,1,0.7550106341950595,,478.1
5310,-4.300000000000001,0,4,3,1,0.7550106341950595,,478.2
5311,-4.300000000000001,0,4,3,1,0.7550106341950595,,478.3
5312,-4.300000000000001,0,4,3,1,0.7550106341950595,,478.4
5313,-4.300000000000001,0,4,3,1,0.7550106341950595,,478.4
5314,-4.300000000000001,0,4,3,1,0.7550106341950595,,478.5
5315,-4.300000000000001,0,4,3,1,0.7550106341950595,,478.5
5316,5.4,1,6,3,1,0.7550106341950595,,478.6
5317,-5.4,0,5,4,1,0.7550106341950595,,478.7
5318,-2.3000000000000003,0,4,3,1,0.7550106341950595,,478.8
5319,-4.300000000000001,0,4,3,1,0.7550106341950595,,478.9
5320,-4.300000000000001,0,4,3,1,0.7550106341950595,,478.9
5321,-4.300000000000001,0,4,3,1,0.7550106341950595,,478.9
5322,5.7,1,4,3,1,0.7550106341950595,,479.0
5323,5.7,1,4,3,1,0.7550106341950595,,479.1
5324,-4.300000000000001,0,4,3,1,0.7550106341950595,,479.2
5325,-2.3000000000000003,0,4,3,1,0.7550106341950595,,479.3
5326,-0.30000000000000004,0,4,3,1,0.7550106341950595,,479.3
5327,-4.300000000000001,0,4,3,1,0.7550106341950595,,479.4
5328,-0.30000000000000004,0,4,3,1,0.7550106341950595,,479.5
5329,5.7,1,4,3,1,0.7550106341950595,,479.5
5330,-2.3000000000000003,0,4,3,1,0.7550106341950595,,479.6
5331,-4.300000000000001,0,4,3,1,0.7550106341950595,,479.7
5332,-4.300000000000001,0,4,3,1,0.7550106341950595,,479.8
5333,-4.300000000000001,0,4,3,1,0.7550106341950595,,479.8
5334,-2.3000000000000003,0,4,3,1,0.7550106341950595,,479.8
5335,-2.3000000000000003,0,4,3,1,0.7550106341950595,,479.9
5336,-4.300000000000001,0,4,3,1,0.7550106341950595,,479.9
5337,-3.4000000000000004,0,5,4,1,0.7550106341950595,,480.0
5338,-4.300000000000001,0,4,3,1,0.7550106341950595,,480.1
5339,-4.300000000000001,0,4,3,1,0.7550106341950595,,480.2
5340,-4.300000000000001,0,4,3,1,0.7550106341950595,,480.3
5341,-4.300000000000001,0,4,3,1,0.7550106341950595,,480.4
5342,-2.3000000000000003,0,4,3,1,0.7550106341950595,,480.5
5343,-4.6000000000000005,0,6,3,1,0.7550106341950595,,480.6
5344,-4.300000000000001,0,4,3,1,0.7550106341950595,,480.6
5345,-4.300000000000001,0,4,3,1,0.7550106341950595,,480.7
5346,-2.3000000000000003,0,4,3,1,0.7550106341950595,,480.8
5347,-2.3000000000000003,0,4,3,1,0.7550106341950595,,480.8
5348,-0.30000000000000004,0,4,3,1,0.7550106341950595,,480.9
5349,-2.3000000000000003,0,4,3,1,0.7550106341950595,,480.9
5350,-4.300000000000001,0,4,3,1,0.7550106341950595,,481.0
5351,-0.30000000000000004,0,4,3,1,0.7550106341950595,,481.1
5352,-4.300000000000001,0,4,3,1,0.7550106341950595,,481.2
5353,-4.300000000000001,0,4,3,1,0.7550106341950595,,481.3
5354,-5.4,0,5,4,1,0.7550106341950595,,481.4
5355,-4.300000000000001,0,4,3,1,0.7550106341950595,,481.4
5356,-4.300000000000001,0,4,3,1,0.7550106341950595,,481.5
5357,-4.300000000000001,0,4,3,1,0.7550106341950595,,481.6
5358,-2.3000000000000003,0,4,3,1,0.7550106341950595,,481.6
5359,-4.300000000000001,0,4,3,1,0.7550106341950595,,481.7
5360,-4.300000000000001,0,4,3,1,0.7550106341950595,,481.8
5361,-2.3000000000000003,0,4,3,1,0.7550106341950595,,481.8
5362,-4.300000000000001,0,4,3,1,0.7550106341950595,,481.9
5363,-4.300000000000001,0,4,3,1,0.7550106341950595,,481.9
5364,5.7,1,4,3,1,0.7550106341950595,,482.0
5365,-4.300000000000001,0,4,3,1,0.7550106341950595,,482.1
5366,-0.30000000000000004,0,4,3,1,0.7550106341950595,,482.2
5367,-4.300000000000001,0,4,3,1,0.7550106341950595,,482.2
5368,-4.300000000000001,0,4,3,1,0.7550106341950595,,482.3
5369,-3.6000000000000005,0,6,3,1,0.7550106341950595,,482.4
5370,-5.4,0,5,4,1,0.7550106341950595,,482.4
5371,-4.300000000000001,0,4,3,1,0.7550106341950595,,482.5
5372,-2.3000000000000003,0,4,3,1,0.7550106341950595,,482.6
5373,-4.300000000000001,0,4,3,1,0.7550106341950595,,482.7
5374,-4.300000000000001,0,4,3,1,0.7550106341950595,,482.8
5375,-4.300000000000001,0,4,3,1,0.7550106341950595,,482.8
5376,-2.3000000000000003,0,4,3,1,0.7550106341950595,,482.9
5377,-4.300000000000001,0,4,3,1,0.7550106341950595,,482.9
5378,-4.300000000000001,0,4,3,1,0.7550106341950595,,483.0
5379,5.4,1,6,3,1,0.7550106341950595,,483.1
5380,-2.3000000000000003,0,4,3,1,0.7550106341950595,,483.1
5381,-0.30000000000000004,0,4,3,1,0.7550106341950595,,483.2
5382,-4.300000000000001,0,4,3,1,0.7550106341950595,,483.2
5383,-2.3000000000000003,0,4,3,1,0.7550106341950595,,483.3
5384,-4.300000000000001,0,4,3,1,0.7550106341950595,,483.4
5385,-4.300000000000001,0,4,3,1,0.7550106341950595,,483.5
5386,-4.300000000000001,0,4,3,1,0.7550106341950595,,483.5
5387,-4.300000000000001,0,4,3,1,0.7550106341950595,,483.6
5388,-0.30000000000000004,0,4,3,1,0.7550106341950595,,483.7
5389,-4.300000000000001,0,4,3,1,0.7550106341950595,,483.8
5390,5.7,1,4,3,1,0.7550106341950595,,483.9
5391,-4.300000000000001,0,4,3,1,0.7550106341950595,,483.9
5392,-4.300000000000001,0,4,3,1,0.7550106341950595,,483.9
5393,-4.300000000000001,0,4,3,1,0.7550106341950595,,484.0
5394,-0.30000000000000004,0,4,3,1,0.7550106341950595,,484.1
5395,-2.3000000000000003,0,4,3,1,0.7550106341950595,,484.1
5396,-2.3000000000000003,0,4,3,1,0.7550106341950595,,484.2
5397,-4.300000000000001,0,4,3,1,0.7550106341950595,,484.3
5398,-4.300000000000001,0,4,3,1,0.7550106341950595,,484.4
5399,-4.300000000000001,0,4,3,1,0.7550106341950595,,484.4
5400,-0.30000000000000004,0,4,3,1,0.7550106341950595,,484.5
5401,-0.30000000000000004,0,4,3,1,0.7550106341950595,,484.5
5402,-0.30000000000000004,0,4,3,1,0.7550106341950595,,484.6
5403,-4.300000000000001,0,4,3,1,0.7550106341950595,,484.7
5404,-4.300000000000001,0,4,3,1,0.7550106341950595,,484.8
5405,-0.6000000000000001,0,6,3,1,0.7550106341950595,,484.8
5406,5.7,1,4,3,1,0.7550106341950595,,484.9
5407,-2.3000000000000003,0,4,3,1,0.7550106341950595,,485.0
5408,-0.30000000000000004,0,4,3,1,0.7550106341950595,,485.0
5409,-0.30000000000000004,0,4,3,1,0.7550106341950595,,485.1
5410,5.4,1,6,3,1,0.7550106341950595,,485.2
5411,-0.30000000000000004,0,4,3,1,0.7550106341950595,,485.3
5412,-4.300000000000001,0,4,3,1,0.7550106341950595,,485.3
5413,-4.6000000000000005,0,6,3,1,0.7550106341950595,,485.4
5414,-4.300000000000001,0,4,3,1,0.7550106341950595,,485.5
5415,-4.300000000000001,0,4,3,1,0.7550106341950595,,485.6
5416,-4.300000000000001,0,4,3,1,0.7550106341950595,,485.7
5417,-2.3000000000000003,0,4,3,1,0.7550106341950595,,485.7
5418,-4.300000000000001,0,4,3,1,0.7550106341950595,,485.8
5419,-4.300000000000001,0,4,3,1,0.7550106341950595,,485.9
5420,-4.300000000000001,0,4,3,1,0.7550106341950595,,485.9
5421,-4.300000000000001,0,4,3,1,0.7550106341950595,,486.0
5422,-4.300000000000001,0,4,3,1,0.7550106341950595,,486.0
5423,-0.30000000000000004,0,4,3,1,0.7550106341950595,,486.1
5424,-3.4000000000000004,0,5,4,1,0.7550106341950595,,486.2
5425,-4.300000000000001,0,4,3,1,0.7550106341950595,,486.2
5426,-0.30000000000000004,0,4,3,1,0.7550106341950595,,486.3
5427,-4.300000000000001,0,4,3,1,0.7550106341950595,,486.4
5428,-4.300000000000001,0,4,3,1,0.7550106341950595,,486.5
5429,-2.3000000000000003,0,4,3,1,0.7550106341950595,,486.6
5430,-4.300000000000001,0,4,3,1,0.7550106341950595,,486.7
5431,-4.300000000000001,0,4,3,1,0.7550106341950595,,486.7
5432,-4.300000000000001,0,4,3,1,0.7550106341950595,,486.8
5433,-4.300000000000001,0,4,3,1,0.7550106341950595,,486.8
5434,-4.300000000000001,0,4,3,1,0.7550106341950595,,486.9
5435,-4.6,0,6,3,1,0.7550106341950595,,486.9
5436,-5.4,0,5,4,1,0.7550106341950595,,487.0
5437,5.7,1,4,3,1,0.7550106341950595,,487.1
5438,-4.300000000000001,0,4,3,1,0.7550106341950595,,487.1
5439,-4.300000000000001,0,4,3,1,0.7550106341950595,,487.2
5440,5.7,1,4,3,1,0.7550106341950595,,487.3
5441,-2.3000000000000003,0,4,3,1,0.7550106341950595,,487.4
5442,-4.300000000000001,0,4,3,1,0.7550106341950595,,487.5
5443,-4.300000000000001,0,4,3,1,0.7550106341950595,,487.5
5444,-0.30000000000000004,0,4,3,1,0.7550106341950595,,487.5
5445,-0.30000000000000004,0,4,3,1,0.7550106341950595,,487.6
5446,-4.300000000000001,0,4,3,1,0.7550106341950595,,487.6
5447,-4.300000000000001,0,4,3,1,0.7550106341950595,,487.7
5448,-2.3000000000000003,0,4,3,1,0.7550106341950595,,487.7
5449,-4.300000000000001,0,4,3,1,0.7550106341950595,,487.8
5450,-2.3000000000000003,0,4,3,1,0.7550106341950595,,487.9
5451,-4.300000000000001,0,4,3,1,0.7550106341950595,,488.0
5452,-2.3000000000000003,0,4,3,1,0.7550106341950595,,488.0
5453,-4.300000000000001,0,4,3,1,0.7550106341950595,,488.1
5454,-4.300000000000001,0,4,3,1,0.7550106341950595,,488.2
5455,5.7,1,4,3,1,0.7550106341950595,,488.2
5456,5.7,1,4,3,1,0.7550106341950595,,488.3
5457,-4.300000000000001,0,4,3,1,0.7550106341950595,,488.3
5458,-4.300000000000001,0,4,3,1,0.7550106341950595,,488.4
5459,-0.30000000000000004,0,4,3,1,0.7550106341950595,,488.4
5460,-4.300000000000001,0,4,3,1,0.7550106341950595,,488.5
5461,-2.3000000000000003,0,4,3,1,0.7550106341950595,,488.6
5462,-2.3000000000000003,0,4,3,1,0.7550106341950595,,488.6
5463,-4.300000000000001,0,4,3,1,0.7550106341950595,,488.7
5464,-2.3000000000000003,0,4,3,1,0.7550106341950595,,488.8
5465,-4.300000000000001,0,4,3,1,0.7550106341950595,,488.8
5466,-4.300000000000001,0,4,3,1,0.7550106341950595,,488.9
5467,-2.3000000000000003,0,4,3,1,0.7550106341950595,,488.9
5468,-4.300000000000001,0,4,3,1,0.7550106341950595,,489.0
5469,-4.300000000000001,0,4,3,1,0.7550106341950595,,489.0
5470,-2.3000000000000003,0,4,3,1,0.7550106341950595,,489.1
5471,-2.3000000000000003,0,4,3,1,0.7550106341950595,,489.1
5472,-4.300000000000001,0,4,3,1,0.7550106341950595,,489.2
5473,-4.300000000000001,0,4,3,1,0.7550106341950595,,489.3
5474,-0.30000000000000004,0,4,3,1,0.7550106341950595,,489.3
5475,-4.300000000000001,0,4,3,1,0.7550106341950595,,489.4
5476,-4.300000000000001,0,4,3,1,0.7550106341950595,,489.4
5477,5.7,1,4,3,1,0.7550106341950595,,489.5
5478,-0.30000000000000004,0,4,3,1,0.7550106341950595,,489.6
5479,-4.300000000000001,0,4,3,1,0.7550106341950595,,489.7
5480,-2.3000000000000003,0,4,3,1,0.7550106341950595,,489.7
5481,5.7,1,4,3,1,0.7550106341950595,,489.8
5482,-4.300000000000001,0,4,3,1,0.7550106341950595,,489.8
5483,-2.3000000000000003,0,4,3,1,0.7550106341950595,,489.9
5484,-4.300000000000001,0,4,3,1,0.7550106341950595,,490.0
5485,-4.300000000000001,0,4,3,1,0.7550106341950595,,490.0
5486,-2.3000000000000003,0,4,3,1,0.7550106341950595,,490.1
5487,-4.300000000000001,0,4,3,1,0.7550106341950595,,490.1
5488,-4.300000000000001,0,4,3,1,0.7550106341950595,,490.2
5489,-4.300000000000001,0,4,3,1,0.7550106341950595,,490.3
5490,-4.300000000000001,0,4,3,1,0.7550106341950595,,490.4
5491,-0.30000000000000004,0,4,3,1,0.7550106341950595,,490.4
5492,-4.300000000000001,0,4,3,1,0.7550106341950595,,490.5
5493,-4.300000000000001,0,4,3,1,0.7550106341950595,,490.6
5494,-4.300000000000001,0,4,3,1,0.7550106341950595,,490.6
5495,-2.3000000000000003,0,4,3,1,0.7550106341950595,,490.7
5496,-2.3000000000000003,0,4,3,1,0.7550106341950595,,490.7
5497,5.7,1,4,3,1,0.7550106341950595,,490.8
5498,-4.300000000000001,0,4,3,1,0.7550106341950595,,490.9
5499,-4.300000000000001,0,4,3,1,0.7550106341950595,,491.0
5500,5.7,1,4,3,1,0.7550106341950595,,491.1
5501,-4.300000000000001,0,4,3,1,0.7550106341950595,,496.2
5502,-4.300000000000001,0,4,3,1,0.7550106341950595,,496.3
5503,-4.300000000000001,0,4,3,1,0.7550106341950595,,496.4
5504,-5.4,0,5,4,1,0.7550106341950595,,496.5
5505,-0.30000000000000004,0,4,3,1,0.7550106341950595,,496.5
5506,-4.300000000000001,0,4,3,1,0.7550106341950595,,496.6
5507,-5.4,0,5,4,1,0.7550106341950595,,496.6
5508,-0.30000000000000004,0,4,3,1,0.7550106341950595,,496.7
5509,-2.3000000000000003,0,4,3,1,0.7550106341950595,,496.8
5510,-2.3000000000000003,0,4,3,1,0.7550106341950595,,496.8
5511,-0.30000000000000004,0,4,3,1,0.7550106341950595,,496.8
5512,-2.3000000000000003,0,4,3,1,0.7550106341950595,,496.9
5513,-4.300000000000001,0,4,3,1,0.7550106341950595,,497.0
5514,-4.300000000000001,0,4,3,1,0.7550106341950595,,497.1
5515,-0.30000000000000004,0,4,3,1,0.7550106341950595,,497.2
5516,-2.3000000000000003,0,4,3,1,0.7550106341950595,,497.3
5517,-2.3000000000000003,0,4,3,1,0.7550106341950595,,497.4
5518,-2.3000000000000003,0,4,3,1,0.7550106341950595,,497.4
5519,-4.300000000000001,0,4,3,1,0.7550106341950595,,497.5
5520,-4.300000000000001,0,4,3,1,0.7550106341950595,,497.6
5521,-4.300000000000001,0,4,3,1,0.7550106341950595,,497.6
5522,-2.3000000000000003,0,4,3,1,0.7550106341950595,,497.7
5523,-4.300000000000001,0,4,3,1,0.7550106341950595,,497.8
5524,-4.300000000000001,0,4,3,1,0.7550106341950595,,497.8
5525,-2.3000000000000003,0,4,3,1,0.7550106341950595,,497.9
5526,-2.3000000000000003,0,4,3,1,0.7550106341950595,,497.9
5527,-4.300000000000001,0,4,3,1,0.7550106341950595,,498.0
5528,5.7,1,4,3,1,0.7550106341950595,,498.0
5529,5.7,1,4,3,1,0.7550106341950595,,498.1
5530,-2.3000000000000003,0,4,3,1,0.7550106341950595,,498.2
5531,-2.3000000000000003,0,4,3,1,0.7550106341950595,,498.3
5532,-3.6,0,6,3,1,0.7550106341950595,,498.4
5533,-4.300000000000001,0,4,3,1,0.7550106341950595,,498.5
5534,-4.300000000000001,0,4,3,1,0.7550106341950595,,498.5
5535,-4.300000000000001,0,4,3,1,0.7550106341950595,,498.6
5536,-0.30000000000000004,0,4,3,1,0.7550106341950595,,498.7
5537,-4.300000000000001,0,4,3,1,0.7550106341950595,,498.7
5538,-4.300000000000001,0,4,3,1,0.7550106341950595,,498.8
5539,-4.300000000000001,0,4,3,1,0.7550106341950595,,498.8
5540,-5.6000000000000005,0,6,3,1,0.7550106341950595,,498.9
5541,-4.300000000000001,0,4,3,1,0.7550106341950595,,499.0
5542,-4.300000000000001,0,4,3,1,0.7550106341950595,,499.0
5543,-4.300000000000001,0,4,3,1,0.7550106341950595,,499.1
5544,-0.30000000000000004,0,4,3,1,0.7550106341950595,,499.2
5545,-0.30000000000000004,0,4,3,1,0.7550106341950595,,499.3
5546,-4.300000000000001,0,4,3,1,0.7550106341950595,,499.3
5547,5.7,1,4,3,1,0.7550106341950595,,499.4
5548,5.7,1,4,3,1,0.7550106341950595,,499.5
5549,-4.300000000000001,0,4,3,1,0.7550106341950595,,499.6
5550,-4.300000000000001,0,4,3,1,0.7550106341950595,,499.7
5551,-4.300000000000001,0,4,3,1,0.7550106341950595,,499.8
5552,-4.300000000000001,0,4,3,1,0.7550106341950595,,499.8
5553,-5.4,0,5,4,1,0.7550106341950595,,499.9
5554,-2.3000000000000003,0,4,3,1,0.7550106341950595,,500.0
5555,-4.300000000000001,0,4,3,1,0.7550106341950595,,500.0
5556,-4.300000000000001,0,4,3,1,0.7550106341950595,,500.1
5557,-2.3000000000000003,0,4,3,1,0.7550106341950595,,500.2
5558,-4.300000000000001,0,4,3,1,0.7550106341950595,,500.3
5559,-2.3000000000000003,0,4,3,1,0.7550106341950595,,500.3
5560,-4.300000000000001,0,4,3,1,0.7550106341950595,,500.4
5561,-4.300000000000001,0,4,3,1,0.7550106341950595,,500.5
5562,5.7,1,4,3,1,0.7550106341950595,,500.6
5563,5.7,1,4,3,1,0.7550106341950595,,500.6
5564,-2.3000000000000003,0,4,3,1,0.7550106341950595,,500.7
5565,-4.300000000000001,0,4,3,1,0.7550106341950595,,500.8
5566,-4.300000000000001,0,4,3,1,0.7550106341950595,,500.8
5567,-0.30000000000000004,0,4,3,1,0.7550106341950595,,500.9
5568,-4.300000000000001,0,4,3,1,0.7550106341950595,,501.0
5569,-4.300000000000001,0,4,3,1,0.7550106341950595,,501.0
5570,-4.300000000000001,0,4,3,1,0.7550106341950595,,501.1
5571,-4.300000000000001,0,4,3,1,0.7550106341950595,,501.2
5572,-4.300000000000001,0,4,3,1,0.7550106341950595,,501.2
5573,-4.300000000000001,0,4,3,1,0.7550106341950595,,501.3
5574,-4.300000000000001,0,4,3,1,0.7550106341950595,,501.4
5575,-4.300000000000001,0,4,3,1,0.7550106341950595,,501.5
5576,-4.300000000000001,0,4,3,1,0.7550106341950595,,501.5
5577,-0.30000000000000004,0,4,3,1,0.7550106341950595,,501.6
5578,-4.300000000000001,0,4,3,1,0.7550106341950595,,501.7
5579,-4.300000000000001,0,4,3,1,0.7550106341950595,,501.8
5580,-2.3000000000000003,0,4,3,1,0.7550106341950595,,501.9
5581,-4.300000000000001,0,4,3,1,0.6962392372079194,1.521852248813957,502.5
5582,5.7,1,4,3,1,0.6962392372079194,,502.6
5583,-4.300000000000001,0,4,3,1,0.6962392372079194,,502.6
5584,-4.300000000000001,0,4,3,1,0.6962392372079194,,502.7
5585,-4.300000000000001,0,4,3,1,0.6962392372079194,,502.8
5586,-0.30000000000000004,0,4,3,1,0.6962392372079194,,502.8
5587,5.7,1,4,3,1,0.6962392372079194,,502.9
5588,-4.300000000000001,0,4,3,1,0.6962392372079194,,503.0
5589,-4.300000000000001,0,4,3,1,0.6962392372079194,,503.1
5590,-2.3000000000000003,0,4,3,1,0.6962392372079194,,503.2
5591,-4.300000000000001,0,4,3,1,0.6962392372079194,,503.2
5592,-4.300000000000001,0,4,3,1,0.6962392372079194,,503.3
5593,-4.300000000000001,0,4,3,1,0.6962392372079194,,503.4
5594,-4.300000000000001,0,4,3,1,0.6962392372079194,,503.5
5595,-2.3000000000000003,0,4,3,1,0.6962392372079194,,503.5
5596,-0.30000000000000004,0,4,3,1,0.6962392372079194,,503.6
5597,-2.3000000000000003,0,4,3,1,0.6962392372079194,,503.7
5598,-4.300000000000001,0,4,3,1,0.6962392372079194,,503.7
5599,5.7,1,4,3,1,0.6962392372079194,,503.8
5600,-2.3000000000000003,0,4,3,1,0.6962392372079194,,503.8
5601,-0.30000000000000004,0,4,3,1,0.6962392372079194,,503.9
5602,-2.3000000000000003,0,4,3,1,0.6962392372079194,,503.9
5603,5.7,1,4,3,1,0.6962392372079194,,504.0
5604,-4.300000000000001,0,4,3,1,0.6962392372079194,,504.1
5605,-4.300000000000001,0,4,3,1,0.6962392372079194,,504.2
5606,-4.6,0,6,3,1,0.6962392372079194,,504.2
5607,-4.300000000000001,0,4,3,1,0.6962392372079194,,504.3
5608,-4.300000000000001,0,4,3,1,0.6962392372079194,,504.4
5609,-4.300000000000001,0,4,3,1,0.6962392372079194,,504.4
5610,5.7,1,4,3,1,0.6962392372079194,,504.5
5611,-0.30000000000000004,0,4,3,1,0.6962392372079194,,504.6
5612,-5.6000000000000005,0,6,3,1,0.6962392372079194,,504.7
5613,-4.300000000000001,0,4,3,1,0.6962392372079194,,504.7
5614,-2.3000000000000003,0,4,3,1,0.6962392372079194,,504.8
5615,-4.300000000000001,0,4,3,1,0.6962392372079194,,504.8
5616,-4.300000000000001,0,4,3,1,0.6962392372079194,,504.9
5617,-4.300000000000001,0,4,3,1,0.6962392372079194,,505.0
5618,-4.300000000000001,0,4,3,1,0.6962392372079194,,505.1
5619,-4.300000000000001,0,4,3,1,0.6962392372079194,,505.1
5620,-2.3000000000000003,0,4,3,1,0.6962392372079194,,505.2
5621,-4.300000000000001,0,4,3,1,0.6962392372079194,,505.2
5622,-2.3000000000000003,0,4,3,1,0.6962392372079194,,505.3
5623,-4.300000000000001,0,4,3,1,0.6962392372079194,,505.4
5624,-4.300000000000001,0,4,3,1,0.6962392372079194,,505.4
5625,-4.300000000000001,0,4,3,1,0.6962392372079194,,505.5
5626,5.7,1,4,3,1,0.6962392372079194,,505.6
5627,-4.300000000000001,0,4,3,1,0.6962392372079194,,505.6
5628,-4.300000000000001,0,4,3,1,0.6962392372079194,,505.7
5629,-0.30000000000000004,0,4,3,1,0.6962392372079194,,505.8
5630,-4.300000000000001,0,4,3,1,0.6962392372079194,,505.8
5631,-0.30000000000000004,0,4,3,1,0.6962392372079194,,505.9
5632,-4.300000000000001,0,4,3,1,0.6962392372079194,,505.9
5633,-4.300000000000001,0,4,3,1,0.6962392372079194,,506.0
5634,-4.300000000000001,0,4,3,1,0.6962392372079194,,506.1
5635,-4.300000000000001,0,4,3,1,0.6962392372079194,,506.2
5636,-4.300000000000001,0,4,3,1,0.6962392372079194,,506.2
5637,-4.300000000000001,0,4,3,1,0.6962392372079194,,506.3
5638,5.7,1,4,3,1,0.6962392372079194,,506.4
5639,-4.300000000000001,0,4,3,1,0.6962392372079194,,506.4
5640,-4.300000000000001,0,4,3,1,0.6962392372079194,,506.5
5641,-4.300000000000001,0,4,3,1,0.6962392372079194,,506.6
5642,-0.30000000000000004,0,4,3,1,0.6962392372079194,,506.7
5643,-4.300000000000001,0,4,3,1,0.6962392372079194,,506.8
5644,-4.300000000000001,0,4,3,1,0.6962392372079194,,506.9
5645,-5.4,0,5,4,1,0.6962392372079194,,507.0
5646,-2.3000000000000003,0,4,3,1,0.6962392372079194,,507.0
5647,-4.300000000000001,0,4,3,1,0.6962392372079194,,507.1
5648,-4.300000000000001,0,4,3,1,0.6962392372079194,,507.1
5649,-2.3000000000000003,0,4,3,1,0.6962392372079194,,507.2
5650,-2.3000000000000003,0,4,3,1,0.6962392372079194,,507.2
5651,-4.300000000000001,0,4,3,1,0.6962392372079194,,507.3
5652,-4.300000000000001,0,4,3,1,0.6962392372079194,,507.3
5653,-5.6000000000000005,0,6,3,1,0.6962392372079194,,507.4
5654,5.7,1,4,3,1,0.6962392372079194,,507.5
5655,-0.30000000000000004,0,4,3,1,0.6962392372079194,,507.5
5656,5.7,1,4,3,1,0.6962392372079194,,507.6
5657,-4.300000000000001,0,4,3,1,0.6962392372079194,,507.7
5658,-0.30000000000000004,0,4,3,1,0.6962392372079194,,507.7
5659,-4.300000000000001,0,4,3,1,0.6962392372079194,,507.8
5660,-4.300000000000001,0,4,3,1,0.6962392372079194,,507.8
5661,-4.300000000000001,0,4,3,1,0.6962392372079194,,507.9
5662,-4.300000000000001,0,4,3,1,0.6962392372079194,,508.0
5663,-4.300000000000001,0,4,3,1,0.6962392372079194,,508.1
5664,-5.6000000000000005,0,6,3,1,0.6962392372079194,,508.2
5665,-4.300000000000001,0,4,3,1,0.6962392372079194,,508.2
5666,-4.300000000000001,0,4,3,1,0.6962392372079194,,508.3
5667,-4.300000000000001,0,4,3,1,0.6962392372079194,,508.4
5668,-4.300000000000001,0,4,3,1,0.6962392372079194,,508.5
5669,-4.300000000000001,0,4,3,1,0.6962392372079194,,508.5
5670,-4.300000000000001,0,4,3,1,0.6962392372079194,,508.6
5671,-0.30000000000000004,0,4,3,1,0.6962392372079194,,508.6
5672,-0.30000000000000004,0,4,3,1,0.6962392372079194,,508.7
5673,-4.300000000000001,0,4,3,1,0.6962392372079194,,508.8
5674,-4.300000000000001,0,4,3,1,0.6962392372079194,,508.8
5675,-4.300000000000001,0,4,3,1,0.6962392372079194,,508.9
5676,-5.4,0,5,4,1,0.6962392372079194,,508.9
5677,-2.3000000000000003,0,4,3,1,0.6962392372079194,,509.0
5678,5.7,1,4,3,1,0.6962392372079194,,509.1
5679,-4.300000000000001,0,4,3,1,0.6962392372079194,,509.2
5680,-4.300000000000001,0,4,3,1,0.6962392372079194,,509.3
5681,5.7,1,4,3,1,0.6962392372079194,,509.3
5682,5.7,1,4,3,1,0.6962392372079194,,509.4
5683,-4.300000000000001,0,4,3,1,0.6962392372079194,,509.4
5684,-0.30000000000000004,0,4,3,1,0.6962392372079194,,509.5
5685,-4.300000000000001,0,4,3,1,0.6962392372079194,,509.6
5686,-4.300000000000001,0,4,3,1,0.6962392372079194,,509.7
5687,-4.300000000000001,0,4,3,1,0.6962392372079194,,509.8
5688,-0.30000000000000004,0,4,3,1,0.6962392372079194,,509.8
5689,5.7,1,4,3,1,0.6962392372079194,,509.9
5690,5.7,1,4,3,1,0.6962392372079194,,510.0
5691,-4.300000000000001,0,4,3,1,0.6962392372079194,,510.0
5692,-4.300000000000001,0,4,3,1,0.6962392372079194,,510.1
5693,5.7,1,4,3,1,0.6962392372079194,,510.2
5694,-0.30000000000000004,0,4,3,1,0.6962392372079194,,510.3
5695,-2.3000000000000003,0,4,3,1,0.6962392372079194,,510.3
5696,5.7,1,4,3,1,0.6962392372079194,,510.3
5697,-4.300000000000001,0,4,3,1,0.6962392372079194,,510.4
5698,-4.6000000000000005,0,6,3,1,0.6962392372079194,,510.4
5699,-2.3000000000000003,0,4,3,1,0.6962392372079194,,510.4
5700,-2.6,0,6,3,1,0.6962392372079194,,510.5
5701,-0.30000000000000004,0,4,3,1,0.6962392372079194,,510.5
5702,-2.3000000000000003,0,4,3,1,0.6962392372079194,,510.6
5703,-4.300000000000001,0,4,3,1,0.6962392372079194,,510.7
5704,-0.30000000000000004,0,4,3,1,0.6962392372079194,,510.7
5705,-2.3000000000000003,0,4,3,1,0.6962392372079194,,510.8
5706,-4.300000000000001,0,4,3,1,0.6962392372079194,,510.9
5707,-4.300000000000001,0,4,3,1,0.6962392372079194,,510.9
5708,5.7,1,4,3,1,0.6962392372079194,,511.0
5709,-2.3000000000000003,0,4,3,1,0.6962392372079194,,511.0
5710,-4.300000000000001,0,4,3,1,0.6962392372079194,,511.1
5711,-4.300000000000001,0,4,3,1,0.6962392372079194,,511.2
5712,-4.300000000000001,0,4,3,1,0.6962392372079194,,511.2
5713,-4.300000000000001,0,4,3,1,0.6962392372079194,,511.3
5714,-2.3000000000000003,0,4,3,1,0.6962392372079194,,511.4
5715,-4.300000000000001,0,4,3,1,0.6962392372079194,,511.4
5716,-4.300000000000001,0,4,3,1,0.6962392372079194,,511.5
5717,-2.3000000000000003,0,4,3,1,0.6962392372079194,,511.6
5718,-2.3000000000000003,0,4,3,1,0.6962392372079194,,511.7
5719,-0.30000000000000004,0,4,3,1,0.6962392372079194,,511.7
5720,-4.300000000000001,0,4,3,1,0.6962392372079194,,511.7
5721,-0.30000000000000004,0,4,3,1,0.6962392372079194,,511.8
5722,-4.300000000000001,0,4,3,1,0.6962392372079194,,511.9
5723,-4.300000000000001,0,4,3,1,0.6962392372079194,,511.9
5724,-2.3000000000000003,0,4,3,1,0.6962392372079194,,512.0
5725,-4.300000000000001,0,4,3,1,0.6962392372079194,,512.1
5726,-0.30000000000000004,0,4,3,1,0.6962392372079194,,512.2
5727,-4.300000000000001,0,4,3,1,0.6962392372079194,,512.2
5728,-4.300000000000001,0,4,3,1,0.6962392372079194,,512.3
5729,-5.4,0,5,4,1,0.6962392372079194,,512.4
5730,-4.300000000000001,0,4,3,1,0.6962392372079194,,512.5
5731,-5.6000000000000005,0,6,3,1,0.6962392372079194,,512.6
5732,-4.300000000000001,0,4,3,1,0.6962392372079194,,512.6
5733,-2.3000000000000003,0,4,3,1,0.6962392372079194,,512.7
5734,-2.3000000000000003,0,4,3,1,0.6962392372079194,,512.7
5735,-4.300000000000001,0,4,3,1,0.6962392372079194,,512.8
5736,-4.300000000000001,0,4,3,1,0.6962392372079194,,512.9
5737,-4.300000000000001,0,4,3,1,0.6962392372079194,,512.9
5738,-4.300000000000001,0,4,3,1,0.6962392372079194,,513.0
5739,-1.6,0,6,3,1,0.6962392372079194,,513.1
5740,5.7,1,4,3,1,0.6962392372079194,,513.1
5741,-0.30000000000000004,0,4,3,1,0.6962392372079194,,513.2
5742,-4.300000000000001,0,4,3,1,0.6962392372079194,,513.3
5743,-0.30000000000000004,0,4,3,1,0.6962392372079194,,513.3
5744,-2.3000000000000003,0,4,3,1,0.6962392372079194,,513.4
5745,-2.3000000000000003,0,4,3,1,0.6962392372079194,,513.4
5746,-4.300000000000001,0,4,3,1,0.6962392372079194,,513.5
5747,-0.30000000000000004,0,4,3,1,0.6962392372079194,,513.5
5748,-2.3000000000000003,0,4,3,1,0.6962392372079194,,513.6
5749,-2.3000000000000003,0,4,3,1,0.6962392372079194,,513.7
5750,-1.6,0,6,3,1,0.6962392372079194,,513.7
5751,-0.30000000000000004,0,4,3,1,0.6962392372079194,,513.8
5752,-4.300000000000001,0,4,3,1,0.6962392372079194,,513.8
5753,-4.300000000000001,0,4,3,1,0.6962392372079194,,513.9
5754,-4.300000000000001,0,4,3,1,0.6962392372079194,,514.0
5755,-4.300000000000001,0,4,3,1,0.6962392372079194,,514.0
5756,-4.300000000000001,0,4,3,1,0.6962392372079194,,514.1
5757,-4.300000000000001,0,4,3,1,0.6962392372079194,,514.2
5758,-0.30000000000000004,0,4,3,1,0.6962392372079194,,514.2
5759,-2.3000000000000003,0,4,3,1,0.6962392372079194,,514.3
5760,-4.300000000000001,0,4,3,1,0.6962392372079194,,514.4
5761,-4.300000000000001,0,4,3,1,0.6962392372079194,,514.4
5762,-4.300000000000001,0,4,3,1,0.6962392372079194,,514.5
5763,-4.300000000000001,0,4,3,1,0.6962392372079194,,514.6
5764,-4.300000000000001,0,4,3,1,0.6962392372079194,,514.7
5765,-4.300000000000001,0,4,3,1,0.6962392372079194,,514.7
5766,-2.3000000000000003,0,4,3,1,0.6962392372079194,,514.8
5767,-2.3000000000000003,0,4,3,1,0.6962392372079194,,514.8
5768,5.7,1,4,3,1,0.6962392372079194,,514.9
5769,-4.300000000000001,0,4,3,1,0.6962392372079194,,515.0
5770,-4.300000000000001,0,4,3,1,0.6962392372079194,,515.0
5771,-4.300000000000001,0,4,3,1,0.6962392372079194,,515.1
5772,-4.300000000000001,0,4,3,1,0.6962392372079194,,515.2
5773,-2.3000000000000003,0,4,3,1,0.6962392372079194,,515.2
5774,-0.30000000000000004,0,4,3,1,0.6962392372079194,,515.3
5775,-4.300000000000001,0,4,3,1,0.6962392372079194,,515.4
5776,-4.300000000000001,0,4,3,1,0.6962392372079194,,515.4
5777,-4.300000000000001,0,4,3,1,0.6962392372079194,,515.5
5778,-4.300000000000001,0,4,3,1,0.6962392372079194,,515.6
5779,-2.3000000000000003,0,4,3,1,0.6962392372079194,,515.7
5780,-4.300000000000001,0,4,3,1,0.6962392372079194,,515.8
5781,-2.3000000000000003,0,4,3,1,0.6962392372079194,,515.8
5782,-4.300000000000001,0,4,3,1,0.6962392372079194,,515.9
5783,-4.300000000000001,0,4,3,1,0.6962392372079194,,516.0
5784,-5.4,0,5,4,1,0.6962392372079194,,516.1
5785,-4.300000000000001,0,4,3,1,0.6962392372079194,,516.1
5786,-4.300000000000001,0,4,3,1,0.6962392372079194,,516.2
5787,-4.300000000000001,0,4,3,1,0.6962392372079194,,516.3
5788,-4.300000000000001,0,4,3,1,0.6962392372079194,,516.4
5789,-4.300000000000001,0,4,3,1,0.6962392372079194,,516.5
5790,-4.300000000000001,0,4,3,1,0.6962392372079194,,516.6
5791,-4.300000000000001,0,4,3,1,0.6962392372079194,,516.6
5792,-2.3000000000000003,0,4,3,1,0.6962392372079194,,516.7
5793,-4.300000000000001,0,4,3,1,0.6962392372079194,,516.8
5794,-4.300000000000001,0,4,3,1,0.6962392372079194,,516.8
5795,-3.6000000000000005,0,6,3,1,0.6962392372079194,,516.9
5796,-0.30000000000000004,0,4,3,1,0.6962392372079194,,517.0
5797,-2.3000000000000003,0,4,3,1,0.6962392372079194,,517.0
5798,-0.30000000000000004,0,4,3,1,0.6962392372079194,,517.1
5799,-4.300000000000001,0,4,3,1,0.6962392372079194,,517.2
5800,-4.300000000000001,0,4,3,1,0.6962392372079194,,517.2
5801,-4.300000000000001,0,4,3,1,0.6962392372079194,,517.3
5802,-4.300000000000001,0,4,3,1,0.6962392372079194,,517.4
5803,-0.30000000000000004,0,4,3,1,0.6962392372079194,,517.4
5804,-4.300000000000001,0,4,3,1,0.6962392372079194,,517.5
5805,5.7,1,4,3,1,0.6962392372079194,,517.5
5806,-2.3000000000000003,0,4,3,1,0.6962392372079194,,517.6
5807,-2.3000000000000003,0,4,3,1,0.6962392372079194,,517.7
5808,-4.300000000000001,0,4,3,1,0.6962392372079194,,517.7
5809,-2.3000000000000003,0,4,3,1,0.6962392372079194,,517.8
5810,-4.300000000000001,0,4,3,1,0.6962392372079194,,517.8
5811,-4.300000000000001,0,4,3,1,0.6962392372079194,,517.9
5812,-2.3000000000000003,0,4,3,1,0.6962392372079194,,518.0
5813,-4.300000000000001,0,4,3,1,0.6962392372079194,,518.1
5814,-4.300000000000001,0,4,3,1,0.6962392372079194,,518.2
5815,-4.300000000000001,0,4,3,1,0.6962392372079194,,518.3
5816,-4.300000000000001,0,4,3,1,0.6962392372079194,,518.4
5817,-4.300000000000001,0,4,3,1,0.6962392372079194,,518.4
5818,-4.300000000000001,0,4,3,1,0.6962392372079194,,518.5
5819,5.7,1,4,3,1,0.6962392372079194,,518.5
5820,-2.3000000000000003,0,4,3,1,0.6962392372079194,,518.6
5821,5.7,1,4,3,1,0.6962392372079194,,518.7
5822,-0.30000000000000004,0,4,3,1,0.6962392372079194,,518.8
5823,-2.3000000000000003,0,4,3,1,0.6962392372079194,,518.9
5824,-4.300000000000001,0,4,3,1,0.6962392372079194,,518.9
5825,-2.3000000000000003,0,4,3,1,0.6962392372079194,,519.0
5826,5.7,1,4,3,1,0.6962392372079194,,519.0
5827,5.7,1,4,3,1,0.6962392372079194,,519.1
5828,-4.300000000000001,0,4,3,1,0.6962392372079194,,519.2
5829,-4.300000000000001,0,4,3,1,0.6962392372079194,,519.3
5830,-2.3000000000000003,0,4,3,1,0.6962392372079194,,519.3
5831,-4.300000000000001,0,4,3,1,0.6962392372079194,,519.4
5832,-4.300000000000001,0,4,3,1,0.6962392372079194,,519.5
5833,-4.300000000000001,0,4,3,1,0.6962392372079194,,519.5
5834,-4.300000000000001,0,4,3,1,0.6962392372079194,,519.6
5835,-4.6000000000000005,0,6,3,1,0.6962392372079194,,519.7
5836,-2.3000000000000003,0,4,3,1,0.6962392372079194,,519.7
5837,-4.300000000000001,0,4,3,1,0.6962392372079194,,519.8
5838,-4.300000000000001,0,4,3,1,0.6962392372079194,,519.9
5839,-4.300000000000001,0,4,3,1,0.6962392372079194,,520.0
5840,-2.3000000000000003,0,4,3,1,0.6962392372079194,,520.1
5841,-4.300000000000001,0,4,3,1,0.6962392372079194,,520.2
5842,-4.300000000000001,0,4,3,1,0.6962392372079194,,520.2
5843,-4.300000000000001,0,4,3,1,0.6962392372079194,,520.3
5844,-4.300000000000001,0,4,3,1,0.6962392372079194,,520.3
5845,-4.300000000000001,0,4,3,1,0.6962392372079194,,520.4
5846,-4.300000000000001,0,4,3,1,0.6962392372079194,,520.5
5847,-4.300000000000001,0,4,3,1,0.6962392372079194,,520.6
5848,-4.300000000000001,0,4,3,1,0.6962392372079194,,520.6
5849,-4.300000000000001,0,4,3,1,0.6962392372079194,,520.7
5850,-2.3000000000000003,0,4,3,1,0.6962392372079194,,520.7
5851,-0.30000000000000004,0,4,3,1,0.6962392372079194,,520.8
5852,-4.300000000000001,0,4,3,1,0.6962392372079194,,520.9
5853,-2.3000000000000003,0,4,3,1,0.6962392372079194,,520.9
5854,-2.3000000000000003,0,4,3,1,0.6962392372079194,,521.0
5855,-4.300000000000001,0,4,3,1,0.6962392372079194,,521.0
5856,-2.3000000000000003,0,4,3,1,0.6962392372079194,,521.0
5857,-4.300000000000001,0,4,3,1,0.6962392372079194,,521.1
5858,5.7,1,4,3,1,0.6962392372079194,,521.2
5859,-2.3000000000000003,0,4,3,1,0.6962392372079194,,521.3
5860,-2.3000000000000003,0,4,3,1,0.6962392372079194,,521.3
5861,5.7,1,4,3,1,0.6962392372079194,,521.4
5862,5.7,1,4,3,1,0.6962392372079194,,521.4
5863,5.7,1,4,3,1,0.6962392372079194,,521.5
5864,-4.300000000000001,0,4,3,1,0.6962392372079194,,521.6
5865,-4.300000000000001,0,4,3,1,0.6962392372079194,,521.6
5866,-4.300000000000001,0,4,3,1,0.6962392372079194,,521.7
5867,-4.300000000000001,0,4,3,1,0.6962392372079194,,521.8
5868,-2.3000000000000003,0,4,3,1,0.6962392372079194,,521.8
5869,-4.300000000000001,0,4,3,1,0.6962392372079194,,521.9
5870,-4.6000000000000005,0,6,3,1,0.6962392372079194,,522.0
5871,-4.300000000000001,0,4,3,1,0.6962392372079194,,522.1
5872,-2.3000000000000003,0,4,3,1,0.6962392372079194,,522.1
5873,-0.30000000000000004,0,4,3,1,0.6962392372079194,,522.2
5874,-2.3000000000000003,0,4,3,1,0.6962392372079194,,522.3
5875,-4.300000000000001,0,4,3,1,0.6962392372079194,,522.3
5876,-4.300000000000001,0,4,3,1,0.6962392372079194,,522.4
5877,-2.3000000000000003,0,4,3,1,0.6962392372079194,,522.5
5878,-2.3000000000000003,0,4,3,1,0.6962392372079194,,522.5
5879,-4.300000000000001,0,4,3,1,0.6962392372079194,,522.6
5880,-4.300000000000001,0,4,3,1,0.6962392372079194,,522.7
5881,-4.300000000000001,0,4,3,1,0.6962392372079194,,522.7
5882,-4.300000000000001,0,4,3,1,0.6962392372079194,,522.8
5883,-4.300000000000001,0,4,3,1,0.6962392372079194,,522.9
5884,5.7,1,4,3,1,0.6962392372079194,,523.0
5885,-4.300000000000001,0,4,3,1,0.6962392372079194,,523.0
5886,-2.3000000000000003,0,4,3,1,0.6962392372079194,,523.1
5887,-4.300000000000001,0,4,3,1,0.6962392372079194,,523.2
5888,-4.300000000000001,0,4,3,1,0.6962392372079194,,523.3
5889,-4.300000000000001,0,4,3,1,0.6962392372079194,,523.3
5890,-2.3000000000000003,0,4,3,1,0.6962392372079194,,523.4
5891,-2.3000000000000003,0,4,3,1,0.6962392372079194,,523.5
5892,5.7,1,4,3,1,0.6962392372079194,,523.6
5893,-4.300000000000001,0,4,3,1,0.6962392372079194,,523.7
5894,-2.3000000000000003,0,4,3,1,0.6962392372079194,,523.7
5895,-4.300000000000001,0,4,3,1,0.6962392372079194,,523.8
5896,5.7,1,4,3,1,0.6962392372079194,,523.8
5897,-0.30000000000000004,0,4,3,1,0.6962392372079194,,523.9
5898,-6.200000000000001,0,10,3,1,0.6962392372079194,,523.9
5899,-4.300000000000001,0,4,3,1,0.6962392372079194,,524.0
5900,-0.30000000000000004,0,4,3,1,0.6962392372079194,,524.1
5901,-4.300000000000001,0,4,3,1,0.6962392372079194,,524.1
5902,-4.300000000000001,0,4,3,1,0.6962392372079194,,524.2
5903,-4.300000000000001,0,4,3,1,0.6962392372079194,,524.3
5904,-4.300000000000001,0,4,3,1,0.6962392372079194,,524.3
5905,-0.30000000000000004,0,4,3,1,0.6962392372079194,,524.4
5906,-3.4000000000000004,0,5,4,1,0.6962392372079194,,524.5
5907,-2.3000000000000003,0,4,3,1,0.6962392372079194,,524.6
5908,-4.300000000000001,0,4,3,1,0.6962392372079194,,524.6
5909,-2.3000000000000003,0,4,3,1,0.6962392372079194,,524.7
5910,-4.300000000000001,0,4,3,1,0.6962392372079194,,524.8
5911,-2.3000000000000003,0,4,3,1,0.6962392372079194,,524.9
5912,-0.30000000000000004,0,4,3,1,0.6962392372079194,,524.9
5913,-0.30000000000000004,0,4,3,1,0.6962392372079194,,525.0
5914,-4.300000000000001,0,4,3,1,0.6962392372079194,,525.1
5915,-0.30000000000000004,0,4,3,1,0.6962392372079194,,525.1
5916,5.7,1,4,3,1,0.6962392372079194,,525.2
5917,-4.300000000000001,0,4,3,1,0.6962392372079194,,525.3
5918,-4.300000000000001,0,4,3,1,0.6962392372079194,,525.3
5919,5.7,1,4,3,1,0.6962392372079194,,525.4
5920,-2.3000000000000003,0,4,3,1,0.6962392372079194,,525.5
5921,-4.300000000000001,0,4,3,1,0.6962392372079194,,525.5
5922,-4.300000000000001,0,4,3,1,0.6962392372079194,,525.6
5923,-4.300000000000001,0,4,3,1,0.6962392372079194,,525.7
5924,-4.300000000000001,0,4,3,1,0.6962392372079194,,525.7
5925,-4.300000000000001,0,4,3,1,0.6962392372079194,,525.8
5926,5.7,1,4,3,1,0.6962392372079194,,525.9
5927,-0.30000000000000004,0,4,3,1,0.6962392372079194,,525.9
5928,-4.300000000000001,0,4,3,1,0.6962392372079194,,526.0
5929,-2.3000000000000003,0,4,3,1,0.6962392372079194,,526.0
5930,-4.300000000000001,0,4,3,1,0.6962392372079194,,526.1
5931,-4.300000000000001,0,4,3,1,0.6962392372079194,,526.2
5932,-0.30000000000000004,0,4,3,1,0.6962392372079194,,526.2
5933,5.7,1,4,3,1,0.6962392372079194,,526.3
5934,-4.300000000000001,0,4,3,1,0.6962392372079194,,526.4
5935,-4.300000000000001,0,4,3,1,0.6962392372079194,,526.4
5936,-4.300000000000001,0,4,3,1,0.6962392372079194,,526.5
5937,-2.3000000000000003,0,4,3,1,0.6962392372079194,,526.6
5938,-4.300000000000001,0,4,3,1,0.6962392372079194,,526.7
5939,-4.300000000000001,0,4,3,1,0.6962392372079194,,526.7
5940,-5.4,0,5,4,1,0.6962392372079194,,526.8
5941,-4.300000000000001,0,4,3,1,0.6962392372079194,,526.9
5942,5.7,1,4,3,1,0.6962392372079194,,527.0
5943,-4.300000000000001,0,4,3,1,0.6962392372079194,,527.0
5944,-4.300000000000001,0,4,3,1,0.6962392372079194,,527.1
5945,-4.300000000000001,0,4,3,1,0.6962392372079194,,527.1
5946,-4.300000000000001,0,4,3,1,0.6962392372079194,,527.2
5947,-4.300000000000001,0,4,3,1,0.6962392372079194,,527.3
5948,-4.300000000000001,0,4,3,1,0.6962392372079194,,527.3
5949,-4.300000000000001,0,4,3,1,0.6962392372079194,,527.4
5950,-2.3000000000000003,0,4,3,1,0.6962392372079194,,527.5
5951,-2.3000000000000003,0,4,3,1,0.6962392372079194,,527.5
5952,-4.300000000000001,0,4,3,1,0.6962392372079194,,527.6
5953,-2.3000000000000003,0,4,3,1,0.6962392372079194,,527.7
5954,-4.300000000000001,0,4,3,1,0.6962392372079194,,527.8
5955,-4.300000000000001,0,4,3,1,0.6962392372079194,,527.8
5956,-4.300000000000001,0,4,3,1,0.6962392372079194,,527.9
5957,-4.6,0,6,3,1,0.6962392372079194,,527.9
5958,-4.300000000000001,0,4,3,1,0.6962392372079194,,528.0
5959,-4.300000000000001,0,4,3,1,0.6962392372079194,,528.1
5960,-4.300000000000001,0,4,3,1,0.6962392372079194,,528.2
5961,-2.3000000000000003,0,4,3,1,0.6962392372079194,,528.3
5962,-4.300000000000001,0,4,3,1,0.6962392372079194,,528.4
5963,-4.300000000000001,0,4,3,1,0.6962392372079194,,528.5
5964,0.6000000000000001,0,5,4,1,0.6962392372079194,,528.6
5965,-2.3000000000000003,0,4,3,1,0.6962392372079194,,528.6
5966,-4.6,0,6,3,1,0.6962392372079194,,528.7
5967,-4.300000000000001,0,4,3,1,0.6962392372079194,,528.8
5968,-4.300000000000001,0,4,3,1,0.6962392372079194,,528.8
5969,-4.300000000000001,0,4,3,1,0.6962392372079194,,528.9
5970,-2.3000000000000003,0,4,3,1,0.6962392372079194,,529.0
5971,-4.300000000000001,0,4,3,1,0.6962392372079194,,529.0
5972,-4.300000000000001,0,4,3,1,0.6962392372079194,,529.1
5973,-3.6,0,6,3,1,0.6962392372079194,,529.2
5974,-4.300000000000001,0,4,3,1,0.6962392372079194,,529.3
5975,-4.300000000000001,0,4,3,1,0.6962392372079194,,529.3
5976,-2.3000000000000003,0,4,3,1,0.6962392372079194,,529.4
5977,-4.300000000000001,0,4,3,1,0.6962392372079194,,529.5
5978,5.7,1,4,3,1,0.6962392372079194,,529.6
5979,-4.300000000000001,0,4,3,1,0.6962392372079194,,529.7
5980,-4.300000000000001,0,4,3,1,0.6962392372079194,,529.7
5981,-4.300000000000001,0,4,3,1,0.6962392372079194,,529.8
5982,5.7,1,4,3,1,0.6962392372079194,,529.9
5983,-2.3000000000000003,0,4,3,1,0.6962392372079194,,529.9
5984,-4.300000000000001,0,4,3,1,0.6962392372079194,,530.0
5985,-2.3000000000000003,0,4,3,1,0.6962392372079194,,530.0
5986,-4.300000000000001,0,4,3,1,0.6962392372079194,,530.1
5987,-4.300000000000001,0,4,3,1,0.6962392372079194,,530.1
5988,-2.3000000000000003,0,4,3,1,0.6962392372079194,,530.2
5989,-2.3000000000000003,0,4,3,1,0.6962392372079194,,530.3
5990,-2.3000000000000003,0,4,3,1,0.6962392372079194,,530.3
5991,-4.300000000000001,0,4,3,1,0.6962392372079194,,530.4
5992,-4.300000000000001,0,4,3,1,0.6962392372079194,,530.5
5993,-4.300000000000001,0,4,3,1,0.6962392372079194,,530.6
5994,-4.300000000000001,0,4,3,1,0.6962392372079194,,530.7
5995,-4.300000000000001,0,4,3,1,0.6962392372079194,,530.8
5996,-4.300000000000001,0,4,3,1,0.6962392372079194,,530.8
5997,-2.3000000000000003,0,4,3,1,0.6962392372079194,,530.9
5998,5.7,1,4,3,1,0.6962392372079194,,531.0
5999,-2.6,0,6,3,1,0.6962392372079194,,531.0
6000,-4.300000000000001,0,4,3,1,0.6962392372079194,,531.1
6001,-0.30000000000000004,0,4,3,1,0.6962392372079194,,536.2
6002,-0.30000000000000004,0,4,3,1,0.6962392372079194,,536.3
6003,-4.300000000000001,0,4,3,1,0.6962392372079194,,536.3
6004,-4.300000000000001,0,4,3,1,0.6962392372079194,,536.4
6005,-4.300000000000001,0,4,3,1,0.6962392372079194,,536.5
6006,-4.300000000000001,0,4,3,1,0.6962392372079194,,536.6
6007,-4.300000000000001,0,4,3,1,0.6962392372079194,,536.6
6008,-4.300000000000001,0,4,3,1,0.6962392372079194,,536.7
6009,-4.300000000000001,0,4,3,1,0.6962392372079194,,536.8
6010,5.7,1,4,3,1,0.6962392372079194,,536.9
6011,-0.30000000000000004,0,4,3,1,0.6962392372079194,,536.9
6012,-2.3000000000000003,0,4,3,1,0.6962392372079194,,537.0
6013,-4.300000000000001,0,4,3,1,0.6962392372079194,,537.1
6014,-2.3000000000000003,0,4,3,1,0.6962392372079194,,537.1
6015,-4.300000000000001,0,4,3,1,0.6962392372079194,,537.2
6016,5.7,1,4,3,1,0.6962392372079194,,537.3
6017,-4.300000000000001,0,4,3,1,0.6962392372079194,,537.4
6018,-4.300000000000001,0,4,3,1,0.6962392372079194,,537.5
6019,-0.30000000000000004,0,4,3,1,0.6962392372079194,,537.6
6020,5.7,1,4,3,1,0.6962392372079194,,537.6
6021,-4.300000000000001,0,4,3,1,0.6962392372079194,,537.7
6022,-0.30000000000000004,0,4,3,1,0.6962392372079194,,537.7
6023,-5.4,0,5,4,1,0.6962392372079194,,537.8
6024,-4.6,0,6,3,1,0.6962392372079194,,537.9
6025,-2.3000000000000003,0,4,3,1,0.6962392372079194,,538.0
6026,-4.300000000000001,0,4,3,1,0.6962392372079194,,538.0
6027,-4.300000000000001,0,4,3,1,0.6962392372079194,,538.1
6028,-4.300000000000001,0,4,3,1,0.6962392372079194,,538.2
6029,-4.300000000000001,0,4,3,1,0.6962392372079194,,538.2
6030,-4.300000000000001,0,4,3,1,0.6962392372079194,,538.3
6031,-0.30000000000000004,0,4,3,1,0.6962392372079194,,538.4
6032,-4.300000000000001,0,4,3,1,0.6962392372079194,,538.5
6033,-4.300000000000001,0,4,3,1,0.6962392372079194,,538.5
6034,-4.300000000000001,0,4,3,1,0.6962392372079194,,538.6
6035,5.4,1,6,3,1,0.6962392372079194,,538.7
6036,-4.300000000000001,0,4,3,1,0.6962392372079194,,538.8
6037,-0.30000000000000004,0,4,3,1,0.6962392372079194,,538.9
6038,-2.3000000000000003,0,4,3,1,0.6962392372079194,,538.9
6039,-4.300000000000001,0,4,3,1,0.6962392372079194,,539.0
6040,-4.300000000000001,0,4,3,1,0.6962392372079194,,539.0
6041,-2.3000000000000003,0,4,3,1,0.6962392372079194,,539.1
6042,5.7,1,4,3,1,0.6962392372079194,,539.1
6043,-4.300000000000001,0,4,3,1,0.6962392372079194,,539.2
6044,5.7,1,4,3,1,0.6962392372079194,,539.3
6045,-4.300000000000001,0,4,3,1,0.6962392372079194,,539.3
6046,-4.300000000000001,0,4,3,1,0.6962392372079194,,539.4
6047,-4.300000000000001,0,4,3,1,0.6962392372079194,,539.5
6048,-4.300000000000001,0,4,3,1,0.6962392372079194,,539.5
6049,5.7,1,4,3,1,0.6962392372079194,,539.6
6050,-4.300000000000001,0,4,3,1,0.6962392372079194,,539.7
6051,-2.3000000000000003,0,4,3,1,0.6962392372079194,,539.8
6052,-4.300000000000001,0,4,3,1,0.6962392372079194,,539.8
6053,-2.3000000000000003,0,4,3,1,0.6962392372079194,,539.9
6054,-4.300000000000001,0,4,3,1,0.6962392372079194,,539.9
6055,-2.3000000000000003,0,4,3,1,0.6962392372079194,,540.0
6056,-4.300000000000001,0,4,3,1,0.6962392372079194,,540.0
6057,-4.300000000000001,0,4,3,1,0.6962392372079194,,540.1
6058,-4.300000000000001,0,4,3,1,0.6962392372079194,,540.2
6059,-4.300000000000001,0,4,3,1,0.6962392372079194,,540.3
6060,-4.6,0,6,3,1,0.6962392372079194,,540.4
6061,-2.3000000000000003,0,4,3,1,0.6962392372079194,,540.4
6062,5.7,1,4,3,1,0.6962392372079194,,540.5
6063,-4.300000000000001,0,4,3,1,0.6962392372079194,,540.6
6064,-0.30000000000000004,0,4,3,1,0.6962392372079194,,540.7
6065,-0.30000000000000004,0,4,3,1,0.6962392372079194,,540.7
6066,5.7,1,4,3,1,0.6962392372079194,,540.8
6067,-0.30000000000000004,0,4,3,1,0.6962392372079194,,540.9
6068,-4.300000000000001,0,4,3,1,0.6962392372079194,,540.9
6069,5.7,1,4,3,1,0.6962392372079194,,541.0
6070,-4.6,0,6,3,1,0.6962392372079194,,541.0
6071,-4.300000000000001,0,4,3,1,0.6962392372079194,,541.1
6072,-2.3000000000000003,0,4,3,1,0.6962392372079194,,541.1
6073,-2.3000000000000003,0,4,3,1,0.6962392372079194,,541.2
6074,-4.300000000000001,0,4,3,1,0.6962392372079194,,541.3
6075,-4.300000000000001,0,4,3,1,0.6962392372079194,,541.3
6076,-2.3000000000000003,0,4,3,1,0.6962392372079194,,541.3
6077,-4.300000000000001,0,4,3,1,0.6962392372079194,,541.4
6078,-4.300000000000001,0,4,3,1,0.6962392372079194,,541.5
6079,-4.300000000000001,0,4,3,1,0.6727788185235113,1.516316742170602,542.2
6080,-4.300000000000001,0,4,3,1,0.6727788185235113,,542.3
6081,-2.3000000000000003,0,4,3,1,0.6727788185235113,,542.4
6082,-4.300000000000001,0,4,3,1,0.6727788185235113,,542.5
6083,-4.300000000000001,0,4,3,1,0.6727788185235113,,542.5
6084,-4.300000000000001,0,4,3,1,0.6727788185235113,,542.6
6085,-4.300000000000001,0,4,3,1,0.6727788185235113,,542.7
6086,-4.300000000000001,0,4,3,1,0.6727788185235113,,542.8
6087,-4.300000000000001,0,4,3,1,0.6727788185235113,,542.8
6088,-4.300000000000001,0,4,3,1,0.6727788185235113,,542.9
6089,-4.300000000000001,0,4,3,1,0.6727788185235113,,543.0
6090,-2.3000000000000003,0,4,3,1,0.6727788185235113,,543.0
6091,-4.300000000000001,0,4,3,1,0.6727788185235113,,543.0
6092,-4.300000000000001,0,4,3,1,0.6727788185235113,,543.1
6093,-4.300000000000001,0,4,3,1,0.6727788185235113,,543.2
6094,-4.300000000000001,0,4,3,1,0.6727788185235113,,543.2
6095,-4.300000000000001,0,4,3,1,0.6727788185235113,,543.3
6096,-4.300000000000001,0,4,3,1,0.6727788185235113,,543.4
6097,-4.300000000000001,0,4,3,1,0.6727788185235113,,543.4
6098,-2.3000000000000003,0,4,3,1,0.6727788185235113,,543.4
6099,-4.300000000000001,0,4,3,1,0.6727788185235113,,543.5
6100,-4.300000000000001,0,4,3,1,0.6727788185235113,,543.5
6101,-4.300000000000001,0,4,3,1,0.6727788185235113,,543.6
6102,-4.300000000000001,0,4,3,1,0.6727788185235113,,543.6
6103,-2.3000000000000003,0,4,3,1,0.6727788185235113,,543.7
6104,-2.3000000000000003,0,4,3,1,0.6727788185235113,,543.8
6105,-4.300000000000001,0,4,3,1,0.6727788185235113,,543.9
6106,-4.300000000000001,0,4,3,1,0.6727788185235113,,543.9
6107,-4.300000000000001,0,4,3,1,0.6727788185235113,,544.0
6108,-4.300000000000001,0,4,3,1,0.6727788185235113,,544.0
6109,-0.30000000000000004,0,4,3,1,0.6727788185235113,,544.1
6110,5.7,1,4,3,1,0.6727788185235113,,544.1
6111,-4.300000000000001,0,4,3,1,0.6727788185235113,,544.2
6112,-4.300000000000001,0,4,3,1,0.6727788185235113,,544.3
6113,-4.300000000000001,0,4,3,1,0.6727788185235113,,544.3
6114,-4.300000000000001,0,4,3,1,0.6727788185235113,,544.4
6115,-4.300000000000001,0,4,3,1,0.6727788185235113,,544.5
6116,-4.300000000000001,0,4,3,1,0.6727788185235113,,544.6
6117,-4.300000000000001,0,4,3,1,0.6727788185235113,,544.6
6118,-4.300000000000001,0,4,3,1,0.6727788185235113,,544.7
6119,-4.300000000000001,0,4,3,1,0.6727788185235113,,544.8
6120,5.7,1,4,3,1,0.6727788185235113,,544.8
6121,-4.300000000000001,0,4,3,1,0.6727788185235113,,544.9
6122,-4.300000000000001,0,4,3,1,0.6727788185235113,,544.9
6123,-4.300000000000001,0,4,3,1,0.6727788185235113,,545.0
6124,-5.4,0,5,4,1,0.6727788185235113,,545.1
6125,-4.300000000000001,0,4,3,1,0.6727788185235113,,545.2
6126,5.7,1,4,3,1,0.6727788185235113,,545.2
6127,-2.3000000000000003,0,4,3,1,0.6727788185235113,,545.3
6128,-4.300000000000001,0,4,3,1,0.6727788185235113,,545.3
6129,-4.300000000000001,0,4,3,1,0.6727788185235113,,545.4
6130,-2.3000000000000003,0,4,3,1,0.6727788185235113,,545.5
6131,-4.300000000000001,0,4,3,1,0.6727788185235113,,545.5
6132,-4.300000000000001,0,4,3,1,0.6727788185235113,,545.6
6133,-2.3000000000000003,0,4,3,1,0.6727788185235113,,545.7
6134,-0.30000000000000004,0,4,3,1,0.6727788185235113,,545.8
6135,-4.300000000000001,0,4,3,1,0.6727788185235113,,545.9
6136,-4.300000000000001,0,4,3,1,0.6727788185235113,,545.9
6137,-4.300000000000001,0,4,3,1,0.6727788185235113,,546.0
6138,-4.300000000000001,0,4,3,1,0.6727788185235113,,546.0
6139,-2.3000000000000003,0,4,3,1,0.6727788185235113,,546.1
6140,-2.3000000000000003,0,4,3,1,0.6727788185235113,,546.1
6141,-2.3000000000000003,0,4,3,1,0.6727788185235113,,546.2
6142,-4.300000000000001,0,4,3,1,0.6727788185235113,,546.2
6143,5.7,1,4,3,1,0.6727788185235113,,546.3
6144,-4.300000000000001,0,4,3,1,0.6727788185235113,,546.4
6145,-4.300000000000001,0,4,3,1,0.6727788185235113,,546.5
6146,-4.300000000000001,0,4,3,1,0.6727788185235113,,546.5
6147,-0.30000000000000004,0,4,3,1,0.6727788185235113,,546.5
6148,-2.3000000000000003,0,4,3,1,0.6727788185235113,,546.6
6149,-0.30000000000000004,0,4,3,1,0.6727788185235113,,546.6
6150,-4.300000000000001,0,4,3,1,0.6727788185235113,,546.7
6151,-2.3000000000000003,0,4,3,1,0.6727788185235113,,546.8
6152,-4.300000000000001,0,4,3,1,0.6727788185235113,,546.8
6153,5.7,1,4,3,1,0.6727788185235113,,546.9
6154,-4.300000000000001,0,4,3,1,0.6727788185235113,,547.0
6155,-4.300000000000001,0,4,3,1,0.6727788185235113,,547.1
6156,-2.3000000000000003,0,4,3,1,0.6727788185235113,,547.1
6157,-0.30000000000000004,0,4,3,1,0.6727788185235113,,547.2
6158,-2.3000000000000003,0,4,3,1,0.6727788185235113,,547.3
6159,-4.300000000000001,0,4,3,1,0.6727788185235113,,547.4
6160,-4.300000000000001,0,4,3,1,0.6727788185235113,,547.4
6161,-4.300000000000001,0,4,3,1,0.6727788185235113,,547.5
6162,-4.300000000000001,0,4,3,1,0.6727788185235113,,547.6
6163,-4.300000000000001,0,4,3,1,0.6727788185235113,,547.6
6164,5.7,1,4,3,1,0.6727788185235113,,547.6
6165,-0.30000000000000004,0,4,3,1,0.6727788185235113,,547.7
6166,-4.300000000000001,0,4,3,1,0.6727788185235113,,547.8
6167,-2.3000000000000003,0,4,3,1,0.6727788185235113,,547.9
6168,-0.30000000000000004,0,4,3,1,0.6727788185235113,,547.9
6169,5.7,1,4,3,1,0.6727788185235113,,548.0
6170,5.4,1,6,3,1,0.6727788185235113,,548.1
6171,5.7,1,4,3,1,0.6727788185235113,,548.2
6172,-2.3000000000000003,0,4,3,1,0.6727788185235113,,548.2
6173,-4.300000000000001,0,4,3,1,0.6727788185235113,,548.4
6174,-4.300000000000001,0,4,3,1,0.6727788185235113,,548.4
6175,-0.30000000000000004,0,4,3,1,0.6727788185235113,,548.4
6176,-4.300000000000001,0,4,3,1,0.6727788185235113,,548.5
6177,-2.3000000000000003,0,4,3,1,0.6727788185235113,,548.5
6178,5.7,1,4,3,1,0.6727788185235113,,548.6
6179,-2.3000000000000003,0,4,3,1,0.6727788185235113,,548.6
6180,-4.300000000000001,0,4,3,1,0.6727788185235113,,548.7
6181,-1.6,0,6,3,1,0.6727788185235113,,548.8
6182,-4.300000000000001,0,4,3,1,0.6727788185235113,,548.9
6183,-2.3000000000000003,0,4,3,1,0.6727788185235113,,548.9
6184,5.7,1,4,3,1,0.6727788185235113,,549.0
6185,-4.300000000000001,0,4,3,1,0.6727788185235113,,549.0
6186,-4.300000000000001,0,4,3,1,0.6727788185235113,,549.1
6187,-0.30000000000000004,0,4,3,1,0.6727788185235113,,549.1
6188,5.7,1,4,3,1,0.6727788185235113,,549.2
6189,-4.300000000000001,0,4,3,1,0.6727788185235113,,549.2
6190,-4.300000000000001,0,4,3,1,0.6727788185235113,,549.3
6191,-4.300000000000001,0,4,3,1,0.6727788185235113,,549.4
6192,-5.6000000000000005,0,6,3,1,0.6727788185235113,,549.5
6193,-4.300000000000001,0,4,3,1,0.6727788185235113,,549.6
6194,-4.300000000000001,0,4,3,1,0.6727788185235113,,549.6
6195,-4.300000000000001,0,4,3,1,0.6727788185235113,,549.7
6196,5.7,1,4,3,1,0.6727788185235113,,549.7
6197,-4.300000000000001,0,4,3,1,0.6727788185235113,,549.8
6198,-4.300000000000001,0,4,3,1,0.6727788185235113,,549.9
6199,-4.300000000000001,0,4,3,1,0.6727788185235113,,550.0
6200,-0.30000000000000004,0,4,3,1,0.6727788185235113,,550.1
6201,-4.300000000000001,0,4,3,1,0.6727788185235113,,550.1
6202,5.7,1,4,3,1,0.6727788185235113,,550.2
6203,-4.300000000000001,0,4,3,1,0.6727788185235113,,550.3
6204,-0.30000000000000004,0,4,3,1,0.6727788185235113,,550.3
6205,-4.300000000000001,0,4,3,1,0.6727788185235113,,550.4
6206,-2.3000000000000003,0,4,3,1,0.6727788185235113,,550.5
6207,-5.4,0,5,4,1,0.6727788185235113,,550.5
6208,-4.300000000000001,0,4,3,1,0.6727788185235113,,550.6
6209,-4.300000000000001,0,4,3,1,0.6727788185235113,,550.7
6210,5.7,1,4,3,1,0.6727788185235113,,550.8
6211,-2.3000000000000003,0,4,3,1,0.6727788185235113,,550.8
6212,-4.300000000000001,0,4,3,1,0.6727788185235113,,550.9
6213,-4.300000000000001,0,4,3,1,0.6727788185235113,,551.0
6214,-4.300000000000001,0,4,3,1,0.6727788185235113,,551.0
6215,5.7,1,4,3,1,0.6727788185235113,,551.1
6216,-2.3000000000000003,0,4,3,1,0.6727788185235113,,551.1
6217,-2.6,0,6,3,1,0.6727788185235113,,551.2
6218,-0.30000000000000004,0,4,3,1,0.6727788185235113,,551.2
6219,4.4,1,6,3,1,0.6727788185235113,,551.3
6220,-4.300000000000001,0,4,3,1,0.6727788185235113,,551.4
6221,-4.300000000000001,0,4,3,1,0.6727788185235113,,551.5
6222,-4.300000000000001,0,4,3,1,0.6727788185235113,,551.6
6223,5.7,1,4,3,1,0.6727788185235113,,551.7
6224,-1.6,0,6,3,1,0.6727788185235113,,551.7
6225,-5.6000000000000005,0,6,3,1,0.6727788185235113,,551.8
6226,-0.30000000000000004,0,4,3,1,0.6727788185235113,,551.8
6227,5.7,1,4,3,1,0.6727788185235113,,551.9
6228,-4.300000000000001,0,4,3,1,0.6727788185235113,,552.0
6229,-4.300000000000001,0,4,3,1,0.6727788185235113,,552.0
6230,-2.3000000000000003,0,4,3,1,0.6727788185235113,,552.1
6231,-4.300000000000001,0,4,3,1,0.6727788185235113,,552.2
6232,-4.300000000000001,0,4,3,1,0.6727788185235113,,552.2
6233,-4.300000000000001,0,4,3,1,0.6727788185235113,,552.3
6234,-2.3000000000000003,0,4,3,1,0.6727788185235113,,552.4
6235,-4.300000000000001,0,4,3,1,0.6727788185235113,,552.4
6236,-2.3000000000000003,0,4,3,1,0.6727788185235113,,552.5
6237,-2.3000000000000003,0,4,3,1,0.6727788185235113,,552.6
6238,-4.300000000000001,0,4,3,1,0.6727788185235113,,552.6
6239,-0.30000000000000004,0,4,3,1,0.6727788185235113,,552.7
6240,-0.6000000000000001,0,6,3,1,0.6727788185235113,,552.7
6241,-4.300000000000001,0,4,3,1,0.6727788185235113,,552.8
6242,-0.30000000000000004,0,4,3,1,0.6727788185235113,,552.8
6243,5.7,1,4,3,1,0.6727788185235113,,552.9
6244,-4.300000000000001,0,4,3,1,0.6727788185235113,,553.0
6245,-4.300000000000001,0,4,3,1,0.6727788185235113,,553.1
6246,-4.300000000000001,0,4,3,1,0.6727788185235113,,553.1
6247,-2.3000000000000003,0,4,3,1,0.6727788185235113,,553.1
6248,-2.3000000000000003,0,4,3,1,0.6727788185235113,,553.2
6249,-4.300000000000001,0,4,3,1,0.6727788185235113,,553.2
6250,-4.300000000000001,0,4,3,1,0.6727788185235113,,553.3
6251,-2.3000000000000003,0,4,3,1,0.6727788185235113,,553.3
6252,-4.300000000000001,0,4,3,1,0.6727788185235113,,553.4
6253,-4.300000000000001,0,4,3,1,0.6727788185235113,,553.5
6254,-4.300000000000001,0,4,3,1,0.6727788185235113,,553.6
6255,-0.30000000000000004,0,4,3,1,0.6727788185235113,,553.6
6256,-4.300000000000001,0,4,3,1,0.6727788185235113,,553.7
6257,-4.300000000000001,0,4,3,1,0.6727788185235113,,553.8
6258,-4.300000000000001,0,4,3,1,0.6727788185235113,,553.9
6259,-4.300000000000001,0,4,3,1,0.6727788185235113,,553.9
6260,-4.300000000000001,0,4,3,1,0.6727788185235113,,554.0
6261,-2.3000000000000003,0,4,3,1,0.6727788185235113,,554.0
6262,-4.300000000000001,0,4,3,1,0.6727788185235113,,554.1
6263,-4.300000000000001,0,4,3,1,0.6727788185235113,,554.1
6264,-2.3000000000000003,0,4,3,1,0.6727788185235113,,554.1
6265,-4.300000000000001,0,4,3,1,0.6727788185235113,,554.2
6266,-3.6000000000000005,0,6,3,1,0.6727788185235113,,554.3
6267,-2.3000000000000003,0,4,3,1,0.6727788185235113,,554.4
6268,-0.30000000000000004,0,4,3,1,0.6727788185235113,,554.4
6269,-4.300000000000001,0,4,3,1,0.6727788185235113,,554.5
6270,-4.300000000000001,0,4,3,1,0.6727788185235113,,554.5
6271,-4.300000000000001,0,4,3,1,0.6727788185235113,,554.6
6272,-4.300000000000001,0,4,3,1,0.6727788185235113,,554.6
6273,-4.300000000000001,0,4,3,1,0.6727788185235113,,554.7
6274,-2.3000000000000003,0,4,3,1,0.6727788185235113,,554.7
6275,-2.3000000000000003,0,4,3,1,0.6727788185235113,,554.7
6276,-2.3000000000000003,0,4,3,1,0.6727788185235113,,554.8
6277,-4.300000000000001,0,4,3,1,0.6727788185235113,,554.9
6278,-2.3000000000000003,0,4,3,1,0.6727788185235113,,554.9
6279,-4.300000000000001,0,4,3,1,0.6727788185235113,,555.0
6280,-2.3000000000000003,0,4,3,1,0.6727788185235113,,555.1
6281,-0.30000000000000004,0,4,3,1,0.6727788185235113,,555.1
6282,-5.6000000000000005,0,6,3,1,0.6727788185235113,,555.2
6283,-4.300000000000001,0,4,3,1,0.6727788185235113,,555.3
6284,-4.300000000000001,0,4,3,1,0.6727788185235113,,555.4
6285,-4.300000000000001,0,4,3,1,0.6727788185235113,,555.4
6286,-4.300000000000001,0,4,3,1,0.6727788185235113,,555.5
6287,-4.300000000000001,0,4,3,1,0.6727788185235113,,555.6
6288,-4.300000000000001,0,4,3,1,0.6727788185235113,,555.6
6289,-4.300000000000001,0,4,3,1,0.6727788185235113,,555.7
6290,-4.300000000000001,0,4,3,1,0.6727788185235113,,555.8
6291,-4.300000000000001,0,4,3,1,0.6727788185235113,,555.8
6292,-4.6000000000000005,0,6,3,1,0.6727788185235113,,555.9
6293,-4.300000000000001,0,4,3,1,0.6727788185235113,,556.0
6294,-4.300000000000001,0,4,3,1,0.6727788185235113,,556.0
6295,-3.4000000000000004,0,5,4,1,0.6727788185235113,,556.1
6296,-4.300000000000001,0,4,3,1,0.6727788185235113,,556.2
6297,5.7,1,4,3,1,0.6727788185235113,,556.3
6298,-0.30000000000000004,0,4,3,1,0.6727788185235113,,556.3
6299,-0.30000000000000004,0,4,3,1,0.6727788185235113,,556.4
6300,-2.3000000000000003,0,4,3,1,0.6727788185235113,,556.4
6301,-4.300000000000001,0,4,3,1,0.6727788185235113,,556.5
6302,-2.3000000000000003,0,4,3,1,0.6727788185235113,,556.6
6303,-4.300000000000001,0,4,3,1,0.6727788185235113,,556.7
6304,-0.30000000000000004,0,4,3,1,0.6727788185235113,,556.7
6305,-2.3000000000000003,0,4,3,1,0.6727788185235113,,556.8
6306,-4.300000000000001,0,4,3,1,0.6727788185235113,,556.9
6307,5.7,1,4,3,1,0.6727788185235113,,556.9
6308,5.7,1,4,3,1,0.6727788185235113,,557.0
6309,-2.3000000000000003,0,4,3,1,0.6727788185235113,,557.0
6310,-4.300000000000001,0,4,3,1,0.6727788185235113,,557.1
6311,5.7,1,4,3,1,0.6727788185235113,,557.2
6312,-4.300000000000001,0,4,3,1,0.6727788185235113,,557.2
6313,-4.300000000000001,0,4,3,1,0.6727788185235113,,557.3
6314,-4.300000000000001,0,4,3,1,0.6727788185235113,,557.3
6315,-4.300000000000001,0,4,3,1,0.6727788185235113,,557.4
6316,-2.3000000000000003,0,4,3,1,0.6727788185235113,,557.5
6317,-2.3000000000000003,0,4,3,1,0.6727788185235113,,557.5
6318,-4.300000000000001,0,4,3,1,0.6727788185235113,,557.6
6319,-4.300000000000001,0,4,3,1,0.6727788185235113,,557.7
6320,-4.300000000000001,0,4,3,1,0.6727788185235113,,557.8
6321,-2.3000000000000003,0,4,3,1,0.6727788185235113,,557.8
6322,-4.300000000000001,0,4,3,1,0.6727788185235113,,557.9
6323,-4.300000000000001,0,4,3,1,0.6727788185235113,,558.0
6324,-4.300000000000001,0,4,3,1,0.6727788185235113,,558.1
6325,-4.300000000000001,0,4,3,1,0.6727788185235113,,558.2
6326,-4.300000000000001,0,4,3,1,0.6727788185235113,,558.2
6327,5.7,1,4,3,1,0.6727788185235113,,558.2
6328,-5.6000000000000005,0,6,3,1,0.6727788185235113,,558.4
6329,-5.4,0,5,4,1,0.6727788185235113,,558.5
6330,-2.3000000000000003,0,4,3,1,0.6727788185235113,,558.5
6331,-2.3000000000000003,0,4,3,1,0.6727788185235113,,558.5
6332,5.7,1,4,3,1,0.6727788185235113,,558.6
6333,-0.30000000000000004,0,4,3,1,0.6727788185235113,,558.7
6334,-2.3000000000000003,0,4,3,1,0.6727788185235113,,558.8
6335,-4.300000000000001,0,4,3,1,0.6727788185235113,,558.8
6336,-4.300000000000001,0,4,3,1,0.6727788185235113,,558.9
6337,-4.300000000000001,0,4,3,1,0.6727788185235113,,559.0
6338,-4.300000000000001,0,4,3,1,0.6727788185235113,,559.1
6339,-4.300000000000001,0,4,3,1,0.6727788185235113,,559.1
6340,-4.300000000000001,0,4,3,1,0.6727788185235113,,559.2
6341,-2.3000000000000003,0,4,3,1,0.6727788185235113,,559.3
6342,5.7,1,4,3,1,0.6727788185235113,,559.4
6343,-3.6000000000000005,0,6,3,1,0.6727788185235113,,559.4
6344,-0.30000000000000004,0,4,3,1,0.6727788185235113,,559.4
6345,-4.300000000000001,0,4,3,1,0.6727788185235113,,559.5
6346,-4.300000000000001,0,4,3,1,0.6727788185235113,,559.6
6347,-2.3000000000000003,0,4,3,1,0.6727788185235113,,559.7
6348,-2.3000000000000003,0,4,3,1,0.6727788185235113,,559.7
6349,-4.300000000000001,0,4,3,1,0.6727788185235113,,559.8
6350,-3.6000000000000005,0,6,3,1,0.6727788185235113,,559.9
6351,-2.3000000000000003,0,4,3,1,0.6727788185235113,,559.9
6352,-4.300000000000001,0,4,3,1,0.6727788185235113,,560.0
6353,-4.300000000000001,0,4,3,1,0.6727788185235113,,560.0
6354,-2.3000000000000003,0,4,3,1,0.6727788185235113,,560.1
6355,-4.300000000000001,0,4,3,1,0.6727788185235113,,560.2
6356,5.7,1,4,3,1,0.6727788185235113,,560.3
6357,-4.300000000000001,0,4,3,1,0.6727788185235113,,560.4
6358,-4.300000000000001,0,4,3,1,0.6727788185235113,,560.4
6359,-2.3000000000000003,0,4,3,1,0.6727788185235113,,560.4
6360,-4.300000000000001,0,4,3,1,0.6727788185235113,,560.5
6361,-4.300000000000001,0,4,3,1,0.6727788185235113,,560.6
6362,-4.300000000000001,0,4,3,1,0.6727788185235113,,560.6
6363,-4.300000000000001,0,4,3,1,0.6727788185235113,,560.7
6364,-4.300000000000001,0,4,3,1,0.6727788185235113,,560.8
6365,-4.300000000000001,0,4,3,1,0.6727788185235113,,560.8
6366,-2.3000000000000003,0,4,3,1,0.6727788185235113,,560.9
6367,-2.3000000000000003,0,4,3,1,0.6727788185235113,,560.9
6368,-2.3000000000000003,0,4,3,1,0.6727788185235113,,561.0
6369,-2.3000000000000003,0,4,3,1,0.6727788185235113,,561.0
6370,-0.30000000000000004,0,4,3,1,0.6727788185235113,,561.1
6371,-4.300000000000001,0,4,3,1,0.6727788185235113,,561.2
6372,-2.3000000000000003,0,4,3,1,0.6727788185235113,,561.3
6373,-4.300000000000001,0,4,3,1,0.6727788185235113,,561.4
6374,-4.300000000000001,0,4,3,1,0.6727788185235113,,561.4
6375,-4.300000000000001,0,4,3,1,0.6727788185235113,,561.5
6376,-0.30000000000000004,0,4,3,1,0.6727788185235113,,561.5
6377,-4.300000000000001,0,4,3,1,0.6727788185235113,,561.6
6378,-4.300000000000001,0,4,3,1,0.6727788185235113,,561.7
6379,-4.300000000000001,0,4,3,1,0.6727788185235113,,561.7
6380,-2.3000000000000003,0,4,3,1,0.6727788185235113,,561.7
6381,5.7,1,4,3,1,0.6727788185235113,,561.8
6382,-4.300000000000001,0,4,3,1,0.6727788185235113,,561.9
6383,-4.300000000000001,0,4,3,1,0.6727788185235113,,561.9
6384,-4.300000000000001,0,4,3,1,0.6727788185235113,,562.0
6385,-4.300000000000001,0,4,3,1,0.6727788185235113,,562.1
6386,-4.300000000000001,0,4,3,1,0.6727788185235113,,562.1
6387,-0.30000000000000004,0,4,3,1,0.6727788185235113,,562.2
6388,-4.300000000000001,0,4,3,1,0.6727788185235113,,562.2
6389,-0.30000000000000004,0,4,3,1,0.6727788185235113,,562.3
6390,-5.4,0,5,4,1,0.6727788185235113,,562.4
6391,-4.300000000000001,0,4,3,1,0.6727788185235113,,562.5
6392,-4.300000000000001,0,4,3,1,0.6727788185235113,,562.6
6393,-4.300000000000001,0,4,3,1,0.6727788185235113,,562.7
6394,-4.300000000000001,0,4,3,1,0.6727788185235113,,562.7
6395,-0.30000000000000004,0,4,3,1,0.6727788185235113,,562.8
6396,-5.4,0,5,4,1,0.6727788185235113,,562.9
6397,-0.30000000000000004,0,4,3,1,0.6727788185235113,,563.0
6398,-2.3000000000000003,0,4,3,1,0.6727788185235113,,563.0
6399,5.7,1,4,3,1,0.6727788185235113,,563.1
6400,-2.3000000000000003,0,4,3,1,0.6727788185235113,,563.2
6401,5.7,1,4,3,1,0.6727788185235113,,563.2
6402,-4.300000000000001,0,4,3,1,0.6727788185235113,,563.3
6403,-4.300000000000001,0,4,3,1,0.6727788185235113,,563.4
6404,-4.300000000000001,0,4,3,1,0.6727788185235113,,563.5
6405,-4.300000000000001,0,4,3,1,0.6727788185235113,,563.6
6406,5.7,1,4,3,1,0.6727788185235113,,563.6
6407,-0.30000000000000004,0,4,3,1,0.6727788185235113,,563.7
6408,-4.300000000000001,0,4,3,1,0.6727788185235113,,563.8
6409,-4.300000000000001,0,4,3,1,0.6727788185235113,,563.8
6410,-4.300000000000001,0,4,3,1,0.6727788185235113,,563.9
6411,5.7,1,4,3,1,0.6727788185235113,,564.0
6412,-2.3000000000000003,0,4,3,1,0.6727788185235113,,564.0
6413,-4.300000000000001,0,4,3,1,0.6727788185235113,,564.1
6414,-2.3000000000000003,0,4,3,1,0.6727788185235113,,564.1
6415,-4.300000000000001,0,4,3,1,0.6727788185235113,,564.2
6416,-2.3000000000000003,0,4,3,1,0.6727788185235113,,564.2
6417,5.7,1,4,3,1,0.6727788185235113,,564.3
6418,-4.300000000000001,0,4,3,1,0.6727788185235113,,564.4
6419,-4.300000000000001,0,4,3,1,0.6727788185235113,,564.5
6420,-4.300000000000001,0,4,3,1,0.6727788185235113,,564.5
6421,-4.300000000000001,0,4,3,1,0.6727788185235113,,564.6
6422,5.7,1,4,3,1,0.6727788185235113,,564.7
6423,-5.4,0,5,4,1,0.6727788185235113,,564.7
6424,-4.300000000000001,0,4,3,1,0.6727788185235113,,564.8
6425,-4.300000000000001,0,4,3,1,0.6727788185235113,,564.8
6426,-4.300000000000001,0,4,3,1,0.6727788185235113,,564.9
6427,-4.300000000000001,0,4,3,1,0.6727788185235113,,564.9
6428,-2.3000000000000003,0,4,3,1,0.6727788185235113,,565.0
6429,5.7,1,4,3,1,0.6727788185235113,,565.0
6430,-4.300000000000001,0,4,3,1,0.6727788185235113,,565.1
6431,-4.300000000000001,0,4,3,1,0.6727788185235113,,565.2
6432,-4.300000000000001,0,4,3,1,0.6727788185235113,,565.3
6433,-4.300000000000001,0,4,3,1,0.6727788185235113,,565.4
6434,-4.300000000000001,0,4,3,1,0.6727788185235113,,565.4
6435,-0.30000000000000004,0,4,3,1,0.6727788185235113,,565.4
6436,5.7,1,4,3,1,0.6727788185235113,,565.5
6437,-4.300000000000001,0,4,3,1,0.6727788185235113,,565.6
6438,-4.300000000000001,0,4,3,1,0.6727788185235113,,565.6
6439,-4.300000000000001,0,4,3,1,0.6727788185235113,,565.7
6440,-4.300000000000001,0,4,3,1,0.6727788185235113,,565.8
6441,5.7,1,4,3,1,0.6727788185235113,,565.9
6442,-4.300000000000001,0,4,3,1,0.6727788185235113,,565.9
6443,-4.300000000000001,0,4,3,1,0.6727788185235113,,566.0
6444,-2.9000000000000004,0,8,3,1,0.6727788185235113,,566.0
6445,-0.30000000000000004,0,4,3,1,0.6727788185235113,,566.1
6446,-4.300000000000001,0,4,3,1,0.6727788185235113,,566.1
6447,-4.300000000000001,0,4,3,1,0.6727788185235113,,566.3
6448,-4.300000000000001,0,4,3,1,0.6727788185235113,,566.3
6449,-2.3000000000000003,0,4,3,1,0.6727788185235113,,566.4
6450,-4.300000000000001,0,4,3,1,0.6727788185235113,,566.5
6451,-4.300000000000001,0,4,3,1,0.6727788185235113,,566.5
6452,-4.300000000000001,0,4,3,1,0.6727788185235113,,566.6
6453,5.7,1,4,3,1,0.6727788185235113,,566.7
6454,-4.300000000000001,0,4,3,1,0.6727788185235113,,566.7
6455,-2.3000000000000003,0,4,3,1,0.6727788185235113,,566.8
6456,-4.300000000000001,0,4,3,1,0.6727788185235113,,566.9
6457,-2.3000000000000003,0,4,3,1,0.6727788185235113,,567.0
6458,-4.300000000000001,0,4,3,1,0.6727788185235113,,567.1
6459,5.7,1,4,3,1,0.6727788185235113,,567.1
6460,-0.6000000000000001,0,6,3,1,0.6727788185235113,,567.2
6461,-4.300000000000001,0,4,3,1,0.6727788185235113,,567.2
6462,-2.3000000000000003,0,4,3,1,0.6727788185235113,,567.3
6463,5.7,1,4,3,1,0.6727788185235113,,567.4
6464,-4.300000000000001,0,4,3,1,0.6727788185235113,,567.4
6465,-4.300000000000001,0,4,3,1,0.6727788185235113,,567.5
6466,-4.6000000000000005,0,6,3,1,0.6727788185235113,,567.6
6467,5.7,1,4,3,1,0.6727788185235113,,567.6
6468,-2.3000000000000003,0,4,3,1,0.6727788185235113,,567.7
6469,-4.300000000000001,0,4,3,1,0.6727788185235113,,567.8
6470,-4.300000000000001,0,4,3,1,0.6727788185235113,,567.8
6471,-4.300000000000001,0,4,3,1,0.6727788185235113,,567.9
6472,-0.6000000000000001,0,6,3,1,0.6727788185235113,,568.0
6473,-2.3000000000000003,0,4,3,1,0.6727788185235113,,568.0
6474,-4.300000000000001,0,4,3,1,0.6727788185235113,,568.1
6475,-4.300000000000001,0,4,3,1,0.6727788185235113,,568.2
6476,-4.300000000000001,0,4,3,1,0.6727788185235113,,568.3
6477,-4.300000000000001,0,4,3,1,0.6727788185235113,,568.4
6478,5.7,1,4,3,1,0.6727788185235113,,568.5
6479,-4.300000000000001,0,4,3,1,0.6727788185235113,,568.5
6480,5.7,1,4,3,1,0.6727788185235113,,568.6
6481,-4.300000000000001,0,4,3,1,0.6727788185235113,,568.7
6482,-4.300000000000001,0,4,3,1,0.6727788185235113,,568.8
6483,-4.300000000000001,0,4,3,1,0.6727788185235113,,568.8
6484,-4.300000000000001,0,4,3,1,0.6727788185235113,,568.9
6485,5.7,1,4,3,1,0.6727788185235113,,568.9
6486,-4.300000000000001,0,4,3,1,0.6727788185235113,,569.0
6487,-4.300000000000001,0,4,3,1,0.6727788185235113,,569.0
6488,-2.3000000000000003,0,4,3,1,0.6727788185235113,,569.1
6489,-4.300000000000001,0,4,3,1,0.6727788185235113,,569.2
6490,-4.300000000000001,0,4,3,1,0.6727788185235113,,569.2
6491,-4.300000000000001,0,4,3,1,0.6727788185235113,,569.3
6492,-4.300000000000001,0,4,3,1,0.6727788185235113,,569.4
6493,5.7,1,4,3,1,0.6727788185235113,,569.4
6494,-4.300000000000001,0,4,3,1,0.6727788185235113,,569.5
6495,-4.300000000000001,0,4,3,1,0.6727788185235113,,569.6
6496,-2.3000000000000003,0,4,3,1,0.6727788185235113,,569.6
6497,-4.300000000000001,0,4,3,1,0.6727788185235113,,569.7
6498,-0.30000000000000004,0,4,3,1,0.6727788185235113,,569.8
6499,-0.30000000000000004,0,4,3,1,0.6727788185235113,,569.8
6500,-4.300000000000001,0,4,3,1,0.6727788185235113,,569.9
6501,-0.30000000000000004,0,4,3,1,0.6727788185235113,,574.8
6502,-4.300000000000001,0,4,3,1,0.6727788185235113,,574.9
6503,-4.300000000000001,0,4,3,1,0.6727788185235113,,574.9
6504,-4.300000000000001,0,4,3,1,0.6727788185235113,,575.0
6505,-0.30000000000000004,0,4,3,1,0.6727788185235113,,575.1
6506,-4.300000000000001,0,4,3,1,0.6727788185235113,,575.2
6507,-4.300000000000001,0,4,3,1,0.6727788185235113,,575.3
6508,-4.300000000000001,0,4,3,1,0.6727788185235113,,575.3
6509,-4.300000000000001,0,4,3,1,0.6727788185235113,,575.4
6510,-0.30000000000000004,0,4,3,1,0.6727788185235113,,575.5
6511,-5.6000000000000005,0,6,3,1,0.6727788185235113,,575.6
6512,-4.300000000000001,0,4,3,1,0.6727788185235113,,575.6
6513,-4.300000000000001,0,4,3,1,0.6727788185235113,,575.7
6514,-4.300000000000001,0,4,3,1,0.6727788185235113,,575.7
6515,-4.300000000000001,0,4,3,1,0.6727788185235113,,575.8
6516,-4.300000000000001,0,4,3,1,0.6727788185235113,,575.9
6517,-4.300000000000001,0,4,3,1,0.6727788185235113,,575.9
6518,-4.300000000000001,0,4,3,1,0.6727788185235113,,576.0
6519,-4.300000000000001,0,4,3,1,0.6727788185235113,,576.1
6520,-4.300000000000001,0,4,3,1,0.6727788185235113,,576.1
6521,-4.300000000000001,0,4,3,1,0.6727788185235113,,576.2
6522,-4.300000000000001,0,4,3,1,0.6727788185235113,,576.3
6523,-4.300000000000001,0,4,3,1,0.6727788185235113,,576.4
6524,-4.300000000000001,0,4,3,1,0.6727788185235113,,576.5
6525,-4.300000000000001,0,4,3,1,0.6727788185235113,,576.5
6526,-4.300000000000001,0,4,3,1,0.6727788185235113,,576.6
6527,-4.300000000000001,0,4,3,1,0.6727788185235113,,576.7
6528,-4.300000000000001,0,4,3,1,0.6727788185235113,,576.8
6529,-4.300000000000001,0,4,3,1,0.6727788185235113,,576.8
6530,-4.300000000000001,0,4,3,1,0.6727788185235113,,576.9
6531,-4.300000000000001,0,4,3,1,0.6727788185235113,,577.0
6532,-4.300000000000001,0,4,3,1,0.6727788185235113,,577.1
6533,-4.300000000000001,0,4,3,1,0.6727788185235113,,577.2
6534,-2.3000000000000003,0,4,3,1,0.6727788185235113,,577.2
6535,-0.30000000000000004,0,4,3,1,0.6727788185235113,,577.3
6536,-4.300000000000001,0,4,3,1,0.6727788185235113,,577.3
6537,5.7,1,4,3,1,0.6727788185235113,,577.4
6538,-2.3000000000000003,0,4,3,1,0.6727788185235113,,577.5
6539,-0.30000000000000004,0,4,3,1,0.6727788185235113,,577.6
6540,-4.300000000000001,0,4,3,1,0.6727788185235113,,577.7
6541,-4.300000000000001,0,4,3,1,0.6727788185235113,,577.7
6542,-4.300000000000001,0,4,3,1,0.6727788185235113,,577.8
6543,-2.3000000000000003,0,4,3,1,0.6727788185235113,,577.9
6544,-4.300000000000001,0,4,3,1,0.6727788185235113,,578.0
6545,-0.30000000000000004,0,4,3,1,0.6727788185235113,,578.1
6546,-4.300000000000001,0,4,3,1,0.6727788185235113,,578.1
6547,-4.300000000000001,0,4,3,1,0.6727788185235113,,578.2
6548,-4.300000000000001,0,4,3,1,0.6727788185235113,,578.3
6549,-4.300000000000001,0,4,3,1,0.6727788185235113,,578.3
6550,-4.300000000000001,0,4,3,1,0.6727788185235113,,578.5
6551,-4.300000000000001,0,4,3,1,0.6727788185235113,,578.6
6552,-4.300000000000001,0,4,3,1,0.6727788185235113,,578.7
6553,-4.300000000000001,0,4,3,1,0.6727788185235113,,578.7
6554,-2.3000000000000003,0,4,3,1,0.6727788185235113,,578.7
6555,-4.300000000000001,0,4,3,1,0.6727788185235113,,578.8
6556,-4.300000000000001,0,4,3,1,0.6727788185235113,,578.9
6557,5.7,1,4,3,1,0.6727788185235113,,578.9
6558,-4.300000000000001,0,4,3,1,0.6727788185235113,,579.0
6559,-2.3000000000000003,0,4,3,1,0.6727788185235113,,579.1
6560,-0.30000000000000004,0,4,3,1,0.6727788185235113,,579.1
6561,-2.3000000000000003,0,4,3,1,0.6727788185235113,,579.2
6562,-0.30000000000000004,0,4,3,1,0.6727788185235113,,579.3
6563,-2.3000000000000003,0,4,3,1,0.6727788185235113,,579.3
6564,-0.30000000000000004,0,4,3,1,0.6727788185235113,,579.4
6565,-5.6000000000000005,0,6,3,1,0.6727788185235113,,579.5
6566,-4.300000000000001,0,4,3,1,0.6727788185235113,,579.5
6567,-4.300000000000001,0,4,3,1,0.6727788185235113,,579.6
6568,-0.30000000000000004,0,4,3,1,0.6727788185235113,,579.7
6569,-2.3000000000000003,0,4,3,1,0.6727788185235113,,579.8
6570,-0.30000000000000004,0,4,3,1,0.6727788185235113,,579.9
6571,-4.300000000000001,0,4,3,1,0.6727788185235113,,579.9
6572,-4.300000000000001,0,4,3,1,0.6727788185235113,,580.0
6573,5.7,1,4,3,1,0.6727788185235113,,580.1
6574,-5.6000000000000005,0,6,3,1,0.6727788185235113,,580.2
6575,-2.3000000000000003,0,4,3,1,0.6727788185235113,,580.3
6576,-2.3000000000000003,0,4,3,1,0.6727788185235113,,580.3
6577,-2.3000000000000003,0,4,3,1,0.6727788185235113,,580.3
6578,-4.300000000000001,0,4,3,1,0.676775086671114,1.5392182660289109,581.0
6579,5.7,1,4,3,1,0.676775086671114,,581.1
6580,-0.30000000000000004,0,4,3,1,0.676775086671114,,581.1
6581,5.7,1,4,3,1,0.676775086671114,,581.2
6582,-2.3000000000000003,0,4,3,1,0.676775086671114,,581.2
6583,-2.3000000000000003,0,4,3,1,0.676775086671114,,581.3
6584,-4.300000000000001,0,4,3,1,0.676775086671114,,581.4
6585,5.4,1,6,3,1,0.676775086671114,,581.5
6586,-0.30000000000000004,0,4,3,1,0.676775086671114,,581.5
6587,-4.300000000000001,0,4,3,1,0.676775086671114,,581.6
6588,5.7,1,4,3,1,0.676775086671114,,581.7
6589,-4.300000000000001,0,4,3,1,0.676775086671114,,581.7
6590,-4.300000000000001,0,4,3,1,0.676775086671114,,581.8
6591,-4.300000000000001,0,4,3,1,0.676775086671114,,581.8
6592,-4.300000000000001,0,4,3,1,0.676775086671114,,581.9
6593,-5.6000000000000005,0,6,3,1,0.676775086671114,,582.0
6594,5.7,1,4,3,1,0.676775086671114,,582.0
6595,-4.300000000000001,0,4,3,1,0.676775086671114,,582.1
6596,-4.300000000000001,0,4,3,1,0.676775086671114,,582.2
6597,-4.300000000000001,0,4,3,1,0.676775086671114,,582.2
6598,-0.30000000000000004,0,4,3,1,0.676775086671114,,582.3
6599,-0.30000000000000004,0,4,3,1,0.676775086671114,,582.3
6600,-2.3000000000000003,0,4,3,1,0.676775086671114,,582.4
6601,5.7,1,4,3,1,0.676775086671114,,582.5
6602,-2.3000000000000003,0,4,3,1,0.676775086671114,,582.5
6603,-4.300000000000001,0,4,3,1,0.676775086671114,,582.6
6604,-4.300000000000001,0,4,3,1,0.676775086671114,,582.7
6605,-4.300000000000001,0,4,3,1,0.676775086671114,,582.7
6606,-4.300000000000001,0,4,3,1,0.676775086671114,,582.8
6607,5.7,1,4,3,1,0.676775086671114,,582.8
6608,-4.300000000000001,0,4,3,1,0.676775086671114,,582.9
6609,-0.30000000000000004,0,4,3,1,0.676775086671114,,582.9
6610,5.7,1,4,3,1,0.676775086671114,,583.0
6611,5.7,1,4,3,1,0.676775086671114,,583.1
6612,-4.300000000000001,0,4,3,1,0.676775086671114,,583.2
6613,-4.300000000000001,0,4,3,1,0.676775086671114,,583.3
6614,-2.3000000000000003,0,4,3,1,0.676775086671114,,583.4
6615,-4.300000000000001,0,4,3,1,0.676775086671114,,583.5
6616,5.7,1,4,3,1,0.676775086671114,,583.6
6617,-4.300000000000001,0,4,3,1,0.676775086671114,,583.6
6618,-4.300000000000001,0,4,3,1,0.676775086671114,,583.7
6619,-0.30000000000000004,0,4,3,1,0.676775086671114,,583.8
6620,-4.300000000000001,0,4,3,1,0.676775086671114,,583.8
6621,-4.300000000000001,0,4,3,1,0.676775086671114,,583.9
6622,-4.300000000000001,0,4,3,1,0.676775086671114,,583.9
6623,-2.3000000000000003,0,4,3,1,0.676775086671114,,584.0
6624,-4.300000000000001,0,4,3,1,0.676775086671114,,584.1
6625,5.7,1,4,3,1,0.676775086671114,,584.1
6626,-4.300000000000001,0,4,3,1,0.676775086671114,,584.2
6627,-0.30000000000000004,0,4,3,1,0.676775086671114,,584.3
6628,-2.3000000000000003,0,4,3,1,0.676775086671114,,584.3
6629,-4.300000000000001,0,4,3,1,0.676775086671114,,584.4
6630,-2.3000000000000003,0,4,3,1,0.676775086671114,,584.5
6631,5.7,1,4,3,1,0.676775086671114,,584.5
6632,-5.6000000000000005,0,6,3,1,0.676775086671114,,584.6
6633,-2.3000000000000003,0,4,3,1,0.676775086671114,,584.7
6634,5.7,1,4,3,1,0.676775086671114,,584.8
6635,-2.3000000000000003,0,4,3,1,0.676775086671114,,584.8
6636,-2.3000000000000003,0,4,3,1,0.676775086671114,,584.9
6637,-4.300000000000001,0,4,3,1,0.676775086671114,,584.9
6638,-4.300000000000001,0,4,3,1,0.676775086671114,,585.0
6639,-4.300000000000001,0,4,3,1,0.676775086671114,,585.0
6640,-4.300000000000001,0,4,3,1,0.676775086671114,,585.1
6641,-4.300000000000001,0,4,3,1,0.676775086671114,,585.2
6642,-4.300000000000001,0,4,3,1,0.676775086671114,,585.3
6643,-4.300000000000001,0,4,3,1,0.676775086671114,,585.3
6644,-4.300000000000001,0,4,3,1,0.676775086671114,,585.4
6645,-4.300000000000001,0,4,3,1,0.676775086671114,,585.5
6646,-4.300000000000001,0,4,3,1,0.676775086671114,,585.6
6647,-4.300000000000001,0,4,3,1,0.676775086671114,,585.6
6648,-4.300000000000001,0,4,3,1,0.676775086671114,,585.7
6649,-4.300000000000001,0,4,3,1,0.676775086671114,,585.8
6650,-4.300000000000001,0,4,3,1,0.676775086671114,,585.9
6651,-2.3000000000000003,0,4,3,1,0.676775086671114,,585.9
6652,-2.3000000000000003,0,4,3,1,0.676775086671114,,586.0
6653,5.7,1,4,3,1,0.676775086671114,,586.1
6654,-0.30000000000000004,0,4,3,1,0.676775086671114,,586.2
6655,5.7,1,4,3,1,0.676775086671114,,586.2
6656,-4.300000000000001,0,4,3,1,0.676775086671114,,586.3
6657,-4.300000000000001,0,4,3,1,0.676775086671114,,586.4
6658,-3.4000000000000004,0,5,4,1,0.676775086671114,,586.4
6659,-5.4,0,5,4,1,0.676775086671114,,586.5
6660,-2.3000000000000003,0,4,3,1,0.676775086671114,,586.6
6661,-2.3000000000000003,0,4,3,1,0.676775086671114,,586.6
6662,-4.300000000000001,0,4,3,1,0.676775086671114,,586.7
6663,-0.30000000000000004,0,4,3,1,0.676775086671114,,586.8
6664,-2.3000000000000003,0,4,3,1,0.676775086671114,,586.9
6665,6.6,1,5,4,1,0.676775086671114,,586.9
6666,5.7,1,4,3,1,0.676775086671114,,587.0
6667,-4.300000000000001,0,4,3,1,0.676775086671114,,587.1
6668,-4.300000000000001,0,4,3,1,0.676775086671114,,587.2
6669,-4.300000000000001,0,4,3,1,0.676775086671114,,587.2
6670,-2.3000000000000003,0,4,3,1,0.676775086671114,,587.3
6671,-4.300000000000001,0,4,3,1,0.676775086671114,,587.3
6672,-4.300000000000001,0,4,3,1,0.676775086671114,,587.4
6673,-4.300000000000001,0,4,3,1,0.676775086671114,,587.4
6674,5.7,1,4,3,1,0.676775086671114,,587.5
6675,-4.300000000000001,0,4,3,1,0.676775086671114,,587.6
6676,-0.6000000000000001,0,6,3,1,0.676775086671114,,587.6
6677,-4.300000000000001,0,4,3,1,0.676775086671114,,587.7
6678,-4.300000000000001,0,4,3,1,0.676775086671114,,587.8
6679,-2.3000000000000003,0,4,3,1,0.676775086671114,,587.9
6680,-2.3000000000000003,0,4,3,1,0.676775086671114,,587.9
6681,-2.3000000000000003,0,4,3,1,0.676775086671114,,588.0
6682,5.7,1,4,3,1,0.676775086671114,,588.1
6683,-4.300000000000001,0,4,3,1,0.676775086671114,,588.2
6684,5.7,1,4,3,1,0.676775086671114,,588.3
6685,-4.300000000000001,0,4,3,1,0.676775086671114,,588.3
6686,-2.3000000000000003,0,4,3,1,0.676775086671114,,588.4
6687,-4.300000000000001,0,4,3,1,0.676775086671114,,588.4
6688,-2.3000000000000003,0,4,3,1,0.676775086671114,,588.5
6689,-4.300000000000001,0,4,3,1,0.676775086671114,,588.6
6690,-4.300000000000001,0,4,3,1,0.676775086671114,,588.6
6691,-4.300000000000001,0,4,3,1,0.676775086671114,,588.7
6692,-4.300000000000001,0,4,3,1,0.676775086671114,,588.8
6693,5.7,1,4,3,1,0.676775086671114,,588.9
6694,-4.300000000000001,0,4,3,1,0.676775086671114,,589.0
6695,0.6000000000000001,0,5,4,1,0.676775086671114,,589.0
6696,-2.3000000000000003,0,4,3,1,0.676775086671114,,589.0
6697,-4.300000000000001,0,4,3,1,0.676775086671114,,589.1
6698,-2.3000000000000003,0,4,3,1,0.676775086671114,,589.2
6699,-2.3000000000000003,0,4,3,1,0.676775086671114,,589.2
6700,-4.300000000000001,0,4,3,1,0.676775086671114,,589.3
6701,-4.300000000000001,0,4,3,1,0.676775086671114,,589.4
6702,-4.300000000000001,0,4,3,1,0.676775086671114,,589.4
6703,-4.300000000000001,0,4,3,1,0.676775086671114,,589.5
6704,-4.300000000000001,0,4,3,1,0.676775086671114,,589.6
6705,-2.3000000000000003,0,4,3,1,0.676775086671114,,589.6
6706,-0.30000000000000004,0,4,3,1,0.676775086671114,,589.7
6707,-4.300000000000001,0,4,3,1,0.676775086671114,,589.8
6708,-4.300000000000001,0,4,3,1,0.676775086671114,,589.9
6709,-4.300000000000001,0,4,3,1,0.676775086671114,,590.0
6710,-4.6,0,6,3,1,0.676775086671114,,590.0
6711,-2.3000000000000003,0,4,3,1,0.676775086671114,,590.0
6712,-4.300000000000001,0,4,3,1,0.676775086671114,,590.1
6713,5.7,1,4,3,1,0.676775086671114,,590.1
6714,-4.300000000000001,0,4,3,1,0.676775086671114,,590.2
6715,-4.300000000000001,0,4,3,1,0.676775086671114,,590.3
6716,-0.30000000000000004,0,4,3,1,0.676775086671114,,590.3
6717,-4.300000000000001,0,4,3,1,0.676775086671114,,590.4
6718,-0.30000000000000004,0,4,3,1,0.676775086671114,,590.5
6719,-0.30000000000000004,0,4,3,1,0.676775086671114,,590.5
6720,-0.30000000000000004,0,4,3,1,0.676775086671114,,590.6
6721,-4.300000000000001,0,4,3,1,0.676775086671114,,590.6
6722,-2.3000000000000003,0,4,3,1,0.676775086671114,,590.7
6723,-4.300000000000001,0,4,3,1,0.676775086671114,,590.8
6724,-4.300000000000001,0,4,3,1,0.676775086671114,,590.8
6725,-4.300000000000001,0,4,3,1,0.676775086671114,,590.8
6726,-4.300000000000001,0,4,3,1,0.676775086671114,,590.9
6727,-4.300000000000001,0,4,3,1,0.676775086671114,,591.0
6728,-5.6000000000000005,0,6,3,1,0.676775086671114,,591.1
6729,-4.300000000000001,0,4,3,1,0.676775086671114,,591.1
6730,-4.300000000000001,0,4,3,1,0.676775086671114,,591.2
6731,5.7,1,4,3,1,0.676775086671114,,591.3
6732,-4.300000000000001,0,4,3,1,0.676775086671114,,591.3
6733,-4.300000000000001,0,4,3,1,0.676775086671114,,591.4
6734,-4.300000000000001,0,4,3,1,0.676775086671114,,591.5
6735,-4.300000000000001,0,4,3,1,0.676775086671114,,591.6
6736,-0.30000000000000004,0,4,3,1,0.676775086671114,,591.7
6737,-4.300000000000001,0,4,3,1,0.676775086671114,,591.7
6738,-4.300000000000001,0,4,3,1,0.676775086671114,,591.8
6739,-2.3000000000000003,0,4,3,1,0.676775086671114,,591.8
6740,-4.300000000000001,0,4,3,1,0.676775086671114,,591.9
6741,-0.30000000000000004,0,4,3,1,0.676775086671114,,592.0
6742,-4.300000000000001,0,4,3,1,0.676775086671114,,592.0
6743,-4.300000000000001,0,4,3,1,0.676775086671114,,592.1
6744,-2.3000000000000003,0,4,3,1,0.676775086671114,,592.1
6745,-4.300000000000001,0,4,3,1,0.676775086671114,,592.2
6746,-4.300000000000001,0,4,3,1,0.676775086671114,,592.3
6747,5.7,1,4,3,1,0.676775086671114,,592.3
6748,-4.300000000000001,0,4,3,1,0.676775086671114,,592.4
6749,5.7,1,4,3,1,0.676775086671114,,592.5
6750,-5.9,0,8,3,1,0.676775086671114,,592.6
6751,-0.30000000000000004,0,4,3,1,0.676775086671114,,592.7
6752,5.7,1,4,3,1,0.676775086671114,,592.7
6753,-4.300000000000001,0,4,3,1,0.676775086671114,,592.8
6754,-4.300000000000001,0,4,3,1,0.676775086671114,,592.9
6755,5.7,1,4,3,1,0.676775086671114,,592.9
6756,-4.300000000000001,0,4,3,1,0.676775086671114,,593.0
6757,-2.3000000000000003,0,4,3,1,0.676775086671114,,593.1
6758,-2.3000000000000003,0,4,3,1,0.676775086671114,,593.1
6759,5.7,1,4,3,1,0.676775086671114,,593.3
6760,-2.3000000000000003,0,4,3,1,0.676775086671114,,593.3
6761,-4.300000000000001,0,4,3,1,0.676775086671114,,593.3
6762,-0.30000000000000004,0,4,3,1,0.676775086671114,,593.4
6763,-4.300000000000001,0,4,3,1,0.676775086671114,,593.5
6764,-4.300000000000001,0,4,3,1,0.676775086671114,,593.5
6765,-2.3000000000000003,0,4,3,1,0.676775086671114,,593.6
6766,-2.3000000000000003,0,4,3,1,0.676775086671114,,593.7
6767,-0.30000000000000004,0,4,3,1,0.676775086671114,,593.7
6768,-4.300000000000001,0,4,3,1,0.676775086671114,,593.8
6769,5.7,1,4,3,1,0.676775086671114,,593.9
6770,-2.3000000000000003,0,4,3,1,0.676775086671114,,593.9
6771,-4.300000000000001,0,4,3,1,0.676775086671114,,594.0
6772,-2.3000000000000003,0,4,3,1,0.676775086671114,,594.1
6773,-0.30000000000000004,0,4,3,1,0.676775086671114,,594.2
6774,-4.300000000000001,0,4,3,1,0.676775086671114,,594.3
6775,-4.300000000000001,0,4,3,1,0.676775086671114,,594.3
6776,-4.300000000000001,0,4,3,1,0.676775086671114,,594.4
6777,5.7,1,4,3,1,0.676775086671114,,594.5
6778,-4.300000000000001,0,4,3,1,0.676775086671114,,594.5
6779,-2.3000000000000003,0,4,3,1,0.676775086671114,,594.6
6780,-4.300000000000001,0,4,3,1,0.676775086671114,,594.7
6781,-0.30000000000000004,0,4,3,1,0.676775086671114,,594.7
6782,-0.30000000000000004,0,4,3,1,0.676775086671114,,594.8
6783,-4.300000000000001,0,4,3,1,0.676775086671114,,594.8
6784,-4.300000000000001,0,4,3,1,0.676775086671114,,594.9
6785,-4.6000000000000005,0,6,3,1,0.676775086671114,,595.0
6786,5.7,1,4,3,1,0.676775086671114,,595.0
6787,-4.300000000000001,0,4,3,1,0.676775086671114,,595.1
6788,-4.300000000000001,0,4,3,1,0.676775086671114,,595.1
6789,-1.6,0,6,3,1,0.676775086671114,,595.2
6790,-5.6000000000000005,0,6,3,1,0.676775086671114,,595.3
6791,5.7,1,4,3,1,0.676775086671114,,595.4
6792,-4.300000000000001,0,4,3,1,0.676775086671114,,595.5
6793,-4.300000000000001,0,4,3,1,0.676775086671114,,595.6
6794,-4.300000000000001,0,4,3,1,0.676775086671114,,595.6
6795,-4.300000000000001,0,4,3,1,0.676775086671114,,595.7
6796,-4.300000000000001,0,4,3,1,0.676775086671114,,595.7
6797,-4.300000000000001,0,4,3,1,0.676775086671114,,595.8
6798,-4.300000000000001,0,4,3,1,0.676775086671114,,595.9
6799,-4.300000000000001,0,4,3,1,0.676775086671114,,596.0
6800,-2.3000000000000003,0,4,3,1,0.676775086671114,,596.0
6801,5.7,1,4,3,1,0.676775086671114,,596.1
6802,-4.300000000000001,0,4,3,1,0.676775086671114,,596.1
6803,-2.3000000000000003,0,4,3,1,0.676775086671114,,596.2
6804,-0.30000000000000004,0,4,3,1,0.676775086671114,,596.2
6805,-4.300000000000001,0,4,3,1,0.676775086671114,,596.3
6806,-4.300000000000001,0,4,3,1,0.676775086671114,,596.3
6807,-2.3000000000000003,0,4,3,1,0.676775086671114,,596.4
6808,-4.300000000000001,0,4,3,1,0.676775086671114,,596.5
6809,-2.3000000000000003,0,4,3,1,0.676775086671114,,596.6
6810,-4.300000000000001,0,4,3,1,0.676775086671114,,596.6
6811,-4.300000000000001,0,4,3,1,0.676775086671114,,596.7
6812,-0.30000000000000004,0,4,3,1,0.676775086671114,,596.7
6813,-4.300000000000001,0,4,3,1,0.676775086671114,,596.8
6814,5.7,1,4,3,1,0.676775086671114,,596.8
6815,-4.300000000000001,0,4,3,1,0.676775086671114,,596.9
6816,-4.6000000000000005,0,6,3,1,0.676775086671114,,596.9
6817,-4.300000000000001,0,4,3,1,0.676775086671114,,597.0
6818,-4.300000000000001,0,4,3,1,0.676775086671114,,597.1
6819,-4.300000000000001,0,4,3,1,0.676775086671114,,597.1
6820,-2.3000000000000003,0,4,3,1,0.676775086671114,,597.2
6821,-2.3000000000000003,0,4,3,1,0.676775086671114,,597.2
6822,-4.300000000000001,0,4,3,1,0.676775086671114,,597.3
6823,-2.3000000000000003,0,4,3,1,0.676775086671114,,597.4
6824,5.7,1,4,3,1,0.676775086671114,,597.4
6825,5.7,1,4,3,1,0.676775086671114,,597.5
6826,-4.6000000000000005,0,6,3,1,0.676775086671114,,597.6
6827,-2.3000000000000003,0,4,3,1,0.676775086671114,,597.6
6828,5.7,1,4,3,1,0.676775086671114,,597.7
6829,-4.6000000000000005,0,6,3,1,0.676775086671114,,597.8
6830,-4.300000000000001,0,4,3,1,0.676775086671114,,597.9
6831,-4.300000000000001,0,4,3,1,0.676775086671114,,598.0
6832,5.7,1,4,3,1,0.676775086671114,,598.0
6833,5.7,1,4,3,1,0.676775086671114,,598.1
6834,-4.300000000000001,0,4,3,1,0.676775086671114,,598.1
6835,-4.300000000000001,0,4,3,1,0.676775086671114,,598.2
6836,5.7,1,4,3,1,0.676775086671114,,598.2
6837,-4.300000000000001,0,4,3,1,0.676775086671114,,598.3
6838,-4.300000000000001,0,4,3,1,0.676775086671114,,598.3
6839,-4.300000000000001,0,4,3,1,0.676775086671114,,598.4
6840,-4.300000000000001,0,4,3,1,0.676775086671114,,598.5
6841,-0.30000000000000004,0,4,3,1,0.676775086671114,,598.6
6842,-4.300000000000001,0,4,3,1,0.676775086671114,,598.6
6843,5.7,1,4,3,1,0.676775086671114,,598.7
6844,-4.300000000000001,0,4,3,1,0.676775086671114,,598.8
6845,-4.300000000000001,0,4,3,1,0.676775086671114,,598.8
6846,-4.300000000000001,0,4,3,1,0.676775086671114,,598.9
6847,-4.300000000000001,0,4,3,1,0.676775086671114,,598.9
6848,-4.300000000000001,0,4,3,1,0.676775086671114,,599.0
6849,-2.3000000000000003,0,4,3,1,0.676775086671114,,599.1
6850,4.4,1,6,3,1,0.676775086671114,,599.2
6851,-3.6000000000000005,0,6,3,1,0.676775086671114,,599.2
6852,-4.300000000000001,0,4,3,1,0.676775086671114,,599.3
6853,-2.3000000000000003,0,4,3,1,0.676775086671114,,599.4
6854,-4.300000000000001,0,4,3,1,0.676775086671114,,599.4
6855,-4.300000000000001,0,4,3,1,0.676775086671114,,599.5
6856,-4.300000000000001,0,4,3,1,0.676775086671114,,599.6
6857,-4.300000000000001,0,4,3,1,0.676775086671114,,599.6
6858,-4.300000000000001,0,4,3,1,0.676775086671114,,599.6
6859,-4.300000000000001,0,4,3,1,0.676775086671114,,599.7
6860,-4.300000000000001,0,4,3,1,0.676775086671114,,599.8
6861,-4.300000000000001,0,4,3,1,0.676775086671114,,599.8
6862,-0.30000000000000004,0,4,3,1,0.676775086671114,,599.9
6863,-0.30000000000000004,0,4,3,1,0.676775086671114,,599.9
6864,-4.300000000000001,0,4,3,1,0.676775086671114,,600.0
6865,5.7,1,4,3,1,0.676775086671114,,600.1
6866,-4.300000000000001,0,4,3,1,0.676775086671114,,600.1
6867,5.7,1,4,3,1,0.676775086671114,,600.1
6868,-4.300000000000001,0,4,3,1,0.676775086671114,,600.2
6869,-4.300000000000001,0,4,3,1,0.676775086671114,,600.3
6870,-4.300000000000001,0,4,3,1,0.676775086671114,,600.3
6871,-4.300000000000001,0,4,3,1,0.676775086671114,,600.4
6872,-4.300000000000001,0,4,3,1,0.676775086671114,,600.5
6873,-4.300000000000001,0,4,3,1,0.676775086671114,,600.5
6874,-4.300000000000001,0,4,3,1,0.676775086671114,,600.6
6875,-2.3000000000000003,0,4,3,1,0.676775086671114,,600.6
6876,-2.3000000000000003,0,4,3,1,0.676775086671114,,600.7
6877,5.7,1,4,3,1,0.676775086671114,,600.8
6878,-2.3000000000000003,0,4,3,1,0.676775086671114,,600.8
6879,-4.300000000000001,0,4,3,1,0.676775086671114,,600.9
6880,-4.300000000000001,0,4,3,1,0.676775086671114,,601.0
6881,-4.6000000000000005,0,6,3,1,0.676775086671114,,601.0
6882,-4.300000000000001,0,4,3,1,0.676775086671114,,601.1
6883,-4.300000000000001,0,4,3,1,0.676775086671114,,601.2
6884,-3.4000000000000004,0,5,4,1,0.676775086671114,,601.2
6885,-4.300000000000001,0,4,3,1,0.676775086671114,,601.3
6886,-2.3000000000000003,0,4,3,1,0.676775086671114,,601.4
6887,-5.4,0,5,4,1,0.676775086671114,,601.5
6888,-4.300000000000001,0,4,3,1,0.676775086671114,,601.5
6889,-4.300000000000001,0,4,3,1,0.676775086671114,,601.6
6890,-4.300000000000001,0,4,3,1,0.676775086671114,,601.6
6891,-0.30000000000000004,0,4,3,1,0.676775086671114,,601.7
6892,-4.300000000000001,0,4,3,1,0.676775086671114,,601.8
6893,-4.300000000000001,0,4,3,1,0.676775086671114,,601.8
6894,5.7,1,4,3,1,0.676775086671114,,601.9
6895,-4.300000000000001,0,4,3,1,0.676775086671114,,601.9
6896,-4.300000000000001,0,4,3,1,0.676775086671114,,602.0
6897,-2.3000000000000003,0,4,3,1,0.676775086671114,,602.1
6898,-4.300000000000001,0,4,3,1,0.676775086671114,,602.2
6899,5.7,1,4,3,1,0.676775086671114,,602.2
6900,-2.3000000000000003,0,4,3,1,0.676775086671114,,602.3
6901,-2.3000000000000003,0,4,3,1,0.676775086671114,,602.4
6902,-2.3000000000000003,0,4,3,1,0.676775086671114,,602.4
6903,-2.3000000000000003,0,4,3,1,0.676775086671114,,602.5
6904,-2.3000000000000003,0,4,3,1,0.676775086671114,,602.5
6905,5.7,1,4,3,1,0.676775086671114,,602.6
6906,-4.300000000000001,0,4,3,1,0.676775086671114,,602.7
6907,5.7,1,4,3,1,0.676775086671114,,602.7
6908,-2.3000000000000003,0,4,3,1,0.676775086671114,,602.7
6909,-0.30000000000000004,0,4,3,1,0.676775086671114,,602.8
6910,-4.300000000000001,0,4,3,1,0.676775086671114,,602.9
6911,-4.300000000000001,0,4,3,1,0.676775086671114,,602.9
6912,-2.3000000000000003,0,4,3,1,0.676775086671114,,603.0
6913,-4.300000000000001,0,4,3,1,0.676775086671114,,603.1
6914,-4.300000000000001,0,4,3,1,0.676775086671114,,603.2
6915,-4.300000000000001,0,4,3,1,0.676775086671114,,603.2
6916,-4.300000000000001,0,4,3,1,0.676775086671114,,603.3
6917,-4.300000000000001,0,4,3,1,0.676775086671114,,603.4
6918,-2.3000000000000003,0,4,3,1,0.676775086671114,,603.4
6919,-0.6000000000000001,0,6,3,1,0.676775086671114,,603.5
6920,5.7,1,4,3,1,0.676775086671114,,603.6
6921,-4.300000000000001,0,4,3,1,0.676775086671114,,603.7
6922,-4.300000000000001,0,4,3,1,0.676775086671114,,603.8
6923,-4.300000000000001,0,4,3,1,0.676775086671114,,603.8
6924,-2.3000000000000003,0,4,3,1,0.676775086671114,,603.9
6925,-0.30000000000000004,0,4,3,1,0.676775086671114,,603.9
6926,-2.3000000000000003,0,4,3,1,0.676775086671114,,604.0
6927,-4.300000000000001,0,4,3,1,0.676775086671114,,604.1
6928,-4.300000000000001,0,4,3,1,0.676775086671114,,604.1
6929,-4.300000000000001,0,4,3,1,0.676775086671114,,604.2
6930,-4.300000000000001,0,4,3,1,0.676775086671114,,604.2
6931,-4.300000000000001,0,4,3,1,0.676775086671114,,604.3
6932,-4.300000000000001,0,4,3,1,0.676775086671114,,604.4
6933,-4.300000000000001,0,4,3,1,0.676775086671114,,604.5
6934,-4.300000000000001,0,4,3,1,0.676775086671114,,604.5
6935,5.7,1,4,3,1,0.676775086671114,,604.6
6936,-4.300000000000001,0,4,3,1,0.676775086671114,,604.6
6937,-4.300000000000001,0,4,3,1,0.676775086671114,,604.7
6938,-4.300000000000001,0,4,3,1,0.676775086671114,,604.8
6939,-4.300000000000001,0,4,3,1,0.676775086671114,,604.8
6940,-4.300000000000001,0,4,3,1,0.676775086671114,,604.9
6941,-4.300000000000001,0,4,3,1,0.676775086671114,,605.0
6942,-4.300000000000001,0,4,3,1,0.676775086671114,,605.1
6943,-4.300000000000001,0,4,3,1,0.676775086671114,,605.1
6944,-2.3000000000000003,0,4,3,1,0.676775086671114,,605.2
6945,-4.300000000000001,0,4,3,1,0.676775086671114,,605.3
6946,-4.300000000000001,0,4,3,1,0.676775086671114,,605.4
6947,-2.3000000000000003,0,4,3,1,0.676775086671114,,605.5
6948,-4.300000000000001,0,4,3,1,0.676775086671114,,605.5
6949,-4.300000000000001,0,4,3,1,0.676775086671114,,605.6
6950,-4.300000000000001,0,4,3,1,0.676775086671114,,605.7
6951,-4.300000000000001,0,4,3,1,0.676775086671114,,605.8
6952,-4.300000000000001,0,4,3,1,0.676775086671114,,605.9
6953,-4.300000000000001,0,4,3,1,0.676775086671114,,605.9
6954,-4.300000000000001,0,4,3,1,0.676775086671114,,606.0
6955,-4.300000000000001,0,4,3,1,0.676775086671114,,606.0
6956,-2.3000000000000003,0,4,3,1,0.676775086671114,,606.1
6957,-0.30000000000000004,0,4,3,1,0.676775086671114,,606.2
6958,-4.300000000000001,0,4,3,1,0.676775086671114,,606.3
6959,-4.300000000000001,0,4,3,1,0.676775086671114,,606.4
6960,5.7,1,4,3,1,0.676775086671114,,606.4
6961,-4.300000000000001,0,4,3,1,0.676775086671114,,606.5
6962,-2.3000000000000003,0,4,3,1,0.676775086671114,,606.6
6963,5.7,1,4,3,1,0.676775086671114,,606.6
6964,-4.300000000000001,0,4,3,1,0.676775086671114,,606.7
6965,5.7,1,4,3,1,0.676775086671114,,606.8
6966,-2.3000000000000003,0,4,3,1,0.676775086671114,,606.8
6967,-4.300000000000001,0,4,3,1,0.676775086671114,,606.9
6968,-4.300000000000001,0,4,3,1,0.676775086671114,,606.9
6969,-4.300000000000001,0,4,3,1,0.676775086671114,,607.0
6970,-0.30000000000000004,0,4,3,1,0.676775086671114,,607.0
6971,-4.300000000000001,0,4,3,1,0.676775086671114,,607.1
6972,-4.300000000000001,0,4,3,1,0.676775086671114,,607.2
6973,5.7,1,4,3,1,0.676775086671114,,607.3
6974,-0.30000000000000004,0,4,3,1,0.676775086671114,,607.3
6975,-4.300000000000001,0,4,3,1,0.676775086671114,,607.4
6976,-4.300000000000001,0,4,3,1,0.676775086671114,,607.5
6977,-4.300000000000001,0,4,3,1,0.676775086671114,,607.6
6978,-4.300000000000001,0,4,3,1,0.676775086671114,,607.6
6979,-4.6,0,6,3,1,0.676775086671114,,607.7
6980,-4.300000000000001,0,4,3,1,0.676775086671114,,607.7
6981,-4.300000000000001,0,4,3,1,0.676775086671114,,607.8
6982,-4.300000000000001,0,4,3,1,0.676775086671114,,607.8
6983,-4.300000000000001,0,4,3,1,0.676775086671114,,607.9
6984,-2.3000000000000003,0,4,3,1,0.676775086671114,,608.0
6985,-2.3000000000000003,0,4,3,1,0.676775086671114,,608.0
6986,-4.300000000000001,0,4,3,1,0.676775086671114,,608.1
6987,-2.3000000000000003,0,4,3,1,0.676775086671114,,608.2
6988,-4.300000000000001,0,4,3,1,0.676775086671114,,608.2
6989,-2.3000000000000003,0,4,3,1,0.676775086671114,,608.3
6990,-2.3000000000000003,0,4,3,1,0.676775086671114,,608.4
6991,-4.300000000000001,0,4,3,1,0.676775086671114,,608.5
6992,4.4,1,6,3,1,0.676775086671114,,608.6
6993,-4.300000000000001,0,4,3,1,0.676775086671114,,608.6
6994,-4.300000000000001,0,4,3,1,0.676775086671114,,608.6
6995,-2.3000000000000003,0,4,3,1,0.676775086671114,,608.7
6996,-0.30000000000000004,0,4,3,1,0.676775086671114,,608.8
6997,-0.30000000000000004,0,4,3,1,0.676775086671114,,608.9
6998,5.7,1,4,3,1,0.676775086671114,,608.9
6999,-4.300000000000001,0,4,3,1,0.676775086671114,,609.0
7000,-0.30000000000000004,0,4,3,1,0.676775086671114,,609.0
7001,-5.4,0,5,4,1,0.676775086671114,,614.2
7002,-4.300000000000001,0,4,3,1,0.676775086671114,,614.3
7003,-0.30000000000000004,0,4,3,1,0.676775086671114,,614.3
7004,-0.30000000000000004,0,4,3,1,0.676775086671114,,614.4
7005,5.7,1,4,3,1,0.676775086671114,,614.4
7006,-2.3000000000000003,0,4,3,1,0.676775086671114,,614.5
7007,-2.3000000000000003,0,4,3,1,0.676775086671114,,614.5
7008,-2.3000000000000003,0,4,3,1,0.676775086671114,,614.6
7009,-2.3000000000000003,0,4,3,1,0.676775086671114,,614.7
7010,-4.300000000000001,0,4,3,1,0.676775086671114,,614.7
7011,-4.300000000000001,0,4,3,1,0.676775086671114,,614.8
7012,-4.300000000000001,0,4,3,1,0.676775086671114,,614.9
7013,-4.300000000000001,0,4,3,1,0.676775086671114,,614.9
7014,-0.30000000000000004,0,4,3,1,0.676775086671114,,615.0
7015,-4.300000000000001,0,4,3,1,0.676775086671114,,615.1
7016,-4.300000000000001,0,4,3,1,0.676775086671114,,615.2
7017,-4.300000000000001,0,4,3,1,0.676775086671114,,615.3
7018,-4.300000000000001,0,4,3,1,0.676775086671114,,615.3
7019,-4.300000000000001,0,4,3,1,0.676775086671114,,615.4
7020,-4.300000000000001,0,4,3,1,0.676775086671114,,615.4
7021,-4.300000000000001,0,4,3,1,0.676775086671114,,615.5
7022,-4.300000000000001,0,4,3,1,0.676775086671114,,615.5
7023,-4.300000000000001,0,4,3,1,0.676775086671114,,615.6
7024,-4.300000000000001,0,4,3,1,0.676775086671114,,615.7
7025,-4.300000000000001,0,4,3,1,0.676775086671114,,615.8
7026,-4.6000000000000005,0,6,3,1,0.676775086671114,,615.8
7027,-4.300000000000001,0,4,3,1,0.676775086671114,,615.9
7028,5.7,1,4,3,1,0.676775086671114,,616.0
7029,-0.30000000000000004,0,4,3,1,0.676775086671114,,616.1
7030,-4.300000000000001,0,4,3,1,0.676775086671114,,616.1
7031,-2.3000000000000003,0,4,3,1,0.676775086671114,,616.2
7032,-4.300000000000001,0,4,3,1,0.676775086671114,,616.3
7033,-4.300000000000001,0,4,3,1,0.676775086671114,,616.4
7034,-4.300000000000001,0,4,3,1,0.676775086671114,,616.5
7035,5.7,1,4,3,1,0.676775086671114,,616.6
7036,-4.6,0,6,3,1,0.676775086671114,,616.7
7037,-1.4000000000000001,0,5,4,1,0.676775086671114,,616.7
7038,-4.300000000000001,0,4,3,1,0.676775086671114,,616.8
7039,-0.30000000000000004,0,4,3,1,0.676775086671114,,616.9
7040,-4.300000000000001,0,4,3,1,0.676775086671114,,616.9
7041,-4.300000000000001,0,4,3,1,0.676775086671114,,617.0
7042,-4.300000000000001,0,4,3,1,0.676775086671114,,617.1
7043,-2.3000000000000003,0,4,3,1,0.676775086671114,,617.1
7044,-2.3000000000000003,0,4,3,1,0.676775086671114,,617.2
7045,5.7,1,4,3,1,0.676775086671114,,617.2
7046,5.4,1,6,3,1,0.676775086671114,,617.3
7047,-4.300000000000001,0,4,3,1,0.676775086671114,,617.3
7048,-4.300000000000001,0,4,3,1,0.676775086671114,,617.4
7049,-4.300000000000001,0,4,3,1,0.676775086671114,,617.4
7050,-0.30000000000000004,0,4,3,1,0.676775086671114,,617.5
7051,-4.300000000000001,0,4,3,1,0.676775086671114,,617.5
7052,-4.300000000000001,0,4,3,1,0.676775086671114,,617.6
7053,-4.300000000000001,0,4,3,1,0.676775086671114,,617.6
7054,-4.300000000000001,0,4,3,1,0.676775086671114,,617.7
7055,-4.300000000000001,0,4,3,1,0.676775086671114,,617.8
7056,-0.30000000000000004,0,4,3,1,0.676775086671114,,617.8
7057,-0.30000000000000004,0,4,3,1,0.676775086671114,,617.8
7058,-0.30000000000000004,0,4,3,1,0.676775086671114,,617.9
7059,-4.300000000000001,0,4,3,1,0.676775086671114,,618.0
7060,-2.3000000000000003,0,4,3,1,0.676775086671114,,618.1
7061,-2.3000000000000003,0,4,3,1,0.676775086671114,,618.1
7062,5.7,1,4,3,1,0.676775086671114,,618.2
7063,-0.30000000000000004,0,4,3,1,0.676775086671114,,618.3
7064,-4.300000000000001,0,4,3,1,0.676775086671114,,618.4
7065,-5.6000000000000005,0,6,3,1,0.676775086671114,,618.4
7066,5.7,1,4,3,1,0.676775086671114,,618.5
7067,-4.300000000000001,0,4,3,1,0.676775086671114,,618.6
7068,-4.300000000000001,0,4,3,1,0.676775086671114,,618.7
7069,-4.300000000000001,0,4,3,1,0.676775086671114,,618.7
7070,-4.300000000000001,0,4,3,1,0.676775086671114,,618.8
7071,-4.6000000000000005,0,6,3,1,0.676775086671114,,618.9
7072,-4.6000000000000005,0,6,3,1,0.676775086671114,,618.9
7073,-4.300000000000001,0,4,3,1,0.676775086671114,,619.0
7074,-2.3000000000000003,0,4,3,1,0.676775086671114,,619.1
7075,-0.30000000000000004,0,4,3,1,0.6387308130506426,1.7281285249628127,619.8
7076,-4.300000000000001,0,4,3,1,0.6387308130506426,,619.8
7077,-4.300000000000001,0,4,3,1,0.6387308130506426,,619.9
7078,-4.300000000000001,0,4,3,1,0.6387308130506426,,619.9
7079,-4.300000000000001,0,4,3,1,0.6387308130506426,,620.0
7080,-4.300000000000001,0,4,3,1,0.6387308130506426,,620.1
7081,-4.300000000000001,0,4,3,1,0.6387308130506426,,620.2
7082,-4.300000000000001,0,4,3,1,0.6387308130506426,,620.2
7083,-4.300000000000001,0,4,3,1,0.6387308130506426,,620.3
7084,-4.300000000000001,0,4,3,1,0.6387308130506426,,620.4
7085,-4.300000000000001,0,4,3,1,0.6387308130506426,,620.4
7086,-0.30000000000000004,0,4,3,1,0.6387308130506426,,620.5
7087,-4.300000000000001,0,4,3,1,0.6387308130506426,,620.6
7088,-4.300000000000001,0,4,3,1,0.6387308130506426,,620.7
7089,-0.30000000000000004,0,4,3,1,0.6387308130506426,,620.7
7090,-4.300000000000001,0,4,3,1,0.6387308130506426,,620.8
7091,-2.3000000000000003,0,4,3,1,0.6387308130506426,,620.9
7092,-0.30000000000000004,0,4,3,1,0.6387308130506426,,621.0
7093,-4.300000000000001,0,4,3,1,0.6387308130506426,,621.0
7094,-4.300000000000001,0,4,3,1,0.6387308130506426,,621.1
7095,5.7,1,4,3,1,0.6387308130506426,,621.1
7096,5.7,1,4,3,1,0.6387308130506426,,621.2
7097,-4.300000000000001,0,4,3,1,0.6387308130506426,,621.3
7098,5.7,1,4,3,1,0.6387308130506426,,621.4
7099,-0.30000000000000004,0,4,3,1,0.6387308130506426,,621.5
7100,-4.300000000000001,0,4,3,1,0.6387308130506426,,621.5
7101,-1.6,0,6,3,1,0.6387308130506426,,621.6
7102,-4.300000000000001,0,4,3,1,0.6387308130506426,,621.7
7103,-2.3000000000000003,0,4,3,1,0.6387308130506426,,621.7
7104,-4.300000000000001,0,4,3,1,0.6387308130506426,,621.8
7105,-4.300000000000001,0,4,3,1,0.6387308130506426,,621.8
7106,-4.300000000000001,0,4,3,1,0.6387308130506426,,621.9
7107,-2.3000000000000003,0,4,3,1,0.6387308130506426,,622.0
7108,-4.300000000000001,0,4,3,1,0.6387308130506426,,622.1
7109,-0.30000000000000004,0,4,3,1,0.6387308130506426,,622.1
7110,-4.300000000000001,0,4,3,1,0.6387308130506426,,622.2
7111,-4.300000000000001,0,4,3,1,0.6387308130506426,,622.2
7112,-4.300000000000001,0,4,3,1,0.6387308130506426,,622.3
7113,-2.3000000000000003,0,4,3,1,0.6387308130506426,,622.4
7114,-4.300000000000001,0,4,3,1,0.6387308130506426,,622.4
7115,-2.3000000000000003,0,4,3,1,0.6387308130506426,,622.5
7116,-2.3000000000000003,0,4,3,1,0.6387308130506426,,622.5
7117,-4.300000000000001,0,4,3,1,0.6387308130506426,,622.6
7118,-4.300000000000001,0,4,3,1,0.6387308130506426,,622.7
7119,5.7,1,4,3,1,0.6387308130506426,,622.7
7120,-4.300000000000001,0,4,3,1,0.6387308130506426,,622.8
7121,-4.300000000000001,0,4,3,1,0.6387308130506426,,622.8
7122,-4.6000000000000005,0,6,3,1,0.6387308130506426,,622.9
7123,-4.300000000000001,0,4,3,1,0.6387308130506426,,623.0
7124,-0.30000000000000004,0,4,3,1,0.6387308130506426,,623.0
7125,-4.300000000000001,0,4,3,1,0.6387308130506426,,623.1
7126,-5.6000000000000005,0,6,3,1,0.6387308130506426,,623.2
7127,-0.30000000000000004,0,4,3,1,0.6387308130506426,,623.2
7128,-4.300000000000001,0,4,3,1,0.6387308130506426,,623.2
7129,-0.30000000000000004,0,4,3,1,0.6387308130506426,,623.3
7130,-4.300000000000001,0,4,3,1,0.6387308130506426,,623.4
7131,-4.300000000000001,0,4,3,1,0.6387308130506426,,623.4
7132,-4.300000000000001,0,4,3,1,0.6387308130506426,,623.5
7133,-4.300000000000001,0,4,3,1,0.6387308130506426,,623.6
7134,-2.3000000000000003,0,4,3,1,0.6387308130506426,,623.7
7135,-2.3000000000000003,0,4,3,1,0.6387308130506426,,623.7
7136,-0.30000000000000004,0,4,3,1,0.6387308130506426,,623.8
7137,-0.30000000000000004,0,4,3,1,0.6387308130506426,,623.9
7138,-0.30000000000000004,0,4,3,1,0.6387308130506426,,623.9
7139,-4.300000000000001,0,4,3,1,0.6387308130506426,,624.0
7140,-5.4,0,5,4,1,0.6387308130506426,,624.0
7141,-4.300000000000001,0,4,3,1,0.6387308130506426,,624.1
7142,-3.6,0,6,3,1,0.6387308130506426,,624.2
7143,-4.9,0,8,3,1,0.6387308130506426,,624.3
7144,5.7,1,4,3,1,0.6387308130506426,,624.3
7145,-4.300000000000001,0,4,3,1,0.6387308130506426,,624.4
7146,5.7,1,4,3,1,0.6387308130506426,,624.4
7147,-4.300000000000001,0,4,3,1,0.6387308130506426,,624.5
7148,-4.300000000000001,0,4,3,1,0.6387308130506426,,624.6
7149,-4.300000000000001,0,4,3,1,0.6387308130506426,,624.6
7150,-4.6000000000000005,0,6,3,1,0.6387308130506426,,624.7
7151,-4.300000000000001,0,4,3,1,0.6387308130506426,,624.8
7152,-4.300000000000001,0,4,3,1,0.6387308130506426,,624.8
7153,-4.300000000000001,0,4,3,1,0.6387308130506426,,624.9
7154,-0.30000000000000004,0,4,3,1,0.6387308130506426,,625.0
7155,-2.3000000000000003,0,4,3,1,0.6387308130506426,,625.1
7156,-2.3000000000000003,0,4,3,1,0.6387308130506426,,625.1
7157,-4.300000000000001,0,4,3,1,0.6387308130506426,,625.2
7158,-4.300000000000001,0,4,3,1,0.6387308130506426,,625.2
7159,-4.300000000000001,0,4,3,1,0.6387308130506426,,625.3
7160,5.7,1,4,3,1,0.6387308130506426,,625.4
7161,-4.300000000000001,0,4,3,1,0.6387308130506426,,625.4
7162,-0.30000000000000004,0,4,3,1,0.6387308130506426,,625.5
7163,-0.30000000000000004,0,4,3,1,0.6387308130506426,,625.5
7164,5.7,1,4,3,1,0.6387308130506426,,625.6
7165,5.7,1,4,3,1,0.6387308130506426,,625.6
7166,-4.300000000000001,0,4,3,1,0.6387308130506426,,625.7
7167,-4.300000000000001,0,4,3,1,0.6387308130506426,,625.8
7168,-4.300000000000001,0,4,3,1,0.6387308130506426,,625.8
7169,-4.300000000000001,0,4,3,1,0.6387308130506426,,625.9
7170,-4.300000000000001,0,4,3,1,0.6387308130506426,,626.0
7171,-2.3000000000000003,0,4,3,1,0.6387308130506426,,626.0
7172,-3.6000000000000005,0,6,3,1,0.6387308130506426,,626.1
7173,-0.30000000000000004,0,4,3,1,0.6387308130506426,,626.1
7174,-0.30000000000000004,0,4,3,1,0.6387308130506426,,626.2
7175,-4.300000000000001,0,4,3,1,0.6387308130506426,,626.2
7176,-4.300000000000001,0,4,3,1,0.6387308130506426,,626.3
7177,-2.3000000000000003,0,4,3,1,0.6387308130506426,,626.4
7178,-4.300000000000001,0,4,3,1,0.6387308130506426,,626.4
7179,-4.300000000000001,0,4,3,1,0.6387308130506426,,626.5
7180,-0.30000000000000004,0,4,3,1,0.6387308130506426,,626.6
7181,-4.300000000000001,0,4,3,1,0.6387308130506426,,626.7
7182,-4.300000000000001,0,4,3,1,0.6387308130506426,,626.7
7183,-2.3000000000000003,0,4,3,1,0.6387308130506426,,626.8
7184,-2.3000000000000003,0,4,3,1,0.6387308130506426,,626.8
7185,-4.300000000000001,0,4,3,1,0.6387308130506426,,626.9
7186,-4.300000000000001,0,4,3,1,0.6387308130506426,,627.0
7187,-5.6000000000000005,0,6,3,1,0.6387308130506426,,627.1
7188,-4.300000000000001,0,4,3,1,0.6387308130506426,,627.2
7189,-4.300000000000001,0,4,3,1,0.6387308130506426,,627.2
7190,-4.300000000000001,0,4,3,1,0.6387308130506426,,627.3
7191,-2.3000000000000003,0,4,3,1,0.6387308130506426,,627.4
7192,-4.300000000000001,0,4,3,1,0.6387308130506426,,627.4
7193,-0.30000000000000004,0,4,3,1,0.6387308130506426,,627.5
7194,-4.300000000000001,0,4,3,1,0.6387308130506426,,627.5
7195,-4.300000000000001,0,4,3,1,0.6387308130506426,,627.6
7196,-0.30000000000000004,0,4,3,1,0.6387308130506426,,627.7
7197,-0.30000000000000004,0,4,3,1,0.6387308130506426,,627.8
7198,-4.300000000000001,0,4,3,1,0.6387308130506426,,627.9
7199,-0.30000000000000004,0,4,3,1,0.6387308130506426,,628.0
7200,5.7,1,4,3,1,0.6387308130506426,,628.0
7201,-4.300000000000001,0,4,3,1,0.6387308130506426,,628.1
7202,5.7,1,4,3,1,0.6387308130506426,,628.1
7203,-4.300000000000001,0,4,3,1,0.6387308130506426,,628.2
7204,5.7,1,4,3,1,0.6387308130506426,,628.3
7205,-4.300000000000001,0,4,3,1,0.6387308130506426,,628.3
7206,-4.300000000000001,0,4,3,1,0.6387308130506426,,628.4
7207,-0.30000000000000004,0,4,3,1,0.6387308130506426,,628.5
7208,-4.300000000000001,0,4,3,1,0.6387308130506426,,628.6
7209,-4.300000000000001,0,4,3,1,0.6387308130506426,,628.7
7210,-4.300000000000001,0,4,3,1,0.6387308130506426,,628.7
7211,-4.300000000000001,0,4,3,1,0.6387308130506426,,628.8
7212,-0.30000000000000004,0,4,3,1,0.6387308130506426,,628.8
7213,-4.300000000000001,0,4,3,1,0.6387308130506426,,628.9
7214,-2.3000000000000003,0,4,3,1,0.6387308130506426,,628.9
7215,-4.300000000000001,0,4,3,1,0.6387308130506426,,629.0
7216,-4.300000000000001,0,4,3,1,0.6387308130506426,,629.0
7217,-4.300000000000001,0,4,3,1,0.6387308130506426,,629.1
7218,-4.300000000000001,0,4,3,1,0.6387308130506426,,629.1
7219,-2.3000000000000003,0,4,3,1,0.6387308130506426,,629.2
7220,-4.300000000000001,0,4,3,1,0.6387308130506426,,629.3
7221,-4.300000000000001,0,4,3,1,0.6387308130506426,,629.3
7222,-4.300000000000001,0,4,3,1,0.6387308130506426,,629.4
7223,-4.300000000000001,0,4,3,1,0.6387308130506426,,629.5
7224,-4.300000000000001,0,4,3,1,0.6387308130506426,,629.5
7225,-4.300000000000001,0,4,3,1,0.6387308130506426,,629.6
7226,-4.300000000000001,0,4,3,1,0.6387308130506426,,629.7
7227,-4.6000000000000005,0,6,3,1,0.6387308130506426,,629.7
7228,-4.300000000000001,0,4,3,1,0.6387308130506426,,629.8
7229,-4.300000000000001,0,4,3,1,0.6387308130506426,,629.9
7230,5.7,1,4,3,1,0.6387308130506426,,630.0
7231,-2.3000000000000003,0,4,3,1,0.6387308130506426,,630.1
7232,-4.300000000000001,0,4,3,1,0.6387308130506426,,630.1
7233,-4.300000000000001,0,4,3,1,0.6387308130506426,,630.2
7234,-0.30000000000000004,0,4,3,1,0.6387308130506426,,630.3
7235,-4.300000000000001,0,4,3,1,0.6387308130506426,,630.4
7236,-4.300000000000001,0,4,3,1,0.6387308130506426,,630.4
7237,-2.3000000000000003,0,4,3,1,0.6387308130506426,,630.5
7238,-4.300000000000001,0,4,3,1,0.6387308130506426,,630.6
7239,-4.300000000000001,0,4,3,1,0.6387308130506426,,630.7
7240,-2.3000000000000003,0,4,3,1,0.6387308130506426,,630.8
7241,5.7,1,4,3,1,0.6387308130506426,,630.9
7242,-4.300000000000001,0,4,3,1,0.6387308130506426,,630.9
7243,-4.6000000000000005,0,6,3,1,0.6387308130506426,,631.0
7244,-4.300000000000001,0,4,3,1,0.6387308130506426,,631.0
7245,-4.300000000000001,0,4,3,1,0.6387308130506426,,631.1
7246,5.7,1,4,3,1,0.6387308130506426,,631.1
7247,5.7,1,4,3,1,0.6387308130506426,,631.2
7248,5.7,1,4,3,1,0.6387308130506426,,631.3
7249,-2.3000000000000003,0,4,3,1,0.6387308130506426,,631.3
7250,-2.3000000000000003,0,4,3,1,0.6387308130506426,,631.4
7251,-4.300000000000001,0,4,3,1,0.6387308130506426,,631.5
7252,5.7,1,4,3,1,0.6387308130506426,,631.6
7253,-4.300000000000001,0,4,3,1,0.6387308130506426,,631.6
7254,-4.300000000000001,0,4,3,1,0.6387308130506426,,631.7
7255,-4.300000000000001,0,4,3,1,0.6387308130506426,,631.8
7256,-4.300000000000001,0,4,3,1,0.6387308130506426,,631.8
7257,-2.3000000000000003,0,4,3,1,0.6387308130506426,,631.9
7258,5.7,1,4,3,1,0.6387308130506426,,632.0
7259,-4.300000000000001,0,4,3,1,0.6387308130506426,,632.0
7260,-4.300000000000001,0,4,3,1,0.6387308130506426,,632.1
7261,-2.3000000000000003,0,4,3,1,0.6387308130506426,,632.1
7262,-4.300000000000001,0,4,3,1,0.6387308130506426,,632.2
7263,-0.30000000000000004,0,4,3,1,0.6387308130506426,,632.3
7264,-4.300000000000001,0,4,3,1,0.6387308130506426,,632.4
7265,-4.300000000000001,0,4,3,1,0.6387308130506426,,632.4
7266,-4.300000000000001,0,4,3,1,0.6387308130506426,,632.5
7267,-4.6000000000000005,0,6,3,1,0.6387308130506426,,632.5
7268,-4.300000000000001,0,4,3,1,0.6387308130506426,,632.6
7269,-4.300000000000001,0,4,3,1,0.6387308130506426,,632.6
7270,-0.30000000000000004,0,4,3,1,0.6387308130506426,,632.7
7271,-4.300000000000001,0,4,3,1,0.6387308130506426,,632.7
7272,-4.300000000000001,0,4,3,1,0.6387308130506426,,632.8
7273,-4.300000000000001,0,4,3,1,0.6387308130506426,,632.8
7274,-4.300000000000001,0,4,3,1,0.6387308130506426,,632.9
7275,-4.300000000000001,0,4,3,1,0.6387308130506426,,632.9
7276,5.7,1,4,3,1,0.6387308130506426,,633.0
7277,-4.300000000000001,0,4,3,1,0.6387308130506426,,633.1
7278,-4.300000000000001,0,4,3,1,0.6387308130506426,,633.1
7279,-4.300000000000001,0,4,3,1,0.6387308130506426,,633.2
7280,-0.30000000000000004,0,4,3,1,0.6387308130506426,,633.3
7281,-4.300000000000001,0,4,3,1,0.6387308130506426,,633.4
7282,-4.300000000000001,0,4,3,1,0.6387308130506426,,633.4
7283,-4.300000000000001,0,4,3,1,0.6387308130506426,,633.5
7284,-4.300000000000001,0,4,3,1,0.6387308130506426,,633.6
7285,-4.300000000000001,0,4,3,1,0.6387308130506426,,633.7
7286,-2.3000000000000003,0,4,3,1,0.6387308130506426,,633.7
7287,-2.3000000000000003,0,4,3,1,0.6387308130506426,,633.8
7288,-4.300000000000001,0,4,3,1,0.6387308130506426,,633.8
7289,-4.300000000000001,0,4,3,1,0.6387308130506426,,633.8
7290,-0.30000000000000004,0,4,3,1,0.6387308130506426,,633.9
7291,-2.3000000000000003,0,4,3,1,0.6387308130506426,,633.9
7292,-2.3000000000000003,0,4,3,1,0.6387308130506426,,634.0
7293,5.7,1,4,3,1,0.6387308130506426,,634.1
7294,-4.300000000000001,0,4,3,1,0.6387308130506426,,634.2
7295,-4.300000000000001,0,4,3,1,0.6387308130506426,,634.2
7296,-5.4,0,5,4,1,0.6387308130506426,,634.3
7297,-2.3000000000000003,0,4,3,1,0.6387308130506426,,634.4
7298,-2.3000000000000003,0,4,3,1,0.6387308130506426,,634.4
7299,-2.3000000000000003,0,4,3,1,0.6387308130506426,,634.4
7300,-2.3000000000000003,0,4,3,1,0.6387308130506426,,634.5
7301,-0.30000000000000004,0,4,3,1,0.6387308130506426,,634.5
7302,-4.300000000000001,0,4,3,1,0.6387308130506426,,634.6
7303,-4.300000000000001,0,4,3,1,0.6387308130506426,,634.7
7304,-3.6000000000000005,0,6,3,1,0.6387308130506426,,634.7
7305,-0.30000000000000004,0,4,3,1,0.6387308130506426,,634.8
7306,-4.300000000000001,0,4,3,1,0.6387308130506426,,634.8
7307,-2.3000000000000003,0,4,3,1,0.6387308130506426,,634.9
7308,-2.3000000000000003,0,4,3,1,0.6387308130506426,,635.0
7309,-0.30000000000000004,0,4,3,1,0.6387308130506426,,635.1
7310,-4.300000000000001,0,4,3,1,0.6387308130506426,,635.1
7311,-4.300000000000001,0,4,3,1,0.6387308130506426,,635.2
7312,-4.300000000000001,0,4,3,1,0.6387308130506426,,635.2
7313,-4.300000000000001,0,4,3,1,0.6387308130506426,,635.3
7314,-4.300000000000001,0,4,3,1,0.6387308130506426,,635.4
7315,-4.300000000000001,0,4,3,1,0.6387308130506426,,635.4
7316,-2.6,0,6,3,1,0.6387308130506426,,635.4
7317,-4.6,0,6,3,1,0.6387308130506426,,635.5
7318,-4.300000000000001,0,4,3,1,0.6387308130506426,,635.6
7319,-1.6,0,6,3,1,0.6387308130506426,,635.6
7320,5.7,1,4,3,1,0.6387308130506426,,635.7
7321,-2.3000000000000003,0,4,3,1,0.6387308130506426,,635.7
7322,-2.3000000000000003,0,4,3,1,0.6387308130506426,,635.8
7323,-4.300000000000001,0,4,3,1,0.6387308130506426,,635.9
7324,-5.6000000000000005,0,6,3,1,0.6387308130506426,,635.9
7325,-4.300000000000001,0,4,3,1,0.6387308130506426,,636.0
7326,-4.300000000000001,0,4,3,1,0.6387308130506426,,636.1
7327,-4.300000000000001,0,4,3,1,0.6387308130506426,,636.1
7328,5.7,1,4,3,1,0.6387308130506426,,636.2
7329,-4.300000000000001,0,4,3,1,0.6387308130506426,,636.2
7330,-4.300000000000001,0,4,3,1,0.6387308130506426,,636.3
7331,-4.300000000000001,0,4,3,1,0.6387308130506426,,636.4
7332,-4.300000000000001,0,4,3,1,0.6387308130506426,,636.4
7333,-4.6,0,6,3,1,0.6387308130506426,,636.5
7334,5.7,1,4,3,1,0.6387308130506426,,636.5
7335,-5.4,0,5,4,1,0.6387308130506426,,636.6
7336,-4.300000000000001,0,4,3,1,0.6387308130506426,,636.7
7337,-4.300000000000001,0,4,3,1,0.6387308130506426,,636.7
7338,-2.3000000000000003,0,4,3,1,0.6387308130506426,,636.8
7339,-0.30000000000000004,0,4,3,1,0.6387308130506426,,636.8
7340,-0.30000000000000004,0,4,3,1,0.6387308130506426,,636.9
7341,5.7,1,4,3,1,0.6387308130506426,,637.0
7342,-4.300000000000001,0,4,3,1,0.6387308130506426,,637.0
7343,-4.300000000000001,0,4,3,1,0.6387308130506426,,637.1
7344,-4.300000000000001,0,4,3,1,0.6387308130506426,,637.2
7345,-4.300000000000001,0,4,3,1,0.6387308130506426,,637.3
7346,-0.30000000000000004,0,4,3,1,0.6387308130506426,,637.3
7347,-2.3000000000000003,0,4,3,1,0.6387308130506426,,637.4
7348,-3.6000000000000005,0,6,3,1,0.6387308130506426,,637.4
7349,-4.300000000000001,0,4,3,1,0.6387308130506426,,637.5
7350,-4.300000000000001,0,4,3,1,0.6387308130506426,,637.6
7351,-4.300000000000001,0,4,3,1,0.6387308130506426,,637.6
7352,-0.30000000000000004,0,4,3,1,0.6387308130506426,,637.7
7353,-4.300000000000001,0,4,3,1,0.6387308130506426,,637.8
7354,-2.3000000000000003,0,4,3,1,0.6387308130506426,,637.8
7355,-4.300000000000001,0,4,3,1,0.6387308130506426,,637.9
7356,-4.300000000000001,0,4,3,1,0.6387308130506426,,638.0
7357,-0.30000000000000004,0,4,3,1,0.6387308130506426,,638.0
7358,-2.6,0,6,3,1,0.6387308130506426,,638.1
7359,-2.3000000000000003,0,4,3,1,0.6387308130506426,,638.2
7360,5.1,1,8,3,1,0.6387308130506426,,638.3
7361,-0.30000000000000004,0,4,3,1,0.6387308130506426,,638.4
7362,-4.300000000000001,0,4,3,1,0.6387308130506426,,638.4
7363,5.7,1,4,3,1,0.6387308130506426,,638.4
7364,-2.3000000000000003,0,4,3,1,0.6387308130506426,,638.5
7365,-4.300000000000001,0,4,3,1,0.6387308130506426,,638.6
7366,-4.300000000000001,0,4,3,1,0.6387308130506426,,638.7
7367,-4.300000000000001,0,4,3,1,0.6387308130506426,,638.7
7368,5.7,1,4,3,1,0.6387308130506426,,638.8
7369,-4.300000000000001,0,4,3,1,0.6387308130506426,,638.9
7370,-2.3000000000000003,0,4,3,1,0.6387308130506426,,638.9
7371,-2.3000000000000003,0,4,3,1,0.6387308130506426,,639.0
7372,5.7,1,4,3,1,0.6387308130506426,,639.1
7373,-4.300000000000001,0,4,3,1,0.6387308130506426,,639.1
7374,-2.3000000000000003,0,4,3,1,0.6387308130506426,,639.2
7375,-4.300000000000001,0,4,3,1,0.6387308130506426,,639.2
7376,5.7,1,4,3,1,0.6387308130506426,,639.3
7377,-4.300000000000001,0,4,3,1,0.6387308130506426,,639.3
7378,-4.300000000000001,0,4,3,1,0.6387308130506426,,639.4
7379,-4.300000000000001,0,4,3,1,0.6387308130506426,,639.4
7380,-0.30000000000000004,0,4,3,1,0.6387308130506426,,639.5
7381,-4.300000000000001,0,4,3,1,0.6387308130506426,,639.6
7382,-0.30000000000000004,0,4,3,1,0.6387308130506426,,639.6
7383,-4.300000000000001,0,4,3,1,0.6387308130506426,,639.6
7384,-4.300000000000001,0,4,3,1,0.6387308130506426,,639.7
7385,-4.300000000000001,0,4,3,1,0.6387308130506426,,639.8
7386,-2.3000000000000003,0,4,3,1,0.6387308130506426,,639.9
7387,-4.300000000000001,0,4,3,1,0.6387308130506426,,640.0
7388,-4.300000000000001,0,4,3,1,0.6387308130506426,,640.1
7389,-4.300000000000001,0,4,3,1,0.6387308130506426,,640.1
7390,5.4,1,6,3,1,0.6387308130506426,,640.2
7391,-4.300000000000001,0,4,3,1,0.6387308130506426,,640.2
7392,-4.300000000000001,0,4,3,1,0.6387308130506426,,640.3
7393,-4.300000000000001,0,4,3,1,0.6387308130506426,,640.3
7394,-4.300000000000001,0,4,3,1,0.6387308130506426,,640.4
7395,-4.300000000000001,0,4,3,1,0.6387308130506426,,640.5
7396,-4.300000000000001,0,4,3,1,0.6387308130506426,,640.5
7397,-4.300000000000001,0,4,3,1,0.6387308130506426,,640.6
7398,-4.300000000000001,0,4,3,1,0.6387308130506426,,640.7
7399,5.7,1,4,3,1,0.6387308130506426,,640.7
7400,-1.6,0,6,3,1,0.6387308130506426,,640.8
7401,5.7,1,4,3,1,0.6387308130506426,,640.8
7402,-4.300000000000001,0,4,3,1,0.6387308130506426,,640.9
7403,-4.300000000000001,0,4,3,1,0.6387308130506426,,640.9
7404,-4.300000000000001,0,4,3,1,0.6387308130506426,,641.0
7405,-4.300000000000001,0,4,3,1,0.6387308130506426,,641.1
7406,-2.3000000000000003,0,4,3,1,0.6387308130506426,,641.1
7407,-4.6,0,6,3,1,0.6387308130506426,,641.2
7408,-4.300000000000001,0,4,3,1,0.6387308130506426,,641.3
7409,-0.30000000000000004,0,4,3,1,0.6387308130506426,,641.3
7410,5.7,1,4,3,1,0.6387308130506426,,641.4
7411,-4.300000000000001,0,4,3,1,0.6387308130506426,,641.5
7412,5.7,1,4,3,1,0.6387308130506426,,641.6
7413,-4.300000000000001,0,4,3,1,0.6387308130506426,,641.6
7414,-4.300000000000001,0,4,3,1,0.6387308130506426,,641.7
7415,5.7,1,4,3,1,0.6387308130506426,,641.8
7416,-4.300000000000001,0,4,3,1,0.6387308130506426,,641.8
7417,-4.300000000000001,0,4,3,1,0.6387308130506426,,641.9
7418,-4.300000000000001,0,4,3,1,0.6387308130506426,,641.9
7419,-4.300000000000001,0,4,3,1,0.6387308130506426,,642.0
7420,-0.30000000000000004,0,4,3,1,0.6387308130506426,,642.0
7421,-2.3000000000000003,0,4,3,1,0.6387308130506426,,642.1
7422,-0.30000000000000004,0,4,3,1,0.6387308130506426,,642.1
7423,-0.30000000000000004,0,4,3,1,0.6387308130506426,,642.2
7424,-2.3000000000000003,0,4,3,1,0.6387308130506426,,642.2
7425,-0.30000000000000004,0,4,3,1,0.6387308130506426,,642.3
7426,-2.3000000000000003,0,4,3,1,0.6387308130506426,,642.4
7427,-2.3000000000000003,0,4,3,1,0.6387308130506426,,642.4
7428,-4.300000000000001,0,4,3,1,0.6387308130506426,,642.5
7429,-4.300000000000001,0,4,3,1,0.6387308130506426,,642.6
7430,-2.3000000000000003,0,4,3,1,0.6387308130506426,,642.6
7431,-4.300000000000001,0,4,3,1,0.6387308130506426,,642.7
7432,-4.300000000000001,0,4,3,1,0.6387308130506426,,642.7
7433,-2.3000000000000003,0,4,3,1,0.6387308130506426,,642.8
7434,-4.300000000000001,0,4,3,1,0.6387308130506426,,642.8
7435,-4.300000000000001,0,4,3,1,0.6387308130506426,,642.9
7436,-2.3000000000000003,0,4,3,1,0.6387308130506426,,643.0
7437,-0.30000000000000004,0,4,3,1,0.6387308130506426,,643.0
7438,5.7,1,4,3,1,0.6387308130506426,,643.1
7439,-4.300000000000001,0,4,3,1,0.6387308130506426,,643.2
7440,-4.300000000000001,0,4,3,1,0.6387308130506426,,643.3
7441,-4.300000000000001,0,4,3,1,0.6387308130506426,,643.3
7442,-4.300000000000001,0,4,3,1,0.6387308130506426,,643.4
7443,-4.300000000000001,0,4,3,1,0.6387308130506426,,643.5
7444,-2.3000000000000003,0,4,3,1,0.6387308130506426,,643.5
7445,-5.4,0,5,4,1,0.6387308130506426,,643.6
7446,5.7,1,4,3,1,0.6387308130506426,,643.7
7447,-0.30000000000000004,0,4,3,1,0.6387308130506426,,643.7
7448,-4.300000000000001,0,4,3,1,0.6387308130506426,,643.8
7449,-4.300000000000001,0,4,3,1,0.6387308130506426,,643.9
7450,-2.3000000000000003,0,4,3,1,0.6387308130506426,,643.9
7451,-4.300000000000001,0,4,3,1,0.6387308130506426,,644.0
7452,-4.300000000000001,0,4,3,1,0.6387308130506426,,644.1
7453,-4.300000000000001,0,4,3,1,0.6387308130506426,,644.2
7454,-2.6,0,6,3,1,0.6387308130506426,,644.2
7455,-4.300000000000001,0,4,3,1,0.6387308130506426,,644.3
7456,-4.300000000000001,0,4,3,1,0.6387308130506426,,644.4
7457,-4.300000000000001,0,4,3,1,0.6387308130506426,,644.4
7458,-4.300000000000001,0,4,3,1,0.6387308130506426,,644.5
7459,-4.300000000000001,0,4,3,1,0.6387308130506426,,644.5
7460,-0.30000000000000004,0,4,3,1,0.6387308130506426,,644.6
7461,-4.300000000000001,0,4,3,1,0.6387308130506426,,644.7
7462,-0.30000000000000004,0,4,3,1,0.6387308130506426,,644.7
7463,5.7,1,4,3,1,0.6387308130506426,,644.8
7464,-4.300000000000001,0,4,3,1,0.6387308130506426,,644.8
7465,-4.300000000000001,0,4,3,1,0.6387308130506426,,644.9
7466,-4.300000000000001,0,4,3,1,0.6387308130506426,,645.0
7467,-4.300000000000001,0,4,3,1,0.6387308130506426,,645.0
7468,-4.300000000000001,0,4,3,1,0.6387308130506426,,645.0
7469,-4.300000000000001,0,4,3,1,0.6387308130506426,,645.1
7470,-4.300000000000001,0,4,3,1,0.6387308130506426,,645.1
7471,-4.300000000000001,0,4,3,1,0.6387308130506426,,645.2
7472,-0.30000000000000004,0,4,3,1,0.6387308130506426,,645.2
7473,5.7,1,4,3,1,0.6387308130506426,,645.3
7474,-4.300000000000001,0,4,3,1,0.6387308130506426,,645.4
7475,-4.300000000000001,0,4,3,1,0.6387308130506426,,645.4
7476,-2.3000000000000003,0,4,3,1,0.6387308130506426,,645.5
7477,-0.6000000000000001,0,6,3,1,0.6387308130506426,,645.6
7478,5.7,1,4,3,1,0.6387308130506426,,645.6
7479,-2.3000000000000003,0,4,3,1,0.6387308130506426,,645.7
7480,-0.30000000000000004,0,4,3,1,0.6387308130506426,,645.8
7481,-2.3000000000000003,0,4,3,1,0.6387308130506426,,645.9
7482,-4.300000000000001,0,4,3,1,0.6387308130506426,,646.0
7483,-4.300000000000001,0,4,3,1,0.6387308130506426,,646.0
7484,-0.30000000000000004,0,4,3,1,0.6387308130506426,,646.1
7485,-4.300000000000001,0,4,3,1,0.6387308130506426,,646.1
7486,-4.300000000000001,0,4,3,1,0.6387308130506426,,646.2
7487,-2.3000000000000003,0,4,3,1,0.6387308130506426,,646.2
7488,-4.300000000000001,0,4,3,1,0.6387308130506426,,646.3
7489,-4.300000000000001,0,4,3,1,0.6387308130506426,,646.3
7490,5.4,1,6,3,1,0.6387308130506426,,646.4
7491,-2.3000000000000003,0,4,3,1,0.6387308130506426,,646.4
7492,-0.30000000000000004,0,4,3,1,0.6387308130506426,,646.5
7493,-4.300000000000001,0,4,3,1,0.6387308130506426,,646.5
7494,-4.300000000000001,0,4,3,1,0.6387308130506426,,646.6
7495,5.7,1,4,3,1,0.6387308130506426,,646.6
7496,-4.300000000000001,0,4,3,1,0.6387308130506426,,646.7
7497,-4.300000000000001,0,4,3,1,0.6387308130506426,,646.8
7498,-2.3000000000000003,0,4,3,1,0.6387308130506426,,646.9
7499,-4.300000000000001,0,4,3,1,0.6387308130506426,,647.0
7500,-4.300000000000001,0,4,3,1,0.6387308130506426,,647.1
7501,-4.300000000000001,0,4,3,1,0.6387308130506426,,652.1
7502,-2.3000000000000003,0,4,3,1,0.6387308130506426,,652.2
7503,-0.30000000000000004,0,4,3,1,0.6387308130506426,,652.3
7504,5.7,1,4,3,1,0.6387308130506426,,652.3
7505,-4.300000000000001,0,4,3,1,0.6387308130506426,,652.4
7506,-4.300000000000001,0,4,3,1,0.6387308130506426,,652.4
7507,-0.30000000000000004,0,4,3,1,0.6387308130506426,,652.5
7508,-4.300000000000001,0,4,3,1,0.6387308130506426,,652.5
7509,-0.30000000000000004,0,4,3,1,0.6387308130506426,,652.6
7510,-5.4,0,5,4,1,0.6387308130506426,,652.6
7511,-5.6000000000000005,0,6,3,1,0.6387308130506426,,652.7
7512,-4.300000000000001,0,4,3,1,0.6387308130506426,,652.8
7513,-4.300000000000001,0,4,3,1,0.6387308130506426,,652.8
7514,-0.30000000000000004,0,4,3,1,0.6387308130506426,,652.9
7515,-4.300000000000001,0,4,3,1,0.6387308130506426,,653.0
7516,-4.300000000000001,0,4,3,1,0.6387308130506426,,653.0
7517,5.7,1,4,3,1,0.6387308130506426,,653.1
7518,-4.300000000000001,0,4,3,1,0.6387308130506426,,653.1
7519,5.7,1,4,3,1,0.6387308130506426,,653.2
7520,-4.300000000000001,0,4,3,1,0.6387308130506426,,653.3
7521,-2.3000000000000003,0,4,3,1,0.6387308130506426,,653.3
7522,-4.300000000000001,0,4,3,1,0.6387308130506426,,653.4
7523,-4.300000000000001,0,4,3,1,0.6387308130506426,,653.4
7524,-4.300000000000001,0,4,3,1,0.6387308130506426,,653.5
7525,-2.3000000000000003,0,4,3,1,0.6387308130506426,,653.6
7526,-4.6,0,6,3,1,0.6387308130506426,,653.7
7527,-4.300000000000001,0,4,3,1,0.6387308130506426,,653.7
7528,-2.3000000000000003,0,4,3,1,0.6387308130506426,,653.8
7529,-4.300000000000001,0,4,3,1,0.6387308130506426,,653.8
7530,-0.30000000000000004,0,4,3,1,0.6387308130506426,,653.9
7531,-4.300000000000001,0,4,3,1,0.6387308130506426,,653.9
7532,-4.300000000000001,0,4,3,1,0.6387308130506426,,654.0
7533,-4.300000000000001,0,4,3,1,0.6387308130506426,,654.1
7534,-5.9,0,8,3,1,0.6387308130506426,,654.1
7535,-2.3000000000000003,0,4,3,1,0.6387308130506426,,654.2
7536,-0.30000000000000004,0,4,3,1,0.6387308130506426,,654.3
7537,-4.300000000000001,0,4,3,1,0.6387308130506426,,654.3
7538,-4.300000000000001,0,4,3,1,0.6387308130506426,,654.4
7539,5.7,1,4,3,1,0.6387308130506426,,654.5
7540,-4.300000000000001,0,4,3,1,0.6387308130506426,,654.6
7541,-2.3000000000000003,0,4,3,1,0.6387308130506426,,654.6
7542,-2.3000000000000003,0,4,3,1,0.6387308130506426,,654.7
7543,-4.300000000000001,0,4,3,1,0.6387308130506426,,654.8
7544,-0.30000000000000004,0,4,3,1,0.6387308130506426,,654.9
7545,5.7,1,4,3,1,0.6387308130506426,,654.9
7546,5.7,1,4,3,1,0.6387308130506426,,655.0
7547,-4.300000000000001,0,4,3,1,0.6387308130506426,,655.1
7548,5.7,1,4,3,1,0.6387308130506426,,655.1
7549,-4.300000000000001,0,4,3,1,0.6387308130506426,,655.2
7550,-4.300000000000001,0,4,3,1,0.6387308130506426,,655.3
7551,-4.300000000000001,0,4,3,1,0.6387308130506426,,655.4
7552,-4.300000000000001,0,4,3,1,0.6387308130506426,,655.4
7553,-2.3000000000000003,0,4,3,1,0.6387308130506426,,655.4
7554,-4.300000000000001,0,4,3,1,0.6387308130506426,,655.5
7555,-4.300000000000001,0,4,3,1,0.6387308130506426,,655.6
7556,-4.300000000000001,0,4,3,1,0.6387308130506426,,655.6
7557,-4.300000000000001,0,4,3,1,0.6387308130506426,,655.7
7558,-4.300000000000001,0,4,3,1,0.6387308130506426,,655.8
7559,-4.300000000000001,0,4,3,1,0.6387308130506426,,655.8
7560,-4.300000000000001,0,4,3,1,0.6387308130506426,,655.9
7561,-2.3000000000000003,0,4,3,1,0.6387308130506426,,656.0
7562,-2.3000000000000003,0,4,3,1,0.6387308130506426,,656.0
7563,-4.300000000000001,0,4,3,1,0.6387308130506426,,656.1
7564,-4.300000000000001,0,4,3,1,0.6387308130506426,,656.2
7565,-4.300000000000001,0,4,3,1,0.6387308130506426,,656.2
7566,-4.300000000000001,0,4,3,1,0.6387308130506426,,656.3
7567,-4.300000000000001,0,4,3,1,0.6387308130506426,,656.4
7568,-0.30000000000000004,0,4,3,1,0.6387308130506426,,656.5
7569,-4.300000000000001,0,4,3,1,0.6387308130506426,,656.6
7570,-0.30000000000000004,0,4,3,1,0.619583887513727,1.5034803450107574,657.2
7571,-2.3000000000000003,0,4,3,1,0.619583887513727,,657.3
7572,-4.300000000000001,0,4,3,1,0.619583887513727,,657.3
7573,-4.300000000000001,0,4,3,1,0.619583887513727,,657.4
7574,-4.300000000000001,0,4,3,1,0.619583887513727,,657.4
7575,-4.300000000000001,0,4,3,1,0.619583887513727,,657.5
7576,-4.300000000000001,0,4,3,1,0.619583887513727,,657.5
7577,-0.30000000000000004,0,4,3,1,0.619583887513727,,657.6
7578,-4.300000000000001,0,4,3,1,0.619583887513727,,657.6
7579,-2.6,0,6,3,1,0.619583887513727,,657.6
7580,-4.300000000000001,0,4,3,1,0.619583887513727,,657.7
7581,-4.300000000000001,0,4,3,1,0.619583887513727,,657.7
7582,-4.300000000000001,0,4,3,1,0.619583887513727,,657.8
7583,-4.300000000000001,0,4,3,1,0.619583887513727,,657.8
7584,-4.6000000000000005,0,6,3,1,0.619583887513727,,657.9
7585,-4.300000000000001,0,4,3,1,0.619583887513727,,658.0
7586,-4.300000000000001,0,4,3,1,0.619583887513727,,658.1
7587,5.7,1,4,3,1,0.619583887513727,,658.1
7588,-5.6000000000000005,0,6,3,1,0.619583887513727,,658.2
7589,-4.300000000000001,0,4,3,1,0.619583887513727,,658.2
7590,5.7,1,4,3,1,0.619583887513727,,658.3
7591,-0.30000000000000004,0,4,3,1,0.619583887513727,,658.4
7592,-0.30000000000000004,0,4,3,1,0.619583887513727,,658.4
7593,-2.3000000000000003,0,4,3,1,0.619583887513727,,658.5
7594,-4.300000000000001,0,4,3,1,0.619583887513727,,658.6
7595,-4.300000000000001,0,4,3,1,0.619583887513727,,658.7
7596,-2.3000000000000003,0,4,3,1,0.619583887513727,,658.7
7597,-2.3000000000000003,0,4,3,1,0.619583887513727,,658.8
7598,-2.3000000000000003,0,4,3,1,0.619583887513727,,658.9
7599,-4.300000000000001,0,4,3,1,0.619583887513727,,659.0
7600,-4.300000000000001,0,4,3,1,0.619583887513727,,659.1
7601,-2.3000000000000003,0,4,3,1,0.619583887513727,,659.1
7602,-4.300000000000001,0,4,3,1,0.619583887513727,,659.2
7603,-4.300000000000001,0,4,3,1,0.619583887513727,,659.3
7604,-4.300000000000001,0,4,3,1,0.619583887513727,,659.4
7605,-4.300000000000001,0,4,3,1,0.619583887513727,,659.5
7606,-0.30000000000000004,0,4,3,1,0.619583887513727,,659.5
7607,-0.30000000000000004,0,4,3,1,0.619583887513727,,659.6
7608,-4.300000000000001,0,4,3,1,0.619583887513727,,659.7
7609,-4.300000000000001,0,4,3,1,0.619583887513727,,659.8
7610,5.7,1,4,3,1,0.619583887513727,,659.8
7611,-4.300000000000001,0,4,3,1,0.619583887513727,,659.9
7612,-4.300000000000001,0,4,3,1,0.619583887513727,,659.9
7613,-2.3000000000000003,0,4,3,1,0.619583887513727,,659.9
7614,-2.3000000000000003,0,4,3,1,0.619583887513727,,660.0
7615,-2.3000000000000003,0,4,3,1,0.619583887513727,,660.1
7616,-0.30000000000000004,0,4,3,1,0.619583887513727,,660.2
7617,-4.300000000000001,0,4,3,1,0.619583887513727,,660.2
7618,-0.30000000000000004,0,4,3,1,0.619583887513727,,660.3
7619,-2.3000000000000003,0,4,3,1,0.619583887513727,,660.4
7620,-2.3000000000000003,0,4,3,1,0.619583887513727,,660.4
7621,-4.300000000000001,0,4,3,1,0.619583887513727,,660.5
7622,-4.300000000000001,0,4,3,1,0.619583887513727,,660.5
7623,-0.30000000000000004,0,4,3,1,0.619583887513727,,660.6
7624,-2.3000000000000003,0,4,3,1,0.619583887513727,,660.7
7625,5.7,1,4,3,1,0.619583887513727,,660.7
7626,-2.3000000000000003,0,4,3,1,0.619583887513727,,660.8
7627,-0.6000000000000001,0,6,3,1,0.619583887513727,,660.9
7628,-2.6,0,6,3,1,0.619583887513727,,660.9
7629,-4.300000000000001,0,4,3,1,0.619583887513727,,661.0
7630,-0.30000000000000004,0,4,3,1,0.619583887513727,,661.1
7631,-4.6000000000000005,0,6,3,1,0.619583887513727,,661.1
7632,-4.300000000000001,0,4,3,1,0.619583887513727,,661.2
7633,-0.30000000000000004,0,4,3,1,0.619583887513727,,661.3
7634,-2.3000000000000003,0,4,3,1,0.619583887513727,,661.3
7635,-4.300000000000001,0,4,3,1,0.619583887513727,,661.4
7636,-4.300000000000001,0,4,3,1,0.619583887513727,,661.4
7637,-4.300000000000001,0,4,3,1,0.619583887513727,,661.5
7638,-0.30000000000000004,0,4,3,1,0.619583887513727,,661.6
7639,-0.30000000000000004,0,4,3,1,0.619583887513727,,661.6
7640,-0.30000000000000004,0,4,3,1,0.619583887513727,,661.6
7641,-4.300000000000001,0,4,3,1,0.619583887513727,,661.7
7642,-4.300000000000001,0,4,3,1,0.619583887513727,,661.8
7643,-4.300000000000001,0,4,3,1,0.619583887513727,,661.9
7644,-4.300000000000001,0,4,3,1,0.619583887513727,,661.9
7645,-4.300000000000001,0,4,3,1,0.619583887513727,,662.0
7646,5.7,1,4,3,1,0.619583887513727,,662.0
7647,-2.3000000000000003,0,4,3,1,0.619583887513727,,662.1
7648,5.7,1,4,3,1,0.619583887513727,,662.2
7649,-4.300000000000001,0,4,3,1,0.619583887513727,,662.2
7650,-2.3000000000000003,0,4,3,1,0.619583887513727,,662.3
7651,-4.300000000000001,0,4,3,1,0.619583887513727,,662.4
7652,5.7,1,4,3,1,0.619583887513727,,662.4
7653,-4.300000000000001,0,4,3,1,0.619583887513727,,662.5
7654,5.7,1,4,3,1,0.619583887513727,,662.6
7655,-2.3000000000000003,0,4,3,1,0.619583887513727,,662.6
7656,-2.3000000000000003,0,4,3,1,0.619583887513727,,662.6
7657,-4.300000000000001,0,4,3,1,0.619583887513727,,662.7
7658,-0.30000000000000004,0,4,3,1,0.619583887513727,,662.8
7659,-4.300000000000001,0,4,3,1,0.619583887513727,,662.8
7660,-4.300000000000001,0,4,3,1,0.619583887513727,,662.9
7661,-4.300000000000001,0,4,3,1,0.619583887513727,,662.9
7662,-4.300000000000001,0,4,3,1,0.619583887513727,,663.1
7663,-4.300000000000001,0,4,3,1,0.619583887513727,,663.1
7664,-4.300000000000001,0,4,3,1,0.619583887513727,,663.2
7665,-5.6000000000000005,0,6,3,1,0.619583887513727,,663.2
7666,-4.300000000000001,0,4,3,1,0.619583887513727,,663.3
7667,-4.300000000000001,0,4,3,1,0.619583887513727,,663.3
7668,-4.300000000000001,0,4,3,1,0.619583887513727,,663.4
7669,-4.300000000000001,0,4,3,1,0.619583887513727,,663.5
7670,-2.3000000000000003,0,4,3,1,0.619583887513727,,663.5
7671,-0.30000000000000004,0,4,3,1,0.619583887513727,,663.6
7672,-2.3000000000000003,0,4,3,1,0.619583887513727,,663.7
7673,-0.30000000000000004,0,4,3,1,0.619583887513727,,663.8
7674,-4.300000000000001,0,4,3,1,0.619583887513727,,663.9
7675,5.7,1,4,3,1,0.619583887513727,,663.9
7676,5.7,1,4,3,1,0.619583887513727,,664.0
7677,-2.3000000000000003,0,4,3,1,0.619583887513727,,664.0
7678,-2.3000000000000003,0,4,3,1,0.619583887513727,,664.1
7679,-2.3000000000000003,0,4,3,1,0.619583887513727,,664.2
7680,5.7,1,4,3,1,0.619583887513727,,664.2
7681,-2.3000000000000003,0,4,3,1,0.619583887513727,,664.3
7682,-4.300000000000001,0,4,3,1,0.619583887513727,,664.3
7683,-4.300000000000001,0,4,3,1,0.619583887513727,,664.4
7684,-2.3000000000000003,0,4,3,1,0.619583887513727,,664.5
7685,-4.300000000000001,0,4,3,1,0.619583887513727,,664.5
7686,-4.300000000000001,0,4,3,1,0.619583887513727,,664.6
7687,-4.300000000000001,0,4,3,1,0.619583887513727,,664.6
7688,5.7,1,4,3,1,0.619583887513727,,664.7
7689,-4.300000000000001,0,4,3,1,0.619583887513727,,664.7
7690,-2.3000000000000003,0,4,3,1,0.619583887513727,,664.8
7691,-5.6000000000000005,0,6,3,1,0.619583887513727,,664.9
7692,-0.30000000000000004,0,4,3,1,0.619583887513727,,665.0
7693,-2.3000000000000003,0,4,3,1,0.619583887513727,,665.0
7694,-4.300000000000001,0,4,3,1,0.619583887513727,,665.1
7695,-2.3000000000000003,0,4,3,1,0.619583887513727,,665.1
7696,-0.30000000000000004,0,4,3,1,0.619583887513727,,665.2
7697,-4.300000000000001,0,4,3,1,0.619583887513727,,665.2
7698,-4.300000000000001,0,4,3,1,0.619583887513727,,665.3
7699,-4.300000000000001,0,4,3,1,0.619583887513727,,665.3
7700,-2.3000000000000003,0,4,3,1,0.619583887513727,,665.4
7701,-4.300000000000001,0,4,3,1,0.619583887513727,,665.5
7702,-4.300000000000001,0,4,3,1,0.619583887513727,,665.5
7703,-4.300000000000001,0,4,3,1,0.619583887513727,,665.6
7704,-4.300000000000001,0,4,3,1,0.619583887513727,,665.7
7705,-4.300000000000001,0,4,3,1,0.619583887513727,,665.7
7706,-4.300000000000001,0,4,3,1,0.619583887513727,,665.8
7707,-2.3000000000000003,0,4,3,1,0.619583887513727,,665.9
7708,-4.300000000000001,0,4,3,1,0.619583887513727,,665.9
7709,-4.300000000000001,0,4,3,1,0.619583887513727,,666.0
7710,-4.300000000000001,0,4,3,1,0.619583887513727,,666.0
7711,-4.6000000000000005,0,6,3,1,0.619583887513727,,666.1
7712,-4.300000000000001,0,4,3,1,0.619583887513727,,666.1
7713,-4.300000000000001,0,4,3,1,0.619583887513727,,666.2
7714,-4.300000000000001,0,4,3,1,0.619583887513727,,666.3
7715,-4.300000000000001,0,4,3,1,0.619583887513727,,666.3
7716,-4.300000000000001,0,4,3,1,0.619583887513727,,666.4
7717,-4.300000000000001,0,4,3,1,0.619583887513727,,666.5
7718,-4.300000000000001,0,4,3,1,0.619583887513727,,666.5
7719,-4.300000000000001,0,4,3,1,0.619583887513727,,666.6
7720,-4.300000000000001,0,4,3,1,0.619583887513727,,666.7
7721,-0.30000000000000004,0,4,3,1,0.619583887513727,,666.7
7722,-4.300000000000001,0,4,3,1,0.619583887513727,,666.8
7723,-4.300000000000001,0,4,3,1,0.619583887513727,,666.9
7724,-4.300000000000001,0,4,3,1,0.619583887513727,,666.9
7725,-4.300000000000001,0,4,3,1,0.619583887513727,,667.0
7726,-4.300000000000001,0,4,3,1,0.619583887513727,,667.0
7727,-5.6000000000000005,0,6,3,1,0.619583887513727,,667.1
7728,-2.3000000000000003,0,4,3,1,0.619583887513727,,667.2
7729,5.7,1,4,3,1,0.619583887513727,,667.2
7730,-4.300000000000001,0,4,3,1,0.619583887513727,,667.3
7731,-3.6000000000000005,0,6,3,1,0.619583887513727,,667.4
7732,-2.3000000000000003,0,4,3,1,0.619583887513727,,667.4
7733,-4.300000000000001,0,4,3,1,0.619583887513727,,667.5
7734,-5.9,0,8,3,1,0.619583887513727,,667.6
7735,-4.300000000000001,0,4,3,1,0.619583887513727,,667.6
7736,-4.300000000000001,0,4,3,1,0.619583887513727,,667.7
7737,-4.300000000000001,0,4,3,1,0.619583887513727,,667.8
7738,-2.3000000000000003,0,4,3,1,0.619583887513727,,667.9
7739,-4.300000000000001,0,4,3,1,0.619583887513727,,667.9
7740,-4.300000000000001,0,4,3,1,0.619583887513727,,668.0
7741,-4.300000000000001,0,4,3,1,0.619583887513727,,668.0
7742,-4.300000000000001,0,4,3,1,0.619583887513727,,668.1
7743,5.7,1,4,3,1,0.619583887513727,,668.1
7744,-4.300000000000001,0,4,3,1,0.619583887513727,,668.2
7745,-4.300000000000001,0,4,3,1,0.619583887513727,,668.2
7746,5.7,1,4,3,1,0.619583887513727,,668.3
7747,-0.30000000000000004,0,4,3,1,0.619583887513727,,668.3
7748,-4.300000000000001,0,4,3,1,0.619583887513727,,668.4
7749,-4.300000000000001,0,4,3,1,0.619583887513727,,668.5
7750,-0.30000000000000004,0,4,3,1,0.619583887513727,,668.5
7751,-4.300000000000001,0,4,3,1,0.619583887513727,,668.5
7752,5.7,1,4,3,1,0.619583887513727,,668.6
7753,-4.300000000000001,0,4,3,1,0.619583887513727,,668.7
7754,-2.3000000000000003,0,4,3,1,0.619583887513727,,668.7
7755,-0.30000000000000004,0,4,3,1,0.619583887513727,,668.8
7756,-4.300000000000001,0,4,3,1,0.619583887513727,,668.8
7757,-0.30000000000000004,0,4,3,1,0.619583887513727,,668.9
7758,-2.3000000000000003,0,4,3,1,0.619583887513727,,669.0
7759,-2.3000000000000003,0,4,3,1,0.619583887513727,,669.0
7760,-2.3000000000000003,0,4,3,1,0.619583887513727,,669.1
7761,-4.300000000000001,0,4,3,1,0.619583887513727,,669.2
7762,-4.300000000000001,0,4,3,1,0.619583887513727,,669.2
7763,-4.300000000000001,0,4,3,1,0.619583887513727,,669.3
7764,-4.300000000000001,0,4,3,1,0.619583887513727,,669.3
7765,-4.300000000000001,0,4,3,1,0.619583887513727,,669.4
7766,-2.3000000000000003,0,4,3,1,0.619583887513727,,669.4
7767,-0.30000000000000004,0,4,3,1,0.619583887513727,,669.5
7768,-4.300000000000001,0,4,3,1,0.619583887513727,,669.6
7769,-2.3000000000000003,0,4,3,1,0.619583887513727,,669.6
7770,-2.3000000000000003,0,4,3,1,0.619583887513727,,669.7
7771,-2.3000000000000003,0,4,3,1,0.619583887513727,,669.7
7772,-4.300000000000001,0,4,3,1,0.619583887513727,,669.8
7773,-2.3000000000000003,0,4,3,1,0.619583887513727,,669.9
7774,-4.300000000000001,0,4,3,1,0.619583887513727,,670.0
7775,-4.300000000000001,0,4,3,1,0.619583887513727,,670.0
7776,-4.300000000000001,0,4,3,1,0.619583887513727,,670.1
7777,-4.300000000000001,0,4,3,1,0.619583887513727,,670.2
7778,-0.6000000000000001,0,6,3,1,0.619583887513727,,670.3
7779,-4.300000000000001,0,4,3,1,0.619583887513727,,670.4
7780,-3.6000000000000005,0,6,3,1,0.619583887513727,,670.4
7781,-4.300000000000001,0,4,3,1,0.619583887513727,,670.5
7782,-4.300000000000001,0,4,3,1,0.619583887513727,,670.6
7783,-2.3000000000000003,0,4,3,1,0.619583887513727,,670.6
7784,-4.300000000000001,0,4,3,1,0.619583887513727,,670.7
7785,-2.3000000000000003,0,4,3,1,0.619583887513727,,670.8
7786,-4.300000000000001,0,4,3,1,0.619583887513727,,670.8
7787,-4.300000000000001,0,4,3,1,0.619583887513727,,670.8
7788,-4.300000000000001,0,4,3,1,0.619583887513727,,670.9
7789,-2.3000000000000003,0,4,3,1,0.619583887513727,,670.9
7790,-4.300000000000001,0,4,3,1,0.619583887513727,,671.0
7791,5.7,1,4,3,1,0.619583887513727,,671.1
7792,-4.300000000000001,0,4,3,1,0.619583887513727,,671.1
7793,-0.30000000000000004,0,4,3,1,0.619583887513727,,671.2
7794,-4.300000000000001,0,4,3,1,0.619583887513727,,671.3
7795,-2.3000000000000003,0,4,3,1,0.619583887513727,,671.3
7796,-4.300000000000001,0,4,3,1,0.619583887513727,,671.4
7797,-2.3000000000000003,0,4,3,1,0.619583887513727,,671.4
7798,-0.30000000000000004,0,4,3,1,0.619583887513727,,671.4
7799,-4.300000000000001,0,4,3,1,0.619583887513727,,671.5
7800,-4.300000000000001,0,4,3,1,0.619583887513727,,671.6
7801,-4.300000000000001,0,4,3,1,0.619583887513727,,671.6
7802,-4.300000000000001,0,4,3,1,0.619583887513727,,671.7
7803,-4.300000000000001,0,4,3,1,0.619583887513727,,671.8
7804,-2.3000000000000003,0,4,3,1,0.619583887513727,,671.8
7805,-4.300000000000001,0,4,3,1,0.619583887513727,,671.9
7806,-4.300000000000001,0,4,3,1,0.619583887513727,,671.9
7807,-4.300000000000001,0,4,3,1,0.619583887513727,,672.0
7808,-4.300000000000001,0,4,3,1,0.619583887513727,,672.0
7809,-2.3000000000000003,0,4,3,1,0.619583887513727,,672.1
7810,-4.300000000000001,0,4,3,1,0.619583887513727,,672.2
7811,-4.300000000000001,0,4,3,1,0.619583887513727,,672.2
7812,-2.3000000000000003,0,4,3,1,0.619583887513727,,672.3
7813,-4.300000000000001,0,4,3,1,0.619583887513727,,672.4
7814,-4.300000000000001,0,4,3,1,0.619583887513727,,672.4
7815,-4.300000000000001,0,4,3,1,0.619583887513727,,672.5
7816,-4.6000000000000005,0,6,3,1,0.619583887513727,,672.6
7817,-4.300000000000001,0,4,3,1,0.619583887513727,,672.7
7818,-4.300000000000001,0,4,3,1,0.619583887513727,,672.7
7819,-2.3000000000000003,0,4,3,1,0.619583887513727,,672.8
7820,-4.300000000000001,0,4,3,1,0.619583887513727,,672.9
7821,5.7,1,4,3,1,0.619583887513727,,672.9
7822,-2.3000000000000003,0,4,3,1,0.619583887513727,,673.0
7823,-4.300000000000001,0,4,3,1,0.619583887513727,,673.0
7824,-4.300000000000001,0,4,3,1,0.619583887513727,,673.1
7825,-4.300000000000001,0,4,3,1,0.619583887513727,,673.1
7826,-4.300000000000001,0,4,3,1,0.619583887513727,,673.2
7827,-4.300000000000001,0,4,3,1,0.619583887513727,,673.3
7828,-4.300000000000001,0,4,3,1,0.619583887513727,,673.4
7829,-2.3000000000000003,0,4,3,1,0.619583887513727,,673.5
7830,-4.300000000000001,0,4,3,1,0.619583887513727,,673.5
7831,-4.300000000000001,0,4,3,1,0.619583887513727,,673.6
7832,-2.3000000000000003,0,4,3,1,0.619583887513727,,673.6
7833,-2.3000000000000003,0,4,3,1,0.619583887513727,,673.7
7834,-4.300000000000001,0,4,3,1,0.619583887513727,,673.8
7835,-4.300000000000001,0,4,3,1,0.619583887513727,,673.9
7836,-0.30000000000000004,0,4,3,1,0.619583887513727,,673.9
7837,5.7,1,4,3,1,0.619583887513727,,674.0
7838,-4.300000000000001,0,4,3,1,0.619583887513727,,674.1
7839,-2.3000000000000003,0,4,3,1,0.619583887513727,,674.1
7840,-4.300000000000001,0,4,3,1,0.619583887513727,,674.2
7841,-4.300000000000001,0,4,3,1,0.619583887513727,,674.2
7842,5.7,1,4,3,1,0.619583887513727,,674.3
7843,-4.300000000000001,0,4,3,1,0.619583887513727,,674.4
7844,-4.300000000000001,0,4,3,1,0.619583887513727,,674.5
7845,-0.30000000000000004,0,4,3,1,0.619583887513727,,674.5
7846,-4.300000000000001,0,4,3,1,0.619583887513727,,674.5
7847,-2.3000000000000003,0,4,3,1,0.619583887513727,,674.6
7848,-4.9,0,8,3,1,0.619583887513727,,674.7
7849,-2.3000000000000003,0,4,3,1,0.619583887513727,,674.7
7850,-0.30000000000000004,0,4,3,1,0.619583887513727,,674.8
7851,-4.300000000000001,0,4,3,1,0.619583887513727,,674.8
7852,-4.300000000000001,0,4,3,1,0.619583887513727,,674.9
7853,-3.6,0,6,3,1,0.619583887513727,,675.0
7854,-4.300000000000001,0,4,3,1,0.619583887513727,,675.0
7855,-5.6000000000000005,0,6,3,1,0.619583887513727,,675.1
7856,-4.300000000000001,0,4,3,1,0.619583887513727,,675.1
7857,-4.300000000000001,0,4,3,1,0.619583887513727,,675.2
7858,-4.300000000000001,0,4,3,1,0.619583887513727,,675.3
7859,5.7,1,4,3,1,0.619583887513727,,675.3
7860,5.7,1,4,3,1,0.619583887513727,,675.3
7861,-4.300000000000001,0,4,3,1,0.619583887513727,,675.4
7862,5.7,1,4,3,1,0.619583887513727,,675.4
7863,-4.300000000000001,0,4,3,1,0.619583887513727,,675.5
7864,-4.300000000000001,0,4,3,1,0.619583887513727,,675.6
7865,-0.30000000000000004,0,4,3,1,0.619583887513727,,675.6
7866,-4.300000000000001,0,4,3,1,0.619583887513727,,675.7
7867,5.7,1,4,3,1,0.619583887513727,,675.8
7868,-4.300000000000001,0,4,3,1,0.619583887513727,,675.8
7869,-2.3000000000000003,0,4,3,1,0.619583887513727,,675.9
7870,-4.300000000000001,0,4,3,1,0.619583887513727,,675.9
7871,-4.300000000000001,0,4,3,1,0.619583887513727,,676.0
7872,-2.3000000000000003,0,4,3,1,0.619583887513727,,676.1
7873,-4.300000000000001,0,4,3,1,0.619583887513727,,676.1
7874,-2.3000000000000003,0,4,3,1,0.619583887513727,,676.2
7875,-2.3000000000000003,0,4,3,1,0.619583887513727,,676.2
7876,5.7,1,4,3,1,0.619583887513727,,676.3
7877,-0.30000000000000004,0,4,3,1,0.619583887513727,,676.4
7878,-4.300000000000001,0,4,3,1,0.619583887513727,,676.4
7879,-4.300000000000001,0,4,3,1,0.619583887513727,,676.5
7880,-5.6000000000000005,0,6,3,1,0.619583887513727,,676.5
7881,-4.300000000000001,0,4,3,1,0.619583887513727,,676.6
7882,5.7,1,4,3,1,0.619583887513727,,676.7
7883,-0.30000000000000004,0,4,3,1,0.619583887513727,,676.8
7884,-2.3000000000000003,0,4,3,1,0.619583887513727,,676.8
7885,-4.6,0,6,3,1,0.619583887513727,,676.9
7886,-4.300000000000001,0,4,3,1,0.619583887513727,,677.0
7887,-4.300000000000001,0,4,3,1,0.619583887513727,,677.0
7888,-4.300000000000001,0,4,3,1,0.619583887513727,,677.1
7889,-2.3000000000000003,0,4,3,1,0.619583887513727,,677.1
7890,-0.30000000000000004,0,4,3,1,0.619583887513727,,677.2
7891,-4.300000000000001,0,4,3,1,0.619583887513727,,677.2
7892,-0.30000000000000004,0,4,3,1,0.619583887513727,,677.3
7893,-4.300000000000001,0,4,3,1,0.619583887513727,,677.3
7894,-5.6000000000000005,0,6,3,1,0.619583887513727,,677.4
7895,5.7,1,4,3,1,0.619583887513727,,677.5
7896,-4.300000000000001,0,4,3,1,0.619583887513727,,677.5
7897,-4.300000000000001,0,4,3,1,0.619583887513727,,677.6
7898,-4.300000000000001,0,4,3,1,0.619583887513727,,677.6
7899,-5.4,0,5,4,1,0.619583887513727,,677.7
7900,-4.300000000000001,0,4,3,1,0.619583887513727,,677.7
7901,-4.300000000000001,0,4,3,1,0.619583887513727,,677.8
7902,5.7,1,4,3,1,0.619583887513727,,677.9
7903,-4.300000000000001,0,4,3,1,0.619583887513727,,678.0
7904,-4.300000000000001,0,4,3,1,0.619583887513727,,678.1
7905,-2.3000000000000003,0,4,3,1,0.619583887513727,,678.1
7906,-2.3000000000000003,0,4,3,1,0.619583887513727,,678.2
7907,-4.300000000000001,0,4,3,1,0.619583887513727,,678.3
7908,-4.300000000000001,0,4,3,1,0.619583887513727,,678.3
7909,-4.300000000000001,0,4,3,1,0.619583887513727,,678.4
7910,5.7,1,4,3,1,0.619583887513727,,678.4
7911,-4.300000000000001,0,4,3,1,0.619583887513727,,678.5
7912,-4.300000000000001,0,4,3,1,0.619583887513727,,678.5
7913,5.7,1,4,3,1,0.619583887513727,,678.6
7914,-2.3000000000000003,0,4,3,1,0.619583887513727,,678.7
7915,5.7,1,4,3,1,0.619583887513727,,678.7
7916,-2.3000000000000003,0,4,3,1,0.619583887513727,,678.8
7917,5.7,1,4,3,1,0.619583887513727,,678.8
7918,-4.300000000000001,0,4,3,1,0.619583887513727,,678.9
7919,-4.300000000000001,0,4,3,1,0.619583887513727,,678.9
7920,5.7,1,4,3,1,0.619583887513727,,679.0
7921,-4.300000000000001,0,4,3,1,0.619583887513727,,679.0
7922,-4.300000000000001,0,4,3,1,0.619583887513727,,679.1
7923,-2.3000000000000003,0,4,3,1,0.619583887513727,,679.2
7924,-4.300000000000001,0,4,3,1,0.619583887513727,,679.3
7925,-4.300000000000001,0,4,3,1,0.619583887513727,,679.3
7926,-4.300000000000001,0,4,3,1,0.619583887513727,,679.4
7927,-4.300000000000001,0,4,3,1,0.619583887513727,,679.5
7928,-4.300000000000001,0,4,3,1,0.619583887513727,,679.5
7929,-4.300000000000001,0,4,3,1,0.619583887513727,,679.6
7930,-4.9,0,8,3,1,0.619583887513727,,679.7
7931,-2.3000000000000003,0,4,3,1,0.619583887513727,,679.7
7932,-4.300000000000001,0,4,3,1,0.619583887513727,,679.9
7933,5.7,1,4,3,1,0.619583887513727,,680.0
7934,-4.300000000000001,0,4,3,1,0.619583887513727,,680.0
7935,-4.300000000000001,0,4,3,1,0.619583887513727,,680.1
7936,-2.3000000000000003,0,4,3,1,0.619583887513727,,680.1
7937,-0.30000000000000004,0,4,3,1,0.619583887513727,,680.2
7938,-0.30000000000000004,0,4,3,1,0.619583887513727,,680.2
7939,-4.300000000000001,0,4,3,1,0.619583887513727,,680.3
7940,-0.30000000000000004,0,4,3,1,0.619583887513727,,680.3
7941,-4.300000000000001,0,4,3,1,0.619583887513727,,680.4
7942,-4.300000000000001,0,4,3,1,0.619583887513727,,680.4
7943,5.7,1,4,3,1,0.619583887513727,,680.5
7944,-4.300000000000001,0,4,3,1,0.619583887513727,,680.6
7945,-4.300000000000001,0,4,3,1,0.619583887513727,,680.7
7946,-4.300000000000001,0,4,3,1,0.619583887513727,,680.8
7947,-4.300000000000001,0,4,3,1,0.619583887513727,,680.8
7948,-4.300000000000001,0,4,3,1,0.619583887513727,,680.9
7949,-2.3000000000000003,0,4,3,1,0.619583887513727,,680.9
7950,-5.6000000000000005,0,6,3,1,0.619583887513727,,681.0
7951,-4.300000000000001,0,4,3,1,0.619583887513727,,681.0
7952,-0.30000000000000004,0,4,3,1,0.619583887513727,,681.1
7953,-4.300000000000001,0,4,3,1,0.619583887513727,,681.2
7954,-4.300000000000001,0,4,3,1,0.619583887513727,,681.3
7955,-4.300000000000001,0,4,3,1,0.619583887513727,,681.3
7956,-2.3000000000000003,0,4,3,1,0.619583887513727,,681.4
7957,5.7,1,4,3,1,0.619583887513727,,681.5
7958,0.6000000000000001,0,5,4,1,0.619583887513727,,681.6
7959,-2.3000000000000003,0,4,3,1,0.619583887513727,,681.6
7960,-4.300000000000001,0,4,3,1,0.619583887513727,,681.7
7961,-2.3000000000000003,0,4,3,1,0.619583887513727,,681.8
7962,-0.30000000000000004,0,4,3,1,0.619583887513727,,681.8
7963,-4.300000000000001,0,4,3,1,0.619583887513727,,681.9
7964,-4.300000000000001,0,4,3,1,0.619583887513727,,681.9
7965,-5.6000000000000005,0,6,3,1,0.619583887513727,,682.0
7966,-4.300000000000001,0,4,3,1,0.619583887513727,,682.1
7967,-0.30000000000000004,0,4,3,1,0.619583887513727,,682.2
7968,5.7,1,4,3,1,0.619583887513727,,682.2
7969,-4.300000000000001,0,4,3,1,0.619583887513727,,682.3
7970,-2.3000000000000003,0,4,3,1,0.619583887513727,,682.3
7971,-4.300000000000001,0,4,3,1,0.619583887513727,,682.4
7972,-4.300000000000001,0,4,3,1,0.619583887513727,,682.5
7973,-4.300000000000001,0,4,3,1,0.619583887513727,,682.5
7974,-4.300000000000001,0,4,3,1,0.619583887513727,,682.6
7975,-4.300000000000001,0,4,3,1,0.619583887513727,,682.6
7976,-2.3000000000000003,0,4,3,1,0.619583887513727,,682.7
7977,-4.6,0,6,3,1,0.619583887513727,,682.7
7978,-2.3000000000000003,0,4,3,1,0.619583887513727,,682.8
7979,-4.300000000000001,0,4,3,1,0.619583887513727,,682.9
7980,-0.30000000000000004,0,4,3,1,0.619583887513727,,682.9
7981,-2.3000000000000003,0,4,3,1,0.619583887513727,,683.0
7982,-4.300000000000001,0,4,3,1,0.619583887513727,,683.1
7983,5.7,1,4,3,1,0.619583887513727,,683.2
7984,-4.6,0,6,3,1,0.619583887513727,,683.2
7985,-4.300000000000001,0,4,3,1,0.619583887513727,,683.3
7986,-4.300000000000001,0,4,3,1,0.619583887513727,,683.4
7987,-4.300000000000001,0,4,3,1,0.619583887513727,,683.5
7988,-4.300000000000001,0,4,3,1,0.619583887513727,,683.5
7989,-2.3000000000000003,0,4,3,1,0.619583887513727,,683.6
7990,-4.300000000000001,0,4,3,1,0.619583887513727,,683.7
7991,-4.300000000000001,0,4,3,1,0.619583887513727,,683.8
7992,5.7,1,4,3,1,0.619583887513727,,683.8
7993,-0.30000000000000004,0,4,3,1,0.619583887513727,,683.9
7994,-4.300000000000001,0,4,3,1,0.619583887513727,,684.0
7995,-4.300000000000001,0,4,3,1,0.619583887513727,,684.0
7996,-4.300000000000001,0,4,3,1,0.619583887513727,,684.1
7997,-4.300000000000001,0,4,3,1,0.619583887513727,,684.2
7998,-0.30000000000000004,0,4,3,1,0.619583887513727,,684.2
7999,-4.300000000000001,0,4,3,1,0.619583887513727,,684.3
8000,-4.300000000000001,0,4,3,1,0.619583887513727,,684.3
8001,-4.300000000000001,0,4,3,1,0.619583887513727,,689.4
8002,5.7,1,4,3,1,0.619583887513727,,689.5
8003,-4.300000000000001,0,4,3,1,0.619583887513727,,689.5
8004,-4.300000000000001,0,4,3,1,0.619583887513727,,689.6
8005,5.7,1,4,3,1,0.619583887513727,,689.6
8006,5.7,1,4,3,1,0.619583887513727,,689.7
8007,-0.30000000000000004,0,4,3,1,0.619583887513727,,689.7
8008,-4.300000000000001,0,4,3,1,0.619583887513727,,689.8
8009,-4.300000000000001,0,4,3,1,0.619583887513727,,689.8
8010,-2.3000000000000003,0,4,3,1,0.619583887513727,,689.9
8011,-0.30000000000000004,0,4,3,1,0.619583887513727,,689.9
8012,-2.3000000000000003,0,4,3,1,0.619583887513727,,690.0
8013,5.7,1,4,3,1,0.619583887513727,,690.1
8014,-4.300000000000001,0,4,3,1,0.619583887513727,,690.2
8015,-4.300000000000001,0,4,3,1,0.619583887513727,,690.2
8016,-4.300000000000001,0,4,3,1,0.619583887513727,,690.3
8017,-4.300000000000001,0,4,3,1,0.619583887513727,,690.4
8018,-2.3000000000000003,0,4,3,1,0.619583887513727,,690.5
8019,5.7,1,4,3,1,0.619583887513727,,690.5
8020,-4.300000000000001,0,4,3,1,0.619583887513727,,690.5
8021,-2.3000000000000003,0,4,3,1,0.619583887513727,,690.6
8022,-4.300000000000001,0,4,3,1,0.619583887513727,,690.7
8023,-2.3000000000000003,0,4,3,1,0.619583887513727,,690.8
8024,-4.300000000000001,0,4,3,1,0.619583887513727,,690.8
8025,-4.300000000000001,0,4,3,1,0.619583887513727,,690.9
8026,-2.3000000000000003,0,4,3,1,0.619583887513727,,690.9
8027,-0.30000000000000004,0,4,3,1,0.619583887513727,,691.0
8028,-2.3000000000000003,0,4,3,1,0.619583887513727,,691.1
8029,-0.30000000000000004,0,4,3,1,0.619583887513727,,691.2
8030,-2.3000000000000003,0,4,3,1,0.619583887513727,,691.2
8031,-4.300000000000001,0,4,3,1,0.619583887513727,,691.3
8032,-4.300000000000001,0,4,3,1,0.619583887513727,,691.4
8033,-4.300000000000001,0,4,3,1,0.619583887513727,,691.5
8034,-2.3000000000000003,0,4,3,1,0.619583887513727,,691.5
8035,-4.300000000000001,0,4,3,1,0.619583887513727,,691.6
8036,-4.300000000000001,0,4,3,1,0.619583887513727,,691.6
8037,-2.3000000000000003,0,4,3,1,0.619583887513727,,691.7
8038,-4.300000000000001,0,4,3,1,0.619583887513727,,691.7
8039,6.6,1,5,4,1,0.619583887513727,,691.8
8040,-4.300000000000001,0,4,3,1,0.619583887513727,,691.8
8041,-4.300000000000001,0,4,3,1,0.619583887513727,,691.9
8042,-2.3000000000000003,0,4,3,1,0.619583887513727,,691.9
8043,-4.300000000000001,0,4,3,1,0.619583887513727,,692.0
8044,-4.300000000000001,0,4,3,1,0.619583887513727,,692.1
8045,5.7,1,4,3,1,0.619583887513727,,692.1
8046,-2.3000000000000003,0,4,3,1,0.619583887513727,,692.2
8047,5.7,1,4,3,1,0.619583887513727,,692.2
8048,5.7,1,4,3,1,0.619583887513727,,692.3
8049,-4.300000000000001,0,4,3,1,0.619583887513727,,692.3
8050,5.7,1,4,3,1,0.619583887513727,,692.4
8051,5.4,1,6,3,1,0.619583887513727,,692.4
8052,-4.300000000000001,0,4,3,1,0.619583887513727,,692.5
8053,-2.3000000000000003,0,4,3,1,0.619583887513727,,692.6
8054,-0.30000000000000004,0,4,3,1,0.619583887513727,,692.6
8055,-2.3000000000000003,0,4,3,1,0.619583887513727,,692.6
8056,-0.30000000000000004,0,4,3,1,0.619583887513727,,692.7
8057,-2.3000000000000003,0,4,3,1,0.619583887513727,,692.8
8058,-2.3000000000000003,0,4,3,1,0.619583887513727,,692.8
8059,5.7,1,4,3,1,0.619583887513727,,692.9
8060,-2.3000000000000003,0,4,3,1,0.619583887513727,,693.0
8061,-4.300000000000001,0,4,3,1,0.619583887513727,,693.0
8062,-4.300000000000001,0,4,3,1,0.619583887513727,,693.1
8063,-4.300000000000001,0,4,3,1,0.619583887513727,,693.2
8064,-4.300000000000001,0,4,3,1,0.619583887513727,,693.3
8065,-4.300000000000001,0,4,3,1,0.619583887513727,,693.3
8066,-4.300000000000001,0,4,3,1,0.6122707517351955,1.4839460991788656,694.0
8067,-0.30000000000000004,0,4,3,1,0.6122707517351955,,694.0
8068,5.7,1,4,3,1,0.6122707517351955,,694.1
8069,6.6,1,5,4,1,0.6122707517351955,,694.2
8070,-2.3000000000000003,0,4,3,1,0.6122707517351955,,694.2
8071,-4.300000000000001,0,4,3,1,0.6122707517351955,,694.3
8072,-2.3000000000000003,0,4,3,1,0.6122707517351955,,694.4
8073,-4.300000000000001,0,4,3,1,0.6122707517351955,,694.5
8074,-4.300000000000001,0,4,3,1,0.6122707517351955,,694.6
8075,-4.300000000000001,0,4,3,1,0.6122707517351955,,694.6
8076,5.7,1,4,3,1,0.6122707517351955,,694.7
8077,5.7,1,4,3,1,0.6122707517351955,,694.8
8078,-4.300000000000001,0,4,3,1,0.6122707517351955,,694.9
8079,5.7,1,4,3,1,0.6122707517351955,,695.0
8080,-4.300000000000001,0,4,3,1,0.6122707517351955,,695.1
8081,-5.6000000000000005,0,6,3,1,0.6122707517351955,,695.1
8082,-4.300000000000001,0,4,3,1,0.6122707517351955,,695.2
8083,-4.300000000000001,0,4,3,1,0.6122707517351955,,695.3
8084,-0.30000000000000004,0,4,3,1,0.6122707517351955,,695.3
8085,-2.3000000000000003,0,4,3,1,0.6122707517351955,,695.4
8086,-2.3000000000000003,0,4,3,1,0.6122707517351955,,695.5
8087,-4.300000000000001,0,4,3,1,0.6122707517351955,,695.5
8088,-4.300000000000001,0,4,3,1,0.6122707517351955,,695.6
8089,-4.300000000000001,0,4,3,1,0.6122707517351955,,695.7
8090,-4.300000000000001,0,4,3,1,0.6122707517351955,,695.7
8091,-4.6000000000000005,0,6,3,1,0.6122707517351955,,695.8
8092,-2.3000000000000003,0,4,3,1,0.6122707517351955,,695.8
8093,-4.300000000000001,0,4,3,1,0.6122707517351955,,695.9
8094,-2.3000000000000003,0,4,3,1,0.6122707517351955,,695.9
8095,-2.3000000000000003,0,4,3,1,0.6122707517351955,,696.0
8096,-0.30000000000000004,0,4,3,1,0.6122707517351955,,696.0
8097,-0.30000000000000004,0,4,3,1,0.6122707517351955,,696.1
8098,-4.300000000000001,0,4,3,1,0.6122707517351955,,696.2
8099,-4.300000000000001,0,4,3,1,0.6122707517351955,,696.2
8100,-4.300000000000001,0,4,3,1,0.6122707517351955,,696.3
8101,5.7,1,4,3,1,0.6122707517351955,,696.3
8102,-2.3000000000000003,0,4,3,1,0.6122707517351955,,696.3
8103,5.4,1,6,3,1,0.6122707517351955,,696.4
8104,-0.30000000000000004,0,4,3,1,0.6122707517351955,,696.4
8105,-2.3000000000000003,0,4,3,1,0.6122707517351955,,696.5
8106,-2.3000000000000003,0,4,3,1,0.6122707517351955,,696.5
8107,-4.300000000000001,0,4,3,1,0.6122707517351955,,696.6
8108,-0.30000000000000004,0,4,3,1,0.6122707517351955,,696.7
8109,-2.3000000000000003,0,4,3,1,0.6122707517351955,,696.7
8110,-2.3000000000000003,0,4,3,1,0.6122707517351955,,696.8
8111,-4.300000000000001,0,4,3,1,0.6122707517351955,,696.9
8112,-4.300000000000001,0,4,3,1,0.6122707517351955,,696.9
8113,-4.300000000000001,0,4,3,1,0.6122707517351955,,697.0
8114,-4.300000000000001,0,4,3,1,0.6122707517351955,,697.0
8115,5.7,1,4,3,1,0.6122707517351955,,697.1
8116,-4.300000000000001,0,4,3,1,0.6122707517351955,,697.2
8117,-4.300000000000001,0,4,3,1,0.6122707517351955,,697.3
8118,-4.300000000000001,0,4,3,1,0.6122707517351955,,697.4
8119,-4.300000000000001,0,4,3,1,0.6122707517351955,,697.4
8120,-0.30000000000000004,0,4,3,1,0.6122707517351955,,697.5
8121,-4.300000000000001,0,4,3,1,0.6122707517351955,,697.5
8122,-0.30000000000000004,0,4,3,1,0.6122707517351955,,697.6
8123,-4.300000000000001,0,4,3,1,0.6122707517351955,,697.7
8124,-4.300000000000001,0,4,3,1,0.6122707517351955,,697.7
8125,-4.300000000000001,0,4,3,1,0.6122707517351955,,697.7
8126,-4.300000000000001,0,4,3,1,0.6122707517351955,,697.8
8127,-4.300000000000001,0,4,3,1,0.6122707517351955,,697.8
8128,-0.30000000000000004,0,4,3,1,0.6122707517351955,,697.9
8129,5.7,1,4,3,1,0.6122707517351955,,698.0
8130,-4.300000000000001,0,4,3,1,0.6122707517351955,,698.0
8131,-4.300000000000001,0,4,3,1,0.6122707517351955,,698.1
8132,-4.300000000000001,0,4,3,1,0.6122707517351955,,698.2
8133,5.7,1,4,3,1,0.6122707517351955,,698.4
8134,-2.3000000000000003,0,4,3,1,0.6122707517351955,,698.4
8135,-4.300000000000001,0,4,3,1,0.6122707517351955,,698.5
8136,-2.3000000000000003,0,4,3,1,0.6122707517351955,,698.6
8137,-4.300000000000001,0,4,3,1,0.6122707517351955,,698.6
8138,-0.30000000000000004,0,4,3,1,0.6122707517351955,,698.7
8139,-4.300000000000001,0,4,3,1,0.6122707517351955,,698.7
8140,-4.300000000000001,0,4,3,1,0.6122707517351955,,698.8
8141,-2.3000000000000003,0,4,3,1,0.6122707517351955,,698.8
8142,-4.300000000000001,0,4,3,1,0.6122707517351955,,698.8
8143,-4.300000000000001,0,4,3,1,0.6122707517351955,,698.9
8144,-0.30000000000000004,0,4,3,1,0.6122707517351955,,698.9
8145,-0.30000000000000004,0,4,3,1,0.6122707517351955,,699.0
8146,-4.300000000000001,0,4,3,1,0.6122707517351955,,699.1
8147,-0.30000000000000004,0,4,3,1,0.6122707517351955,,699.1
8148,-2.3000000000000003,0,4,3,1,0.6122707517351955,,699.1
8149,-4.300000000000001,0,4,3,1,0.6122707517351955,,699.2
8150,5.7,1,4,3,1,0.6122707517351955,,699.2
8151,-2.3000000000000003,0,4,3,1,0.6122707517351955,,699.3
8152,-4.300000000000001,0,4,3,1,0.6122707517351955,,699.4
8153,-4.300000000000001,0,4,3,1,0.6122707517351955,,699.4
8154,-4.300000000000001,0,4,3,1,0.6122707517351955,,699.5
8155,-4.300000000000001,0,4,3,1,0.6122707517351955,,699.5
8156,5.7,1,4,3,1,0.6122707517351955,,699.6
8157,-4.300000000000001,0,4,3,1,0.6122707517351955,,699.6
8158,-4.300000000000001,0,4,3,1,0.6122707517351955,,699.7
8159,-2.3000000000000003,0,4,3,1,0.6122707517351955,,699.7
8160,-4.300000000000001,0,4,3,1,0.6122707517351955,,699.7
8161,-0.30000000000000004,0,4,3,1,0.6122707517351955,,699.8
8162,-4.300000000000001,0,4,3,1,0.6122707517351955,,699.8
8163,-4.300000000000001,0,4,3,1,0.6122707517351955,,699.9
8164,5.7,1,4,3,1,0.6122707517351955,,700.0
8165,-4.300000000000001,0,4,3,1,0.6122707517351955,,700.0
8166,-2.3000000000000003,0,4,3,1,0.6122707517351955,,700.0
8167,-4.300000000000001,0,4,3,1,0.6122707517351955,,700.1
8168,-4.300000000000001,0,4,3,1,0.6122707517351955,,700.2
8169,5.7,1,4,3,1,0.6122707517351955,,700.2
8170,-2.3000000000000003,0,4,3,1,0.6122707517351955,,700.3
8171,-4.300000000000001,0,4,3,1,0.6122707517351955,,700.3
8172,-4.300000000000001,0,4,3,1,0.6122707517351955,,700.3
8173,-4.300000000000001,0,4,3,1,0.6122707517351955,,700.4
8174,-4.300000000000001,0,4,3,1,0.6122707517351955,,700.5
8175,-4.300000000000001,0,4,3,1,0.6122707517351955,,700.6
8176,-4.300000000000001,0,4,3,1,0.6122707517351955,,700.6
8177,5.7,1,4,3,1,0.6122707517351955,,700.7
8178,-4.300000000000001,0,4,3,1,0.6122707517351955,,700.8
8179,-4.300000000000001,0,4,3,1,0.6122707517351955,,700.8
8180,-2.3000000000000003,0,4,3,1,0.6122707517351955,,700.9
8181,-4.300000000000001,0,4,3,1,0.6122707517351955,,701.0
8182,-4.300000000000001,0,4,3,1,0.6122707517351955,,701.0
8183,-2.3000000000000003,0,4,3,1,0.6122707517351955,,701.1
8184,-2.3000000000000003,0,4,3,1,0.6122707517351955,,701.1
8185,-2.3000000000000003,0,4,3,1,0.6122707517351955,,701.2
8186,5.7,1,4,3,1,0.6122707517351955,,701.2
8187,-4.300000000000001,0,4,3,1,0.6122707517351955,,701.3
8188,-4.300000000000001,0,4,3,1,0.6122707517351955,,701.4
8189,-4.300000000000001,0,4,3,1,0.6122707517351955,,701.4
8190,-4.300000000000001,0,4,3,1,0.6122707517351955,,701.5
8191,-2.3000000000000003,0,4,3,1,0.6122707517351955,,701.5
8192,-4.300000000000001,0,4,3,1,0.6122707517351955,,701.5
8193,-2.3000000000000003,0,4,3,1,0.6122707517351955,,701.6
8194,5.7,1,4,3,1,0.6122707517351955,,701.7
8195,-4.300000000000001,0,4,3,1,0.6122707517351955,,701.7
8196,-4.300000000000001,0,4,3,1,0.6122707517351955,,701.8
8197,-4.300000000000001,0,4,3,1,0.6122707517351955,,701.9
8198,-3.9000000000000004,0,8,3,1,0.6122707517351955,,702.0
8199,-0.6000000000000001,0,6,3,1,0.6122707517351955,,702.1
8200,-0.30000000000000004,0,4,3,1,0.6122707517351955,,702.1
8201,-4.6,0,6,3,1,0.6122707517351955,,702.2
8202,-4.300000000000001,0,4,3,1,0.6122707517351955,,702.3
8203,-2.3000000000000003,0,4,3,1,0.6122707517351955,,702.4
8204,-2.3000000000000003,0,4,3,1,0.6122707517351955,,702.4
8205,5.7,1,4,3,1,0.6122707517351955,,702.5
8206,5.7,1,4,3,1,0.6122707517351955,,702.5
8207,-4.300000000000001,0,4,3,1,0.6122707517351955,,702.6
8208,5.7,1,4,3,1,0.6122707517351955,,702.7
8209,-0.30000000000000004,0,4,3,1,0.6122707517351955,,702.7
8210,5.7,1,4,3,1,0.6122707517351955,,702.8
8211,-2.3000000000000003,0,4,3,1,0.6122707517351955,,702.8
8212,-0.30000000000000004,0,4,3,1,0.6122707517351955,,702.9
8213,-4.300000000000001,0,4,3,1,0.6122707517351955,,702.9
8214,-0.30000000000000004,0,4,3,1,0.6122707517351955,,702.9
8215,-0.30000000000000004,0,4,3,1,0.6122707517351955,,703.0
8216,-0.30000000000000004,0,4,3,1,0.6122707517351955,,703.1
8217,-4.300000000000001,0,4,3,1,0.6122707517351955,,703.2
8218,-4.300000000000001,0,4,3,1,0.6122707517351955,,703.3
8219,-4.300000000000001,0,4,3,1,0.6122707517351955,,703.3
8220,-0.30000000000000004,0,4,3,1,0.6122707517351955,,703.3
8221,5.7,1,4,3,1,0.6122707517351955,,703.4
8222,-4.300000000000001,0,4,3,1,0.6122707517351955,,703.5
8223,5.7,1,4,3,1,0.6122707517351955,,703.6
8224,-4.300000000000001,0,4,3,1,0.6122707517351955,,703.6
8225,-4.300000000000001,0,4,3,1,0.6122707517351955,,703.7
8226,-4.300000000000001,0,4,3,1,0.6122707517351955,,703.7
8227,-2.3000000000000003,0,4,3,1,0.6122707517351955,,703.8
8228,-4.300000000000001,0,4,3,1,0.6122707517351955,,703.8
8229,-4.300000000000001,0,4,3,1,0.6122707517351955,,703.9
8230,-2.3000000000000003,0,4,3,1,0.6122707517351955,,703.9
8231,-4.300000000000001,0,4,3,1,0.6122707517351955,,704.0
8232,-2.3000000000000003,0,4,3,1,0.6122707517351955,,704.0
8233,-2.3000000000000003,0,4,3,1,0.6122707517351955,,704.1
8234,-2.3000000000000003,0,4,3,1,0.6122707517351955,,704.1
8235,-4.300000000000001,0,4,3,1,0.6122707517351955,,704.2
8236,-4.300000000000001,0,4,3,1,0.6122707517351955,,704.3
8237,-0.30000000000000004,0,4,3,1,0.6122707517351955,,704.3
8238,-4.300000000000001,0,4,3,1,0.6122707517351955,,704.4
8239,-2.3000000000000003,0,4,3,1,0.6122707517351955,,704.5
8240,-0.30000000000000004,0,4,3,1,0.6122707517351955,,704.5
8241,-2.3000000000000003,0,4,3,1,0.6122707517351955,,704.6
8242,-4.300000000000001,0,4,3,1,0.6122707517351955,,704.7
8243,-4.300000000000001,0,4,3,1,0.6122707517351955,,704.7
8244,-0.30000000000000004,0,4,3,1,0.6122707517351955,,704.8
8245,-4.300000000000001,0,4,3,1,0.6122707517351955,,704.9
8246,-4.300000000000001,0,4,3,1,0.6122707517351955,,705.0
8247,-2.3000000000000003,0,4,3,1,0.6122707517351955,,705.0
8248,-4.300000000000001,0,4,3,1,0.6122707517351955,,705.1
8249,-4.6000000000000005,0,6,3,1,0.6122707517351955,,705.2
8250,-4.300000000000001,0,4,3,1,0.6122707517351955,,705.2
8251,-4.6000000000000005,0,6,3,1,0.6122707517351955,,705.3
8252,-0.30000000000000004,0,4,3,1,0.6122707517351955,,705.4
8253,-0.30000000000000004,0,4,3,1,0.6122707517351955,,705.4
8254,-4.300000000000001,0,4,3,1,0.6122707517351955,,705.5
8255,-2.3000000000000003,0,4,3,1,0.6122707517351955,,705.6
8256,-2.3000000000000003,0,4,3,1,0.6122707517351955,,705.6
8257,-4.300000000000001,0,4,3,1,0.6122707517351955,,705.7
8258,-4.300000000000001,0,4,3,1,0.6122707517351955,,705.8
8259,-2.3000000000000003,0,4,3,1,0.6122707517351955,,705.8
8260,-4.300000000000001,0,4,3,1,0.6122707517351955,,705.8
8261,-4.300000000000001,0,4,3,1,0.6122707517351955,,705.9
8262,-0.30000000000000004,0,4,3,1,0.6122707517351955,,705.9
8263,-4.300000000000001,0,4,3,1,0.6122707517351955,,706.0
8264,-4.300000000000001,0,4,3,1,0.6122707517351955,,706.1
8265,5.7,1,4,3,1,0.6122707517351955,,706.1
8266,-4.300000000000001,0,4,3,1,0.6122707517351955,,706.2
8267,-0.30000000000000004,0,4,3,1,0.6122707517351955,,706.3
8268,-4.300000000000001,0,4,3,1,0.6122707517351955,,706.3
8269,-0.30000000000000004,0,4,3,1,0.6122707517351955,,706.4
8270,-2.3000000000000003,0,4,3,1,0.6122707517351955,,706.5
8271,-2.3000000000000003,0,4,3,1,0.6122707517351955,,706.5
8272,-4.300000000000001,0,4,3,1,0.6122707517351955,,706.6
8273,-2.3000000000000003,0,4,3,1,0.6122707517351955,,706.7
8274,-4.300000000000001,0,4,3,1,0.6122707517351955,,706.7
8275,-5.6000000000000005,0,6,3,1,0.6122707517351955,,706.8
8276,-2.3000000000000003,0,4,3,1,0.6122707517351955,,706.8
8277,-2.3000000000000003,0,4,3,1,0.6122707517351955,,706.9
8278,-4.300000000000001,0,4,3,1,0.6122707517351955,,706.9
8279,-4.300000000000001,0,4,3,1,0.6122707517351955,,707.0
8280,-4.300000000000001,0,4,3,1,0.6122707517351955,,707.0
8281,-4.300000000000001,0,4,3,1,0.6122707517351955,,707.1
8282,-4.300000000000001,0,4,3,1,0.6122707517351955,,707.2
8283,-2.3000000000000003,0,4,3,1,0.6122707517351955,,707.3
8284,-4.300000000000001,0,4,3,1,0.6122707517351955,,707.4
8285,-3.6000000000000005,0,6,3,1,0.6122707517351955,,707.4
8286,-4.300000000000001,0,4,3,1,0.6122707517351955,,707.5
8287,-4.300000000000001,0,4,3,1,0.6122707517351955,,707.5
8288,-2.3000000000000003,0,4,3,1,0.6122707517351955,,707.6
8289,-0.30000000000000004,0,4,3,1,0.6122707517351955,,707.6
8290,-4.300000000000001,0,4,3,1,0.6122707517351955,,707.8
8291,-0.30000000000000004,0,4,3,1,0.6122707517351955,,707.9
8292,5.7,1,4,3,1,0.6122707517351955,,708.0
8293,-4.300000000000001,0,4,3,1,0.6122707517351955,,708.0
8294,-4.300000000000001,0,4,3,1,0.6122707517351955,,708.1
8295,-4.300000000000001,0,4,3,1,0.6122707517351955,,708.1
8296,5.7,1,4,3,1,0.6122707517351955,,708.2
8297,-4.300000000000001,0,4,3,1,0.6122707517351955,,708.2
8298,-2.3000000000000003,0,4,3,1,0.6122707517351955,,708.3
8299,-2.3000000000000003,0,4,3,1,0.6122707517351955,,708.4
8300,-2.3000000000000003,0,4,3,1,0.6122707517351955,,708.5
8301,-1.6,0,6,3,1,0.6122707517351955,,708.5
8302,-4.300000000000001,0,4,3,1,0.6122707517351955,,708.6
8303,5.7,1,4,3,1,0.6122707517351955,,708.7
8304,-4.300000000000001,0,4,3,1,0.6122707517351955,,708.8
8305,-4.300000000000001,0,4,3,1,0.6122707517351955,,708.8
8306,-4.300000000000001,0,4,3,1,0.6122707517351955,,708.9
8307,-4.300000000000001,0,4,3,1,0.6122707517351955,,709.0
8308,-4.300000000000001,0,4,3,1,0.6122707517351955,,709.0
8309,-2.3000000000000003,0,4,3,1,0.6122707517351955,,709.1
8310,-3.6000000000000005,0,6,3,1,0.6122707517351955,,709.2
8311,-2.3000000000000003,0,4,3,1,0.6122707517351955,,709.2
8312,-2.3000000000000003,0,4,3,1,0.6122707517351955,,709.3
8313,-0.30000000000000004,0,4,3,1,0.6122707517351955,,709.3
8314,-2.3000000000000003,0,4,3,1,0.6122707517351955,,709.4
8315,-2.3000000000000003,0,4,3,1,0.6122707517351955,,709.4
8316,-2.3000000000000003,0,4,3,1,0.6122707517351955,,709.5
8317,-2.3000000000000003,0,4,3,1,0.6122707517351955,,709.6
8318,-4.300000000000001,0,4,3,1,0.6122707517351955,,709.7
8319,-4.300000000000001,0,4,3,1,0.6122707517351955,,709.8
8320,-0.30000000000000004,0,4,3,1,0.6122707517351955,,709.8
8321,5.7,1,4,3,1,0.6122707517351955,,709.9
8322,-4.300000000000001,0,4,3,1,0.6122707517351955,,709.9
8323,-4.300000000000001,0,4,3,1,0.6122707517351955,,710.0
8324,-0.30000000000000004,0,4,3,1,0.6122707517351955,,710.1
8325,-4.300000000000001,0,4,3,1,0.6122707517351955,,710.1
8326,-4.300000000000001,0,4,3,1,0.6122707517351955,,710.2
8327,-4.300000000000001,0,4,3,1,0.6122707517351955,,710.3
8328,-4.300000000000001,0,4,3,1,0.6122707517351955,,710.3
8329,-4.6,0,6,3,1,0.6122707517351955,,710.4
8330,-4.300000000000001,0,4,3,1,0.6122707517351955,,710.5
8331,-2.3000000000000003,0,4,3,1,0.6122707517351955,,710.5
8332,-4.300000000000001,0,4,3,1,0.6122707517351955,,710.6
8333,-4.300000000000001,0,4,3,1,0.6122707517351955,,710.7
8334,-4.300000000000001,0,4,3,1,0.6122707517351955,,710.8
8335,-4.300000000000001,0,4,3,1,0.6122707517351955,,710.8
8336,-4.300000000000001,0,4,3,1,0.6122707517351955,,710.9
8337,-4.300000000000001,0,4,3,1,0.6122707517351955,,711.0
8338,5.7,1,4,3,1,0.6122707517351955,,711.1
8339,-4.300000000000001,0,4,3,1,0.6122707517351955,,711.2
8340,-4.300000000000001,0,4,3,1,0.6122707517351955,,711.2
8341,-5.4,0,5,4,1,0.6122707517351955,,711.3
8342,-5.6000000000000005,0,6,3,1,0.6122707517351955,,711.4
8343,-2.3000000000000003,0,4,3,1,0.6122707517351955,,711.4
8344,-2.3000000000000003,0,4,3,1,0.6122707517351955,,711.4
8345,-2.3000000000000003,0,4,3,1,0.6122707517351955,,711.5
8346,-4.300000000000001,0,4,3,1,0.6122707517351955,,711.6
8347,-2.3000000000000003,0,4,3,1,0.6122707517351955,,711.7
8348,-2.3000000000000003,0,4,3,1,0.6122707517351955,,711.8
8349,5.7,1,4,3,1,0.6122707517351955,,711.9
8350,-2.3000000000000003,0,4,3,1,0.6122707517351955,,711.9
8351,5.7,1,4,3,1,0.6122707517351955,,711.9
8352,-4.300000000000001,0,4,3,1,0.6122707517351955,,712.0
8353,-2.3000000000000003,0,4,3,1,0.6122707517351955,,712.1
8354,-4.300000000000001,0,4,3,1,0.6122707517351955,,712.2
8355,-4.300000000000001,0,4,3,1,0.6122707517351955,,712.2
8356,-2.3000000000000003,0,4,3,1,0.6122707517351955,,712.3
8357,-4.300000000000001,0,4,3,1,0.6122707517351955,,712.4
8358,-4.300000000000001,0,4,3,1,0.6122707517351955,,712.5
8359,-4.300000000000001,0,4,3,1,0.6122707517351955,,712.5
8360,-4.300000000000001,0,4,3,1,0.6122707517351955,,712.6
8361,-2.3000000000000003,0,4,3,1,0.6122707517351955,,712.6
8362,-4.300000000000001,0,4,3,1,0.6122707517351955,,712.7
8363,5.7,1,4,3,1,0.6122707517351955,,712.8
8364,-4.300000000000001,0,4,3,1,0.6122707517351955,,712.9
8365,-0.30000000000000004,0,4,3,1,0.6122707517351955,,712.9
8366,5.7,1,4,3,1,0.6122707517351955,,713.0
8367,-0.30000000000000004,0,4,3,1,0.6122707517351955,,713.1
8368,-4.300000000000001,0,4,3,1,0.6122707517351955,,713.1
8369,-2.3000000000000003,0,4,3,1,0.6122707517351955,,713.2
8370,-4.300000000000001,0,4,3,1,0.6122707517351955,,713.2
8371,-4.300000000000001,0,4,3,1,0.6122707517351955,,713.2
8372,5.7,1,4,3,1,0.6122707517351955,,713.3
8373,-4.300000000000001,0,4,3,1,0.6122707517351955,,713.4
8374,-4.300000000000001,0,4,3,1,0.6122707517351955,,713.4
8375,-4.300000000000001,0,4,3,1,0.6122707517351955,,713.5
8376,5.7,1,4,3,1,0.6122707517351955,,713.5
8377,-4.300000000000001,0,4,3,1,0.6122707517351955,,713.6
8378,-4.300000000000001,0,4,3,1,0.6122707517351955,,713.6
8379,-2.3000000000000003,0,4,3,1,0.6122707517351955,,713.7
8380,-0.30000000000000004,0,4,3,1,0.6122707517351955,,713.7
8381,-4.300000000000001,0,4,3,1,0.6122707517351955,,713.7
8382,-2.3000000000000003,0,4,3,1,0.6122707517351955,,713.8
8383,-4.300000000000001,0,4,3,1,0.6122707517351955,,713.8
8384,-4.300000000000001,0,4,3,1,0.6122707517351955,,713.9
8385,-0.30000000000000004,0,4,3,1,0.6122707517351955,,714.0
8386,-4.300000000000001,0,4,3,1,0.6122707517351955,,714.1
8387,-4.300000000000001,0,4,3,1,0.6122707517351955,,714.2
8388,-2.3000000000000003,0,4,3,1,0.6122707517351955,,714.2
8389,-4.300000000000001,0,4,3,1,0.6122707517351955,,714.3
8390,-4.300000000000001,0,4,3,1,0.6122707517351955,,714.4
8391,-4.300000000000001,0,4,3,1,0.6122707517351955,,714.4
8392,-4.300000000000001,0,4,3,1,0.6122707517351955,,714.5
8393,5.7,1,4,3,1,0.6122707517351955,,714.6
8394,-4.300000000000001,0,4,3,1,0.6122707517351955,,714.7
8395,-4.300000000000001,0,4,3,1,0.6122707517351955,,714.8
8396,-4.300000000000001,0,4,3,1,0.6122707517351955,,714.9
8397,5.7,1,4,3,1,0.6122707517351955,,714.9
8398,-2.3000000000000003,0,4,3,1,0.6122707517351955,,715.0
8399,-4.300000000000001,0,4,3,1,0.6122707517351955,,715.1
8400,-4.300000000000001,0,4,3,1,0.6122707517351955,,715.1
8401,-4.300000000000001,0,4,3,1,0.6122707517351955,,715.2
8402,-4.300000000000001,0,4,3,1,0.6122707517351955,,715.3
8403,-2.3000000000000003,0,4,3,1,0.6122707517351955,,715.4
8404,-4.300000000000001,0,4,3,1,0.6122707517351955,,715.5
8405,-4.300000000000001,0,4,3,1,0.6122707517351955,,715.5
8406,5.7,1,4,3,1,0.6122707517351955,,715.6
8407,-2.3000000000000003,0,4,3,1,0.6122707517351955,,715.7
8408,5.7,1,4,3,1,0.6122707517351955,,715.7
8409,5.7,1,4,3,1,0.6122707517351955,,715.7
8410,5.7,1,4,3,1,0.6122707517351955,,715.7
8411,-4.300000000000001,0,4,3,1,0.6122707517351955,,715.8
8412,-4.300000000000001,0,4,3,1,0.6122707517351955,,715.8
8413,-4.300000000000001,0,4,3,1,0.6122707517351955,,715.9
8414,-4.300000000000001,0,4,3,1,0.6122707517351955,,716.0
8415,-4.300000000000001,0,4,3,1,0.6122707517351955,,716.1
8416,-4.300000000000001,0,4,3,1,0.6122707517351955,,716.1
8417,-2.3000000000000003,0,4,3,1,0.6122707517351955,,716.2
8418,-4.300000000000001,0,4,3,1,0.6122707517351955,,716.2
8419,5.7,1,4,3,1,0.6122707517351955,,716.3
8420,-4.300000000000001,0,4,3,1,0.6122707517351955,,716.4
8421,5.7,1,4,3,1,0.6122707517351955,,716.4
8422,-2.3000000000000003,0,4,3,1,0.6122707517351955,,716.5
8423,-4.300000000000001,0,4,3,1,0.6122707517351955,,716.6
8424,-4.300000000000001,0,4,3,1,0.6122707517351955,,716.7
8425,5.7,1,4,3,1,0.6122707517351955,,716.7
8426,-0.30000000000000004,0,4,3,1,0.6122707517351955,,716.8
8427,-4.300000000000001,0,4,3,1,0.6122707517351955,,716.8
8428,-4.300000000000001,0,4,3,1,0.6122707517351955,,716.9
8429,-0.30000000000000004,0,4,3,1,0.6122707517351955,,717.0
8430,5.7,1,4,3,1,0.6122707517351955,,717.0
8431,5.7,1,4,3,1,0.6122707517351955,,717.0
8432,-4.300000000000001,0,4,3,1,0.6122707517351955,,717.1
8433,5.7,1,4,3,1,0.6122707517351955,,717.1
8434,-2.3000000000000003,0,4,3,1,0.6122707517351955,,717.2
8435,-4.300000000000001,0,4,3,1,0.6122707517351955,,717.2
8436,-4.300000000000001,0,4,3,1,0.6122707517351955,,717.3
8437,-2.3000000000000003,0,4,3,1,0.6122707517351955,,717.4
8438,-5.6000000000000005,0,6,3,1,0.6122707517351955,,717.4
8439,-4.300000000000001,0,4,3,1,0.6122707517351955,,717.5
8440,-4.300000000000001,0,4,3,1,0.6122707517351955,,717.6
8441,-4.300000000000001,0,4,3,1,0.6122707517351955,,717.6
8442,-4.300000000000001,0,4,3,1,0.6122707517351955,,717.8
8443,-4.6,0,6,3,1,0.6122707517351955,,717.8
8444,-4.300000000000001,0,4,3,1,0.6122707517351955,,717.9
8445,-4.300000000000001,0,4,3,1,0.6122707517351955,,718.0
8446,-4.300000000000001,0,4,3,1,0.6122707517351955,,718.1
8447,-4.300000000000001,0,4,3,1,0.6122707517351955,,718.1
8448,5.7,1,4,3,1,0.6122707517351955,,718.3
8449,-0.30000000000000004,0,4,3,1,0.6122707517351955,,718.3
8450,-0.30000000000000004,0,4,3,1,0.6122707517351955,,718.4
8451,-4.300000000000001,0,4,3,1,0.6122707517351955,,718.5
8452,-4.300000000000001,0,4,3,1,0.6122707517351955,,718.6
8453,-2.3000000000000003,0,4,3,1,0.6122707517351955,,718.7
8454,-4.300000000000001,0,4,3,1,0.6122707517351955,,718.7
8455,-4.300000000000001,0,4,3,1,0.6122707517351955,,718.8
8456,-0.30000000000000004,0,4,3,1,0.6122707517351955,,718.9
8457,-2.3000000000000003,0,4,3,1,0.6122707517351955,,718.9
8458,-4.300000000000001,0,4,3,1,0.6122707517351955,,719.0
8459,5.7,1,4,3,1,0.6122707517351955,,719.0
8460,-4.300000000000001,0,4,3,1,0.6122707517351955,,719.1
8461,5.7,1,4,3,1,0.6122707517351955,,719.2
8462,0.6000000000000001,0,5,4,1,0.6122707517351955,,719.2
8463,5.7,1,4,3,1,0.6122707517351955,,719.3
8464,-4.300000000000001,0,4,3,1,0.6122707517351955,,719.4
8465,-0.6000000000000001,0,6,3,1,0.6122707517351955,,719.4
8466,-4.300000000000001,0,4,3,1,0.6122707517351955,,719.5
8467,5.7,1,4,3,1,0.6122707517351955,,719.6
8468,-4.300000000000001,0,4,3,1,0.6122707517351955,,719.7
8469,5.7,1,4,3,1,0.6122707517351955,,719.8
8470,-4.300000000000001,0,4,3,1,0.6122707517351955,,719.8
8471,-2.3000000000000003,0,4,3,1,0.6122707517351955,,719.8
8472,5.7,1,4,3,1,0.6122707517351955,,719.9
8473,-4.300000000000001,0,4,3,1,0.6122707517351955,,720.0
8474,-0.30000000000000004,0,4,3,1,0.6122707517351955,,720.0
8475,-4.300000000000001,0,4,3,1,0.6122707517351955,,720.1
8476,-4.300000000000001,0,4,3,1,0.6122707517351955,,720.1
8477,-4.300000000000001,0,4,3,1,0.6122707517351955,,720.2
8478,-1.6,0,6,3,1,0.6122707517351955,,720.3
8479,-2.3000000000000003,0,4,3,1,0.6122707517351955,,720.3
8480,-4.6000000000000005,0,6,3,1,0.6122707517351955,,720.3
8481,-2.3000000000000003,0,4,3,1,0.6122707517351955,,720.4
8482,-4.300000000000001,0,4,3,1,0.6122707517351955,,720.5
8483,-4.300000000000001,0,4,3,1,0.6122707517351955,,720.5
8484,-2.3000000000000003,0,4,3,1,0.6122707517351955,,720.6
8485,-2.3000000000000003,0,4,3,1,0.6122707517351955,,720.7
8486,-0.30000000000000004,0,4,3,1,0.6122707517351955,,720.7
8487,-4.300000000000001,0,4,3,1,0.6122707517351955,,720.8
8488,-5.4,0,5,4,1,0.6122707517351955,,720.9
8489,-4.300000000000001,0,4,3,1,0.6122707517351955,,720.9
8490,5.7,1,4,3,1,0.6122707517351955,,721.0
8491,-4.300000000000001,0,4,3,1,0.6122707517351955,,721.0
8492,5.7,1,4,3,1,0.6122707517351955,,721.1
8493,-2.3000000000000003,0,4,3,1,0.6122707517351955,,721.1
8494,-2.3000000000000003,0,4,3,1,0.6122707517351955,,721.2
8495,-2.3000000000000003,0,4,3,1,0.6122707517351955,,721.2
8496,-2.3000000000000003,0,4,3,1,0.6122707517351955,,721.3
8497,5.7,1,4,3,1,0.6122707517351955,,721.4
8498,5.7,1,4,3,1,0.6122707517351955,,721.5
8499,-4.300000000000001,0,4,3,1,0.6122707517351955,,721.5
8500,-4.300000000000001,0,4,3,1,0.6122707517351955,,721.6
8501,-4.300000000000001,0,4,3,1,0.6122707517351955,,726.5
8502,-2.3000000000000003,0,4,3,1,0.6122707517351955,,726.6
8503,-4.300000000000001,0,4,3,1,0.6122707517351955,,726.6
8504,-4.300000000000001,0,4,3,1,0.6122707517351955,,726.7
8505,-2.3000000000000003,0,4,3,1,0.6122707517351955,,726.8
8506,-4.300000000000001,0,4,3,1,0.6122707517351955,,726.9
8507,-4.300000000000001,0,4,3,1,0.6122707517351955,,727.0
8508,-0.30000000000000004,0,4,3,1,0.6122707517351955,,727.1
8509,-4.6000000000000005,0,6,3,1,0.6122707517351955,,727.2
8510,-4.300000000000001,0,4,3,1,0.6122707517351955,,727.2
8511,5.7,1,4,3,1,0.6122707517351955,,727.3
8512,-4.300000000000001,0,4,3,1,0.6122707517351955,,727.3
8513,-4.300000000000001,0,4,3,1,0.6122707517351955,,727.3
8514,5.7,1,4,3,1,0.6122707517351955,,727.4
8515,-4.300000000000001,0,4,3,1,0.6122707517351955,,727.5
8516,-2.3000000000000003,0,4,3,1,0.6122707517351955,,727.6
8517,-4.300000000000001,0,4,3,1,0.6122707517351955,,727.6
8518,-4.300000000000001,0,4,3,1,0.6122707517351955,,727.7
8519,-4.300000000000001,0,4,3,1,0.6122707517351955,,727.8
8520,-2.3000000000000003,0,4,3,1,0.6122707517351955,,727.8
8521,-2.3000000000000003,0,4,3,1,0.6122707517351955,,727.9
8522,-4.300000000000001,0,4,3,1,0.6122707517351955,,728.0
8523,5.7,1,4,3,1,0.6122707517351955,,728.0
8524,-4.300000000000001,0,4,3,1,0.6122707517351955,,728.1
8525,-0.30000000000000004,0,4,3,1,0.6122707517351955,,728.1
8526,-4.300000000000001,0,4,3,1,0.6122707517351955,,728.2
8527,5.7,1,4,3,1,0.6122707517351955,,728.3
8528,-4.300000000000001,0,4,3,1,0.6122707517351955,,728.4
8529,-4.300000000000001,0,4,3,1,0.6122707517351955,,728.4
8530,-2.3000000000000003,0,4,3,1,0.6122707517351955,,728.5
8531,5.7,1,4,3,1,0.6122707517351955,,728.6
8532,-0.30000000000000004,0,4,3,1,0.6122707517351955,,728.6
8533,-4.300000000000001,0,4,3,1,0.6122707517351955,,728.7
8534,6.6,1,5,4,1,0.6122707517351955,,728.8
8535,5.7,1,4,3,1,0.6122707517351955,,728.8
8536,-4.300000000000001,0,4,3,1,0.6122707517351955,,728.9
8537,-4.300000000000001,0,4,3,1,0.6122707517351955,,729.0
8538,-2.3000000000000003,0,4,3,1,0.6122707517351955,,729.1
8539,-4.300000000000001,0,4,3,1,0.6122707517351955,,729.1
8540,-4.300000000000001,0,4,3,1,0.6122707517351955,,729.2
8541,-0.30000000000000004,0,4,3,1,0.6122707517351955,,729.3
8542,-4.300000000000001,0,4,3,1,0.6122707517351955,,729.4
8543,-4.300000000000001,0,4,3,1,0.6122707517351955,,729.5
8544,-4.300000000000001,0,4,3,1,0.6122707517351955,,729.5
8545,5.7,1,4,3,1,0.6122707517351955,,729.6
8546,-0.30000000000000004,0,4,3,1,0.6122707517351955,,729.7
8547,-4.300000000000001,0,4,3,1,0.6122707517351955,,729.7
8548,5.7,1,4,3,1,0.6122707517351955,,729.8
8549,-4.6000000000000005,0,6,3,1,0.6122707517351955,,729.8
8550,5.7,1,4,3,1,0.6122707517351955,,729.9
8551,5.7,1,4,3,1,0.6122707517351955,,729.9
8552,-2.3000000000000003,0,4,3,1,0.6122707517351955,,730.0
8553,-4.300000000000001,0,4,3,1,0.6122707517351955,,730.1
8554,-4.300000000000001,0,4,3,1,0.6122707517351955,,730.1
8555,-0.30000000000000004,0,4,3,1,0.6122707517351955,,730.2
8556,-0.30000000000000004,0,4,3,1,0.6122707517351955,,730.2
8557,-4.300000000000001,0,4,3,1,0.6122707517351955,,730.3
8558,-4.300000000000001,0,4,3,1,0.6122707517351955,,730.4
8559,-4.300000000000001,0,4,3,1,0.6122707517351955,,730.5
8560,-0.30000000000000004,0,4,3,1,0.6122707517351955,,730.5
8561,-4.300000000000001,0,4,3,1,0.6122707517351955,,730.6
8562,-4.300000000000001,0,4,3,1,0.6122707517351955,,730.7
8563,5.7,1,4,3,1,0.6122707517351955,,730.7
8564,5.7,1,4,3,1,0.6122707517351955,,730.8
8565,-2.3000000000000003,0,4,3,1,0.6122707517351955,,730.9
8566,-4.300000000000001,0,4,3,1,0.5872195307165384,1.9038930935785174,731.6
8567,-0.30000000000000004,0,4,3,1,0.5872195307165384,,731.6
8568,-2.3000000000000003,0,4,3,1,0.5872195307165384,,731.7
8569,5.7,1,4,3,1,0.5872195307165384,,731.7
8570,-4.300000000000001,0,4,3,1,0.5872195307165384,,731.8
8571,-4.300000000000001,0,4,3,1,0.5872195307165384,,731.9
8572,5.7,1,4,3,1,0.5872195307165384,,731.9
8573,-0.30000000000000004,0,4,3,1,0.5872195307165384,,731.9
8574,-4.300000000000001,0,4,3,1,0.5872195307165384,,732.0
8575,-4.300000000000001,0,4,3,1,0.5872195307165384,,732.1
8576,-4.300000000000001,0,4,3,1,0.5872195307165384,,732.1
8577,-4.300000000000001,0,4,3,1,0.5872195307165384,,732.2
8578,-4.300000000000001,0,4,3,1,0.5872195307165384,,732.3
8579,-4.300000000000001,0,4,3,1,0.5872195307165384,,732.3
8580,-5.4,0,5,4,1,0.5872195307165384,,732.4
8581,5.7,1,4,3,1,0.5872195307165384,,732.5
8582,-0.30000000000000004,0,4,3,1,0.5872195307165384,,732.6
8583,-4.300000000000001,0,4,3,1,0.5872195307165384,,732.7
8584,-4.300000000000001,0,4,3,1,0.5872195307165384,,732.7
8585,5.7,1,4,3,1,0.5872195307165384,,732.8
8586,-2.3000000000000003,0,4,3,1,0.5872195307165384,,732.9
8587,-4.300000000000001,0,4,3,1,0.5872195307165384,,732.9
8588,-0.30000000000000004,0,4,3,1,0.5872195307165384,,733.0
8589,-0.30000000000000004,0,4,3,1,0.5872195307165384,,733.1
8590,-4.300000000000001,0,4,3,1,0.5872195307165384,,733.2
8591,-2.3000000000000003,0,4,3,1,0.5872195307165384,,733.2
8592,5.7,1,4,3,1,0.5872195307165384,,733.3
8593,-4.300000000000001,0,4,3,1,0.5872195307165384,,733.3
8594,-4.300000000000001,0,4,3,1,0.5872195307165384,,733.4
8595,-4.300000000000001,0,4,3,1,0.5872195307165384,,733.5
8596,-4.300000000000001,0,4,3,1,0.5872195307165384,,733.6
8597,-0.30000000000000004,0,4,3,1,0.5872195307165384,,733.6
8598,5.7,1,4,3,1,0.5872195307165384,,733.7
8599,5.7,1,4,3,1,0.5872195307165384,,733.8
8600,-4.300000000000001,0,4,3,1,0.5872195307165384,,733.9
8601,-2.3000000000000003,0,4,3,1,0.5872195307165384,,734.0
8602,-0.30000000000000004,0,4,3,1,0.5872195307165384,,734.0
8603,-4.300000000000001,0,4,3,1,0.5872195307165384,,734.1
8604,-4.300000000000001,0,4,3,1,0.5872195307165384,,734.1
8605,-4.300000000000001,0,4,3,1,0.5872195307165384,,734.2
8606,-2.3000000000000003,0,4,3,1,0.5872195307165384,,734.3
8607,-4.300000000000001,0,4,3,1,0.5872195307165384,,734.3
8608,-4.300000000000001,0,4,3,1,0.5872195307165384,,734.4
8609,-4.300000000000001,0,4,3,1,0.5872195307165384,,734.4
8610,-0.30000000000000004,0,4,3,1,0.5872195307165384,,734.5
8611,5.7,1,4,3,1,0.5872195307165384,,734.5
8612,-0.30000000000000004,0,4,3,1,0.5872195307165384,,734.6
8613,-4.300000000000001,0,4,3,1,0.5872195307165384,,734.6
8614,-4.300000000000001,0,4,3,1,0.5872195307165384,,734.7
8615,-4.300000000000001,0,4,3,1,0.5872195307165384,,734.7
8616,-4.300000000000001,0,4,3,1,0.5872195307165384,,734.8
8617,-2.3000000000000003,0,4,3,1,0.5872195307165384,,734.9
8618,-4.300000000000001,0,4,3,1,0.5872195307165384,,734.9
8619,-4.300000000000001,0,4,3,1,0.5872195307165384,,735.0
8620,5.7,1,4,3,1,0.5872195307165384,,735.1
8621,-4.300000000000001,0,4,3,1,0.5872195307165384,,735.1
8622,-2.3000000000000003,0,4,3,1,0.5872195307165384,,735.2
8623,-4.300000000000001,0,4,3,1,0.5872195307165384,,735.3
8624,-5.4,0,5,4,1,0.5872195307165384,,735.4
8625,-4.300000000000001,0,4,3,1,0.5872195307165384,,735.5
8626,-4.300000000000001,0,4,3,1,0.5872195307165384,,735.5
8627,-2.3000000000000003,0,4,3,1,0.5872195307165384,,735.6
8628,-4.300000000000001,0,4,3,1,0.5872195307165384,,735.6
8629,-4.300000000000001,0,4,3,1,0.5872195307165384,,735.7
8630,5.7,1,4,3,1,0.5872195307165384,,735.7
8631,5.7,1,4,3,1,0.5872195307165384,,735.8
8632,-0.30000000000000004,0,4,3,1,0.5872195307165384,,735.8
8633,-0.30000000000000004,0,4,3,1,0.5872195307165384,,735.9
8634,-4.300000000000001,0,4,3,1,0.5872195307165384,,735.9
8635,-4.300000000000001,0,4,3,1,0.5872195307165384,,736.0
8636,-0.30000000000000004,0,4,3,1,0.5872195307165384,,736.0
8637,-4.300000000000001,0,4,3,1,0.5872195307165384,,736.1
8638,5.7,1,4,3,1,0.5872195307165384,,736.1
8639,-4.300000000000001,0,4,3,1,0.5872195307165384,,736.2
8640,5.7,1,4,3,1,0.5872195307165384,,736.2
8641,-2.3000000000000003,0,4,3,1,0.5872195307165384,,736.3
8642,-4.300000000000001,0,4,3,1,0.5872195307165384,,736.4
8643,-2.3000000000000003,0,4,3,1,0.5872195307165384,,736.4
8644,-0.30000000000000004,0,4,3,1,0.5872195307165384,,736.4
8645,-0.30000000000000004,0,4,3,1,0.5872195307165384,,736.5
8646,-4.300000000000001,0,4,3,1,0.5872195307165384,,736.6
8647,-4.300000000000001,0,4,3,1,0.5872195307165384,,736.7
8648,-2.3000000000000003,0,4,3,1,0.5872195307165384,,736.7
8649,-4.300000000000001,0,4,3,1,0.5872195307165384,,736.8
8650,-4.300000000000001,0,4,3,1,0.5872195307165384,,736.8
8651,-4.300000000000001,0,4,3,1,0.5872195307165384,,736.9
8652,-4.300000000000001,0,4,3,1,0.5872195307165384,,736.9
8653,-4.300000000000001,0,4,3,1,0.5872195307165384,,737.0
8654,-4.300000000000001,0,4,3,1,0.5872195307165384,,737.0
8655,-4.300000000000001,0,4,3,1,0.5872195307165384,,737.1
8656,-4.300000000000001,0,4,3,1,0.5872195307165384,,737.1
8657,-4.300000000000001,0,4,3,1,0.5872195307165384,,737.2
8658,5.4,1,6,3,1,0.5872195307165384,,737.2
8659,-4.300000000000001,0,4,3,1,0.5872195307165384,,737.3
8660,-4.300000000000001,0,4,3,1,0.5872195307165384,,737.3
8661,-0.30000000000000004,0,4,3,1,0.5872195307165384,,737.4
8662,-4.300000000000001,0,4,3,1,0.5872195307165384,,737.4
8663,-2.3000000000000003,0,4,3,1,0.5872195307165384,,737.5
8664,-4.300000000000001,0,4,3,1,0.5872195307165384,,737.5
8665,5.7,1,4,3,1,0.5872195307165384,,737.5
8666,-5.6000000000000005,0,6,3,1,0.5872195307165384,,737.6
8667,-2.3000000000000003,0,4,3,1,0.5872195307165384,,737.7
8668,-0.30000000000000004,0,4,3,1,0.5872195307165384,,737.7
8669,-4.300000000000001,0,4,3,1,0.5872195307165384,,737.8
8670,-4.300000000000001,0,4,3,1,0.5872195307165384,,737.9
8671,-4.300000000000001,0,4,3,1,0.5872195307165384,,737.9
8672,-4.300000000000001,0,4,3,1,0.5872195307165384,,738.0
8673,-4.300000000000001,0,4,3,1,0.5872195307165384,,738.1
8674,-4.300000000000001,0,4,3,1,0.5872195307165384,,738.1
8675,-4.300000000000001,0,4,3,1,0.5872195307165384,,738.2
8676,-2.6,0,6,3,1,0.5872195307165384,,738.3
8677,-4.300000000000001,0,4,3,1,0.5872195307165384,,738.3
8678,-4.300000000000001,0,4,3,1,0.5872195307165384,,738.4
8679,-0.30000000000000004,0,4,3,1,0.5872195307165384,,738.4
8680,5.7,1,4,3,1,0.5872195307165384,,738.5
8681,-4.300000000000001,0,4,3,1,0.5872195307165384,,738.5
8682,-2.3000000000000003,0,4,3,1,0.5872195307165384,,738.6
8683,-4.300000000000001,0,4,3,1,0.5872195307165384,,738.7
8684,-4.300000000000001,0,4,3,1,0.5872195307165384,,738.7
8685,-4.300000000000001,0,4,3,1,0.5872195307165384,,738.8
8686,-4.300000000000001,0,4,3,1,0.5872195307165384,,738.8
8687,-4.300000000000001,0,4,3,1,0.5872195307165384,,738.9
8688,-2.3000000000000003,0,4,3,1,0.5872195307165384,,738.9
8689,-2.3000000000000003,0,4,3,1,0.5872195307165384,,739.0
8690,-0.30000000000000004,0,4,3,1,0.5872195307165384,,739.1
8691,-2.3000000000000003,0,4,3,1,0.5872195307165384,,739.2
8692,-0.30000000000000004,0,4,3,1,0.5872195307165384,,739.3
8693,-0.30000000000000004,0,4,3,1,0.5872195307165384,,739.3
8694,-0.30000000000000004,0,4,3,1,0.5872195307165384,,739.4
8695,-0.30000000000000004,0,4,3,1,0.5872195307165384,,739.4
8696,-2.3000000000000003,0,4,3,1,0.5872195307165384,,739.5
8697,-0.30000000000000004,0,4,3,1,0.5872195307165384,,739.5
8698,-2.3000000000000003,0,4,3,1,0.5872195307165384,,739.6
8699,-4.300000000000001,0,4,3,1,0.5872195307165384,,739.6
8700,-4.300000000000001,0,4,3,1,0.5872195307165384,,739.7
8701,5.7,1,4,3,1,0.5872195307165384,,739.8
8702,-2.3000000000000003,0,4,3,1,0.5872195307165384,,739.8
8703,-4.300000000000001,0,4,3,1,0.5872195307165384,,739.9
8704,-2.3000000000000003,0,4,3,1,0.5872195307165384,,740.0
8705,-0.30000000000000004,0,4,3,1,0.5872195307165384,,740.0
8706,-4.300000000000001,0,4,3,1,0.5872195307165384,,740.0
8707,-4.300000000000001,0,4,3,1,0.5872195307165384,,740.1
8708,-4.300000000000001,0,4,3,1,0.5872195307165384,,740.1
8709,5.7,1,4,3,1,0.5872195307165384,,740.2
8710,-4.300000000000001,0,4,3,1,0.5872195307165384,,740.3
8711,-4.300000000000001,0,4,3,1,0.5872195307165384,,740.4
8712,5.7,1,4,3,1,0.5872195307165384,,740.4
8713,-4.300000000000001,0,4,3,1,0.5872195307165384,,740.5
8714,-0.30000000000000004,0,4,3,1,0.5872195307165384,,740.6
8715,5.7,1,4,3,1,0.5872195307165384,,740.7
8716,-4.300000000000001,0,4,3,1,0.5872195307165384,,740.8
8717,-0.30000000000000004,0,4,3,1,0.5872195307165384,,740.8
8718,-2.3000000000000003,0,4,3,1,0.5872195307165384,,740.8
8719,-0.30000000000000004,0,4,3,1,0.5872195307165384,,740.9
8720,-5.4,0,5,4,1,0.5872195307165384,,741.0
8721,-4.300000000000001,0,4,3,1,0.5872195307165384,,741.1
8722,-4.300000000000001,0,4,3,1,0.5872195307165384,,741.2
8723,-2.3000000000000003,0,4,3,1,0.5872195307165384,,741.2
8724,-0.30000000000000004,0,4,3,1,0.5872195307165384,,741.3
8725,-4.300000000000001,0,4,3,1,0.5872195307165384,,741.3
8726,-4.300000000000001,0,4,3,1,0.5872195307165384,,741.4
8727,-5.6000000000000005,0,6,3,1,0.5872195307165384,,741.4
8728,5.7,1,4,3,1,0.5872195307165384,,741.5
8729,-4.6000000000000005,0,6,3,1,0.5872195307165384,,741.6
8730,-0.30000000000000004,0,4,3,1,0.5872195307165384,,741.6
8731,-4.300000000000001,0,4,3,1,0.5872195307165384,,741.7
8732,5.7,1,4,3,1,0.5872195307165384,,741.8
8733,-4.300000000000001,0,4,3,1,0.5872195307165384,,741.9
8734,-4.300000000000001,0,4,3,1,0.5872195307165384,,742.0
8735,-4.300000000000001,0,4,3,1,0.5872195307165384,,742.0
8736,-4.300000000000001,0,4,3,1,0.5872195307165384,,742.1
8737,-2.3000000000000003,0,4,3,1,0.5872195307165384,,742.1
8738,-4.300000000000001,0,4,3,1,0.5872195307165384,,742.2
8739,-5.4,0,5,4,1,0.5872195307165384,,742.3
8740,-2.3000000000000003,0,4,3,1,0.5872195307165384,,742.4
8741,-4.300000000000001,0,4,3,1,0.5872195307165384,,742.4
8742,-0.30000000000000004,0,4,3,1,0.5872195307165384,,742.5
8743,-4.300000000000001,0,4,3,1,0.5872195307165384,,742.5
8744,5.7,1,4,3,1,0.5872195307165384,,742.6
8745,5.7,1,4,3,1,0.5872195307165384,,742.7
8746,-3.4000000000000004,0,5,4,1,0.5872195307165384,,742.8
8747,-2.3000000000000003,0,4,3,1,0.5872195307165384,,742.9
8748,-4.300000000000001,0,4,3,1,0.5872195307165384,,743.0
8749,-2.3000000000000003,0,4,3,1,0.5872195307165384,,743.0
8750,-4.300000000000001,0,4,3,1,0.5872195307165384,,743.1
8751,-4.300000000000001,0,4,3,1,0.5872195307165384,,743.2
8752,-3.6000000000000005,0,6,3,1,0.5872195307165384,,743.2
8753,-0.30000000000000004,0,4,3,1,0.5872195307165384,,743.3
8754,-2.3000000000000003,0,4,3,1,0.5872195307165384,,743.4
8755,-4.6000000000000005,0,6,3,1,0.5872195307165384,,743.4
8756,-2.3000000000000003,0,4,3,1,0.5872195307165384,,743.5
8757,-2.3000000000000003,0,4,3,1,0.5872195307165384,,743.5
8758,-4.300000000000001,0,4,3,1,0.5872195307165384,,743.6
8759,-2.3000000000000003,0,4,3,1,0.5872195307165384,,743.7
8760,-4.300000000000001,0,4,3,1,0.5872195307165384,,743.8
8761,-4.300000000000001,0,4,3,1,0.5872195307165384,,743.8
8762,-4.300000000000001,0,4,3,1,0.5872195307165384,,743.9
8763,-4.300000000000001,0,4,3,1,0.5872195307165384,,744.0
8764,-2.3000000000000003,0,4,3,1,0.5872195307165384,,744.1
8765,-4.300000000000001,0,4,3,1,0.5872195307165384,,744.2
8766,-4.300000000000001,0,4,3,1,0.5872195307165384,,744.2
8767,-5.4,0,5,4,1,0.5872195307165384,,744.3
8768,-2.3000000000000003,0,4,3,1,0.5872195307165384,,744.3
8769,-4.300000000000001,0,4,3,1,0.5872195307165384,,744.4
8770,-4.300000000000001,0,4,3,1,0.5872195307165384,,744.4
8771,-4.300000000000001,0,4,3,1,0.5872195307165384,,744.5
8772,5.7,1,4,3,1,0.5872195307165384,,744.5
8773,-0.30000000000000004,0,4,3,1,0.5872195307165384,,744.6
8774,-2.3000000000000003,0,4,3,1,0.5872195307165384,,744.7
8775,-4.300000000000001,0,4,3,1,0.5872195307165384,,744.8
8776,-0.30000000000000004,0,4,3,1,0.5872195307165384,,744.9
8777,-4.300000000000001,0,4,3,1,0.5872195307165384,,744.9
8778,-2.3000000000000003,0,4,3,1,0.5872195307165384,,745.0
8779,5.7,1,4,3,1,0.5872195307165384,,745.0
8780,5.7,1,4,3,1,0.5872195307165384,,745.1
8781,5.7,1,4,3,1,0.5872195307165384,,745.1
8782,-4.300000000000001,0,4,3,1,0.5872195307165384,,745.2
8783,-4.300000000000001,0,4,3,1,0.5872195307165384,,745.2
8784,-4.300000000000001,0,4,3,1,0.5872195307165384,,745.3
8785,-0.30000000000000004,0,4,3,1,0.5872195307165384,,745.3
8786,-4.300000000000001,0,4,3,1,0.5872195307165384,,745.4
8787,5.7,1,4,3,1,0.5872195307165384,,745.5
8788,-4.300000000000001,0,4,3,1,0.5872195307165384,,745.6
8789,-0.30000000000000004,0,4,3,1,0.5872195307165384,,745.7
8790,5.7,1,4,3,1,0.5872195307165384,,745.7
8791,-4.300000000000001,0,4,3,1,0.5872195307165384,,745.8
8792,-4.300000000000001,0,4,3,1,0.5872195307165384,,745.9
8793,-4.300000000000001,0,4,3,1,0.5872195307165384,,745.9
8794,-4.300000000000001,0,4,3,1,0.5872195307165384,,746.0
8795,-4.300000000000001,0,4,3,1,0.5872195307165384,,746.0
8796,-4.300000000000001,0,4,3,1,0.5872195307165384,,746.1
8797,5.7,1,4,3,1,0.5872195307165384,,746.2
8798,5.7,1,4,3,1,0.5872195307165384,,746.2
8799,-4.300000000000001,0,4,3,1,0.5872195307165384,,746.3
8800,-2.3000000000000003,0,4,3,1,0.5872195307165384,,746.3
8801,-4.300000000000001,0,4,3,1,0.5872195307165384,,746.4
8802,-2.3000000000000003,0,4,3,1,0.5872195307165384,,746.5
8803,5.7,1,4,3,1,0.5872195307165384,,746.6
8804,-0.30000000000000004,0,4,3,1,0.5872195307165384,,746.6
8805,-4.300000000000001,0,4,3,1,0.5872195307165384,,746.7
8806,-4.300000000000001,0,4,3,1,0.5872195307165384,,746.7
8807,-4.300000000000001,0,4,3,1,0.5872195307165384,,746.8
8808,-4.300000000000001,0,4,3,1,0.5872195307165384,,746.9
8809,-4.300000000000001,0,4,3,1,0.5872195307165384,,746.9
8810,-4.300000000000001,0,4,3,1,0.5872195307165384,,747.0
8811,-4.300000000000001,0,4,3,1,0.5872195307165384,,747.0
8812,-4.300000000000001,0,4,3,1,0.5872195307165384,,747.1
8813,-2.3000000000000003,0,4,3,1,0.5872195307165384,,747.1
8814,-4.300000000000001,0,4,3,1,0.5872195307165384,,747.2
8815,5.7,1,4,3,1,0.5872195307165384,,747.3
8816,-2.3000000000000003,0,4,3,1,0.5872195307165384,,747.3
8817,-4.300000000000001,0,4,3,1,0.5872195307165384,,747.4
8818,-2.3000000000000003,0,4,3,1,0.5872195307165384,,747.4
8819,-2.3000000000000003,0,4,3,1,0.5872195307165384,,747.5
8820,-4.300000000000001,0,4,3,1,0.5872195307165384,,747.5
8821,-4.300000000000001,0,4,3,1,0.5872195307165384,,747.5
8822,-4.300000000000001,0,4,3,1,0.5872195307165384,,747.6
8823,-4.6,0,6,3,1,0.5872195307165384,,747.7
8824,-4.300000000000001,0,4,3,1,0.5872195307165384,,747.8
8825,-4.300000000000001,0,4,3,1,0.5872195307165384,,747.8
8826,-4.300000000000001,0,4,3,1,0.5872195307165384,,747.9
8827,-2.3000000000000003,0,4,3,1,0.5872195307165384,,747.9
8828,-2.3000000000000003,0,4,3,1,0.5872195307165384,,748.0
8829,-2.3000000000000003,0,4,3,1,0.5872195307165384,,748.0
8830,-4.300000000000001,0,4,3,1,0.5872195307165384,,748.1
8831,-4.300000000000001,0,4,3,1,0.5872195307165384,,748.2
8832,-4.300000000000001,0,4,3,1,0.5872195307165384,,748.2
8833,-4.300000000000001,0,4,3,1,0.5872195307165384,,748.3
8834,5.7,1,4,3,1,0.5872195307165384,,748.3
8835,-2.3000000000000003,0,4,3,1,0.5872195307165384,,748.4
8836,-0.30000000000000004,0,4,3,1,0.5872195307165384,,748.5
8837,-4.300000000000001,0,4,3,1,0.5872195307165384,,748.6
8838,-4.300000000000001,0,4,3,1,0.5872195307165384,,748.6
8839,5.7,1,4,3,1,0.5872195307165384,,748.7
8840,-4.300000000000001,0,4,3,1,0.5872195307165384,,748.8
8841,-2.3000000000000003,0,4,3,1,0.5872195307165384,,748.8
8842,-2.3000000000000003,0,4,3,1,0.5872195307165384,,748.9
8843,-4.300000000000001,0,4,3,1,0.5872195307165384,,749.0
8844,-2.3000000000000003,0,4,3,1,0.5872195307165384,,749.1
8845,-0.30000000000000004,0,4,3,1,0.5872195307165384,,749.1
8846,-4.300000000000001,0,4,3,1,0.5872195307165384,,749.2
8847,-4.300000000000001,0,4,3,1,0.5872195307165384,,749.2
8848,-4.6000000000000005,0,6,3,1,0.5872195307165384,,749.3
8849,-2.6,0,6,3,1,0.5872195307165384,,749.4
8850,5.7,1,4,3,1,0.5872195307165384,,749.4
8851,-2.3000000000000003,0,4,3,1,0.5872195307165384,,749.5
8852,5.7,1,4,3,1,0.5872195307165384,,749.5
8853,-2.3000000000000003,0,4,3,1,0.5872195307165384,,749.6
8854,-0.30000000000000004,0,4,3,1,0.5872195307165384,,749.6
8855,-2.3000000000000003,0,4,3,1,0.5872195307165384,,749.7
8856,-4.6000000000000005,0,6,3,1,0.5872195307165384,,749.8
8857,-5.6000000000000005,0,6,3,1,0.5872195307165384,,749.9
8858,-4.300000000000001,0,4,3,1,0.5872195307165384,,750.0
8859,-0.30000000000000004,0,4,3,1,0.5872195307165384,,750.0
8860,-2.3000000000000003,0,4,3,1,0.5872195307165384,,750.1
8861,-4.300000000000001,0,4,3,1,0.5872195307165384,,750.1
8862,-5.4,0,5,4,1,0.5872195307165384,,750.2
8863,-4.300000000000001,0,4,3,1,0.5872195307165384,,750.3
8864,-5.4,0,5,4,1,0.5872195307165384,,750.4
8865,5.7,1,4,3,1,0.5872195307165384,,750.5
8866,-4.300000000000001,0,4,3,1,0.5872195307165384,,750.6
8867,5.7,1,4,3,1,0.5872195307165384,,750.6
8868,-4.300000000000001,0,4,3,1,0.5872195307165384,,750.7
8869,-0.30000000000000004,0,4,3,1,0.5872195307165384,,750.7
8870,-4.300000000000001,0,4,3,1,0.5872195307165384,,750.8
8871,-4.300000000000001,0,4,3,1,0.5872195307165384,,750.8
8872,-4.300000000000001,0,4,3,1,0.5872195307165384,,750.9
8873,-2.3000000000000003,0,4,3,1,0.5872195307165384,,751.0
8874,-4.300000000000001,0,4,3,1,0.5872195307165384,,751.1
8875,-4.300000000000001,0,4,3,1,0.5872195307165384,,751.1
8876,-0.30000000000000004,0,4,3,1,0.5872195307165384,,751.2
8877,-2.3000000000000003,0,4,3,1,0.5872195307165384,,751.3
8878,-2.3000000000000003,0,4,3,1,0.5872195307165384,,751.4
8879,-4.300000000000001,0,4,3,1,0.5872195307165384,,751.4
8880,-4.300000000000001,0,4,3,1,0.5872195307165384,,751.5
8881,5.7,1,4,3,1,0.5872195307165384,,751.6
8882,-4.300000000000001,0,4,3,1,0.5872195307165384,,751.7
8883,5.7,1,4,3,1,0.5872195307165384,,751.7
8884,-4.300000000000001,0,4,3,1,0.5872195307165384,,751.8
8885,-4.300000000000001,0,4,3,1,0.5872195307165384,,751.9
8886,-4.300000000000001,0,4,3,1,0.5872195307165384,,752.0
8887,-4.300000000000001,0,4,3,1,0.5872195307165384,,752.0
8888,-4.300000000000001,0,4,3,1,0.5872195307165384,,752.1
8889,5.7,1,4,3,1,0.5872195307165384,,752.2
8890,-2.3000000000000003,0,4,3,1,0.5872195307165384,,752.2
8891,-2.3000000000000003,0,4,3,1,0.5872195307165384,,752.3
8892,-4.300000000000001,0,4,3,1,0.5872195307165384,,752.3
8893,-0.30000000000000004,0,4,3,1,0.5872195307165384,,752.4
8894,-4.300000000000001,0,4,3,1,0.5872195307165384,,752.5
8895,-0.30000000000000004,0,4,3,1,0.5872195307165384,,752.5
8896,-4.300000000000001,0,4,3,1,0.5872195307165384,,752.6
8897,-4.300000000000001,0,4,3,1,0.5872195307165384,,752.6
8898,-4.300000000000001,0,4,3,1,0.5872195307165384,,752.7
8899,-4.300000000000001,0,4,3,1,0.5872195307165384,,752.8
8900,-4.300000000000001,0,4,3,1,0.5872195307165384,,752.8
8901,-0.30000000000000004,0,4,3,1,0.5872195307165384,,752.9
8902,-4.300000000000001,0,4,3,1,0.5872195307165384,,753.0
8903,-2.3000000000000003,0,4,3,1,0.5872195307165384,,753.0
8904,-4.300000000000001,0,4,3,1,0.5872195307165384,,753.1
8905,-0.30000000000000004,0,4,3,1,0.5872195307165384,,753.1
8906,5.7,1,4,3,1,0.5872195307165384,,753.2
8907,-4.300000000000001,0,4,3,1,0.5872195307165384,,753.3
8908,-4.300000000000001,0,4,3,1,0.5872195307165384,,753.4
8909,-4.300000000000001,0,4,3,1,0.5872195307165384,,753.5
8910,-0.30000000000000004,0,4,3,1,0.5872195307165384,,753.5
8911,-3.4000000000000004,0,5,4,1,0.5872195307165384,,753.6
8912,-4.300000000000001,0,4,3,1,0.5872195307165384,,753.6
8913,-0.30000000000000004,0,4,3,1,0.5872195307165384,,753.7
8914,-4.300000000000001,0,4,3,1,0.5872195307165384,,753.8
8915,-0.30000000000000004,0,4,3,1,0.5872195307165384,,753.8
8916,5.7,1,4,3,1,0.5872195307165384,,753.9
8917,-0.30000000000000004,0,4,3,1,0.5872195307165384,,753.9
8918,5.7,1,4,3,1,0.5872195307165384,,754.0
8919,-2.3000000000000003,0,4,3,1,0.5872195307165384,,754.1
8920,-2.3000000000000003,0,4,3,1,0.5872195307165384,,754.2
8921,-2.3000000000000003,0,4,3,1,0.5872195307165384,,754.2
8922,-4.300000000000001,0,4,3,1,0.5872195307165384,,754.3
8923,-2.3000000000000003,0,4,3,1,0.5872195307165384,,754.4
8924,5.7,1,4,3,1,0.5872195307165384,,754.4
8925,-0.30000000000000004,0,4,3,1,0.5872195307165384,,754.5
8926,-4.300000000000001,0,4,3,1,0.5872195307165384,,754.5
8927,-2.3000000000000003,0,4,3,1,0.5872195307165384,,754.6
8928,-4.300000000000001,0,4,3,1,0.5872195307165384,,754.6
8929,-4.6,0,6,3,1,0.5872195307165384,,754.7
8930,-4.300000000000001,0,4,3,1,0.5872195307165384,,754.8
8931,-4.300000000000001,0,4,3,1,0.5872195307165384,,754.8
8932,-0.30000000000000004,0,4,3,1,0.5872195307165384,,754.9
8933,-4.300000000000001,0,4,3,1,0.5872195307165384,,755.0
8934,-4.300000000000001,0,4,3,1,0.5872195307165384,,755.0
8935,-2.3000000000000003,0,4,3,1,0.5872195307165384,,755.1
8936,-2.3000000000000003,0,4,3,1,0.5872195307165384,,755.1
8937,-2.3000000000000003,0,4,3,1,0.5872195307165384,,755.2
8938,-4.300000000000001,0,4,3,1,0.5872195307165384,,755.3
8939,5.7,1,4,3,1,0.5872195307165384,,755.3
8940,-4.300000000000001,0,4,3,1,0.5872195307165384,,755.4
8941,-2.3000000000000003,0,4,3,1,0.5872195307165384,,755.5
8942,-4.300000000000001,0,4,3,1,0.5872195307165384,,755.5
8943,-4.300000000000001,0,4,3,1,0.5872195307165384,,755.6
8944,-4.300000000000001,0,4,3,1,0.5872195307165384,,755.7
8945,-2.3000000000000003,0,4,3,1,0.5872195307165384,,755.7
8946,-2.3000000000000003,0,4,3,1,0.5872195307165384,,755.8
8947,-4.300000000000001,0,4,3,1,0.5872195307165384,,755.8
8948,-3.6000000000000005,0,6,3,1,0.5872195307165384,,755.9
8949,-0.30000000000000004,0,4,3,1,0.5872195307165384,,755.9
8950,-4.6000000000000005,0,6,3,1,0.5872195307165384,,756.0
8951,-4.300000000000001,0,4,3,1,0.5872195307165384,,756.1
8952,-4.300000000000001,0,4,3,1,0.5872195307165384,,756.1
8953,-0.30000000000000004,0,4,3,1,0.5872195307165384,,756.2
8954,-4.300000000000001,0,4,3,1,0.5872195307165384,,756.2
8955,-4.300000000000001,0,4,3,1,0.5872195307165384,,756.3
8956,-4.300000000000001,0,4,3,1,0.5872195307165384,,756.3
8957,5.7,1,4,3,1,0.5872195307165384,,756.4
8958,-4.300000000000001,0,4,3,1,0.5872195307165384,,756.5
8959,-4.300000000000001,0,4,3,1,0.5872195307165384,,756.5
8960,-2.3000000000000003,0,4,3,1,0.5872195307165384,,756.6
8961,5.7,1,4,3,1,0.5872195307165384,,756.6
8962,-4.300000000000001,0,4,3,1,0.5872195307165384,,756.6
8963,4.4,1,6,3,1,0.5872195307165384,,756.7
8964,-5.4,0,5,4,1,0.5872195307165384,,756.8
8965,-4.300000000000001,0,4,3,1,0.5872195307165384,,756.9
8966,-4.300000000000001,0,4,3,1,0.5872195307165384,,756.9
8967,5.7,1,4,3,1,0.5872195307165384,,757.0
8968,-4.300000000000001,0,4,3,1,0.5872195307165384,,757.1
8969,-4.300000000000001,0,4,3,1,0.5872195307165384,,757.1
8970,-2.3000000000000003,0,4,3,1,0.5872195307165384,,757.2
8971,-4.300000000000001,0,4,3,1,0.5872195307165384,,757.3
8972,-0.30000000000000004,0,4,3,1,0.5872195307165384,,757.4
8973,5.7,1,4,3,1,0.5872195307165384,,757.4
8974,-4.300000000000001,0,4,3,1,0.5872195307165384,,757.4
8975,-4.300000000000001,0,4,3,1,0.5872195307165384,,757.5
8976,-4.300000000000001,0,4,3,1,0.5872195307165384,,757.6
8977,-0.30000000000000004,0,4,3,1,0.5872195307165384,,757.6
8978,-5.9,0,8,3,1,0.5872195307165384,,757.7
8979,-4.300000000000001,0,4,3,1,0.5872195307165384,,757.8
8980,-4.300000000000001,0,4,3,1,0.5872195307165384,,757.8
8981,-4.300000000000001,0,4,3,1,0.5872195307165384,,757.9
8982,-3.6000000000000005,0,6,3,1,0.5872195307165384,,757.9
8983,5.7,1,4,3,1,0.5872195307165384,,758.0
8984,5.7,1,4,3,1,0.5872195307165384,,758.1
8985,5.7,1,4,3,1,0.5872195307165384,,758.1
8986,-2.3000000000000003,0,4,3,1,0.5872195307165384,,758.2
8987,5.7,1,4,3,1,0.5872195307165384,,758.3
8988,-0.30000000000000004,0,4,3,1,0.5872195307165384,,758.4
8989,-4.300000000000001,0,4,3,1,0.5872195307165384,,758.4
8990,-4.300000000000001,0,4,3,1,0.5872195307165384,,758.5
8991,5.7,1,4,3,1,0.5872195307165384,,758.6
8992,-2.3000000000000003,0,4,3,1,0.5872195307165384,,758.6
8993,-4.300000000000001,0,4,3,1,0.5872195307165384,,758.7
8994,-4.300000000000001,0,4,3,1,0.5872195307165384,,758.8
8995,5.7,1,4,3,1,0.5872195307165384,,758.9
8996,5.7,1,4,3,1,0.5872195307165384,,758.9
8997,-4.300000000000001,0,4,3,1,0.5872195307165384,,759.0
8998,-4.300000000000001,0,4,3,1,0.5872195307165384,,759.1
8999,-4.300000000000001,0,4,3,1,0.5872195307165384,,759.1
9000,-0.30000000000000004,0,4,3,1,0.5872195307165384,,759.2
9001,-4.300000000000001,0,4,3,1,0.5872195307165384,,764.2
9002,-4.300000000000001,0,4,3,1,0.5872195307165384,,764.3
9003,-4.300000000000001,0,4,3,1,0.5872195307165384,,764.4
9004,5.7,1,4,3,1,0.5872195307165384,,764.4
9005,5.7,1,4,3,1,0.5872195307165384,,764.5
9006,-4.300000000000001,0,4,3,1,0.5872195307165384,,764.6
9007,-4.300000000000001,0,4,3,1,0.5872195307165384,,764.6
9008,5.7,1,4,3,1,0.5872195307165384,,764.7
9009,-0.30000000000000004,0,4,3,1,0.5872195307165384,,764.8
9010,-4.300000000000001,0,4,3,1,0.5872195307165384,,764.9
9011,5.7,1,4,3,1,0.5872195307165384,,764.9
9012,-4.300000000000001,0,4,3,1,0.5872195307165384,,764.9
9013,-2.3000000000000003,0,4,3,1,0.5872195307165384,,765.0
9014,5.7,1,4,3,1,0.5872195307165384,,765.1
9015,-0.30000000000000004,0,4,3,1,0.5872195307165384,,765.1
9016,-4.300000000000001,0,4,3,1,0.5872195307165384,,765.2
9017,-4.300000000000001,0,4,3,1,0.5872195307165384,,765.2
9018,-4.300000000000001,0,4,3,1,0.5872195307165384,,765.3
9019,-5.4,0,5,4,1,0.5872195307165384,,765.3
9020,-0.30000000000000004,0,4,3,1,0.5872195307165384,,765.4
9021,-0.30000000000000004,0,4,3,1,0.5872195307165384,,765.4
9022,-4.300000000000001,0,4,3,1,0.5872195307165384,,765.5
9023,-4.300000000000001,0,4,3,1,0.5872195307165384,,765.6
9024,-4.300000000000001,0,4,3,1,0.5872195307165384,,765.6
9025,-2.3000000000000003,0,4,3,1,0.5872195307165384,,765.7
9026,-3.6000000000000005,0,6,3,1,0.5872195307165384,,765.7
9027,-2.3000000000000003,0,4,3,1,0.5872195307165384,,765.8
9028,5.7,1,4,3,1,0.5872195307165384,,765.8
9029,-0.30000000000000004,0,4,3,1,0.5872195307165384,,765.9
9030,-4.300000000000001,0,4,3,1,0.5872195307165384,,765.9
9031,-0.30000000000000004,0,4,3,1,0.5872195307165384,,766.0
9032,-4.300000000000001,0,4,3,1,0.5872195307165384,,766.1
9033,-4.300000000000001,0,4,3,1,0.5872195307165384,,766.2
9034,-4.6000000000000005,0,6,3,1,0.5872195307165384,,766.2
9035,-4.300000000000001,0,4,3,1,0.5872195307165384,,766.3
9036,-2.3000000000000003,0,4,3,1,0.5872195307165384,,766.3
9037,-2.3000000000000003,0,4,3,1,0.5872195307165384,,766.4
9038,-4.300000000000001,0,4,3,1,0.5872195307165384,,766.5
9039,-4.300000000000001,0,4,3,1,0.5872195307165384,,766.6
9040,-2.3000000000000003,0,4,3,1,0.5872195307165384,,766.6
9041,-2.3000000000000003,0,4,3,1,0.5872195307165384,,766.7
9042,-4.300000000000001,0,4,3,1,0.5872195307165384,,766.7
9043,5.7,1,4,3,1,0.5872195307165384,,766.8
9044,-0.30000000000000004,0,4,3,1,0.5872195307165384,,766.8
9045,-4.300000000000001,0,4,3,1,0.5872195307165384,,766.9
9046,-4.300000000000001,0,4,3,1,0.5872195307165384,,766.9
9047,-0.30000000000000004,0,4,3,1,0.5872195307165384,,767.0
9048,-4.300000000000001,0,4,3,1,0.5872195307165384,,767.0
9049,-2.3000000000000003,0,4,3,1,0.5872195307165384,,767.1
9050,-2.3000000000000003,0,4,3,1,0.5872195307165384,,767.2
9051,5.7,1,4,3,1,0.5872195307165384,,767.2
9052,5.7,1,4,3,1,0.5872195307165384,,767.3
9053,-4.6000000000000005,0,6,3,1,0.5872195307165384,,767.4
9054,-4.300000000000001,0,4,3,1,0.5872195307165384,,767.5
9055,-2.3000000000000003,0,4,3,1,0.5872195307165384,,767.5
9056,-0.30000000000000004,0,4,3,1,0.5872195307165384,,767.5
9057,-4.300000000000001,0,4,3,1,0.5872195307165384,,767.6
9058,-2.3000000000000003,0,4,3,1,0.5872195307165384,,767.6
9059,-4.300000000000001,0,4,3,1,0.5872195307165384,,767.7
9060,-4.300000000000001,0,4,3,1,0.5872195307165384,,767.8
9061,-4.300000000000001,0,4,3,1,0.5872195307165384,,767.8
9062,-2.3000000000000003,0,4,3,1,0.5872195307165384,,767.9
9063,-3.4000000000000004,0,5,4,1,0.5872195307165384,,768.0
9064,-0.30000000000000004,0,4,3,1,0.5429622284136713,1.758441271726042,768.7
9065,-2.3000000000000003,0,4,3,1,0.5429622284136713,,768.7
9066,-4.6,0,6,3,1,0.5429622284136713,,768.7
9067,-4.300000000000001,0,4,3,1,0.5429622284136713,,768.8
9068,-4.300000000000001,0,4,3,1,0.5429622284136713,,768.8
9069,-4.300000000000001,0,4,3,1,0.5429622284136713,,768.9
9070,-0.30000000000000004,0,4,3,1,0.5429622284136713,,768.9
9071,-4.300000000000001,0,4,3,1,0.5429622284136713,,769.0
9072,-2.3000000000000003,0,4,3,1,0.5429622284136713,,769.1
9073,-0.30000000000000004,0,4,3,1,0.5429622284136713,,769.1
9074,-4.300000000000001,0,4,3,1,0.5429622284136713,,769.1
9075,-2.3000000000000003,0,4,3,1,0.5429622284136713,,769.2
9076,-4.300000000000001,0,4,3,1,0.5429622284136713,,769.3
9077,-4.300000000000001,0,4,3,1,0.5429622284136713,,769.3
9078,-4.300000000000001,0,4,3,1,0.5429622284136713,,769.4
9079,-2.3000000000000003,0,4,3,1,0.5429622284136713,,769.5
9080,-0.30000000000000004,0,4,3,1,0.5429622284136713,,769.6
9081,-0.30000000000000004,0,4,3,1,0.5429622284136713,,769.6
9082,-4.300000000000001,0,4,3,1,0.5429622284136713,,769.7
9083,-4.300000000000001,0,4,3,1,0.5429622284136713,,769.8
9084,-4.300000000000001,0,4,3,1,0.5429622284136713,,769.8
9085,5.7,1,4,3,1,0.5429622284136713,,769.9
9086,-4.300000000000001,0,4,3,1,0.5429622284136713,,769.9
9087,-2.3000000000000003,0,4,3,1,0.5429622284136713,,770.0
9088,-2.3000000000000003,0,4,3,1,0.5429622284136713,,770.0
9089,-4.300000000000001,0,4,3,1,0.5429622284136713,,770.1
9090,-4.300000000000001,0,4,3,1,0.5429622284136713,,770.2
9091,-4.300000000000001,0,4,3,1,0.5429622284136713,,770.3
9092,-2.3000000000000003,0,4,3,1,0.5429622284136713,,770.4
9093,-4.300000000000001,0,4,3,1,0.5429622284136713,,770.5
9094,-4.300000000000001,0,4,3,1,0.5429622284136713,,770.5
9095,-4.300000000000001,0,4,3,1,0.5429622284136713,,770.6
9096,-2.3000000000000003,0,4,3,1,0.5429622284136713,,770.7
9097,-4.300000000000001,0,4,3,1,0.5429622284136713,,770.7
9098,-2.3000000000000003,0,4,3,1,0.5429622284136713,,770.8
9099,-4.300000000000001,0,4,3,1,0.5429622284136713,,770.9
9100,-4.300000000000001,0,4,3,1,0.5429622284136713,,770.9
9101,-0.30000000000000004,0,4,3,1,0.5429622284136713,,771.0
9102,5.7,1,4,3,1,0.5429622284136713,,771.0
9103,-4.300000000000001,0,4,3,1,0.5429622284136713,,771.1
9104,-4.300000000000001,0,4,3,1,0.5429622284136713,,771.2
9105,5.7,1,4,3,1,0.5429622284136713,,771.2
9106,-2.3000000000000003,0,4,3,1,0.5429622284136713,,771.3
9107,-4.300000000000001,0,4,3,1,0.5429622284136713,,771.3
9108,-2.3000000000000003,0,4,3,1,0.5429622284136713,,771.4
9109,-4.300000000000001,0,4,3,1,0.5429622284136713,,771.5
9110,-0.30000000000000004,0,4,3,1,0.5429622284136713,,771.5
9111,5.7,1,4,3,1,0.5429622284136713,,771.6
9112,-2.3000000000000003,0,4,3,1,0.5429622284136713,,771.6
9113,-4.300000000000001,0,4,3,1,0.5429622284136713,,771.6
9114,-4.300000000000001,0,4,3,1,0.5429622284136713,,771.7
9115,-4.300000000000001,0,4,3,1,0.5429622284136713,,771.8
9116,-4.300000000000001,0,4,3,1,0.5429622284136713,,771.9
9117,-5.4,0,5,4,1,0.5429622284136713,,772.0
9118,5.7,1,4,3,1,0.5429622284136713,,772.0
9119,5.7,1,4,3,1,0.5429622284136713,,772.1
9120,5.7,1,4,3,1,0.5429622284136713,,772.1
9121,-4.300000000000001,0,4,3,1,0.5429622284136713,,772.2
9122,-4.6,0,6,3,1,0.5429622284136713,,772.2
9123,5.7,1,4,3,1,0.5429622284136713,,772.3
9124,-4.300000000000001,0,4,3,1,0.5429622284136713,,772.3
9125,-4.6000000000000005,0,6,3,1,0.5429622284136713,,772.4
9126,-0.30000000000000004,0,4,3,1,0.5429622284136713,,772.4
9127,-0.30000000000000004,0,4,3,1,0.5429622284136713,,772.4
9128,-4.300000000000001,0,4,3,1,0.5429622284136713,,772.5
9129,-4.300000000000001,0,4,3,1,0.5429622284136713,,772.6
9130,-4.300000000000001,0,4,3,1,0.5429622284136713,,772.6
9131,-4.300000000000001,0,4,3,1,0.5429622284136713,,772.7
9132,-4.300000000000001,0,4,3,1,0.5429622284136713,,772.7
9133,-0.30000000000000004,0,4,3,1,0.5429622284136713,,772.7
9134,-0.30000000000000004,0,4,3,1,0.5429622284136713,,772.8
9135,-1.4000000000000001,0,5,4,1,0.5429622284136713,,772.9
9136,5.7,1,4,3,1,0.5429622284136713,,773.0
9137,-4.300000000000001,0,4,3,1,0.5429622284136713,,773.0
9138,-0.30000000000000004,0,4,3,1,0.5429622284136713,,773.1
9139,-4.300000000000001,0,4,3,1,0.5429622284136713,,773.1
9140,5.7,1,4,3,1,0.5429622284136713,,773.2
9141,-0.30000000000000004,0,4,3,1,0.5429622284136713,,773.3
9142,-0.30000000000000004,0,4,3,1,0.5429622284136713,,773.4
9143,5.7,1,4,3,1,0.5429622284136713,,773.4
9144,-4.300000000000001,0,4,3,1,0.5429622284136713,,773.5
9145,-4.300000000000001,0,4,3,1,0.5429622284136713,,773.5
9146,-4.300000000000001,0,4,3,1,0.5429622284136713,,773.6
9147,-4.300000000000001,0,4,3,1,0.5429622284136713,,773.6
9148,-4.300000000000001,0,4,3,1,0.5429622284136713,,773.7
9149,-4.300000000000001,0,4,3,1,0.5429622284136713,,773.8
9150,-2.3000000000000003,0,4,3,1,0.5429622284136713,,773.8
9151,-5.4,0,5,4,1,0.5429622284136713,,773.9
9152,-4.300000000000001,0,4,3,1,0.5429622284136713,,773.9
9153,-2.3000000000000003,0,4,3,1,0.5429622284136713,,774.0
9154,-2.3000000000000003,0,4,3,1,0.5429622284136713,,774.0
9155,-4.300000000000001,0,4,3,1,0.5429622284136713,,774.1
9156,5.7,1,4,3,1,0.5429622284136713,,774.2
9157,-4.6,0,6,3,1,0.5429622284136713,,774.2
9158,-4.300000000000001,0,4,3,1,0.5429622284136713,,774.3
9159,-4.300000000000001,0,4,3,1,0.5429622284136713,,774.3
9160,-4.300000000000001,0,4,3,1,0.5429622284136713,,774.4
9161,-4.300000000000001,0,4,3,1,0.5429622284136713,,774.4
9162,-4.300000000000001,0,4,3,1,0.5429622284136713,,774.5
9163,-4.300000000000001,0,4,3,1,0.5429622284136713,,774.5
9164,5.7,1,4,3,1,0.5429622284136713,,774.6
9165,-4.300000000000001,0,4,3,1,0.5429622284136713,,774.6
9166,-4.300000000000001,0,4,3,1,0.5429622284136713,,774.7
9167,-5.4,0,5,4,1,0.5429622284136713,,774.8
9168,-2.3000000000000003,0,4,3,1,0.5429622284136713,,774.9
9169,-2.3000000000000003,0,4,3,1,0.5429622284136713,,774.9
9170,-4.300000000000001,0,4,3,1,0.5429622284136713,,775.0
9171,-0.30000000000000004,0,4,3,1,0.5429622284136713,,775.1
9172,-4.300000000000001,0,4,3,1,0.5429622284136713,,775.1
9173,-2.3000000000000003,0,4,3,1,0.5429622284136713,,775.2
9174,-4.300000000000001,0,4,3,1,0.5429622284136713,,775.2
9175,-0.30000000000000004,0,4,3,1,0.5429622284136713,,775.3
9176,-4.300000000000001,0,4,3,1,0.5429622284136713,,775.4
9177,-4.300000000000001,0,4,3,1,0.5429622284136713,,775.5
9178,-4.300000000000001,0,4,3,1,0.5429622284136713,,775.6
9179,-4.300000000000001,0,4,3,1,0.5429622284136713,,775.7
9180,-0.30000000000000004,0,4,3,1,0.5429622284136713,,775.7
9181,-4.300000000000001,0,4,3,1,0.5429622284136713,,775.8
9182,-4.300000000000001,0,4,3,1,0.5429622284136713,,775.8
9183,-4.300000000000001,0,4,3,1,0.5429622284136713,,775.9
9184,-4.300000000000001,0,4,3,1,0.5429622284136713,,776.0
9185,-4.300000000000001,0,4,3,1,0.5429622284136713,,776.1
9186,-0.30000000000000004,0,4,3,1,0.5429622284136713,,776.1
9187,-4.300000000000001,0,4,3,1,0.5429622284136713,,776.2
9188,-4.300000000000001,0,4,3,1,0.5429622284136713,,776.3
9189,-4.300000000000001,0,4,3,1,0.5429622284136713,,776.4
9190,-4.300000000000001,0,4,3,1,0.5429622284136713,,776.4
9191,-4.300000000000001,0,4,3,1,0.5429622284136713,,776.5
9192,-2.3000000000000003,0,4,3,1,0.5429622284136713,,776.6
9193,-0.30000000000000004,0,4,3,1,0.5429622284136713,,776.7
9194,-0.30000000000000004,0,4,3,1,0.5429622284136713,,776.7
9195,-4.300000000000001,0,4,3,1,0.5429622284136713,,776.8
9196,-4.300000000000001,0,4,3,1,0.5429622284136713,,776.8
9197,-4.300000000000001,0,4,3,1,0.5429622284136713,,776.9
9198,-4.300000000000001,0,4,3,1,0.5429622284136713,,776.9
9199,5.7,1,4,3,1,0.5429622284136713,,777.0
9200,-4.300000000000001,0,4,3,1,0.5429622284136713,,777.1
9201,-4.300000000000001,0,4,3,1,0.5429622284136713,,777.2
9202,5.7,1,4,3,1,0.5429622284136713,,777.2
9203,-0.30000000000000004,0,4,3,1,0.5429622284136713,,777.3
9204,-4.300000000000001,0,4,3,1,0.5429622284136713,,777.4
9205,-4.300000000000001,0,4,3,1,0.5429622284136713,,777.4
9206,-2.3000000000000003,0,4,3,1,0.5429622284136713,,777.5
9207,-4.300000000000001,0,4,3,1,0.5429622284136713,,777.5
9208,-4.300000000000001,0,4,3,1,0.5429622284136713,,777.6
9209,-4.300000000000001,0,4,3,1,0.5429622284136713,,777.7
9210,-4.300000000000001,0,4,3,1,0.5429622284136713,,777.7
9211,-4.300000000000001,0,4,3,1,0.5429622284136713,,777.7
9212,-4.300000000000001,0,4,3,1,0.5429622284136713,,777.8
9213,-4.300000000000001,0,4,3,1,0.5429622284136713,,777.9
9214,-5.4,0,5,4,1,0.5429622284136713,,778.0
9215,-4.300000000000001,0,4,3,1,0.5429622284136713,,778.0
9216,-4.300000000000001,0,4,3,1,0.5429622284136713,,778.1
9217,-4.300000000000001,0,4,3,1,0.5429622284136713,,778.1
9218,-4.300000000000001,0,4,3,1,0.5429622284136713,,778.2
9219,-4.300000000000001,0,4,3,1,0.5429622284136713,,778.2
9220,-4.300000000000001,0,4,3,1,0.5429622284136713,,778.3
9221,-4.300000000000001,0,4,3,1,0.5429622284136713,,778.4
9222,-4.300000000000001,0,4,3,1,0.5429622284136713,,778.4
9223,-4.300000000000001,0,4,3,1,0.5429622284136713,,778.5
9224,-4.300000000000001,0,4,3,1,0.5429622284136713,,778.5
9225,-4.300000000000001,0,4,3,1,0.5429622284136713,,778.6
9226,-4.300000000000001,0,4,3,1,0.5429622284136713,,778.7
9227,-2.3000000000000003,0,4,3,1,0.5429622284136713,,778.7
9228,-2.3000000000000003,0,4,3,1,0.5429622284136713,,778.8
9229,5.7,1,4,3,1,0.5429622284136713,,778.9
9230,-4.300000000000001,0,4,3,1,0.5429622284136713,,778.9
9231,-4.300000000000001,0,4,3,1,0.5429622284136713,,779.0
9232,-2.3000000000000003,0,4,3,1,0.5429622284136713,,779.0
9233,-2.3000000000000003,0,4,3,1,0.5429622284136713,,779.1
9234,-2.3000000000000003,0,4,3,1,0.5429622284136713,,779.2
9235,-2.3000000000000003,0,4,3,1,0.5429622284136713,,779.2
9236,-4.300000000000001,0,4,3,1,0.5429622284136713,,779.3
9237,-0.30000000000000004,0,4,3,1,0.5429622284136713,,779.4
9238,-4.300000000000001,0,4,3,1,0.5429622284136713,,779.4
9239,-4.300000000000001,0,4,3,1,0.5429622284136713,,779.5
9240,-2.3000000000000003,0,4,3,1,0.5429622284136713,,779.5
9241,-4.300000000000001,0,4,3,1,0.5429622284136713,,779.6
9242,-4.300000000000001,0,4,3,1,0.5429622284136713,,779.7
9243,-4.300000000000001,0,4,3,1,0.5429622284136713,,779.8
9244,-2.3000000000000003,0,4,3,1,0.5429622284136713,,779.8
9245,-4.300000000000001,0,4,3,1,0.5429622284136713,,779.9
9246,-4.300000000000001,0,4,3,1,0.5429622284136713,,780.0
9247,-0.30000000000000004,0,4,3,1,0.5429622284136713,,780.0
9248,-4.300000000000001,0,4,3,1,0.5429622284136713,,780.1
9249,-2.3000000000000003,0,4,3,1,0.5429622284136713,,780.2
9250,5.7,1,4,3,1,0.5429622284136713,,780.2
9251,-4.300000000000001,0,4,3,1,0.5429622284136713,,780.3
9252,5.7,1,4,3,1,0.5429622284136713,,780.3
9253,-4.300000000000001,0,4,3,1,0.5429622284136713,,780.3
9254,-2.3000000000000003,0,4,3,1,0.5429622284136713,,780.4
9255,-2.3000000000000003,0,4,3,1,0.5429622284136713,,780.4
9256,-2.3000000000000003,0,4,3,1,0.5429622284136713,,780.5
9257,-4.300000000000001,0,4,3,1,0.5429622284136713,,780.6
9258,-4.300000000000001,0,4,3,1,0.5429622284136713,,780.6
9259,-4.300000000000001,0,4,3,1,0.5429622284136713,,780.7
9260,-4.300000000000001,0,4,3,1,0.5429622284136713,,780.8
9261,-2.6,0,6,3,1,0.5429622284136713,,780.8
9262,-4.300000000000001,0,4,3,1,0.5429622284136713,,780.9
9263,-2.3000000000000003,0,4,3,1,0.5429622284136713,,780.9
9264,-2.3000000000000003,0,4,3,1,0.5429622284136713,,781.0
9265,-4.300000000000001,0,4,3,1,0.5429622284136713,,781.1
9266,-4.300000000000001,0,4,3,1,0.5429622284136713,,781.2
9267,-2.3000000000000003,0,4,3,1,0.5429622284136713,,781.3
9268,-4.300000000000001,0,4,3,1,0.5429622284136713,,781.3
9269,5.7,1,4,3,1,0.5429622284136713,,781.4
9270,-4.300000000000001,0,4,3,1,0.5429622284136713,,781.4
9271,-4.300000000000001,0,4,3,1,0.5429622284136713,,781.5
9272,-2.3000000000000003,0,4,3,1,0.5429622284136713,,781.6
9273,-2.3000000000000003,0,4,3,1,0.5429622284136713,,781.7
9274,-4.300000000000001,0,4,3,1,0.5429622284136713,,781.7
9275,-4.300000000000001,0,4,3,1,0.5429622284136713,,781.8
9276,-4.300000000000001,0,4,3,1,0.5429622284136713,,781.9
9277,-4.300000000000001,0,4,3,1,0.5429622284136713,,781.9
9278,-2.3000000000000003,0,4,3,1,0.5429622284136713,,782.0
9279,-4.300000000000001,0,4,3,1,0.5429622284136713,,782.1
9280,-4.300000000000001,0,4,3,1,0.5429622284136713,,782.2
9281,-2.3000000000000003,0,4,3,1,0.5429622284136713,,782.2
9282,-4.300000000000001,0,4,3,1,0.5429622284136713,,782.3
9283,5.7,1,4,3,1,0.5429622284136713,,782.3
9284,-4.300000000000001,0,4,3,1,0.5429622284136713,,782.4
9285,5.7,1,4,3,1,0.5429622284136713,,782.4
9286,-0.30000000000000004,0,4,3,1,0.5429622284136713,,782.5
9287,-4.300000000000001,0,4,3,1,0.5429622284136713,,782.5
9288,5.7,1,4,3,1,0.5429622284136713,,782.6
9289,-4.300000000000001,0,4,3,1,0.5429622284136713,,782.7
9290,-4.300000000000001,0,4,3,1,0.5429622284136713,,782.7
9291,-4.300000000000001,0,4,3,1,0.5429622284136713,,782.8
9292,-4.300000000000001,0,4,3,1,0.5429622284136713,,782.9
9293,-4.300000000000001,0,4,3,1,0.5429622284136713,,782.9
9294,-2.3000000000000003,0,4,3,1,0.5429622284136713,,783.0
9295,-4.300000000000001,0,4,3,1,0.5429622284136713,,783.0
9296,5.7,1,4,3,1,0.5429622284136713,,783.1
9297,-0.30000000000000004,0,4,3,1,0.5429622284136713,,783.1
9298,-3.4000000000000004,0,5,4,1,0.5429622284136713,,783.1
9299,-0.30000000000000004,0,4,3,1,0.5429622284136713,,783.2
9300,5.7,1,4,3,1,0.5429622284136713,,783.3
9301,-2.3000000000000003,0,4,3,1,0.5429622284136713,,783.3
9302,-4.300000000000001,0,4,3,1,0.5429622284136713,,783.4
9303,-4.300000000000001,0,4,3,1,0.5429622284136713,,783.4
9304,5.7,1,4,3,1,0.5429622284136713,,783.5
9305,-5.4,0,5,4,1,0.5429622284136713,,783.6
9306,-2.3000000000000003,0,4,3,1,0.5429622284136713,,783.6
9307,-4.300000000000001,0,4,3,1,0.5429622284136713,,783.7
9308,-4.300000000000001,0,4,3,1,0.5429622284136713,,783.7
9309,-4.300000000000001,0,4,3,1,0.5429622284136713,,783.8
9310,-2.3000000000000003,0,4,3,1,0.5429622284136713,,783.8
9311,-2.3000000000000003,0,4,3,1,0.5429622284136713,,783.9
9312,-2.3000000000000003,0,4,3,1,0.5429622284136713,,784.0
9313,-4.300000000000001,0,4,3,1,0.5429622284136713,,784.0
9314,5.7,1,4,3,1,0.5429622284136713,,784.1
9315,-4.300000000000001,0,4,3,1,0.5429622284136713,,784.1
9316,-4.300000000000001,0,4,3,1,0.5429622284136713,,784.2
9317,-4.300000000000001,0,4,3,1,0.5429622284136713,,784.3
9318,-5.4,0,5,4,1,0.5429622284136713,,784.4
9319,-4.300000000000001,0,4,3,1,0.5429622284136713,,784.5
9320,-4.300000000000001,0,4,3,1,0.5429622284136713,,784.5
9321,-4.300000000000001,0,4,3,1,0.5429622284136713,,784.6
9322,5.7,1,4,3,1,0.5429622284136713,,784.7
9323,-4.300000000000001,0,4,3,1,0.5429622284136713,,784.7
9324,-0.30000000000000004,0,4,3,1,0.5429622284136713,,784.8
9325,-4.300000000000001,0,4,3,1,0.5429622284136713,,784.8
9326,4.4,1,6,3,1,0.5429622284136713,,784.9
9327,-4.300000000000001,0,4,3,1,0.5429622284136713,,785.0
9328,-2.3000000000000003,0,4,3,1,0.5429622284136713,,785.0
9329,-2.3000000000000003,0,4,3,1,0.5429622284136713,,785.1
9330,-0.30000000000000004,0,4,3,1,0.5429622284136713,,785.1
9331,-4.300000000000001,0,4,3,1,0.5429622284136713,,785.2
9332,5.7,1,4,3,1,0.5429622284136713,,785.3
9333,-0.30000000000000004,0,4,3,1,0.5429622284136713,,785.3
9334,-4.300000000000001,0,4,3,1,0.5429622284136713,,785.4
9335,-0.30000000000000004,0,4,3,1,0.5429622284136713,,785.4
9336,-0.30000000000000004,0,4,3,1,0.5429622284136713,,785.5
9337,-2.3000000000000003,0,4,3,1,0.5429622284136713,,785.5
9338,5.7,1,4,3,1,0.5429622284136713,,785.6
9339,-4.300000000000001,0,4,3,1,0.5429622284136713,,785.6
9340,-4.300000000000001,0,4,3,1,0.5429622284136713,,785.7
9341,-4.300000000000001,0,4,3,1,0.5429622284136713,,785.8
9342,-2.3000000000000003,0,4,3,1,0.5429622284136713,,785.8
9343,-4.300000000000001,0,4,3,1,0.5429622284136713,,785.9
9344,-4.300000000000001,0,4,3,1,0.5429622284136713,,785.9
9345,-2.3000000000000003,0,4,3,1,0.5429622284136713,,785.9
9346,-2.3000000000000003,0,4,3,1,0.5429622284136713,,786.0
9347,-0.30000000000000004,0,4,3,1,0.5429622284136713,,786.0
9348,-4.300000000000001,0,4,3,1,0.5429622284136713,,786.1
9349,-4.300000000000001,0,4,3,1,0.5429622284136713,,786.1
9350,-4.300000000000001,0,4,3,1,0.5429622284136713,,786.2
9351,-4.300000000000001,0,4,3,1,0.5429622284136713,,786.2
9352,-2.3000000000000003,0,4,3,1,0.5429622284136713,,786.3
9353,-0.30000000000000004,0,4,3,1,0.5429622284136713,,786.3
9354,-4.300000000000001,0,4,3,1,0.5429622284136713,,786.4
9355,-4.300000000000001,0,4,3,1,0.5429622284136713,,786.4
9356,-4.300000000000001,0,4,3,1,0.5429622284136713,,786.5
9357,5.7,1,4,3,1,0.5429622284136713,,786.5
9358,-2.3000000000000003,0,4,3,1,0.5429622284136713,,786.6
9359,-4.300000000000001,0,4,3,1,0.5429622284136713,,786.6
9360,-0.30000000000000004,0,4,3,1,0.5429622284136713,,786.7
9361,-4.300000000000001,0,4,3,1,0.5429622284136713,,786.8
9362,-4.300000000000001,0,4,3,1,0.5429622284136713,,786.8
9363,-4.300000000000001,0,4,3,1,0.5429622284136713,,786.9
9364,-4.300000000000001,0,4,3,1,0.5429622284136713,,787.0
9365,-4.300000000000001,0,4,3,1,0.5429622284136713,,787.0
9366,-4.300000000000001,0,4,3,1,0.5429622284136713,,787.1
9367,-0.30000000000000004,0,4,3,1,0.5429622284136713,,787.1
9368,-0.30000000000000004,0,4,3,1,0.5429622284136713,,787.2
9369,-4.300000000000001,0,4,3,1,0.5429622284136713,,787.2
9370,-4.300000000000001,0,4,3,1,0.5429622284136713,,787.3
9371,-4.300000000000001,0,4,3,1,0.5429622284136713,,787.4
9372,-4.300000000000001,0,4,3,1,0.5429622284136713,,787.4
9373,-2.3000000000000003,0,4,3,1,0.5429622284136713,,787.5
9374,-0.30000000000000004,0,4,3,1,0.5429622284136713,,787.5
9375,-4.300000000000001,0,4,3,1,0.5429622284136713,,787.6
9376,5.7,1,4,3,1,0.5429622284136713,,787.6
9377,-4.300000000000001,0,4,3,1,0.5429622284136713,,787.7
9378,-4.300000000000001,0,4,3,1,0.5429622284136713,,787.7
9379,5.7,1,4,3,1,0.5429622284136713,,787.8
9380,5.7,1,4,3,1,0.5429622284136713,,787.8
9381,5.7,1,4,3,1,0.5429622284136713,,787.9
9382,-4.300000000000001,0,4,3,1,0.5429622284136713,,787.9
9383,5.7,1,4,3,1,0.5429622284136713,,788.0
9384,-4.300000000000001,0,4,3,1,0.5429622284136713,,788.1
9385,-4.300000000000001,0,4,3,1,0.5429622284136713,,788.1
9386,5.7,1,4,3,1,0.5429622284136713,,788.2
9387,-4.300000000000001,0,4,3,1,0.5429622284136713,,788.2
9388,-2.3000000000000003,0,4,3,1,0.5429622284136713,,788.3
9389,-4.300000000000001,0,4,3,1,0.5429622284136713,,788.4
9390,-2.3000000000000003,0,4,3,1,0.5429622284136713,,788.4
9391,-2.3000000000000003,0,4,3,1,0.5429622284136713,,788.5
9392,-4.300000000000001,0,4,3,1,0.5429622284136713,,788.5
9393,-4.300000000000001,0,4,3,1,0.5429622284136713,,788.6
9394,-2.3000000000000003,0,4,3,1,0.5429622284136713,,788.6
9395,-4.300000000000001,0,4,3,1,0.5429622284136713,,788.7
9396,-2.3000000000000003,0,4,3,1,0.5429622284136713,,788.7
9397,-2.3000000000000003,0,4,3,1,0.5429622284136713,,788.8
9398,-2.3000000000000003,0,4,3,1,0.5429622284136713,,788.8
9399,5.7,1,4,3,1,0.5429622284136713,,788.9
9400,-2.3000000000000003,0,4,3,1,0.5429622284136713,,788.9
9401,-0.30000000000000004,0,4,3,1,0.5429622284136713,,788.9
9402,-0.30000000000000004,0,4,3,1,0.5429622284136713,,789.0
9403,5.7,1,4,3,1,0.5429622284136713,,789.0
9404,5.7,1,4,3,1,0.5429622284136713,,789.1
9405,-3.4000000000000004,0,5,4,1,0.5429622284136713,,789.2
9406,-4.300000000000001,0,4,3,1,0.5429622284136713,,789.3
9407,-4.300000000000001,0,4,3,1,0.5429622284136713,,789.3
9408,-4.300000000000001,0,4,3,1,0.5429622284136713,,789.4
9409,-4.300000000000001,0,4,3,1,0.5429622284136713,,789.5
9410,-3.6000000000000005,0,6,3,1,0.5429622284136713,,789.6
9411,-2.3000000000000003,0,4,3,1,0.5429622284136713,,789.6
9412,5.7,1,4,3,1,0.5429622284136713,,789.7
9413,-4.300000000000001,0,4,3,1,0.5429622284136713,,789.7
9414,5.7,1,4,3,1,0.5429622284136713,,789.7
9415,-4.300000000000001,0,4,3,1,0.5429622284136713,,789.8
9416,-4.300000000000001,0,4,3,1,0.5429622284136713,,789.9
9417,-4.300000000000001,0,4,3,1,0.5429622284136713,,789.9
9418,-2.3000000000000003,0,4,3,1,0.5429622284136713,,790.0
9419,-4.300000000000001,0,4,3,1,0.5429622284136713,,790.1
9420,-4.300000000000001,0,4,3,1,0.5429622284136713,,790.1
9421,-4.300000000000001,0,4,3,1,0.5429622284136713,,790.2
9422,-5.4,0,5,4,1,0.5429622284136713,,790.3
9423,-4.300000000000001,0,4,3,1,0.5429622284136713,,790.4
9424,-5.4,0,5,4,1,0.5429622284136713,,790.4
9425,-4.300000000000001,0,4,3,1,0.5429622284136713,,790.5
9426,-0.30000000000000004,0,4,3,1,0.5429622284136713,,790.6
9427,-4.300000000000001,0,4,3,1,0.5429622284136713,,790.7
9428,5.7,1,4,3,1,0.5429622284136713,,790.7
9429,-5.6000000000000005,0,6,3,1,0.5429622284136713,,790.8
9430,-4.300000000000001,0,4,3,1,0.5429622284136713,,790.9
9431,-5.6000000000000005,0,6,3,1,0.5429622284136713,,791.0
9432,5.7,1,4,3,1,0.5429622284136713,,791.0
9433,5.7,1,4,3,1,0.5429622284136713,,791.1
9434,-4.300000000000001,0,4,3,1,0.5429622284136713,,791.2
9435,5.7,1,4,3,1,0.5429622284136713,,791.2
9436,-4.300000000000001,0,4,3,1,0.5429622284136713,,791.3
9437,-4.300000000000001,0,4,3,1,0.5429622284136713,,791.4
9438,-4.300000000000001,0,4,3,1,0.5429622284136713,,791.5
9439,-2.3000000000000003,0,4,3,1,0.5429622284136713,,791.5
9440,-2.3000000000000003,0,4,3,1,0.5429622284136713,,791.6
9441,-4.300000000000001,0,4,3,1,0.5429622284136713,,791.6
9442,-4.300000000000001,0,4,3,1,0.5429622284136713,,791.7
9443,-0.30000000000000004,0,4,3,1,0.5429622284136713,,791.8
9444,5.7,1,4,3,1,0.5429622284136713,,791.8
9445,-4.300000000000001,0,4,3,1,0.5429622284136713,,791.9
9446,-0.30000000000000004,0,4,3,1,0.5429622284136713,,791.9
9447,5.7,1,4,3,1,0.5429622284136713,,792.0
9448,5.7,1,4,3,1,0.5429622284136713,,792.1
9449,-4.300000000000001,0,4,3,1,0.5429622284136713,,792.1
9450,-4.300000000000001,0,4,3,1,0.5429622284136713,,792.2
9451,-4.300000000000001,0,4,3,1,0.5429622284136713,,792.3
9452,-2.3000000000000003,0,4,3,1,0.5429622284136713,,792.4
9453,-2.3000000000000003,0,4,3,1,0.5429622284136713,,792.4
9454,-4.300000000000001,0,4,3,1,0.5429622284136713,,792.5
9455,-4.300000000000001,0,4,3,1,0.5429622284136713,,792.5
9456,-4.300000000000001,0,4,3,1,0.5429622284136713,,792.6
9457,-2.3000000000000003,0,4,3,1,0.5429622284136713,,792.7
9458,-4.300000000000001,0,4,3,1,0.5429622284136713,,792.7
9459,-4.300000000000001,0,4,3,1,0.5429622284136713,,792.8
9460,-4.300000000000001,0,4,3,1,0.5429622284136713,,792.9
9461,-4.300000000000001,0,4,3,1,0.5429622284136713,,792.9
9462,5.7,1,4,3,1,0.5429622284136713,,793.0
9463,-0.30000000000000004,0,4,3,1,0.5429622284136713,,793.0
9464,-4.300000000000001,0,4,3,1,0.5429622284136713,,793.1
9465,-4.300000000000001,0,4,3,1,0.5429622284136713,,793.2
9466,5.7,1,4,3,1,0.5429622284136713,,793.2
9467,-2.3000000000000003,0,4,3,1,0.5429622284136713,,793.3
9468,-4.6000000000000005,0,6,3,1,0.5429622284136713,,793.3
9469,-4.300000000000001,0,4,3,1,0.5429622284136713,,793.3
9470,-4.6000000000000005,0,6,3,1,0.5429622284136713,,793.4
9471,-4.300000000000001,0,4,3,1,0.5429622284136713,,793.5
9472,-4.300000000000001,0,4,3,1,0.5429622284136713,,793.5
9473,-4.300000000000001,0,4,3,1,0.5429622284136713,,793.6
9474,-2.3000000000000003,0,4,3,1,0.5429622284136713,,793.6
9475,-4.300000000000001,0,4,3,1,0.5429622284136713,,793.7
9476,5.7,1,4,3,1,0.5429622284136713,,793.7
9477,-4.300000000000001,0,4,3,1,0.5429622284136713,,793.7
9478,-2.3000000000000003,0,4,3,1,0.5429622284136713,,793.8
9479,-4.300000000000001,0,4,3,1,0.5429622284136713,,793.9
9480,-4.300000000000001,0,4,3,1,0.5429622284136713,,794.0
9481,-4.300000000000001,0,4,3,1,0.5429622284136713,,794.1
9482,5.7,1,4,3,1,0.5429622284136713,,794.1
9483,-4.300000000000001,0,4,3,1,0.5429622284136713,,794.2
9484,-4.300000000000001,0,4,3,1,0.5429622284136713,,794.2
9485,5.7,1,4,3,1,0.5429622284136713,,794.3
9486,-4.6,0,6,3,1,0.5429622284136713,,794.4
9487,-0.30000000000000004,0,4,3,1,0.5429622284136713,,794.4
9488,-0.30000000000000004,0,4,3,1,0.5429622284136713,,794.5
9489,-4.300000000000001,0,4,3,1,0.5429622284136713,,794.5
9490,-2.3000000000000003,0,4,3,1,0.5429622284136713,,794.6
9491,5.7,1,4,3,1,0.5429622284136713,,794.6
9492,-2.3000000000000003,0,4,3,1,0.5429622284136713,,794.7
9493,-4.300000000000001,0,4,3,1,0.5429622284136713,,794.7
9494,-4.300000000000001,0,4,3,1,0.5429622284136713,,794.8
9495,-0.30000000000000004,0,4,3,1,0.5429622284136713,,794.9
9496,-2.3000000000000003,0,4,3,1,0.5429622284136713,,794.9
9497,-4.300000000000001,0,4,3,1,0.5429622284136713,,795.0
9498,-4.300000000000001,0,4,3,1,0.5429622284136713,,795.0
9499,-4.6,0,6,3,1,0.5429622284136713,,795.1
9500,-4.6,0,6,3,1,0.5429622284136713,,795.2
9501,-4.300000000000001,0,4,3,1,0.5429622284136713,,800.0
9502,-4.300000000000001,0,4,3,1,0.5429622284136713,,800.1
9503,-4.300000000000001,0,4,3,1,0.5429622284136713,,800.1
9504,-2.3000000000000003,0,4,3,1,0.5429622284136713,,800.2
9505,-4.300000000000001,0,4,3,1,0.5429622284136713,,800.3
9506,-4.300000000000001,0,4,3,1,0.5429622284136713,,800.4
9507,-4.300000000000001,0,4,3,1,0.5429622284136713,,800.4
9508,-2.3000000000000003,0,4,3,1,0.5429622284136713,,800.5
9509,-2.3000000000000003,0,4,3,1,0.5429622284136713,,800.5
9510,-2.3000000000000003,0,4,3,1,0.5429622284136713,,800.6
9511,-4.300000000000001,0,4,3,1,0.5429622284136713,,800.6
9512,5.7,1,4,3,1,0.5429622284136713,,800.7
9513,-4.300000000000001,0,4,3,1,0.5429622284136713,,800.7
9514,-4.300000000000001,0,4,3,1,0.5429622284136713,,800.8
9515,-4.300000000000001,0,4,3,1,0.5429622284136713,,800.9
9516,-4.300000000000001,0,4,3,1,0.5429622284136713,,800.9
9517,-4.300000000000001,0,4,3,1,0.5429622284136713,,801.0
9518,-4.300000000000001,0,4,3,1,0.5429622284136713,,801.1
9519,-4.300000000000001,0,4,3,1,0.5429622284136713,,801.2
9520,-4.300000000000001,0,4,3,1,0.5429622284136713,,801.3
9521,-4.300000000000001,0,4,3,1,0.5429622284136713,,801.3
9522,5.7,1,4,3,1,0.5429622284136713,,801.4
9523,-4.300000000000001,0,4,3,1,0.5429622284136713,,801.5
9524,-4.300000000000001,0,4,3,1,0.5429622284136713,,801.6
9525,-2.3000000000000003,0,4,3,1,0.5429622284136713,,801.6
9526,-4.300000000000001,0,4,3,1,0.5429622284136713,,801.7
9527,-4.300000000000001,0,4,3,1,0.5429622284136713,,801.8
9528,-4.300000000000001,0,4,3,1,0.5429622284136713,,801.9
9529,-2.3000000000000003,0,4,3,1,0.5429622284136713,,801.9
9530,-2.3000000000000003,0,4,3,1,0.5429622284136713,,802.0
9531,-4.300000000000001,0,4,3,1,0.5429622284136713,,802.0
9532,-4.300000000000001,0,4,3,1,0.5429622284136713,,802.1
9533,5.7,1,4,3,1,0.5429622284136713,,802.2
9534,-0.30000000000000004,0,4,3,1,0.5429622284136713,,802.3
9535,-4.300000000000001,0,4,3,1,0.5429622284136713,,802.3
9536,-0.30000000000000004,0,4,3,1,0.5429622284136713,,802.4
9537,-0.30000000000000004,0,4,3,1,0.5429622284136713,,802.4
9538,-2.3000000000000003,0,4,3,1,0.5429622284136713,,802.5
9539,-0.30000000000000004,0,4,3,1,0.5429622284136713,,802.6
9540,-4.300000000000001,0,4,3,1,0.5429622284136713,,802.6
9541,-4.300000000000001,0,4,3,1,0.5429622284136713,,802.7
9542,-2.3000000000000003,0,4,3,1,0.5429622284136713,,802.8
9543,-4.300000000000001,0,4,3,1,0.5429622284136713,,802.8
9544,5.7,1,4,3,1,0.5429622284136713,,802.9
9545,-4.300000000000001,0,4,3,1,0.5429622284136713,,803.0
9546,-4.300000000000001,0,4,3,1,0.5429622284136713,,803.1
9547,-4.300000000000001,0,4,3,1,0.5429622284136713,,803.1
9548,-1.4000000000000001,0,5,4,1,0.5429622284136713,,803.2
9549,-4.300000000000001,0,4,3,1,0.5429622284136713,,803.3
9550,-4.300000000000001,0,4,3,1,0.5429622284136713,,803.3
9551,-0.30000000000000004,0,4,3,1,0.5429622284136713,,803.4
9552,-4.300000000000001,0,4,3,1,0.5429622284136713,,803.5
9553,-2.6,0,6,3,1,0.5429622284136713,,803.5
9554,-4.300000000000001,0,4,3,1,0.5429622284136713,,803.6
9555,-4.300000000000001,0,4,3,1,0.5429622284136713,,803.7
9556,-4.300000000000001,0,4,3,1,0.5429622284136713,,803.8
9557,-2.3000000000000003,0,4,3,1,0.5429622284136713,,803.8
9558,-0.30000000000000004,0,4,3,1,0.5429622284136713,,803.8
9559,-2.3000000000000003,0,4,3,1,0.5429622284136713,,803.9
9560,-0.30000000000000004,0,4,3,1,0.5429622284136713,,803.9
9561,-4.6000000000000005,0,6,3,1,0.5429622284136713,,804.0
9562,-4.300000000000001,0,4,3,1,0.5429622284136713,,804.0
9563,-4.300000000000001,0,4,3,1,0.5429622284136713,,804.1
9564,-4.300000000000001,0,4,3,1,0.5429622284136713,,804.2
9565,-2.3000000000000003,0,4,3,1,0.5557637922465801,1.3767863502725959,804.8
9566,-4.300000000000001,0,4,3,1,0.5557637922465801,,804.9
9567,-4.300000000000001,0,4,3,1,0.5557637922465801,,805.0
9568,-4.300000000000001,0,4,3,1,0.5557637922465801,,805.0
9569,-4.300000000000001,0,4,3,1,0.5557637922465801,,805.1
9570,-0.30000000000000004,0,4,3,1,0.5557637922465801,,805.2
9571,-4.300000000000001,0,4,3,1,0.5557637922465801,,805.2
9572,-2.3000000000000003,0,4,3,1,0.5557637922465801,,805.3
9573,-2.3000000000000003,0,4,3,1,0.5557637922465801,,805.4
9574,-4.300000000000001,0,4,3,1,0.5557637922465801,,805.5
9575,-4.300000000000001,0,4,3,1,0.5557637922465801,,805.5
9576,-4.300000000000001,0,4,3,1,0.5557637922465801,,805.6
9577,-4.300000000000001,0,4,3,1,0.5557637922465801,,805.7
9578,-2.6,0,6,3,1,0.5557637922465801,,805.7
9579,-4.300000000000001,0,4,3,1,0.5557637922465801,,805.8
9580,-4.300000000000001,0,4,3,1,0.5557637922465801,,805.9
9581,5.7,1,4,3,1,0.5557637922465801,,805.9
9582,-4.300000000000001,0,4,3,1,0.5557637922465801,,806.0
9583,5.7,1,4,3,1,0.5557637922465801,,806.1
9584,-4.300000000000001,0,4,3,1,0.5557637922465801,,806.1
9585,-4.300000000000001,0,4,3,1,0.5557637922465801,,806.2
9586,-4.300000000000001,0,4,3,1,0.5557637922465801,,806.3
9587,-4.300000000000001,0,4,3,1,0.5557637922465801,,806.3
9588,6.6,1,5,4,1,0.5557637922465801,,806.4
9589,-4.300000000000001,0,4,3,1,0.5557637922465801,,806.5
9590,-4.300000000000001,0,4,3,1,0.5557637922465801,,806.5
9591,-2.3000000000000003,0,4,3,1,0.5557637922465801,,806.5
9592,-4.300000000000001,0,4,3,1,0.5557637922465801,,806.6
9593,-4.300000000000001,0,4,3,1,0.5557637922465801,,806.6
9594,-4.300000000000001,0,4,3,1,0.5557637922465801,,806.7
9595,-2.3000000000000003,0,4,3,1,0.5557637922465801,,806.8
9596,-4.300000000000001,0,4,3,1,0.5557637922465801,,806.9
9597,-2.3000000000000003,0,4,3,1,0.5557637922465801,,806.9
9598,-4.300000000000001,0,4,3,1,0.5557637922465801,,807.0
9599,-0.30000000000000004,0,4,3,1,0.5557637922465801,,807.0
9600,-2.3000000000000003,0,4,3,1,0.5557637922465801,,807.1
9601,-4.6,0,6,3,1,0.5557637922465801,,807.2
9602,5.7,1,4,3,1,0.5557637922465801,,807.2
9603,-4.300000000000001,0,4,3,1,0.5557637922465801,,807.3
9604,-4.300000000000001,0,4,3,1,0.5557637922465801,,807.3
9605,-2.3000000000000003,0,4,3,1,0.5557637922465801,,807.4
9606,-2.3000000000000003,0,4,3,1,0.5557637922465801,,807.4
9607,-4.300000000000001,0,4,3,1,0.5557637922465801,,807.4
9608,5.7,1,4,3,1,0.5557637922465801,,807.5
9609,5.7,1,4,3,1,0.5557637922465801,,807.6
9610,-4.300000000000001,0,4,3,1,0.5557637922465801,,807.6
9611,-4.300000000000001,0,4,3,1,0.5557637922465801,,807.7
9612,-4.300000000000001,0,4,3,1,0.5557637922465801,,807.7
9613,-0.30000000000000004,0,4,3,1,0.5557637922465801,,807.8
9614,-4.300000000000001,0,4,3,1,0.5557637922465801,,807.9
9615,-4.300000000000001,0,4,3,1,0.5557637922465801,,808.0
9616,-4.300000000000001,0,4,3,1,0.5557637922465801,,808.0
9617,-4.300000000000001,0,4,3,1,0.5557637922465801,,808.0
9618,-4.6,0,6,3,1,0.5557637922465801,,808.1
9619,-5.4,0,5,4,1,0.5557637922465801,,808.2
9620,-4.300000000000001,0,4,3,1,0.5557637922465801,,808.2
9621,-0.30000000000000004,0,4,3,1,0.5557637922465801,,808.3
9622,-4.300000000000001,0,4,3,1,0.5557637922465801,,808.3
9623,-2.3000000000000003,0,4,3,1,0.5557637922465801,,808.4
9624,-4.300000000000001,0,4,3,1,0.5557637922465801,,808.5
9625,-4.300000000000001,0,4,3,1,0.5557637922465801,,808.5
9626,-2.3000000000000003,0,4,3,1,0.5557637922465801,,808.6
9627,-4.300000000000001,0,4,3,1,0.5557637922465801,,808.7
9628,-4.300000000000001,0,4,3,1,0.5557637922465801,,808.7
9629,-4.300000000000001,0,4,3,1,0.5557637922465801,,808.8
9630,5.7,1,4,3,1,0.5557637922465801,,808.8
9631,-2.3000000000000003,0,4,3,1,0.5557637922465801,,808.9
9632,-0.30000000000000004,0,4,3,1,0.5557637922465801,,809.0
9633,5.7,1,4,3,1,0.5557637922465801,,809.0
9634,5.7,1,4,3,1,0.5557637922465801,,809.0
9635,-4.300000000000001,0,4,3,1,0.5557637922465801,,809.1
9636,-4.300000000000001,0,4,3,1,0.5557637922465801,,809.2
9637,-4.300000000000001,0,4,3,1,0.5557637922465801,,809.3
9638,-4.300000000000001,0,4,3,1,0.5557637922465801,,809.3
9639,-2.3000000000000003,0,4,3,1,0.5557637922465801,,809.4
9640,5.7,1,4,3,1,0.5557637922465801,,809.4
9641,-4.300000000000001,0,4,3,1,0.5557637922465801,,809.5
9642,5.7,1,4,3,1,0.5557637922465801,,809.5
9643,-2.3000000000000003,0,4,3,1,0.5557637922465801,,809.6
9644,-4.300000000000001,0,4,3,1,0.5557637922465801,,809.7
9645,-4.300000000000001,0,4,3,1,0.5557637922465801,,809.7
9646,5.7,1,4,3,1,0.5557637922465801,,809.8
9647,-2.3000000000000003,0,4,3,1,0.5557637922465801,,809.8
9648,-4.300000000000001,0,4,3,1,0.5557637922465801,,809.9
9649,-4.300000000000001,0,4,3,1,0.5557637922465801,,809.9
9650,-2.3000000000000003,0,4,3,1,0.5557637922465801,,810.0
9651,5.7,1,4,3,1,0.5557637922465801,,810.1
9652,5.7,1,4,3,1,0.5557637922465801,,810.1
9653,-4.300000000000001,0,4,3,1,0.5557637922465801,,810.1
9654,-4.300000000000001,0,4,3,1,0.5557637922465801,,810.2
9655,-2.3000000000000003,0,4,3,1,0.5557637922465801,,810.2
9656,-2.3000000000000003,0,4,3,1,0.5557637922465801,,810.2
9657,-4.300000000000001,0,4,3,1,0.5557637922465801,,810.3
9658,-4.6,0,6,3,1,0.5557637922465801,,810.3
9659,-4.300000000000001,0,4,3,1,0.5557637922465801,,810.4
9660,-4.300000000000001,0,4,3,1,0.5557637922465801,,810.4
9661,-4.300000000000001,0,4,3,1,0.5557637922465801,,810.4
9662,-4.300000000000001,0,4,3,1,0.5557637922465801,,810.5
9663,-4.300000000000001,0,4,3,1,0.5557637922465801,,810.5
9664,5.7,1,4,3,1,0.5557637922465801,,810.6
9665,-4.300000000000001,0,4,3,1,0.5557637922465801,,810.7
9666,-2.3000000000000003,0,4,3,1,0.5557637922465801,,810.7
9667,-2.3000000000000003,0,4,3,1,0.5557637922465801,,810.8
9668,5.7,1,4,3,1,0.5557637922465801,,810.8
9669,-4.300000000000001,0,4,3,1,0.5557637922465801,,810.9
9670,5.7,1,4,3,1,0.5557637922465801,,811.0
9671,-4.300000000000001,0,4,3,1,0.5557637922465801,,811.0
9672,-5.4,0,5,4,1,0.5557637922465801,,811.1
9673,-4.300000000000001,0,4,3,1,0.5557637922465801,,811.1
9674,-4.300000000000001,0,4,3,1,0.5557637922465801,,811.2
9675,-4.300000000000001,0,4,3,1,0.5557637922465801,,811.2
9676,-0.30000000000000004,0,4,3,1,0.5557637922465801,,811.3
9677,-0.30000000000000004,0,4,3,1,0.5557637922465801,,811.4
9678,-4.300000000000001,0,4,3,1,0.5557637922465801,,811.4
9679,-4.300000000000001,0,4,3,1,0.5557637922465801,,811.5
9680,5.7,1,4,3,1,0.5557637922465801,,811.5
9681,5.7,1,4,3,1,0.5557637922465801,,811.5
9682,-4.300000000000001,0,4,3,1,0.5557637922465801,,811.6
9683,-4.300000000000001,0,4,3,1,0.5557637922465801,,811.7
9684,-4.300000000000001,0,4,3,1,0.5557637922465801,,811.8
9685,-4.300000000000001,0,4,3,1,0.5557637922465801,,811.8
9686,-4.300000000000001,0,4,3,1,0.5557637922465801,,811.9
9687,-0.30000000000000004,0,4,3,1,0.5557637922465801,,812.0
9688,-4.300000000000001,0,4,3,1,0.5557637922465801,,812.0
9689,-4.300000000000001,0,4,3,1,0.5557637922465801,,812.1
9690,-2.3000000000000003,0,4,3,1,0.5557637922465801,,812.2
9691,5.7,1,4,3,1,0.5557637922465801,,812.3
9692,-4.300000000000001,0,4,3,1,0.5557637922465801,,812.3
9693,-4.300000000000001,0,4,3,1,0.5557637922465801,,812.4
9694,-4.300000000000001,0,4,3,1,0.5557637922465801,,812.4
9695,-2.3000000000000003,0,4,3,1,0.5557637922465801,,812.5
9696,-2.3000000000000003,0,4,3,1,0.5557637922465801,,812.5
9697,-4.300000000000001,0,4,3,1,0.5557637922465801,,812.6
9698,-4.300000000000001,0,4,3,1,0.5557637922465801,,812.6
9699,5.7,1,4,3,1,0.5557637922465801,,812.7
9700,-4.300000000000001,0,4,3,1,0.5557637922465801,,812.8
9701,-2.3000000000000003,0,4,3,1,0.5557637922465801,,812.8
9702,-2.3000000000000003,0,4,3,1,0.5557637922465801,,812.9
9703,5.7,1,4,3,1,0.5557637922465801,,812.9
9704,-2.3000000000000003,0,4,3,1,0.5557637922465801,,813.0
9705,-2.3000000000000003,0,4,3,1,0.5557637922465801,,813.0
9706,-0.30000000000000004,0,4,3,1,0.5557637922465801,,813.1
9707,5.7,1,4,3,1,0.5557637922465801,,813.2
9708,-4.300000000000001,0,4,3,1,0.5557637922465801,,813.2
9709,-4.300000000000001,0,4,3,1,0.5557637922465801,,813.3
9710,-4.6,0,6,3,1,0.5557637922465801,,813.3
9711,-2.6,0,6,3,1,0.5557637922465801,,813.4
9712,-5.4,0,5,4,1,0.5557637922465801,,813.5
9713,-4.300000000000001,0,4,3,1,0.5557637922465801,,813.5
9714,-4.300000000000001,0,4,3,1,0.5557637922465801,,813.5
9715,-2.3000000000000003,0,4,3,1,0.5557637922465801,,813.6
9716,-4.300000000000001,0,4,3,1,0.5557637922465801,,813.7
9717,5.7,1,4,3,1,0.5557637922465801,,813.7
9718,5.7,1,4,3,1,0.5557637922465801,,813.8
9719,-0.30000000000000004,0,4,3,1,0.5557637922465801,,813.8
9720,-2.3000000000000003,0,4,3,1,0.5557637922465801,,813.9
9721,5.7,1,4,3,1,0.5557637922465801,,814.0
9722,-2.3000000000000003,0,4,3,1,0.5557637922465801,,814.0
9723,-4.300000000000001,0,4,3,1,0.5557637922465801,,814.1
9724,-0.30000000000000004,0,4,3,1,0.5557637922465801,,814.2
9725,-2.3000000000000003,0,4,3,1,0.5557637922465801,,814.2
9726,-4.300000000000001,0,4,3,1,0.5557637922465801,,814.3
9727,-2.3000000000000003,0,4,3,1,0.5557637922465801,,814.3
9728,-0.30000000000000004,0,4,3,1,0.5557637922465801,,814.4
9729,-4.300000000000001,0,4,3,1,0.5557637922465801,,814.4
9730,-4.300000000000001,0,4,3,1,0.5557637922465801,,814.5
9731,-4.300000000000001,0,4,3,1,0.5557637922465801,,814.5
9732,-4.300000000000001,0,4,3,1,0.5557637922465801,,814.6
9733,-4.300000000000001,0,4,3,1,0.5557637922465801,,814.6
9734,-4.300000000000001,0,4,3,1,0.5557637922465801,,814.7
9735,-0.30000000000000004,0,4,3,1,0.5557637922465801,,814.8
9736,-2.3000000000000003,0,4,3,1,0.5557637922465801,,814.8
9737,-4.300000000000001,0,4,3,1,0.5557637922465801,,814.9
9738,-4.300000000000001,0,4,3,1,0.5557637922465801,,814.9
9739,-0.30000000000000004,0,4,3,1,0.5557637922465801,,815.0
9740,-2.3000000000000003,0,4,3,1,0.5557637922465801,,815.1
9741,-0.30000000000000004,0,4,3,1,0.5557637922465801,,815.1
9742,-2.3000000000000003,0,4,3,1,0.5557637922465801,,815.1
9743,-4.300000000000001,0,4,3,1,0.5557637922465801,,815.2
9744,-4.300000000000001,0,4,3,1,0.5557637922465801,,815.3
9745,-4.300000000000001,0,4,3,1,0.5557637922465801,,815.3
9746,5.7,1,4,3,1,0.5557637922465801,,815.4
9747,-4.300000000000001,0,4,3,1,0.5557637922465801,,815.4
9748,-4.300000000000001,0,4,3,1,0.5557637922465801,,815.5
9749,-4.300000000000001,0,4,3,1,0.5557637922465801,,815.5
9750,-4.300000000000001,0,4,3,1,0.5557637922465801,,815.6
9751,-2.3000000000000003,0,4,3,1,0.5557637922465801,,815.7
9752,-2.3000000000000003,0,4,3,1,0.5557637922465801,,815.7
9753,-4.300000000000001,0,4,3,1,0.5557637922465801,,815.8
9754,-2.3000000000000003,0,4,3,1,0.5557637922465801,,815.8
9755,-4.300000000000001,0,4,3,1,0.5557637922465801,,815.9
9756,5.7,1,4,3,1,0.5557637922465801,,816.0
9757,-0.30000000000000004,0,4,3,1,0.5557637922465801,,816.0
9758,-0.30000000000000004,0,4,3,1,0.5557637922465801,,816.1
9759,-4.300000000000001,0,4,3,1,0.5557637922465801,,816.2
9760,-4.300000000000001,0,4,3,1,0.5557637922465801,,816.2
9761,-4.300000000000001,0,4,3,1,0.5557637922465801,,816.3
9762,-0.30000000000000004,0,4,3,1,0.5557637922465801,,816.4
9763,-0.30000000000000004,0,4,3,1,0.5557637922465801,,816.4
9764,5.7,1,4,3,1,0.5557637922465801,,816.5
9765,-4.300000000000001,0,4,3,1,0.5557637922465801,,816.5
9766,-4.300000000000001,0,4,3,1,0.5557637922465801,,816.6
9767,-4.300000000000001,0,4,3,1,0.5557637922465801,,816.7
9768,-4.300000000000001,0,4,3,1,0.5557637922465801,,816.8
9769,-5.4,0,5,4,1,0.5557637922465801,,816.8
9770,-0.30000000000000004,0,4,3,1,0.5557637922465801,,816.9
9771,-4.300000000000001,0,4,3,1,0.5557637922465801,,817.0
9772,-4.300000000000001,0,4,3,1,0.5557637922465801,,817.1
9773,-0.30000000000000004,0,4,3,1,0.5557637922465801,,817.1
9774,-4.300000000000001,0,4,3,1,0.5557637922465801,,817.2
9775,-4.300000000000001,0,4,3,1,0.5557637922465801,,817.2
9776,-2.3000000000000003,0,4,3,1,0.5557637922465801,,817.3
9777,-4.300000000000001,0,4,3,1,0.5557637922465801,,817.3
9778,-2.3000000000000003,0,4,3,1,0.5557637922465801,,817.4
9779,-4.300000000000001,0,4,3,1,0.5557637922465801,,817.4
9780,-2.3000000000000003,0,4,3,1,0.5557637922465801,,817.4
9781,-2.3000000000000003,0,4,3,1,0.5557637922465801,,817.5
9782,-4.300000000000001,0,4,3,1,0.5557637922465801,,817.6
9783,5.7,1,4,3,1,0.5557637922465801,,817.6
9784,-4.300000000000001,0,4,3,1,0.5557637922465801,,817.7
9785,-4.300000000000001,0,4,3,1,0.5557637922465801,,817.7
9786,-4.300000000000001,0,4,3,1,0.5557637922465801,,817.8
9787,-5.4,0,5,4,1,0.5557637922465801,,817.9
9788,-4.300000000000001,0,4,3,1,0.5557637922465801,,818.0
9789,-2.3000000000000003,0,4,3,1,0.5557637922465801,,818.1
9790,-5.6000000000000005,0,6,3,1,0.5557637922465801,,818.1
9791,-4.300000000000001,0,4,3,1,0.5557637922465801,,818.2
9792,-4.300000000000001,0,4,3,1,0.5557637922465801,,818.2
9793,-4.300000000000001,0,4,3,1,0.5557637922465801,,818.3
9794,-0.30000000000000004,0,4,3,1,0.5557637922465801,,818.3
9795,-0.30000000000000004,0,4,3,1,0.5557637922465801,,818.3
9796,-4.300000000000001,0,4,3,1,0.5557637922465801,,818.4
9797,5.7,1,4,3,1,0.5557637922465801,,818.5
9798,-4.300000000000001,0,4,3,1,0.5557637922465801,,818.6
9799,-4.300000000000001,0,4,3,1,0.5557637922465801,,818.6
9800,-4.300000000000001,0,4,3,1,0.5557637922465801,,818.7
9801,-4.300000000000001,0,4,3,1,0.5557637922465801,,818.8
9802,-0.30000000000000004,0,4,3,1,0.5557637922465801,,818.8
9803,-2.3000000000000003,0,4,3,1,0.5557637922465801,,818.9
9804,-4.300000000000001,0,4,3,1,0.5557637922465801,,818.9
9805,-4.300000000000001,0,4,3,1,0.5557637922465801,,819.0
9806,-4.300000000000001,0,4,3,1,0.5557637922465801,,819.1
9807,-4.300000000000001,0,4,3,1,0.5557637922465801,,819.2
9808,-2.3000000000000003,0,4,3,1,0.5557637922465801,,819.2
9809,-4.300000000000001,0,4,3,1,0.5557637922465801,,819.3
9810,-2.3000000000000003,0,4,3,1,0.5557637922465801,,819.3
9811,-4.300000000000001,0,4,3,1,0.5557637922465801,,819.4
9812,-0.30000000000000004,0,4,3,1,0.5557637922465801,,819.4
9813,-4.300000000000001,0,4,3,1,0.5557637922465801,,819.5
9814,-4.300000000000001,0,4,3,1,0.5557637922465801,,819.6
9815,-2.3000000000000003,0,4,3,1,0.5557637922465801,,819.6
9816,-4.300000000000001,0,4,3,1,0.5557637922465801,,819.7
9817,-2.3000000000000003,0,4,3,1,0.5557637922465801,,819.8
9818,-2.3000000000000003,0,4,3,1,0.5557637922465801,,819.8
9819,-4.300000000000001,0,4,3,1,0.5557637922465801,,819.9
9820,5.7,1,4,3,1,0.5557637922465801,,820.0
9821,-4.300000000000001,0,4,3,1,0.5557637922465801,,820.0
9822,-2.3000000000000003,0,4,3,1,0.5557637922465801,,820.1
9823,5.7,1,4,3,1,0.5557637922465801,,820.1
9824,-4.300000000000001,0,4,3,1,0.5557637922465801,,820.2
9825,5.7,1,4,3,1,0.5557637922465801,,820.2
9826,-4.300000000000001,0,4,3,1,0.5557637922465801,,820.3
9827,-0.30000000000000004,0,4,3,1,0.5557637922465801,,820.4
9828,-0.30000000000000004,0,4,3,1,0.5557637922465801,,820.4
9829,-4.300000000000001,0,4,3,1,0.5557637922465801,,820.5
9830,-4.300000000000001,0,4,3,1,0.5557637922465801,,820.6
9831,-4.300000000000001,0,4,3,1,0.5557637922465801,,820.6
9832,-4.300000000000001,0,4,3,1,0.5557637922465801,,820.7
9833,-4.300000000000001,0,4,3,1,0.5557637922465801,,820.7
9834,-4.300000000000001,0,4,3,1,0.5557637922465801,,820.8
9835,5.7,1,4,3,1,0.5557637922465801,,820.9
9836,-2.3000000000000003,0,4,3,1,0.5557637922465801,,820.9
9837,-0.30000000000000004,0,4,3,1,0.5557637922465801,,820.9
9838,-0.30000000000000004,0,4,3,1,0.5557637922465801,,821.0
9839,-4.300000000000001,0,4,3,1,0.5557637922465801,,821.1
9840,-0.30000000000000004,0,4,3,1,0.5557637922465801,,821.2
9841,-2.3000000000000003,0,4,3,1,0.5557637922465801,,821.2
9842,-2.3000000000000003,0,4,3,1,0.5557637922465801,,821.2
9843,-4.300000000000001,0,4,3,1,0.5557637922465801,,821.3
9844,-4.300000000000001,0,4,3,1,0.5557637922465801,,821.4
9845,-4.300000000000001,0,4,3,1,0.5557637922465801,,821.5
9846,-4.300000000000001,0,4,3,1,0.5557637922465801,,821.6
9847,-2.3000000000000003,0,4,3,1,0.5557637922465801,,821.7
9848,5.7,1,4,3,1,0.5557637922465801,,821.7
9849,5.7,1,4,3,1,0.5557637922465801,,821.8
9850,-4.300000000000001,0,4,3,1,0.5557637922465801,,821.8
9851,5.7,1,4,3,1,0.5557637922465801,,821.9
9852,-4.300000000000001,0,4,3,1,0.5557637922465801,,822.0
9853,-0.30000000000000004,0,4,3,1,0.5557637922465801,,822.0
9854,-4.300000000000001,0,4,3,1,0.5557637922465801,,822.1
9855,-4.300000000000001,0,4,3,1,0.5557637922465801,,822.1
9856,-2.3000000000000003,0,4,3,1,0.5557637922465801,,822.2
9857,-0.30000000000000004,0,4,3,1,0.5557637922465801,,822.2
9858,-4.300000000000001,0,4,3,1,0.5557637922465801,,822.3
9859,-4.300000000000001,0,4,3,1,0.5557637922465801,,822.3
9860,-4.300000000000001,0,4,3,1,0.5557637922465801,,822.4
9861,-4.300000000000001,0,4,3,1,0.5557637922465801,,822.5
9862,-2.6,0,6,3,1,0.5557637922465801,,822.5
9863,-5.6000000000000005,0,6,3,1,0.5557637922465801,,822.6
9864,-4.300000000000001,0,4,3,1,0.5557637922465801,,822.7
9865,-0.30000000000000004,0,4,3,1,0.5557637922465801,,822.8
9866,-4.300000000000001,0,4,3,1,0.5557637922465801,,822.8
9867,5.7,1,4,3,1,0.5557637922465801,,822.9
9868,-2.3000000000000003,0,4,3,1,0.5557637922465801,,823.0
9869,-0.30000000000000004,0,4,3,1,0.5557637922465801,,823.0
9870,-4.300000000000001,0,4,3,1,0.5557637922465801,,823.1
9871,-4.300000000000001,0,4,3,1,0.5557637922465801,,823.1
9872,-4.300000000000001,0,4,3,1,0.5557637922465801,,823.2
9873,-0.30000000000000004,0,4,3,1,0.5557637922465801,,823.3
9874,-4.300000000000001,0,4,3,1,0.5557637922465801,,823.3
9875,-0.30000000000000004,0,4,3,1,0.5557637922465801,,823.4
9876,-4.300000000000001,0,4,3,1,0.5557637922465801,,823.4
9877,-4.300000000000001,0,4,3,1,0.5557637922465801,,823.5
9878,-4.300000000000001,0,4,3,1,0.5557637922465801,,823.5
9879,5.7,1,4,3,1,0.5557637922465801,,823.6
9880,-4.300000000000001,0,4,3,1,0.5557637922465801,,823.7
9881,-4.300000000000001,0,4,3,1,0.5557637922465801,,823.7
9882,-4.300000000000001,0,4,3,1,0.5557637922465801,,823.8
9883,-4.300000000000001,0,4,3,1,0.5557637922465801,,823.8
9884,-2.3000000000000003,0,4,3,1,0.5557637922465801,,823.9
9885,-4.300000000000001,0,4,3,1,0.5557637922465801,,824.0
9886,-4.300000000000001,0,4,3,1,0.5557637922465801,,824.0
9887,-0.30000000000000004,0,4,3,1,0.5557637922465801,,824.1
9888,-0.30000000000000004,0,4,3,1,0.5557637922465801,,824.2
9889,-4.300000000000001,0,4,3,1,0.5557637922465801,,824.2
9890,-2.3000000000000003,0,4,3,1,0.5557637922465801,,824.3
9891,5.7,1,4,3,1,0.5557637922465801,,824.3
9892,-4.300000000000001,0,4,3,1,0.5557637922465801,,824.4
9893,-4.300000000000001,0,4,3,1,0.5557637922465801,,824.5
9894,-4.300000000000001,0,4,3,1,0.5557637922465801,,824.5
9895,-0.30000000000000004,0,4,3,1,0.5557637922465801,,824.5
9896,-4.300000000000001,0,4,3,1,0.5557637922465801,,824.6
9897,-4.300000000000001,0,4,3,1,0.5557637922465801,,824.6
9898,-4.300000000000001,0,4,3,1,0.5557637922465801,,824.7
9899,-4.300000000000001,0,4,3,1,0.5557637922465801,,824.8
9900,-4.300000000000001,0,4,3,1,0.5557637922465801,,824.8
9901,-4.300000000000001,0,4,3,1,0.5557637922465801,,824.9
9902,-0.30000000000000004,0,4,3,1,0.5557637922465801,,824.9
9903,5.7,1,4,3,1,0.5557637922465801,,824.9
9904,-2.3000000000000003,0,4,3,1,0.5557637922465801,,825.0
9905,-4.300000000000001,0,4,3,1,0.5557637922465801,,825.1
9906,-4.300000000000001,0,4,3,1,0.5557637922465801,,825.1
9907,-2.3000000000000003,0,4,3,1,0.5557637922465801,,825.2
9908,-4.300000000000001,0,4,3,1,0.5557637922465801,,825.2
9909,-2.3000000000000003,0,4,3,1,0.5557637922465801,,825.3
9910,-4.300000000000001,0,4,3,1,0.5557637922465801,,825.3
9911,5.7,1,4,3,1,0.5557637922465801,,825.4
9912,-2.3000000000000003,0,4,3,1,0.5557637922465801,,825.5
9913,-6.700000000000001,0,7,4,1,0.5557637922465801,,825.6
9914,-4.300000000000001,0,4,3,1,0.5557637922465801,,825.6
9915,-4.300000000000001,0,4,3,1,0.5557637922465801,,825.7
9916,-4.300000000000001,0,4,3,1,0.5557637922465801,,825.8
9917,5.7,1,4,3,1,0.5557637922465801,,825.8
9918,-0.30000000000000004,0,4,3,1,0.5557637922465801,,825.9
9919,-4.300000000000001,0,4,3,1,0.5557637922465801,,825.9
9920,-2.3000000000000003,0,4,3,1,0.5557637922465801,,826.0
9921,-4.300000000000001,0,4,3,1,0.5557637922465801,,826.0
9922,-4.300000000000001,0,4,3,1,0.5557637922465801,,826.1
9923,-2.3000000000000003,0,4,3,1,0.5557637922465801,,826.1
9924,-4.300000000000001,0,4,3,1,0.5557637922465801,,826.2
9925,-2.3000000000000003,0,4,3,1,0.5557637922465801,,826.2
9926,-4.300000000000001,0,4,3,1,0.5557637922465801,,826.3
9927,-4.300000000000001,0,4,3,1,0.5557637922465801,,826.4
9928,-4.300000000000001,0,4,3,1,0.5557637922465801,,826.4
9929,5.7,1,4,3,1,0.5557637922465801,,826.4
9930,-2.3000000000000003,0,4,3,1,0.5557637922465801,,826.5
9931,-4.300000000000001,0,4,3,1,0.5557637922465801,,826.6
9932,-4.300000000000001,0,4,3,1,0.5557637922465801,,826.7
9933,-2.3000000000000003,0,4,3,1,0.5557637922465801,,826.7
9934,-2.3000000000000003,0,4,3,1,0.5557637922465801,,826.8
9935,-2.3000000000000003,0,4,3,1,0.5557637922465801,,826.9
9936,-4.300000000000001,0,4,3,1,0.5557637922465801,,827.0
9937,5.7,1,4,3,1,0.5557637922465801,,827.0
9938,-4.300000000000001,0,4,3,1,0.5557637922465801,,827.1
9939,-2.3000000000000003,0,4,3,1,0.5557637922465801,,827.1
9940,-4.300000000000001,0,4,3,1,0.5557637922465801,,827.2
9941,-4.300000000000001,0,4,3,1,0.5557637922465801,,827.3
9942,-4.300000000000001,0,4,3,1,0.5557637922465801,,827.4
9943,5.7,1,4,3,1,0.5557637922465801,,827.4
9944,-4.300000000000001,0,4,3,1,0.5557637922465801,,827.5
9945,-4.300000000000001,0,4,3,1,0.5557637922465801,,827.5
9946,-0.30000000000000004,0,4,3,1,0.5557637922465801,,827.6
9947,-4.300000000000001,0,4,3,1,0.5557637922465801,,827.7
9948,-4.300000000000001,0,4,3,1,0.5557637922465801,,827.8
9949,-4.300000000000001,0,4,3,1,0.5557637922465801,,827.8
9950,5.7,1,4,3,1,0.5557637922465801,,827.8
9951,-4.300000000000001,0,4,3,1,0.5557637922465801,,827.9
9952,5.7,1,4,3,1,0.5557637922465801,,827.9
9953,-2.3000000000000003,0,4,3,1,0.5557637922465801,,828.0
9954,-4.300000000000001,0,4,3,1,0.5557637922465801,,828.0
9955,-2.3000000000000003,0,4,3,1,0.5557637922465801,,828.1
9956,-4.300000000000001,0,4,3,1,0.5557637922465801,,828.2
9957,-4.300000000000001,0,4,3,1,0.5557637922465801,,828.2
9958,-0.30000000000000004,0,4,3,1,0.5557637922465801,,828.3
9959,-4.300000000000001,0,4,3,1,0.5557637922465801,,828.4
9960,5.7,1,4,3,1,0.5557637922465801,,828.4
9961,-4.300000000000001,0,4,3,1,0.5557637922465801,,828.5
9962,-0.30000000000000004,0,4,3,1,0.5557637922465801,,828.6
9963,-4.300000000000001,0,4,3,1,0.5557637922465801,,828.6
9964,-4.300000000000001,0,4,3,1,0.5557637922465801,,828.7
9965,5.7,1,4,3,1,0.5557637922465801,,828.7
9966,-4.300000000000001,0,4,3,1,0.5557637922465801,,828.8
9967,-4.300000000000001,0,4,3,1,0.5557637922465801,,828.8
9968,-0.30000000000000004,0,4,3,1,0.5557637922465801,,828.8
9969,-2.3000000000000003,0,4,3,1,0.5557637922465801,,828.9
9970,-4.300000000000001,0,4,3,1,0.5557637922465801,,829.0
9971,-4.300000000000001,0,4,3,1,0.5557637922465801,,829.0
9972,-2.3000000000000003,0,4,3,1,0.5557637922465801,,829.1
9973,-2.3000000000000003,0,4,3,1,0.5557637922465801,,829.2
9974,-4.300000000000001,0,4,3,1,0.5557637922465801,,829.3
9975,-4.300000000000001,0,4,3,1,0.5557637922465801,,829.3
9976,-4.300000000000001,0,4,3,1,0.5557637922465801,,829.4
9977,-4.300000000000001,0,4,3,1,0.5557637922465801,,829.5
9978,-4.300000000000001,0,4,3,1,0.5557637922465801,,829.6
9979,-4.300000000000001,0,4,3,1,0.5557637922465801,,829.6
9980,-2.3000000000000003,0,4,3,1,0.5557637922465801,,829.7
9981,-2.3000000000000003,0,4,3,1,0.5557637922465801,,829.7
9982,-4.300000000000001,0,4,3,1,0.5557637922465801,,829.8
9983,-4.300000000000001,0,4,3,1,0.5557637922465801,,829.9
9984,-4.300000000000001,0,4,3,1,0.5557637922465801,,829.9
9985,-4.300000000000001,0,4,3,1,0.5557637922465801,,830.0
9986,5.7,1,4,3,1,0.5557637922465801,,830.1
9987,-0.30000000000000004,0,4,3,1,0.5557637922465801,,830.1
9988,-4.300000000000001,0,4,3,1,0.5557637922465801,,830.2
9989,-4.300000000000001,0,4,3,1,0.5557637922465801,,830.3
9990,-2.3000000000000003,0,4,3,1,0.5557637922465801,,830.4
9991,-4.300000000000001,0,4,3,1,0.5557637922465801,,830.4
9992,-2.6,0,6,3,1,0.5557637922465801,,830.5
9993,-0.30000000000000004,0,4,3,1,0.5557637922465801,,830.5
9994,5.7,1,4,3,1,0.5557637922465801,,830.6
9995,-4.300000000000001,0,4,3,1,0.5557637922465801,,830.6
9996,5.7,1,4,3,1,0.5557637922465801,,830.6
9997,5.7,1,4,3,1,0.5557637922465801,,830.7
9998,-4.300000000000001,0,4,3,1,0.5557637922465801,,830.8
9999,5.7,1,4,3,1,0.5557637922465801,,830.8
10000,-4.300000000000001,0,4,3,1,0.5557637922465801,,830.9
10001,5.7,1,4,3,1,0.5557637922465801,,835.9
10002,5.7,1,4,3,1,0.5557637922465801,,836.0
10003,-4.300000000000001,0,4,3,1,0.5557637922465801,,836.0
10004,5.7,1,4,3,1,0.5557637922465801,,836.1
10005,-4.300000000000001,0,4,3,1,0.5557637922465801,,836.1
10006,5.7,1,4,3,1,0.5557637922465801,,836.2
10007,-4.300000000000001,0,4,3,1,0.5557637922465801,,836.3
10008,-0.30000000000000004,0,4,3,1,0.5557637922465801,,836.3
10009,-4.300000000000001,0,4,3,1,0.5557637922465801,,836.4
10010,-4.300000000000001,0,4,3,1,0.5557637922465801,,836.5
10011,-2.3000000000000003,0,4,3,1,0.5557637922465801,,836.6
10012,-4.300000000000001,0,4,3,1,0.5557637922465801,,836.6
10013,5.7,1,4,3,1,0.5557637922465801,,836.6
10014,5.7,1,4,3,1,0.5557637922465801,,836.7
10015,-4.300000000000001,0,4,3,1,0.5557637922465801,,836.8
10016,-4.300000000000001,0,4,3,1,0.5557637922465801,,836.9
10017,5.7,1,4,3,1,0.5557637922465801,,836.9
10018,-0.30000000000000004,0,4,3,1,0.5557637922465801,,837.0
10019,-4.300000000000001,0,4,3,1,0.5557637922465801,,837.0
10020,-4.300000000000001,0,4,3,1,0.5557637922465801,,837.0
10021,5.7,1,4,3,1,0.5557637922465801,,837.1
10022,5.7,1,4,3,1,0.5557637922465801,,837.2
10023,-4.300000000000001,0,4,3,1,0.5557637922465801,,837.2
10024,-4.300000000000001,0,4,3,1,0.5557637922465801,,837.3
10025,-0.30000000000000004,0,4,3,1,0.5557637922465801,,837.4
10026,-2.3000000000000003,0,4,3,1,0.5557637922465801,,837.4
10027,-2.3000000000000003,0,4,3,1,0.5557637922465801,,837.5
10028,-4.300000000000001,0,4,3,1,0.5557637922465801,,837.6
10029,-0.30000000000000004,0,4,3,1,0.5557637922465801,,837.6
10030,5.7,1,4,3,1,0.5557637922465801,,837.7
10031,-4.6,0,6,3,1,0.5557637922465801,,837.7
10032,-4.300000000000001,0,4,3,1,0.5557637922465801,,837.8
10033,-4.300000000000001,0,4,3,1,0.5557637922465801,,837.9
10034,-4.300000000000001,0,4,3,1,0.5557637922465801,,838.0
10035,-4.6,0,6,3,1,0.5557637922465801,,838.0
10036,-4.300000000000001,0,4,3,1,0.5557637922465801,,838.1
10037,-4.300000000000001,0,4,3,1,0.5557637922465801,,838.2
10038,5.7,1,4,3,1,0.5557637922465801,,838.2
10039,5.7,1,4,3,1,0.5557637922465801,,838.3
10040,-2.3000000000000003,0,4,3,1,0.5557637922465801,,838.4
10041,-4.300000000000001,0,4,3,1,0.5557637922465801,,838.5
10042,-2.3000000000000003,0,4,3,1,0.5557637922465801,,838.5
10043,-2.3000000000000003,0,4,3,1,0.5557637922465801,,838.5
10044,-4.300000000000001,0,4,3,1,0.5557637922465801,,838.6
10045,5.7,1,4,3,1,0.5557637922465801,,838.7
10046,-0.30000000000000004,0,4,3,1,0.5557637922465801,,838.8
10047,-4.6000000000000005,0,6,3,1,0.5557637922465801,,838.8
10048,-2.3000000000000003,0,4,3,1,0.5557637922465801,,838.9
10049,-2.3000000000000003,0,4,3,1,0.5557637922465801,,839.0
10050,-2.3000000000000003,0,4,3,1,0.5557637922465801,,839.0
10051,-4.300000000000001,0,4,3,1,0.5557637922465801,,839.1
10052,-4.300000000000001,0,4,3,1,0.5557637922465801,,839.2
10053,-4.300000000000001,0,4,3,1,0.5557637922465801,,839.3
10054,-2.3000000000000003,0,4,3,1,0.5557637922465801,,839.3
10055,-2.3000000000000003,0,4,3,1,0.5557637922465801,,839.4
10056,5.7,1,4,3,1,0.5557637922465801,,839.5
10057,5.7,1,4,3,1,0.5557637922465801,,839.5
10058,-2.3000000000000003,0,4,3,1,0.5557637922465801,,839.6
10059,-4.300000000000001,0,4,3,1,0.5557637922465801,,839.6
10060,5.7,1,4,3,1,0.5557637922465801,,839.7
10061,-4.300000000000001,0,4,3,1,0.5557637922465801,,839.7
10062,-4.300000000000001,0,4,3,1,0.5557637922465801,,839.8
10063,-4.300000000000001,0,4,3,1,0.5557637922465801,,839.8
10064,5.7,1,4,3,1,0.5557637922465801,,839.9
10065,-0.30000000000000004,0,4,3,1,0.5557637922465801,,839.9
10066,-4.300000000000001,0,4,3,1,0.5557637922465801,,839.9
10067,-4.300000000000001,0,4,3,1,0.5557637922465801,,840.0
10068,-0.30000000000000004,0,4,3,1,0.5145778350997716,1.6972530959174037,840.6
10069,-0.30000000000000004,0,4,3,1,0.5145778350997716,,840.6
10070,-2.6,0,6,3,1,0.5145778350997716,,840.7
10071,0.6000000000000001,0,5,4,1,0.5145778350997716,,840.8
10072,-4.300000000000001,0,4,3,1,0.5145778350997716,,840.9
10073,5.7,1,4,3,1,0.5145778350997716,,840.9
10074,-4.300000000000001,0,4,3,1,0.5145778350997716,,840.9
10075,-4.300000000000001,0,4,3,1,0.5145778350997716,,841.0
10076,5.7,1,4,3,1,0.5145778350997716,,841.1
10077,-4.300000000000001,0,4,3,1,0.5145778350997716,,841.1
10078,-0.30000000000000004,0,4,3,1,0.5145778350997716,,841.2
10079,-0.30000000000000004,0,4,3,1,0.5145778350997716,,841.3
10080,5.7,1,4,3,1,0.5145778350997716,,841.3
10081,-4.300000000000001,0,4,3,1,0.5145778350997716,,841.4
10082,-4.300000000000001,0,4,3,1,0.5145778350997716,,841.4
10083,-4.300000000000001,0,4,3,1,0.5145778350997716,,841.5
10084,-0.30000000000000004,0,4,3,1,0.5145778350997716,,841.5
10085,-4.300000000000001,0,4,3,1,0.5145778350997716,,841.6
10086,-0.6000000000000001,0,6,3,1,0.5145778350997716,,841.7
10087,5.7,1,4,3,1,0.5145778350997716,,841.7
10088,-4.300000000000001,0,4,3,1,0.5145778350997716,,841.8
10089,-0.30000000000000004,0,4,3,1,0.5145778350997716,,841.9
10090,-0.30000000000000004,0,4,3,1,0.5145778350997716,,841.9
10091,-4.300000000000001,0,4,3,1,0.5145778350997716,,842.0
10092,-4.300000000000001,0,4,3,1,0.5145778350997716,,842.0
10093,5.7,1,4,3,1,0.5145778350997716,,842.1
10094,-4.300000000000001,0,4,3,1,0.5145778350997716,,842.1
10095,5.7,1,4,3,1,0.5145778350997716,,842.2
10096,-4.300000000000001,0,4,3,1,0.5145778350997716,,842.2
10097,-4.300000000000001,0,4,3,1,0.5145778350997716,,842.2
10098,5.7,1,4,3,1,0.5145778350997716,,842.3
10099,-4.300000000000001,0,4,3,1,0.5145778350997716,,842.4
10100,-2.3000000000000003,0,4,3,1,0.5145778350997716,,842.4
10101,-4.300000000000001,0,4,3,1,0.5145778350997716,,842.5
10102,5.7,1,4,3,1,0.5145778350997716,,842.6
10103,-4.300000000000001,0,4,3,1,0.5145778350997716,,842.7
10104,5.7,1,4,3,1,0.5145778350997716,,842.8
10105,-4.300000000000001,0,4,3,1,0.5145778350997716,,842.8
10106,5.7,1,4,3,1,0.5145778350997716,,842.9
10107,-4.300000000000001,0,4,3,1,0.5145778350997716,,843.0
10108,5.7,1,4,3,1,0.5145778350997716,,843.0
10109,-4.300000000000001,0,4,3,1,0.5145778350997716,,843.1
10110,-0.30000000000000004,0,4,3,1,0.5145778350997716,,843.2
10111,-4.300000000000001,0,4,3,1,0.5145778350997716,,843.2
10112,-2.3000000000000003,0,4,3,1,0.5145778350997716,,843.3
10113,-2.3000000000000003,0,4,3,1,0.5145778350997716,,843.4
10114,5.7,1,4,3,1,0.5145778350997716,,843.4
10115,-2.3000000000000003,0,4,3,1,0.5145778350997716,,843.5
10116,-2.3000000000000003,0,4,3,1,0.5145778350997716,,843.5
10117,-4.300000000000001,0,4,3,1,0.5145778350997716,,843.6
10118,-4.300000000000001,0,4,3,1,0.5145778350997716,,843.7
10119,-0.30000000000000004,0,4,3,1,0.5145778350997716,,843.7
10120,-2.3000000000000003,0,4,3,1,0.5145778350997716,,843.8
10121,5.7,1,4,3,1,0.5145778350997716,,843.8
10122,-4.300000000000001,0,4,3,1,0.5145778350997716,,843.9
10123,-4.300000000000001,0,4,3,1,0.5145778350997716,,843.9
10124,5.7,1,4,3,1,0.5145778350997716,,844.0
10125,-4.300000000000001,0,4,3,1,0.5145778350997716,,844.0
10126,-4.300000000000001,0,4,3,1,0.5145778350997716,,844.1
10127,-4.300000000000001,0,4,3,1,0.5145778350997716,,844.1
10128,-4.300000000000001,0,4,3,1,0.5145778350997716,,844.2
10129,-2.3000000000000003,0,4,3,1,0.5145778350997716,,844.2
10130,-4.300000000000001,0,4,3,1,0.5145778350997716,,844.3
10131,5.7,1,4,3,1,0.5145778350997716,,844.4
10132,-2.3000000000000003,0,4,3,1,0.5145778350997716,,844.4
10133,-2.3000000000000003,0,4,3,1,0.5145778350997716,,844.5
10134,-4.300000000000001,0,4,3,1,0.5145778350997716,,844.5
10135,-4.300000000000001,0,4,3,1,0.5145778350997716,,844.6
10136,-4.300000000000001,0,4,3,1,0.5145778350997716,,844.6
10137,-4.300000000000001,0,4,3,1,0.5145778350997716,,844.7
10138,-0.30000000000000004,0,4,3,1,0.5145778350997716,,844.8
10139,-4.300000000000001,0,4,3,1,0.5145778350997716,,844.8
10140,5.7,1,4,3,1,0.5145778350997716,,844.9
10141,-4.300000000000001,0,4,3,1,0.5145778350997716,,845.0
10142,-2.3000000000000003,0,4,3,1,0.5145778350997716,,845.0
10143,-4.300000000000001,0,4,3,1,0.5145778350997716,,845.1
10144,-4.300000000000001,0,4,3,1,0.5145778350997716,,845.2
10145,-0.30000000000000004,0,4,3,1,0.5145778350997716,,845.3
10146,-4.300000000000001,0,4,3,1,0.5145778350997716,,845.3
10147,-2.3000000000000003,0,4,3,1,0.5145778350997716,,845.4
10148,-4.300000000000001,0,4,3,1,0.5145778350997716,,845.4
10149,-4.300000000000001,0,4,3,1,0.5145778350997716,,845.5
10150,-2.3000000000000003,0,4,3,1,0.5145778350997716,,845.6
10151,-4.300000000000001,0,4,3,1,0.5145778350997716,,845.6
10152,-4.300000000000001,0,4,3,1,0.5145778350997716,,845.7
10153,-4.300000000000001,0,4,3,1,0.5145778350997716,,845.7
10154,-4.300000000000001,0,4,3,1,0.5145778350997716,,845.8
10155,-4.300000000000001,0,4,3,1,0.5145778350997716,,845.9
10156,-2.3000000000000003,0,4,3,1,0.5145778350997716,,845.9
10157,-5.6000000000000005,0,6,3,1,0.5145778350997716,,846.0
10158,-4.300000000000001,0,4,3,1,0.5145778350997716,,846.0
10159,-4.300000000000001,0,4,3,1,0.5145778350997716,,846.1
10160,-2.3000000000000003,0,4,3,1,0.5145778350997716,,846.2
10161,-4.300000000000001,0,4,3,1,0.5145778350997716,,846.3
10162,6.6,1,5,4,1,0.5145778350997716,,846.4
10163,-4.300000000000001,0,4,3,1,0.5145778350997716,,846.4
10164,-2.3000000000000003,0,4,3,1,0.5145778350997716,,846.5
10165,-4.300000000000001,0,4,3,1,0.5145778350997716,,846.5
10166,-4.300000000000001,0,4,3,1,0.5145778350997716,,846.6
10167,5.7,1,4,3,1,0.5145778350997716,,846.7
10168,-0.30000000000000004,0,4,3,1,0.5145778350997716,,846.7
10169,-2.3000000000000003,0,4,3,1,0.5145778350997716,,846.8
10170,-0.30000000000000004,0,4,3,1,0.5145778350997716,,846.8
10171,-4.300000000000001,0,4,3,1,0.5145778350997716,,846.9
10172,-4.300000000000001,0,4,3,1,0.5145778350997716,,846.9
10173,-4.300000000000001,0,4,3,1,0.5145778350997716,,847.0
10174,-4.300000000000001,0,4,3,1,0.5145778350997716,,847.1
10175,-4.300000000000001,0,4,3,1,0.5145778350997716,,847.1
10176,5.7,1,4,3,1,0.5145778350997716,,847.1
10177,-0.30000000000000004,0,4,3,1,0.5145778350997716,,847.2
10178,-2.3000000000000003,0,4,3,1,0.5145778350997716,,847.2
10179,-4.300000000000001,0,4,3,1,0.5145778350997716,,847.3
10180,-4.300000000000001,0,4,3,1,0.5145778350997716,,847.3
10181,-4.300000000000001,0,4,3,1,0.5145778350997716,,847.4
10182,5.7,1,4,3,1,0.5145778350997716,,847.5
10183,5.7,1,4,3,1,0.5145778350997716,,847.6
10184,5.7,1,4,3,1,0.5145778350997716,,847.6
10185,-2.3000000000000003,0,4,3,1,0.5145778350997716,,847.7
10186,-4.300000000000001,0,4,3,1,0.5145778350997716,,847.8
10187,-4.6000000000000005,0,6,3,1,0.5145778350997716,,847.9
10188,-0.30000000000000004,0,4,3,1,0.5145778350997716,,847.9
10189,5.7,1,4,3,1,0.5145778350997716,,848.0
10190,-5.6000000000000005,0,6,3,1,0.5145778350997716,,848.0
10191,-4.300000000000001,0,4,3,1,0.5145778350997716,,848.1
10192,-2.3000000000000003,0,4,3,1,0.5145778350997716,,848.2
10193,-0.30000000000000004,0,4,3,1,0.5145778350997716,,848.2
10194,-4.300000000000001,0,4,3,1,0.5145778350997716,,848.3
10195,-2.3000000000000003,0,4,3,1,0.5145778350997716,,848.4
10196,-4.300000000000001,0,4,3,1,0.5145778350997716,,848.4
10197,5.7,1,4,3,1,0.5145778350997716,,848.5
10198,-2.3000000000000003,0,4,3,1,0.5145778350997716,,848.5
10199,5.7,1,4,3,1,0.5145778350997716,,848.6
10200,-4.300000000000001,0,4,3,1,0.5145778350997716,,848.6
10201,-2.3000000000000003,0,4,3,1,0.5145778350997716,,848.7
10202,5.7,1,4,3,1,0.5145778350997716,,848.8
10203,-2.3000000000000003,0,4,3,1,0.5145778350997716,,848.8
10204,5.7,1,4,3,1,0.5145778350997716,,848.9
10205,-4.300000000000001,0,4,3,1,0.5145778350997716,,849.0
10206,-4.300000000000001,0,4,3,1,0.5145778350997716,,849.0
10207,-4.300000000000001,0,4,3,1,0.5145778350997716,,849.1
10208,-4.300000000000001,0,4,3,1,0.5145778350997716,,849.1
10209,-4.300000000000001,0,4,3,1,0.5145778350997716,,849.1
10210,5.7,1,4,3,1,0.5145778350997716,,849.2
10211,-0.30000000000000004,0,4,3,1,0.5145778350997716,,849.2
10212,-4.300000000000001,0,4,3,1,0.5145778350997716,,849.3
10213,-4.300000000000001,0,4,3,1,0.5145778350997716,,849.4
10214,-4.300000000000001,0,4,3,1,0.5145778350997716,,849.5
10215,-4.300000000000001,0,4,3,1,0.5145778350997716,,849.5
10216,-4.300000000000001,0,4,3,1,0.5145778350997716,,849.6
10217,-2.3000000000000003,0,4,3,1,0.5145778350997716,,849.6
10218,-4.300000000000001,0,4,3,1,0.5145778350997716,,849.7
10219,-0.30000000000000004,0,4,3,1,0.5145778350997716,,849.7
10220,-2.3000000000000003,0,4,3,1,0.5145778350997716,,849.8
10221,5.7,1,4,3,1,0.5145778350997716,,849.9
10222,-0.30000000000000004,0,4,3,1,0.5145778350997716,,850.0
10223,-4.300000000000001,0,4,3,1,0.5145778350997716,,850.0
10224,-2.3000000000000003,0,4,3,1,0.5145778350997716,,850.1
10225,-5.4,0,5,4,1,0.5145778350997716,,850.2
10226,-5.6000000000000005,0,6,3,1,0.5145778350997716,,850.3
10227,-5.4,0,5,4,1,0.5145778350997716,,850.4
10228,-2.3000000000000003,0,4,3,1,0.5145778350997716,,850.4
10229,-0.30000000000000004,0,4,3,1,0.5145778350997716,,850.5
10230,-2.3000000000000003,0,4,3,1,0.5145778350997716,,850.6
10231,5.7,1,4,3,1,0.5145778350997716,,850.6
10232,-0.30000000000000004,0,4,3,1,0.5145778350997716,,850.7
10233,-4.300000000000001,0,4,3,1,0.5145778350997716,,850.7
10234,-2.3000000000000003,0,4,3,1,0.5145778350997716,,850.8
10235,-0.30000000000000004,0,4,3,1,0.5145778350997716,,850.9
10236,-4.300000000000001,0,4,3,1,0.5145778350997716,,850.9
10237,5.7,1,4,3,1,0.5145778350997716,,851.0
10238,-4.300000000000001,0,4,3,1,0.5145778350997716,,851.0
10239,-4.300000000000001,0,4,3,1,0.5145778350997716,,851.0
10240,-4.300000000000001,0,4,3,1,0.5145778350997716,,851.1
10241,5.7,1,4,3,1,0.5145778350997716,,851.1
10242,-0.30000000000000004,0,4,3,1,0.5145778350997716,,851.2
10243,-4.300000000000001,0,4,3,1,0.5145778350997716,,851.3
10244,-2.3000000000000003,0,4,3,1,0.5145778350997716,,851.3
10245,-4.300000000000001,0,4,3,1,0.5145778350997716,,851.4
10246,-4.300000000000001,0,4,3,1,0.5145778350997716,,851.5
10247,-4.300000000000001,0,4,3,1,0.5145778350997716,,851.5
10248,-2.3000000000000003,0,4,3,1,0.5145778350997716,,851.5
10249,-4.300000000000001,0,4,3,1,0.5145778350997716,,851.6
10250,-4.300000000000001,0,4,3,1,0.5145778350997716,,851.7
10251,-4.300000000000001,0,4,3,1,0.5145778350997716,,851.7
10252,-4.300000000000001,0,4,3,1,0.5145778350997716,,851.8
10253,-4.300000000000001,0,4,3,1,0.5145778350997716,,851.9
10254,-5.6000000000000005,0,6,3,1,0.5145778350997716,,852.0
10255,-0.30000000000000004,0,4,3,1,0.5145778350997716,,852.0
10256,-4.300000000000001,0,4,3,1,0.5145778350997716,,852.1
10257,-2.6,0,6,3,1,0.5145778350997716,,852.1
10258,-4.300000000000001,0,4,3,1,0.5145778350997716,,852.2
10259,-4.300000000000001,0,4,3,1,0.5145778350997716,,852.3
10260,-0.30000000000000004,0,4,3,1,0.5145778350997716,,852.3
10261,-4.300000000000001,0,4,3,1,0.5145778350997716,,852.4
10262,-4.300000000000001,0,4,3,1,0.5145778350997716,,852.5
10263,-4.300000000000001,0,4,3,1,0.5145778350997716,,852.5
10264,-4.300000000000001,0,4,3,1,0.5145778350997716,,852.6
10265,-0.6000000000000001,0,6,3,1,0.5145778350997716,,852.6
10266,-4.300000000000001,0,4,3,1,0.5145778350997716,,852.7
10267,-4.300000000000001,0,4,3,1,0.5145778350997716,,852.7
10268,-2.3000000000000003,0,4,3,1,0.5145778350997716,,852.8
10269,-2.3000000000000003,0,4,3,1,0.5145778350997716,,852.9
10270,-2.3000000000000003,0,4,3,1,0.5145778350997716,,852.9
10271,-4.300000000000001,0,4,3,1,0.5145778350997716,,853.0
10272,-2.3000000000000003,0,4,3,1,0.5145778350997716,,853.1
10273,-4.300000000000001,0,4,3,1,0.5145778350997716,,853.2
10274,-4.300000000000001,0,4,3,1,0.5145778350997716,,853.3
10275,-2.3000000000000003,0,4,3,1,0.5145778350997716,,853.3
10276,-4.300000000000001,0,4,3,1,0.5145778350997716,,853.3
10277,-0.30000000000000004,0,4,3,1,0.5145778350997716,,853.4
10278,5.7,1,4,3,1,0.5145778350997716,,853.4
10279,-2.3000000000000003,0,4,3,1,0.5145778350997716,,853.5
10280,-4.300000000000001,0,4,3,1,0.5145778350997716,,853.5
10281,-4.300000000000001,0,4,3,1,0.5145778350997716,,853.6
10282,-2.3000000000000003,0,4,3,1,0.5145778350997716,,853.6
10283,-2.3000000000000003,0,4,3,1,0.5145778350997716,,853.7
10284,-5.4,0,5,4,1,0.5145778350997716,,853.7
10285,-4.300000000000001,0,4,3,1,0.5145778350997716,,853.8
10286,-2.3000000000000003,0,4,3,1,0.5145778350997716,,853.9
10287,-4.300000000000001,0,4,3,1,0.5145778350997716,,854.0
10288,-2.3000000000000003,0,4,3,1,0.5145778350997716,,854.0
10289,-4.300000000000001,0,4,3,1,0.5145778350997716,,854.1
10290,-4.300000000000001,0,4,3,1,0.5145778350997716,,854.1
10291,-4.300000000000001,0,4,3,1,0.5145778350997716,,854.2
10292,-2.3000000000000003,0,4,3,1,0.5145778350997716,,854.2
10293,-0.30000000000000004,0,4,3,1,0.5145778350997716,,854.3
10294,-4.300000000000001,0,4,3,1,0.5145778350997716,,854.4
10295,-2.3000000000000003,0,4,3,1,0.5145778350997716,,854.4
10296,-4.300000000000001,0,4,3,1,0.5145778350997716,,854.5
10297,-0.30000000000000004,0,4,3,1,0.5145778350997716,,854.5
10298,-4.300000000000001,0,4,3,1,0.5145778350997716,,854.6
10299,-4.300000000000001,0,4,3,1,0.5145778350997716,,854.6
10300,-2.6,0,6,3,1,0.5145778350997716,,854.7
10301,5.7,1,4,3,1,0.5145778350997716,,854.8
10302,-4.300000000000001,0,4,3,1,0.5145778350997716,,854.8
10303,5.7,1,4,3,1,0.5145778350997716,,854.9
10304,-2.3000000000000003,0,4,3,1,0.5145778350997716,,854.9
10305,5.7,1,4,3,1,0.5145778350997716,,854.9
10306,5.7,1,4,3,1,0.5145778350997716,,855.0
10307,-4.300000000000001,0,4,3,1,0.5145778350997716,,855.1
10308,-4.300000000000001,0,4,3,1,0.5145778350997716,,855.2
10309,-0.30000000000000004,0,4,3,1,0.5145778350997716,,855.2
10310,-2.3000000000000003,0,4,3,1,0.5145778350997716,,855.3
10311,-2.3000000000000003,0,4,3,1,0.5145778350997716,,855.3
10312,-4.300000000000001,0,4,3,1,0.5145778350997716,,855.4
10313,-2.3000000000000003,0,4,3,1,0.5145778350997716,,855.5
10314,-4.300000000000001,0,4,3,1,0.5145778350997716,,855.5
10315,-4.300000000000001,0,4,3,1,0.5145778350997716,,855.5
10316,-4.300000000000001,0,4,3,1,0.5145778350997716,,855.6
10317,-4.300000000000001,0,4,3,1,0.5145778350997716,,855.7
10318,-0.30000000000000004,0,4,3,1,0.5145778350997716,,855.7
10319,-0.30000000000000004,0,4,3,1,0.5145778350997716,,855.7
10320,-4.300000000000001,0,4,3,1,0.5145778350997716,,855.8
10321,-4.300000000000001,0,4,3,1,0.5145778350997716,,855.8
10322,-2.3000000000000003,0,4,3,1,0.5145778350997716,,855.9
10323,-4.300000000000001,0,4,3,1,0.5145778350997716,,856.0
10324,-2.3000000000000003,0,4,3,1,0.5145778350997716,,856.0
10325,-0.30000000000000004,0,4,3,1,0.5145778350997716,,856.1
10326,-4.300000000000001,0,4,3,1,0.5145778350997716,,856.2
10327,-2.3000000000000003,0,4,3,1,0.5145778350997716,,856.3
10328,-0.30000000000000004,0,4,3,1,0.5145778350997716,,856.3
10329,-2.3000000000000003,0,4,3,1,0.5145778350997716,,856.4
10330,-0.30000000000000004,0,4,3,1,0.5145778350997716,,856.5
10331,-0.30000000000000004,0,4,3,1,0.5145778350997716,,856.5
10332,-4.300000000000001,0,4,3,1,0.5145778350997716,,856.6
10333,-4.300000000000001,0,4,3,1,0.5145778350997716,,856.7
10334,-4.300000000000001,0,4,3,1,0.5145778350997716,,856.7
10335,-4.300000000000001,0,4,3,1,0.5145778350997716,,856.8
10336,-2.3000000000000003,0,4,3,1,0.5145778350997716,,856.8
10337,-2.3000000000000003,0,4,3,1,0.5145778350997716,,856.9
10338,-4.300000000000001,0,4,3,1,0.5145778350997716,,856.9
10339,-0.30000000000000004,0,4,3,1,0.5145778350997716,,857.0
10340,-4.300000000000001,0,4,3,1,0.5145778350997716,,857.0
10341,-4.300000000000001,0,4,3,1,0.5145778350997716,,857.0
10342,5.7,1,4,3,1,0.5145778350997716,,857.1
10343,5.7,1,4,3,1,0.5145778350997716,,857.1
10344,-4.300000000000001,0,4,3,1,0.5145778350997716,,857.2
10345,-4.300000000000001,0,4,3,1,0.5145778350997716,,857.2
10346,-4.300000000000001,0,4,3,1,0.5145778350997716,,857.3
10347,-2.3000000000000003,0,4,3,1,0.5145778350997716,,857.4
10348,-4.300000000000001,0,4,3,1,0.5145778350997716,,857.4
10349,-0.30000000000000004,0,4,3,1,0.5145778350997716,,857.5
10350,-4.300000000000001,0,4,3,1,0.5145778350997716,,857.5
10351,5.7,1,4,3,1,0.5145778350997716,,857.6
10352,-4.300000000000001,0,4,3,1,0.5145778350997716,,857.7
10353,-4.300000000000001,0,4,3,1,0.5145778350997716,,857.8
10354,-0.30000000000000004,0,4,3,1,0.5145778350997716,,857.9
10355,-4.300000000000001,0,4,3,1,0.5145778350997716,,857.9
10356,-0.30000000000000004,0,4,3,1,0.5145778350997716,,858.0
10357,-4.300000000000001,0,4,3,1,0.5145778350997716,,858.1
10358,-4.300000000000001,0,4,3,1,0.5145778350997716,,858.2
10359,-4.300000000000001,0,4,3,1,0.5145778350997716,,858.2
10360,-0.30000000000000004,0,4,3,1,0.5145778350997716,,858.3
10361,-0.30000000000000004,0,4,3,1,0.5145778350997716,,858.3
10362,-0.30000000000000004,0,4,3,1,0.5145778350997716,,858.4
10363,-2.3000000000000003,0,4,3,1,0.5145778350997716,,858.4
10364,-2.3000000000000003,0,4,3,1,0.5145778350997716,,858.5
10365,-0.30000000000000004,0,4,3,1,0.5145778350997716,,858.5
10366,-2.3000000000000003,0,4,3,1,0.5145778350997716,,858.6
10367,-4.300000000000001,0,4,3,1,0.5145778350997716,,858.7
10368,-4.300000000000001,0,4,3,1,0.5145778350997716,,858.7
10369,5.7,1,4,3,1,0.5145778350997716,,858.8
10370,-2.3000000000000003,0,4,3,1,0.5145778350997716,,858.8
10371,-4.300000000000001,0,4,3,1,0.5145778350997716,,858.9
10372,-4.300000000000001,0,4,3,1,0.5145778350997716,,858.9
10373,-4.300000000000001,0,4,3,1,0.5145778350997716,,859.0
10374,-2.3000000000000003,0,4,3,1,0.5145778350997716,,859.0
10375,-4.300000000000001,0,4,3,1,0.5145778350997716,,859.1
10376,5.7,1,4,3,1,0.5145778350997716,,859.1
10377,-4.300000000000001,0,4,3,1,0.5145778350997716,,859.2
10378,-4.300000000000001,0,4,3,1,0.5145778350997716,,859.2
10379,-5.4,0,5,4,1,0.5145778350997716,,859.3
10380,-4.300000000000001,0,4,3,1,0.5145778350997716,,859.3
10381,5.7,1,4,3,1,0.5145778350997716,,859.3
10382,-5.6000000000000005,0,6,3,1,0.5145778350997716,,859.4
10383,5.7,1,4,3,1,0.5145778350997716,,859.5
10384,-4.300000000000001,0,4,3,1,0.5145778350997716,,859.6
10385,-0.30000000000000004,0,4,3,1,0.5145778350997716,,859.6
10386,-4.300000000000001,0,4,3,1,0.5145778350997716,,859.7
10387,-4.300000000000001,0,4,3,1,0.5145778350997716,,859.7
10388,-4.300000000000001,0,4,3,1,0.5145778350997716,,859.8
10389,-2.3000000000000003,0,4,3,1,0.5145778350997716,,859.8
10390,-4.300000000000001,0,4,3,1,0.5145778350997716,,859.9
10391,-4.300000000000001,0,4,3,1,0.5145778350997716,,860.0
10392,-4.300000000000001,0,4,3,1,0.5145778350997716,,860.0
10393,-4.300000000000001,0,4,3,1,0.5145778350997716,,860.1
10394,-0.30000000000000004,0,4,3,1,0.5145778350997716,,860.1
10395,-2.3000000000000003,0,4,3,1,0.5145778350997716,,860.2
10396,-2.3000000000000003,0,4,3,1,0.5145778350997716,,860.3
10397,-2.3000000000000003,0,4,3,1,0.5145778350997716,,860.3
10398,5.7,1,4,3,1,0.5145778350997716,,860.4
10399,-4.300000000000001,0,4,3,1,0.5145778350997716,,860.5
10400,-0.30000000000000004,0,4,3,1,0.5145778350997716,,860.5
10401,-4.300000000000001,0,4,3,1,0.5145778350997716,,860.6
10402,-4.300000000000001,0,4,3,1,0.5145778350997716,,860.7
10403,-4.300000000000001,0,4,3,1,0.5145778350997716,,860.7
10404,-0.6000000000000001,0,6,3,1,0.5145778350997716,,860.8
10405,-4.300000000000001,0,4,3,1,0.5145778350997716,,860.9
10406,-2.3000000000000003,0,4,3,1,0.5145778350997716,,860.9
10407,-4.300000000000001,0,4,3,1,0.5145778350997716,,861.0
10408,-4.300000000000001,0,4,3,1,0.5145778350997716,,861.1
10409,-4.300000000000001,0,4,3,1,0.5145778350997716,,861.1
10410,-2.3000000000000003,0,4,3,1,0.5145778350997716,,861.2
10411,5.7,1,4,3,1,0.5145778350997716,,861.2
10412,-4.300000000000001,0,4,3,1,0.5145778350997716,,861.3
10413,-0.30000000000000004,0,4,3,1,0.5145778350997716,,861.3
10414,5.7,1,4,3,1,0.5145778350997716,,861.4
10415,5.4,1,6,3,1,0.5145778350997716,,861.4
10416,-4.300000000000001,0,4,3,1,0.5145778350997716,,861.5
10417,-4.300000000000001,0,4,3,1,0.5145778350997716,,861.5
10418,-4.300000000000001,0,4,3,1,0.5145778350997716,,861.6
10419,-2.3000000000000003,0,4,3,1,0.5145778350997716,,861.6
10420,-4.300000000000001,0,4,3,1,0.5145778350997716,,861.7
10421,-2.3000000000000003,0,4,3,1,0.5145778350997716,,861.8
10422,-4.300000000000001,0,4,3,1,0.5145778350997716,,861.9
10423,-4.300000000000001,0,4,3,1,0.5145778350997716,,861.9
10424,5.7,1,4,3,1,0.5145778350997716,,861.9
10425,-4.300000000000001,0,4,3,1,0.5145778350997716,,862.0
10426,-2.3000000000000003,0,4,3,1,0.5145778350997716,,862.1
10427,-4.300000000000001,0,4,3,1,0.5145778350997716,,862.1
10428,-4.300000000000001,0,4,3,1,0.5145778350997716,,862.1
10429,5.7,1,4,3,1,0.5145778350997716,,862.2
10430,-4.300000000000001,0,4,3,1,0.5145778350997716,,862.3
10431,-0.30000000000000004,0,4,3,1,0.5145778350997716,,862.3
10432,5.7,1,4,3,1,0.5145778350997716,,862.4
10433,-4.300000000000001,0,4,3,1,0.5145778350997716,,862.5
10434,-0.30000000000000004,0,4,3,1,0.5145778350997716,,862.5
10435,-4.300000000000001,0,4,3,1,0.5145778350997716,,862.5
10436,5.7,1,4,3,1,0.5145778350997716,,862.6
10437,-4.300000000000001,0,4,3,1,0.5145778350997716,,862.6
10438,-4.300000000000001,0,4,3,1,0.5145778350997716,,862.7
10439,-0.30000000000000004,0,4,3,1,0.5145778350997716,,862.8
10440,-4.300000000000001,0,4,3,1,0.5145778350997716,,862.8
10441,-0.30000000000000004,0,4,3,1,0.5145778350997716,,862.9
10442,-4.300000000000001,0,4,3,1,0.5145778350997716,,862.9
10443,-2.3000000000000003,0,4,3,1,0.5145778350997716,,863.0
10444,-2.3000000000000003,0,4,3,1,0.5145778350997716,,863.1
10445,-4.300000000000001,0,4,3,1,0.5145778350997716,,863.1
10446,5.7,1,4,3,1,0.5145778350997716,,863.2
10447,-4.300000000000001,0,4,3,1,0.5145778350997716,,863.3
10448,-4.300000000000001,0,4,3,1,0.5145778350997716,,863.3
10449,-4.300000000000001,0,4,3,1,0.5145778350997716,,863.4
10450,-4.300000000000001,0,4,3,1,0.5145778350997716,,863.5
10451,-5.4,0,5,4,1,0.5145778350997716,,863.5
10452,-4.300000000000001,0,4,3,1,0.5145778350997716,,863.6
10453,5.7,1,4,3,1,0.5145778350997716,,863.6
10454,-4.300000000000001,0,4,3,1,0.5145778350997716,,863.7
10455,5.7,1,4,3,1,0.5145778350997716,,863.7
10456,-4.300000000000001,0,4,3,1,0.5145778350997716,,863.7
10457,-0.30000000000000004,0,4,3,1,0.5145778350997716,,863.8
10458,-2.3000000000000003,0,4,3,1,0.5145778350997716,,863.8
10459,5.7,1,4,3,1,0.5145778350997716,,863.9
10460,-4.300000000000001,0,4,3,1,0.5145778350997716,,864.0
10461,-5.6000000000000005,0,6,3,1,0.5145778350997716,,864.0
10462,5.7,1,4,3,1,0.5145778350997716,,864.1
10463,-4.300000000000001,0,4,3,1,0.5145778350997716,,864.2
10464,-4.300000000000001,0,4,3,1,0.5145778350997716,,864.2
10465,-4.300000000000001,0,4,3,1,0.5145778350997716,,864.3
10466,-4.300000000000001,0,4,3,1,0.5145778350997716,,864.4
10467,5.7,1,4,3,1,0.5145778350997716,,864.5
10468,-4.300000000000001,0,4,3,1,0.5145778350997716,,864.5
10469,-4.300000000000001,0,4,3,1,0.5145778350997716,,864.6
10470,-4.300000000000001,0,4,3,1,0.5145778350997716,,864.7
10471,-0.30000000000000004,0,4,3,1,0.5145778350997716,,864.7
10472,-4.300000000000001,0,4,3,1,0.5145778350997716,,864.8
10473,-2.3000000000000003,0,4,3,1,0.5145778350997716,,864.9
10474,-0.30000000000000004,0,4,3,1,0.5145778350997716,,864.9
10475,-4.300000000000001,0,4,3,1,0.5145778350997716,,865.0
10476,-0.30000000000000004,0,4,3,1,0.5145778350997716,,865.1
10477,5.7,1,4,3,1,0.5145778350997716,,865.1
10478,-4.300000000000001,0,4,3,1,0.5145778350997716,,865.2
10479,-2.3000000000000003,0,4,3,1,0.5145778350997716,,865.3
10480,-4.300000000000001,0,4,3,1,0.5145778350997716,,865.4
10481,-2.3000000000000003,0,4,3,1,0.5145778350997716,,865.4
10482,5.7,1,4,3,1,0.5145778350997716,,865.5
10483,-4.300000000000001,0,4,3,1,0.5145778350997716,,865.5
10484,-0.30000000000000004,0,4,3,1,0.5145778350997716,,865.6
10485,-4.300000000000001,0,4,3,1,0.5145778350997716,,865.6
10486,-4.300000000000001,0,4,3,1,0.5145778350997716,,865.7
10487,5.7,1,4,3,1,0.5145778350997716,,865.8
10488,5.7,1,4,3,1,0.5145778350997716,,865.8
10489,-4.300000000000001,0,4,3,1,0.5145778350997716,,865.9
10490,-0.30000000000000004,0,4,3,1,0.5145778350997716,,865.9
10491,5.7,1,4,3,1,0.5145778350997716,,865.9
10492,5.7,1,4,3,1,0.5145778350997716,,866.0
10493,-5.6000000000000005,0,6,3,1,0.5145778350997716,,866.1
10494,-4.300000000000001,0,4,3,1,0.5145778350997716,,866.2
10495,-4.300000000000001,0,4,3,1,0.5145778350997716,,866.3
10496,5.7,1,4,3,1,0.5145778350997716,,866.3
10497,-2.3000000000000003,0,4,3,1,0.5145778350997716,,866.3
10498,-2.3000000000000003,0,4,3,1,0.5145778350997716,,866.4
10499,-0.30000000000000004,0,4,3,1,0.5145778350997716,,866.4
10500,-4.300000000000001,0,4,3,1,0.5145778350997716,,866.5
10501,-4.300000000000001,0,4,3,1,0.5145778350997716,,871.5
10502,-2.3000000000000003,0,4,3,1,0.5145778350997716,,871.6
10503,5.7,1,4,3,1,0.5145778350997716,,871.6
10504,5.7,1,4,3,1,0.5145778350997716,,871.6
10505,-2.3000000000000003,0,4,3,1,0.5145778350997716,,871.7
10506,-4.300000000000001,0,4,3,1,0.5145778350997716,,871.8
10507,-4.300000000000001,0,4,3,1,0.5145778350997716,,871.9
10508,-4.300000000000001,0,4,3,1,0.5145778350997716,,871.9
10509,-4.300000000000001,0,4,3,1,0.5145778350997716,,872.0
10510,-4.300000000000001,0,4,3,1,0.5145778350997716,,872.1
10511,5.7,1,4,3,1,0.5145778350997716,,872.1
10512,-2.3000000000000003,0,4,3,1,0.5145778350997716,,872.2
10513,0.6000000000000001,0,5,4,1,0.5145778350997716,,872.2
10514,-4.300000000000001,0,4,3,1,0.5145778350997716,,872.3
10515,-4.300000000000001,0,4,3,1,0.5145778350997716,,872.4
10516,-4.300000000000001,0,4,3,1,0.5145778350997716,,872.4
10517,5.7,1,4,3,1,0.5145778350997716,,872.5
10518,-4.300000000000001,0,4,3,1,0.5145778350997716,,872.6
10519,-4.300000000000001,0,4,3,1,0.5145778350997716,,872.6
10520,-4.300000000000001,0,4,3,1,0.5145778350997716,,872.7
10521,-4.300000000000001,0,4,3,1,0.5145778350997716,,872.8
10522,-4.300000000000001,0,4,3,1,0.5145778350997716,,872.8
10523,-4.300000000000001,0,4,3,1,0.5145778350997716,,872.9
10524,-4.300000000000001,0,4,3,1,0.5145778350997716,,872.9
10525,-2.3000000000000003,0,4,3,1,0.5145778350997716,,873.0
10526,-4.300000000000001,0,4,3,1,0.5145778350997716,,873.0
10527,-4.300000000000001,0,4,3,1,0.5145778350997716,,873.1
10528,-4.300000000000001,0,4,3,1,0.5145778350997716,,873.1
10529,-2.3000000000000003,0,4,3,1,0.5145778350997716,,873.2
10530,-0.30000000000000004,0,4,3,1,0.5145778350997716,,873.2
10531,-4.300000000000001,0,4,3,1,0.5145778350997716,,873.3
10532,-4.300000000000001,0,4,3,1,0.5145778350997716,,873.4
10533,-4.300000000000001,0,4,3,1,0.5145778350997716,,873.4
10534,-4.300000000000001,0,4,3,1,0.5145778350997716,,873.5
10535,-4.300000000000001,0,4,3,1,0.5145778350997716,,873.6
10536,-4.300000000000001,0,4,3,1,0.5145778350997716,,873.6
10537,-4.300000000000001,0,4,3,1,0.5145778350997716,,873.7
10538,-2.3000000000000003,0,4,3,1,0.5145778350997716,,873.8
10539,-4.300000000000001,0,4,3,1,0.5145778350997716,,873.8
10540,-2.3000000000000003,0,4,3,1,0.5145778350997716,,873.9
10541,-0.30000000000000004,0,4,3,1,0.5145778350997716,,874.0
10542,-2.3000000000000003,0,4,3,1,0.5145778350997716,,874.0
10543,-2.3000000000000003,0,4,3,1,0.5145778350997716,,874.0
10544,-2.3000000000000003,0,4,3,1,0.5145778350997716,,874.1
10545,-4.300000000000001,0,4,3,1,0.5145778350997716,,874.2
10546,-4.300000000000001,0,4,3,1,0.5145778350997716,,874.3
10547,-4.300000000000001,0,4,3,1,0.5145778350997716,,874.3
10548,-2.3000000000000003,0,4,3,1,0.5145778350997716,,874.4
10549,-4.300000000000001,0,4,3,1,0.5145778350997716,,874.4
10550,-4.300000000000001,0,4,3,1,0.5145778350997716,,874.5
10551,-4.300000000000001,0,4,3,1,0.5145778350997716,,874.5
10552,-4.300000000000001,0,4,3,1,0.5145778350997716,,874.6
10553,-4.300000000000001,0,4,3,1,0.5145778350997716,,874.7
10554,5.7,1,4,3,1,0.5145778350997716,,874.7
10555,-2.3000000000000003,0,4,3,1,0.5145778350997716,,874.8
10556,-4.300000000000001,0,4,3,1,0.5145778350997716,,874.8
10557,-5.4,0,5,4,1,0.5145778350997716,,874.9
10558,5.7,1,4,3,1,0.5145778350997716,,875.0
10559,-2.3000000000000003,0,4,3,1,0.5145778350997716,,875.0
10560,-5.6000000000000005,0,6,3,1,0.5145778350997716,,875.1
10561,-2.3000000000000003,0,4,3,1,0.5145778350997716,,875.1
10562,-5.6000000000000005,0,6,3,1,0.5145778350997716,,875.2
10563,-4.300000000000001,0,4,3,1,0.5145778350997716,,875.2
10564,5.7,1,4,3,1,0.5145778350997716,,875.3
10565,-4.300000000000001,0,4,3,1,0.5145778350997716,,875.4
10566,-4.300000000000001,0,4,3,1,0.5145778350997716,,875.4
10567,-4.300000000000001,0,4,3,1,0.5145778350997716,,875.5
10568,-4.300000000000001,0,4,3,1,0.5145778350997716,,875.5
10569,-2.3000000000000003,0,4,3,1,0.5145778350997716,,875.6
10570,5.4,1,6,3,1,0.5197374562267214,1.616597615648061,876.3
10571,-4.300000000000001,0,4,3,1,0.5197374562267214,,876.3
10572,-4.300000000000001,0,4,3,1,0.5197374562267214,,876.4
10573,-4.300000000000001,0,4,3,1,0.5197374562267214,,876.5
10574,5.7,1,4,3,1,0.5197374562267214,,876.5
10575,-4.300000000000001,0,4,3,1,0.5197374562267214,,876.6
10576,-4.300000000000001,0,4,3,1,0.5197374562267214,,876.6
10577,5.7,1,4,3,1,0.5197374562267214,,876.7
10578,-4.300000000000001,0,4,3,1,0.5197374562267214,,876.8
10579,-4.300000000000001,0,4,3,1,0.5197374562267214,,876.8
10580,-2.3000000000000003,0,4,3,1,0.5197374562267214,,876.9
10581,5.7,1,4,3,1,0.5197374562267214,,876.9
10582,-2.3000000000000003,0,4,3,1,0.5197374562267214,,877.0
10583,-4.300000000000001,0,4,3,1,0.5197374562267214,,877.1
10584,-0.30000000000000004,0,4,3,1,0.5197374562267214,,877.1
10585,-0.30000000000000004,0,4,3,1,0.5197374562267214,,877.2
10586,-0.30000000000000004,0,4,3,1,0.5197374562267214,,877.3
10587,5.7,1,4,3,1,0.5197374562267214,,877.4
10588,-4.300000000000001,0,4,3,1,0.5197374562267214,,877.4
10589,-2.3000000000000003,0,4,3,1,0.5197374562267214,,877.5
10590,-4.300000000000001,0,4,3,1,0.5197374562267214,,877.6
10591,-2.3000000000000003,0,4,3,1,0.5197374562267214,,877.6
10592,-2.3000000000000003,0,4,3,1,0.5197374562267214,,877.7
10593,-4.300000000000001,0,4,3,1,0.5197374562267214,,877.7
10594,-2.3000000000000003,0,4,3,1,0.5197374562267214,,877.8
10595,-4.300000000000001,0,4,3,1,0.5197374562267214,,877.8
10596,-4.300000000000001,0,4,3,1,0.5197374562267214,,877.9
10597,-4.300000000000001,0,4,3,1,0.5197374562267214,,877.9
10598,-4.300000000000001,0,4,3,1,0.5197374562267214,,878.0
10599,-4.300000000000001,0,4,3,1,0.5197374562267214,,878.1
10600,5.7,1,4,3,1,0.5197374562267214,,878.2
10601,-4.300000000000001,0,4,3,1,0.5197374562267214,,878.2
10602,-4.300000000000001,0,4,3,1,0.5197374562267214,,878.3
10603,-4.300000000000001,0,4,3,1,0.5197374562267214,,878.4
10604,-0.30000000000000004,0,4,3,1,0.5197374562267214,,878.5
10605,-2.3000000000000003,0,4,3,1,0.5197374562267214,,878.5
10606,-0.30000000000000004,0,4,3,1,0.5197374562267214,,878.6
10607,-0.30000000000000004,0,4,3,1,0.5197374562267214,,878.7
10608,-4.300000000000001,0,4,3,1,0.5197374562267214,,878.8
10609,-0.30000000000000004,0,4,3,1,0.5197374562267214,,878.8
10610,-4.300000000000001,0,4,3,1,0.5197374562267214,,878.9
10611,-5.4,0,5,4,1,0.5197374562267214,,879.0
10612,-5.6000000000000005,0,6,3,1,0.5197374562267214,,879.1
10613,-4.300000000000001,0,4,3,1,0.5197374562267214,,879.1
10614,-2.3000000000000003,0,4,3,1,0.5197374562267214,,879.2
10615,-4.300000000000001,0,4,3,1,0.5197374562267214,,879.3
10616,-4.300000000000001,0,4,3,1,0.5197374562267214,,879.3
10617,-4.300000000000001,0,4,3,1,0.5197374562267214,,879.4
10618,-4.300000000000001,0,4,3,1,0.5197374562267214,,879.4
10619,-4.300000000000001,0,4,3,1,0.5197374562267214,,879.5
10620,5.7,1,4,3,1,0.5197374562267214,,879.5
10621,-3.6000000000000005,0,6,3,1,0.5197374562267214,,879.6
10622,5.7,1,4,3,1,0.5197374562267214,,879.7
10623,-4.300000000000001,0,4,3,1,0.5197374562267214,,879.7
10624,-4.300000000000001,0,4,3,1,0.5197374562267214,,879.8
10625,-4.300000000000001,0,4,3,1,0.5197374562267214,,879.8
10626,5.7,1,4,3,1,0.5197374562267214,,879.9
10627,-4.300000000000001,0,4,3,1,0.5197374562267214,,880.0
10628,-0.30000000000000004,0,4,3,1,0.5197374562267214,,880.0
10629,-4.300000000000001,0,4,3,1,0.5197374562267214,,880.1
10630,-0.30000000000000004,0,4,3,1,0.5197374562267214,,880.1
10631,-4.300000000000001,0,4,3,1,0.5197374562267214,,880.2
10632,-0.30000000000000004,0,4,3,1,0.5197374562267214,,880.2
10633,-0.30000000000000004,0,4,3,1,0.5197374562267214,,880.3
10634,-2.3000000000000003,0,4,3,1,0.5197374562267214,,880.3
10635,-4.300000000000001,0,4,3,1,0.5197374562267214,,880.4
10636,-4.300000000000001,0,4,3,1,0.5197374562267214,,880.4
10637,-4.300000000000001,0,4,3,1,0.5197374562267214,,880.5
10638,-4.300000000000001,0,4,3,1,0.5197374562267214,,880.6
10639,-4.300000000000001,0,4,3,1,0.5197374562267214,,880.7
10640,-0.30000000000000004,0,4,3,1,0.5197374562267214,,880.7
10641,-4.300000000000001,0,4,3,1,0.5197374562267214,,880.8
10642,-2.6,0,6,3,1,0.5197374562267214,,880.8
10643,-4.300000000000001,0,4,3,1,0.5197374562267214,,880.9
10644,-4.300000000000001,0,4,3,1,0.5197374562267214,,881.0
10645,-4.300000000000001,0,4,3,1,0.5197374562267214,,881.0
10646,-4.300000000000001,0,4,3,1,0.5197374562267214,,881.1
10647,-0.30000000000000004,0,4,3,1,0.5197374562267214,,881.1
10648,5.7,1,4,3,1,0.5197374562267214,,881.2
10649,-4.300000000000001,0,4,3,1,0.5197374562267214,,881.2
10650,-0.30000000000000004,0,4,3,1,0.5197374562267214,,881.3
10651,-0.30000000000000004,0,4,3,1,0.5197374562267214,,881.3
10652,5.7,1,4,3,1,0.5197374562267214,,881.4
10653,-4.300000000000001,0,4,3,1,0.5197374562267214,,881.4
10654,-4.300000000000001,0,4,3,1,0.5197374562267214,,881.5
10655,5.7,1,4,3,1,0.5197374562267214,,881.6
10656,-0.30000000000000004,0,4,3,1,0.5197374562267214,,881.6
10657,-0.30000000000000004,0,4,3,1,0.5197374562267214,,881.7
10658,-4.300000000000001,0,4,3,1,0.5197374562267214,,881.8
10659,-2.3000000000000003,0,4,3,1,0.5197374562267214,,881.9
10660,-4.300000000000001,0,4,3,1,0.5197374562267214,,882.0
10661,5.7,1,4,3,1,0.5197374562267214,,882.1
10662,-4.300000000000001,0,4,3,1,0.5197374562267214,,882.1
10663,-2.3000000000000003,0,4,3,1,0.5197374562267214,,882.2
10664,-4.300000000000001,0,4,3,1,0.5197374562267214,,882.3
10665,-2.3000000000000003,0,4,3,1,0.5197374562267214,,882.3
10666,-4.300000000000001,0,4,3,1,0.5197374562267214,,882.4
10667,-2.3000000000000003,0,4,3,1,0.5197374562267214,,882.4
10668,-4.300000000000001,0,4,3,1,0.5197374562267214,,882.4
10669,-4.300000000000001,0,4,3,1,0.5197374562267214,,882.5
10670,-4.300000000000001,0,4,3,1,0.5197374562267214,,882.6
10671,-2.3000000000000003,0,4,3,1,0.5197374562267214,,882.7
10672,-1.9000000000000001,0,8,3,1,0.5197374562267214,,882.8
10673,-4.300000000000001,0,4,3,1,0.5197374562267214,,882.9
10674,5.7,1,4,3,1,0.5197374562267214,,882.9
10675,-4.300000000000001,0,4,3,1,0.5197374562267214,,883.0
10676,-4.300000000000001,0,4,3,1,0.5197374562267214,,883.1
10677,-4.300000000000001,0,4,3,1,0.5197374562267214,,883.2
10678,5.7,1,4,3,1,0.5197374562267214,,883.2
10679,-4.300000000000001,0,4,3,1,0.5197374562267214,,883.3
10680,-4.300000000000001,0,4,3,1,0.5197374562267214,,883.4
10681,-4.300000000000001,0,4,3,1,0.5197374562267214,,883.4
10682,5.7,1,4,3,1,0.5197374562267214,,883.5
10683,-4.300000000000001,0,4,3,1,0.5197374562267214,,883.5
10684,-0.30000000000000004,0,4,3,1,0.5197374562267214,,883.6
10685,-4.300000000000001,0,4,3,1,0.5197374562267214,,883.6
10686,-2.3000000000000003,0,4,3,1,0.5197374562267214,,883.7
10687,-4.300000000000001,0,4,3,1,0.5197374562267214,,883.8
10688,-2.6,0,6,3,1,0.5197374562267214,,883.9
10689,-0.30000000000000004,0,4,3,1,0.5197374562267214,,883.9
10690,-4.300000000000001,0,4,3,1,0.5197374562267214,,884.0
10691,-0.30000000000000004,0,4,3,1,0.5197374562267214,,884.0
10692,-4.300000000000001,0,4,3,1,0.5197374562267214,,884.1
10693,-4.300000000000001,0,4,3,1,0.5197374562267214,,884.1
10694,-4.300000000000001,0,4,3,1,0.5197374562267214,,884.2
10695,-4.300000000000001,0,4,3,1,0.5197374562267214,,884.2
10696,5.7,1,4,3,1,0.5197374562267214,,884.3
10697,-4.300000000000001,0,4,3,1,0.5197374562267214,,884.4
10698,-4.300000000000001,0,4,3,1,0.5197374562267214,,884.5
10699,-4.300000000000001,0,4,3,1,0.5197374562267214,,884.5
10700,-0.30000000000000004,0,4,3,1,0.5197374562267214,,884.6
10701,-2.3000000000000003,0,4,3,1,0.5197374562267214,,884.6
10702,-4.300000000000001,0,4,3,1,0.5197374562267214,,884.7
10703,5.7,1,4,3,1,0.5197374562267214,,884.8
10704,-2.3000000000000003,0,4,3,1,0.5197374562267214,,884.9
10705,-2.3000000000000003,0,4,3,1,0.5197374562267214,,884.9
10706,-4.300000000000001,0,4,3,1,0.5197374562267214,,885.0
10707,-2.3000000000000003,0,4,3,1,0.5197374562267214,,885.1
10708,-4.300000000000001,0,4,3,1,0.5197374562267214,,885.1
10709,-5.4,0,5,4,1,0.5197374562267214,,885.2
10710,-0.30000000000000004,0,4,3,1,0.5197374562267214,,885.3
10711,-4.300000000000001,0,4,3,1,0.5197374562267214,,885.3
10712,-4.300000000000001,0,4,3,1,0.5197374562267214,,885.4
10713,-4.300000000000001,0,4,3,1,0.5197374562267214,,885.4
10714,-4.300000000000001,0,4,3,1,0.5197374562267214,,885.5
10715,-2.3000000000000003,0,4,3,1,0.5197374562267214,,885.5
10716,-4.300000000000001,0,4,3,1,0.5197374562267214,,885.6
10717,-2.3000000000000003,0,4,3,1,0.5197374562267214,,885.6
10718,-4.300000000000001,0,4,3,1,0.5197374562267214,,885.7
10719,5.7,1,4,3,1,0.5197374562267214,,885.8
10720,-4.300000000000001,0,4,3,1,0.5197374562267214,,885.8
10721,-0.30000000000000004,0,4,3,1,0.5197374562267214,,885.9
10722,-4.300000000000001,0,4,3,1,0.5197374562267214,,886.0
10723,-4.300000000000001,0,4,3,1,0.5197374562267214,,886.0
10724,-0.30000000000000004,0,4,3,1,0.5197374562267214,,886.1
10725,5.7,1,4,3,1,0.5197374562267214,,886.1
10726,-4.300000000000001,0,4,3,1,0.5197374562267214,,886.2
10727,5.7,1,4,3,1,0.5197374562267214,,886.3
10728,-0.30000000000000004,0,4,3,1,0.5197374562267214,,886.3
10729,-4.300000000000001,0,4,3,1,0.5197374562267214,,886.4
10730,-2.3000000000000003,0,4,3,1,0.5197374562267214,,886.5
10731,-0.30000000000000004,0,4,3,1,0.5197374562267214,,886.5
10732,-4.300000000000001,0,4,3,1,0.5197374562267214,,886.6
10733,-4.300000000000001,0,4,3,1,0.5197374562267214,,886.6
10734,-0.30000000000000004,0,4,3,1,0.5197374562267214,,886.6
10735,-0.30000000000000004,0,4,3,1,0.5197374562267214,,886.7
10736,-4.300000000000001,0,4,3,1,0.5197374562267214,,886.7
10737,-4.300000000000001,0,4,3,1,0.5197374562267214,,886.8
10738,5.7,1,4,3,1,0.5197374562267214,,886.9
10739,-4.300000000000001,0,4,3,1,0.5197374562267214,,886.9
10740,5.7,1,4,3,1,0.5197374562267214,,887.0
10741,-2.3000000000000003,0,4,3,1,0.5197374562267214,,887.0
10742,5.7,1,4,3,1,0.5197374562267214,,887.1
10743,5.7,1,4,3,1,0.5197374562267214,,887.2
10744,-4.300000000000001,0,4,3,1,0.5197374562267214,,887.2
10745,-4.300000000000001,0,4,3,1,0.5197374562267214,,887.3
10746,-4.300000000000001,0,4,3,1,0.5197374562267214,,887.4
10747,-2.3000000000000003,0,4,3,1,0.5197374562267214,,887.4
10748,-4.300000000000001,0,4,3,1,0.5197374562267214,,887.5
10749,-4.300000000000001,0,4,3,1,0.5197374562267214,,887.5
10750,-4.300000000000001,0,4,3,1,0.5197374562267214,,887.6
10751,-2.3000000000000003,0,4,3,1,0.5197374562267214,,887.7
10752,-4.300000000000001,0,4,3,1,0.5197374562267214,,887.7
10753,-4.300000000000001,0,4,3,1,0.5197374562267214,,887.8
10754,-4.300000000000001,0,4,3,1,0.5197374562267214,,887.8
10755,-4.300000000000001,0,4,3,1,0.5197374562267214,,887.9
10756,5.7,1,4,3,1,0.5197374562267214,,887.9
10757,-4.300000000000001,0,4,3,1,0.5197374562267214,,888.0
10758,-4.300000000000001,0,4,3,1,0.5197374562267214,,888.0
10759,5.7,1,4,3,1,0.5197374562267214,,888.1
10760,-4.6000000000000005,0,6,3,1,0.5197374562267214,,888.2
10761,-4.6000000000000005,0,6,3,1,0.5197374562267214,,888.2
10762,-4.300000000000001,0,4,3,1,0.5197374562267214,,888.3
10763,-4.300000000000001,0,4,3,1,0.5197374562267214,,888.4
10764,-0.30000000000000004,0,4,3,1,0.5197374562267214,,888.5
10765,-4.300000000000001,0,4,3,1,0.5197374562267214,,888.5
10766,-4.300000000000001,0,4,3,1,0.5197374562267214,,888.6
10767,-4.300000000000001,0,4,3,1,0.5197374562267214,,888.7
10768,-4.300000000000001,0,4,3,1,0.5197374562267214,,888.7
10769,-4.300000000000001,0,4,3,1,0.5197374562267214,,888.8
10770,5.7,1,4,3,1,0.5197374562267214,,888.8
10771,-4.300000000000001,0,4,3,1,0.5197374562267214,,888.9
10772,-2.3000000000000003,0,4,3,1,0.5197374562267214,,889.0
10773,-5.4,0,5,4,1,0.5197374562267214,,889.1
10774,-4.300000000000001,0,4,3,1,0.5197374562267214,,889.1
10775,-4.300000000000001,0,4,3,1,0.5197374562267214,,889.2
10776,-4.300000000000001,0,4,3,1,0.5197374562267214,,889.3
10777,-4.300000000000001,0,4,3,1,0.5197374562267214,,889.3
10778,-0.30000000000000004,0,4,3,1,0.5197374562267214,,889.4
10779,5.7,1,4,3,1,0.5197374562267214,,889.4
10780,-4.300000000000001,0,4,3,1,0.5197374562267214,,889.5
10781,-4.300000000000001,0,4,3,1,0.5197374562267214,,889.6
10782,-4.300000000000001,0,4,3,1,0.5197374562267214,,889.6
10783,-2.3000000000000003,0,4,3,1,0.5197374562267214,,889.6
10784,-2.3000000000000003,0,4,3,1,0.5197374562267214,,889.7
10785,-4.300000000000001,0,4,3,1,0.5197374562267214,,889.8
10786,5.7,1,4,3,1,0.5197374562267214,,889.9
10787,5.7,1,4,3,1,0.5197374562267214,,889.9
10788,-4.300000000000001,0,4,3,1,0.5197374562267214,,890.0
10789,-4.300000000000001,0,4,3,1,0.5197374562267214,,890.0
10790,-4.300000000000001,0,4,3,1,0.5197374562267214,,890.1
10791,-4.300000000000001,0,4,3,1,0.5197374562267214,,890.2
10792,5.7,1,4,3,1,0.5197374562267214,,890.3
10793,-4.300000000000001,0,4,3,1,0.5197374562267214,,890.3
10794,5.7,1,4,3,1,0.5197374562267214,,890.4
10795,-7.0,0,9,4,1,0.5197374562267214,,890.5
10796,-4.300000000000001,0,4,3,1,0.5197374562267214,,890.5
10797,-4.300000000000001,0,4,3,1,0.5197374562267214,,890.6
10798,-4.300000000000001,0,4,3,1,0.5197374562267214,,890.7
10799,-4.300000000000001,0,4,3,1,0.5197374562267214,,890.8
10800,-4.300000000000001,0,4,3,1,0.5197374562267214,,890.8
10801,-2.3000000000000003,0,4,3,1,0.5197374562267214,,890.9
10802,5.7,1,4,3,1,0.5197374562267214,,891.0
10803,-4.300000000000001,0,4,3,1,0.5197374562267214,,891.0
10804,-4.300000000000001,0,4,3,1,0.5197374562267214,,891.1
10805,-0.30000000000000004,0,4,3,1,0.5197374562267214,,891.2
10806,-4.300000000000001,0,4,3,1,0.5197374562267214,,891.3
10807,-2.3000000000000003,0,4,3,1,0.5197374562267214,,891.3
10808,5.7,1,4,3,1,0.5197374562267214,,891.4
10809,-4.300000000000001,0,4,3,1,0.5197374562267214,,891.4
10810,-4.300000000000001,0,4,3,1,0.5197374562267214,,891.4
10811,-4.300000000000001,0,4,3,1,0.5197374562267214,,891.5
10812,-4.300000000000001,0,4,3,1,0.5197374562267214,,891.6
10813,-4.300000000000001,0,4,3,1,0.5197374562267214,,891.7
10814,5.7,1,4,3,1,0.5197374562267214,,891.8
10815,-5.4,0,5,4,1,0.5197374562267214,,891.8
10816,-4.300000000000001,0,4,3,1,0.5197374562267214,,891.9
10817,5.7,1,4,3,1,0.5197374562267214,,891.9
10818,5.7,1,4,3,1,0.5197374562267214,,892.0
10819,-0.30000000000000004,0,4,3,1,0.5197374562267214,,892.0
10820,-4.300000000000001,0,4,3,1,0.5197374562267214,,892.1
10821,-4.300000000000001,0,4,3,1,0.5197374562267214,,892.1
10822,5.7,1,4,3,1,0.5197374562267214,,892.2
10823,-2.3000000000000003,0,4,3,1,0.5197374562267214,,892.2
10824,-2.3000000000000003,0,4,3,1,0.5197374562267214,,892.3
10825,-0.30000000000000004,0,4,3,1,0.5197374562267214,,892.4
10826,-4.300000000000001,0,4,3,1,0.5197374562267214,,892.5
10827,5.7,1,4,3,1,0.5197374562267214,,892.6
10828,-4.300000000000001,0,4,3,1,0.5197374562267214,,892.7
10829,-4.300000000000001,0,4,3,1,0.5197374562267214,,892.7
10830,-4.300000000000001,0,4,3,1,0.5197374562267214,,892.8
10831,-4.300000000000001,0,4,3,1,0.5197374562267214,,892.9
10832,-4.300000000000001,0,4,3,1,0.5197374562267214,,892.9
10833,-4.300000000000001,0,4,3,1,0.5197374562267214,,893.0
10834,-4.300000000000001,0,4,3,1,0.5197374562267214,,893.1
10835,-4.300000000000001,0,4,3,1,0.5197374562267214,,893.1
10836,-4.300000000000001,0,4,3,1,0.5197374562267214,,893.2
10837,5.7,1,4,3,1,0.5197374562267214,,893.3
10838,-4.300000000000001,0,4,3,1,0.5197374562267214,,893.4
10839,-4.300000000000001,0,4,3,1,0.5197374562267214,,893.4
10840,-2.3000000000000003,0,4,3,1,0.5197374562267214,,893.4
10841,-4.300000000000001,0,4,3,1,0.5197374562267214,,893.5
10842,-4.300000000000001,0,4,3,1,0.5197374562267214,,893.6
10843,-0.30000000000000004,0,4,3,1,0.5197374562267214,,893.6
10844,-2.3000000000000003,0,4,3,1,0.5197374562267214,,893.7
10845,5.7,1,4,3,1,0.5197374562267214,,893.7
10846,-4.300000000000001,0,4,3,1,0.5197374562267214,,893.8
10847,-4.300000000000001,0,4,3,1,0.5197374562267214,,893.8
10848,-0.30000000000000004,0,4,3,1,0.5197374562267214,,893.9
10849,-2.3000000000000003,0,4,3,1,0.5197374562267214,,894.0
10850,-2.3000000000000003,0,4,3,1,0.5197374562267214,,894.1
10851,-4.300000000000001,0,4,3,1,0.5197374562267214,,894.1
10852,-0.30000000000000004,0,4,3,1,0.5197374562267214,,894.2
10853,5.7,1,4,3,1,0.5197374562267214,,894.3
10854,-4.300000000000001,0,4,3,1,0.5197374562267214,,894.3
10855,-4.300000000000001,0,4,3,1,0.5197374562267214,,894.4
10856,-0.30000000000000004,0,4,3,1,0.5197374562267214,,894.5
10857,-4.300000000000001,0,4,3,1,0.5197374562267214,,894.6
10858,-4.300000000000001,0,4,3,1,0.5197374562267214,,894.6
10859,5.7,1,4,3,1,0.5197374562267214,,894.7
10860,-0.30000000000000004,0,4,3,1,0.5197374562267214,,894.7
10861,-4.300000000000001,0,4,3,1,0.5197374562267214,,894.7
10862,-2.3000000000000003,0,4,3,1,0.5197374562267214,,894.8
10863,-0.30000000000000004,0,4,3,1,0.5197374562267214,,894.9
10864,-4.300000000000001,0,4,3,1,0.5197374562267214,,894.9
10865,-4.300000000000001,0,4,3,1,0.5197374562267214,,895.0
10866,-4.300000000000001,0,4,3,1,0.5197374562267214,,895.1
10867,-4.300000000000001,0,4,3,1,0.5197374562267214,,895.1
10868,-4.300000000000001,0,4,3,1,0.5197374562267214,,895.2
10869,-2.3000000000000003,0,4,3,1,0.5197374562267214,,895.3
10870,-4.300000000000001,0,4,3,1,0.5197374562267214,,895.3
10871,-2.3000000000000003,0,4,3,1,0.5197374562267214,,895.4
10872,-0.30000000000000004,0,4,3,1,0.5197374562267214,,895.4
10873,5.7,1,4,3,1,0.5197374562267214,,895.5
10874,-2.3000000000000003,0,4,3,1,0.5197374562267214,,895.6
10875,-4.300000000000001,0,4,3,1,0.5197374562267214,,895.6
10876,-4.300000000000001,0,4,3,1,0.5197374562267214,,895.7
10877,5.7,1,4,3,1,0.5197374562267214,,895.8
10878,-4.300000000000001,0,4,3,1,0.5197374562267214,,895.9
10879,5.7,1,4,3,1,0.5197374562267214,,895.9
10880,-4.300000000000001,0,4,3,1,0.5197374562267214,,896.0
10881,-2.3000000000000003,0,4,3,1,0.5197374562267214,,896.0
10882,-4.300000000000001,0,4,3,1,0.5197374562267214,,896.1
10883,-4.300000000000001,0,4,3,1,0.5197374562267214,,896.2
10884,-2.3000000000000003,0,4,3,1,0.5197374562267214,,896.2
10885,-0.30000000000000004,0,4,3,1,0.5197374562267214,,896.2
10886,-4.300000000000001,0,4,3,1,0.5197374562267214,,896.3
10887,5.7,1,4,3,1,0.5197374562267214,,896.4
10888,5.7,1,4,3,1,0.5197374562267214,,896.5
10889,5.7,1,4,3,1,0.5197374562267214,,896.5
10890,-4.300000000000001,0,4,3,1,0.5197374562267214,,896.6
10891,5.7,1,4,3,1,0.5197374562267214,,896.6
10892,5.7,1,4,3,1,0.5197374562267214,,896.6
10893,-4.300000000000001,0,4,3,1,0.5197374562267214,,896.7
10894,-2.3000000000000003,0,4,3,1,0.5197374562267214,,896.8
10895,5.7,1,4,3,1,0.5197374562267214,,896.8
10896,-4.300000000000001,0,4,3,1,0.5197374562267214,,896.9
10897,-4.300000000000001,0,4,3,1,0.5197374562267214,,897.0
10898,-2.3000000000000003,0,4,3,1,0.5197374562267214,,897.0
10899,-4.300000000000001,0,4,3,1,0.5197374562267214,,897.1
10900,-4.300000000000001,0,4,3,1,0.5197374562267214,,897.2
10901,-2.3000000000000003,0,4,3,1,0.5197374562267214,,897.3
10902,-4.300000000000001,0,4,3,1,0.5197374562267214,,897.4
10903,-4.300000000000001,0,4,3,1,0.5197374562267214,,897.5
10904,-4.300000000000001,0,4,3,1,0.5197374562267214,,897.5
10905,-4.300000000000001,0,4,3,1,0.5197374562267214,,897.5
10906,-2.3000000000000003,0,4,3,1,0.5197374562267214,,897.6
10907,-4.300000000000001,0,4,3,1,0.5197374562267214,,897.7
10908,-4.300000000000001,0,4,3,1,0.5197374562267214,,897.7
10909,5.7,1,4,3,1,0.5197374562267214,,897.8
10910,-4.300000000000001,0,4,3,1,0.5197374562267214,,897.9
10911,-4.300000000000001,0,4,3,1,0.5197374562267214,,897.9
10912,-2.3000000000000003,0,4,3,1,0.5197374562267214,,898.0
10913,-4.300000000000001,0,4,3,1,0.5197374562267214,,898.0
10914,-4.300000000000001,0,4,3,1,0.5197374562267214,,898.1
10915,-0.30000000000000004,0,4,3,1,0.5197374562267214,,898.1
10916,-4.300000000000001,0,4,3,1,0.5197374562267214,,898.1
10917,-2.3000000000000003,0,4,3,1,0.5197374562267214,,898.2
10918,-4.300000000000001,0,4,3,1,0.5197374562267214,,898.3
10919,-2.3000000000000003,0,4,3,1,0.5197374562267214,,898.3
10920,0.6000000000000001,0,5,4,1,0.5197374562267214,,898.4
10921,-4.300000000000001,0,4,3,1,0.5197374562267214,,898.5
10922,-2.3000000000000003,0,4,3,1,0.5197374562267214,,898.5
10923,-4.300000000000001,0,4,3,1,0.5197374562267214,,898.6
10924,-4.300000000000001,0,4,3,1,0.5197374562267214,,898.7
10925,-4.300000000000001,0,4,3,1,0.5197374562267214,,898.8
10926,5.7,1,4,3,1,0.5197374562267214,,898.8
10927,-4.300000000000001,0,4,3,1,0.5197374562267214,,898.9
10928,5.7,1,4,3,1,0.5197374562267214,,899.0
10929,-4.300000000000001,0,4,3,1,0.5197374562267214,,899.1
10930,-2.3000000000000003,0,4,3,1,0.5197374562267214,,899.1
10931,-2.3000000000000003,0,4,3,1,0.5197374562267214,,899.2
10932,-4.300000000000001,0,4,3,1,0.5197374562267214,,899.2
10933,-4.300000000000001,0,4,3,1,0.5197374562267214,,899.3
10934,-4.300000000000001,0,4,3,1,0.5197374562267214,,899.4
10935,-4.300000000000001,0,4,3,1,0.5197374562267214,,899.4
10936,-0.30000000000000004,0,4,3,1,0.5197374562267214,,899.4
10937,-0.30000000000000004,0,4,3,1,0.5197374562267214,,899.5
10938,-4.300000000000001,0,4,3,1,0.5197374562267214,,899.6
10939,-4.300000000000001,0,4,3,1,0.5197374562267214,,899.7
10940,-4.300000000000001,0,4,3,1,0.5197374562267214,,899.7
10941,-4.300000000000001,0,4,3,1,0.5197374562267214,,899.8
10942,-4.300000000000001,0,4,3,1,0.5197374562267214,,899.8
10943,-4.300000000000001,0,4,3,1,0.5197374562267214,,899.9
10944,-2.3000000000000003,0,4,3,1,0.5197374562267214,,900.0
10945,-4.300000000000001,0,4,3,1,0.5197374562267214,,900.0
10946,-4.300000000000001,0,4,3,1,0.5197374562267214,,900.0
10947,-2.3000000000000003,0,4,3,1,0.5197374562267214,,900.1
10948,-4.300000000000001,0,4,3,1,0.5197374562267214,,900.2
10949,-4.300000000000001,0,4,3,1,0.5197374562267214,,900.2
10950,-0.30000000000000004,0,4,3,1,0.5197374562267214,,900.3
10951,-4.300000000000001,0,4,3,1,0.5197374562267214,,900.3
10952,-4.300000000000001,0,4,3,1,0.5197374562267214,,900.4
10953,-0.30000000000000004,0,4,3,1,0.5197374562267214,,900.5
10954,-2.3000000000000003,0,4,3,1,0.5197374562267214,,900.6
10955,-2.3000000000000003,0,4,3,1,0.5197374562267214,,900.7
10956,-2.3000000000000003,0,4,3,1,0.5197374562267214,,900.7
10957,-0.30000000000000004,0,4,3,1,0.5197374562267214,,900.8
10958,-4.300000000000001,0,4,3,1,0.5197374562267214,,900.8
10959,-4.300000000000001,0,4,3,1,0.5197374562267214,,900.9
10960,-2.3000000000000003,0,4,3,1,0.5197374562267214,,900.9
10961,-2.3000000000000003,0,4,3,1,0.5197374562267214,,901.0
10962,5.7,1,4,3,1,0.5197374562267214,,901.1
10963,5.7,1,4,3,1,0.5197374562267214,,901.1
10964,-4.300000000000001,0,4,3,1,0.5197374562267214,,901.2
10965,-2.3000000000000003,0,4,3,1,0.5197374562267214,,901.2
10966,-0.30000000000000004,0,4,3,1,0.5197374562267214,,901.3
10967,-4.300000000000001,0,4,3,1,0.5197374562267214,,901.3
10968,5.7,1,4,3,1,0.5197374562267214,,901.4
10969,-4.300000000000001,0,4,3,1,0.5197374562267214,,901.5
10970,-4.300000000000001,0,4,3,1,0.5197374562267214,,901.5
10971,-2.3000000000000003,0,4,3,1,0.5197374562267214,,901.5
10972,-2.3000000000000003,0,4,3,1,0.5197374562267214,,901.6
10973,-4.300000000000001,0,4,3,1,0.5197374562267214,,901.7
10974,-4.300000000000001,0,4,3,1,0.5197374562267214,,901.7
10975,-4.300000000000001,0,4,3,1,0.5197374562267214,,901.8
10976,-4.300000000000001,0,4,3,1,0.5197374562267214,,901.9
10977,5.7,1,4,3,1,0.5197374562267214,,901.9
10978,5.7,1,4,3,1,0.5197374562267214,,901.9
10979,-4.300000000000001,0,4,3,1,0.5197374562267214,,902.0
10980,-4.300000000000001,0,4,3,1,0.5197374562267214,,902.0
10981,-2.3000000000000003,0,4,3,1,0.5197374562267214,,902.1
10982,-2.3000000000000003,0,4,3,1,0.5197374562267214,,902.2
10983,-4.300000000000001,0,4,3,1,0.5197374562267214,,902.3
10984,5.7,1,4,3,1,0.5197374562267214,,902.3
10985,-0.30000000000000004,0,4,3,1,0.5197374562267214,,902.3
10986,-4.300000000000001,0,4,3,1,0.5197374562267214,,902.4
10987,-2.3000000000000003,0,4,3,1,0.5197374562267214,,902.4
10988,-0.30000000000000004,0,4,3,1,0.5197374562267214,,902.5
10989,-4.300000000000001,0,4,3,1,0.5197374562267214,,902.6
10990,-4.300000000000001,0,4,3,1,0.5197374562267214,,902.7
10991,-4.300000000000001,0,4,3,1,0.5197374562267214,,902.7
10992,5.7,1,4,3,1,0.5197374562267214,,902.8
10993,-2.3000000000000003,0,4,3,1,0.5197374562267214,,902.8
10994,-4.300000000000001,0,4,3,1,0.5197374562267214,,902.9
10995,-4.300000000000001,0,4,3,1,0.5197374562267214,,902.9
10996,-4.300000000000001,0,4,3,1,0.5197374562267214,,903.0
10997,-4.300000000000001,0,4,3,1,0.5197374562267214,,903.1
10998,-4.300000000000001,0,4,3,1,0.5197374562267214,,903.1
10999,-4.300000000000001,0,4,3,1,0.5197374562267214,,903.2
11000,-4.300000000000001,0,4,3,1,0.5197374562267214,,903.3
11001,-0.30000000000000004,0,4,3,1,0.5197374562267214,,908.2
11002,-4.300000000000001,0,4,3,1,0.5197374562267214,,908.3
11003,-4.300000000000001,0,4,3,1,0.5197374562267214,,908.3
11004,-2.3000000000000003,0,4,3,1,0.5197374562267214,,908.4
11005,-4.300000000000001,0,4,3,1,0.5197374562267214,,908.4
11006,5.7,1,4,3,1,0.5197374562267214,,908.5
11007,-4.300000000000001,0,4,3,1,0.5197374562267214,,908.5
11008,-4.300000000000001,0,4,3,1,0.5197374562267214,,908.6
11009,-2.3000000000000003,0,4,3,1,0.5197374562267214,,908.7
11010,-0.30000000000000004,0,4,3,1,0.5197374562267214,,908.7
11011,5.7,1,4,3,1,0.5197374562267214,,908.8
11012,-4.300000000000001,0,4,3,1,0.5197374562267214,,908.9
11013,-4.300000000000001,0,4,3,1,0.5197374562267214,,909.0
11014,-4.300000000000001,0,4,3,1,0.5197374562267214,,909.0
11015,-4.300000000000001,0,4,3,1,0.5197374562267214,,909.1
11016,-0.30000000000000004,0,4,3,1,0.5197374562267214,,909.1
11017,-4.300000000000001,0,4,3,1,0.5197374562267214,,909.2
11018,5.7,1,4,3,1,0.5197374562267214,,909.3
11019,-4.300000000000001,0,4,3,1,0.5197374562267214,,909.3
11020,-4.300000000000001,0,4,3,1,0.5197374562267214,,909.4
11021,-4.300000000000001,0,4,3,1,0.5197374562267214,,909.4
11022,5.7,1,4,3,1,0.5197374562267214,,909.5
11023,5.7,1,4,3,1,0.5197374562267214,,909.5
11024,-4.300000000000001,0,4,3,1,0.5197374562267214,,909.6
11025,-2.3000000000000003,0,4,3,1,0.5197374562267214,,909.7
11026,-4.300000000000001,0,4,3,1,0.5197374562267214,,909.7
11027,-4.300000000000001,0,4,3,1,0.5197374562267214,,909.8
11028,-4.300000000000001,0,4,3,1,0.5197374562267214,,909.8
11029,-0.30000000000000004,0,4,3,1,0.5197374562267214,,909.9
11030,-4.300000000000001,0,4,3,1,0.5197374562267214,,909.9
11031,-4.300000000000001,0,4,3,1,0.5197374562267214,,910.0
11032,-4.300000000000001,0,4,3,1,0.5197374562267214,,910.1
11033,5.7,1,4,3,1,0.5197374562267214,,910.1
11034,-4.300000000000001,0,4,3,1,0.5197374562267214,,910.2
11035,-4.300000000000001,0,4,3,1,0.5197374562267214,,910.2
11036,-4.300000000000001,0,4,3,1,0.5197374562267214,,910.3
11037,-4.300000000000001,0,4,3,1,0.5197374562267214,,910.4
11038,5.7,1,4,3,1,0.5197374562267214,,910.4
11039,-0.30000000000000004,0,4,3,1,0.5197374562267214,,910.5
11040,-2.3000000000000003,0,4,3,1,0.5197374562267214,,910.6
11041,-2.3000000000000003,0,4,3,1,0.5197374562267214,,910.6
11042,-4.300000000000001,0,4,3,1,0.5197374562267214,,910.7
11043,-4.300000000000001,0,4,3,1,0.5197374562267214,,910.8
11044,-4.300000000000001,0,4,3,1,0.5197374562267214,,910.8
11045,5.7,1,4,3,1,0.5197374562267214,,910.9
11046,-4.300000000000001,0,4,3,1,0.5197374562267214,,911.0
11047,-4.300000000000001,0,4,3,1,0.5197374562267214,,911.1
11048,-4.300000000000001,0,4,3,1,0.5197374562267214,,911.2
11049,-2.3000000000000003,0,4,3,1,0.5197374562267214,,911.2
11050,-4.300000000000001,0,4,3,1,0.5197374562267214,,911.3
11051,-4.300000000000001,0,4,3,1,0.5197374562267214,,911.4
11052,-4.300000000000001,0,4,3,1,0.5197374562267214,,911.5
11053,-4.300000000000001,0,4,3,1,0.5197374562267214,,911.6
11054,-4.300000000000001,0,4,3,1,0.5197374562267214,,911.6
11055,-4.300000000000001,0,4,3,1,0.5197374562267214,,911.7
11056,5.7,1,4,3,1,0.5197374562267214,,911.8
11057,-4.300000000000001,0,4,3,1,0.5197374562267214,,911.8
11058,5.7,1,4,3,1,0.5197374562267214,,911.9
11059,-2.3000000000000003,0,4,3,1,0.5197374562267214,,911.9
11060,-4.300000000000001,0,4,3,1,0.5197374562267214,,912.0
11061,-2.3000000000000003,0,4,3,1,0.5197374562267214,,912.0
11062,-4.300000000000001,0,4,3,1,0.5197374562267214,,912.1
11063,-4.300000000000001,0,4,3,1,0.5197374562267214,,912.2
11064,-4.300000000000001,0,4,3,1,0.5197374562267214,,912.3
11065,-2.3000000000000003,0,4,3,1,0.5197374562267214,,912.4
11066,-4.300000000000001,0,4,3,1,0.5197374562267214,,912.4
11067,-4.300000000000001,0,4,3,1,0.5197374562267214,,912.5
11068,-4.300000000000001,0,4,3,1,0.5197374562267214,,912.6
11069,-0.30000000000000004,0,4,3,1,0.5197374562267214,,912.7
11070,-4.300000000000001,0,4,3,1,0.5197374562267214,,912.7
11071,-4.300000000000001,0,4,3,1,0.5197374562267214,,912.8
11072,-2.3000000000000003,0,4,3,1,0.5197374562267214,,912.9
11073,-4.300000000000001,0,4,3,1,0.5197374562267214,,912.9
11074,-2.3000000000000003,0,4,3,1,0.5197374562267214,,913.0
11075,5.7,1,4,3,1,0.5153866212349385,1.705502682365477,913.7
11076,-4.300000000000001,0,4,3,1,0.5153866212349385,,913.8
11077,-4.300000000000001,0,4,3,1,0.5153866212349385,,913.8
11078,-4.300000000000001,0,4,3,1,0.5153866212349385,,913.9
11079,-4.300000000000001,0,4,3,1,0.5153866212349385,,914.0
11080,-4.300000000000001,0,4,3,1,0.5153866212349385,,914.0
11081,-2.3000000000000003,0,4,3,1,0.5153866212349385,,914.1
11082,-4.300000000000001,0,4,3,1,0.5153866212349385,,914.2
11083,-4.300000000000001,0,4,3,1,0.5153866212349385,,914.2
11084,-0.30000000000000004,0,4,3,1,0.5153866212349385,,914.3
11085,-2.3000000000000003,0,4,3,1,0.5153866212349385,,914.4
11086,5.7,1,4,3,1,0.5153866212349385,,914.4
11087,-4.300000000000001,0,4,3,1,0.5153866212349385,,914.5
11088,-4.300000000000001,0,4,3,1,0.5153866212349385,,914.6
11089,-4.300000000000001,0,4,3,1,0.5153866212349385,,914.6
11090,5.7,1,4,3,1,0.5153866212349385,,914.7
11091,5.7,1,4,3,1,0.5153866212349385,,914.7
11092,-4.300000000000001,0,4,3,1,0.5153866212349385,,914.8
11093,-0.6000000000000001,0,6,3,1,0.5153866212349385,,914.8
11094,-4.300000000000001,0,4,3,1,0.5153866212349385,,914.9
11095,-0.30000000000000004,0,4,3,1,0.5153866212349385,,915.0
11096,-0.30000000000000004,0,4,3,1,0.5153866212349385,,915.0
11097,5.7,1,4,3,1,0.5153866212349385,,915.1
11098,-2.3000000000000003,0,4,3,1,0.5153866212349385,,915.2
11099,-4.300000000000001,0,4,3,1,0.5153866212349385,,915.2
11100,5.7,1,4,3,1,0.5153866212349385,,915.2
11101,-4.300000000000001,0,4,3,1,0.5153866212349385,,915.3
11102,-0.30000000000000004,0,4,3,1,0.5153866212349385,,915.3
11103,-2.3000000000000003,0,4,3,1,0.5153866212349385,,915.4
11104,-2.3000000000000003,0,4,3,1,0.5153866212349385,,915.5
11105,-4.300000000000001,0,4,3,1,0.5153866212349385,,915.5
11106,-4.300000000000001,0,4,3,1,0.5153866212349385,,915.6
11107,-2.3000000000000003,0,4,3,1,0.5153866212349385,,915.6
11108,-4.300000000000001,0,4,3,1,0.5153866212349385,,915.7
11109,-2.3000000000000003,0,4,3,1,0.5153866212349385,,915.7
11110,5.7,1,4,3,1,0.5153866212349385,,915.8
11111,-4.300000000000001,0,4,3,1,0.5153866212349385,,915.8
11112,-4.300000000000001,0,4,3,1,0.5153866212349385,,915.9
11113,5.7,1,4,3,1,0.5153866212349385,,916.0
11114,-4.300000000000001,0,4,3,1,0.5153866212349385,,916.0
11115,-2.3000000000000003,0,4,3,1,0.5153866212349385,,916.0
11116,-4.300000000000001,0,4,3,1,0.5153866212349385,,916.1
11117,5.7,1,4,3,1,0.5153866212349385,,916.2
11118,5.7,1,4,3,1,0.5153866212349385,,916.3
11119,-2.3000000000000003,0,4,3,1,0.5153866212349385,,916.3
11120,-4.300000000000001,0,4,3,1,0.5153866212349385,,916.4
11121,-2.3000000000000003,0,4,3,1,0.5153866212349385,,916.4
11122,-4.300000000000001,0,4,3,1,0.5153866212349385,,916.5
11123,-0.30000000000000004,0,4,3,1,0.5153866212349385,,916.6
11124,-4.300000000000001,0,4,3,1,0.5153866212349385,,916.7
11125,-4.300000000000001,0,4,3,1,0.5153866212349385,,916.7
11126,5.7,1,4,3,1,0.5153866212349385,,916.8
11127,-4.300000000000001,0,4,3,1,0.5153866212349385,,916.8
11128,-4.300000000000001,0,4,3,1,0.5153866212349385,,916.9
11129,-0.30000000000000004,0,4,3,1,0.5153866212349385,,917.0
11130,-4.300000000000001,0,4,3,1,0.5153866212349385,,917.1
11131,-4.300000000000001,0,4,3,1,0.5153866212349385,,917.2
11132,-2.3000000000000003,0,4,3,1,0.5153866212349385,,917.2
11133,5.7,1,4,3,1,0.5153866212349385,,917.3
11134,-2.3000000000000003,0,4,3,1,0.5153866212349385,,917.4
11135,5.7,1,4,3,1,0.5153866212349385,,917.4
11136,-4.300000000000001,0,4,3,1,0.5153866212349385,,917.5
11137,-2.6,0,6,3,1,0.5153866212349385,,917.5
11138,-0.30000000000000004,0,4,3,1,0.5153866212349385,,917.5
11139,-2.3000000000000003,0,4,3,1,0.5153866212349385,,917.6
11140,-2.3000000000000003,0,4,3,1,0.5153866212349385,,917.7
11141,-2.3000000000000003,0,4,3,1,0.5153866212349385,,917.8
11142,5.7,1,4,3,1,0.5153866212349385,,917.8
11143,-4.300000000000001,0,4,3,1,0.5153866212349385,,917.9
11144,-4.300000000000001,0,4,3,1,0.5153866212349385,,918.0
11145,-0.30000000000000004,0,4,3,1,0.5153866212349385,,918.0
11146,5.7,1,4,3,1,0.5153866212349385,,918.1
11147,5.7,1,4,3,1,0.5153866212349385,,918.1
11148,-2.3000000000000003,0,4,3,1,0.5153866212349385,,918.2
11149,5.7,1,4,3,1,0.5153866212349385,,918.2
11150,-4.300000000000001,0,4,3,1,0.5153866212349385,,918.2
11151,5.7,1,4,3,1,0.5153866212349385,,918.3
11152,-2.3000000000000003,0,4,3,1,0.5153866212349385,,918.4
11153,-4.300000000000001,0,4,3,1,0.5153866212349385,,918.4
11154,-4.300000000000001,0,4,3,1,0.5153866212349385,,918.5
11155,-2.3000000000000003,0,4,3,1,0.5153866212349385,,918.6
11156,5.7,1,4,3,1,0.5153866212349385,,918.6
11157,5.7,1,4,3,1,0.5153866212349385,,918.7
11158,-4.300000000000001,0,4,3,1,0.5153866212349385,,918.7
11159,-4.300000000000001,0,4,3,1,0.5153866212349385,,918.8
11160,-4.300000000000001,0,4,3,1,0.5153866212349385,,918.8
11161,5.7,1,4,3,1,0.5153866212349385,,918.9
11162,-4.300000000000001,0,4,3,1,0.5153866212349385,,918.9
11163,-4.300000000000001,0,4,3,1,0.5153866212349385,,919.0
11164,-4.300000000000001,0,4,3,1,0.5153866212349385,,919.0
11165,-4.300000000000001,0,4,3,1,0.5153866212349385,,919.1
11166,-0.30000000000000004,0,4,3,1,0.5153866212349385,,919.1
11167,-4.300000000000001,0,4,3,1,0.5153866212349385,,919.2
11168,-4.300000000000001,0,4,3,1,0.5153866212349385,,919.2
11169,-4.300000000000001,0,4,3,1,0.5153866212349385,,919.3
11170,-0.30000000000000004,0,4,3,1,0.5153866212349385,,919.4
11171,-4.300000000000001,0,4,3,1,0.5153866212349385,,919.4
11172,5.7,1,4,3,1,0.5153866212349385,,919.5
11173,-4.300000000000001,0,4,3,1,0.5153866212349385,,919.5
11174,-4.300000000000001,0,4,3,1,0.5153866212349385,,919.6
11175,-4.300000000000001,0,4,3,1,0.5153866212349385,,919.7
11176,-2.3000000000000003,0,4,3,1,0.5153866212349385,,919.7
11177,-0.30000000000000004,0,4,3,1,0.5153866212349385,,919.8
11178,-4.300000000000001,0,4,3,1,0.5153866212349385,,919.8
11179,-4.300000000000001,0,4,3,1,0.5153866212349385,,919.9
11180,-4.300000000000001,0,4,3,1,0.5153866212349385,,920.0
11181,-4.300000000000001,0,4,3,1,0.5153866212349385,,920.0
11182,-4.300000000000001,0,4,3,1,0.5153866212349385,,920.1
11183,-4.300000000000001,0,4,3,1,0.5153866212349385,,920.1
11184,5.7,1,4,3,1,0.5153866212349385,,920.2
11185,-4.300000000000001,0,4,3,1,0.5153866212349385,,920.2
11186,-4.300000000000001,0,4,3,1,0.5153866212349385,,920.3
11187,-4.300000000000001,0,4,3,1,0.5153866212349385,,920.3
11188,-4.300000000000001,0,4,3,1,0.5153866212349385,,920.4
11189,-4.300000000000001,0,4,3,1,0.5153866212349385,,920.5
11190,5.7,1,4,3,1,0.5153866212349385,,920.5
11191,5.7,1,4,3,1,0.5153866212349385,,920.6
11192,-4.300000000000001,0,4,3,1,0.5153866212349385,,920.7
11193,-4.300000000000001,0,4,3,1,0.5153866212349385,,920.7
11194,-4.300000000000001,0,4,3,1,0.5153866212349385,,920.8
11195,5.7,1,4,3,1,0.5153866212349385,,920.8
11196,-2.3000000000000003,0,4,3,1,0.5153866212349385,,920.9
11197,5.7,1,4,3,1,0.5153866212349385,,920.9
11198,5.7,1,4,3,1,0.5153866212349385,,921.0
11199,-4.300000000000001,0,4,3,1,0.5153866212349385,,921.1
11200,-4.300000000000001,0,4,3,1,0.5153866212349385,,921.1
11201,-0.30000000000000004,0,4,3,1,0.5153866212349385,,921.2
11202,5.7,1,4,3,1,0.5153866212349385,,921.2
11203,-4.300000000000001,0,4,3,1,0.5153866212349385,,921.3
11204,-4.300000000000001,0,4,3,1,0.5153866212349385,,921.4
11205,-2.3000000000000003,0,4,3,1,0.5153866212349385,,921.4
11206,5.7,1,4,3,1,0.5153866212349385,,921.5
11207,5.7,1,4,3,1,0.5153866212349385,,921.6
11208,-2.3000000000000003,0,4,3,1,0.5153866212349385,,921.6
11209,-2.3000000000000003,0,4,3,1,0.5153866212349385,,921.6
11210,-4.300000000000001,0,4,3,1,0.5153866212349385,,921.7
11211,-0.30000000000000004,0,4,3,1,0.5153866212349385,,921.7
11212,-4.300000000000001,0,4,3,1,0.5153866212349385,,921.8
11213,5.7,1,4,3,1,0.5153866212349385,,921.8
11214,-4.300000000000001,0,4,3,1,0.5153866212349385,,921.9
11215,-4.300000000000001,0,4,3,1,0.5153866212349385,,922.0
11216,-4.300000000000001,0,4,3,1,0.5153866212349385,,922.0
11217,-4.300000000000001,0,4,3,1,0.5153866212349385,,922.0
11218,-2.3000000000000003,0,4,3,1,0.5153866212349385,,922.1
11219,5.7,1,4,3,1,0.5153866212349385,,922.1
11220,-4.300000000000001,0,4,3,1,0.5153866212349385,,922.2
11221,-4.300000000000001,0,4,3,1,0.5153866212349385,,922.2
11222,-4.300000000000001,0,4,3,1,0.5153866212349385,,922.3
11223,-4.300000000000001,0,4,3,1,0.5153866212349385,,922.4
11224,-0.30000000000000004,0,4,3,1,0.5153866212349385,,922.4
11225,-2.3000000000000003,0,4,3,1,0.5153866212349385,,922.5
11226,5.7,1,4,3,1,0.5153866212349385,,922.6
11227,-4.300000000000001,0,4,3,1,0.5153866212349385,,922.6
11228,-2.3000000000000003,0,4,3,1,0.5153866212349385,,922.7
11229,5.4,1,6,3,1,0.5153866212349385,,922.8
11230,-2.3000000000000003,0,4,3,1,0.5153866212349385,,922.8
11231,5.7,1,4,3,1,0.5153866212349385,,922.9
11232,-4.300000000000001,0,4,3,1,0.5153866212349385,,923.0
11233,5.7,1,4,3,1,0.5153866212349385,,923.0
11234,-4.300000000000001,0,4,3,1,0.5153866212349385,,923.0
11235,-4.300000000000001,0,4,3,1,0.5153866212349385,,923.1
11236,5.7,1,4,3,1,0.5153866212349385,,923.2
11237,-0.30000000000000004,0,4,3,1,0.5153866212349385,,923.2
11238,-4.300000000000001,0,4,3,1,0.5153866212349385,,923.2
11239,-4.300000000000001,0,4,3,1,0.5153866212349385,,923.3
11240,-4.300000000000001,0,4,3,1,0.5153866212349385,,923.3
11241,-4.300000000000001,0,4,3,1,0.5153866212349385,,923.4
11242,-4.300000000000001,0,4,3,1,0.5153866212349385,,923.5
11243,-4.300000000000001,0,4,3,1,0.5153866212349385,,923.5
11244,-4.300000000000001,0,4,3,1,0.5153866212349385,,923.6
11245,-4.300000000000001,0,4,3,1,0.5153866212349385,,923.6
11246,-0.30000000000000004,0,4,3,1,0.5153866212349385,,923.7
11247,-4.300000000000001,0,4,3,1,0.5153866212349385,,923.7
11248,-4.300000000000001,0,4,3,1,0.5153866212349385,,923.8
11249,-4.300000000000001,0,4,3,1,0.5153866212349385,,923.8
11250,-4.300000000000001,0,4,3,1,0.5153866212349385,,923.9
11251,-0.30000000000000004,0,4,3,1,0.5153866212349385,,924.0
11252,-4.300000000000001,0,4,3,1,0.5153866212349385,,924.0
11253,-2.3000000000000003,0,4,3,1,0.5153866212349385,,924.0
11254,-4.300000000000001,0,4,3,1,0.5153866212349385,,924.1
11255,-0.30000000000000004,0,4,3,1,0.5153866212349385,,924.2
11256,5.7,1,4,3,1,0.5153866212349385,,924.2
11257,-4.300000000000001,0,4,3,1,0.5153866212349385,,924.3
11258,-4.300000000000001,0,4,3,1,0.5153866212349385,,924.4
11259,-4.300000000000001,0,4,3,1,0.5153866212349385,,924.4
11260,-2.3000000000000003,0,4,3,1,0.5153866212349385,,924.5
11261,-4.300000000000001,0,4,3,1,0.5153866212349385,,924.5
11262,-4.6,0,6,3,1,0.5153866212349385,,924.6
11263,-4.300000000000001,0,4,3,1,0.5153866212349385,,924.6
11264,5.7,1,4,3,1,0.5153866212349385,,924.6
11265,-4.300000000000001,0,4,3,1,0.5153866212349385,,924.7
11266,5.7,1,4,3,1,0.5153866212349385,,924.7
11267,-4.300000000000001,0,4,3,1,0.5153866212349385,,924.8
11268,-4.300000000000001,0,4,3,1,0.5153866212349385,,924.8
11269,-4.300000000000001,0,4,3,1,0.5153866212349385,,924.9
11270,5.7,1,4,3,1,0.5153866212349385,,925.0
11271,-0.30000000000000004,0,4,3,1,0.5153866212349385,,925.0
11272,-4.300000000000001,0,4,3,1,0.5153866212349385,,925.1
11273,-2.3000000000000003,0,4,3,1,0.5153866212349385,,925.2
11274,-4.300000000000001,0,4,3,1,0.5153866212349385,,925.2
11275,-4.300000000000001,0,4,3,1,0.5153866212349385,,925.3
11276,-4.300000000000001,0,4,3,1,0.5153866212349385,,925.3
11277,-4.300000000000001,0,4,3,1,0.5153866212349385,,925.4
11278,-0.30000000000000004,0,4,3,1,0.5153866212349385,,925.5
11279,-4.300000000000001,0,4,3,1,0.5153866212349385,,925.5
11280,-4.300000000000001,0,4,3,1,0.5153866212349385,,925.5
11281,-4.300000000000001,0,4,3,1,0.5153866212349385,,925.6
11282,5.7,1,4,3,1,0.5153866212349385,,925.6
11283,-4.300000000000001,0,4,3,1,0.5153866212349385,,925.7
11284,-0.30000000000000004,0,4,3,1,0.5153866212349385,,925.8
11285,-4.300000000000001,0,4,3,1,0.5153866212349385,,925.9
11286,5.7,1,4,3,1,0.5153866212349385,,925.9
11287,-0.30000000000000004,0,4,3,1,0.5153866212349385,,925.9
11288,-4.300000000000001,0,4,3,1,0.5153866212349385,,926.0
11289,-4.300000000000001,0,4,3,1,0.5153866212349385,,926.1
11290,-2.6,0,6,3,1,0.5153866212349385,,926.1
11291,-4.300000000000001,0,4,3,1,0.5153866212349385,,926.2
11292,-4.300000000000001,0,4,3,1,0.5153866212349385,,926.3
11293,-4.300000000000001,0,4,3,1,0.5153866212349385,,926.3
11294,-4.300000000000001,0,4,3,1,0.5153866212349385,,926.4
11295,-0.30000000000000004,0,4,3,1,0.5153866212349385,,926.5
11296,5.7,1,4,3,1,0.5153866212349385,,926.5
11297,-0.30000000000000004,0,4,3,1,0.5153866212349385,,926.6
11298,5.7,1,4,3,1,0.5153866212349385,,926.6
11299,-4.300000000000001,0,4,3,1,0.5153866212349385,,926.7
11300,-2.3000000000000003,0,4,3,1,0.5153866212349385,,926.8
11301,-4.300000000000001,0,4,3,1,0.5153866212349385,,926.8
11302,-4.300000000000001,0,4,3,1,0.5153866212349385,,926.9
11303,-4.300000000000001,0,4,3,1,0.5153866212349385,,927.0
11304,-4.300000000000001,0,4,3,1,0.5153866212349385,,927.1
11305,-2.3000000000000003,0,4,3,1,0.5153866212349385,,927.1
11306,-4.300000000000001,0,4,3,1,0.5153866212349385,,927.2
11307,-2.3000000000000003,0,4,3,1,0.5153866212349385,,927.2
11308,-4.300000000000001,0,4,3,1,0.5153866212349385,,927.3
11309,-4.300000000000001,0,4,3,1,0.5153866212349385,,927.3
11310,-4.300000000000001,0,4,3,1,0.5153866212349385,,927.4
11311,-4.300000000000001,0,4,3,1,0.5153866212349385,,927.4
11312,-4.300000000000001,0,4,3,1,0.5153866212349385,,927.5
11313,-2.3000000000000003,0,4,3,1,0.5153866212349385,,927.5
11314,-4.300000000000001,0,4,3,1,0.5153866212349385,,927.6
11315,-4.300000000000001,0,4,3,1,0.5153866212349385,,927.6
11316,-4.300000000000001,0,4,3,1,0.5153866212349385,,927.6
11317,5.7,1,4,3,1,0.5153866212349385,,927.7
11318,5.7,1,4,3,1,0.5153866212349385,,927.8
11319,-2.3000000000000003,0,4,3,1,0.5153866212349385,,927.9
11320,-4.300000000000001,0,4,3,1,0.5153866212349385,,927.9
11321,-4.300000000000001,0,4,3,1,0.5153866212349385,,928.0
11322,-4.300000000000001,0,4,3,1,0.5153866212349385,,928.0
11323,-1.4000000000000001,0,5,4,1,0.5153866212349385,,928.1
11324,5.7,1,4,3,1,0.5153866212349385,,928.2
11325,-2.3000000000000003,0,4,3,1,0.5153866212349385,,928.2
11326,-2.3000000000000003,0,4,3,1,0.5153866212349385,,928.3
11327,-4.300000000000001,0,4,3,1,0.5153866212349385,,928.3
11328,-4.300000000000001,0,4,3,1,0.5153866212349385,,928.4
11329,-2.3000000000000003,0,4,3,1,0.5153866212349385,,928.5
11330,5.7,1,4,3,1,0.5153866212349385,,928.5
11331,-4.300000000000001,0,4,3,1,0.5153866212349385,,928.6
11332,-0.30000000000000004,0,4,3,1,0.5153866212349385,,928.7
11333,-2.3000000000000003,0,4,3,1,0.5153866212349385,,928.7
11334,-4.300000000000001,0,4,3,1,0.5153866212349385,,928.8
11335,5.7,1,4,3,1,0.5153866212349385,,928.8
11336,-4.300000000000001,0,4,3,1,0.5153866212349385,,928.9
11337,5.7,1,4,3,1,0.5153866212349385,,928.9
11338,-4.300000000000001,0,4,3,1,0.5153866212349385,,929.0
11339,-4.300000000000001,0,4,3,1,0.5153866212349385,,929.0
11340,-4.300000000000001,0,4,3,1,0.5153866212349385,,929.1
11341,-4.300000000000001,0,4,3,1,0.5153866212349385,,929.2
11342,5.7,1,4,3,1,0.5153866212349385,,929.2
11343,-4.300000000000001,0,4,3,1,0.5153866212349385,,929.3
11344,-0.30000000000000004,0,4,3,1,0.5153866212349385,,929.3
11345,-4.300000000000001,0,4,3,1,0.5153866212349385,,929.4
11346,-4.300000000000001,0,4,3,1,0.5153866212349385,,929.4
11347,5.7,1,4,3,1,0.5153866212349385,,929.5
11348,-2.3000000000000003,0,4,3,1,0.5153866212349385,,929.6
11349,-4.300000000000001,0,4,3,1,0.5153866212349385,,929.6
11350,-0.30000000000000004,0,4,3,1,0.5153866212349385,,929.7
11351,-2.3000000000000003,0,4,3,1,0.5153866212349385,,929.7
11352,-2.3000000000000003,0,4,3,1,0.5153866212349385,,929.7
11353,-4.300000000000001,0,4,3,1,0.5153866212349385,,929.8
11354,-2.3000000000000003,0,4,3,1,0.5153866212349385,,929.9
11355,-4.300000000000001,0,4,3,1,0.5153866212349385,,930.0
11356,-2.3000000000000003,0,4,3,1,0.5153866212349385,,930.0
11357,-4.300000000000001,0,4,3,1,0.5153866212349385,,930.1
11358,-4.300000000000001,0,4,3,1,0.5153866212349385,,930.2
11359,-4.300000000000001,0,4,3,1,0.5153866212349385,,930.3
11360,-4.300000000000001,0,4,3,1,0.5153866212349385,,930.3
11361,-2.3000000000000003,0,4,3,1,0.5153866212349385,,930.4
11362,-4.300000000000001,0,4,3,1,0.5153866212349385,,930.4
11363,-4.300000000000001,0,4,3,1,0.5153866212349385,,930.5
11364,-4.300000000000001,0,4,3,1,0.5153866212349385,,930.6
11365,-0.30000000000000004,0,4,3,1,0.5153866212349385,,930.6
11366,-4.300000000000001,0,4,3,1,0.5153866212349385,,930.7
11367,-4.300000000000001,0,4,3,1,0.5153866212349385,,930.8
11368,-4.300000000000001,0,4,3,1,0.5153866212349385,,930.8
11369,-4.300000000000001,0,4,3,1,0.5153866212349385,,930.9
11370,-4.300000000000001,0,4,3,1,0.5153866212349385,,931.0
11371,-4.300000000000001,0,4,3,1,0.5153866212349385,,931.0
11372,5.7,1,4,3,1,0.5153866212349385,,931.1
11373,5.7,1,4,3,1,0.5153866212349385,,931.1
11374,-0.30000000000000004,0,4,3,1,0.5153866212349385,,931.2
11375,5.7,1,4,3,1,0.5153866212349385,,931.3
11376,-4.300000000000001,0,4,3,1,0.5153866212349385,,931.4
11377,5.7,1,4,3,1,0.5153866212349385,,931.4
11378,-4.300000000000001,0,4,3,1,0.5153866212349385,,931.5
11379,-0.30000000000000004,0,4,3,1,0.5153866212349385,,931.6
11380,-4.300000000000001,0,4,3,1,0.5153866212349385,,931.7
11381,-2.3000000000000003,0,4,3,1,0.5153866212349385,,931.7
11382,5.7,1,4,3,1,0.5153866212349385,,931.8
11383,-4.300000000000001,0,4,3,1,0.5153866212349385,,931.8
11384,-4.300000000000001,0,4,3,1,0.5153866212349385,,931.9
11385,-0.30000000000000004,0,4,3,1,0.5153866212349385,,932.0
11386,-4.300000000000001,0,4,3,1,0.5153866212349385,,932.1
11387,-4.300000000000001,0,4,3,1,0.5153866212349385,,932.1
11388,-4.300000000000001,0,4,3,1,0.5153866212349385,,932.2
11389,-4.300000000000001,0,4,3,1,0.5153866212349385,,932.2
11390,5.7,1,4,3,1,0.5153866212349385,,932.3
11391,-0.30000000000000004,0,4,3,1,0.5153866212349385,,932.4
11392,-2.3000000000000003,0,4,3,1,0.5153866212349385,,932.4
11393,-4.300000000000001,0,4,3,1,0.5153866212349385,,932.5
11394,5.7,1,4,3,1,0.5153866212349385,,932.6
11395,-4.300000000000001,0,4,3,1,0.5153866212349385,,932.6
11396,-4.300000000000001,0,4,3,1,0.5153866212349385,,932.7
11397,-2.3000000000000003,0,4,3,1,0.5153866212349385,,932.7
11398,5.7,1,4,3,1,0.5153866212349385,,932.8
11399,-2.3000000000000003,0,4,3,1,0.5153866212349385,,932.9
11400,-0.30000000000000004,0,4,3,1,0.5153866212349385,,932.9
11401,-2.3000000000000003,0,4,3,1,0.5153866212349385,,933.0
11402,-0.30000000000000004,0,4,3,1,0.5153866212349385,,933.1
11403,-4.300000000000001,0,4,3,1,0.5153866212349385,,933.1
11404,5.7,1,4,3,1,0.5153866212349385,,933.2
11405,5.7,1,4,3,1,0.5153866212349385,,933.2
11406,-2.3000000000000003,0,4,3,1,0.5153866212349385,,933.3
11407,-4.300000000000001,0,4,3,1,0.5153866212349385,,933.3
11408,-4.300000000000001,0,4,3,1,0.5153866212349385,,933.4
11409,-4.300000000000001,0,4,3,1,0.5153866212349385,,933.5
11410,5.7,1,4,3,1,0.5153866212349385,,933.5
11411,-4.300000000000001,0,4,3,1,0.5153866212349385,,933.6
11412,-2.3000000000000003,0,4,3,1,0.5153866212349385,,933.7
11413,-2.3000000000000003,0,4,3,1,0.5153866212349385,,933.7
11414,-5.4,0,5,4,1,0.5153866212349385,,933.8
11415,-4.300000000000001,0,4,3,1,0.5153866212349385,,933.9
11416,-4.300000000000001,0,4,3,1,0.5153866212349385,,934.0
11417,-4.300000000000001,0,4,3,1,0.5153866212349385,,934.0
11418,5.7,1,4,3,1,0.5153866212349385,,934.1
11419,-4.300000000000001,0,4,3,1,0.5153866212349385,,934.2
11420,-4.300000000000001,0,4,3,1,0.5153866212349385,,934.3
11421,-4.300000000000001,0,4,3,1,0.5153866212349385,,934.4
11422,-2.3000000000000003,0,4,3,1,0.5153866212349385,,934.4
11423,-2.3000000000000003,0,4,3,1,0.5153866212349385,,934.4
11424,-2.3000000000000003,0,4,3,1,0.5153866212349385,,934.5
11425,-4.300000000000001,0,4,3,1,0.5153866212349385,,934.6
11426,5.7,1,4,3,1,0.5153866212349385,,934.6
11427,-4.300000000000001,0,4,3,1,0.5153866212349385,,934.7
11428,5.7,1,4,3,1,0.5153866212349385,,934.7
11429,-2.3000000000000003,0,4,3,1,0.5153866212349385,,934.8
11430,-0.30000000000000004,0,4,3,1,0.5153866212349385,,934.8
11431,5.7,1,4,3,1,0.5153866212349385,,934.9
11432,-4.300000000000001,0,4,3,1,0.5153866212349385,,935.0
11433,-4.300000000000001,0,4,3,1,0.5153866212349385,,935.0
11434,-4.300000000000001,0,4,3,1,0.5153866212349385,,935.1
11435,-4.300000000000001,0,4,3,1,0.5153866212349385,,935.1
11436,-0.30000000000000004,0,4,3,1,0.5153866212349385,,935.2
11437,-4.300000000000001,0,4,3,1,0.5153866212349385,,935.3
11438,-4.300000000000001,0,4,3,1,0.5153866212349385,,935.4
11439,-4.300000000000001,0,4,3,1,0.5153866212349385,,935.4
11440,-4.300000000000001,0,4,3,1,0.5153866212349385,,935.5
11441,5.7,1,4,3,1,0.5153866212349385,,935.6
11442,-4.300000000000001,0,4,3,1,0.5153866212349385,,935.6
11443,-4.300000000000001,0,4,3,1,0.5153866212349385,,935.7
11444,-4.300000000000001,0,4,3,1,0.5153866212349385,,935.8
11445,-4.300000000000001,0,4,3,1,0.5153866212349385,,935.9
11446,-4.300000000000001,0,4,3,1,0.5153866212349385,,935.9
11447,-0.30000000000000004,0,4,3,1,0.5153866212349385,,936.0
11448,-4.300000000000001,0,4,3,1,0.5153866212349385,,936.1
11449,-4.300000000000001,0,4,3,1,0.5153866212349385,,936.1
11450,-2.3000000000000003,0,4,3,1,0.5153866212349385,,936.2
11451,-0.30000000000000004,0,4,3,1,0.5153866212349385,,936.2
11452,5.7,1,4,3,1,0.5153866212349385,,936.3
11453,-4.300000000000001,0,4,3,1,0.5153866212349385,,936.4
11454,-2.3000000000000003,0,4,3,1,0.5153866212349385,,936.5
11455,5.7,1,4,3,1,0.5153866212349385,,936.5
11456,-2.3000000000000003,0,4,3,1,0.5153866212349385,,936.6
11457,-4.300000000000001,0,4,3,1,0.5153866212349385,,936.6
11458,-4.300000000000001,0,4,3,1,0.5153866212349385,,936.7
11459,-4.300000000000001,0,4,3,1,0.5153866212349385,,936.8
11460,-4.300000000000001,0,4,3,1,0.5153866212349385,,936.8
11461,-4.300000000000001,0,4,3,1,0.5153866212349385,,936.9
11462,-4.300000000000001,0,4,3,1,0.5153866212349385,,936.9
11463,-4.300000000000001,0,4,3,1,0.5153866212349385,,937.0
11464,-0.30000000000000004,0,4,3,1,0.5153866212349385,,937.0
11465,-2.3000000000000003,0,4,3,1,0.5153866212349385,,937.1
11466,5.7,1,4,3,1,0.5153866212349385,,937.1
11467,-4.300000000000001,0,4,3,1,0.5153866212349385,,937.2
11468,-4.300000000000001,0,4,3,1,0.5153866212349385,,937.3
11469,-2.3000000000000003,0,4,3,1,0.5153866212349385,,937.3
11470,5.7,1,4,3,1,0.5153866212349385,,937.4
11471,-4.300000000000001,0,4,3,1,0.5153866212349385,,937.4
11472,-0.30000000000000004,0,4,3,1,0.5153866212349385,,937.5
11473,-4.300000000000001,0,4,3,1,0.5153866212349385,,937.5
11474,-2.3000000000000003,0,4,3,1,0.5153866212349385,,937.6
11475,-2.3000000000000003,0,4,3,1,0.5153866212349385,,937.6
11476,-4.300000000000001,0,4,3,1,0.5153866212349385,,937.7
11477,-0.30000000000000004,0,4,3,1,0.5153866212349385,,937.8
11478,-4.300000000000001,0,4,3,1,0.5153866212349385,,937.9
11479,-4.300000000000001,0,4,3,1,0.5153866212349385,,937.9
11480,-2.3000000000000003,0,4,3,1,0.5153866212349385,,938.0
11481,-4.300000000000001,0,4,3,1,0.5153866212349385,,938.0
11482,-4.300000000000001,0,4,3,1,0.5153866212349385,,938.1
11483,-0.30000000000000004,0,4,3,1,0.5153866212349385,,938.1
11484,-4.300000000000001,0,4,3,1,0.5153866212349385,,938.2
11485,-4.300000000000001,0,4,3,1,0.5153866212349385,,938.2
11486,5.7,1,4,3,1,0.5153866212349385,,938.3
11487,-4.300000000000001,0,4,3,1,0.5153866212349385,,938.4
11488,-4.300000000000001,0,4,3,1,0.5153866212349385,,938.5
11489,-4.300000000000001,0,4,3,1,0.5153866212349385,,938.6
11490,-2.3000000000000003,0,4,3,1,0.5153866212349385,,938.6
11491,-4.300000000000001,0,4,3,1,0.5153866212349385,,938.7
11492,5.7,1,4,3,1,0.5153866212349385,,938.8
11493,-2.3000000000000003,0,4,3,1,0.5153866212349385,,938.8
11494,5.7,1,4,3,1,0.5153866212349385,,938.9
11495,5.7,1,4,3,1,0.5153866212349385,,939.0
11496,-4.300000000000001,0,4,3,1,0.5153866212349385,,939.1
11497,5.7,1,4,3,1,0.5153866212349385,,939.1
11498,-4.300000000000001,0,4,3,1,0.5153866212349385,,939.2
11499,-2.3000000000000003,0,4,3,1,0.5153866212349385,,939.3
11500,-4.300000000000001,0,4,3,1,0.5153866212349385,,939.3
11501,-4.300000000000001,0,4,3,1,0.5153866212349385,,944.5
11502,5.7,1,4,3,1,0.5153866212349385,,944.5
11503,-4.300000000000001,0,4,3,1,0.5153866212349385,,944.6
11504,-4.300000000000001,0,4,3,1,0.5153866212349385,,944.6
11505,-2.3000000000000003,0,4,3,1,0.5153866212349385,,944.7
11506,-2.3000000000000003,0,4,3,1,0.5153866212349385,,944.7
11507,-4.300000000000001,0,4,3,1,0.5153866212349385,,944.8
11508,5.7,1,4,3,1,0.5153866212349385,,944.9
11509,-4.300000000000001,0,4,3,1,0.5153866212349385,,944.9
11510,-4.300000000000001,0,4,3,1,0.5153866212349385,,945.0
11511,-4.300000000000001,0,4,3,1,0.5153866212349385,,945.0
11512,5.7,1,4,3,1,0.5153866212349385,,945.1
11513,-4.300000000000001,0,4,3,1,0.5153866212349385,,945.1
11514,-0.30000000000000004,0,4,3,1,0.5153866212349385,,945.2
11515,5.7,1,4,3,1,0.5153866212349385,,945.2
11516,-2.3000000000000003,0,4,3,1,0.5153866212349385,,945.3
11517,-4.300000000000001,0,4,3,1,0.5153866212349385,,945.3
11518,-4.300000000000001,0,4,3,1,0.5153866212349385,,945.4
11519,-4.300000000000001,0,4,3,1,0.5153866212349385,,945.5
11520,-4.300000000000001,0,4,3,1,0.5153866212349385,,945.5
11521,-4.300000000000001,0,4,3,1,0.5153866212349385,,945.6
11522,-4.300000000000001,0,4,3,1,0.5153866212349385,,945.6
11523,-2.3000000000000003,0,4,3,1,0.5153866212349385,,945.7
11524,-2.3000000000000003,0,4,3,1,0.5153866212349385,,945.7
11525,-4.300000000000001,0,4,3,1,0.5153866212349385,,945.8
11526,-2.3000000000000003,0,4,3,1,0.5153866212349385,,945.8
11527,5.7,1,4,3,1,0.5153866212349385,,945.9
11528,-4.300000000000001,0,4,3,1,0.5153866212349385,,945.9
11529,-4.300000000000001,0,4,3,1,0.5153866212349385,,946.0
11530,-4.300000000000001,0,4,3,1,0.5153866212349385,,946.1
11531,-4.300000000000001,0,4,3,1,0.5153866212349385,,946.1
11532,-4.300000000000001,0,4,3,1,0.5153866212349385,,946.2
11533,5.7,1,4,3,1,0.5153866212349385,,946.2
11534,-4.6,0,6,3,1,0.5153866212349385,,946.3
11535,-4.300000000000001,0,4,3,1,0.5153866212349385,,946.4
11536,5.7,1,4,3,1,0.5153866212349385,,946.5
11537,-0.30000000000000004,0,4,3,1,0.5153866212349385,,946.5
11538,-4.300000000000001,0,4,3,1,0.5153866212349385,,946.6
11539,-4.300000000000001,0,4,3,1,0.5153866212349385,,946.6
11540,5.4,1,6,3,1,0.5153866212349385,,946.6
11541,-4.300000000000001,0,4,3,1,0.5153866212349385,,946.7
11542,5.7,1,4,3,1,0.5153866212349385,,946.8
11543,-4.300000000000001,0,4,3,1,0.5153866212349385,,946.8
11544,-0.30000000000000004,0,4,3,1,0.5153866212349385,,946.8
11545,5.7,1,4,3,1,0.5153866212349385,,946.9
11546,-0.30000000000000004,0,4,3,1,0.5153866212349385,,947.0
11547,-2.3000000000000003,0,4,3,1,0.5153866212349385,,947.0
11548,-4.300000000000001,0,4,3,1,0.5153866212349385,,947.1
11549,5.7,1,4,3,1,0.5153866212349385,,947.1
11550,-4.300000000000001,0,4,3,1,0.5153866212349385,,947.2
11551,-4.300000000000001,0,4,3,1,0.5153866212349385,,947.3
11552,-4.300000000000001,0,4,3,1,0.5153866212349385,,947.3
11553,-4.300000000000001,0,4,3,1,0.5153866212349385,,947.4
11554,-4.300000000000001,0,4,3,1,0.5153866212349385,,947.4
11555,-4.300000000000001,0,4,3,1,0.5153866212349385,,947.5
11556,-4.300000000000001,0,4,3,1,0.5153866212349385,,947.5
11557,-4.300000000000001,0,4,3,1,0.5153866212349385,,947.6
11558,-4.300000000000001,0,4,3,1,0.5153866212349385,,947.7
11559,-5.4,0,5,4,1,0.5153866212349385,,947.8
11560,-2.3000000000000003,0,4,3,1,0.5153866212349385,,947.8
11561,-4.300000000000001,0,4,3,1,0.5153866212349385,,947.9
11562,-1.4000000000000001,0,5,4,1,0.5153866212349385,,948.0
11563,-0.30000000000000004,0,4,3,1,0.5153866212349385,,948.0
11564,-4.300000000000001,0,4,3,1,0.5153866212349385,,948.1
11565,-2.3000000000000003,0,4,3,1,0.5153866212349385,,948.1
11566,-4.300000000000001,0,4,3,1,0.5153866212349385,,948.2
11567,-4.300000000000001,0,4,3,1,0.5153866212349385,,948.2
11568,-4.300000000000001,0,4,3,1,0.5153866212349385,,948.3
11569,-4.300000000000001,0,4,3,1,0.5153866212349385,,948.4
11570,-4.300000000000001,0,4,3,1,0.5153866212349385,,948.5
11571,5.7,1,4,3,1,0.5153866212349385,,948.5
11572,-0.30000000000000004,0,4,3,1,0.5153866212349385,,948.6
11573,5.7,1,4,3,1,0.5153866212349385,,948.7
11574,5.7,1,4,3,1,0.5153866212349385,,948.7
11575,5.7,1,4,3,1,0.5153866212349385,,948.7
11576,5.7,1,4,3,1,0.5153866212349385,,948.8
11577,-0.30000000000000004,0,4,3,1,0.5153866212349385,,948.9
11578,-4.300000000000001,0,4,3,1,0.5153866212349385,,949.0
11579,-0.30000000000000004,0,4,3,1,0.5153866212349385,,949.0
11580,5.7,1,4,3,1,0.5153866212349385,,949.0
11581,5.7,1,4,3,1,0.5153866212349385,,949.1
11582,-0.30000000000000004,0,4,3,1,0.4902715121861547,2.0682237995788455,949.7
11583,-4.300000000000001,0,4,3,1,0.4902715121861547,,949.8
11584,-0.30000000000000004,0,4,3,1,0.4902715121861547,,949.8
11585,-4.300000000000001,0,4,3,1,0.4902715121861547,,949.9
11586,-4.300000000000001,0,4,3,1,0.4902715121861547,,949.9
11587,-4.300000000000001,0,4,3,1,0.4902715121861547,,950.0
11588,-4.300000000000001,0,4,3,1,0.4902715121861547,,950.1
11589,5.7,1,4,3,1,0.4902715121861547,,950.1
11590,-2.3000000000000003,0,4,3,1,0.4902715121861547,,950.2
11591,-2.3000000000000003,0,4,3,1,0.4902715121861547,,950.2
11592,5.7,1,4,3,1,0.4902715121861547,,950.3
11593,-4.300000000000001,0,4,3,1,0.4902715121861547,,950.3
11594,-4.300000000000001,0,4,3,1,0.4902715121861547,,950.4
11595,-4.300000000000001,0,4,3,1,0.4902715121861547,,950.4
11596,-4.300000000000001,0,4,3,1,0.4902715121861547,,950.5
11597,-4.300000000000001,0,4,3,1,0.4902715121861547,,950.5
11598,-4.300000000000001,0,4,3,1,0.4902715121861547,,950.6
11599,-4.300000000000001,0,4,3,1,0.4902715121861547,,950.6
11600,-4.300000000000001,0,4,3,1,0.4902715121861547,,950.7
11601,-4.300000000000001,0,4,3,1,0.4902715121861547,,950.8
11602,-4.300000000000001,0,4,3,1,0.4902715121861547,,950.9
11603,-4.300000000000001,0,4,3,1,0.4902715121861547,,950.9
11604,-0.6000000000000001,0,6,3,1,0.4902715121861547,,950.9
11605,-0.30000000000000004,0,4,3,1,0.4902715121861547,,951.0
11606,-4.300000000000001,0,4,3,1,0.4902715121861547,,951.0
11607,-4.300000000000001,0,4,3,1,0.4902715121861547,,951.1
11608,-2.3000000000000003,0,4,3,1,0.4902715121861547,,951.2
11609,-4.300000000000001,0,4,3,1,0.4902715121861547,,951.3
11610,5.7,1,4,3,1,0.4902715121861547,,951.3
11611,-4.300000000000001,0,4,3,1,0.4902715121861547,,951.4
11612,5.7,1,4,3,1,0.4902715121861547,,951.4
11613,-0.30000000000000004,0,4,3,1,0.4902715121861547,,951.4
11614,5.7,1,4,3,1,0.4902715121861547,,951.5
11615,-2.3000000000000003,0,4,3,1,0.4902715121861547,,951.6
11616,-0.30000000000000004,0,4,3,1,0.4902715121861547,,951.6
11617,-0.30000000000000004,0,4,3,1,0.4902715121861547,,951.7
11618,5.7,1,4,3,1,0.4902715121861547,,951.7
11619,-4.300000000000001,0,4,3,1,0.4902715121861547,,951.8
11620,-0.30000000000000004,0,4,3,1,0.4902715121861547,,951.9
11621,-4.300000000000001,0,4,3,1,0.4902715121861547,,951.9
11622,-4.300000000000001,0,4,3,1,0.4902715121861547,,952.0
11623,-4.300000000000001,0,4,3,1,0.4902715121861547,,952.1
11624,-4.300000000000001,0,4,3,1,0.4902715121861547,,952.2
11625,-4.300000000000001,0,4,3,1,0.4902715121861547,,952.2
11626,-4.300000000000001,0,4,3,1,0.4902715121861547,,952.3
11627,5.7,1,4,3,1,0.4902715121861547,,952.4
11628,-4.300000000000001,0,4,3,1,0.4902715121861547,,952.4
11629,-4.300000000000001,0,4,3,1,0.4902715121861547,,952.5
11630,-4.300000000000001,0,4,3,1,0.4902715121861547,,952.6
11631,-4.300000000000001,0,4,3,1,0.4902715121861547,,952.6
11632,-4.300000000000001,0,4,3,1,0.4902715121861547,,952.6
11633,-4.300000000000001,0,4,3,1,0.4902715121861547,,952.7
11634,-4.300000000000001,0,4,3,1,0.4902715121861547,,952.8
11635,-2.3000000000000003,0,4,3,1,0.4902715121861547,,952.9
11636,-4.300000000000001,0,4,3,1,0.4902715121861547,,952.9
11637,5.7,1,4,3,1,0.4902715121861547,,953.0
11638,-0.30000000000000004,0,4,3,1,0.4902715121861547,,953.0
11639,5.7,1,4,3,1,0.4902715121861547,,953.1
11640,-0.30000000000000004,0,4,3,1,0.4902715121861547,,953.1
11641,-4.300000000000001,0,4,3,1,0.4902715121861547,,953.2
11642,5.7,1,4,3,1,0.4902715121861547,,953.3
11643,5.7,1,4,3,1,0.4902715121861547,,953.3
11644,-4.300000000000001,0,4,3,1,0.4902715121861547,,953.4
11645,-4.300000000000001,0,4,3,1,0.4902715121861547,,953.4
11646,-2.3000000000000003,0,4,3,1,0.4902715121861547,,953.5
11647,-0.30000000000000004,0,4,3,1,0.4902715121861547,,953.6
11648,-4.300000000000001,0,4,3,1,0.4902715121861547,,953.6
11649,5.7,1,4,3,1,0.4902715121861547,,953.7
11650,-4.300000000000001,0,4,3,1,0.4902715121861547,,953.8
11651,-4.300000000000001,0,4,3,1,0.4902715121861547,,953.9
11652,-4.300000000000001,0,4,3,1,0.4902715121861547,,953.9
11653,-2.3000000000000003,0,4,3,1,0.4902715121861547,,954.0
11654,-2.3000000000000003,0,4,3,1,0.4902715121861547,,954.1
11655,-0.30000000000000004,0,4,3,1,0.4902715121861547,,954.1
11656,-2.3000000000000003,0,4,3,1,0.4902715121861547,,954.2
11657,-4.300000000000001,0,4,3,1,0.4902715121861547,,954.2
11658,-4.300000000000001,0,4,3,1,0.4902715121861547,,954.2
11659,-4.300000000000001,0,4,3,1,0.4902715121861547,,954.3
11660,-0.30000000000000004,0,4,3,1,0.4902715121861547,,954.3
11661,-4.300000000000001,0,4,3,1,0.4902715121861547,,954.4
11662,-4.300000000000001,0,4,3,1,0.4902715121861547,,954.4
11663,-4.300000000000001,0,4,3,1,0.4902715121861547,,954.5
11664,-4.300000000000001,0,4,3,1,0.4902715121861547,,954.5
11665,5.7,1,4,3,1,0.4902715121861547,,954.6
11666,-4.300000000000001,0,4,3,1,0.4902715121861547,,954.7
11667,-4.300000000000001,0,4,3,1,0.4902715121861547,,954.8
11668,5.7,1,4,3,1,0.4902715121861547,,954.8
11669,-4.300000000000001,0,4,3,1,0.4902715121861547,,954.9
11670,-2.3000000000000003,0,4,3,1,0.4902715121861547,,954.9
11671,-2.3000000000000003,0,4,3,1,0.4902715121861547,,955.0
11672,5.7,1,4,3,1,0.4902715121861547,,955.0
11673,-2.3000000000000003,0,4,3,1,0.4902715121861547,,955.1
11674,-2.3000000000000003,0,4,3,1,0.4902715121861547,,955.1
11675,-2.3000000000000003,0,4,3,1,0.4902715121861547,,955.2
11676,-4.300000000000001,0,4,3,1,0.4902715121861547,,955.2
11677,-4.300000000000001,0,4,3,1,0.4902715121861547,,955.3
11678,-0.30000000000000004,0,4,3,1,0.4902715121861547,,955.3
11679,-4.300000000000001,0,4,3,1,0.4902715121861547,,955.4
11680,-4.300000000000001,0,4,3,1,0.4902715121861547,,955.5
11681,-4.300000000000001,0,4,3,1,0.4902715121861547,,955.5
11682,-2.3000000000000003,0,4,3,1,0.4902715121861547,,955.6
11683,-4.300000000000001,0,4,3,1,0.4902715121861547,,955.7
11684,5.7,1,4,3,1,0.4902715121861547,,955.7
11685,-4.300000000000001,0,4,3,1,0.4902715121861547,,955.8
11686,-4.300000000000001,0,4,3,1,0.4902715121861547,,955.8
11687,-2.3000000000000003,0,4,3,1,0.4902715121861547,,955.8
11688,-4.300000000000001,0,4,3,1,0.4902715121861547,,955.9
11689,-2.3000000000000003,0,4,3,1,0.4902715121861547,,956.0
11690,-4.300000000000001,0,4,3,1,0.4902715121861547,,956.0
11691,-4.300000000000001,0,4,3,1,0.4902715121861547,,956.1
11692,5.7,1,4,3,1,0.4902715121861547,,956.1
11693,-4.300000000000001,0,4,3,1,0.4902715121861547,,956.2
11694,-4.300000000000001,0,4,3,1,0.4902715121861547,,956.2
11695,-4.300000000000001,0,4,3,1,0.4902715121861547,,956.3
11696,5.7,1,4,3,1,0.4902715121861547,,956.3
11697,5.7,1,4,3,1,0.4902715121861547,,956.4
11698,-0.30000000000000004,0,4,3,1,0.4902715121861547,,956.4
11699,-2.3000000000000003,0,4,3,1,0.4902715121861547,,956.5
11700,-4.300000000000001,0,4,3,1,0.4902715121861547,,956.6
11701,-2.3000000000000003,0,4,3,1,0.4902715121861547,,956.6
11702,-0.30000000000000004,0,4,3,1,0.4902715121861547,,956.7
11703,-4.300000000000001,0,4,3,1,0.4902715121861547,,956.8
11704,5.7,1,4,3,1,0.4902715121861547,,956.8
11705,-4.300000000000001,0,4,3,1,0.4902715121861547,,956.9
11706,-4.300000000000001,0,4,3,1,0.4902715121861547,,956.9
11707,-4.300000000000001,0,4,3,1,0.4902715121861547,,957.0
11708,-4.300000000000001,0,4,3,1,0.4902715121861547,,957.1
11709,-4.300000000000001,0,4,3,1,0.4902715121861547,,957.2
11710,-4.300000000000001,0,4,3,1,0.4902715121861547,,957.2
11711,-4.300000000000001,0,4,3,1,0.4902715121861547,,957.3
11712,-2.3000000000000003,0,4,3,1,0.4902715121861547,,957.4
11713,-0.30000000000000004,0,4,3,1,0.4902715121861547,,957.4
11714,-4.300000000000001,0,4,3,1,0.4902715121861547,,957.5
11715,-4.300000000000001,0,4,3,1,0.4902715121861547,,957.5
11716,-4.300000000000001,0,4,3,1,0.4902715121861547,,957.6
11717,-4.300000000000001,0,4,3,1,0.4902715121861547,,957.6
11718,5.7,1,4,3,1,0.4902715121861547,,957.7
11719,-4.300000000000001,0,4,3,1,0.4902715121861547,,957.7
11720,-2.3000000000000003,0,4,3,1,0.4902715121861547,,957.8
11721,-4.300000000000001,0,4,3,1,0.4902715121861547,,957.8
11722,-0.30000000000000004,0,4,3,1,0.4902715121861547,,957.9
11723,-4.300000000000001,0,4,3,1,0.4902715121861547,,958.0
11724,-2.3000000000000003,0,4,3,1,0.4902715121861547,,958.1
11725,5.7,1,4,3,1,0.4902715121861547,,958.2
11726,-4.300000000000001,0,4,3,1,0.4902715121861547,,958.3
11727,-0.30000000000000004,0,4,3,1,0.4902715121861547,,958.3
11728,-4.300000000000001,0,4,3,1,0.4902715121861547,,958.4
11729,-4.300000000000001,0,4,3,1,0.4902715121861547,,958.5
11730,-4.300000000000001,0,4,3,1,0.4902715121861547,,958.5
11731,5.7,1,4,3,1,0.4902715121861547,,958.5
11732,-4.300000000000001,0,4,3,1,0.4902715121861547,,958.6
11733,-2.3000000000000003,0,4,3,1,0.4902715121861547,,958.6
11734,-0.30000000000000004,0,4,3,1,0.4902715121861547,,958.7
11735,-4.300000000000001,0,4,3,1,0.4902715121861547,,958.8
11736,-2.3000000000000003,0,4,3,1,0.4902715121861547,,958.9
11737,-4.300000000000001,0,4,3,1,0.4902715121861547,,958.9
11738,5.7,1,4,3,1,0.4902715121861547,,959.0
11739,-4.300000000000001,0,4,3,1,0.4902715121861547,,959.1
11740,5.7,1,4,3,1,0.4902715121861547,,959.1
11741,-4.300000000000001,0,4,3,1,0.4902715121861547,,959.2
11742,-4.300000000000001,0,4,3,1,0.4902715121861547,,959.2
11743,-4.300000000000001,0,4,3,1,0.4902715121861547,,959.3
11744,5.7,1,4,3,1,0.4902715121861547,,959.4
11745,-2.3000000000000003,0,4,3,1,0.4902715121861547,,959.4
11746,-2.3000000000000003,0,4,3,1,0.4902715121861547,,959.4
11747,-4.300000000000001,0,4,3,1,0.4902715121861547,,959.5
11748,-4.300000000000001,0,4,3,1,0.4902715121861547,,959.6
11749,5.7,1,4,3,1,0.4902715121861547,,959.6
11750,5.7,1,4,3,1,0.4902715121861547,,959.7
11751,-4.300000000000001,0,4,3,1,0.4902715121861547,,959.8
11752,5.7,1,4,3,1,0.4902715121861547,,959.8
11753,-4.300000000000001,0,4,3,1,0.4902715121861547,,959.9
11754,5.7,1,4,3,1,0.4902715121861547,,960.0
11755,-0.30000000000000004,0,4,3,1,0.4902715121861547,,960.0
11756,5.7,1,4,3,1,0.4902715121861547,,960.0
11757,-2.3000000000000003,0,4,3,1,0.4902715121861547,,960.1
11758,-4.300000000000001,0,4,3,1,0.4902715121861547,,960.1
11759,5.7,1,4,3,1,0.4902715121861547,,960.2
11760,-4.300000000000001,0,4,3,1,0.4902715121861547,,960.2
11761,5.7,1,4,3,1,0.4902715121861547,,960.2
11762,5.7,1,4,3,1,0.4902715121861547,,960.3
11763,-4.300000000000001,0,4,3,1,0.4902715121861547,,960.3
11764,-4.300000000000001,0,4,3,1,0.4902715121861547,,960.4
11765,-2.3000000000000003,0,4,3,1,0.4902715121861547,,960.5
11766,-4.300000000000001,0,4,3,1,0.4902715121861547,,960.5
11767,-4.300000000000001,0,4,3,1,0.4902715121861547,,960.6
11768,-4.300000000000001,0,4,3,1,0.4902715121861547,,960.7
11769,-4.300000000000001,0,4,3,1,0.4902715121861547,,960.7
11770,-4.300000000000001,0,4,3,1,0.4902715121861547,,960.8
11771,-0.30000000000000004,0,4,3,1,0.4902715121861547,,960.9
11772,-4.300000000000001,0,4,3,1,0.4902715121861547,,961.0
11773,-4.300000000000001,0,4,3,1,0.4902715121861547,,961.0
11774,-4.300000000000001,0,4,3,1,0.4902715121861547,,961.1
11775,-4.300000000000001,0,4,3,1,0.4902715121861547,,961.2
11776,-2.6,0,6,3,1,0.4902715121861547,,961.3
11777,-4.300000000000001,0,4,3,1,0.4902715121861547,,961.3
11778,-2.3000000000000003,0,4,3,1,0.4902715121861547,,961.3
11779,-4.300000000000001,0,4,3,1,0.4902715121861547,,961.4
11780,5.7,1,4,3,1,0.4902715121861547,,961.4
11781,-4.300000000000001,0,4,3,1,0.4902715121861547,,961.4
11782,-4.300000000000001,0,4,3,1,0.4902715121861547,,961.5
11783,-4.300000000000001,0,4,3,1,0.4902715121861547,,961.6
11784,-0.30000000000000004,0,4,3,1,0.4902715121861547,,961.6
11785,-4.300000000000001,0,4,3,1,0.4902715121861547,,961.7
11786,-0.30000000000000004,0,4,3,1,0.4902715121861547,,961.8
11787,-2.3000000000000003,0,4,3,1,0.4902715121861547,,961.8
11788,-2.3000000000000003,0,4,3,1,0.4902715121861547,,961.9
11789,5.7,1,4,3,1,0.4902715121861547,,962.0
11790,-4.300000000000001,0,4,3,1,0.4902715121861547,,962.0
11791,5.7,1,4,3,1,0.4902715121861547,,962.1
11792,-4.300000000000001,0,4,3,1,0.4902715121861547,,962.1
11793,-4.300000000000001,0,4,3,1,0.4902715121861547,,962.2
11794,-4.300000000000001,0,4,3,1,0.4902715121861547,,962.3
11795,-4.300000000000001,0,4,3,1,0.4902715121861547,,962.3
11796,-4.300000000000001,0,4,3,1,0.4902715121861547,,962.3
11797,-4.300000000000001,0,4,3,1,0.4902715121861547,,962.4
11798,-4.300000000000001,0,4,3,1,0.4902715121861547,,962.4
11799,-0.30000000000000004,0,4,3,1,0.4902715121861547,,962.5
11800,-4.300000000000001,0,4,3,1,0.4902715121861547,,962.5
11801,-4.300000000000001,0,4,3,1,0.4902715121861547,,962.6
11802,-4.300000000000001,0,4,3,1,0.4902715121861547,,962.6
11803,-4.300000000000001,0,4,3,1,0.4902715121861547,,962.7
11804,-4.300000000000001,0,4,3,1,0.4902715121861547,,962.7
11805,-4.300000000000001,0,4,3,1,0.4902715121861547,,962.8
11806,-2.3000000000000003,0,4,3,1,0.4902715121861547,,962.9
11807,-4.300000000000001,0,4,3,1,0.4902715121861547,,962.9
11808,-4.300000000000001,0,4,3,1,0.4902715121861547,,963.0
11809,-4.300000000000001,0,4,3,1,0.4902715121861547,,963.0
11810,-2.3000000000000003,0,4,3,1,0.4902715121861547,,963.1
11811,-4.300000000000001,0,4,3,1,0.4902715121861547,,963.2
11812,-4.300000000000001,0,4,3,1,0.4902715121861547,,963.2
11813,-0.30000000000000004,0,4,3,1,0.4902715121861547,,963.3
11814,-4.300000000000001,0,4,3,1,0.4902715121861547,,963.3
11815,-4.300000000000001,0,4,3,1,0.4902715121861547,,963.4
11816,-4.300000000000001,0,4,3,1,0.4902715121861547,,963.5
11817,-4.300000000000001,0,4,3,1,0.4902715121861547,,963.5
11818,-4.300000000000001,0,4,3,1,0.4902715121861547,,963.6
11819,-2.3000000000000003,0,4,3,1,0.4902715121861547,,963.7
11820,-4.300000000000001,0,4,3,1,0.4902715121861547,,963.7
11821,-4.300000000000001,0,4,3,1,0.4902715121861547,,963.7
11822,5.7,1,4,3,1,0.4902715121861547,,963.8
11823,-0.30000000000000004,0,4,3,1,0.4902715121861547,,963.8
11824,-0.30000000000000004,0,4,3,1,0.4902715121861547,,963.9
11825,-4.300000000000001,0,4,3,1,0.4902715121861547,,964.0
11826,-4.300000000000001,0,4,3,1,0.4902715121861547,,964.0
11827,-4.300000000000001,0,4,3,1,0.4902715121861547,,964.1
11828,-4.300000000000001,0,4,3,1,0.4902715121861547,,964.1
11829,-2.3000000000000003,0,4,3,1,0.4902715121861547,,964.2
11830,-0.30000000000000004,0,4,3,1,0.4902715121861547,,964.2
11831,-0.30000000000000004,0,4,3,1,0.4902715121861547,,964.3
11832,-4.300000000000001,0,4,3,1,0.4902715121861547,,964.4
11833,-2.3000000000000003,0,4,3,1,0.4902715121861547,,964.5
11834,-4.300000000000001,0,4,3,1,0.4902715121861547,,964.6
11835,-4.300000000000001,0,4,3,1,0.4902715121861547,,964.6
11836,-4.300000000000001,0,4,3,1,0.4902715121861547,,964.7
11837,-0.30000000000000004,0,4,3,1,0.4902715121861547,,964.8
11838,-4.300000000000001,0,4,3,1,0.4902715121861547,,964.8
11839,-4.300000000000001,0,4,3,1,0.4902715121861547,,964.9
11840,-4.300000000000001,0,4,3,1,0.4902715121861547,,965.0
11841,-4.300000000000001,0,4,3,1,0.4902715121861547,,965.1
11842,-4.300000000000001,0,4,3,1,0.4902715121861547,,965.1
11843,-0.30000000000000004,0,4,3,1,0.4902715121861547,,965.2
11844,-4.300000000000001,0,4,3,1,0.4902715121861547,,965.2
11845,5.7,1,4,3,1,0.4902715121861547,,965.3
11846,-4.300000000000001,0,4,3,1,0.4902715121861547,,965.3
11847,-0.30000000000000004,0,4,3,1,0.4902715121861547,,965.4
11848,-4.300000000000001,0,4,3,1,0.4902715121861547,,965.5
11849,-2.3000000000000003,0,4,3,1,0.4902715121861547,,965.5
11850,-4.300000000000001,0,4,3,1,0.4902715121861547,,965.6
11851,-4.300000000000001,0,4,3,1,0.4902715121861547,,965.6
11852,-4.300000000000001,0,4,3,1,0.4902715121861547,,965.6
11853,-4.300000000000001,0,4,3,1,0.4902715121861547,,965.7
11854,-4.300000000000001,0,4,3,1,0.4902715121861547,,965.8
11855,-4.300000000000001,0,4,3,1,0.4902715121861547,,965.9
11856,5.7,1,4,3,1,0.4902715121861547,,965.9
11857,-4.300000000000001,0,4,3,1,0.4902715121861547,,966.0
11858,-4.300000000000001,0,4,3,1,0.4902715121861547,,966.0
11859,-4.300000000000001,0,4,3,1,0.4902715121861547,,966.1
11860,-4.300000000000001,0,4,3,1,0.4902715121861547,,966.2
11861,-4.300000000000001,0,4,3,1,0.4902715121861547,,966.2
11862,-0.30000000000000004,0,4,3,1,0.4902715121861547,,966.3
11863,5.7,1,4,3,1,0.4902715121861547,,966.3
11864,-4.300000000000001,0,4,3,1,0.4902715121861547,,966.4
11865,-0.30000000000000004,0,4,3,1,0.4902715121861547,,966.5
11866,-4.300000000000001,0,4,3,1,0.4902715121861547,,966.5
11867,-4.300000000000001,0,4,3,1,0.4902715121861547,,966.6
11868,-0.30000000000000004,0,4,3,1,0.4902715121861547,,966.7
11869,-4.300000000000001,0,4,3,1,0.4902715121861547,,966.7
11870,-4.300000000000001,0,4,3,1,0.4902715121861547,,966.8
11871,-4.300000000000001,0,4,3,1,0.4902715121861547,,966.8
11872,-4.300000000000001,0,4,3,1,0.4902715121861547,,966.9
11873,5.7,1,4,3,1,0.4902715121861547,,966.9
11874,-2.3000000000000003,0,4,3,1,0.4902715121861547,,967.0
11875,-4.300000000000001,0,4,3,1,0.4902715121861547,,967.0
11876,-4.300000000000001,0,4,3,1,0.4902715121861547,,967.0
11877,-4.300000000000001,0,4,3,1,0.4902715121861547,,967.1
11878,-4.300000000000001,0,4,3,1,0.4902715121861547,,967.1
11879,-2.3000000000000003,0,4,3,1,0.4902715121861547,,967.2
11880,-4.300000000000001,0,4,3,1,0.4902715121861547,,967.2
11881,-4.300000000000001,0,4,3,1,0.4902715121861547,,967.3
11882,-4.300000000000001,0,4,3,1,0.4902715121861547,,967.3
11883,-4.300000000000001,0,4,3,1,0.4902715121861547,,967.4
11884,-4.300000000000001,0,4,3,1,0.4902715121861547,,967.4
11885,-4.300000000000001,0,4,3,1,0.4902715121861547,,967.5
11886,5.7,1,4,3,1,0.4902715121861547,,967.5
11887,-4.300000000000001,0,4,3,1,0.4902715121861547,,967.6
11888,-4.300000000000001,0,4,3,1,0.4902715121861547,,967.7
11889,-4.300000000000001,0,4,3,1,0.4902715121861547,,967.7
11890,-2.3000000000000003,0,4,3,1,0.4902715121861547,,967.8
11891,-4.300000000000001,0,4,3,1,0.4902715121861547,,967.8
11892,-4.300000000000001,0,4,3,1,0.4902715121861547,,967.8
11893,-4.300000000000001,0,4,3,1,0.4902715121861547,,967.9
11894,-4.300000000000001,0,4,3,1,0.4902715121861547,,968.0
11895,-4.300000000000001,0,4,3,1,0.4902715121861547,,968.0
11896,-4.300000000000001,0,4,3,1,0.4902715121861547,,968.1
11897,5.7,1,4,3,1,0.4902715121861547,,968.1
11898,-0.30000000000000004,0,4,3,1,0.4902715121861547,,968.2
11899,-2.3000000000000003,0,4,3,1,0.4902715121861547,,968.3
11900,-4.300000000000001,0,4,3,1,0.4902715121861547,,968.3
11901,-2.3000000000000003,0,4,3,1,0.4902715121861547,,968.3
11902,-5.4,0,5,4,1,0.4902715121861547,,968.5
11903,-4.300000000000001,0,4,3,1,0.4902715121861547,,968.5
11904,-4.300000000000001,0,4,3,1,0.4902715121861547,,968.6
11905,-4.300000000000001,0,4,3,1,0.4902715121861547,,968.6
11906,5.7,1,4,3,1,0.4902715121861547,,968.7
11907,-4.300000000000001,0,4,3,1,0.4902715121861547,,968.7
11908,-4.300000000000001,0,4,3,1,0.4902715121861547,,968.8
11909,5.7,1,4,3,1,0.4902715121861547,,968.9
11910,-4.300000000000001,0,4,3,1,0.4902715121861547,,968.9
11911,-4.300000000000001,0,4,3,1,0.4902715121861547,,969.0
11912,-2.3000000000000003,0,4,3,1,0.4902715121861547,,969.0
11913,-4.300000000000001,0,4,3,1,0.4902715121861547,,969.0
11914,-2.3000000000000003,0,4,3,1,0.4902715121861547,,969.1
11915,-4.300000000000001,0,4,3,1,0.4902715121861547,,969.1
11916,5.7,1,4,3,1,0.4902715121861547,,969.2
11917,-0.30000000000000004,0,4,3,1,0.4902715121861547,,969.3
11918,-4.300000000000001,0,4,3,1,0.4902715121861547,,969.3
11919,5.7,1,4,3,1,0.4902715121861547,,969.4
11920,-2.3000000000000003,0,4,3,1,0.4902715121861547,,969.4
11921,-2.3000000000000003,0,4,3,1,0.4902715121861547,,969.5
11922,-4.300000000000001,0,4,3,1,0.4902715121861547,,969.6
11923,-2.3000000000000003,0,4,3,1,0.4902715121861547,,969.6
11924,-4.300000000000001,0,4,3,1,0.4902715121861547,,969.7
11925,-4.300000000000001,0,4,3,1,0.4902715121861547,,969.8
11926,-0.30000000000000004,0,4,3,1,0.4902715121861547,,969.8
11927,-4.300000000000001,0,4,3,1,0.4902715121861547,,969.9
11928,-0.30000000000000004,0,4,3,1,0.4902715121861547,,970.0
11929,-4.300000000000001,0,4,3,1,0.4902715121861547,,970.0
11930,-4.300000000000001,0,4,3,1,0.4902715121861547,,970.1
11931,-4.300000000000001,0,4,3,1,0.4902715121861547,,970.1
11932,-4.300000000000001,0,4,3,1,0.4902715121861547,,970.2
11933,-2.3000000000000003,0,4,3,1,0.4902715121861547,,970.3
11934,-4.300000000000001,0,4,3,1,0.4902715121861547,,970.3
11935,-4.300000000000001,0,4,3,1,0.4902715121861547,,970.4
11936,-4.300000000000001,0,4,3,1,0.4902715121861547,,970.5
11937,5.7,1,4,3,1,0.4902715121861547,,970.5
11938,-4.300000000000001,0,4,3,1,0.4902715121861547,,970.6
11939,-4.300000000000001,0,4,3,1,0.4902715121861547,,970.6
11940,-2.3000000000000003,0,4,3,1,0.4902715121861547,,970.7
11941,-2.3000000000000003,0,4,3,1,0.4902715121861547,,970.7
11942,-4.300000000000001,0,4,3,1,0.4902715121861547,,970.8
11943,-2.3000000000000003,0,4,3,1,0.4902715121861547,,970.9
11944,-4.300000000000001,0,4,3,1,0.4902715121861547,,971.0
11945,-4.300000000000001,0,4,3,1,0.4902715121861547,,971.0
11946,-4.300000000000001,0,4,3,1,0.4902715121861547,,971.1
11947,-4.300000000000001,0,4,3,1,0.4902715121861547,,971.2
11948,-4.300000000000001,0,4,3,1,0.4902715121861547,,971.2
11949,-2.3000000000000003,0,4,3,1,0.4902715121861547,,971.3
11950,-4.300000000000001,0,4,3,1,0.4902715121861547,,971.3
11951,-4.300000000000001,0,4,3,1,0.4902715121861547,,971.4
11952,-4.300000000000001,0,4,3,1,0.4902715121861547,,971.5
11953,-4.300000000000001,0,4,3,1,0.4902715121861547,,971.5
11954,-4.300000000000001,0,4,3,1,0.4902715121861547,,971.6
11955,-4.300000000000001,0,4,3,1,0.4902715121861547,,971.7
11956,5.7,1,4,3,1,0.4902715121861547,,971.8
11957,-4.300000000000001,0,4,3,1,0.4902715121861547,,971.8
11958,-4.300000000000001,0,4,3,1,0.4902715121861547,,971.9
11959,-4.300000000000001,0,4,3,1,0.4902715121861547,,971.9
11960,-2.3000000000000003,0,4,3,1,0.4902715121861547,,972.0
11961,-4.300000000000001,0,4,3,1,0.4902715121861547,,972.1
11962,-4.300000000000001,0,4,3,1,0.4902715121861547,,972.1
11963,-2.3000000000000003,0,4,3,1,0.4902715121861547,,972.1
11964,-0.30000000000000004,0,4,3,1,0.4902715121861547,,972.2
11965,5.7,1,4,3,1,0.4902715121861547,,972.2
11966,-4.300000000000001,0,4,3,1,0.4902715121861547,,972.3
11967,-4.300000000000001,0,4,3,1,0.4902715121861547,,972.4
11968,-4.300000000000001,0,4,3,1,0.4902715121861547,,972.5
11969,-4.300000000000001,0,4,3,1,0.4902715121861547,,972.5
11970,-4.300000000000001,0,4,3,1,0.4902715121861547,,972.6
11971,-4.300000000000001,0,4,3,1,0.4902715121861547,,972.6
11972,-4.300000000000001,0,4,3,1,0.4902715121861547,,972.7
11973,-4.300000000000001,0,4,3,1,0.4902715121861547,,972.7
11974,-2.3000000000000003,0,4,3,1,0.4902715121861547,,972.8
11975,-4.300000000000001,0,4,3,1,0.4902715121861547,,972.9
11976,5.7,1,4,3,1,0.4902715121861547,,972.9
11977,5.7,1,4,3,1,0.4902715121861547,,973.0
11978,-0.30000000000000004,0,4,3,1,0.4902715121861547,,973.0
11979,-4.300000000000001,0,4,3,1,0.4902715121861547,,973.1
11980,-4.300000000000001,0,4,3,1,0.4902715121861547,,973.1
11981,-2.3000000000000003,0,4,3,1,0.4902715121861547,,973.2
11982,-2.3000000000000003,0,4,3,1,0.4902715121861547,,973.3
11983,-4.300000000000001,0,4,3,1,0.4902715121861547,,973.4
11984,-4.300000000000001,0,4,3,1,0.4902715121861547,,973.4
11985,-4.300000000000001,0,4,3,1,0.4902715121861547,,973.5
11986,-4.300000000000001,0,4,3,1,0.4902715121861547,,973.6
11987,-0.30000000000000004,0,4,3,1,0.4902715121861547,,973.6
11988,-4.300000000000001,0,4,3,1,0.4902715121861547,,973.7
11989,-4.300000000000001,0,4,3,1,0.4902715121861547,,973.8
11990,-4.300000000000001,0,4,3,1,0.4902715121861547,,973.8
11991,-4.300000000000001,0,4,3,1,0.4902715121861547,,973.9
11992,-4.300000000000001,0,4,3,1,0.4902715121861547,,973.9
11993,-4.300000000000001,0,4,3,1,0.4902715121861547,,974.0
11994,-4.300000000000001,0,4,3,1,0.4902715121861547,,974.1
11995,5.7,1,4,3,1,0.4902715121861547,,974.1
11996,-2.3000000000000003,0,4,3,1,0.4902715121861547,,974.2
11997,-0.30000000000000004,0,4,3,1,0.4902715121861547,,974.2
11998,-4.300000000000001,0,4,3,1,0.4902715121861547,,974.2
11999,-4.300000000000001,0,4,3,1,0.4902715121861547,,974.3
