episode,return,success,steps,final_depth,committed,explore,loss,wall
0,-6.700000000000001,0,7,4,1,0.0,,0.7
1,-7.0,0,9,4,1,0.0,,0.9
2,-5.6000000000000005,0,6,3,1,0.0,,1.0
3,-6.700000000000001,0,7,4,1,0.0,,1.0
4,-5.4,0,5,4,1,0.0,,1.1
5,-8.500000000000002,0,12,3,1,0.0,,1.3
6,-4.300000000000001,0,4,3,1,0.0,,1.4
7,-5.4,0,5,4,1,0.0,,1.5
8,-5.7,0,7,4,1,0.0,,1.6
9,-2.7,0,7,4,1,0.0,,1.7
10,-6.000000000000001,0,9,4,1,0.0,,1.8
11,-8.600000000000001,0,12,4,0,0.0,,1.8
12,-1.4000000000000001,0,5,4,1,0.0,,1.9
13,-11.7,0,12,2,0,0.0,,2.0
14,-5.4,0,5,4,1,0.0,,2.1
15,-5.4,0,5,4,1,0.0,,2.2
16,-12.600000000000001,0,12,4,0,0.0,,2.4
17,-5.700000000000001,0,7,4,1,0.0,,2.5
18,-1.6,0,6,3,1,0.0,,2.6
19,-0.30000000000000004,0,4,3,1,0.0,,2.7
20,-6.000000000000001,0,9,4,1,0.0,,2.8
21,-6.700000000000001,0,7,4,1,0.0,,2.8
22,-6.700000000000001,0,7,4,1,0.0,,2.9
23,-11.7,0,12,2,0,0.0,,3.0
24,-3.4000000000000004,0,5,4,1,0.0,,3.2
25,-9.3,0,11,4,1,0.0,,3.3
26,-5.4,0,5,4,1,0.0,,3.4
27,0.6000000000000001,0,5,4,1,0.0,,3.5
28,-7.3,0,11,4,1,0.0,,3.6
29,-5.0,0,9,4,1,0.0,,3.7
30,-7.500000000000001,0,12,3,1,0.0,,3.8
31,-5.4,0,5,4,1,0.0,,3.9
32,-3.4000000000000004,0,5,4,1,0.0,,4.0
33,-5.4,0,5,4,1,0.0,,4.1
34,-6.700000000000001,0,7,4,1,0.0,,4.2
35,-5.7,0,7,4,1,0.0,,4.3
36,-5.4,0,5,4,1,0.0,,4.3
37,-4.300000000000001,0,4,3,1,0.0,,4.4
38,-10.700000000000001,0,12,2,0,0.0,,4.5
39,-8.0,0,9,4,1,0.0,,4.6
40,-5.7,0,7,4,1,0.0,,4.7
41,-6.900000000000001,0,8,3,1,0.0,,4.8
42,-5.4,0,5,4,1,0.0,,4.9
43,-3.7,0,7,4,1,0.0,,5.0
44,-3.3000000000000003,0,11,4,1,0.0,,5.2
45,-5.6000000000000005,0,6,3,1,0.0,,5.2
46,-5.4,0,5,4,1,0.0,,5.3
47,-3.0,0,9,4,1,0.0,,5.4
48,-6.0,0,9,4,1,0.0,,5.5
49,-7.6,0,12,4,0,0.0,,5.7
50,-1.0,0,9,4,1,0.0,,5.8
51,-5.4,0,5,4,1,0.0,,5.9
52,-7.600000000000001,0,12,4,0,0.0,,6.0
53,-5.000000000000001,0,9,4,1,0.0,,6.1
54,-7.0,0,9,4,1,0.0,,6.2
55,-8.000000000000002,0,9,4,1,0.0,,6.3
56,-1.7000000000000002,0,7,4,1,0.0,,6.5
57,-4.300000000000001,0,4,3,1,0.0,,6.6
58,-12.6,0,12,4,0,0.0,,6.7
59,-5.4,0,5,4,1,0.0,,6.8
60,-7.0,0,9,4,1,0.0,,6.9
61,-5.9,0,8,3,1,0.0,,7.0
62,-8.700000000000003,0,12,2,0,0.0,,7.2
63,-5.4,0,5,4,1,0.0,,7.3
64,-4.300000000000001,0,4,3,1,0.0,,7.3
65,-5.7,0,7,4,1,0.0,,7.4
66,-3.7000000000000006,0,7,4,1,0.0,,7.5
67,-5.4,0,5,4,1,0.0,,7.5
68,-8.6,0,12,4,0,0.0,,7.6
69,-8.0,0,9,4,1,0.0,,7.7
70,-7.0,0,9,4,1,0.0,,7.8
71,-4.300000000000001,0,4,3,1,0.0,,7.9
72,-5.4,0,5,4,1,0.0,,8.0
73,-5.6000000000000005,0,6,3,1,0.0,,8.1
74,-6.700000000000001,0,7,4,1,0.0,,8.2
75,-5.000000000000001,0,9,4,1,0.0,,8.3
76,-5.700000000000001,0,7,4,1,0.0,,8.4
77,-1.6,0,6,3,1,0.0,,8.5
78,-6.700000000000001,0,7,4,1,0.0,,8.6
79,-6.700000000000001,0,7,4,1,0.0,,8.7
80,-4.9,0,8,3,1,0.0,,8.8
81,-6.700000000000001,0,7,4,1,0.0,,9.0
82,-5.9,0,8,3,1,0.0,,9.0
83,-4.6000000000000005,0,6,3,1,0.0,,9.1
84,-5.500000000000001,0,12,3,1,0.0,,9.2
85,-6.700000000000001,0,7,4,1,0.0,,9.4
86,-3.4000000000000004,0,5,4,1,0.0,,9.5
87,-7.0,0,9,4,1,0.0,,9.6
88,-8.6,0,12,4,0,0.0,,9.7
89,-5.4,0,5,4,1,0.0,,9.8
90,-1.4000000000000001,0,5,4,1,0.0,,9.9
91,-6.900000000000001,0,8,3,1,0.0,,9.9
92,-6.700000000000001,0,7,4,1,0.0,,10.0
93,-6.900000000000001,0,8,3,1,0.0,,10.1
94,-9.3,0,11,4,1,0.0,,10.2
95,-3.6000000000000005,0,6,3,1,0.0,,10.3
96,-11.600000000000001,0,12,4,0,0.0,,10.5
97,-2.7,0,7,4,1,0.0,,10.6
98,-6.000000000000001,0,9,4,1,0.0,,10.7
99,-6.300000000000001,0,11,4,1,0.0,,10.7
100,-5.6000000000000005,0,6,3,1,0.0,,10.8
101,-6.0,0,9,4,1,0.0,,10.9
102,-6.700000000000001,0,12,2,0,0.0,,11.0
103,-4.300000000000001,0,4,3,1,0.0,,11.1
104,-11.600000000000001,0,12,4,0,0.0,,11.2
105,-3.6,0,6,3,1,0.0,,11.3
106,-6.200000000000001,0,10,3,1,0.0,,11.4
107,-5.4,0,5,4,1,0.0,,11.5
108,-4.700000000000001,0,7,4,1,0.0,,11.6
109,-6.300000000000001,0,11,4,1,0.0,,11.7
110,-8.3,0,11,4,1,0.0,,11.8
111,-6.700000000000001,0,7,4,1,0.0,,11.9
112,-8.3,0,11,4,1,0.0,,12.0
113,-5.4,0,5,4,1,0.0,,12.1
114,-3.9000000000000004,0,8,3,1,0.0,,12.2
115,-6.000000000000001,0,9,4,1,0.0,,12.3
116,-5.4,0,5,4,1,0.0,,12.4
117,-3.9000000000000004,0,8,3,1,0.0,,12.5
118,-6.700000000000001,0,7,4,1,0.0,,12.6
119,-5.0,0,9,4,1,0.0,,12.8
120,-4.300000000000001,0,4,3,1,0.0,,12.9
121,-6.2,0,10,3,1,0.0,,13.0
122,-4.300000000000001,0,4,3,1,0.0,,13.0
123,-8.3,0,11,4,1,0.0,,13.1
124,-8.3,0,11,4,1,0.0,,13.2
125,-5.4,0,5,4,1,0.0,,13.3
126,-8.0,0,9,4,1,0.0,,13.4
127,-7.700000000000001,0,12,2,0,0.0,,13.5
128,-6.700000000000001,0,7,4,1,0.0,,13.6
129,-3.6,0,6,3,1,0.0,,13.8
130,-5.6000000000000005,0,6,3,1,0.0,,13.9
131,-3.4000000000000004,0,5,4,1,0.0,,14.0
132,-5.4,0,5,4,1,0.0,,14.1
133,-5.4,0,5,4,1,0.0,,14.2
134,-3.6000000000000005,0,6,3,1,0.0,,14.3
135,-7.0,0,9,4,1,0.0,,14.4
136,-5.6000000000000005,0,6,3,1,0.0,,14.5
137,-6.900000000000001,0,8,3,1,0.0,,14.6
138,-4.300000000000001,0,4,3,1,0.0,,14.6
139,-1.6,0,6,3,1,0.0,,14.7
140,-8.3,0,11,4,1,0.0,,14.8
141,-5.6000000000000005,0,6,3,1,0.0,,14.9
142,-6.700000000000001,0,7,4,1,0.0,,15.0
143,-9.3,0,11,4,1,0.0,,15.2
144,-5.0,0,9,4,1,0.0,,15.3
145,-2.6,0,6,3,1,0.0,,15.4
146,-8.0,0,9,4,1,0.0,,15.5
147,-6.700000000000001,0,7,4,1,0.0,,15.6
148,-4.700000000000001,0,7,4,1,0.0,,15.7
149,-5.4,0,5,4,1,0.0,,15.8
150,-6.700000000000001,0,7,4,1,0.0,,15.9
151,-5.700000000000001,0,7,4,1,0.0,,16.0
152,-11.600000000000001,0,12,4,0,0.0,,16.1
153,-7.0,0,9,4,1,0.0,,16.2
154,-6.700000000000001,0,7,4,1,0.0,,16.3
155,-5.4,0,5,4,1,0.0,,16.4
156,-5.6000000000000005,0,6,3,1,0.0,,16.5
157,-2.3000000000000003,0,4,3,1,0.0,,16.6
158,-5.4,0,5,4,1,0.0,,16.7
159,-4.300000000000001,0,11,4,1,0.0,,16.8
160,-7.200000000000001,0,10,3,1,0.0,,16.9
161,-5.4,0,5,4,1,0.0,,16.9
162,-6.700000000000001,0,7,4,1,0.0,,17.0
163,-5.4,0,5,4,1,0.0,,17.1
164,-5.4,0,5,4,1,0.0,,17.2
165,-8.000000000000002,0,9,4,1,0.0,,17.3
166,-4.700000000000001,0,7,4,1,0.0,,17.4
167,-7.000000000000002,0,9,4,1,0.0,,17.5
168,-6.700000000000001,0,7,4,1,0.0,,17.6
169,-4.300000000000001,0,4,3,1,0.0,,17.6
170,-3.9000000000000004,0,8,3,1,0.0,,17.7
171,-4.700000000000001,0,7,4,1,0.0,,17.8
172,-6.9,0,8,3,1,0.0,,17.9
173,-6.700000000000001,0,7,4,1,0.0,,18.0
174,-4.300000000000001,0,4,3,1,0.0,,18.1
175,-4.9,0,8,3,1,0.0,,18.2
176,-5.7,0,7,4,1,0.0,,18.3
177,-5.7,0,7,4,1,0.0,,18.4
178,-4.300000000000001,0,4,3,1,0.0,,18.4
179,-7.6,0,12,4,0,0.0,,18.6
180,-5.6000000000000005,0,6,3,1,0.0,,18.6
181,-5.4,0,5,4,1,0.0,,18.7
182,-9.700000000000001,0,12,2,0,0.0,,18.9
183,-4.300000000000001,0,4,3,1,0.0,,18.9
184,-2.7,0,7,4,1,0.0,,19.0
185,-4.7,0,7,4,1,0.0,,19.1
186,-7.000000000000001,0,9,4,1,0.0,,19.2
187,-5.4,0,5,4,1,0.0,,19.3
188,-6.700000000000001,0,7,4,1,0.0,,19.4
189,-7.300000000000001,0,11,4,1,0.0,,19.5
190,-4.300000000000001,0,4,3,1,0.0,,19.5
191,-5.4,0,5,4,1,0.0,,19.6
192,-5.4,0,5,4,1,0.0,,19.7
193,-5.6000000000000005,0,6,3,1,0.0,,19.8
194,-6.9,0,8,3,1,0.0,,19.9
195,-3.4000000000000004,0,5,4,1,0.0,,20.0
196,-6.700000000000001,0,7,4,1,0.0,,20.1
197,-5.4,0,5,4,1,0.0,,20.2
198,-4.700000000000001,0,7,4,1,0.0,,20.2
199,-7.000000000000002,0,9,4,1,0.0,,20.4
200,-4.300000000000001,0,4,3,1,0.0,,20.4
201,-0.30000000000000004,0,4,3,1,0.0,,20.5
202,-8.000000000000002,0,9,4,1,0.0,,20.6
203,-1.0,0,9,4,1,0.0,,20.8
204,-5.4,0,5,4,1,0.0,,20.9
205,-7.000000000000001,0,9,4,1,0.0,,21.0
206,-5.4,0,5,4,1,0.0,,21.0
207,-4.6000000000000005,0,6,3,1,0.0,,21.2
208,-6.700000000000001,0,7,4,1,0.0,,21.2
209,-3.4000000000000004,0,5,4,1,0.0,,21.3
210,-1.4000000000000001,0,5,4,1,0.0,,21.4
211,-5.4,0,5,4,1,0.0,,21.5
212,-8.000000000000002,0,9,4,1,0.0,,21.7
213,-7.0,0,9,4,1,0.0,,21.8
214,-1.6,0,6,3,1,0.0,,21.9
215,-5.7,0,7,4,1,0.0,,22.0
216,-6.700000000000001,0,7,4,1,0.0,,22.0
217,-7.3,0,11,4,1,0.0,,22.1
218,-4.6,0,6,3,1,0.0,,22.2
219,-5.4,0,5,4,1,0.0,,22.3
220,-4.300000000000001,0,4,3,1,0.0,,22.4
221,-5.4,0,5,4,1,0.0,,22.5
222,-5.600000000000001,0,12,4,0,0.0,,22.6
223,-3.6000000000000005,0,6,3,1,0.0,,22.6
224,-2.0,0,9,4,1,0.0,,22.7
225,-5.4,0,5,4,1,0.0,,22.8
226,-9.8,0,12,0,0,0.0,,22.9
227,-5.4,0,5,4,1,0.0,,23.0
228,-6.700000000000001,0,7,4,1,0.0,,23.2
229,-8.3,0,11,4,1,0.0,,23.3
230,-6.300000000000001,0,11,4,1,0.0,,23.4
231,-5.4,0,5,4,1,0.0,,23.5
232,-9.3,0,11,4,1,0.0,,23.6
233,-7.300000000000001,0,11,4,1,0.0,,23.7
234,-6.700000000000001,0,7,4,1,0.0,,23.9
235,-5.4,0,5,4,1,0.0,,23.9
236,-2.7,0,7,4,1,0.0,,24.0
237,-8.000000000000002,0,9,4,1,0.0,,24.2
238,-7.6,0,12,4,0,0.0,,24.2
239,-5.000000000000001,0,9,4,1,0.0,,24.3
240,-5.700000000000001,0,7,4,1,0.0,,24.4
241,-5.4,0,5,4,1,0.0,,24.6
242,-4.300000000000001,0,4,3,1,0.0,,24.7
243,-8.000000000000002,0,9,4,1,0.0,,24.8
244,-2.7,0,7,4,1,0.0,,24.9
245,-4.300000000000001,0,4,3,1,0.0,,24.9
246,-5.4,0,5,4,1,0.0,,25.1
247,-5.7,0,7,4,1,0.0,,25.2
248,-6.300000000000001,0,11,4,1,0.0,,25.2
249,-3.6000000000000005,0,6,3,1,0.0,,25.3
250,-6.700000000000001,0,7,4,1,0.0,,25.4
251,-5.7,0,7,4,1,0.0,,25.6
252,-4.300000000000001,0,4,3,1,0.0,,25.6
253,-3.4000000000000004,0,5,4,1,0.0,,25.7
254,-4.300000000000001,0,4,3,1,0.0,,25.8
255,-5.000000000000001,0,9,4,1,0.0,,25.9
256,-5.6000000000000005,0,6,3,1,0.0,,26.0
257,-5.4,0,5,4,1,0.0,,26.1
258,-6.700000000000001,0,7,4,1,0.0,,26.2
259,-5.9,0,8,3,1,0.0,,26.2
260,-8.0,0,9,4,1,0.0,,26.4
261,-9.5,0,12,3,1,0.0,,26.5
262,-10.600000000000001,0,12,4,0,0.0,,26.6
263,-6.9,0,8,3,1,0.0,,26.7
264,-6.9,0,8,3,1,0.0,,26.8
265,-6.700000000000001,0,7,4,1,0.0,,26.9
266,-6.000000000000001,0,9,4,1,0.0,,27.0
267,-3.4000000000000004,0,5,4,1,0.0,,27.1
268,-6.700000000000001,0,7,4,1,0.0,,27.2
269,-7.0,0,9,4,1,0.0,,27.3
270,-11.6,0,12,4,0,0.0,,27.5
271,-5.4,0,5,4,1,0.0,,27.6
272,-5.4,0,5,4,1,0.0,,27.7
273,-5.4,0,5,4,1,0.0,,27.8
274,-6.700000000000001,0,7,4,1,0.0,,27.9
275,-8.3,0,11,4,1,0.0,,28.0
276,-6.300000000000001,0,11,4,1,1.4570999229326844,0.6740860509453341,29.0
277,-6.900000000000001,0,8,3,1,1.4570999229326844,,29.1
278,0.9999999999999996,0,9,4,1,1.4570999229326844,,29.2
279,-5.4,0,5,4,1,1.4570999229326844,,29.4
280,-9.6,0,12,4,0,1.4570999229326844,,29.5
281,-5.4,0,5,4,1,1.4570999229326844,,29.5
282,-7.000000000000001,0,9,4,1,1.4570999229326844,,29.7
283,-5.4,0,5,4,1,1.4570999229326844,,29.7
284,-0.30000000000000004,0,4,3,1,1.4570999229326844,,29.8
285,-1.4000000000000001,0,5,4,1,1.4570999229326844,,29.9
286,-5.4,0,5,4,1,1.4570999229326844,,30.0
287,-6.700000000000001,0,12,2,0,1.4570999229326844,,30.1
288,-6.700000000000001,0,7,4,1,1.4570999229326844,,30.2
289,-3.9000000000000004,0,8,3,1,1.4570999229326844,,30.3
290,-4.300000000000001,0,4,3,1,1.4570999229326844,,30.3
291,-6.700000000000001,0,12,2,0,1.4570999229326844,,30.5
292,-5.4,0,5,4,1,1.4570999229326844,,30.5
293,-5.4,0,5,4,1,1.4570999229326844,,30.6
294,-5.4,0,5,4,1,1.4570999229326844,,30.7
295,-5.4,0,5,4,1,1.4570999229326844,,30.8
296,-3.4000000000000004,0,5,4,1,1.4570999229326844,,30.9
297,-7.0,0,9,4,1,1.4570999229326844,,31.0
298,-9.6,0,12,4,0,1.4570999229326844,,31.1
299,-8.000000000000002,0,9,4,1,1.4570999229326844,,31.2
300,-5.4,0,5,4,1,1.4570999229326844,,31.2
301,-5.7,0,7,4,1,1.4570999229326844,,31.3
302,-2.3000000000000003,0,4,3,1,1.4570999229326844,,31.4
303,-4.300000000000001,0,4,3,1,1.4570999229326844,,31.5
304,-5.4,0,5,4,1,1.4570999229326844,,31.6
305,-4.700000000000001,0,7,4,1,1.4570999229326844,,31.7
306,-3.4000000000000004,0,5,4,1,1.4570999229326844,,31.7
307,-6.0,0,9,4,1,1.4570999229326844,,31.8
308,-8.3,0,11,4,1,1.4570999229326844,,32.0
309,-5.7,0,7,4,1,1.4570999229326844,,32.1
310,-8.200000000000001,0,10,3,1,1.4570999229326844,,32.2
311,-5.6000000000000005,0,6,3,1,1.4570999229326844,,32.3
312,-5.4,0,5,4,1,1.4570999229326844,,32.4
313,-8.200000000000003,0,10,3,1,1.4570999229326844,,32.5
314,-4.7,0,7,4,1,1.4570999229326844,,32.5
315,-5.700000000000001,0,7,4,1,1.4570999229326844,,32.6
316,-5.4,0,5,4,1,1.4570999229326844,,32.7
317,-5.6000000000000005,0,6,3,1,1.4570999229326844,,32.8
318,-5.4,0,5,4,1,1.4570999229326844,,32.9
319,-9.500000000000002,0,12,3,1,1.4570999229326844,,33.0
320,-4.300000000000001,0,11,4,1,1.4570999229326844,,33.1
321,-4.300000000000001,0,4,3,1,1.4570999229326844,,33.2
322,-3.9000000000000004,0,8,3,1,1.4570999229326844,,33.3
323,-6.700000000000001,0,7,4,1,1.4570999229326844,,33.5
324,-2.3000000000000003,0,4,3,1,1.4570999229326844,,33.5
325,-8.0,0,9,4,1,1.4570999229326844,,33.7
326,-5.4,0,5,4,1,1.4570999229326844,,33.8
327,-3.4000000000000004,0,5,4,1,1.4570999229326844,,33.9
328,-8.3,0,11,4,1,1.4570999229326844,,34.0
329,-6.300000000000001,0,11,4,1,1.4570999229326844,,34.1
330,-7.300000000000001,0,11,4,1,1.4570999229326844,,34.2
331,-5.4,0,5,4,1,1.4570999229326844,,34.3
332,-6.700000000000001,0,7,4,1,1.4570999229326844,,34.4
333,-0.30000000000000004,0,4,3,1,1.4570999229326844,,34.5
334,-7.0,0,9,4,1,1.4570999229326844,,34.6
335,-5.6000000000000005,0,6,3,1,1.4570999229326844,,34.7
336,-3.6000000000000005,0,6,3,1,1.4570999229326844,,34.9
337,-9.7,0,12,2,0,1.4570999229326844,,35.0
338,-3.6000000000000005,0,6,3,1,1.4570999229326844,,35.1
339,-6.000000000000001,0,9,4,1,1.4570999229326844,,35.2
340,-5.6000000000000005,0,6,3,1,1.4570999229326844,,35.2
341,-5.4,0,5,4,1,1.4570999229326844,,35.3
342,-5.7,0,7,4,1,1.4570999229326844,,35.4
343,-4.300000000000001,0,4,3,1,1.4570999229326844,,35.5
344,-7.500000000000001,0,12,3,1,1.4570999229326844,,35.6
345,-5.4,0,5,4,1,1.4570999229326844,,35.7
346,-3.6000000000000005,0,6,3,1,1.4570999229326844,,35.8
347,-3.900000000000001,0,8,3,1,1.4570999229326844,,35.9
348,-4.300000000000001,0,4,3,1,1.4570999229326844,,36.0
349,-6.700000000000001,0,7,4,1,1.4570999229326844,,36.1
350,-6.900000000000001,0,8,3,1,1.4570999229326844,,36.2
351,-6.900000000000001,0,8,3,1,1.4570999229326844,,36.3
352,-1.4000000000000001,0,5,4,1,1.4570999229326844,,36.4
353,-5.4,0,5,4,1,1.4570999229326844,,36.4
354,-5.4,0,5,4,1,1.4570999229326844,,36.5
355,-4.300000000000001,0,4,3,1,1.4570999229326844,,36.6
356,-6.700000000000001,0,7,4,1,1.4570999229326844,,36.7
357,-5.6000000000000005,0,6,3,1,1.4570999229326844,,36.8
358,-5.4,0,5,4,1,1.4570999229326844,,36.9
359,-5.0,0,9,4,1,1.4570999229326844,,37.0
360,-5.6000000000000005,0,6,3,1,1.4570999229326844,,37.1
361,-7.500000000000001,0,12,3,1,1.4570999229326844,,37.2
362,-4.300000000000001,0,4,3,1,1.4570999229326844,,37.2
363,-6.700000000000001,0,7,4,1,1.4570999229326844,,37.3
364,-5.6000000000000005,0,6,3,1,1.4570999229326844,,37.4
365,-8.299999999999999,0,11,4,1,1.4570999229326844,,37.5
366,-4.9,0,8,3,1,1.4570999229326844,,37.6
367,-1.6,0,6,3,1,1.4570999229326844,,37.7
368,-7.0,0,9,4,1,1.4570999229326844,,37.8
369,-5.4,0,5,4,1,1.4570999229326844,,37.9
370,-5.6000000000000005,0,6,3,1,1.4570999229326844,,38.0
371,-3.6000000000000005,0,6,3,1,1.4570999229326844,,38.1
372,-7.000000000000001,0,9,4,1,1.4570999229326844,,38.2
373,-4.9,0,8,3,1,1.4570999229326844,,38.3
374,-4.6000000000000005,0,6,3,1,1.4570999229326844,,38.4
375,-4.300000000000001,0,4,3,1,1.4570999229326844,,38.5
376,-4.300000000000001,0,4,3,1,1.4570999229326844,,38.6
377,-4.300000000000001,0,4,3,1,1.4570999229326844,,38.7
378,-3.4000000000000004,0,5,4,1,1.4570999229326844,,38.8
379,-5.4,0,5,4,1,1.4570999229326844,,38.9
380,-4.7,0,7,4,1,1.4570999229326844,,39.0
381,-9.3,0,11,4,1,1.4570999229326844,,39.2
382,-5.4,0,5,4,1,1.4570999229326844,,39.2
383,-8.3,0,11,4,1,1.4570999229326844,,39.4
384,-4.300000000000001,0,4,3,1,1.4570999229326844,,39.5
385,-4.300000000000001,0,4,3,1,1.4570999229326844,,39.5
386,-5.4,0,5,4,1,1.4570999229326844,,39.7
387,-5.4,0,5,4,1,1.4570999229326844,,39.8
388,-4.300000000000001,0,4,3,1,1.4570999229326844,,39.8
389,-5.4,0,5,4,1,1.4570999229326844,,39.9
390,-3.6000000000000005,0,6,3,1,1.4570999229326844,,40.0
391,-5.300000000000001,0,11,4,1,1.4570999229326844,,40.2
392,-5.6000000000000005,0,6,3,1,1.4570999229326844,,40.3
393,-6.700000000000001,0,7,4,1,1.4570999229326844,,40.4
394,-5.4,0,5,4,1,1.4570999229326844,,40.6
395,-4.700000000000001,0,7,4,1,1.4570999229326844,,40.6
396,-3.6,0,6,3,1,1.4570999229326844,,40.7
397,-3.4000000000000004,0,5,4,1,1.4570999229326844,,40.8
398,-6.700000000000001,0,7,4,1,1.4570999229326844,,40.9
399,-5.4,0,5,4,1,1.4570999229326844,,41.0
400,-3.0,0,9,4,1,1.4570999229326844,,41.1
401,-5.4,0,5,4,1,1.4570999229326844,,41.1
402,-10.700000000000001,0,12,2,0,1.4570999229326844,,41.2
403,-3.4000000000000004,0,5,4,1,1.4570999229326844,,41.3
404,-4.300000000000001,0,4,3,1,1.4570999229326844,,41.4
405,-4.700000000000001,0,7,4,1,1.4570999229326844,,41.6
406,-4.300000000000001,0,4,3,1,1.4570999229326844,,41.7
407,-5.4,0,5,4,1,1.4570999229326844,,41.8
408,-6.700000000000001,0,7,4,1,1.4570999229326844,,41.9
409,-6.700000000000001,0,7,4,1,1.4570999229326844,,42.0
410,-5.4,0,5,4,1,1.4570999229326844,,42.1
411,-6.700000000000001,0,7,4,1,1.4570999229326844,,42.2
412,-4.300000000000001,0,4,3,1,1.4570999229326844,,42.2
413,-1.4000000000000001,0,5,4,1,1.4570999229326844,,42.3
414,-4.300000000000001,0,4,3,1,1.4570999229326844,,42.4
415,-5.4,0,5,4,1,1.4570999229326844,,42.5
416,-4.9,0,8,3,1,1.4570999229326844,,42.6
417,-8.0,0,9,4,1,1.4570999229326844,,42.7
418,-6.700000000000001,0,7,4,1,1.4570999229326844,,42.8
419,-2.3000000000000003,0,4,3,1,1.4570999229326844,,42.9
420,-7.200000000000001,0,10,3,1,1.4570999229326844,,43.0
421,-3.4000000000000004,0,5,4,1,1.4570999229326844,,43.0
422,-5.6000000000000005,0,6,3,1,1.4570999229326844,,43.1
423,-3.6000000000000005,0,6,3,1,1.4570999229326844,,43.2
424,-6.0,0,9,4,1,1.4570999229326844,,43.3
425,-3.4000000000000004,0,5,4,1,1.4570999229326844,,43.5
426,-8.000000000000002,0,9,4,1,1.4570999229326844,,43.6
427,-8.200000000000001,0,10,3,1,1.4570999229326844,,43.7
428,-6.700000000000001,0,7,4,1,1.4570999229326844,,43.8
429,-8.5,0,12,3,1,1.4570999229326844,,43.9
430,-3.4000000000000004,0,5,4,1,1.4570999229326844,,44.0
431,-9.600000000000001,0,12,4,0,1.4570999229326844,,44.2
432,-6.700000000000001,0,7,4,1,1.4570999229326844,,44.3
433,-4.700000000000001,0,7,4,1,1.4570999229326844,,44.4
434,-4.300000000000001,0,4,3,1,1.4570999229326844,,44.5
435,-7.000000000000001,0,9,4,1,1.4570999229326844,,44.6
436,-12.600000000000001,0,12,4,0,1.4570999229326844,,44.8
437,-5.6000000000000005,0,6,3,1,1.4570999229326844,,44.9
438,-5.7,0,7,4,1,1.4570999229326844,,45.0
439,-6.700000000000001,0,7,4,1,1.4570999229326844,,45.1
440,-5.9,0,8,3,1,1.4570999229326844,,45.2
441,-0.30000000000000004,0,4,3,1,1.4570999229326844,,45.3
442,-8.3,0,11,4,1,1.4570999229326844,,45.4
443,-9.600000000000001,0,12,4,0,1.4570999229326844,,45.5
444,-8.3,0,11,4,1,1.4570999229326844,,45.6
445,-7.0,0,9,4,1,1.4570999229326844,,45.7
446,-6.700000000000001,0,7,4,1,1.4570999229326844,,45.8
447,-5.4,0,5,4,1,1.4570999229326844,,46.0
448,-5.4,0,5,4,1,1.4570999229326844,,46.1
449,-6.300000000000001,0,11,4,1,1.4570999229326844,,46.2
450,5.7,1,4,3,1,1.4570999229326844,,46.3
451,-4.7,0,7,4,1,1.4570999229326844,,46.4
452,-2.7,0,7,4,1,1.4570999229326844,,46.4
453,-5.4,0,5,4,1,1.4570999229326844,,46.5
454,-11.600000000000001,0,12,4,0,1.4570999229326844,,46.6
455,-10.600000000000001,0,12,4,0,1.4570999229326844,,46.8
456,-8.3,0,11,4,1,1.4570999229326844,,47.0
457,-1.4000000000000001,0,5,4,1,1.4570999229326844,,47.0
458,-7.300000000000001,0,11,4,1,1.4570999229326844,,47.2
459,-4.300000000000001,0,4,3,1,1.4570999229326844,,47.2
460,-5.9,0,8,3,1,1.4570999229326844,,47.3
461,-6.000000000000001,0,9,4,1,1.4570999229326844,,47.5
462,-5.4,0,5,4,1,1.4570999229326844,,47.5
463,-9.6,0,12,4,0,1.4570999229326844,,47.7
464,-6.0,0,9,4,1,1.4570999229326844,,47.8
465,-5.6000000000000005,0,6,3,1,1.4570999229326844,,47.9
466,-1.2000000000000002,0,10,3,1,1.4570999229326844,,48.0
467,-7.6,0,12,4,0,1.4570999229326844,,48.1
468,-4.6,0,6,3,1,1.4570999229326844,,48.2
469,-4.300000000000001,0,4,3,1,1.4570999229326844,,48.3
470,-5.4,0,5,4,1,1.4570999229326844,,48.4
471,-5.4,0,5,4,1,1.4570999229326844,,48.4
472,-5.6000000000000005,0,6,3,1,1.4570999229326844,,48.6
473,-6.700000000000001,0,7,4,1,1.4570999229326844,,48.7
474,-4.300000000000001,0,4,3,1,1.4570999229326844,,48.8
475,-5.4,0,5,4,1,1.4570999229326844,,48.8
476,-5.000000000000001,0,9,4,1,1.4570999229326844,,48.9
477,-6.700000000000001,0,7,4,1,1.4570999229326844,,49.1
478,-5.4,0,5,4,1,1.4570999229326844,,49.2
479,-5.4,0,5,4,1,1.4570999229326844,,49.3
480,-8.000000000000002,0,9,4,1,1.4570999229326844,,49.4
481,-5.4,0,5,4,1,1.4570999229326844,,49.5
482,-4.300000000000001,0,4,3,1,1.4570999229326844,,49.6
483,-5.4,0,5,4,1,1.4570999229326844,,49.7
484,-7.3,0,11,4,1,1.4570999229326844,,49.8
485,-5.4,0,5,4,1,1.4570999229326844,,49.9
486,-5.4,0,5,4,1,1.4570999229326844,,50.0
487,-5.300000000000001,0,11,4,1,1.4570999229326844,,50.1
488,-9.6,0,12,4,0,1.4570999229326844,,50.2
489,-5.4,0,5,4,1,1.4570999229326844,,50.3
490,-5.4,0,5,4,1,1.4570999229326844,,50.4
491,-4.300000000000001,0,4,3,1,1.4570999229326844,,50.4
492,-3.4000000000000004,0,5,4,1,1.4570999229326844,,50.5
493,-5.4,0,5,4,1,1.4570999229326844,,50.5
494,-5.9,0,8,3,1,1.4570999229326844,,50.6
495,-4.200000000000001,0,10,3,1,1.4570999229326844,,50.7
496,-5.9,0,8,3,1,1.4570999229326844,,50.8
497,-5.7,0,7,4,1,1.4570999229326844,,50.9
498,-7.300000000000001,0,11,4,1,1.4570999229326844,,51.1
499,-4.300000000000001,0,4,3,1,1.4570999229326844,,51.2
500,-3.4000000000000004,0,5,4,1,1.4570999229326844,,51.3
501,-0.30000000000000004,0,4,3,1,1.4570999229326844,,59.8
502,-5.7,0,7,4,1,1.4570999229326844,,60.0
503,-6.700000000000001,0,7,4,1,1.4570999229326844,,60.1
504,-5.4,0,5,4,1,1.4570999229326844,,60.2
505,-7.0,0,9,4,1,1.4570999229326844,,60.3
506,-7.7,0,12,2,0,1.4570999229326844,,60.4
507,-7.3,0,11,4,1,1.4570999229326844,,60.5
508,-5.6000000000000005,0,6,3,1,1.4570999229326844,,60.6
509,-7.200000000000001,0,10,3,1,1.4570999229326844,,60.7
510,-7.0,0,9,4,1,1.4570999229326844,,60.8
511,-5.900000000000001,0,8,3,1,1.4570999229326844,,60.9
512,-4.300000000000001,0,4,3,1,1.4570999229326844,,60.9
513,-6.700000000000001,0,7,4,1,1.4570999229326844,,61.0
514,-4.300000000000001,0,4,3,1,1.4570999229326844,,61.1
515,-4.6000000000000005,0,6,3,1,1.4570999229326844,,61.2
516,-5.6000000000000005,0,6,3,1,1.4570999229326844,,61.3
517,-5.6000000000000005,0,6,3,1,1.4570999229326844,,61.4
518,-6.700000000000001,0,7,4,1,1.4570999229326844,,61.5
519,-5.4,0,5,4,1,1.4570999229326844,,61.6
520,-5.4,0,5,4,1,1.4570999229326844,,61.7
521,-3.4000000000000004,0,5,4,1,1.4570999229326844,,61.7
522,-3.0,0,9,4,1,1.4570999229326844,,61.8
523,-6.700000000000001,0,7,4,1,1.4570999229326844,,61.9
524,-7.300000000000001,0,11,4,1,1.4570999229326844,,62.1
525,-5.6000000000000005,0,6,3,1,1.4570999229326844,,62.2
526,-5.4,0,5,4,1,1.4570999229326844,,62.3
527,-6.700000000000001,0,7,4,1,1.4570999229326844,,62.4
528,-6.200000000000001,0,10,3,1,1.4570999229326844,,62.4
529,-8.5,0,12,3,1,1.4570999229326844,,62.6
530,-5.4,0,5,4,1,1.4570999229326844,,62.7
531,-2.0,0,9,4,1,1.4570999229326844,,62.8
532,-3.4000000000000004,0,5,4,1,1.4570999229326844,,62.9
533,-5.300000000000001,0,11,4,1,1.4570999229326844,,63.0
534,-2.3000000000000003,0,4,3,1,1.4570999229326844,,63.1
535,-7.300000000000001,0,11,4,1,1.4570999229326844,,63.2
536,-5.4,0,5,4,1,1.4570999229326844,,63.3
537,-5.4,0,5,4,1,1.4570999229326844,,63.4
538,-7.300000000000001,0,11,4,1,1.4570999229326844,,63.5
539,-4.300000000000001,0,4,3,1,1.4570999229326844,,63.6
540,-5.4,0,5,4,1,1.4570999229326844,,63.7
541,-2.3000000000000003,0,4,3,1,1.4570999229326844,,63.7
542,-5.4,0,5,4,1,1.4570999229326844,,63.8
543,-6.700000000000001,0,7,4,1,1.4570999229326844,,63.9
544,-4.700000000000001,0,7,4,1,1.4570999229326844,,64.1
545,-5.4,0,5,4,1,1.4570999229326844,,64.1
546,-5.0,0,9,4,1,1.4570999229326844,,64.2
547,-6.700000000000001,0,7,4,1,1.4570999229326844,,64.3
548,-5.4,0,5,4,1,1.4570999229326844,,64.4
549,-8.0,0,9,4,1,1.4570999229326844,,64.5
550,1.0,0,9,4,1,1.4570999229326844,,64.6
551,-6.700000000000001,0,7,4,1,1.4570999229326844,,64.7
552,-0.7000000000000002,0,7,4,1,1.4570999229326844,,64.8
553,-6.700000000000001,0,7,4,1,1.4570999229326844,,64.9
554,-8.200000000000001,0,10,3,1,1.4570999229326844,,65.1
555,-6.0,0,9,4,1,1.4570999229326844,,65.2
556,-6.9,0,8,3,1,1.4570999229326844,,65.3
557,-6.700000000000001,0,7,4,1,1.4570999229326844,,65.4
558,-4.300000000000001,0,4,3,1,1.4570999229326844,,65.4
559,-4.300000000000001,0,4,3,1,1.4570999229326844,,65.6
560,-4.300000000000001,0,4,3,1,1.4570999229326844,,65.7
561,-4.300000000000001,0,4,3,1,1.4570999229326844,,65.8
562,-2.3000000000000003,0,4,3,1,1.4570999229326844,,65.8
563,-9.600000000000001,0,12,4,0,1.4570999229326844,,66.0
564,0.6000000000000001,0,5,4,1,1.4570999229326844,,66.0
565,-5.4,0,5,4,1,1.4570999229326844,,66.1
566,-5.4,0,5,4,1,1.4570999229326844,,66.2
567,-5.6000000000000005,0,6,3,1,1.4570999229326844,,66.3
568,-6.000000000000001,0,9,4,1,1.4570999229326844,,66.4
569,-3.4000000000000004,0,5,4,1,1.4570999229326844,,66.5
570,-2.3000000000000003,0,4,3,1,1.4570999229326844,,66.6
571,-5.700000000000001,0,7,4,1,1.406138219870627,0.6181416136678308,67.3
572,-2.9000000000000004,0,8,3,1,1.406138219870627,,67.4
573,-2.3000000000000003,0,4,3,1,1.406138219870627,,67.4
574,-12.6,0,12,4,0,1.406138219870627,,67.5
575,-4.300000000000001,0,4,3,1,1.406138219870627,,67.6
576,-2.3000000000000003,0,4,3,1,1.406138219870627,,67.7
577,-5.4,0,5,4,1,1.406138219870627,,67.7
578,-4.300000000000001,0,4,3,1,1.406138219870627,,67.8
579,-4.300000000000001,0,4,3,1,1.406138219870627,,67.9
580,-8.0,0,9,4,1,1.406138219870627,,68.0
581,-4.700000000000001,0,7,4,1,1.406138219870627,,68.1
582,-8.000000000000002,0,9,4,1,1.406138219870627,,68.3
583,-4.300000000000001,0,4,3,1,1.406138219870627,,68.4
584,-5.4,0,5,4,1,1.406138219870627,,68.4
585,-5.0,0,9,4,1,1.406138219870627,,68.5
586,-6.900000000000001,0,8,3,1,1.406138219870627,,68.6
587,-5.4,0,5,4,1,1.406138219870627,,68.7
588,-5.4,0,5,4,1,1.406138219870627,,68.8
589,-4.300000000000001,0,4,3,1,1.406138219870627,,68.9
590,-6.000000000000001,0,9,4,1,1.406138219870627,,69.1
591,-5.4,0,5,4,1,1.406138219870627,,69.2
592,-4.300000000000001,0,4,3,1,1.406138219870627,,69.2
593,-4.300000000000001,0,4,3,1,1.406138219870627,,69.3
594,-5.0,0,9,4,1,1.406138219870627,,69.4
595,-6.200000000000001,0,10,3,1,1.406138219870627,,69.5
596,-6.500000000000001,0,12,3,1,1.406138219870627,,69.7
597,-5.700000000000001,0,7,4,1,1.406138219870627,,69.8
598,-5.6000000000000005,0,6,3,1,1.406138219870627,,69.8
599,-6.700000000000001,0,7,4,1,1.406138219870627,,69.9
600,-6.700000000000001,0,7,4,1,1.406138219870627,,70.0
601,-5.4,0,5,4,1,1.406138219870627,,70.1
602,-4.300000000000001,0,4,3,1,1.406138219870627,,70.2
603,-4.7,0,7,4,1,1.406138219870627,,70.3
604,-4.300000000000001,0,4,3,1,1.406138219870627,,70.4
605,-3.7,0,7,4,1,1.406138219870627,,70.4
606,-6.700000000000001,0,7,4,1,1.406138219870627,,70.5
607,-6.6,0,12,4,0,1.406138219870627,,70.6
608,-4.300000000000001,0,4,3,1,1.406138219870627,,70.7
609,-5.4,0,5,4,1,1.406138219870627,,70.8
610,-6.700000000000001,0,7,4,1,1.406138219870627,,70.9
611,-4.300000000000001,0,4,3,1,1.406138219870627,,71.0
612,-5.6000000000000005,0,6,3,1,1.406138219870627,,71.1
613,-5.6000000000000005,0,6,3,1,1.406138219870627,,71.2
614,-5.4,0,5,4,1,1.406138219870627,,71.3
615,-5.7,0,7,4,1,1.406138219870627,,71.4
616,-3.6,0,12,4,0,1.406138219870627,,71.5
617,-5.7,0,7,4,1,1.406138219870627,,71.6
618,-5.4,0,5,4,1,1.406138219870627,,71.7
619,-4.300000000000001,0,4,3,1,1.406138219870627,,71.7
620,-3.4000000000000004,0,5,4,1,1.406138219870627,,71.8
621,-4.9,0,8,3,1,1.406138219870627,,71.9
622,-4.300000000000001,0,4,3,1,1.406138219870627,,72.0
623,-4.300000000000001,0,4,3,1,1.406138219870627,,72.1
624,-6.700000000000001,0,7,4,1,1.406138219870627,,72.2
625,-5.6000000000000005,0,6,3,1,1.406138219870627,,72.2
626,-5.4,0,5,4,1,1.406138219870627,,72.3
627,-4.700000000000001,0,7,4,1,1.406138219870627,,72.4
628,-1.6,0,6,3,1,1.406138219870627,,72.5
629,-3.9000000000000004,0,8,3,1,1.406138219870627,,72.6
630,-4.300000000000001,0,4,3,1,1.406138219870627,,72.7
631,-4.700000000000001,0,7,4,1,1.406138219870627,,72.8
632,-7.500000000000001,0,12,3,1,1.406138219870627,,72.9
633,-5.4,0,5,4,1,1.406138219870627,,73.0
634,-4.300000000000001,0,4,3,1,1.406138219870627,,73.1
635,-6.700000000000001,0,7,4,1,1.406138219870627,,73.2
636,-4.300000000000001,0,4,3,1,1.406138219870627,,73.3
637,-4.300000000000001,0,4,3,1,1.406138219870627,,73.4
638,-0.30000000000000004,0,4,3,1,1.406138219870627,,73.5
639,-5.4,0,5,4,1,1.406138219870627,,73.6
640,-6.700000000000001,0,7,4,1,1.406138219870627,,73.7
641,-1.6,0,6,3,1,1.406138219870627,,73.8
642,-5.4,0,5,4,1,1.406138219870627,,73.9
643,-6.700000000000001,0,7,4,1,1.406138219870627,,74.0
644,-5.4,0,5,4,1,1.406138219870627,,74.0
645,-6.700000000000001,0,7,4,1,1.406138219870627,,74.2
646,-5.4,0,5,4,1,1.406138219870627,,74.3
647,-4.300000000000001,0,4,3,1,1.406138219870627,,74.4
648,-5.4,0,5,4,1,1.406138219870627,,74.5
649,-2.3000000000000003,0,4,3,1,1.406138219870627,,74.6
650,-5.4,0,5,4,1,1.406138219870627,,74.7
651,-5.4,0,5,4,1,1.406138219870627,,74.8
652,-7.0,0,9,4,1,1.406138219870627,,74.9
653,-5.4,0,5,4,1,1.406138219870627,,75.0
654,-5.4,0,5,4,1,1.406138219870627,,75.1
655,-4.300000000000001,0,4,3,1,1.406138219870627,,75.2
656,-6.900000000000001,0,8,3,1,1.406138219870627,,75.3
657,-3.7000000000000006,0,7,4,1,1.406138219870627,,75.4
658,-3.4000000000000004,0,5,4,1,1.406138219870627,,75.5
659,-4.300000000000001,0,4,3,1,1.406138219870627,,75.6
660,-7.0,0,9,4,1,1.406138219870627,,75.7
661,-6.300000000000001,0,11,4,1,1.406138219870627,,75.8
662,-4.300000000000001,0,4,3,1,1.406138219870627,,75.9
663,-5.4,0,5,4,1,1.406138219870627,,76.0
664,-7.000000000000001,0,9,4,1,1.406138219870627,,76.1
665,-5.4,0,5,4,1,1.406138219870627,,76.2
666,-5.700000000000001,0,7,4,1,1.406138219870627,,76.2
667,-4.300000000000001,0,4,3,1,1.406138219870627,,76.3
668,-5.6000000000000005,0,6,3,1,1.406138219870627,,76.4
669,-5.4,0,5,4,1,1.406138219870627,,76.5
670,-5.4,0,5,4,1,1.406138219870627,,76.6
671,-7.300000000000001,0,11,4,1,1.406138219870627,,76.7
672,-12.6,0,12,4,0,1.406138219870627,,76.9
673,-5.4,0,5,4,1,1.406138219870627,,77.0
674,-4.300000000000001,0,4,3,1,1.406138219870627,,77.1
675,-6.000000000000001,0,9,4,1,1.406138219870627,,77.2
676,-3.4000000000000004,0,5,4,1,1.406138219870627,,77.3
677,-5.4,0,5,4,1,1.406138219870627,,77.4
678,-4.300000000000001,0,4,3,1,1.406138219870627,,77.5
679,-5.4,0,5,4,1,1.406138219870627,,77.6
680,-4.300000000000001,0,4,3,1,1.406138219870627,,77.7
681,-5.6000000000000005,0,6,3,1,1.406138219870627,,77.8
682,-5.6000000000000005,0,6,3,1,1.406138219870627,,77.9
683,-5.4,0,5,4,1,1.406138219870627,,77.9
684,-5.4,0,5,4,1,1.406138219870627,,78.1
685,-8.000000000000002,0,9,4,1,1.406138219870627,,78.2
686,-6.700000000000001,0,7,4,1,1.406138219870627,,78.2
687,-8.000000000000002,0,9,4,1,1.406138219870627,,78.4
688,-8.600000000000001,0,12,4,0,1.406138219870627,,78.5
689,-5.700000000000001,0,7,4,1,1.406138219870627,,78.6
690,5.7,1,4,3,1,1.406138219870627,,78.7
691,-2.3000000000000003,0,4,3,1,1.406138219870627,,78.7
692,-6.700000000000001,0,7,4,1,1.406138219870627,,78.8
693,-4.700000000000001,0,7,4,1,1.406138219870627,,78.9
694,-6.000000000000001,0,9,4,1,1.406138219870627,,79.1
695,-4.6000000000000005,0,6,3,1,1.406138219870627,,79.2
696,-3.4000000000000004,0,5,4,1,1.406138219870627,,79.3
697,-4.300000000000001,0,4,3,1,1.406138219870627,,79.3
698,-4.7,0,7,4,1,1.406138219870627,,79.4
699,-5.4,0,5,4,1,1.406138219870627,,79.5
700,-4.300000000000001,0,4,3,1,1.406138219870627,,79.6
701,-7.0,0,9,4,1,1.406138219870627,,79.7
702,-5.4,0,5,4,1,1.406138219870627,,79.8
703,-4.300000000000001,0,4,3,1,1.406138219870627,,79.9
704,-6.700000000000001,0,7,4,1,1.406138219870627,,80.0
705,-3.4000000000000004,0,5,4,1,1.406138219870627,,80.1
706,-4.300000000000001,0,4,3,1,1.406138219870627,,80.2
707,-5.4,0,5,4,1,1.406138219870627,,80.3
708,-4.300000000000001,0,4,3,1,1.406138219870627,,80.4
709,-8.3,0,11,4,1,1.406138219870627,,80.5
710,-4.300000000000001,0,4,3,1,1.406138219870627,,80.6
711,-7.000000000000001,0,9,4,1,1.406138219870627,,80.7
712,-5.6000000000000005,0,6,3,1,1.406138219870627,,80.8
713,-3.4000000000000004,0,5,4,1,1.406138219870627,,80.9
714,-6.200000000000001,0,10,3,1,1.406138219870627,,81.1
715,-4.6,0,6,3,1,1.406138219870627,,81.2
716,-5.4,0,5,4,1,1.406138219870627,,81.3
717,-1.7000000000000002,0,7,4,1,1.406138219870627,,81.4
718,-4.300000000000001,0,4,3,1,1.406138219870627,,81.4
719,-4.300000000000001,0,4,3,1,1.406138219870627,,81.5
720,-3.6000000000000005,0,6,3,1,1.406138219870627,,81.6
721,-4.300000000000001,0,4,3,1,1.406138219870627,,81.7
722,-5.4,0,5,4,1,1.406138219870627,,81.8
723,-5.4,0,5,4,1,1.406138219870627,,81.9
724,-5.4,0,5,4,1,1.406138219870627,,82.0
725,-5.6000000000000005,0,6,3,1,1.406138219870627,,82.1
726,-4.9,0,8,3,1,1.406138219870627,,82.1
727,-3.5000000000000004,0,12,3,1,1.406138219870627,,82.3
728,-4.700000000000001,0,7,4,1,1.406138219870627,,82.4
729,-6.700000000000001,0,7,4,1,1.406138219870627,,82.4
730,-2.6,0,6,3,1,1.406138219870627,,82.5
731,-4.300000000000001,0,4,3,1,1.406138219870627,,82.6
732,-0.30000000000000004,0,4,3,1,1.406138219870627,,82.7
733,-8.000000000000002,0,9,4,1,1.406138219870627,,82.8
734,-4.300000000000001,0,4,3,1,1.406138219870627,,82.8
735,-5.6000000000000005,0,6,3,1,1.406138219870627,,82.9
736,-2.6,0,6,3,1,1.406138219870627,,83.0
737,-6.700000000000001,0,7,4,1,1.406138219870627,,83.1
738,-4.300000000000001,0,4,3,1,1.406138219870627,,83.2
739,-2.3000000000000003,0,4,3,1,1.406138219870627,,83.2
740,-5.4,0,5,4,1,1.406138219870627,,83.3
741,-5.4,0,5,4,1,1.406138219870627,,83.4
742,-5.4,0,5,4,1,1.406138219870627,,83.6
743,-5.4,0,5,4,1,1.406138219870627,,83.7
744,-5.4,0,5,4,1,1.406138219870627,,83.8
745,-6.700000000000001,0,7,4,1,1.406138219870627,,83.9
746,-3.9000000000000004,0,8,3,1,1.406138219870627,,84.0
747,-4.6,0,6,3,1,1.406138219870627,,84.1
748,-5.4,0,5,4,1,1.406138219870627,,84.2
749,-5.4,0,5,4,1,1.406138219870627,,84.3
750,-6.000000000000001,0,9,4,1,1.406138219870627,,84.4
751,-6.700000000000001,0,7,4,1,1.406138219870627,,84.4
752,-3.4000000000000004,0,5,4,1,1.406138219870627,,84.5
753,-5.4,0,5,4,1,1.406138219870627,,84.6
754,-5.4,0,5,4,1,1.406138219870627,,84.7
755,-3.4000000000000004,0,5,4,1,1.406138219870627,,84.8
756,-5.6000000000000005,0,6,3,1,1.406138219870627,,84.8
757,-4.7,0,7,4,1,1.406138219870627,,84.9
758,-4.300000000000001,0,4,3,1,1.406138219870627,,85.0
759,-6.300000000000001,0,11,4,1,1.406138219870627,,85.1
760,-6.700000000000001,0,7,4,1,1.406138219870627,,85.2
761,-8.000000000000002,0,9,4,1,1.406138219870627,,85.3
762,-5.4,0,5,4,1,1.406138219870627,,85.4
763,-3.9000000000000004,0,8,3,1,1.406138219870627,,85.5
764,-5.6000000000000005,0,6,3,1,1.406138219870627,,85.6
765,-11.600000000000001,0,12,4,0,1.406138219870627,,85.7
766,-4.300000000000001,0,4,3,1,1.406138219870627,,85.8
767,-5.6000000000000005,0,6,3,1,1.406138219870627,,85.8
768,-6.900000000000001,0,8,3,1,1.406138219870627,,85.9
769,-7.0,0,9,4,1,1.406138219870627,,86.0
770,-6.700000000000001,0,7,4,1,1.406138219870627,,86.1
771,-6.000000000000001,0,9,4,1,1.406138219870627,,86.2
772,-4.300000000000001,0,4,3,1,1.406138219870627,,86.3
773,-4.6,0,6,3,1,1.406138219870627,,86.4
774,-3.6000000000000005,0,6,3,1,1.406138219870627,,86.5
775,-6.700000000000001,0,7,4,1,1.406138219870627,,86.6
776,-5.4,0,5,4,1,1.406138219870627,,86.7
777,-4.300000000000001,0,4,3,1,1.406138219870627,,86.8
778,-5.4,0,5,4,1,1.406138219870627,,86.8
779,-5.4,0,5,4,1,1.406138219870627,,86.9
780,-8.0,0,9,4,1,1.406138219870627,,87.0
781,-4.300000000000001,0,4,3,1,1.406138219870627,,87.1
782,-3.4000000000000004,0,5,4,1,1.406138219870627,,87.2
783,-4.200000000000001,0,10,3,1,1.406138219870627,,87.3
784,-6.000000000000001,0,9,4,1,1.406138219870627,,87.4
785,-5.4,0,5,4,1,1.406138219870627,,87.5
786,-3.7,0,7,4,1,1.406138219870627,,87.6
787,-5.4,0,5,4,1,1.406138219870627,,87.7
788,-6.700000000000001,0,7,4,1,1.406138219870627,,87.8
789,-3.4000000000000004,0,5,4,1,1.406138219870627,,87.8
790,-4.300000000000001,0,4,3,1,1.406138219870627,,87.9
791,-8.3,0,11,4,1,1.406138219870627,,88.1
792,-2.3000000000000003,0,4,3,1,1.406138219870627,,88.1
793,-4.300000000000001,0,4,3,1,1.406138219870627,,88.2
794,-4.300000000000001,0,4,3,1,1.406138219870627,,88.3
795,-5.4,0,5,4,1,1.406138219870627,,88.4
796,-4.6000000000000005,0,6,3,1,1.406138219870627,,88.5
797,-5.6000000000000005,0,6,3,1,1.406138219870627,,88.6
798,-5.6000000000000005,0,6,3,1,1.406138219870627,,88.7
799,-5.6000000000000005,0,6,3,1,1.406138219870627,,88.8
800,-3.4000000000000004,0,5,4,1,1.406138219870627,,88.9
801,-5.4,0,5,4,1,1.406138219870627,,88.9
802,-2.3000000000000003,0,4,3,1,1.406138219870627,,89.0
803,-5.4,0,5,4,1,1.406138219870627,,89.1
804,-0.30000000000000004,0,4,3,1,1.406138219870627,,89.2
805,-5.4,0,5,4,1,1.406138219870627,,89.3
806,-5.4,0,5,4,1,1.406138219870627,,89.4
807,-6.700000000000001,0,7,4,1,1.406138219870627,,89.5
808,-5.300000000000001,0,11,4,1,1.406138219870627,,89.6
809,-2.3000000000000003,0,4,3,1,1.406138219870627,,89.7
810,-4.300000000000001,0,4,3,1,1.406138219870627,,89.8
811,-6.700000000000001,0,7,4,1,1.406138219870627,,89.9
812,-5.4,0,5,4,1,1.406138219870627,,89.9
813,-4.300000000000001,0,4,3,1,1.406138219870627,,90.0
814,-4.300000000000001,0,4,3,1,1.406138219870627,,90.0
815,-6.9,0,8,3,1,1.406138219870627,,90.1
816,-1.4000000000000001,0,5,4,1,1.406138219870627,,90.1
817,-6.700000000000001,0,7,4,1,1.406138219870627,,90.2
818,-5.4,0,5,4,1,1.406138219870627,,90.3
819,-6.700000000000001,0,7,4,1,1.406138219870627,,90.4
820,-3.3,0,11,4,1,1.406138219870627,,90.5
821,-6.6,0,12,4,0,1.406138219870627,,90.6
822,-3.4000000000000004,0,5,4,1,1.406138219870627,,90.6
823,-5.7,0,7,4,1,1.406138219870627,,90.7
824,-6.700000000000001,0,7,4,1,1.406138219870627,,90.8
825,-5.6000000000000005,0,6,3,1,1.406138219870627,,90.9
826,-5.9,0,8,3,1,1.406138219870627,,91.0
827,-6.700000000000001,0,7,4,1,1.406138219870627,,91.1
828,-6.000000000000001,0,9,4,1,1.406138219870627,,91.2
829,-5.4,0,5,4,1,1.406138219870627,,91.3
830,-5.4,0,5,4,1,1.406138219870627,,91.4
831,-5.4,0,5,4,1,1.406138219870627,,91.5
832,-4.7,0,7,4,1,1.406138219870627,,91.5
833,-7.0,0,9,4,1,1.406138219870627,,91.6
834,-5.4,0,5,4,1,1.406138219870627,,91.7
835,-5.4,0,5,4,1,1.406138219870627,,91.8
836,-6.700000000000001,0,7,4,1,1.406138219870627,,91.9
837,-5.4,0,5,4,1,1.406138219870627,,92.0
838,-5.4,0,5,4,1,1.406138219870627,,92.1
839,-5.4,0,5,4,1,1.406138219870627,,92.1
840,-6.700000000000001,0,7,4,1,1.406138219870627,,92.2
841,-7.0,0,9,4,1,1.406138219870627,,92.3
842,-5.4,0,5,4,1,1.406138219870627,,92.4
843,-6.700000000000001,0,7,4,1,1.406138219870627,,92.5
844,-5.500000000000001,0,12,3,1,1.406138219870627,,92.6
845,-7.0,0,9,4,1,1.406138219870627,,92.7
846,-5.4,0,5,4,1,1.406138219870627,,92.8
847,-5.4,0,5,4,1,1.406138219870627,,92.8
848,-3.0,0,9,4,1,1.406138219870627,,92.9
849,-6.700000000000001,0,7,4,1,1.406138219870627,,93.0
850,-5.4,0,5,4,1,1.406138219870627,,93.1
851,-4.6000000000000005,0,6,3,1,1.406138219870627,,93.2
852,-4.300000000000001,0,4,3,1,1.406138219870627,,93.2
853,-5.300000000000001,0,11,4,1,1.406138219870627,,93.3
854,-5.4,0,5,4,1,1.406138219870627,,93.5
855,-5.4,0,5,4,1,1.406138219870627,,93.6
856,-5.6000000000000005,0,6,3,1,1.406138219870627,,93.7
857,-2.3000000000000003,0,4,3,1,1.406138219870627,,93.7
858,-1.4000000000000001,0,5,4,1,1.406138219870627,,93.8
859,-5.9,0,8,3,1,1.406138219870627,,93.9
860,-1.4000000000000001,0,5,4,1,1.406138219870627,,94.0
861,-9.700000000000001,0,12,2,0,1.406138219870627,,94.1
862,-1.4000000000000001,0,5,4,1,1.406138219870627,,94.2
863,-4.300000000000001,0,4,3,1,1.406138219870627,,94.2
864,-4.300000000000001,0,4,3,1,1.406138219870627,,94.3
865,-6.900000000000001,0,8,3,1,1.406138219870627,,94.4
866,-5.4,0,5,4,1,1.406138219870627,,94.4
867,-3.7,0,7,4,1,1.406138219870627,,94.5
868,-4.300000000000001,0,4,3,1,1.406138219870627,,94.6
869,-6.0,0,9,4,1,1.406138219870627,,94.7
870,-4.9,0,8,3,1,1.406138219870627,,94.8
871,-2.3000000000000003,0,4,3,1,1.406138219870627,,94.8
872,-5.7,0,7,4,1,1.406138219870627,,94.9
873,-5.6000000000000005,0,6,3,1,1.406138219870627,,95.0
874,-5.4,0,5,4,1,1.406138219870627,,95.1
875,-11.600000000000001,0,12,4,0,1.406138219870627,,95.2
876,-3.4000000000000004,0,5,4,1,1.406138219870627,,95.3
877,-6.700000000000001,0,7,4,1,1.406138219870627,,95.4
878,-5.4,0,5,4,1,1.406138219870627,,95.5
879,-8.000000000000002,0,9,4,1,1.406138219870627,,95.6
880,-2.3000000000000003,0,4,3,1,1.406138219870627,,95.7
881,-5.700000000000001,0,7,4,1,1.406138219870627,,95.8
882,-5.6000000000000005,0,6,3,1,1.406138219870627,,95.9
883,-7.200000000000001,0,10,3,1,1.406138219870627,,96.0
884,-4.300000000000001,0,4,3,1,1.406138219870627,,96.1
885,-5.000000000000001,0,9,4,1,1.406138219870627,,96.2
886,-3.4000000000000004,0,5,4,1,1.406138219870627,,96.3
887,-5.4,0,5,4,1,1.406138219870627,,96.3
888,-5.4,0,5,4,1,1.406138219870627,,96.5
889,-4.200000000000001,0,10,3,1,1.406138219870627,,96.6
890,-5.7,0,7,4,1,1.406138219870627,,96.7
891,-2.7,0,7,4,1,1.406138219870627,,96.8
892,-5.4,0,5,4,1,1.406138219870627,,96.8
893,-5.700000000000001,0,7,4,1,1.406138219870627,,97.0
894,-6.700000000000001,0,7,4,1,1.406138219870627,,97.1
895,-5.6000000000000005,0,6,3,1,1.406138219870627,,97.2
896,-4.300000000000001,0,4,3,1,1.406138219870627,,97.3
897,-6.700000000000001,0,7,4,1,1.406138219870627,,97.4
898,-4.6000000000000005,0,6,3,1,1.406138219870627,,97.4
899,-5.4,0,5,4,1,1.406138219870627,,97.5
900,-3.4000000000000004,0,5,4,1,1.31364490929991,0.5120487727690488,98.3
901,-8.0,0,9,4,1,1.31364490929991,,98.4
902,0.6000000000000001,0,5,4,1,1.31364490929991,,98.5
903,-5.4,0,5,4,1,1.31364490929991,,98.5
904,-4.6000000000000005,0,6,3,1,1.31364490929991,,98.6
905,-6.700000000000001,0,7,4,1,1.31364490929991,,98.7
906,-4.300000000000001,0,4,3,1,1.31364490929991,,98.7
907,-4.300000000000001,0,4,3,1,1.31364490929991,,98.9
908,-5.4,0,5,4,1,1.31364490929991,,99.0
909,-6.000000000000001,0,9,4,1,1.31364490929991,,99.1
910,-0.30000000000000004,0,4,3,1,1.31364490929991,,99.2
911,-7.200000000000001,0,10,3,1,1.31364490929991,,99.2
912,-4.300000000000001,0,4,3,1,1.31364490929991,,99.3
913,-4.300000000000001,0,4,3,1,1.31364490929991,,99.4
914,-2.3000000000000003,0,4,3,1,1.31364490929991,,99.4
915,-5.6000000000000005,0,6,3,1,1.31364490929991,,99.5
916,-6.700000000000001,0,7,4,1,1.31364490929991,,99.6
917,-4.6,0,6,3,1,1.31364490929991,,99.7
918,-4.300000000000001,0,4,3,1,1.31364490929991,,99.8
919,-6.700000000000001,0,7,4,1,1.31364490929991,,99.9
920,-6.700000000000001,0,7,4,1,1.31364490929991,,100.0
921,-5.4,0,5,4,1,1.31364490929991,,100.1
922,-4.300000000000001,0,4,3,1,1.31364490929991,,100.1
923,-5.4,0,5,4,1,1.31364490929991,,100.2
924,-5.4,0,5,4,1,1.31364490929991,,100.3
925,-4.300000000000001,0,4,3,1,1.31364490929991,,100.4
926,-4.300000000000001,0,4,3,1,1.31364490929991,,100.5
927,-8.3,0,11,4,1,1.31364490929991,,100.6
928,-0.30000000000000004,0,4,3,1,1.31364490929991,,100.7
929,-5.6000000000000005,0,6,3,1,1.31364490929991,,100.8
930,-2.6,0,6,3,1,1.31364490929991,,100.9
931,-1.4000000000000001,0,5,4,1,1.31364490929991,,101.0
932,-1.4000000000000001,0,5,4,1,1.31364490929991,,101.0
933,-5.4,0,5,4,1,1.31364490929991,,101.1
934,-4.300000000000001,0,4,3,1,1.31364490929991,,101.2
935,-4.300000000000001,0,4,3,1,1.31364490929991,,101.3
936,-4.300000000000001,0,4,3,1,1.31364490929991,,101.4
937,-4.300000000000001,0,4,3,1,1.31364490929991,,101.5
938,-0.30000000000000004,0,4,3,1,1.31364490929991,,101.6
939,-8.0,0,9,4,1,1.31364490929991,,101.7
940,4.4,1,6,3,1,1.31364490929991,,101.8
941,-4.300000000000001,0,4,3,1,1.31364490929991,,101.8
942,-4.300000000000001,0,4,3,1,1.31364490929991,,101.9
943,-5.4,0,5,4,1,1.31364490929991,,102.0
944,-3.6000000000000005,0,6,3,1,1.31364490929991,,102.1
945,-4.300000000000001,0,4,3,1,1.31364490929991,,102.2
946,-5.4,0,5,4,1,1.31364490929991,,102.3
947,-4.300000000000001,0,4,3,1,1.31364490929991,,102.4
948,-4.300000000000001,0,4,3,1,1.31364490929991,,102.5
949,-7.0,0,9,4,1,1.31364490929991,,102.6
950,-4.300000000000001,0,4,3,1,1.31364490929991,,102.7
951,5.7,1,4,3,1,1.31364490929991,,102.7
952,-4.300000000000001,0,4,3,1,1.31364490929991,,102.8
953,-5.4,0,5,4,1,1.31364490929991,,102.9
954,-5.4,0,5,4,1,1.31364490929991,,103.0
955,-2.7,0,7,4,1,1.31364490929991,,103.1
956,-4.300000000000001,0,4,3,1,1.31364490929991,,103.1
957,-5.4,0,5,4,1,1.31364490929991,,103.2
958,-5.6000000000000005,0,6,3,1,1.31364490929991,,103.3
959,-4.300000000000001,0,4,3,1,1.31364490929991,,103.5
960,-6.700000000000001,0,7,4,1,1.31364490929991,,103.6
961,-5.4,0,5,4,1,1.31364490929991,,103.6
962,-5.6000000000000005,0,6,3,1,1.31364490929991,,103.7
963,-5.7,0,7,4,1,1.31364490929991,,103.9
964,-5.4,0,5,4,1,1.31364490929991,,103.9
965,-5.6000000000000005,0,6,3,1,1.31364490929991,,104.1
966,-4.300000000000001,0,4,3,1,1.31364490929991,,104.1
967,-2.3000000000000003,0,4,3,1,1.31364490929991,,104.2
968,-2.3000000000000003,0,4,3,1,1.31364490929991,,104.3
969,-4.9,0,8,3,1,1.31364490929991,,104.4
970,-4.6,0,6,3,1,1.31364490929991,,104.5
971,-5.4,0,5,4,1,1.31364490929991,,104.6
972,-5.6000000000000005,0,6,3,1,1.31364490929991,,104.6
973,-4.300000000000001,0,4,3,1,1.31364490929991,,104.7
974,-6.700000000000001,0,7,4,1,1.31364490929991,,104.8
975,-5.4,0,5,4,1,1.31364490929991,,104.9
976,-2.3000000000000003,0,4,3,1,1.31364490929991,,105.0
977,-2.3000000000000003,0,4,3,1,1.31364490929991,,105.0
978,-3.4000000000000004,0,5,4,1,1.31364490929991,,105.1
979,-4.300000000000001,0,4,3,1,1.31364490929991,,105.2
980,-7.0,0,9,4,1,1.31364490929991,,105.3
981,-5.4,0,5,4,1,1.31364490929991,,105.4
982,-5.4,0,5,4,1,1.31364490929991,,105.5
983,-3.6000000000000005,0,6,3,1,1.31364490929991,,105.6
984,-5.4,0,5,4,1,1.31364490929991,,105.7
985,-4.300000000000001,0,4,3,1,1.31364490929991,,105.7
986,-4.300000000000001,0,4,3,1,1.31364490929991,,105.8
987,-4.300000000000001,0,4,3,1,1.31364490929991,,105.9
988,-4.300000000000001,0,4,3,1,1.31364490929991,,106.0
989,-1.4000000000000001,0,5,4,1,1.31364490929991,,106.1
990,-3.4000000000000004,0,5,4,1,1.31364490929991,,106.2
991,-2.3000000000000003,0,4,3,1,1.31364490929991,,106.3
992,-4.300000000000001,0,4,3,1,1.31364490929991,,106.3
993,-3.4000000000000004,0,5,4,1,1.31364490929991,,106.4
994,-2.3000000000000003,0,4,3,1,1.31364490929991,,106.5
995,-4.300000000000001,0,4,3,1,1.31364490929991,,106.6
996,-3.4000000000000004,0,5,4,1,1.31364490929991,,106.7
997,-7.5,0,12,3,1,1.31364490929991,,106.8
998,-4.700000000000001,0,7,4,1,1.31364490929991,,106.9
999,-9.500000000000002,0,12,3,1,1.31364490929991,,107.1
1000,-4.300000000000001,0,4,3,1,1.31364490929991,,107.2
1001,5.7,1,4,3,1,1.31364490929991,,113.5
1002,-5.4,0,5,4,1,1.31364490929991,,113.6
1003,-1.4000000000000001,0,5,4,1,1.31364490929991,,113.7
1004,-5.4,0,5,4,1,1.31364490929991,,113.8
1005,-4.300000000000001,0,4,3,1,1.31364490929991,,113.8
1006,-5.4,0,5,4,1,1.31364490929991,,113.9
1007,-4.300000000000001,0,4,3,1,1.31364490929991,,114.0
1008,-4.300000000000001,0,4,3,1,1.31364490929991,,114.2
1009,-2.3000000000000003,0,4,3,1,1.31364490929991,,114.2
1010,-3.4000000000000004,0,5,4,1,1.31364490929991,,114.4
1011,-5.4,0,5,4,1,1.31364490929991,,114.5
1012,-5.4,0,5,4,1,1.31364490929991,,114.5
1013,-3.7,0,7,4,1,1.31364490929991,,114.6
1014,-4.300000000000001,0,4,3,1,1.31364490929991,,114.7
1015,-6.700000000000001,0,7,4,1,1.31364490929991,,114.8
1016,-2.3000000000000003,0,4,3,1,1.31364490929991,,114.9
1017,-4.300000000000001,0,4,3,1,1.31364490929991,,115.0
1018,-5.4,0,5,4,1,1.31364490929991,,115.0
1019,-5.4,0,5,4,1,1.31364490929991,,115.2
1020,-2.3000000000000003,0,4,3,1,1.31364490929991,,115.2
1021,-5.4,0,5,4,1,1.31364490929991,,115.3
1022,-6.9,0,8,3,1,1.31364490929991,,115.4
1023,-9.3,0,11,4,1,1.31364490929991,,115.5
1024,-4.300000000000001,0,4,3,1,1.31364490929991,,115.6
1025,-5.4,0,5,4,1,1.31364490929991,,115.7
1026,-6.700000000000001,0,7,4,1,1.31364490929991,,115.8
1027,-4.300000000000001,0,4,3,1,1.31364490929991,,115.9
1028,-5.4,0,5,4,1,1.31364490929991,,116.0
1029,-2.3000000000000003,0,4,3,1,1.31364490929991,,116.0
1030,-5.4,0,5,4,1,1.31364490929991,,116.1
1031,-3.6000000000000005,0,6,3,1,1.31364490929991,,116.2
1032,-5.9,0,8,3,1,1.31364490929991,,116.3
1033,-4.300000000000001,0,4,3,1,1.31364490929991,,116.4
1034,-5.4,0,5,4,1,1.31364490929991,,116.5
1035,-4.300000000000001,0,4,3,1,1.31364490929991,,116.6
1036,-2.3000000000000003,0,4,3,1,1.31364490929991,,116.6
1037,-5.700000000000001,0,7,4,1,1.31364490929991,,116.7
1038,-5.4,0,5,4,1,1.31364490929991,,116.8
1039,-3.4000000000000004,0,5,4,1,1.31364490929991,,116.9
1040,-3.4000000000000004,0,5,4,1,1.31364490929991,,117.0
1041,-5.4,0,5,4,1,1.31364490929991,,117.1
1042,-5.000000000000001,0,9,4,1,1.31364490929991,,117.2
1043,-3.6000000000000005,0,6,3,1,1.31364490929991,,117.2
1044,-5.4,0,5,4,1,1.31364490929991,,117.3
1045,-5.9,0,8,3,1,1.31364490929991,,117.5
1046,-4.300000000000001,0,4,3,1,1.31364490929991,,117.5
1047,-2.3000000000000003,0,4,3,1,1.31364490929991,,117.6
1048,-4.300000000000001,0,4,3,1,1.31364490929991,,117.7
1049,-1.6,0,6,3,1,1.31364490929991,,117.8
1050,-6.700000000000001,0,7,4,1,1.31364490929991,,117.9
1051,-3.4000000000000004,0,5,4,1,1.31364490929991,,118.0
1052,-4.300000000000001,0,4,3,1,1.31364490929991,,118.0
1053,-6.9,0,8,3,1,1.31364490929991,,118.1
1054,-4.300000000000001,0,4,3,1,1.31364490929991,,118.2
1055,-2.3000000000000003,0,4,3,1,1.31364490929991,,118.3
1056,-4.7,0,7,4,1,1.31364490929991,,118.4
1057,-4.300000000000001,0,4,3,1,1.31364490929991,,118.5
1058,-5.4,0,5,4,1,1.31364490929991,,118.6
1059,-5.4,0,5,4,1,1.31364490929991,,118.6
1060,-6.700000000000001,0,7,4,1,1.31364490929991,,118.8
1061,-4.300000000000001,0,4,3,1,1.31364490929991,,118.9
1062,-5.4,0,5,4,1,1.31364490929991,,118.9
1063,-5.4,0,5,4,1,1.31364490929991,,119.0
1064,-5.4,0,5,4,1,1.31364490929991,,119.1
1065,-7.0,0,9,4,1,1.31364490929991,,119.2
1066,-6.700000000000001,0,7,4,1,1.31364490929991,,119.3
1067,-5.6000000000000005,0,6,3,1,1.31364490929991,,119.3
1068,-4.300000000000001,0,4,3,1,1.31364490929991,,119.4
1069,-5.4,0,5,4,1,1.31364490929991,,119.6
1070,-5.6000000000000005,0,6,3,1,1.31364490929991,,119.6
1071,-5.4,0,5,4,1,1.31364490929991,,119.7
1072,-5.4,0,5,4,1,1.31364490929991,,119.8
1073,-4.300000000000001,0,4,3,1,1.31364490929991,,119.8
1074,-4.300000000000001,0,4,3,1,1.31364490929991,,119.9
1075,-4.300000000000001,0,4,3,1,1.31364490929991,,120.0
1076,-4.300000000000001,0,4,3,1,1.31364490929991,,120.1
1077,-4.300000000000001,0,4,3,1,1.31364490929991,,120.2
1078,-5.4,0,5,4,1,1.31364490929991,,120.3
1079,-5.900000000000001,0,8,3,1,1.31364490929991,,120.4
1080,-4.300000000000001,0,4,3,1,1.31364490929991,,120.4
1081,-3.6000000000000005,0,6,3,1,1.31364490929991,,120.5
1082,6.6,1,5,4,1,1.31364490929991,,120.6
1083,-2.3000000000000003,0,4,3,1,1.31364490929991,,120.7
1084,-4.300000000000001,0,4,3,1,1.31364490929991,,120.8
1085,-1.4000000000000001,0,5,4,1,1.31364490929991,,120.9
1086,-5.4,0,5,4,1,1.31364490929991,,120.9
1087,-5.4,0,5,4,1,1.31364490929991,,121.0
1088,-5.4,0,5,4,1,1.31364490929991,,121.1
1089,-5.4,0,5,4,1,1.31364490929991,,121.2
1090,-4.300000000000001,0,4,3,1,1.31364490929991,,121.3
1091,-2.3000000000000003,0,4,3,1,1.31364490929991,,121.4
1092,-4.300000000000001,0,4,3,1,1.31364490929991,,121.5
1093,-3.6000000000000005,0,6,3,1,1.31364490929991,,121.6
1094,-5.4,0,5,4,1,1.31364490929991,,121.7
1095,-3.4000000000000004,0,5,4,1,1.31364490929991,,121.7
1096,-5.4,0,5,4,1,1.31364490929991,,121.9
1097,-4.300000000000001,0,4,3,1,1.31364490929991,,121.9
1098,-4.300000000000001,0,4,3,1,1.31364490929991,,122.0
1099,-5.4,0,5,4,1,1.31364490929991,,122.0
1100,-5.4,0,5,4,1,1.31364490929991,,122.2
1101,-5.4,0,5,4,1,1.31364490929991,,122.3
1102,-4.300000000000001,0,4,3,1,1.31364490929991,,122.3
1103,-3.4000000000000004,0,5,4,1,1.31364490929991,,122.4
1104,-5.4,0,5,4,1,1.31364490929991,,122.5
1105,-6.700000000000001,0,7,4,1,1.31364490929991,,122.6
1106,-4.300000000000001,0,4,3,1,1.31364490929991,,122.7
1107,-4.300000000000001,0,4,3,1,1.31364490929991,,122.8
1108,-6.700000000000001,0,7,4,1,1.31364490929991,,122.8
1109,-5.4,0,5,4,1,1.31364490929991,,122.9
1110,-4.300000000000001,0,4,3,1,1.31364490929991,,123.0
1111,-4.300000000000001,0,4,3,1,1.31364490929991,,123.1
1112,-5.4,0,5,4,1,1.31364490929991,,123.2
1113,-4.300000000000001,0,4,3,1,1.31364490929991,,123.3
1114,-5.4,0,5,4,1,1.31364490929991,,123.4
1115,-5.4,0,5,4,1,1.31364490929991,,123.4
1116,-5.4,0,5,4,1,1.31364490929991,,123.5
1117,-3.6000000000000005,0,6,3,1,1.31364490929991,,123.6
1118,-4.300000000000001,0,4,3,1,1.31364490929991,,123.7
1119,-5.4,0,5,4,1,1.31364490929991,,123.7
1120,-2.3000000000000003,0,4,3,1,1.31364490929991,,123.9
1121,-5.4,0,5,4,1,1.31364490929991,,124.0
1122,-4.300000000000001,0,4,3,1,1.31364490929991,,124.0
1123,-4.300000000000001,0,4,3,1,1.31364490929991,,124.1
1124,-4.6,0,6,3,1,1.31364490929991,,124.2
1125,-4.300000000000001,0,4,3,1,1.31364490929991,,124.3
1126,-7.2,0,10,3,1,1.31364490929991,,124.4
1127,-5.4,0,5,4,1,1.31364490929991,,124.5
1128,-4.300000000000001,0,4,3,1,1.31364490929991,,124.5
1129,-5.4,0,5,4,1,1.31364490929991,,124.7
1130,-5.4,0,5,4,1,1.31364490929991,,124.8
1131,-4.300000000000001,0,4,3,1,1.31364490929991,,124.8
1132,-4.700000000000001,0,7,4,1,1.31364490929991,,124.9
1133,-4.300000000000001,0,4,3,1,1.31364490929991,,125.0
1134,-5.4,0,5,4,1,1.31364490929991,,125.1
1135,-4.300000000000001,0,4,3,1,1.31364490929991,,125.2
1136,-5.4,0,5,4,1,1.31364490929991,,125.2
1137,-4.300000000000001,0,4,3,1,1.31364490929991,,125.3
1138,-5.4,0,5,4,1,1.31364490929991,,125.4
1139,-4.300000000000001,0,4,3,1,1.31364490929991,,125.5
1140,-5.4,0,5,4,1,1.31364490929991,,125.5
1141,-5.4,0,5,4,1,1.31364490929991,,125.6
1142,-5.700000000000001,0,7,4,1,1.31364490929991,,125.7
1143,-4.300000000000001,0,4,3,1,1.31364490929991,,125.8
1144,-4.300000000000001,0,4,3,1,1.31364490929991,,125.9
1145,-5.4,0,5,4,1,1.31364490929991,,125.9
1146,-2.3000000000000003,0,4,3,1,1.31364490929991,,126.0
1147,6.6,1,5,4,1,1.31364490929991,,126.1
1148,-6.000000000000001,0,9,4,1,1.31364490929991,,126.2
1149,-5.4,0,5,4,1,1.31364490929991,,126.3
1150,-5.4,0,5,4,1,1.31364490929991,,126.4
1151,-6.700000000000001,0,7,4,1,1.31364490929991,,126.5
1152,-4.700000000000001,0,7,4,1,1.31364490929991,,126.6
1153,-5.4,0,5,4,1,1.31364490929991,,126.7
1154,-4.300000000000001,0,4,3,1,1.31364490929991,,126.8
1155,-4.300000000000001,0,4,3,1,1.31364490929991,,126.8
1156,-5.4,0,5,4,1,1.31364490929991,,126.9
1157,-5.4,0,5,4,1,1.31364490929991,,127.0
1158,-4.9,0,8,3,1,1.31364490929991,,127.1
1159,5.4,1,6,3,1,1.31364490929991,,127.2
1160,-4.300000000000001,0,4,3,1,1.31364490929991,,127.3
1161,-4.300000000000001,0,4,3,1,1.31364490929991,,127.4
1162,-4.300000000000001,0,4,3,1,1.31364490929991,,127.5
1163,-1.7000000000000002,0,7,4,1,1.31364490929991,,127.6
1164,-5.4,0,5,4,1,1.31364490929991,,127.7
1165,-4.300000000000001,0,4,3,1,1.31364490929991,,127.8
1166,-5.700000000000001,0,7,4,1,1.31364490929991,,127.9
1167,-4.300000000000001,0,4,3,1,1.31364490929991,,128.0
1168,-5.6000000000000005,0,6,3,1,1.31364490929991,,128.1
1169,0.6000000000000001,0,5,4,1,1.31364490929991,,128.2
1170,-1.4000000000000001,0,5,4,1,1.31364490929991,,128.3
1171,-4.300000000000001,0,4,3,1,1.31364490929991,,128.3
1172,-4.300000000000001,0,4,3,1,1.31364490929991,,128.4
1173,-5.4,0,5,4,1,1.31364490929991,,128.5
1174,-4.300000000000001,0,4,3,1,1.31364490929991,,128.6
1175,-5.4,0,5,4,1,1.31364490929991,,128.7
1176,-5.7,0,7,4,1,1.31364490929991,,128.8
1177,-2.3000000000000003,0,4,3,1,1.31364490929991,,128.9
1178,-4.300000000000001,0,4,3,1,1.31364490929991,,129.0
1179,-2.3000000000000003,0,4,3,1,1.31364490929991,,129.1
1180,-3.4000000000000004,0,5,4,1,1.31364490929991,,129.1
1181,-8.3,0,11,4,1,1.31364490929991,,129.3
1182,-5.4,0,5,4,1,1.31364490929991,,129.4
1183,-5.4,0,5,4,1,1.31364490929991,,129.5
1184,-5.4,0,5,4,1,1.31364490929991,,129.5
1185,-5.7,0,7,4,1,1.31364490929991,,129.6
1186,-3.6,0,6,3,1,1.31364490929991,,129.7
1187,-3.4000000000000004,0,5,4,1,1.31364490929991,,129.8
1188,-4.6,0,6,3,1,1.31364490929991,,129.9
1189,-4.300000000000001,0,4,3,1,1.31364490929991,,129.9
1190,-4.300000000000001,0,4,3,1,1.31364490929991,,130.0
1191,-4.300000000000001,0,4,3,1,1.31364490929991,,130.1
1192,-2.3000000000000003,0,4,3,1,1.31364490929991,,130.2
1193,-3.7,0,7,4,1,1.31364490929991,,130.3
1194,-5.6000000000000005,0,6,3,1,1.31364490929991,,130.4
1195,-0.30000000000000004,0,4,3,1,1.31364490929991,,130.4
1196,-5.5,0,12,3,1,1.31364490929991,,130.5
1197,-3.4000000000000004,0,5,4,1,1.31364490929991,,130.6
1198,-4.300000000000001,0,4,3,1,1.31364490929991,,130.7
1199,-4.9,0,8,3,1,1.31364490929991,,130.8
1200,-3.6000000000000005,0,6,3,1,1.31364490929991,,130.9
1201,-0.30000000000000004,0,4,3,1,1.31364490929991,,131.0
1202,-4.300000000000001,0,4,3,1,1.31364490929991,,131.1
1203,-5.4,0,5,4,1,1.31364490929991,,131.2
1204,-2.3000000000000003,0,4,3,1,1.31364490929991,,131.3
1205,-4.300000000000001,0,4,3,1,1.31364490929991,,131.4
1206,-5.4,0,5,4,1,1.31364490929991,,131.4
1207,-4.6000000000000005,0,6,3,1,1.31364490929991,,131.6
1208,-5.4,0,5,4,1,1.31364490929991,,131.6
1209,-5.4,0,5,4,1,1.31364490929991,,131.7
1210,-4.300000000000001,0,4,3,1,1.31364490929991,,131.8
1211,-4.700000000000001,0,7,4,1,1.31364490929991,,131.9
1212,-6.700000000000001,0,7,4,1,1.31364490929991,,132.0
1213,-4.300000000000001,0,4,3,1,1.31364490929991,,132.1
1214,-1.4000000000000001,0,5,4,1,1.31364490929991,,132.2
1215,-5.4,0,5,4,1,1.31364490929991,,132.2
1216,-5.700000000000001,0,7,4,1,1.31364490929991,,132.4
1217,-2.3000000000000003,0,4,3,1,1.31364490929991,,132.5
1218,-4.300000000000001,0,4,3,1,1.31364490929991,,132.5
1219,-2.3000000000000003,0,4,3,1,1.31364490929991,,132.6
1220,-3.4000000000000004,0,5,4,1,1.31364490929991,,132.7
1221,-5.4,0,5,4,1,1.31364490929991,,132.7
1222,-5.4,0,5,4,1,1.31364490929991,,132.8
1223,-3.4000000000000004,0,5,4,1,1.31364490929991,,132.9
1224,-3.4000000000000004,0,5,4,1,1.31364490929991,,133.0
1225,-4.300000000000001,0,4,3,1,1.31364490929991,,133.1
1226,-3.4000000000000004,0,5,4,1,1.31364490929991,,133.2
1227,-5.700000000000001,0,7,4,1,1.31364490929991,,133.3
1228,-7.0,0,9,4,1,1.31364490929991,,133.4
1229,-5.4,0,5,4,1,1.31364490929991,,133.4
1230,-4.300000000000001,0,4,3,1,1.31364490929991,,133.5
1231,-7.0,0,9,4,1,1.31364490929991,,133.6
1232,5.7,1,4,3,1,1.31364490929991,,133.7
1233,-4.300000000000001,0,4,3,1,1.31364490929991,,133.8
1234,-5.4,0,5,4,1,1.31364490929991,,133.9
1235,-5.4,0,5,4,1,1.31364490929991,,134.0
1236,-3.4000000000000004,0,5,4,1,1.31364490929991,,134.0
1237,-1.4000000000000001,0,5,4,1,1.31364490929991,,134.1
1238,-0.30000000000000004,0,4,3,1,1.31364490929991,,134.2
1239,-5.4,0,5,4,1,1.31364490929991,,134.3
1240,-4.700000000000001,0,7,4,1,1.31364490929991,,134.4
1241,-5.4,0,5,4,1,1.31364490929991,,134.4
1242,-5.700000000000001,0,7,4,1,1.31364490929991,,134.5
1243,-6.700000000000001,0,7,4,1,1.31364490929991,,134.6
1244,-2.3000000000000003,0,4,3,1,1.31364490929991,,134.7
1245,-5.4,0,5,4,1,1.31364490929991,,134.7
1246,-4.300000000000001,0,4,3,1,1.31364490929991,,134.8
1247,-4.300000000000001,0,4,3,1,1.31364490929991,,134.9
1248,-5.4,0,5,4,1,1.31364490929991,,135.0
1249,-3.4000000000000004,0,5,4,1,1.31364490929991,,135.0
1250,-5.4,0,5,4,1,1.31364490929991,,135.1
1251,-4.300000000000001,0,4,3,1,1.31364490929991,,135.3
1252,-4.300000000000001,0,4,3,1,1.31364490929991,,135.3
1253,-5.4,0,5,4,1,1.31364490929991,,135.4
1254,-5.4,0,5,4,1,1.31364490929991,,135.5
1255,-6.700000000000001,0,7,4,1,1.31364490929991,,135.6
1256,-4.300000000000001,0,4,3,1,1.31364490929991,,135.7
1257,-5.6000000000000005,0,6,3,1,1.31364490929991,,135.8
1258,-5.4,0,5,4,1,1.31364490929991,,135.9
1259,-5.4,0,5,4,1,1.31364490929991,,135.9
1260,-5.6000000000000005,0,6,3,1,1.31364490929991,,136.0
1261,-3.4000000000000004,0,5,4,1,1.31364490929991,,136.1
1262,-4.300000000000001,0,4,3,1,1.31364490929991,,136.2
1263,-4.300000000000001,0,4,3,1,1.31364490929991,,136.3
1264,-4.700000000000001,0,7,4,1,1.31364490929991,,136.4
1265,-4.300000000000001,0,4,3,1,1.31364490929991,,136.5
1266,-5.6000000000000005,0,6,3,1,1.31364490929991,,136.6
1267,-4.300000000000001,0,4,3,1,1.31364490929991,,136.7
1268,-4.300000000000001,0,4,3,1,1.31364490929991,,136.7
1269,-2.3000000000000003,0,4,3,1,1.31364490929991,,136.8
1270,-0.30000000000000004,0,4,3,1,1.31364490929991,,136.9
1271,-3.4000000000000004,0,5,4,1,1.31364490929991,,137.0
1272,-5.4,0,5,4,1,1.31364490929991,,137.1
1273,-5.6000000000000005,0,6,3,1,1.31364490929991,,137.2
1274,-4.300000000000001,0,4,3,1,1.31364490929991,,137.2
1275,5.7,1,4,3,1,1.31364490929991,,137.3
1276,-4.300000000000001,0,4,3,1,1.31364490929991,,137.4
1277,-6.700000000000001,0,7,4,1,1.31364490929991,,137.5
1278,-5.4,0,5,4,1,1.31364490929991,,137.6
1279,-5.4,0,5,4,1,1.31364490929991,,137.7
1280,-3.4000000000000004,0,5,4,1,1.31364490929991,,137.7
1281,-8.0,0,9,4,1,1.31364490929991,,137.8
1282,-5.4,0,5,4,1,1.31364490929991,,137.9
1283,-5.6000000000000005,0,6,3,1,1.31364490929991,,138.0
1284,-3.4000000000000004,0,5,4,1,1.31364490929991,,138.1
1285,-4.300000000000001,0,4,3,1,1.31364490929991,,138.2
1286,-7.0,0,9,4,1,1.31364490929991,,138.3
1287,-5.4,0,5,4,1,1.31364490929991,,138.4
1288,-6.700000000000001,0,7,4,1,1.31364490929991,,138.5
1289,-4.300000000000001,0,4,3,1,1.31364490929991,,138.5
1290,-5.700000000000001,0,7,4,1,1.31364490929991,,138.6
1291,-4.300000000000001,0,4,3,1,1.31364490929991,,138.7
1292,-3.4000000000000004,0,5,4,1,1.31364490929991,,138.8
1293,-4.300000000000001,0,4,3,1,1.2376766549423337,0.6632145392941311,139.5
1294,-1.6,0,6,3,1,1.2376766549423337,,139.6
1295,4.4,1,6,3,1,1.2376766549423337,,139.7
1296,-4.300000000000001,0,4,3,1,1.2376766549423337,,139.8
1297,-4.300000000000001,0,4,3,1,1.2376766549423337,,139.9
1298,-4.300000000000001,0,4,3,1,1.2376766549423337,,140.0
1299,-4.700000000000001,0,7,4,1,1.2376766549423337,,140.0
1300,-3.6,0,6,3,1,1.2376766549423337,,140.2
1301,-6.700000000000001,0,7,4,1,1.2376766549423337,,140.3
1302,-4.6000000000000005,0,6,3,1,1.2376766549423337,,140.4
1303,-5.6000000000000005,0,6,3,1,1.2376766549423337,,140.5
1304,-4.300000000000001,0,4,3,1,1.2376766549423337,,140.5
1305,-5.4,0,5,4,1,1.2376766549423337,,140.6
1306,-4.300000000000001,0,4,3,1,1.2376766549423337,,140.7
1307,-5.200000000000001,0,10,3,1,1.2376766549423337,,140.8
1308,-5.6000000000000005,0,6,3,1,1.2376766549423337,,140.9
1309,-5.4,0,5,4,1,1.2376766549423337,,140.9
1310,-3.4000000000000004,0,5,4,1,1.2376766549423337,,141.0
1311,-4.300000000000001,0,4,3,1,1.2376766549423337,,141.1
1312,-1.9000000000000001,0,8,3,1,1.2376766549423337,,141.2
1313,-5.0,0,9,4,1,1.2376766549423337,,141.2
1314,-3.7,0,7,4,1,1.2376766549423337,,141.4
1315,-5.9,0,8,3,1,1.2376766549423337,,141.5
1316,-5.4,0,5,4,1,1.2376766549423337,,141.6
1317,-2.3000000000000003,0,4,3,1,1.2376766549423337,,141.6
1318,-4.300000000000001,0,4,3,1,1.2376766549423337,,141.7
1319,-3.6000000000000005,0,6,3,1,1.2376766549423337,,141.8
1320,-5.4,0,5,4,1,1.2376766549423337,,141.8
1321,-4.6000000000000005,0,6,3,1,1.2376766549423337,,141.9
1322,-4.300000000000001,0,4,3,1,1.2376766549423337,,142.0
1323,-3.6000000000000005,0,6,3,1,1.2376766549423337,,142.1
1324,-4.6,0,6,3,1,1.2376766549423337,,142.2
1325,-5.4,0,5,4,1,1.2376766549423337,,142.2
1326,-4.300000000000001,0,4,3,1,1.2376766549423337,,142.3
1327,-5.6000000000000005,0,6,3,1,1.2376766549423337,,142.4
1328,-4.300000000000001,0,4,3,1,1.2376766549423337,,142.5
1329,-5.6000000000000005,0,6,3,1,1.2376766549423337,,142.6
1330,-4.300000000000001,0,4,3,1,1.2376766549423337,,142.7
1331,-5.4,0,5,4,1,1.2376766549423337,,142.8
1332,-6.700000000000001,0,7,4,1,1.2376766549423337,,142.9
1333,-4.300000000000001,0,4,3,1,1.2376766549423337,,143.0
1334,-6.9,0,8,3,1,1.2376766549423337,,143.0
1335,-5.4,0,5,4,1,1.2376766549423337,,143.1
1336,-5.4,0,5,4,1,1.2376766549423337,,143.2
1337,-6.700000000000001,0,7,4,1,1.2376766549423337,,143.3
1338,-4.300000000000001,0,4,3,1,1.2376766549423337,,143.4
1339,-0.30000000000000004,0,4,3,1,1.2376766549423337,,143.5
1340,-4.300000000000001,0,4,3,1,1.2376766549423337,,143.5
1341,-1.6,0,6,3,1,1.2376766549423337,,143.6
1342,-0.30000000000000004,0,4,3,1,1.2376766549423337,,143.7
1343,-5.4,0,5,4,1,1.2376766549423337,,143.8
1344,-4.300000000000001,0,4,3,1,1.2376766549423337,,144.0
1345,-3.6000000000000005,0,6,3,1,1.2376766549423337,,144.0
1346,-4.300000000000001,0,4,3,1,1.2376766549423337,,144.1
1347,-4.300000000000001,0,4,3,1,1.2376766549423337,,144.2
1348,-4.300000000000001,0,4,3,1,1.2376766549423337,,144.3
1349,-4.300000000000001,0,4,3,1,1.2376766549423337,,144.4
1350,0.6000000000000001,0,5,4,1,1.2376766549423337,,144.5
1351,-4.300000000000001,0,4,3,1,1.2376766549423337,,144.6
1352,-2.3000000000000003,0,4,3,1,1.2376766549423337,,144.7
1353,-3.6000000000000005,0,6,3,1,1.2376766549423337,,144.8
1354,-4.300000000000001,0,4,3,1,1.2376766549423337,,144.8
1355,-2.3000000000000003,0,4,3,1,1.2376766549423337,,144.9
1356,-5.4,0,5,4,1,1.2376766549423337,,145.0
1357,-4.300000000000001,0,4,3,1,1.2376766549423337,,145.1
1358,-3.6000000000000005,0,6,3,1,1.2376766549423337,,145.2
1359,-5.4,0,5,4,1,1.2376766549423337,,145.3
1360,-3.4000000000000004,0,5,4,1,1.2376766549423337,,145.3
1361,-5.6000000000000005,0,6,3,1,1.2376766549423337,,145.4
1362,-4.300000000000001,0,4,3,1,1.2376766549423337,,145.5
1363,-5.4,0,5,4,1,1.2376766549423337,,145.6
1364,-4.300000000000001,0,4,3,1,1.2376766549423337,,145.7
1365,-4.300000000000001,0,4,3,1,1.2376766549423337,,145.8
1366,5.7,1,4,3,1,1.2376766549423337,,145.8
1367,-5.4,0,5,4,1,1.2376766549423337,,145.9
1368,-2.3000000000000003,0,4,3,1,1.2376766549423337,,146.0
1369,-2.3000000000000003,0,4,3,1,1.2376766549423337,,146.1
1370,-4.300000000000001,0,4,3,1,1.2376766549423337,,146.2
1371,-4.300000000000001,0,4,3,1,1.2376766549423337,,146.2
1372,-4.300000000000001,0,4,3,1,1.2376766549423337,,146.3
1373,-5.4,0,5,4,1,1.2376766549423337,,146.4
1374,-4.6,0,6,3,1,1.2376766549423337,,146.5
1375,6.6,1,5,4,1,1.2376766549423337,,146.6
1376,-4.300000000000001,0,4,3,1,1.2376766549423337,,146.7
1377,-4.300000000000001,0,4,3,1,1.2376766549423337,,146.7
1378,-2.3000000000000003,0,4,3,1,1.2376766549423337,,146.8
1379,-4.300000000000001,0,4,3,1,1.2376766549423337,,146.9
1380,-2.6,0,6,3,1,1.2376766549423337,,146.9
1381,-4.300000000000001,0,4,3,1,1.2376766549423337,,147.0
1382,-2.3000000000000003,0,4,3,1,1.2376766549423337,,147.1
1383,-5.4,0,5,4,1,1.2376766549423337,,147.2
1384,-4.300000000000001,0,4,3,1,1.2376766549423337,,147.2
1385,-4.300000000000001,0,4,3,1,1.2376766549423337,,147.3
1386,-5.4,0,5,4,1,1.2376766549423337,,147.4
1387,-1.9000000000000001,0,8,3,1,1.2376766549423337,,147.5
1388,-5.4,0,5,4,1,1.2376766549423337,,147.5
1389,-5.9,0,8,3,1,1.2376766549423337,,147.6
1390,-3.4000000000000004,0,5,4,1,1.2376766549423337,,147.7
1391,-4.300000000000001,0,4,3,1,1.2376766549423337,,147.7
1392,-0.30000000000000004,0,4,3,1,1.2376766549423337,,147.8
1393,-4.6,0,6,3,1,1.2376766549423337,,147.9
1394,-4.300000000000001,0,4,3,1,1.2376766549423337,,148.0
1395,-5.6000000000000005,0,6,3,1,1.2376766549423337,,148.1
1396,-2.3000000000000003,0,4,3,1,1.2376766549423337,,148.1
1397,-5.6000000000000005,0,6,3,1,1.2376766549423337,,148.2
1398,-5.4,0,5,4,1,1.2376766549423337,,148.3
1399,-2.3000000000000003,0,4,3,1,1.2376766549423337,,148.4
1400,-4.300000000000001,0,4,3,1,1.2376766549423337,,148.4
1401,-4.300000000000001,0,4,3,1,1.2376766549423337,,148.5
1402,-4.300000000000001,0,4,3,1,1.2376766549423337,,148.6
1403,-4.300000000000001,0,4,3,1,1.2376766549423337,,148.7
1404,-4.300000000000001,0,4,3,1,1.2376766549423337,,148.8
1405,-5.4,0,5,4,1,1.2376766549423337,,148.9
1406,-4.300000000000001,0,4,3,1,1.2376766549423337,,149.0
1407,-5.6000000000000005,0,6,3,1,1.2376766549423337,,149.0
1408,-4.300000000000001,0,4,3,1,1.2376766549423337,,149.1
1409,-5.4,0,5,4,1,1.2376766549423337,,149.2
1410,-4.300000000000001,0,4,3,1,1.2376766549423337,,149.2
1411,-3.6000000000000005,0,6,3,1,1.2376766549423337,,149.3
1412,-2.3000000000000003,0,4,3,1,1.2376766549423337,,149.4
1413,-5.6000000000000005,0,6,3,1,1.2376766549423337,,149.5
1414,-4.300000000000001,0,4,3,1,1.2376766549423337,,149.6
1415,-4.300000000000001,0,4,3,1,1.2376766549423337,,149.7
1416,-4.300000000000001,0,4,3,1,1.2376766549423337,,149.7
1417,-4.300000000000001,0,4,3,1,1.2376766549423337,,149.8
1418,-2.6,0,6,3,1,1.2376766549423337,,149.9
1419,-4.300000000000001,0,4,3,1,1.2376766549423337,,150.0
1420,-4.300000000000001,0,4,3,1,1.2376766549423337,,150.0
1421,-4.300000000000001,0,4,3,1,1.2376766549423337,,150.1
1422,-2.3000000000000003,0,4,3,1,1.2376766549423337,,150.2
1423,-4.300000000000001,0,4,3,1,1.2376766549423337,,150.3
1424,-5.700000000000001,0,7,4,1,1.2376766549423337,,150.3
1425,-1.4000000000000001,0,5,4,1,1.2376766549423337,,150.4
1426,-2.3000000000000003,0,4,3,1,1.2376766549423337,,150.5
1427,-5.4,0,5,4,1,1.2376766549423337,,150.6
1428,-4.700000000000001,0,7,4,1,1.2376766549423337,,150.7
1429,-5.4,0,5,4,1,1.2376766549423337,,150.7
1430,-4.300000000000001,0,4,3,1,1.2376766549423337,,150.8
1431,-0.30000000000000004,0,4,3,1,1.2376766549423337,,150.9
1432,-4.300000000000001,0,4,3,1,1.2376766549423337,,151.0
1433,-6.700000000000001,0,7,4,1,1.2376766549423337,,151.1
1434,-2.3000000000000003,0,4,3,1,1.2376766549423337,,151.2
1435,-2.3000000000000003,0,4,3,1,1.2376766549423337,,151.3
1436,-4.9,0,8,3,1,1.2376766549423337,,151.4
1437,-4.300000000000001,0,4,3,1,1.2376766549423337,,151.5
1438,-0.30000000000000004,0,4,3,1,1.2376766549423337,,151.6
1439,-4.300000000000001,0,4,3,1,1.2376766549423337,,151.7
1440,-4.300000000000001,0,4,3,1,1.2376766549423337,,151.8
1441,-4.300000000000001,0,4,3,1,1.2376766549423337,,151.8
1442,-4.300000000000001,0,4,3,1,1.2376766549423337,,151.9
1443,-4.300000000000001,0,4,3,1,1.2376766549423337,,152.0
1444,-4.300000000000001,0,4,3,1,1.2376766549423337,,152.1
1445,-4.6,0,6,3,1,1.2376766549423337,,152.1
1446,-5.6000000000000005,0,6,3,1,1.2376766549423337,,152.2
1447,-2.3000000000000003,0,4,3,1,1.2376766549423337,,152.3
1448,-4.300000000000001,0,4,3,1,1.2376766549423337,,152.4
1449,-4.300000000000001,0,4,3,1,1.2376766549423337,,152.5
1450,-4.6,0,6,3,1,1.2376766549423337,,152.5
1451,-6.500000000000002,0,12,3,1,1.2376766549423337,,152.6
1452,-2.3000000000000003,0,4,3,1,1.2376766549423337,,152.8
1453,-4.300000000000001,0,4,3,1,1.2376766549423337,,152.8
1454,-5.4,0,5,4,1,1.2376766549423337,,153.0
1455,-5.4,0,5,4,1,1.2376766549423337,,153.0
1456,-2.3000000000000003,0,4,3,1,1.2376766549423337,,153.1
1457,-5.4,0,5,4,1,1.2376766549423337,,153.2
1458,5.7,1,4,3,1,1.2376766549423337,,153.3
1459,-6.700000000000001,0,7,4,1,1.2376766549423337,,153.4
1460,-2.3000000000000003,0,4,3,1,1.2376766549423337,,153.5
1461,-2.3000000000000003,0,4,3,1,1.2376766549423337,,153.6
1462,-2.3000000000000003,0,4,3,1,1.2376766549423337,,153.7
1463,-5.6000000000000005,0,6,3,1,1.2376766549423337,,153.8
1464,-2.3000000000000003,0,4,3,1,1.2376766549423337,,153.8
1465,-9.7,0,12,2,0,1.2376766549423337,,153.9
1466,-5.4,0,5,4,1,1.2376766549423337,,154.0
1467,-4.300000000000001,0,4,3,1,1.2376766549423337,,154.1
1468,-0.30000000000000004,0,4,3,1,1.2376766549423337,,154.1
1469,-3.4000000000000004,0,5,4,1,1.2376766549423337,,154.2
1470,-5.6000000000000005,0,6,3,1,1.2376766549423337,,154.3
1471,-4.300000000000001,0,4,3,1,1.2376766549423337,,154.4
1472,-5.4,0,5,4,1,1.2376766549423337,,154.5
1473,-4.300000000000001,0,4,3,1,1.2376766549423337,,154.5
1474,-5.2,0,10,3,1,1.2376766549423337,,154.7
1475,-5.6000000000000005,0,6,3,1,1.2376766549423337,,154.8
1476,-5.200000000000001,0,10,3,1,1.2376766549423337,,154.9
1477,-4.300000000000001,0,4,3,1,1.2376766549423337,,155.0
1478,-5.6000000000000005,0,6,3,1,1.2376766549423337,,155.1
1479,-3.4000000000000004,0,5,4,1,1.2376766549423337,,155.2
1480,-5.4,0,5,4,1,1.2376766549423337,,155.2
1481,-3.6000000000000005,0,6,3,1,1.2376766549423337,,155.3
1482,-5.4,0,5,4,1,1.2376766549423337,,155.4
1483,-5.6000000000000005,0,6,3,1,1.2376766549423337,,155.5
1484,-4.6000000000000005,0,6,3,1,1.2376766549423337,,155.6
1485,-3.6000000000000005,0,6,3,1,1.2376766549423337,,155.7
1486,-3.4000000000000004,0,5,4,1,1.2376766549423337,,155.8
1487,-5.4,0,5,4,1,1.2376766549423337,,155.9
1488,0.6000000000000001,0,5,4,1,1.2376766549423337,,156.0
1489,-4.6,0,6,3,1,1.2376766549423337,,156.0
1490,-5.2,0,10,3,1,1.2376766549423337,,156.1
1491,-5.4,0,5,4,1,1.2376766549423337,,156.1
1492,-4.300000000000001,0,4,3,1,1.2376766549423337,,156.3
1493,-0.30000000000000004,0,4,3,1,1.2376766549423337,,156.4
1494,-4.300000000000001,0,4,3,1,1.2376766549423337,,156.5
1495,-4.300000000000001,0,4,3,1,1.2376766549423337,,156.6
1496,-3.6,0,6,3,1,1.2376766549423337,,156.7
1497,-5.4,0,5,4,1,1.2376766549423337,,156.8
1498,0.3999999999999999,0,6,3,1,1.2376766549423337,,156.9
1499,-5.6000000000000005,0,6,3,1,1.2376766549423337,,157.0
1500,-4.6000000000000005,0,6,3,1,1.2376766549423337,,157.0
1501,5.7,1,4,3,1,1.2376766549423337,,162.9
1502,-4.300000000000001,0,4,3,1,1.2376766549423337,,163.0
1503,-5.4,0,5,4,1,1.2376766549423337,,163.0
1504,-1.4000000000000001,0,5,4,1,1.2376766549423337,,163.1
1505,-5.4,0,5,4,1,1.2376766549423337,,163.2
1506,-5.4,0,5,4,1,1.2376766549423337,,163.3
1507,-5.4,0,5,4,1,1.2376766549423337,,163.4
1508,-6.700000000000001,0,7,4,1,1.2376766549423337,,163.6
1509,-9.600000000000001,0,12,4,0,1.2376766549423337,,163.7
1510,5.7,1,4,3,1,1.2376766549423337,,163.7
1511,-3.4000000000000004,0,5,4,1,1.2376766549423337,,163.8
1512,-5.7,0,7,4,1,1.2376766549423337,,163.9
1513,-5.4,0,5,4,1,1.2376766549423337,,164.0
1514,-2.3000000000000003,0,4,3,1,1.2376766549423337,,164.1
1515,-2.6,0,6,3,1,1.2376766549423337,,164.2
1516,-5.4,0,5,4,1,1.2376766549423337,,164.2
1517,-2.3000000000000003,0,4,3,1,1.2376766549423337,,164.3
1518,-3.4000000000000004,0,5,4,1,1.2376766549423337,,164.4
1519,-5.4,0,5,4,1,1.2376766549423337,,164.5
1520,-4.300000000000001,0,4,3,1,1.2376766549423337,,164.6
1521,5.7,1,4,3,1,1.2376766549423337,,164.6
1522,-0.30000000000000004,0,4,3,1,1.2376766549423337,,164.7
1523,-0.30000000000000004,0,4,3,1,1.2376766549423337,,164.8
1524,-6.900000000000001,0,8,3,1,1.2376766549423337,,164.9
1525,-3.6000000000000005,0,6,3,1,1.2376766549423337,,165.0
1526,-4.6,0,6,3,1,1.2376766549423337,,165.1
1527,-0.30000000000000004,0,4,3,1,1.2376766549423337,,165.2
1528,-4.300000000000001,0,4,3,1,1.2376766549423337,,165.3
1529,-5.4,0,5,4,1,1.2376766549423337,,165.4
1530,-2.3000000000000003,0,4,3,1,1.2376766549423337,,165.5
1531,-3.4000000000000004,0,5,4,1,1.2376766549423337,,165.6
1532,-1.9000000000000001,0,8,3,1,1.2376766549423337,,165.7
1533,-4.300000000000001,0,4,3,1,1.2376766549423337,,165.7
1534,-4.300000000000001,0,4,3,1,1.2376766549423337,,165.8
1535,-4.300000000000001,0,4,3,1,1.2376766549423337,,165.9
1536,-2.6,0,6,3,1,1.2376766549423337,,166.0
1537,-5.6000000000000005,0,6,3,1,1.2376766549423337,,166.0
1538,-5.4,0,5,4,1,1.2376766549423337,,166.1
1539,-5.4,0,5,4,1,1.2376766549423337,,166.2
1540,-4.300000000000001,0,4,3,1,1.2376766549423337,,166.3
1541,-8.0,0,9,4,1,1.2376766549423337,,166.4
1542,-4.300000000000001,0,4,3,1,1.2376766549423337,,166.4
1543,-4.300000000000001,0,4,3,1,1.2376766549423337,,166.5
1544,-3.6,0,6,3,1,1.2376766549423337,,166.6
1545,-5.700000000000001,0,12,2,0,1.2376766549423337,,166.7
1546,-4.300000000000001,0,4,3,1,1.2376766549423337,,166.8
1547,-5.6000000000000005,0,6,3,1,1.2376766549423337,,166.9
1548,-4.700000000000001,0,7,4,1,1.2376766549423337,,167.0
1549,-2.3000000000000003,0,4,3,1,1.2376766549423337,,167.1
1550,-4.300000000000001,0,4,3,1,1.2376766549423337,,167.2
1551,-4.300000000000001,0,4,3,1,1.2376766549423337,,167.2
1552,-5.6000000000000005,0,6,3,1,1.2376766549423337,,167.3
1553,-4.300000000000001,0,4,3,1,1.2376766549423337,,167.4
1554,-2.3000000000000003,0,4,3,1,1.2376766549423337,,167.5
1555,-5.6000000000000005,0,6,3,1,1.2376766549423337,,167.6
1556,-2.3000000000000003,0,4,3,1,1.2376766549423337,,167.7
1557,-5.6000000000000005,0,6,3,1,1.2376766549423337,,167.8
1558,-2.3000000000000003,0,4,3,1,1.2376766549423337,,167.9
1559,-4.300000000000001,0,4,3,1,1.2376766549423337,,168.0
1560,-4.300000000000001,0,4,3,1,1.2376766549423337,,168.1
1561,-5.4,0,5,4,1,1.2376766549423337,,168.1
1562,-5.6000000000000005,0,6,3,1,1.2376766549423337,,168.2
1563,-4.300000000000001,0,4,3,1,1.2376766549423337,,168.2
1564,-4.300000000000001,0,4,3,1,1.2376766549423337,,168.4
1565,-5.4,0,5,4,1,1.2376766549423337,,168.4
1566,-3.4000000000000004,0,5,4,1,1.2376766549423337,,168.5
1567,-4.700000000000001,0,7,4,1,1.2376766549423337,,168.6
1568,-4.300000000000001,0,4,3,1,1.2376766549423337,,168.7
1569,-6.700000000000001,0,7,4,1,1.2376766549423337,,168.8
1570,-8.0,0,9,4,1,1.2376766549423337,,168.9
1571,-3.6000000000000005,0,6,3,1,1.2376766549423337,,169.0
1572,-2.6,0,6,3,1,1.2376766549423337,,169.1
1573,-4.300000000000001,0,4,3,1,1.2376766549423337,,169.2
1574,-5.4,0,5,4,1,1.2376766549423337,,169.2
1575,-4.300000000000001,0,4,3,1,1.2376766549423337,,169.3
1576,-4.300000000000001,0,4,3,1,1.2376766549423337,,169.4
1577,-5.6000000000000005,0,6,3,1,1.2376766549423337,,169.5
1578,-2.3000000000000003,0,4,3,1,1.2376766549423337,,169.6
1579,-4.300000000000001,0,4,3,1,1.2376766549423337,,169.7
1580,-4.300000000000001,0,4,3,1,1.2376766549423337,,169.8
1581,-4.300000000000001,0,4,3,1,1.2376766549423337,,169.8
1582,-4.300000000000001,0,4,3,1,1.2376766549423337,,169.9
1583,-5.6000000000000005,0,6,3,1,1.2376766549423337,,170.0
1584,-6.9,0,8,3,1,1.2376766549423337,,170.1
1585,-6.700000000000001,0,7,4,1,1.2376766549423337,,170.2
1586,-7.0,0,9,4,1,1.2376766549423337,,170.3
1587,-5.4,0,5,4,1,1.2376766549423337,,170.4
1588,-4.300000000000001,0,4,3,1,1.2376766549423337,,170.5
1589,-4.300000000000001,0,4,3,1,1.2376766549423337,,170.6
1590,-2.3000000000000003,0,4,3,1,1.2376766549423337,,170.7
1591,-5.4,0,5,4,1,1.2376766549423337,,170.8
1592,-4.300000000000001,0,4,3,1,1.2376766549423337,,170.9
1593,-5.6000000000000005,0,6,3,1,1.2376766549423337,,170.9
1594,-4.300000000000001,0,4,3,1,1.2376766549423337,,171.0
1595,-2.3000000000000003,0,4,3,1,1.2376766549423337,,171.1
1596,-6.0,0,9,4,1,1.2376766549423337,,171.2
1597,-0.30000000000000004,0,4,3,1,1.2376766549423337,,171.3
1598,-4.300000000000001,0,4,3,1,1.2376766549423337,,171.3
1599,-1.6,0,6,3,1,1.2376766549423337,,171.4
1600,-4.6000000000000005,0,6,3,1,1.2376766549423337,,171.5
1601,-4.300000000000001,0,4,3,1,1.2376766549423337,,171.6
1602,-5.4,0,5,4,1,1.2376766549423337,,171.7
1603,-3.4000000000000004,0,5,4,1,1.2376766549423337,,171.7
1604,-5.4,0,5,4,1,1.2376766549423337,,171.8
1605,-4.300000000000001,0,4,3,1,1.2376766549423337,,171.9
1606,-4.300000000000001,0,4,3,1,1.2376766549423337,,172.0
1607,-2.6,0,6,3,1,1.2376766549423337,,172.0
1608,-4.300000000000001,0,4,3,1,1.2376766549423337,,172.1
1609,-4.300000000000001,0,4,3,1,1.2376766549423337,,172.2
1610,-2.3000000000000003,0,4,3,1,1.2376766549423337,,172.3
1611,-3.6000000000000005,0,6,3,1,1.2376766549423337,,172.3
1612,-4.300000000000001,0,4,3,1,1.2376766549423337,,172.4
1613,-4.300000000000001,0,4,3,1,1.2376766549423337,,172.5
1614,-5.9,0,8,3,1,1.2376766549423337,,172.6
1615,-4.700000000000001,0,7,4,1,1.2376766549423337,,172.7
1616,-2.3000000000000003,0,4,3,1,1.2376766549423337,,172.8
1617,-4.300000000000001,0,4,3,1,1.2376766549423337,,172.9
1618,-4.300000000000001,0,4,3,1,1.2376766549423337,,173.0
1619,-5.4,0,5,4,1,1.2376766549423337,,173.1
1620,-5.4,0,5,4,1,1.2376766549423337,,173.1
1621,-4.300000000000001,0,4,3,1,1.2376766549423337,,173.2
1622,-4.300000000000001,0,4,3,1,1.2376766549423337,,173.3
1623,-5.4,0,5,4,1,1.2376766549423337,,173.4
1624,-4.300000000000001,0,4,3,1,1.2376766549423337,,173.4
1625,-4.300000000000001,0,4,3,1,1.2376766549423337,,173.5
1626,-3.4000000000000004,0,5,4,1,1.2376766549423337,,173.5
1627,-5.4,0,5,4,1,1.2376766549423337,,173.6
1628,-4.300000000000001,0,4,3,1,1.2376766549423337,,173.7
1629,-3.4000000000000004,0,5,4,1,1.2376766549423337,,173.8
1630,-4.300000000000001,0,4,3,1,1.2376766549423337,,173.9
1631,-2.3000000000000003,0,4,3,1,1.2376766549423337,,174.0
1632,-5.4,0,5,4,1,1.2376766549423337,,174.1
1633,-5.4,0,5,4,1,1.2376766549423337,,174.2
1634,-3.4000000000000004,0,5,4,1,1.2376766549423337,,174.3
1635,-3.6000000000000005,0,6,3,1,1.2376766549423337,,174.4
1636,-4.300000000000001,0,4,3,1,1.2376766549423337,,174.5
1637,-5.4,0,5,4,1,1.2376766549423337,,174.6
1638,-4.300000000000001,0,4,3,1,1.2376766549423337,,174.7
1639,-5.4,0,5,4,1,1.2376766549423337,,174.7
1640,-5.6000000000000005,0,6,3,1,1.2376766549423337,,174.8
1641,-2.9000000000000004,0,8,3,1,1.2376766549423337,,174.9
1642,-4.300000000000001,0,4,3,1,1.2376766549423337,,175.0
1643,-4.300000000000001,0,4,3,1,1.2376766549423337,,175.1
1644,-4.300000000000001,0,4,3,1,1.2376766549423337,,175.2
1645,-4.300000000000001,0,4,3,1,1.2376766549423337,,175.3
1646,-2.3000000000000003,0,4,3,1,1.2376766549423337,,175.4
1647,-5.4,0,5,4,1,1.2376766549423337,,175.4
1648,-4.300000000000001,0,4,3,1,1.2376766549423337,,175.6
1649,-5.4,0,5,4,1,1.2376766549423337,,175.7
1650,-6.700000000000001,0,7,4,1,1.2376766549423337,,175.7
1651,-0.30000000000000004,0,4,3,1,1.2376766549423337,,175.8
1652,-2.3000000000000003,0,4,3,1,1.2376766549423337,,175.9
1653,-4.300000000000001,0,4,3,1,1.2376766549423337,,175.9
1654,-5.700000000000001,0,7,4,1,1.2376766549423337,,176.1
1655,-4.300000000000001,0,4,3,1,1.2376766549423337,,176.1
1656,-6.700000000000001,0,7,4,1,1.2376766549423337,,176.2
1657,-4.300000000000001,0,4,3,1,1.2376766549423337,,176.3
1658,-4.300000000000001,0,4,3,1,1.2376766549423337,,176.4
1659,-2.900000000000001,0,8,3,1,1.2376766549423337,,176.5
1660,-6.700000000000001,0,7,4,1,1.2376766549423337,,176.6
1661,-0.9000000000000001,0,8,3,1,1.2376766549423337,,176.7
1662,-3.4000000000000004,0,5,4,1,1.2376766549423337,,176.7
1663,-0.30000000000000004,0,4,3,1,1.2376766549423337,,176.8
1664,5.7,1,4,3,1,1.2376766549423337,,176.9
1665,-5.4,0,5,4,1,1.2376766549423337,,177.0
1666,-2.6000000000000005,0,6,3,1,1.2376766549423337,,177.1
1667,-1.4000000000000001,0,5,4,1,1.2376766549423337,,177.2
1668,-3.6000000000000005,0,6,3,1,1.2376766549423337,,177.2
1669,-6.700000000000001,0,7,4,1,1.2376766549423337,,177.3
1670,-4.300000000000001,0,4,3,1,1.2376766549423337,,177.4
1671,-5.7,0,7,4,1,1.2376766549423337,,177.5
1672,-5.7,0,7,4,1,1.2376766549423337,,177.6
1673,-0.30000000000000004,0,4,3,1,1.2376766549423337,,177.7
1674,-4.300000000000001,0,4,3,1,1.2376766549423337,,177.8
1675,-4.300000000000001,0,4,3,1,1.2376766549423337,,177.8
1676,-4.300000000000001,0,4,3,1,1.2376766549423337,,177.9
1677,-4.300000000000001,0,4,3,1,1.2376766549423337,,178.0
1678,-4.300000000000001,0,4,3,1,1.2376766549423337,,178.0
1679,-5.4,0,5,4,1,1.2376766549423337,,178.1
1680,-3.4000000000000004,0,5,4,1,1.2376766549423337,,178.2
1681,-0.9000000000000001,0,8,3,1,1.2376766549423337,,178.3
1682,-4.300000000000001,0,4,3,1,1.2376766549423337,,178.4
1683,-6.700000000000001,0,7,4,1,1.2376766549423337,,178.5
1684,-4.300000000000001,0,4,3,1,1.2376766549423337,,178.6
1685,-5.4,0,5,4,1,1.2376766549423337,,178.7
1686,-5.4,0,5,4,1,1.2376766549423337,,178.8
1687,-4.300000000000001,0,4,3,1,1.2376766549423337,,178.8
1688,-5.6000000000000005,0,6,3,1,1.2376766549423337,,178.9
1689,-4.300000000000001,0,4,3,1,1.2376766549423337,,179.0
1690,-5.6000000000000005,0,6,3,1,1.2376766549423337,,179.0
1691,-3.4000000000000004,0,5,4,1,1.2376766549423337,,179.1
1692,-4.9,0,8,3,1,1.2376766549423337,,179.3
1693,-5.0,0,9,4,1,1.2376766549423337,,179.4
1694,-5.9,0,8,3,1,1.1778108663856983,0.6288789410609752,180.1
1695,-4.300000000000001,0,4,3,1,1.1778108663856983,,180.2
1696,-4.300000000000001,0,4,3,1,1.1778108663856983,,180.3
1697,-4.300000000000001,0,4,3,1,1.1778108663856983,,180.3
1698,-2.3000000000000003,0,4,3,1,1.1778108663856983,,180.4
1699,-2.3000000000000003,0,4,3,1,1.1778108663856983,,180.5
1700,-4.300000000000001,0,4,3,1,1.1778108663856983,,180.5
1701,-4.300000000000001,0,4,3,1,1.1778108663856983,,180.6
1702,-2.3000000000000003,0,4,3,1,1.1778108663856983,,180.7
1703,-5.4,0,5,4,1,1.1778108663856983,,180.8
1704,-4.300000000000001,0,4,3,1,1.1778108663856983,,180.8
1705,-3.4000000000000004,0,5,4,1,1.1778108663856983,,180.9
1706,-4.300000000000001,0,4,3,1,1.1778108663856983,,181.0
1707,-4.300000000000001,0,4,3,1,1.1778108663856983,,181.1
1708,-4.300000000000001,0,4,3,1,1.1778108663856983,,181.2
1709,-0.30000000000000004,0,4,3,1,1.1778108663856983,,181.2
1710,-2.3000000000000003,0,4,3,1,1.1778108663856983,,181.3
1711,-4.6000000000000005,0,6,3,1,1.1778108663856983,,181.4
1712,-5.4,0,5,4,1,1.1778108663856983,,181.5
1713,-2.3000000000000003,0,4,3,1,1.1778108663856983,,181.6
1714,-4.300000000000001,0,4,3,1,1.1778108663856983,,181.7
1715,-4.300000000000001,0,4,3,1,1.1778108663856983,,181.7
1716,-4.300000000000001,0,4,3,1,1.1778108663856983,,181.8
1717,-4.300000000000001,0,4,3,1,1.1778108663856983,,181.9
1718,-5.4,0,5,4,1,1.1778108663856983,,181.9
1719,-4.300000000000001,0,4,3,1,1.1778108663856983,,182.0
1720,-4.300000000000001,0,4,3,1,1.1778108663856983,,182.1
1721,-4.300000000000001,0,4,3,1,1.1778108663856983,,182.1
1722,-4.6,0,6,3,1,1.1778108663856983,,182.2
1723,-4.300000000000001,0,4,3,1,1.1778108663856983,,182.3
1724,-4.300000000000001,0,4,3,1,1.1778108663856983,,182.4
1725,-4.300000000000001,0,4,3,1,1.1778108663856983,,182.5
1726,-4.300000000000001,0,4,3,1,1.1778108663856983,,182.6
1727,-4.300000000000001,0,4,3,1,1.1778108663856983,,182.6
1728,-4.300000000000001,0,4,3,1,1.1778108663856983,,182.7
1729,5.7,1,4,3,1,1.1778108663856983,,182.8
1730,-1.4000000000000001,0,5,4,1,1.1778108663856983,,182.9
1731,-4.300000000000001,0,4,3,1,1.1778108663856983,,182.9
1732,-4.300000000000001,0,4,3,1,1.1778108663856983,,183.1
1733,-2.3000000000000003,0,4,3,1,1.1778108663856983,,183.1
1734,-4.300000000000001,0,4,3,1,1.1778108663856983,,183.2
1735,-4.300000000000001,0,4,3,1,1.1778108663856983,,183.2
1736,-5.4,0,5,4,1,1.1778108663856983,,183.3
1737,-4.300000000000001,0,4,3,1,1.1778108663856983,,183.3
1738,-0.30000000000000004,0,4,3,1,1.1778108663856983,,183.4
1739,-4.300000000000001,0,4,3,1,1.1778108663856983,,183.5
1740,-4.300000000000001,0,4,3,1,1.1778108663856983,,183.6
1741,-2.3000000000000003,0,4,3,1,1.1778108663856983,,183.6
1742,-5.4,0,5,4,1,1.1778108663856983,,183.8
1743,-4.300000000000001,0,4,3,1,1.1778108663856983,,183.9
1744,-4.300000000000001,0,4,3,1,1.1778108663856983,,183.9
1745,-4.300000000000001,0,4,3,1,1.1778108663856983,,184.0
1746,-4.300000000000001,0,4,3,1,1.1778108663856983,,184.1
1747,-5.4,0,5,4,1,1.1778108663856983,,184.2
1748,-4.300000000000001,0,4,3,1,1.1778108663856983,,184.3
1749,-2.3000000000000003,0,4,3,1,1.1778108663856983,,184.3
1750,-4.300000000000001,0,4,3,1,1.1778108663856983,,184.4
1751,-5.4,0,5,4,1,1.1778108663856983,,184.6
1752,-5.4,0,5,4,1,1.1778108663856983,,184.7
1753,-4.300000000000001,0,4,3,1,1.1778108663856983,,184.8
1754,-1.4000000000000001,0,5,4,1,1.1778108663856983,,184.8
1755,-3.4000000000000004,0,5,4,1,1.1778108663856983,,184.9
1756,-4.300000000000001,0,4,3,1,1.1778108663856983,,185.0
1757,-5.6000000000000005,0,6,3,1,1.1778108663856983,,185.1
1758,-5.4,0,5,4,1,1.1778108663856983,,185.2
1759,-5.9,0,8,3,1,1.1778108663856983,,185.3
1760,-3.4000000000000004,0,5,4,1,1.1778108663856983,,185.4
1761,-2.3000000000000003,0,4,3,1,1.1778108663856983,,185.5
1762,-4.300000000000001,0,4,3,1,1.1778108663856983,,185.6
1763,-3.4000000000000004,0,5,4,1,1.1778108663856983,,185.7
1764,-4.300000000000001,0,4,3,1,1.1778108663856983,,185.8
1765,-3.4000000000000004,0,5,4,1,1.1778108663856983,,185.9
1766,-3.4000000000000004,0,5,4,1,1.1778108663856983,,186.0
1767,-4.300000000000001,0,4,3,1,1.1778108663856983,,186.1
1768,-2.3000000000000003,0,4,3,1,1.1778108663856983,,186.1
1769,-4.6000000000000005,0,6,3,1,1.1778108663856983,,186.2
1770,-5.4,0,5,4,1,1.1778108663856983,,186.3
1771,-4.300000000000001,0,4,3,1,1.1778108663856983,,186.4
1772,-3.4000000000000004,0,5,4,1,1.1778108663856983,,186.4
1773,-4.300000000000001,0,4,3,1,1.1778108663856983,,186.5
1774,-4.300000000000001,0,4,3,1,1.1778108663856983,,186.6
1775,-3.4000000000000004,0,5,4,1,1.1778108663856983,,186.6
1776,-4.300000000000001,0,4,3,1,1.1778108663856983,,186.7
1777,-4.6000000000000005,0,6,3,1,1.1778108663856983,,186.8
1778,-1.4000000000000001,0,5,4,1,1.1778108663856983,,186.9
1779,-3.6000000000000005,0,6,3,1,1.1778108663856983,,187.0
1780,-0.30000000000000004,0,4,3,1,1.1778108663856983,,187.0
1781,-4.300000000000001,0,4,3,1,1.1778108663856983,,187.1
1782,-4.300000000000001,0,4,3,1,1.1778108663856983,,187.2
1783,-0.30000000000000004,0,4,3,1,1.1778108663856983,,187.3
1784,-0.30000000000000004,0,4,3,1,1.1778108663856983,,187.3
1785,-5.4,0,5,4,1,1.1778108663856983,,187.4
1786,-4.300000000000001,0,4,3,1,1.1778108663856983,,187.5
1787,-5.4,0,5,4,1,1.1778108663856983,,187.6
1788,-4.300000000000001,0,4,3,1,1.1778108663856983,,187.7
1789,0.6000000000000001,0,5,4,1,1.1778108663856983,,187.7
1790,-4.300000000000001,0,4,3,1,1.1778108663856983,,187.8
1791,-4.300000000000001,0,4,3,1,1.1778108663856983,,187.9
1792,-5.4,0,5,4,1,1.1778108663856983,,188.0
1793,-4.300000000000001,0,4,3,1,1.1778108663856983,,188.0
1794,-4.300000000000001,0,4,3,1,1.1778108663856983,,188.1
1795,-5.4,0,5,4,1,1.1778108663856983,,188.2
1796,-4.300000000000001,0,4,3,1,1.1778108663856983,,188.3
1797,-5.4,0,5,4,1,1.1778108663856983,,188.4
1798,-4.300000000000001,0,4,3,1,1.1778108663856983,,188.4
1799,-4.300000000000001,0,4,3,1,1.1778108663856983,,188.5
1800,-0.30000000000000004,0,4,3,1,1.1778108663856983,,188.6
1801,5.7,1,4,3,1,1.1778108663856983,,188.7
1802,-4.300000000000001,0,4,3,1,1.1778108663856983,,188.7
1803,-2.6,0,6,3,1,1.1778108663856983,,188.8
1804,-2.3000000000000003,0,4,3,1,1.1778108663856983,,188.9
1805,-4.300000000000001,0,4,3,1,1.1778108663856983,,189.0
1806,-4.300000000000001,0,4,3,1,1.1778108663856983,,189.1
1807,-4.300000000000001,0,4,3,1,1.1778108663856983,,189.1
1808,-2.6,0,6,3,1,1.1778108663856983,,189.2
1809,-2.3000000000000003,0,4,3,1,1.1778108663856983,,189.3
1810,-4.300000000000001,0,4,3,1,1.1778108663856983,,189.4
1811,-6.9,0,8,3,1,1.1778108663856983,,189.5
1812,-5.6000000000000005,0,6,3,1,1.1778108663856983,,189.6
1813,-4.300000000000001,0,4,3,1,1.1778108663856983,,189.7
1814,-4.300000000000001,0,4,3,1,1.1778108663856983,,189.8
1815,-5.4,0,5,4,1,1.1778108663856983,,189.9
1816,-2.3000000000000003,0,4,3,1,1.1778108663856983,,189.9
1817,-4.300000000000001,0,4,3,1,1.1778108663856983,,190.0
1818,-5.6000000000000005,0,6,3,1,1.1778108663856983,,190.1
1819,-4.300000000000001,0,4,3,1,1.1778108663856983,,190.2
1820,-4.6000000000000005,0,6,3,1,1.1778108663856983,,190.3
1821,-0.30000000000000004,0,4,3,1,1.1778108663856983,,190.4
1822,-3.6000000000000005,0,6,3,1,1.1778108663856983,,190.4
1823,-5.4,0,5,4,1,1.1778108663856983,,190.5
1824,-4.300000000000001,0,4,3,1,1.1778108663856983,,190.6
1825,-5.4,0,5,4,1,1.1778108663856983,,190.7
1826,-4.300000000000001,0,4,3,1,1.1778108663856983,,190.8
1827,-4.6,0,6,3,1,1.1778108663856983,,190.9
1828,-4.300000000000001,0,4,3,1,1.1778108663856983,,191.0
1829,-4.300000000000001,0,4,3,1,1.1778108663856983,,191.0
1830,-0.30000000000000004,0,4,3,1,1.1778108663856983,,191.1
1831,4.4,1,6,3,1,1.1778108663856983,,191.2
1832,-6.0,0,9,4,1,1.1778108663856983,,191.4
1833,-2.3000000000000003,0,4,3,1,1.1778108663856983,,191.4
1834,-0.30000000000000004,0,4,3,1,1.1778108663856983,,191.5
1835,-4.300000000000001,0,4,3,1,1.1778108663856983,,191.5
1836,-4.300000000000001,0,4,3,1,1.1778108663856983,,191.6
1837,5.7,1,4,3,1,1.1778108663856983,,191.7
1838,-0.30000000000000004,0,4,3,1,1.1778108663856983,,191.7
1839,-3.4000000000000004,0,5,4,1,1.1778108663856983,,191.8
1840,-4.300000000000001,0,4,3,1,1.1778108663856983,,191.9
1841,-4.300000000000001,0,4,3,1,1.1778108663856983,,192.0
1842,-4.300000000000001,0,4,3,1,1.1778108663856983,,192.0
1843,-4.300000000000001,0,4,3,1,1.1778108663856983,,192.1
1844,-2.3000000000000003,0,4,3,1,1.1778108663856983,,192.2
1845,-4.300000000000001,0,4,3,1,1.1778108663856983,,192.2
1846,-2.3000000000000003,0,4,3,1,1.1778108663856983,,192.3
1847,-4.300000000000001,0,4,3,1,1.1778108663856983,,192.3
1848,-5.6000000000000005,0,6,3,1,1.1778108663856983,,192.5
1849,-2.3000000000000003,0,4,3,1,1.1778108663856983,,192.5
1850,-5.2,0,10,3,1,1.1778108663856983,,192.6
1851,-5.4,0,5,4,1,1.1778108663856983,,192.7
1852,-4.300000000000001,0,4,3,1,1.1778108663856983,,192.8
1853,5.7,1,4,3,1,1.1778108663856983,,192.9
1854,-6.700000000000001,0,7,4,1,1.1778108663856983,,192.9
1855,-4.300000000000001,0,4,3,1,1.1778108663856983,,193.0
1856,-4.300000000000001,0,4,3,1,1.1778108663856983,,193.1
1857,-4.300000000000001,0,4,3,1,1.1778108663856983,,193.2
1858,-5.4,0,5,4,1,1.1778108663856983,,193.3
1859,-3.4000000000000004,0,5,4,1,1.1778108663856983,,193.4
1860,-4.300000000000001,0,4,3,1,1.1778108663856983,,193.4
1861,-5.6000000000000005,0,6,3,1,1.1778108663856983,,193.5
1862,-0.30000000000000004,0,4,3,1,1.1778108663856983,,193.5
1863,-5.4,0,5,4,1,1.1778108663856983,,193.6
1864,5.7,1,4,3,1,1.1778108663856983,,193.7
1865,-5.4,0,5,4,1,1.1778108663856983,,193.7
1866,-3.4000000000000004,0,5,4,1,1.1778108663856983,,193.8
1867,-2.3000000000000003,0,4,3,1,1.1778108663856983,,193.9
1868,-4.300000000000001,0,4,3,1,1.1778108663856983,,193.9
1869,-4.300000000000001,0,4,3,1,1.1778108663856983,,194.0
1870,-4.300000000000001,0,4,3,1,1.1778108663856983,,194.2
1871,-4.300000000000001,0,4,3,1,1.1778108663856983,,194.3
1872,-4.300000000000001,0,4,3,1,1.1778108663856983,,194.3
1873,-4.300000000000001,0,4,3,1,1.1778108663856983,,194.4
1874,-4.300000000000001,0,4,3,1,1.1778108663856983,,194.4
1875,-4.300000000000001,0,4,3,1,1.1778108663856983,,194.5
1876,-4.300000000000001,0,4,3,1,1.1778108663856983,,194.6
1877,-5.4,0,5,4,1,1.1778108663856983,,194.7
1878,-6.700000000000001,0,7,4,1,1.1778108663856983,,194.8
1879,-2.3000000000000003,0,4,3,1,1.1778108663856983,,194.9
1880,-5.4,0,5,4,1,1.1778108663856983,,195.0
1881,-2.3000000000000003,0,4,3,1,1.1778108663856983,,195.0
1882,-5.4,0,5,4,1,1.1778108663856983,,195.1
1883,5.7,1,4,3,1,1.1778108663856983,,195.2
1884,-5.4,0,5,4,1,1.1778108663856983,,195.3
1885,-1.4000000000000001,0,5,4,1,1.1778108663856983,,195.3
1886,-4.300000000000001,0,4,3,1,1.1778108663856983,,195.4
1887,-4.300000000000001,0,4,3,1,1.1778108663856983,,195.5
1888,-4.300000000000001,0,4,3,1,1.1778108663856983,,195.6
1889,-4.300000000000001,0,4,3,1,1.1778108663856983,,195.6
1890,-4.7,0,7,4,1,1.1778108663856983,,195.8
1891,-4.300000000000001,0,4,3,1,1.1778108663856983,,195.9
1892,-0.30000000000000004,0,4,3,1,1.1778108663856983,,196.0
1893,-4.300000000000001,0,4,3,1,1.1778108663856983,,196.1
1894,-5.6000000000000005,0,6,3,1,1.1778108663856983,,196.1
1895,4.1,1,8,3,1,1.1778108663856983,,196.2
1896,-5.4,0,5,4,1,1.1778108663856983,,196.3
1897,-5.4,0,5,4,1,1.1778108663856983,,196.3
1898,-4.300000000000001,0,4,3,1,1.1778108663856983,,196.4
1899,-4.300000000000001,0,4,3,1,1.1778108663856983,,196.4
1900,-5.700000000000001,0,7,4,1,1.1778108663856983,,196.5
1901,-2.3000000000000003,0,4,3,1,1.1778108663856983,,196.6
1902,-5.0,0,9,4,1,1.1778108663856983,,196.8
1903,-0.30000000000000004,0,4,3,1,1.1778108663856983,,196.9
1904,-2.3000000000000003,0,4,3,1,1.1778108663856983,,197.0
1905,-2.3000000000000003,0,4,3,1,1.1778108663856983,,197.0
1906,-5.6000000000000005,0,6,3,1,1.1778108663856983,,197.1
1907,-4.300000000000001,0,4,3,1,1.1778108663856983,,197.2
1908,5.7,1,4,3,1,1.1778108663856983,,197.3
1909,-4.300000000000001,0,4,3,1,1.1778108663856983,,197.3
1910,-0.30000000000000004,0,4,3,1,1.1778108663856983,,197.4
1911,-4.300000000000001,0,4,3,1,1.1778108663856983,,197.5
1912,-6.700000000000001,0,7,4,1,1.1778108663856983,,197.6
1913,-4.300000000000001,0,4,3,1,1.1778108663856983,,197.6
1914,-4.300000000000001,0,4,3,1,1.1778108663856983,,197.7
1915,-2.3000000000000003,0,4,3,1,1.1778108663856983,,197.8
1916,-4.300000000000001,0,4,3,1,1.1778108663856983,,197.9
1917,-5.6000000000000005,0,6,3,1,1.1778108663856983,,198.0
1918,-7.5,0,12,3,1,1.1778108663856983,,198.1
1919,-2.3000000000000003,0,4,3,1,1.1778108663856983,,198.2
1920,-4.300000000000001,0,4,3,1,1.1778108663856983,,198.2
1921,-4.300000000000001,0,4,3,1,1.1778108663856983,,198.3
1922,-4.300000000000001,0,4,3,1,1.1778108663856983,,198.4
1923,-4.300000000000001,0,4,3,1,1.1778108663856983,,198.4
1924,-4.300000000000001,0,4,3,1,1.1778108663856983,,198.5
1925,-4.300000000000001,0,4,3,1,1.1778108663856983,,198.6
1926,-4.300000000000001,0,4,3,1,1.1778108663856983,,198.6
1927,-2.3000000000000003,0,4,3,1,1.1778108663856983,,198.7
1928,-5.4,0,5,4,1,1.1778108663856983,,198.8
1929,-4.300000000000001,0,4,3,1,1.1778108663856983,,198.9
1930,-2.3000000000000003,0,4,3,1,1.1778108663856983,,199.0
1931,-5.6000000000000005,0,6,3,1,1.1778108663856983,,199.1
1932,-4.300000000000001,0,4,3,1,1.1778108663856983,,199.2
1933,-2.3000000000000003,0,4,3,1,1.1778108663856983,,199.3
1934,-4.300000000000001,0,4,3,1,1.1778108663856983,,199.3
1935,-4.300000000000001,0,4,3,1,1.1778108663856983,,199.4
1936,-4.300000000000001,0,4,3,1,1.1778108663856983,,199.5
1937,-4.300000000000001,0,4,3,1,1.1778108663856983,,199.5
1938,-2.9000000000000004,0,8,3,1,1.1778108663856983,,199.6
1939,-2.3000000000000003,0,4,3,1,1.1778108663856983,,199.7
1940,-5.4,0,5,4,1,1.1778108663856983,,199.8
1941,-4.6,0,6,3,1,1.1778108663856983,,200.0
1942,-4.300000000000001,0,4,3,1,1.1778108663856983,,200.0
1943,-5.4,0,5,4,1,1.1778108663856983,,200.1
1944,-4.300000000000001,0,4,3,1,1.1778108663856983,,200.2
1945,-4.300000000000001,0,4,3,1,1.1778108663856983,,200.3
1946,-4.300000000000001,0,4,3,1,1.1778108663856983,,200.4
1947,-4.300000000000001,0,4,3,1,1.1778108663856983,,200.4
1948,-4.300000000000001,0,4,3,1,1.1778108663856983,,200.5
1949,-4.300000000000001,0,4,3,1,1.1778108663856983,,200.6
1950,-3.6,0,6,3,1,1.1778108663856983,,200.7
1951,-4.300000000000001,0,4,3,1,1.1778108663856983,,200.8
1952,-4.300000000000001,0,4,3,1,1.1778108663856983,,200.9
1953,-4.300000000000001,0,4,3,1,1.1778108663856983,,200.9
1954,-4.300000000000001,0,4,3,1,1.1778108663856983,,201.0
1955,-5.4,0,5,4,1,1.1778108663856983,,201.1
1956,-4.300000000000001,0,4,3,1,1.1778108663856983,,201.2
1957,-2.3000000000000003,0,4,3,1,1.1778108663856983,,201.3
1958,-2.3000000000000003,0,4,3,1,1.1778108663856983,,201.3
1959,-0.30000000000000004,0,4,3,1,1.1778108663856983,,201.4
1960,-4.300000000000001,0,4,3,1,1.1778108663856983,,201.5
1961,-4.300000000000001,0,4,3,1,1.1778108663856983,,201.6
1962,-4.300000000000001,0,4,3,1,1.1778108663856983,,201.7
1963,-4.300000000000001,0,4,3,1,1.1778108663856983,,201.7
1964,-2.3000000000000003,0,4,3,1,1.1778108663856983,,201.8
1965,-4.300000000000001,0,4,3,1,1.1778108663856983,,201.9
1966,-2.3000000000000003,0,4,3,1,1.1778108663856983,,202.0
1967,-3.6000000000000005,0,6,3,1,1.1778108663856983,,202.1
1968,-4.300000000000001,0,4,3,1,1.1778108663856983,,202.1
1969,-0.30000000000000004,0,4,3,1,1.1778108663856983,,202.2
1970,-4.300000000000001,0,4,3,1,1.1778108663856983,,202.3
1971,-2.3000000000000003,0,4,3,1,1.1778108663856983,,202.4
1972,-4.300000000000001,0,4,3,1,1.1778108663856983,,202.5
1973,-4.300000000000001,0,4,3,1,1.1778108663856983,,202.5
1974,-2.3000000000000003,0,4,3,1,1.1778108663856983,,202.6
1975,-4.300000000000001,0,4,3,1,1.1778108663856983,,202.7
1976,-1.4000000000000001,0,5,4,1,1.1778108663856983,,202.8
1977,-2.3000000000000003,0,4,3,1,1.1778108663856983,,202.9
1978,-4.300000000000001,0,4,3,1,1.1778108663856983,,203.0
1979,-4.300000000000001,0,4,3,1,1.1778108663856983,,203.1
1980,-4.300000000000001,0,4,3,1,1.1778108663856983,,203.2
1981,-4.300000000000001,0,4,3,1,1.1778108663856983,,203.2
1982,-4.300000000000001,0,4,3,1,1.1778108663856983,,203.3
1983,-3.6000000000000005,0,6,3,1,1.1778108663856983,,203.4
1984,-2.3000000000000003,0,4,3,1,1.1778108663856983,,203.4
1985,-4.9,0,8,3,1,1.1778108663856983,,203.5
1986,-5.4,0,5,4,1,1.1778108663856983,,203.6
1987,-4.300000000000001,0,4,3,1,1.1778108663856983,,203.6
1988,-4.300000000000001,0,4,3,1,1.1778108663856983,,203.7
1989,-4.300000000000001,0,4,3,1,1.1778108663856983,,203.8
1990,-5.4,0,5,4,1,1.1778108663856983,,204.0
1991,-2.9000000000000004,0,8,3,1,1.1778108663856983,,204.0
1992,-4.300000000000001,0,4,3,1,1.1778108663856983,,204.1
1993,-4.300000000000001,0,4,3,1,1.1778108663856983,,204.1
1994,-6.700000000000001,0,7,4,1,1.1778108663856983,,204.2
1995,-4.300000000000001,0,4,3,1,1.1778108663856983,,204.3
1996,-4.300000000000001,0,4,3,1,1.1778108663856983,,204.4
1997,-5.700000000000001,0,7,4,1,1.1778108663856983,,204.5
1998,-2.3000000000000003,0,4,3,1,1.1778108663856983,,204.5
1999,-6.9,0,8,3,1,1.1778108663856983,,204.7
2000,5.7,1,4,3,1,1.1778108663856983,,204.8
2001,-4.300000000000001,0,4,3,1,1.1778108663856983,,210.6
2002,5.7,1,4,3,1,1.1778108663856983,,210.6
2003,-4.300000000000001,0,4,3,1,1.1778108663856983,,210.7
2004,-4.300000000000001,0,4,3,1,1.1778108663856983,,210.8
2005,-4.300000000000001,0,4,3,1,1.1778108663856983,,210.8
2006,-4.300000000000001,0,4,3,1,1.1778108663856983,,210.9
2007,-4.300000000000001,0,4,3,1,1.1778108663856983,,211.0
2008,5.7,1,4,3,1,1.1778108663856983,,211.1
2009,-4.300000000000001,0,4,3,1,1.1778108663856983,,211.2
2010,-4.300000000000001,0,4,3,1,1.1778108663856983,,211.3
2011,-4.300000000000001,0,4,3,1,1.1778108663856983,,211.4
2012,-4.300000000000001,0,4,3,1,1.1778108663856983,,211.4
2013,-5.4,0,5,4,1,1.1778108663856983,,211.6
2014,-2.3000000000000003,0,4,3,1,1.1778108663856983,,211.6
2015,-3.6000000000000005,0,6,3,1,1.1778108663856983,,211.7
2016,-4.300000000000001,0,4,3,1,1.1778108663856983,,211.7
2017,-4.300000000000001,0,4,3,1,1.1778108663856983,,211.8
2018,-5.4,0,5,4,1,1.1778108663856983,,211.9
2019,-6.700000000000001,0,7,4,1,1.1778108663856983,,212.0
2020,-3.6000000000000005,0,6,3,1,1.1778108663856983,,212.1
2021,-4.300000000000001,0,4,3,1,1.1778108663856983,,212.2
2022,-4.300000000000001,0,4,3,1,1.1778108663856983,,212.3
2023,-4.300000000000001,0,4,3,1,1.1778108663856983,,212.5
2024,-4.300000000000001,0,4,3,1,1.1778108663856983,,212.5
2025,-1.4000000000000001,0,5,4,1,1.1778108663856983,,212.6
2026,-2.3000000000000003,0,4,3,1,1.1778108663856983,,212.7
2027,-4.300000000000001,0,4,3,1,1.1778108663856983,,212.8
2028,-0.30000000000000004,0,4,3,1,1.1778108663856983,,212.8
2029,-4.300000000000001,0,4,3,1,1.1778108663856983,,212.9
2030,-5.4,0,5,4,1,1.1778108663856983,,213.0
2031,-4.300000000000001,0,4,3,1,1.1778108663856983,,213.0
2032,-4.300000000000001,0,4,3,1,1.1778108663856983,,213.1
2033,-2.3000000000000003,0,4,3,1,1.1778108663856983,,213.1
2034,-3.4000000000000004,0,5,4,1,1.1778108663856983,,213.2
2035,-4.300000000000001,0,4,3,1,1.1778108663856983,,213.3
2036,-3.6000000000000005,0,6,3,1,1.1778108663856983,,213.3
2037,-2.3000000000000003,0,4,3,1,1.1778108663856983,,213.4
2038,-0.30000000000000004,0,4,3,1,1.1778108663856983,,213.5
2039,-4.300000000000001,0,4,3,1,1.1778108663856983,,213.5
2040,-5.6000000000000005,0,6,3,1,1.1778108663856983,,213.6
2041,-4.300000000000001,0,4,3,1,1.1778108663856983,,213.7
2042,-4.300000000000001,0,4,3,1,1.1778108663856983,,213.8
2043,-4.300000000000001,0,4,3,1,1.1778108663856983,,213.9
2044,-5.4,0,5,4,1,1.1778108663856983,,214.0
2045,-4.300000000000001,0,4,3,1,1.1778108663856983,,214.1
2046,-4.300000000000001,0,4,3,1,1.1778108663856983,,214.2
2047,-4.300000000000001,0,4,3,1,1.1778108663856983,,214.3
2048,-4.300000000000001,0,4,3,1,1.1778108663856983,,214.3
2049,-3.6,0,6,3,1,1.1778108663856983,,214.4
2050,-2.6,0,6,3,1,1.1778108663856983,,214.5
2051,-4.300000000000001,0,4,3,1,1.1778108663856983,,214.5
2052,-8.0,0,9,4,1,1.1778108663856983,,214.7
2053,-4.300000000000001,0,4,3,1,1.1778108663856983,,214.7
2054,-4.300000000000001,0,4,3,1,1.1778108663856983,,214.8
2055,-4.300000000000001,0,4,3,1,1.1778108663856983,,214.9
2056,-0.30000000000000004,0,4,3,1,1.1778108663856983,,214.9
2057,-0.30000000000000004,0,4,3,1,1.1778108663856983,,215.0
2058,-4.300000000000001,0,4,3,1,1.1778108663856983,,215.1
2059,-4.300000000000001,0,4,3,1,1.1778108663856983,,215.2
2060,-4.300000000000001,0,4,3,1,1.1778108663856983,,215.3
2061,-4.6000000000000005,0,6,3,1,1.1778108663856983,,215.4
2062,-5.4,0,5,4,1,1.1778108663856983,,215.5
2063,-2.3000000000000003,0,4,3,1,1.1778108663856983,,215.5
2064,-4.300000000000001,0,4,3,1,1.1778108663856983,,215.6
2065,-5.4,0,5,4,1,1.1778108663856983,,215.7
2066,-2.3000000000000003,0,4,3,1,1.1778108663856983,,215.8
2067,-5.4,0,5,4,1,1.1778108663856983,,215.8
2068,-4.300000000000001,0,4,3,1,1.1778108663856983,,215.9
2069,-4.300000000000001,0,4,3,1,1.1778108663856983,,216.0
2070,-2.3000000000000003,0,4,3,1,1.1778108663856983,,216.0
2071,-2.6,0,6,3,1,1.1778108663856983,,216.1
2072,-4.300000000000001,0,4,3,1,1.1778108663856983,,216.2
2073,-4.300000000000001,0,4,3,1,1.1778108663856983,,216.3
2074,-4.300000000000001,0,4,3,1,1.1778108663856983,,216.4
2075,-4.6000000000000005,0,6,3,1,1.1778108663856983,,216.5
2076,-4.300000000000001,0,4,3,1,1.1778108663856983,,216.5
2077,-4.300000000000001,0,4,3,1,1.1778108663856983,,216.7
2078,-4.300000000000001,0,4,3,1,1.1778108663856983,,216.7
2079,-5.4,0,5,4,1,1.1778108663856983,,216.9
2080,-4.300000000000001,0,4,3,1,1.1778108663856983,,217.0
2081,-2.3000000000000003,0,4,3,1,1.1778108663856983,,217.1
2082,5.7,1,4,3,1,1.1778108663856983,,217.1
2083,-4.300000000000001,0,4,3,1,1.1778108663856983,,217.2
2084,-2.3000000000000003,0,4,3,1,1.1778108663856983,,217.2
2085,-4.300000000000001,0,4,3,1,1.1778108663856983,,217.3
2086,-2.3000000000000003,0,4,3,1,1.1778108663856983,,217.4
2087,-4.300000000000001,0,4,3,1,1.1778108663856983,,217.4
2088,-4.300000000000001,0,4,3,1,1.1778108663856983,,217.5
2089,-2.6,0,6,3,1,1.1778108663856983,,217.6
2090,-5.6000000000000005,0,6,3,1,1.1778108663856983,,217.7
2091,-5.4,0,5,4,1,1.1778108663856983,,217.8
2092,-0.30000000000000004,0,4,3,1,1.1778108663856983,,217.9
2093,-4.300000000000001,0,4,3,1,1.1778108663856983,,217.9
2094,-4.300000000000001,0,4,3,1,1.1778108663856983,,218.0
2095,-4.6000000000000005,0,6,3,1,1.1778108663856983,,218.1
2096,-4.300000000000001,0,4,3,1,1.1778108663856983,,218.2
2097,-4.300000000000001,0,4,3,1,1.1778108663856983,,218.3
2098,-4.300000000000001,0,4,3,1,1.1778108663856983,,218.3
2099,-4.300000000000001,0,4,3,1,1.1778108663856983,,218.4
2100,-4.300000000000001,0,4,3,1,1.1778108663856983,,218.5
2101,-4.300000000000001,0,4,3,1,1.1778108663856983,,218.6
2102,-4.300000000000001,0,4,3,1,1.1778108663856983,,218.7
2103,-4.300000000000001,0,4,3,1,1.1778108663856983,,218.7
2104,-0.30000000000000004,0,4,3,1,1.1778108663856983,,218.8
2105,-4.300000000000001,0,4,3,1,1.1778108663856983,,218.9
2106,-0.30000000000000004,0,4,3,1,1.1778108663856983,,218.9
2107,5.7,1,4,3,1,1.1778108663856983,,219.0
2108,-4.300000000000001,0,4,3,1,1.1778108663856983,,219.0
2109,5.7,1,4,3,1,1.1778108663856983,,219.1
2110,-4.300000000000001,0,4,3,1,1.1778108663856983,,219.2
2111,-4.300000000000001,0,4,3,1,1.1778108663856983,,219.3
2112,-2.3000000000000003,0,4,3,1,1.1778108663856983,,219.4
2113,-4.300000000000001,0,4,3,1,1.1778108663856983,,219.4
2114,-2.3000000000000003,0,4,3,1,1.1778108663856983,,219.5
2115,-2.3000000000000003,0,4,3,1,1.1778108663856983,,219.6
2116,5.7,1,4,3,1,1.1778108663856983,,219.7
2117,-4.300000000000001,0,4,3,1,1.1778108663856983,,219.7
2118,-6.700000000000001,0,7,4,1,1.1778108663856983,,219.8
2119,-2.3000000000000003,0,4,3,1,1.1778108663856983,,219.9
2120,5.1,1,8,3,1,1.1778108663856983,,220.0
2121,-4.300000000000001,0,4,3,1,1.1778108663856983,,220.1
2122,-4.300000000000001,0,4,3,1,1.1778108663856983,,220.2
2123,-4.300000000000001,0,4,3,1,1.1778108663856983,,220.2
2124,-4.300000000000001,0,4,3,1,1.1778108663856983,,220.3
2125,-4.300000000000001,0,4,3,1,1.1778108663856983,,220.3
2126,-5.6000000000000005,0,6,3,1,1.1778108663856983,,220.4
2127,-2.3000000000000003,0,4,3,1,1.1778108663856983,,220.5
2128,-4.300000000000001,0,4,3,1,1.1778108663856983,,220.5
2129,-4.300000000000001,0,4,3,1,1.1778108663856983,,220.6
2130,-4.300000000000001,0,4,3,1,1.1778108663856983,,220.7
2131,-4.300000000000001,0,4,3,1,1.1778108663856983,,220.8
2132,-4.300000000000001,0,4,3,1,1.1778108663856983,,220.9
2133,-3.6000000000000005,0,6,3,1,1.1778108663856983,,221.0
2134,-5.6000000000000005,0,6,3,1,1.1778108663856983,,221.1
2135,-2.3000000000000003,0,4,3,1,1.1778108663856983,,221.1
2136,-1.4000000000000001,0,5,4,1,1.1778108663856983,,221.2
2137,-5.4,0,5,4,1,1.1778108663856983,,221.3
2138,-4.300000000000001,0,4,3,1,1.1778108663856983,,221.4
2139,-2.3000000000000003,0,4,3,1,1.1778108663856983,,221.5
2140,-4.300000000000001,0,4,3,1,1.1778108663856983,,221.5
2141,5.7,1,4,3,1,1.1778108663856983,,221.6
2142,-5.6000000000000005,0,6,3,1,1.1778108663856983,,221.8
2143,-2.6,0,6,3,1,1.1778108663856983,,221.8
2144,-1.4000000000000001,0,5,4,1,1.1778108663856983,,221.9
2145,-4.300000000000001,0,4,3,1,1.1778108663856983,,222.0
2146,-4.300000000000001,0,4,3,1,1.1778108663856983,,222.1
2147,-4.300000000000001,0,4,3,1,1.0706481439992785,0.9126722340006381,222.8
2148,-0.30000000000000004,0,4,3,1,1.0706481439992785,,222.9
2149,-0.30000000000000004,0,4,3,1,1.0706481439992785,,223.0
2150,-0.30000000000000004,0,4,3,1,1.0706481439992785,,223.1
2151,-4.300000000000001,0,4,3,1,1.0706481439992785,,223.1
2152,-2.3000000000000003,0,4,3,1,1.0706481439992785,,223.2
2153,-2.3000000000000003,0,4,3,1,1.0706481439992785,,223.3
2154,-4.300000000000001,0,4,3,1,1.0706481439992785,,223.4
2155,-4.300000000000001,0,4,3,1,1.0706481439992785,,223.5
2156,-5.6000000000000005,0,6,3,1,1.0706481439992785,,223.6
2157,-4.300000000000001,0,4,3,1,1.0706481439992785,,223.7
2158,-4.300000000000001,0,4,3,1,1.0706481439992785,,223.8
2159,-4.300000000000001,0,4,3,1,1.0706481439992785,,223.9
2160,-4.300000000000001,0,4,3,1,1.0706481439992785,,223.9
2161,-4.300000000000001,0,4,3,1,1.0706481439992785,,224.0
2162,-4.300000000000001,0,4,3,1,1.0706481439992785,,224.1
2163,-5.4,0,5,4,1,1.0706481439992785,,224.2
2164,-4.300000000000001,0,4,3,1,1.0706481439992785,,224.2
2165,-4.300000000000001,0,4,3,1,1.0706481439992785,,224.3
2166,-4.300000000000001,0,4,3,1,1.0706481439992785,,224.4
2167,-4.300000000000001,0,4,3,1,1.0706481439992785,,224.5
2168,-4.6000000000000005,0,6,3,1,1.0706481439992785,,224.5
2169,-0.30000000000000004,0,4,3,1,1.0706481439992785,,224.6
2170,-0.30000000000000004,0,4,3,1,1.0706481439992785,,224.7
2171,-2.3000000000000003,0,4,3,1,1.0706481439992785,,224.8
2172,-4.300000000000001,0,4,3,1,1.0706481439992785,,224.9
2173,-3.6000000000000005,0,6,3,1,1.0706481439992785,,225.0
2174,-4.300000000000001,0,4,3,1,1.0706481439992785,,225.1
2175,-3.6000000000000005,0,6,3,1,1.0706481439992785,,225.2
2176,-4.300000000000001,0,4,3,1,1.0706481439992785,,225.3
2177,-0.30000000000000004,0,4,3,1,1.0706481439992785,,225.4
2178,-4.300000000000001,0,4,3,1,1.0706481439992785,,225.5
2179,-4.300000000000001,0,4,3,1,1.0706481439992785,,225.6
2180,-4.300000000000001,0,4,3,1,1.0706481439992785,,225.7
2181,-4.300000000000001,0,4,3,1,1.0706481439992785,,225.8
2182,-4.6,0,6,3,1,1.0706481439992785,,225.9
2183,-4.300000000000001,0,4,3,1,1.0706481439992785,,226.0
2184,-4.300000000000001,0,4,3,1,1.0706481439992785,,226.0
2185,-4.300000000000001,0,4,3,1,1.0706481439992785,,226.1
2186,-4.300000000000001,0,4,3,1,1.0706481439992785,,226.2
2187,-4.300000000000001,0,4,3,1,1.0706481439992785,,226.3
2188,-4.300000000000001,0,4,3,1,1.0706481439992785,,226.3
2189,-4.300000000000001,0,4,3,1,1.0706481439992785,,226.4
2190,-4.300000000000001,0,4,3,1,1.0706481439992785,,226.4
2191,-4.300000000000001,0,4,3,1,1.0706481439992785,,226.5
2192,-4.300000000000001,0,4,3,1,1.0706481439992785,,226.6
2193,-1.9000000000000001,0,8,3,1,1.0706481439992785,,226.6
2194,-5.6000000000000005,0,6,3,1,1.0706481439992785,,226.7
2195,-4.6,0,6,3,1,1.0706481439992785,,226.8
2196,-4.300000000000001,0,4,3,1,1.0706481439992785,,226.9
2197,-4.300000000000001,0,4,3,1,1.0706481439992785,,227.0
2198,-4.300000000000001,0,4,3,1,1.0706481439992785,,227.1
2199,-4.300000000000001,0,4,3,1,1.0706481439992785,,227.2
2200,-4.300000000000001,0,4,3,1,1.0706481439992785,,227.3
2201,5.7,1,4,3,1,1.0706481439992785,,227.4
2202,-4.300000000000001,0,4,3,1,1.0706481439992785,,227.5
2203,-4.300000000000001,0,4,3,1,1.0706481439992785,,227.5
2204,-4.300000000000001,0,4,3,1,1.0706481439992785,,227.6
2205,-4.300000000000001,0,4,3,1,1.0706481439992785,,227.7
2206,-2.3000000000000003,0,4,3,1,1.0706481439992785,,227.8
2207,-2.3000000000000003,0,4,3,1,1.0706481439992785,,227.9
2208,5.7,1,4,3,1,1.0706481439992785,,228.0
2209,-4.300000000000001,0,4,3,1,1.0706481439992785,,228.1
2210,-4.300000000000001,0,4,3,1,1.0706481439992785,,228.1
2211,-4.300000000000001,0,4,3,1,1.0706481439992785,,228.2
2212,-4.300000000000001,0,4,3,1,1.0706481439992785,,228.3
2213,-5.6000000000000005,0,6,3,1,1.0706481439992785,,228.4
2214,-4.300000000000001,0,4,3,1,1.0706481439992785,,228.5
2215,-2.3000000000000003,0,4,3,1,1.0706481439992785,,228.5
2216,-4.300000000000001,0,4,3,1,1.0706481439992785,,228.6
2217,-4.300000000000001,0,4,3,1,1.0706481439992785,,228.7
2218,-2.3000000000000003,0,4,3,1,1.0706481439992785,,228.8
2219,-4.300000000000001,0,4,3,1,1.0706481439992785,,228.9
2220,-3.4000000000000004,0,5,4,1,1.0706481439992785,,229.0
2221,-4.300000000000001,0,4,3,1,1.0706481439992785,,229.1
2222,-2.3000000000000003,0,4,3,1,1.0706481439992785,,229.1
2223,-0.30000000000000004,0,4,3,1,1.0706481439992785,,229.2
2224,-5.6000000000000005,0,6,3,1,1.0706481439992785,,229.3
2225,-4.300000000000001,0,4,3,1,1.0706481439992785,,229.4
2226,-4.300000000000001,0,4,3,1,1.0706481439992785,,229.5
2227,-4.300000000000001,0,4,3,1,1.0706481439992785,,229.6
2228,-4.300000000000001,0,4,3,1,1.0706481439992785,,229.7
2229,-0.30000000000000004,0,4,3,1,1.0706481439992785,,229.7
2230,-4.300000000000001,0,4,3,1,1.0706481439992785,,229.8
2231,-0.30000000000000004,0,4,3,1,1.0706481439992785,,229.9
2232,-5.7,0,7,4,1,1.0706481439992785,,230.0
2233,0.6000000000000001,0,5,4,1,1.0706481439992785,,230.0
2234,-2.3000000000000003,0,4,3,1,1.0706481439992785,,230.1
2235,-4.300000000000001,0,4,3,1,1.0706481439992785,,230.2
2236,-4.300000000000001,0,4,3,1,1.0706481439992785,,230.2
2237,-4.300000000000001,0,4,3,1,1.0706481439992785,,230.3
2238,5.7,1,4,3,1,1.0706481439992785,,230.4
2239,-4.6,0,6,3,1,1.0706481439992785,,230.4
2240,-4.300000000000001,0,4,3,1,1.0706481439992785,,230.5
2241,-5.4,0,5,4,1,1.0706481439992785,,230.6
2242,-4.300000000000001,0,4,3,1,1.0706481439992785,,230.7
2243,-4.300000000000001,0,4,3,1,1.0706481439992785,,230.7
2244,-4.300000000000001,0,4,3,1,1.0706481439992785,,230.8
2245,-5.9,0,8,3,1,1.0706481439992785,,230.9
2246,-5.4,0,5,4,1,1.0706481439992785,,231.0
2247,-4.300000000000001,0,4,3,1,1.0706481439992785,,231.1
2248,-4.300000000000001,0,4,3,1,1.0706481439992785,,231.2
2249,-4.300000000000001,0,4,3,1,1.0706481439992785,,231.2
2250,-4.300000000000001,0,4,3,1,1.0706481439992785,,231.3
2251,-2.3000000000000003,0,4,3,1,1.0706481439992785,,231.4
2252,-4.300000000000001,0,4,3,1,1.0706481439992785,,231.5
2253,-5.4,0,5,4,1,1.0706481439992785,,231.6
2254,-5.6000000000000005,0,6,3,1,1.0706481439992785,,231.7
2255,-4.300000000000001,0,4,3,1,1.0706481439992785,,231.7
2256,-2.3000000000000003,0,4,3,1,1.0706481439992785,,231.8
2257,-4.300000000000001,0,4,3,1,1.0706481439992785,,231.9
2258,-4.300000000000001,0,4,3,1,1.0706481439992785,,231.9
2259,-4.300000000000001,0,4,3,1,1.0706481439992785,,232.0
2260,-4.300000000000001,0,4,3,1,1.0706481439992785,,232.1
2261,-0.30000000000000004,0,4,3,1,1.0706481439992785,,232.2
2262,-4.300000000000001,0,4,3,1,1.0706481439992785,,232.3
2263,5.7,1,4,3,1,1.0706481439992785,,232.3
2264,-4.300000000000001,0,4,3,1,1.0706481439992785,,232.4
2265,-5.6000000000000005,0,6,3,1,1.0706481439992785,,232.5
2266,-2.3000000000000003,0,4,3,1,1.0706481439992785,,232.6
2267,-4.300000000000001,0,4,3,1,1.0706481439992785,,232.7
2268,-4.300000000000001,0,4,3,1,1.0706481439992785,,232.8
2269,-4.300000000000001,0,4,3,1,1.0706481439992785,,232.8
2270,-2.3000000000000003,0,4,3,1,1.0706481439992785,,232.9
2271,-4.300000000000001,0,4,3,1,1.0706481439992785,,233.0
2272,-4.300000000000001,0,4,3,1,1.0706481439992785,,233.1
2273,-4.300000000000001,0,4,3,1,1.0706481439992785,,233.2
2274,-4.300000000000001,0,4,3,1,1.0706481439992785,,233.3
2275,-4.300000000000001,0,4,3,1,1.0706481439992785,,233.4
2276,-4.300000000000001,0,4,3,1,1.0706481439992785,,233.4
2277,-4.300000000000001,0,4,3,1,1.0706481439992785,,233.5
2278,-4.300000000000001,0,4,3,1,1.0706481439992785,,233.6
2279,-0.30000000000000004,0,4,3,1,1.0706481439992785,,233.7
2280,-4.300000000000001,0,4,3,1,1.0706481439992785,,233.7
2281,-4.300000000000001,0,4,3,1,1.0706481439992785,,233.8
2282,-2.3000000000000003,0,4,3,1,1.0706481439992785,,233.9
2283,-4.300000000000001,0,4,3,1,1.0706481439992785,,234.0
2284,-0.30000000000000004,0,4,3,1,1.0706481439992785,,234.1
2285,-4.300000000000001,0,4,3,1,1.0706481439992785,,234.2
2286,-2.3000000000000003,0,4,3,1,1.0706481439992785,,234.2
2287,-2.3000000000000003,0,4,3,1,1.0706481439992785,,234.3
2288,-4.300000000000001,0,4,3,1,1.0706481439992785,,234.4
2289,-4.300000000000001,0,4,3,1,1.0706481439992785,,234.5
2290,-5.6000000000000005,0,6,3,1,1.0706481439992785,,234.6
2291,-4.9,0,8,3,1,1.0706481439992785,,234.7
2292,-1.7000000000000002,0,7,4,1,1.0706481439992785,,234.8
2293,-4.300000000000001,0,4,3,1,1.0706481439992785,,234.8
2294,-4.300000000000001,0,4,3,1,1.0706481439992785,,234.9
2295,-2.3000000000000003,0,4,3,1,1.0706481439992785,,235.0
2296,-4.300000000000001,0,4,3,1,1.0706481439992785,,235.1
2297,-4.300000000000001,0,4,3,1,1.0706481439992785,,235.2
2298,-5.6000000000000005,0,6,3,1,1.0706481439992785,,235.3
2299,-4.300000000000001,0,4,3,1,1.0706481439992785,,235.3
2300,-4.300000000000001,0,4,3,1,1.0706481439992785,,235.4
2301,-2.3000000000000003,0,4,3,1,1.0706481439992785,,235.5
2302,-5.4,0,5,4,1,1.0706481439992785,,235.6
2303,5.7,1,4,3,1,1.0706481439992785,,235.7
2304,-2.3000000000000003,0,4,3,1,1.0706481439992785,,235.8
2305,-4.300000000000001,0,4,3,1,1.0706481439992785,,235.9
2306,-2.3000000000000003,0,4,3,1,1.0706481439992785,,235.9
2307,-4.300000000000001,0,4,3,1,1.0706481439992785,,236.0
2308,-4.300000000000001,0,4,3,1,1.0706481439992785,,236.1
2309,-1.4000000000000001,0,5,4,1,1.0706481439992785,,236.2
2310,-0.30000000000000004,0,4,3,1,1.0706481439992785,,236.3
2311,-5.4,0,5,4,1,1.0706481439992785,,236.4
2312,-3.9000000000000004,0,8,3,1,1.0706481439992785,,236.5
2313,-5.6000000000000005,0,6,3,1,1.0706481439992785,,236.6
2314,-4.300000000000001,0,4,3,1,1.0706481439992785,,236.7
2315,-1.4000000000000001,0,5,4,1,1.0706481439992785,,236.7
2316,-0.30000000000000004,0,4,3,1,1.0706481439992785,,236.8
2317,-4.300000000000001,0,4,3,1,1.0706481439992785,,236.9
2318,-4.300000000000001,0,4,3,1,1.0706481439992785,,236.9
2319,-4.300000000000001,0,4,3,1,1.0706481439992785,,237.0
2320,-4.300000000000001,0,4,3,1,1.0706481439992785,,237.1
2321,-5.4,0,5,4,1,1.0706481439992785,,237.2
2322,-4.300000000000001,0,4,3,1,1.0706481439992785,,237.3
2323,-4.300000000000001,0,4,3,1,1.0706481439992785,,237.4
2324,-1.9000000000000001,0,8,3,1,1.0706481439992785,,237.5
2325,-3.4000000000000004,0,5,4,1,1.0706481439992785,,237.6
2326,-4.300000000000001,0,4,3,1,1.0706481439992785,,237.7
2327,-0.30000000000000004,0,4,3,1,1.0706481439992785,,237.8
2328,-0.30000000000000004,0,4,3,1,1.0706481439992785,,237.8
2329,-2.3000000000000003,0,4,3,1,1.0706481439992785,,237.9
2330,-2.3000000000000003,0,4,3,1,1.0706481439992785,,238.0
2331,4.4,1,6,3,1,1.0706481439992785,,238.0
2332,-4.300000000000001,0,4,3,1,1.0706481439992785,,238.1
2333,-4.300000000000001,0,4,3,1,1.0706481439992785,,238.2
2334,-4.300000000000001,0,4,3,1,1.0706481439992785,,238.3
2335,-4.300000000000001,0,4,3,1,1.0706481439992785,,238.3
2336,-4.300000000000001,0,4,3,1,1.0706481439992785,,238.4
2337,-4.300000000000001,0,4,3,1,1.0706481439992785,,238.5
2338,-4.300000000000001,0,4,3,1,1.0706481439992785,,238.6
2339,-4.300000000000001,0,4,3,1,1.0706481439992785,,238.6
2340,-4.300000000000001,0,4,3,1,1.0706481439992785,,238.8
2341,-4.300000000000001,0,4,3,1,1.0706481439992785,,238.9
2342,-4.300000000000001,0,4,3,1,1.0706481439992785,,238.9
2343,-0.30000000000000004,0,4,3,1,1.0706481439992785,,239.0
2344,-3.6,0,6,3,1,1.0706481439992785,,239.0
2345,-4.300000000000001,0,4,3,1,1.0706481439992785,,239.1
2346,-0.30000000000000004,0,4,3,1,1.0706481439992785,,239.2
2347,-4.300000000000001,0,4,3,1,1.0706481439992785,,239.3
2348,-4.300000000000001,0,4,3,1,1.0706481439992785,,239.4
2349,-4.300000000000001,0,4,3,1,1.0706481439992785,,239.4
2350,-4.300000000000001,0,4,3,1,1.0706481439992785,,239.5
2351,-4.300000000000001,0,4,3,1,1.0706481439992785,,239.6
2352,-0.30000000000000004,0,4,3,1,1.0706481439992785,,239.7
2353,-4.300000000000001,0,4,3,1,1.0706481439992785,,239.8
2354,-4.300000000000001,0,4,3,1,1.0706481439992785,,239.9
2355,-4.300000000000001,0,4,3,1,1.0706481439992785,,239.9
2356,-4.300000000000001,0,4,3,1,1.0706481439992785,,240.0
2357,-4.300000000000001,0,4,3,1,1.0706481439992785,,240.1
2358,-4.300000000000001,0,4,3,1,1.0706481439992785,,240.1
2359,5.7,1,4,3,1,1.0706481439992785,,240.2
2360,-4.300000000000001,0,4,3,1,1.0706481439992785,,240.3
2361,-5.6000000000000005,0,6,3,1,1.0706481439992785,,240.4
2362,-5.4,0,5,4,1,1.0706481439992785,,240.5
2363,-4.300000000000001,0,4,3,1,1.0706481439992785,,240.5
2364,-0.30000000000000004,0,4,3,1,1.0706481439992785,,240.6
2365,-4.6,0,6,3,1,1.0706481439992785,,240.8
2366,6.6,1,5,4,1,1.0706481439992785,,240.8
2367,-4.300000000000001,0,4,3,1,1.0706481439992785,,240.8
2368,-4.300000000000001,0,4,3,1,1.0706481439992785,,240.9
2369,-2.3000000000000003,0,4,3,1,1.0706481439992785,,241.0
2370,-3.4000000000000004,0,5,4,1,1.0706481439992785,,241.1
2371,-3.6,0,6,3,1,1.0706481439992785,,241.2
2372,-4.300000000000001,0,4,3,1,1.0706481439992785,,241.3
2373,5.7,1,4,3,1,1.0706481439992785,,241.4
2374,-4.300000000000001,0,4,3,1,1.0706481439992785,,241.4
2375,-4.300000000000001,0,4,3,1,1.0706481439992785,,241.5
2376,-4.300000000000001,0,4,3,1,1.0706481439992785,,241.6
2377,-4.300000000000001,0,4,3,1,1.0706481439992785,,241.6
2378,-4.300000000000001,0,4,3,1,1.0706481439992785,,241.7
2379,-4.300000000000001,0,4,3,1,1.0706481439992785,,241.7
2380,-4.300000000000001,0,4,3,1,1.0706481439992785,,241.9
2381,-3.6000000000000005,0,6,3,1,1.0706481439992785,,241.9
2382,-4.6000000000000005,0,6,3,1,1.0706481439992785,,242.0
2383,-2.3000000000000003,0,4,3,1,1.0706481439992785,,242.1
2384,-4.300000000000001,0,4,3,1,1.0706481439992785,,242.2
2385,-4.300000000000001,0,4,3,1,1.0706481439992785,,242.2
2386,-4.300000000000001,0,4,3,1,1.0706481439992785,,242.3
2387,-4.300000000000001,0,4,3,1,1.0706481439992785,,242.4
2388,-4.300000000000001,0,4,3,1,1.0706481439992785,,242.4
2389,-0.30000000000000004,0,4,3,1,1.0706481439992785,,242.5
2390,-2.3000000000000003,0,4,3,1,1.0706481439992785,,242.5
2391,-4.300000000000001,0,4,3,1,1.0706481439992785,,242.6
2392,5.7,1,4,3,1,1.0706481439992785,,242.7
2393,-4.300000000000001,0,4,3,1,1.0706481439992785,,242.8
2394,-4.300000000000001,0,4,3,1,1.0706481439992785,,242.9
2395,-4.300000000000001,0,4,3,1,1.0706481439992785,,243.0
2396,-4.300000000000001,0,4,3,1,1.0706481439992785,,243.0
2397,-4.300000000000001,0,4,3,1,1.0706481439992785,,243.1
2398,-4.300000000000001,0,4,3,1,1.0706481439992785,,243.1
2399,4.1,1,8,3,1,1.0706481439992785,,243.2
2400,-5.4,0,5,4,1,1.0706481439992785,,243.3
2401,-4.300000000000001,0,4,3,1,1.0706481439992785,,243.4
2402,-2.3000000000000003,0,4,3,1,1.0706481439992785,,243.4
2403,-4.300000000000001,0,4,3,1,1.0706481439992785,,243.5
2404,-4.300000000000001,0,4,3,1,1.0706481439992785,,243.6
2405,-8.200000000000001,0,10,3,1,1.0706481439992785,,243.7
2406,-4.300000000000001,0,4,3,1,1.0706481439992785,,243.8
2407,-3.6000000000000005,0,6,3,1,1.0706481439992785,,243.9
2408,-4.300000000000001,0,4,3,1,1.0706481439992785,,243.9
2409,-4.300000000000001,0,4,3,1,1.0706481439992785,,244.0
2410,-5.6000000000000005,0,6,3,1,1.0706481439992785,,244.1
2411,-4.300000000000001,0,4,3,1,1.0706481439992785,,244.2
2412,-4.300000000000001,0,4,3,1,1.0706481439992785,,244.3
2413,-4.300000000000001,0,4,3,1,1.0706481439992785,,244.3
2414,-5.4,0,5,4,1,1.0706481439992785,,244.4
2415,-4.300000000000001,0,4,3,1,1.0706481439992785,,244.5
2416,-5.4,0,5,4,1,1.0706481439992785,,244.6
2417,-4.300000000000001,0,4,3,1,1.0706481439992785,,244.7
2418,-0.30000000000000004,0,4,3,1,1.0706481439992785,,244.7
2419,-4.300000000000001,0,4,3,1,1.0706481439992785,,244.8
2420,-2.3000000000000003,0,4,3,1,1.0706481439992785,,244.8
2421,-2.3000000000000003,0,4,3,1,1.0706481439992785,,244.9
2422,-0.30000000000000004,0,4,3,1,1.0706481439992785,,245.0
2423,-4.300000000000001,0,4,3,1,1.0706481439992785,,245.1
2424,-0.30000000000000004,0,4,3,1,1.0706481439992785,,245.2
2425,-2.3000000000000003,0,4,3,1,1.0706481439992785,,245.3
2426,-4.300000000000001,0,4,3,1,1.0706481439992785,,245.3
2427,-4.300000000000001,0,4,3,1,1.0706481439992785,,245.4
2428,-2.3000000000000003,0,4,3,1,1.0706481439992785,,245.4
2429,-5.4,0,5,4,1,1.0706481439992785,,245.6
2430,-4.300000000000001,0,4,3,1,1.0706481439992785,,245.6
2431,-4.300000000000001,0,4,3,1,1.0706481439992785,,245.7
2432,-5.4,0,5,4,1,1.0706481439992785,,245.8
2433,-4.300000000000001,0,4,3,1,1.0706481439992785,,245.9
2434,5.4,1,6,3,1,1.0706481439992785,,246.0
2435,-4.300000000000001,0,4,3,1,1.0706481439992785,,246.1
2436,-5.4,0,5,4,1,1.0706481439992785,,246.2
2437,5.7,1,4,3,1,1.0706481439992785,,246.3
2438,-5.6000000000000005,0,6,3,1,1.0706481439992785,,246.4
2439,-4.300000000000001,0,4,3,1,1.0706481439992785,,246.4
2440,-2.3000000000000003,0,4,3,1,1.0706481439992785,,246.5
2441,-3.4000000000000004,0,5,4,1,1.0706481439992785,,246.6
2442,-4.300000000000001,0,4,3,1,1.0706481439992785,,246.7
2443,5.7,1,4,3,1,1.0706481439992785,,246.7
2444,-3.4000000000000004,0,5,4,1,1.0706481439992785,,246.9
2445,-0.30000000000000004,0,4,3,1,1.0706481439992785,,246.9
2446,5.7,1,4,3,1,1.0706481439992785,,247.0
2447,-0.30000000000000004,0,4,3,1,1.0706481439992785,,247.1
2448,-4.300000000000001,0,4,3,1,1.0706481439992785,,247.2
2449,-4.300000000000001,0,4,3,1,1.0706481439992785,,247.3
2450,5.7,1,4,3,1,1.0706481439992785,,247.4
2451,-2.3000000000000003,0,4,3,1,1.0706481439992785,,247.5
2452,-0.30000000000000004,0,4,3,1,1.0706481439992785,,247.5
2453,-4.300000000000001,0,4,3,1,1.0706481439992785,,247.6
2454,-4.300000000000001,0,4,3,1,1.0706481439992785,,247.6
2455,-2.3000000000000003,0,4,3,1,1.0706481439992785,,247.7
2456,-6.9,0,8,3,1,1.0706481439992785,,247.8
2457,5.7,1,4,3,1,1.0706481439992785,,247.9
2458,-4.300000000000001,0,4,3,1,1.0706481439992785,,248.0
2459,-4.300000000000001,0,4,3,1,1.0706481439992785,,248.1
2460,-4.300000000000001,0,4,3,1,1.0706481439992785,,248.2
2461,-4.300000000000001,0,4,3,1,1.0706481439992785,,248.2
2462,-4.300000000000001,0,4,3,1,1.0706481439992785,,248.3
2463,-4.300000000000001,0,4,3,1,1.0706481439992785,,248.4
2464,-4.300000000000001,0,4,3,1,1.0706481439992785,,248.5
2465,-4.300000000000001,0,4,3,1,1.0706481439992785,,248.5
2466,5.7,1,4,3,1,1.0706481439992785,,248.6
2467,-6.500000000000002,0,12,3,1,1.0706481439992785,,248.7
2468,-4.300000000000001,0,4,3,1,1.0706481439992785,,248.7
2469,-4.300000000000001,0,4,3,1,1.0706481439992785,,248.8
2470,-2.3000000000000003,0,4,3,1,1.0706481439992785,,248.8
2471,-0.30000000000000004,0,4,3,1,1.0706481439992785,,248.9
2472,-4.300000000000001,0,4,3,1,1.0706481439992785,,249.0
2473,-4.700000000000001,0,7,4,1,1.0706481439992785,,249.1
2474,-2.3000000000000003,0,4,3,1,1.0706481439992785,,249.2
2475,-4.300000000000001,0,4,3,1,1.0706481439992785,,249.3
2476,-4.300000000000001,0,4,3,1,1.0706481439992785,,249.4
2477,-6.700000000000001,0,7,4,1,1.0706481439992785,,249.5
2478,-2.3000000000000003,0,4,3,1,1.0706481439992785,,249.6
2479,-4.300000000000001,0,4,3,1,1.0706481439992785,,249.7
2480,-5.4,0,5,4,1,1.0706481439992785,,249.8
2481,-2.3000000000000003,0,4,3,1,1.0706481439992785,,249.8
2482,-4.300000000000001,0,4,3,1,1.0706481439992785,,249.9
2483,-2.3000000000000003,0,4,3,1,1.0706481439992785,,250.0
2484,-5.4,0,5,4,1,1.0706481439992785,,250.1
2485,-2.3000000000000003,0,4,3,1,1.0706481439992785,,250.2
2486,-1.6,0,6,3,1,1.0706481439992785,,250.2
2487,-4.300000000000001,0,4,3,1,1.0706481439992785,,250.3
2488,-2.3000000000000003,0,4,3,1,1.0706481439992785,,250.3
2489,-2.3000000000000003,0,4,3,1,1.0706481439992785,,250.4
2490,-4.300000000000001,0,4,3,1,1.0706481439992785,,250.4
2491,-4.300000000000001,0,4,3,1,1.0706481439992785,,250.6
2492,-4.300000000000001,0,4,3,1,1.0706481439992785,,250.7
2493,-4.300000000000001,0,4,3,1,1.0706481439992785,,250.7
2494,-4.300000000000001,0,4,3,1,1.0706481439992785,,250.8
2495,5.7,1,4,3,1,1.0706481439992785,,250.8
2496,-2.3000000000000003,0,4,3,1,1.0706481439992785,,250.9
2497,-4.300000000000001,0,4,3,1,1.0706481439992785,,251.0
2498,-4.300000000000001,0,4,3,1,1.0706481439992785,,251.0
2499,5.7,1,4,3,1,1.0706481439992785,,251.1
2500,-3.6000000000000005,0,6,3,1,1.0706481439992785,,251.2
2501,-4.300000000000001,0,4,3,1,1.0706481439992785,,256.3
2502,-0.30000000000000004,0,4,3,1,1.0706481439992785,,256.3
2503,-0.6000000000000001,0,6,3,1,1.0706481439992785,,256.4
2504,-2.3000000000000003,0,4,3,1,1.0706481439992785,,256.5
2505,-0.30000000000000004,0,4,3,1,1.0706481439992785,,256.5
2506,-3.4000000000000004,0,5,4,1,1.0706481439992785,,256.6
2507,-2.3000000000000003,0,4,3,1,1.0706481439992785,,256.7
2508,-4.300000000000001,0,4,3,1,1.0706481439992785,,256.7
2509,-4.300000000000001,0,4,3,1,1.0706481439992785,,256.8
2510,-4.300000000000001,0,4,3,1,1.0706481439992785,,256.9
2511,-4.300000000000001,0,4,3,1,1.0706481439992785,,257.0
2512,-2.3000000000000003,0,4,3,1,1.0706481439992785,,257.0
2513,-4.300000000000001,0,4,3,1,1.0706481439992785,,257.1
2514,-4.6000000000000005,0,6,3,1,1.0706481439992785,,257.2
2515,-4.300000000000001,0,4,3,1,1.0706481439992785,,257.3
2516,-4.300000000000001,0,4,3,1,1.0706481439992785,,257.4
2517,-4.300000000000001,0,4,3,1,1.0706481439992785,,257.5
2518,-4.300000000000001,0,4,3,1,1.0706481439992785,,257.6
2519,-2.3000000000000003,0,4,3,1,1.0706481439992785,,257.6
2520,-4.300000000000001,0,4,3,1,1.0706481439992785,,257.7
2521,-4.300000000000001,0,4,3,1,1.0706481439992785,,257.8
2522,-4.300000000000001,0,4,3,1,1.0706481439992785,,257.9
2523,-4.6,0,6,3,1,1.0706481439992785,,258.0
2524,-4.300000000000001,0,4,3,1,1.0706481439992785,,258.1
2525,-5.6000000000000005,0,6,3,1,1.0706481439992785,,258.2
2526,-4.300000000000001,0,4,3,1,1.0706481439992785,,258.3
2527,-2.3000000000000003,0,4,3,1,1.0706481439992785,,258.3
2528,-4.300000000000001,0,4,3,1,1.0706481439992785,,258.4
2529,-4.300000000000001,0,4,3,1,1.0706481439992785,,258.4
2530,-2.3000000000000003,0,4,3,1,1.0706481439992785,,258.5
2531,-2.3000000000000003,0,4,3,1,1.0706481439992785,,258.6
2532,-4.300000000000001,0,4,3,1,1.0706481439992785,,258.6
2533,-4.300000000000001,0,4,3,1,1.0706481439992785,,258.7
2534,-4.300000000000001,0,4,3,1,1.0706481439992785,,258.8
2535,-4.300000000000001,0,4,3,1,1.0706481439992785,,258.8
2536,-4.300000000000001,0,4,3,1,1.0706481439992785,,258.9
2537,-4.300000000000001,0,4,3,1,1.0706481439992785,,259.0
2538,-2.3000000000000003,0,4,3,1,1.0706481439992785,,259.0
2539,-2.3000000000000003,0,4,3,1,1.0706481439992785,,259.1
2540,-4.300000000000001,0,4,3,1,1.0706481439992785,,259.1
2541,-2.3000000000000003,0,4,3,1,1.0706481439992785,,259.2
2542,-4.300000000000001,0,4,3,1,1.0706481439992785,,259.3
2543,-4.300000000000001,0,4,3,1,1.0706481439992785,,259.4
2544,-4.300000000000001,0,4,3,1,1.0706481439992785,,259.5
2545,-4.300000000000001,0,4,3,1,1.0706481439992785,,259.6
2546,-0.6000000000000001,0,6,3,1,1.0706481439992785,,259.6
2547,-0.30000000000000004,0,4,3,1,1.0706481439992785,,259.7
2548,-4.300000000000001,0,4,3,1,1.0706481439992785,,259.8
2549,5.7,1,4,3,1,1.0706481439992785,,259.8
2550,-4.300000000000001,0,4,3,1,1.0706481439992785,,259.9
2551,-4.300000000000001,0,4,3,1,1.0706481439992785,,260.0
2552,-4.300000000000001,0,4,3,1,1.0706481439992785,,260.0
2553,-4.300000000000001,0,4,3,1,1.0706481439992785,,260.1
2554,-0.30000000000000004,0,4,3,1,1.0706481439992785,,260.2
2555,-0.30000000000000004,0,4,3,1,1.0706481439992785,,260.3
2556,-4.300000000000001,0,4,3,1,1.0706481439992785,,260.4
2557,-4.300000000000001,0,4,3,1,1.0706481439992785,,260.4
2558,-2.3000000000000003,0,4,3,1,1.0706481439992785,,260.5
2559,-5.6000000000000005,0,6,3,1,1.0706481439992785,,260.6
2560,-4.300000000000001,0,4,3,1,1.0706481439992785,,260.6
2561,-4.300000000000001,0,4,3,1,1.0706481439992785,,260.7
2562,-4.300000000000001,0,4,3,1,1.0706481439992785,,260.8
2563,-4.300000000000001,0,4,3,1,1.0706481439992785,,260.9
2564,-4.300000000000001,0,4,3,1,1.0706481439992785,,261.0
2565,-4.300000000000001,0,4,3,1,1.0706481439992785,,261.0
2566,-4.300000000000001,0,4,3,1,1.0706481439992785,,261.1
2567,-4.300000000000001,0,4,3,1,1.0706481439992785,,261.2
2568,-2.3000000000000003,0,4,3,1,1.0706481439992785,,261.3
2569,-2.3000000000000003,0,4,3,1,1.0706481439992785,,261.3
2570,-2.3000000000000003,0,4,3,1,1.0706481439992785,,261.4
2571,-2.3000000000000003,0,4,3,1,1.0706481439992785,,261.5
2572,-5.6000000000000005,0,6,3,1,1.0706481439992785,,261.6
2573,-4.300000000000001,0,4,3,1,1.0706481439992785,,261.7
2574,-3.6,0,6,3,1,1.0706481439992785,,261.8
2575,-4.300000000000001,0,4,3,1,1.0706481439992785,,261.9
2576,-4.300000000000001,0,4,3,1,1.0706481439992785,,261.9
2577,-4.300000000000001,0,4,3,1,1.0706481439992785,,262.0
2578,-2.3000000000000003,0,4,3,1,1.0706481439992785,,262.0
2579,-4.300000000000001,0,4,3,1,1.0706481439992785,,262.1
2580,-4.300000000000001,0,4,3,1,1.0706481439992785,,262.2
2581,-4.300000000000001,0,4,3,1,1.0706481439992785,,262.3
2582,-0.6000000000000001,0,6,3,1,1.0706481439992785,,262.4
2583,-2.3000000000000003,0,4,3,1,1.0706481439992785,,262.5
2584,-1.4000000000000001,0,5,4,1,1.0706481439992785,,262.6
2585,-4.300000000000001,0,4,3,1,1.0706481439992785,,262.6
2586,-5.4,0,5,4,1,1.0706481439992785,,262.7
2587,-4.300000000000001,0,4,3,1,1.0706481439992785,,262.8
2588,5.7,1,4,3,1,1.0706481439992785,,262.8
2589,-4.300000000000001,0,4,3,1,1.0706481439992785,,262.9
2590,-0.30000000000000004,0,4,3,1,1.0706481439992785,,263.0
2591,-4.300000000000001,0,4,3,1,1.0706481439992785,,263.1
2592,-5.4,0,5,4,1,1.0706481439992785,,263.2
2593,-2.3000000000000003,0,4,3,1,1.0706481439992785,,263.3
2594,-4.300000000000001,0,4,3,1,1.0706481439992785,,263.3
2595,-4.300000000000001,0,4,3,1,1.0706481439992785,,263.4
2596,-2.3000000000000003,0,4,3,1,1.0706481439992785,,263.5
2597,-5.6000000000000005,0,6,3,1,1.0706481439992785,,263.6
2598,-4.300000000000001,0,4,3,1,1.0706481439992785,,263.7
2599,-4.300000000000001,0,4,3,1,1.0706481439992785,,263.7
2600,-4.300000000000001,0,4,3,1,1.0706481439992785,,263.8
2601,-4.300000000000001,0,4,3,1,1.0706481439992785,,263.9
2602,-2.3000000000000003,0,4,3,1,1.0706481439992785,,264.0
2603,-2.3000000000000003,0,4,3,1,1.0706481439992785,,264.1
2604,-4.300000000000001,0,4,3,1,1.0706481439992785,,264.1
2605,-4.300000000000001,0,4,3,1,1.0706481439992785,,264.2
2606,-4.300000000000001,0,4,3,1,1.0706481439992785,,264.2
2607,-4.300000000000001,0,4,3,1,1.0706481439992785,,264.3
2608,-4.300000000000001,0,4,3,1,1.0706481439992785,,264.4
2609,-2.3000000000000003,0,4,3,1,1.0706481439992785,,264.5
2610,-2.3000000000000003,0,4,3,1,1.0706481439992785,,264.6
2611,-2.3000000000000003,0,4,3,1,1.0706481439992785,,264.6
2612,-4.300000000000001,0,4,3,1,1.0706481439992785,,264.7
2613,-3.9000000000000004,0,8,3,1,1.0706481439992785,,264.8
2614,-4.300000000000001,0,4,3,1,1.0706481439992785,,264.9
2615,-4.300000000000001,0,4,3,1,1.0706481439992785,,265.0
2616,-4.300000000000001,0,4,3,1,1.0706481439992785,,265.1
2617,-3.6,0,6,3,1,1.0706481439992785,,265.2
2618,-4.300000000000001,0,4,3,1,0.9968249564990401,0.9697077590972185,265.9
2619,-4.300000000000001,0,4,3,1,0.9968249564990401,,266.0
2620,-4.300000000000001,0,4,3,1,0.9968249564990401,,266.1
2621,-4.300000000000001,0,4,3,1,0.9968249564990401,,266.2
2622,-5.4,0,5,4,1,0.9968249564990401,,266.3
2623,-2.6,0,6,3,1,0.9968249564990401,,266.3
2624,-4.300000000000001,0,4,3,1,0.9968249564990401,,266.4
2625,5.7,1,4,3,1,0.9968249564990401,,266.5
2626,-4.300000000000001,0,4,3,1,0.9968249564990401,,266.6
2627,-4.300000000000001,0,4,3,1,0.9968249564990401,,266.7
2628,-4.300000000000001,0,4,3,1,0.9968249564990401,,266.7
2629,5.7,1,4,3,1,0.9968249564990401,,266.8
2630,-4.300000000000001,0,4,3,1,0.9968249564990401,,266.9
2631,-2.3000000000000003,0,4,3,1,0.9968249564990401,,267.0
2632,-4.300000000000001,0,4,3,1,0.9968249564990401,,267.0
2633,-4.300000000000001,0,4,3,1,0.9968249564990401,,267.1
2634,-3.6000000000000005,0,6,3,1,0.9968249564990401,,267.2
2635,-0.30000000000000004,0,4,3,1,0.9968249564990401,,267.2
2636,-4.700000000000001,0,7,4,1,0.9968249564990401,,267.4
2637,-4.300000000000001,0,4,3,1,0.9968249564990401,,267.4
2638,-4.300000000000001,0,4,3,1,0.9968249564990401,,267.5
2639,-4.300000000000001,0,4,3,1,0.9968249564990401,,267.5
2640,-4.300000000000001,0,4,3,1,0.9968249564990401,,267.6
2641,-4.300000000000001,0,4,3,1,0.9968249564990401,,267.6
2642,-4.300000000000001,0,4,3,1,0.9968249564990401,,267.7
2643,-4.6,0,6,3,1,0.9968249564990401,,267.8
2644,-4.300000000000001,0,4,3,1,0.9968249564990401,,267.9
2645,-4.300000000000001,0,4,3,1,0.9968249564990401,,267.9
2646,-4.300000000000001,0,4,3,1,0.9968249564990401,,268.0
2647,-4.300000000000001,0,4,3,1,0.9968249564990401,,268.1
2648,-2.3000000000000003,0,4,3,1,0.9968249564990401,,268.2
2649,-4.300000000000001,0,4,3,1,0.9968249564990401,,268.3
2650,-4.300000000000001,0,4,3,1,0.9968249564990401,,268.4
2651,-3.4000000000000004,0,5,4,1,0.9968249564990401,,268.4
2652,-2.3000000000000003,0,4,3,1,0.9968249564990401,,268.5
2653,-3.6000000000000005,0,6,3,1,0.9968249564990401,,268.6
2654,-2.3000000000000003,0,4,3,1,0.9968249564990401,,268.7
2655,-4.300000000000001,0,4,3,1,0.9968249564990401,,268.7
2656,-3.6000000000000005,0,6,3,1,0.9968249564990401,,268.8
2657,-4.300000000000001,0,4,3,1,0.9968249564990401,,268.9
2658,-2.3000000000000003,0,4,3,1,0.9968249564990401,,269.0
2659,-2.3000000000000003,0,4,3,1,0.9968249564990401,,269.0
2660,-4.300000000000001,0,4,3,1,0.9968249564990401,,269.1
2661,-4.300000000000001,0,4,3,1,0.9968249564990401,,269.2
2662,-2.3000000000000003,0,4,3,1,0.9968249564990401,,269.3
2663,-4.300000000000001,0,4,3,1,0.9968249564990401,,269.3
2664,-4.300000000000001,0,4,3,1,0.9968249564990401,,269.4
2665,-5.4,0,5,4,1,0.9968249564990401,,269.5
2666,-4.300000000000001,0,4,3,1,0.9968249564990401,,269.5
2667,5.7,1,4,3,1,0.9968249564990401,,269.6
2668,-6.9,0,8,3,1,0.9968249564990401,,269.7
2669,-4.300000000000001,0,4,3,1,0.9968249564990401,,269.8
2670,-4.300000000000001,0,4,3,1,0.9968249564990401,,269.9
2671,-4.300000000000001,0,4,3,1,0.9968249564990401,,270.0
2672,-4.300000000000001,0,4,3,1,0.9968249564990401,,270.1
2673,-4.300000000000001,0,4,3,1,0.9968249564990401,,270.2
2674,5.7,1,4,3,1,0.9968249564990401,,270.3
2675,-0.30000000000000004,0,4,3,1,0.9968249564990401,,270.3
2676,-4.300000000000001,0,4,3,1,0.9968249564990401,,270.3
2677,-4.300000000000001,0,4,3,1,0.9968249564990401,,270.4
2678,5.7,1,4,3,1,0.9968249564990401,,270.5
2679,-4.300000000000001,0,4,3,1,0.9968249564990401,,270.6
2680,-2.6,0,6,3,1,0.9968249564990401,,270.6
2681,-2.3000000000000003,0,4,3,1,0.9968249564990401,,270.7
2682,-0.30000000000000004,0,4,3,1,0.9968249564990401,,270.8
2683,-4.300000000000001,0,4,3,1,0.9968249564990401,,270.8
2684,-2.3000000000000003,0,4,3,1,0.9968249564990401,,270.9
2685,-4.300000000000001,0,4,3,1,0.9968249564990401,,271.0
2686,5.7,1,4,3,1,0.9968249564990401,,271.0
2687,-1.4000000000000001,0,5,4,1,0.9968249564990401,,271.2
2688,-4.300000000000001,0,4,3,1,0.9968249564990401,,271.2
2689,-4.300000000000001,0,4,3,1,0.9968249564990401,,271.3
2690,-0.30000000000000004,0,4,3,1,0.9968249564990401,,271.4
2691,-5.6000000000000005,0,6,3,1,0.9968249564990401,,271.5
2692,5.7,1,4,3,1,0.9968249564990401,,271.6
2693,-4.300000000000001,0,4,3,1,0.9968249564990401,,271.6
2694,-4.6,0,6,3,1,0.9968249564990401,,271.7
2695,-4.300000000000001,0,4,3,1,0.9968249564990401,,271.8
2696,-4.300000000000001,0,4,3,1,0.9968249564990401,,271.9
2697,-2.3000000000000003,0,4,3,1,0.9968249564990401,,271.9
2698,-4.300000000000001,0,4,3,1,0.9968249564990401,,271.9
2699,-4.6,0,6,3,1,0.9968249564990401,,272.0
2700,-4.6000000000000005,0,6,3,1,0.9968249564990401,,272.2
2701,-2.3000000000000003,0,4,3,1,0.9968249564990401,,272.2
2702,-2.3000000000000003,0,4,3,1,0.9968249564990401,,272.3
2703,-5.500000000000002,0,12,3,1,0.9968249564990401,,272.4
2704,-4.300000000000001,0,4,3,1,0.9968249564990401,,272.5
2705,-2.3000000000000003,0,4,3,1,0.9968249564990401,,272.6
2706,-1.4000000000000001,0,5,4,1,0.9968249564990401,,272.6
2707,-0.30000000000000004,0,4,3,1,0.9968249564990401,,272.7
2708,-4.300000000000001,0,4,3,1,0.9968249564990401,,272.8
2709,-2.3000000000000003,0,4,3,1,0.9968249564990401,,272.9
2710,-2.3000000000000003,0,4,3,1,0.9968249564990401,,272.9
2711,5.7,1,4,3,1,0.9968249564990401,,273.0
2712,-4.300000000000001,0,4,3,1,0.9968249564990401,,273.1
2713,-4.300000000000001,0,4,3,1,0.9968249564990401,,273.1
2714,-0.30000000000000004,0,4,3,1,0.9968249564990401,,273.2
2715,-4.300000000000001,0,4,3,1,0.9968249564990401,,273.3
2716,-2.3000000000000003,0,4,3,1,0.9968249564990401,,273.4
2717,-4.300000000000001,0,4,3,1,0.9968249564990401,,273.4
2718,-5.4,0,5,4,1,0.9968249564990401,,273.5
2719,-2.3000000000000003,0,4,3,1,0.9968249564990401,,273.5
2720,-4.300000000000001,0,4,3,1,0.9968249564990401,,273.6
2721,-4.300000000000001,0,4,3,1,0.9968249564990401,,273.6
2722,-4.300000000000001,0,4,3,1,0.9968249564990401,,273.7
2723,-4.300000000000001,0,4,3,1,0.9968249564990401,,273.8
2724,-4.300000000000001,0,4,3,1,0.9968249564990401,,273.9
2725,5.7,1,4,3,1,0.9968249564990401,,273.9
2726,-4.300000000000001,0,4,3,1,0.9968249564990401,,274.0
2727,-3.6000000000000005,0,6,3,1,0.9968249564990401,,274.1
2728,-4.300000000000001,0,4,3,1,0.9968249564990401,,274.2
2729,-5.6000000000000005,0,6,3,1,0.9968249564990401,,274.3
2730,-4.300000000000001,0,4,3,1,0.9968249564990401,,274.4
2731,-4.300000000000001,0,4,3,1,0.9968249564990401,,274.4
2732,-3.2,0,10,3,1,0.9968249564990401,,274.5
2733,-5.6000000000000005,0,6,3,1,0.9968249564990401,,274.7
2734,-4.6000000000000005,0,6,3,1,0.9968249564990401,,274.8
2735,-2.3000000000000003,0,4,3,1,0.9968249564990401,,274.8
2736,-0.6000000000000001,0,6,3,1,0.9968249564990401,,274.9
2737,-5.4,0,5,4,1,0.9968249564990401,,275.0
2738,-4.300000000000001,0,4,3,1,0.9968249564990401,,275.1
2739,-4.300000000000001,0,4,3,1,0.9968249564990401,,275.2
2740,-4.300000000000001,0,4,3,1,0.9968249564990401,,275.2
2741,-4.300000000000001,0,4,3,1,0.9968249564990401,,275.4
2742,-4.300000000000001,0,4,3,1,0.9968249564990401,,275.4
2743,-5.4,0,5,4,1,0.9968249564990401,,275.5
2744,-4.300000000000001,0,4,3,1,0.9968249564990401,,275.6
2745,-4.300000000000001,0,4,3,1,0.9968249564990401,,275.6
2746,-4.300000000000001,0,4,3,1,0.9968249564990401,,275.7
2747,-3.4000000000000004,0,5,4,1,0.9968249564990401,,275.8
2748,-4.300000000000001,0,4,3,1,0.9968249564990401,,275.9
2749,-4.6,0,6,3,1,0.9968249564990401,,276.0
2750,-4.300000000000001,0,4,3,1,0.9968249564990401,,276.1
2751,-4.300000000000001,0,4,3,1,0.9968249564990401,,276.2
2752,-0.30000000000000004,0,4,3,1,0.9968249564990401,,276.3
2753,-4.300000000000001,0,4,3,1,0.9968249564990401,,276.3
2754,-4.300000000000001,0,4,3,1,0.9968249564990401,,276.4
2755,5.7,1,4,3,1,0.9968249564990401,,276.5
2756,-4.300000000000001,0,4,3,1,0.9968249564990401,,276.6
2757,-4.300000000000001,0,4,3,1,0.9968249564990401,,276.7
2758,-4.300000000000001,0,4,3,1,0.9968249564990401,,276.8
2759,-3.4000000000000004,0,5,4,1,0.9968249564990401,,276.9
2760,-4.300000000000001,0,4,3,1,0.9968249564990401,,277.0
2761,-4.6000000000000005,0,6,3,1,0.9968249564990401,,277.0
2762,-4.6000000000000005,0,6,3,1,0.9968249564990401,,277.1
2763,-5.4,0,5,4,1,0.9968249564990401,,277.1
2764,-4.300000000000001,0,4,3,1,0.9968249564990401,,277.2
2765,-4.300000000000001,0,4,3,1,0.9968249564990401,,277.3
2766,-4.6,0,6,3,1,0.9968249564990401,,277.3
2767,-4.300000000000001,0,4,3,1,0.9968249564990401,,277.4
2768,-4.300000000000001,0,4,3,1,0.9968249564990401,,277.5
2769,-4.300000000000001,0,4,3,1,0.9968249564990401,,277.6
2770,-4.300000000000001,0,4,3,1,0.9968249564990401,,277.6
2771,5.4,1,6,3,1,0.9968249564990401,,277.7
2772,-4.300000000000001,0,4,3,1,0.9968249564990401,,277.8
2773,-4.300000000000001,0,4,3,1,0.9968249564990401,,277.9
2774,-4.300000000000001,0,4,3,1,0.9968249564990401,,278.0
2775,-4.300000000000001,0,4,3,1,0.9968249564990401,,278.0
2776,-4.300000000000001,0,4,3,1,0.9968249564990401,,278.1
2777,0.6000000000000001,0,5,4,1,0.9968249564990401,,278.1
2778,-2.7,0,7,4,1,0.9968249564990401,,278.2
2779,-4.300000000000001,0,4,3,1,0.9968249564990401,,278.3
2780,-0.30000000000000004,0,4,3,1,0.9968249564990401,,278.3
2781,-4.300000000000001,0,4,3,1,0.9968249564990401,,278.4
2782,-4.300000000000001,0,4,3,1,0.9968249564990401,,278.5
2783,5.7,1,4,3,1,0.9968249564990401,,278.6
2784,-4.300000000000001,0,4,3,1,0.9968249564990401,,278.6
2785,-5.700000000000001,0,7,4,1,0.9968249564990401,,278.8
2786,-5.9,0,8,3,1,0.9968249564990401,,278.8
2787,-2.6,0,6,3,1,0.9968249564990401,,278.9
2788,-4.300000000000001,0,4,3,1,0.9968249564990401,,279.0
2789,-5.4,0,5,4,1,0.9968249564990401,,279.1
2790,-4.300000000000001,0,4,3,1,0.9968249564990401,,279.2
2791,-4.300000000000001,0,4,3,1,0.9968249564990401,,279.2
2792,-4.300000000000001,0,4,3,1,0.9968249564990401,,279.3
2793,-4.300000000000001,0,4,3,1,0.9968249564990401,,279.4
2794,-4.300000000000001,0,4,3,1,0.9968249564990401,,279.4
2795,-4.300000000000001,0,4,3,1,0.9968249564990401,,279.5
2796,-4.300000000000001,0,4,3,1,0.9968249564990401,,279.6
2797,-4.300000000000001,0,4,3,1,0.9968249564990401,,279.7
2798,-5.4,0,5,4,1,0.9968249564990401,,279.8
2799,-5.4,0,5,4,1,0.9968249564990401,,279.9
2800,-2.6,0,6,3,1,0.9968249564990401,,280.0
2801,-4.300000000000001,0,4,3,1,0.9968249564990401,,280.1
2802,-2.3000000000000003,0,4,3,1,0.9968249564990401,,280.2
2803,-5.4,0,5,4,1,0.9968249564990401,,280.3
2804,-8.700000000000001,0,12,2,0,0.9968249564990401,,280.4
2805,-4.300000000000001,0,4,3,1,0.9968249564990401,,280.5
2806,-4.300000000000001,0,4,3,1,0.9968249564990401,,280.5
2807,-4.300000000000001,0,4,3,1,0.9968249564990401,,280.6
2808,-4.300000000000001,0,4,3,1,0.9968249564990401,,280.6
2809,-0.30000000000000004,0,4,3,1,0.9968249564990401,,280.7
2810,-4.300000000000001,0,4,3,1,0.9968249564990401,,280.8
2811,-4.300000000000001,0,4,3,1,0.9968249564990401,,280.9
2812,-4.300000000000001,0,4,3,1,0.9968249564990401,,281.0
2813,-4.300000000000001,0,4,3,1,0.9968249564990401,,281.1
2814,-4.300000000000001,0,4,3,1,0.9968249564990401,,281.1
2815,-4.6000000000000005,0,6,3,1,0.9968249564990401,,281.2
2816,-4.300000000000001,0,4,3,1,0.9968249564990401,,281.3
2817,-5.4,0,5,4,1,0.9968249564990401,,281.4
2818,-4.300000000000001,0,4,3,1,0.9968249564990401,,281.4
2819,-5.6000000000000005,0,6,3,1,0.9968249564990401,,281.5
2820,-2.3000000000000003,0,4,3,1,0.9968249564990401,,281.6
2821,-4.300000000000001,0,4,3,1,0.9968249564990401,,281.7
2822,-4.300000000000001,0,4,3,1,0.9968249564990401,,281.8
2823,-4.300000000000001,0,4,3,1,0.9968249564990401,,281.9
2824,-4.300000000000001,0,4,3,1,0.9968249564990401,,281.9
2825,-2.3000000000000003,0,4,3,1,0.9968249564990401,,282.0
2826,-3.7,0,7,4,1,0.9968249564990401,,282.1
2827,-4.300000000000001,0,4,3,1,0.9968249564990401,,282.2
2828,-4.300000000000001,0,4,3,1,0.9968249564990401,,282.2
2829,-4.300000000000001,0,4,3,1,0.9968249564990401,,282.3
2830,-6.9,0,8,3,1,0.9968249564990401,,282.4
2831,-2.6,0,6,3,1,0.9968249564990401,,282.4
2832,-4.300000000000001,0,4,3,1,0.9968249564990401,,282.5
2833,-2.3000000000000003,0,4,3,1,0.9968249564990401,,282.6
2834,-0.6000000000000001,0,6,3,1,0.9968249564990401,,282.7
2835,5.7,1,4,3,1,0.9968249564990401,,282.7
2836,-4.300000000000001,0,4,3,1,0.9968249564990401,,282.8
2837,-2.3000000000000003,0,4,3,1,0.9968249564990401,,282.9
2838,-4.300000000000001,0,4,3,1,0.9968249564990401,,283.0
2839,-4.300000000000001,0,4,3,1,0.9968249564990401,,283.1
2840,-4.300000000000001,0,4,3,1,0.9968249564990401,,283.2
2841,-4.300000000000001,0,4,3,1,0.9968249564990401,,283.2
2842,-4.300000000000001,0,4,3,1,0.9968249564990401,,283.3
2843,-4.300000000000001,0,4,3,1,0.9968249564990401,,283.4
2844,-5.4,0,5,4,1,0.9968249564990401,,283.5
2845,-4.300000000000001,0,4,3,1,0.9968249564990401,,283.6
2846,-4.300000000000001,0,4,3,1,0.9968249564990401,,283.7
2847,-4.300000000000001,0,4,3,1,0.9968249564990401,,283.8
2848,-4.300000000000001,0,4,3,1,0.9968249564990401,,283.9
2849,-4.300000000000001,0,4,3,1,0.9968249564990401,,284.0
2850,-4.300000000000001,0,4,3,1,0.9968249564990401,,284.1
2851,-4.300000000000001,0,4,3,1,0.9968249564990401,,284.2
2852,-2.3000000000000003,0,4,3,1,0.9968249564990401,,284.2
2853,-0.30000000000000004,0,4,3,1,0.9968249564990401,,284.3
2854,-5.4,0,5,4,1,0.9968249564990401,,284.4
2855,-4.300000000000001,0,4,3,1,0.9968249564990401,,284.5
2856,-4.300000000000001,0,4,3,1,0.9968249564990401,,284.6
2857,-4.300000000000001,0,4,3,1,0.9968249564990401,,284.7
2858,-4.300000000000001,0,4,3,1,0.9968249564990401,,284.7
2859,-3.0,0,9,4,1,0.9968249564990401,,284.8
2860,-4.300000000000001,0,4,3,1,0.9968249564990401,,284.9
2861,-4.300000000000001,0,4,3,1,0.9968249564990401,,285.0
2862,-4.300000000000001,0,4,3,1,0.9968249564990401,,285.1
2863,-2.3000000000000003,0,4,3,1,0.9968249564990401,,285.1
2864,-4.300000000000001,0,4,3,1,0.9968249564990401,,285.2
2865,-3.6000000000000005,0,6,3,1,0.9968249564990401,,285.3
2866,-4.300000000000001,0,4,3,1,0.9968249564990401,,285.4
2867,-4.300000000000001,0,4,3,1,0.9968249564990401,,285.4
2868,-4.300000000000001,0,4,3,1,0.9968249564990401,,285.5
2869,-4.6000000000000005,0,6,3,1,0.9968249564990401,,285.6
2870,-4.300000000000001,0,4,3,1,0.9968249564990401,,285.7
2871,-2.3000000000000003,0,4,3,1,0.9968249564990401,,285.8
2872,-1.4000000000000001,0,5,4,1,0.9968249564990401,,285.9
2873,-2.3000000000000003,0,4,3,1,0.9968249564990401,,285.9
2874,-4.300000000000001,0,4,3,1,0.9968249564990401,,286.0
2875,-1.6,0,6,3,1,0.9968249564990401,,286.0
2876,-2.3000000000000003,0,4,3,1,0.9968249564990401,,286.1
2877,-4.300000000000001,0,4,3,1,0.9968249564990401,,286.2
2878,-4.300000000000001,0,4,3,1,0.9968249564990401,,286.2
2879,-4.300000000000001,0,4,3,1,0.9968249564990401,,286.3
2880,-2.3000000000000003,0,4,3,1,0.9968249564990401,,286.4
2881,-4.300000000000001,0,4,3,1,0.9968249564990401,,286.5
2882,-4.300000000000001,0,4,3,1,0.9968249564990401,,286.6
2883,-4.300000000000001,0,4,3,1,0.9968249564990401,,286.7
2884,-4.300000000000001,0,4,3,1,0.9968249564990401,,286.8
2885,-5.4,0,5,4,1,0.9968249564990401,,286.8
2886,-4.300000000000001,0,4,3,1,0.9968249564990401,,286.9
2887,-4.9,0,8,3,1,0.9968249564990401,,287.0
2888,-2.3000000000000003,0,4,3,1,0.9968249564990401,,287.1
2889,-4.300000000000001,0,4,3,1,0.9968249564990401,,287.1
2890,-4.300000000000001,0,4,3,1,0.9968249564990401,,287.2
2891,-2.3000000000000003,0,4,3,1,0.9968249564990401,,287.3
2892,-4.300000000000001,0,4,3,1,0.9968249564990401,,287.3
2893,-5.6000000000000005,0,6,3,1,0.9968249564990401,,287.5
2894,5.7,1,4,3,1,0.9968249564990401,,287.5
2895,-0.6000000000000001,0,6,3,1,0.9968249564990401,,287.6
2896,-4.300000000000001,0,4,3,1,0.9968249564990401,,287.7
2897,-3.6,0,6,3,1,0.9968249564990401,,287.8
2898,-4.300000000000001,0,4,3,1,0.9968249564990401,,287.8
2899,-4.300000000000001,0,4,3,1,0.9968249564990401,,287.9
2900,-4.300000000000001,0,4,3,1,0.9968249564990401,,288.0
2901,-4.300000000000001,0,4,3,1,0.9968249564990401,,288.1
2902,-4.300000000000001,0,4,3,1,0.9968249564990401,,288.1
2903,5.7,1,4,3,1,0.9968249564990401,,288.2
2904,-4.300000000000001,0,4,3,1,0.9968249564990401,,288.3
2905,-4.300000000000001,0,4,3,1,0.9968249564990401,,288.3
2906,-2.3000000000000003,0,4,3,1,0.9968249564990401,,288.4
2907,-4.300000000000001,0,4,3,1,0.9968249564990401,,288.5
2908,-4.300000000000001,0,4,3,1,0.9968249564990401,,288.6
2909,-4.300000000000001,0,4,3,1,0.9968249564990401,,288.6
2910,-2.3000000000000003,0,4,3,1,0.9968249564990401,,288.7
2911,-2.3000000000000003,0,4,3,1,0.9968249564990401,,288.8
2912,-4.300000000000001,0,4,3,1,0.9968249564990401,,288.8
2913,-2.3000000000000003,0,4,3,1,0.9968249564990401,,288.9
2914,-4.300000000000001,0,4,3,1,0.9968249564990401,,289.0
2915,-5.6000000000000005,0,6,3,1,0.9968249564990401,,289.0
2916,-5.4,0,5,4,1,0.9968249564990401,,289.1
2917,-4.300000000000001,0,4,3,1,0.9968249564990401,,289.2
2918,-4.300000000000001,0,4,3,1,0.9968249564990401,,289.3
2919,-4.300000000000001,0,4,3,1,0.9968249564990401,,289.4
2920,-4.300000000000001,0,4,3,1,0.9968249564990401,,289.4
2921,-2.3000000000000003,0,4,3,1,0.9968249564990401,,289.5
2922,-4.300000000000001,0,4,3,1,0.9968249564990401,,289.6
2923,-2.3000000000000003,0,4,3,1,0.9968249564990401,,289.6
2924,-0.30000000000000004,0,4,3,1,0.9968249564990401,,289.7
2925,-0.30000000000000004,0,4,3,1,0.9968249564990401,,289.8
2926,-4.6,0,6,3,1,0.9968249564990401,,289.9
2927,-4.300000000000001,0,4,3,1,0.9968249564990401,,290.0
2928,-4.300000000000001,0,4,3,1,0.9968249564990401,,290.1
2929,-4.6,0,6,3,1,0.9968249564990401,,290.2
2930,-4.300000000000001,0,4,3,1,0.9968249564990401,,290.3
2931,5.7,1,4,3,1,0.9968249564990401,,290.3
2932,-0.30000000000000004,0,4,3,1,0.9968249564990401,,290.4
2933,-4.300000000000001,0,4,3,1,0.9968249564990401,,290.5
2934,-0.30000000000000004,0,4,3,1,0.9968249564990401,,290.5
2935,-4.300000000000001,0,4,3,1,0.9968249564990401,,290.6
2936,-2.3000000000000003,0,4,3,1,0.9968249564990401,,290.6
2937,-4.300000000000001,0,4,3,1,0.9968249564990401,,290.7
2938,-4.300000000000001,0,4,3,1,0.9968249564990401,,290.8
2939,-4.300000000000001,0,4,3,1,0.9968249564990401,,290.9
2940,-4.300000000000001,0,4,3,1,0.9968249564990401,,290.9
2941,-4.300000000000001,0,4,3,1,0.9968249564990401,,291.0
2942,-0.30000000000000004,0,4,3,1,0.9968249564990401,,291.0
2943,-2.3000000000000003,0,4,3,1,0.9968249564990401,,291.1
2944,-4.300000000000001,0,4,3,1,0.9968249564990401,,291.2
2945,-5.6000000000000005,0,6,3,1,0.9968249564990401,,291.3
2946,-4.300000000000001,0,4,3,1,0.9968249564990401,,291.4
2947,-0.30000000000000004,0,4,3,1,0.9968249564990401,,291.4
2948,-4.300000000000001,0,4,3,1,0.9968249564990401,,291.6
2949,5.7,1,4,3,1,0.9968249564990401,,291.7
2950,-4.300000000000001,0,4,3,1,0.9968249564990401,,291.7
2951,5.7,1,4,3,1,0.9968249564990401,,291.8
2952,-3.4000000000000004,0,5,4,1,0.9968249564990401,,291.9
2953,-4.300000000000001,0,4,3,1,0.9968249564990401,,291.9
2954,-4.6,0,6,3,1,0.9968249564990401,,292.0
2955,-4.300000000000001,0,4,3,1,0.9968249564990401,,292.1
2956,-4.300000000000001,0,4,3,1,0.9968249564990401,,292.2
2957,-1.6,0,6,3,1,0.9968249564990401,,292.3
2958,-4.300000000000001,0,4,3,1,0.9968249564990401,,292.3
2959,-5.4,0,5,4,1,0.9968249564990401,,292.4
2960,-4.6,0,6,3,1,0.9968249564990401,,292.4
2961,-2.3000000000000003,0,4,3,1,0.9968249564990401,,292.5
2962,-4.300000000000001,0,4,3,1,0.9968249564990401,,292.6
2963,-4.300000000000001,0,4,3,1,0.9968249564990401,,292.6
2964,-4.300000000000001,0,4,3,1,0.9968249564990401,,292.7
2965,-2.3000000000000003,0,4,3,1,0.9968249564990401,,292.8
2966,-4.300000000000001,0,4,3,1,0.9968249564990401,,292.8
2967,-4.300000000000001,0,4,3,1,0.9968249564990401,,292.9
2968,-3.4000000000000004,0,5,4,1,0.9968249564990401,,292.9
2969,-4.300000000000001,0,4,3,1,0.9968249564990401,,293.0
2970,-2.3000000000000003,0,4,3,1,0.9968249564990401,,293.1
2971,-5.6000000000000005,0,6,3,1,0.9968249564990401,,293.2
2972,-2.3000000000000003,0,4,3,1,0.9968249564990401,,293.3
2973,-0.30000000000000004,0,4,3,1,0.9968249564990401,,293.4
2974,-5.4,0,5,4,1,0.9968249564990401,,293.5
2975,-4.300000000000001,0,4,3,1,0.9968249564990401,,293.5
2976,-2.3000000000000003,0,4,3,1,0.9968249564990401,,293.6
2977,-4.300000000000001,0,4,3,1,0.9968249564990401,,293.7
2978,-3.6000000000000005,0,6,3,1,0.9968249564990401,,293.7
2979,-0.30000000000000004,0,4,3,1,0.9968249564990401,,293.8
2980,-4.300000000000001,0,4,3,1,0.9968249564990401,,293.9
2981,-4.6,0,6,3,1,0.9968249564990401,,294.0
2982,-4.300000000000001,0,4,3,1,0.9968249564990401,,294.1
2983,-5.6000000000000005,0,6,3,1,0.9968249564990401,,294.2
2984,-0.30000000000000004,0,4,3,1,0.9968249564990401,,294.3
2985,-4.300000000000001,0,4,3,1,0.9968249564990401,,294.3
2986,5.7,1,4,3,1,0.9968249564990401,,294.5
2987,5.7,1,4,3,1,0.9968249564990401,,294.5
2988,-4.300000000000001,0,4,3,1,0.9968249564990401,,294.6
2989,-4.300000000000001,0,4,3,1,0.9968249564990401,,294.7
2990,-4.300000000000001,0,4,3,1,0.9968249564990401,,294.8
2991,-4.300000000000001,0,4,3,1,0.9968249564990401,,294.9
2992,-2.3000000000000003,0,4,3,1,0.9968249564990401,,294.9
2993,-3.4000000000000004,0,5,4,1,0.9968249564990401,,295.0
2994,-4.300000000000001,0,4,3,1,0.9968249564990401,,295.1
2995,-5.6000000000000005,0,6,3,1,0.9968249564990401,,295.2
2996,-2.3000000000000003,0,4,3,1,0.9968249564990401,,295.3
2997,5.7,1,4,3,1,0.9968249564990401,,295.4
2998,-4.300000000000001,0,4,3,1,0.9968249564990401,,295.4
2999,-4.300000000000001,0,4,3,1,0.9968249564990401,,295.5
3000,-2.3000000000000003,0,4,3,1,0.9968249564990401,,295.5
3001,-2.6,0,6,3,1,0.9968249564990401,,300.8
3002,-2.3000000000000003,0,4,3,1,0.9968249564990401,,300.9
3003,-4.300000000000001,0,4,3,1,0.9968249564990401,,300.9
3004,4.4,1,6,3,1,0.9968249564990401,,301.0
3005,-0.30000000000000004,0,4,3,1,0.9968249564990401,,301.1
3006,-6.700000000000001,0,7,4,1,0.9968249564990401,,301.2
3007,-1.6,0,6,3,1,0.9968249564990401,,301.2
3008,-2.3000000000000003,0,4,3,1,0.9968249564990401,,301.3
3009,-4.300000000000001,0,4,3,1,0.9968249564990401,,301.4
3010,-6.700000000000001,0,7,4,1,0.9968249564990401,,301.4
3011,-4.300000000000001,0,4,3,1,0.9968249564990401,,301.5
3012,-4.300000000000001,0,4,3,1,0.9968249564990401,,301.6
3013,-4.300000000000001,0,4,3,1,0.9968249564990401,,301.7
3014,-4.300000000000001,0,4,3,1,0.9968249564990401,,301.8
3015,-4.300000000000001,0,4,3,1,0.9968249564990401,,301.9
3016,-4.300000000000001,0,4,3,1,0.9968249564990401,,302.0
3017,-1.6,0,6,3,1,0.9968249564990401,,302.0
3018,-4.300000000000001,0,4,3,1,0.9968249564990401,,302.1
3019,-4.6,0,6,3,1,0.9968249564990401,,302.2
3020,-2.3000000000000003,0,4,3,1,0.9968249564990401,,302.3
3021,-4.300000000000001,0,4,3,1,0.9968249564990401,,302.4
3022,-4.300000000000001,0,4,3,1,0.9968249564990401,,302.5
3023,-4.300000000000001,0,4,3,1,0.9968249564990401,,302.5
3024,-2.3000000000000003,0,4,3,1,0.9968249564990401,,302.6
3025,-4.300000000000001,0,4,3,1,0.9968249564990401,,302.6
3026,-4.300000000000001,0,4,3,1,0.9968249564990401,,302.7
3027,-4.300000000000001,0,4,3,1,0.9968249564990401,,302.8
3028,-4.300000000000001,0,4,3,1,0.9968249564990401,,302.8
3029,-4.300000000000001,0,4,3,1,0.9968249564990401,,303.0
3030,-4.300000000000001,0,4,3,1,0.9968249564990401,,303.0
3031,-4.300000000000001,0,4,3,1,0.9968249564990401,,303.1
3032,-4.300000000000001,0,4,3,1,0.9968249564990401,,303.2
3033,-4.300000000000001,0,4,3,1,0.9968249564990401,,303.3
3034,-0.30000000000000004,0,4,3,1,0.9968249564990401,,303.3
3035,-2.3000000000000003,0,4,3,1,0.9968249564990401,,303.4
3036,-4.300000000000001,0,4,3,1,0.9968249564990401,,303.5
3037,-4.300000000000001,0,4,3,1,0.9968249564990401,,303.6
3038,-4.300000000000001,0,4,3,1,0.9968249564990401,,303.6
3039,-2.3000000000000003,0,4,3,1,0.9968249564990401,,303.7
3040,-2.3000000000000003,0,4,3,1,0.9968249564990401,,303.8
3041,-0.30000000000000004,0,4,3,1,0.9968249564990401,,303.9
3042,-2.3000000000000003,0,4,3,1,0.9968249564990401,,304.0
3043,-4.300000000000001,0,4,3,1,0.9968249564990401,,304.0
3044,5.7,1,4,3,1,0.9968249564990401,,304.1
3045,-2.3000000000000003,0,4,3,1,0.9968249564990401,,304.2
3046,-4.300000000000001,0,4,3,1,0.9968249564990401,,304.3
3047,-2.6,0,6,3,1,0.9968249564990401,,304.3
3048,-4.300000000000001,0,4,3,1,0.9968249564990401,,304.4
3049,6.6,1,5,4,1,0.9968249564990401,,304.5
3050,-4.300000000000001,0,4,3,1,0.9968249564990401,,304.6
3051,-4.300000000000001,0,4,3,1,0.9968249564990401,,304.7
3052,-2.3000000000000003,0,4,3,1,0.9968249564990401,,304.7
3053,-4.300000000000001,0,4,3,1,0.9968249564990401,,304.8
3054,-4.300000000000001,0,4,3,1,0.9968249564990401,,304.9
3055,-3.6,0,6,3,1,0.9968249564990401,,305.1
3056,-4.300000000000001,0,4,3,1,0.9968249564990401,,305.1
3057,-2.3000000000000003,0,4,3,1,0.9968249564990401,,305.2
3058,-4.300000000000001,0,4,3,1,0.9968249564990401,,305.3
3059,-4.300000000000001,0,4,3,1,0.9968249564990401,,305.4
3060,-4.300000000000001,0,4,3,1,0.9968249564990401,,305.5
3061,-0.30000000000000004,0,4,3,1,0.9968249564990401,,305.5
3062,-4.300000000000001,0,4,3,1,0.9968249564990401,,305.6
3063,-5.4,0,5,4,1,0.9968249564990401,,305.7
3064,-5.4,0,5,4,1,0.9968249564990401,,305.8
3065,-4.300000000000001,0,4,3,1,0.9968249564990401,,305.9
3066,-4.300000000000001,0,4,3,1,0.9968249564990401,,306.0
3067,-4.300000000000001,0,4,3,1,0.9968249564990401,,306.1
3068,-4.300000000000001,0,4,3,1,0.9968249564990401,,306.2
3069,-4.300000000000001,0,4,3,1,0.9968249564990401,,306.2
3070,-0.30000000000000004,0,4,3,1,0.9968249564990401,,306.3
3071,-5.6000000000000005,0,6,3,1,0.9968249564990401,,306.5
3072,-4.300000000000001,0,4,3,1,0.9968249564990401,,306.6
3073,-4.300000000000001,0,4,3,1,0.9968249564990401,,306.6
3074,5.4,1,6,3,1,0.9968249564990401,,306.7
3075,-4.300000000000001,0,4,3,1,0.9968249564990401,,306.9
3076,-4.300000000000001,0,4,3,1,0.9968249564990401,,307.0
3077,-4.300000000000001,0,4,3,1,0.9968249564990401,,307.0
3078,-2.3000000000000003,0,4,3,1,0.9968249564990401,,307.1
3079,-0.30000000000000004,0,4,3,1,0.9968249564990401,,307.2
3080,-4.300000000000001,0,4,3,1,0.9968249564990401,,307.3
3081,-4.300000000000001,0,4,3,1,0.9403843665495515,1.0489881300600246,308.0
3082,-4.300000000000001,0,4,3,1,0.9403843665495515,,308.1
3083,-4.300000000000001,0,4,3,1,0.9403843665495515,,308.1
3084,-4.300000000000001,0,4,3,1,0.9403843665495515,,308.2
3085,-5.2,0,10,3,1,0.9403843665495515,,308.3
3086,-4.300000000000001,0,4,3,1,0.9403843665495515,,308.4
3087,-4.300000000000001,0,4,3,1,0.9403843665495515,,308.5
3088,-4.300000000000001,0,4,3,1,0.9403843665495515,,308.6
3089,-5.4,0,5,4,1,0.9403843665495515,,308.6
3090,-5.6000000000000005,0,6,3,1,0.9403843665495515,,308.7
3091,-4.300000000000001,0,4,3,1,0.9403843665495515,,308.8
3092,-4.300000000000001,0,4,3,1,0.9403843665495515,,308.8
3093,-4.300000000000001,0,4,3,1,0.9403843665495515,,308.9
3094,-4.300000000000001,0,4,3,1,0.9403843665495515,,309.0
3095,-4.300000000000001,0,4,3,1,0.9403843665495515,,309.1
3096,-4.300000000000001,0,4,3,1,0.9403843665495515,,309.1
3097,5.7,1,4,3,1,0.9403843665495515,,309.2
3098,-4.300000000000001,0,4,3,1,0.9403843665495515,,309.3
3099,-0.30000000000000004,0,4,3,1,0.9403843665495515,,309.4
3100,-2.3000000000000003,0,4,3,1,0.9403843665495515,,309.4
3101,-4.300000000000001,0,4,3,1,0.9403843665495515,,309.5
3102,-4.300000000000001,0,4,3,1,0.9403843665495515,,309.6
3103,-0.30000000000000004,0,4,3,1,0.9403843665495515,,309.7
3104,-2.3000000000000003,0,4,3,1,0.9403843665495515,,309.8
3105,-4.300000000000001,0,4,3,1,0.9403843665495515,,309.9
3106,-0.30000000000000004,0,4,3,1,0.9403843665495515,,310.0
3107,-4.300000000000001,0,4,3,1,0.9403843665495515,,310.1
3108,-4.300000000000001,0,4,3,1,0.9403843665495515,,310.1
3109,-4.300000000000001,0,4,3,1,0.9403843665495515,,310.2
3110,-4.300000000000001,0,4,3,1,0.9403843665495515,,310.3
3111,-4.300000000000001,0,4,3,1,0.9403843665495515,,310.4
3112,-4.300000000000001,0,4,3,1,0.9403843665495515,,310.5
3113,-4.6000000000000005,0,6,3,1,0.9403843665495515,,310.5
3114,-4.300000000000001,0,4,3,1,0.9403843665495515,,310.6
3115,-2.3000000000000003,0,4,3,1,0.9403843665495515,,310.7
3116,-4.300000000000001,0,4,3,1,0.9403843665495515,,310.7
3117,-0.30000000000000004,0,4,3,1,0.9403843665495515,,310.8
3118,-4.300000000000001,0,4,3,1,0.9403843665495515,,310.9
3119,-0.30000000000000004,0,4,3,1,0.9403843665495515,,311.0
3120,-4.300000000000001,0,4,3,1,0.9403843665495515,,311.1
3121,-4.300000000000001,0,4,3,1,0.9403843665495515,,311.1
3122,-0.30000000000000004,0,4,3,1,0.9403843665495515,,311.2
3123,-4.300000000000001,0,4,3,1,0.9403843665495515,,311.2
3124,-4.300000000000001,0,4,3,1,0.9403843665495515,,311.3
3125,5.7,1,4,3,1,0.9403843665495515,,311.4
3126,-4.300000000000001,0,4,3,1,0.9403843665495515,,311.5
3127,-4.300000000000001,0,4,3,1,0.9403843665495515,,311.5
3128,-4.300000000000001,0,4,3,1,0.9403843665495515,,311.6
3129,-4.300000000000001,0,4,3,1,0.9403843665495515,,311.7
3130,-2.3000000000000003,0,4,3,1,0.9403843665495515,,311.7
3131,5.7,1,4,3,1,0.9403843665495515,,311.8
3132,-4.300000000000001,0,4,3,1,0.9403843665495515,,311.9
3133,-2.3000000000000003,0,4,3,1,0.9403843665495515,,312.0
3134,-4.300000000000001,0,4,3,1,0.9403843665495515,,312.1
3135,-4.300000000000001,0,4,3,1,0.9403843665495515,,312.1
3136,-4.6000000000000005,0,6,3,1,0.9403843665495515,,312.2
3137,-2.3000000000000003,0,4,3,1,0.9403843665495515,,312.2
3138,-4.300000000000001,0,4,3,1,0.9403843665495515,,312.3
3139,-4.300000000000001,0,4,3,1,0.9403843665495515,,312.4
3140,-2.3000000000000003,0,4,3,1,0.9403843665495515,,312.5
3141,-4.300000000000001,0,4,3,1,0.9403843665495515,,312.5
3142,-3.4000000000000004,0,5,4,1,0.9403843665495515,,312.6
3143,-2.3000000000000003,0,4,3,1,0.9403843665495515,,312.6
3144,-4.300000000000001,0,4,3,1,0.9403843665495515,,312.7
3145,-4.300000000000001,0,4,3,1,0.9403843665495515,,312.8
3146,-6.9,0,8,3,1,0.9403843665495515,,312.9
3147,-4.300000000000001,0,4,3,1,0.9403843665495515,,313.0
3148,-4.300000000000001,0,4,3,1,0.9403843665495515,,313.1
3149,-4.300000000000001,0,4,3,1,0.9403843665495515,,313.2
3150,-0.30000000000000004,0,4,3,1,0.9403843665495515,,313.3
3151,-4.300000000000001,0,4,3,1,0.9403843665495515,,313.3
3152,-4.300000000000001,0,4,3,1,0.9403843665495515,,313.4
3153,-4.300000000000001,0,4,3,1,0.9403843665495515,,313.5
3154,-4.300000000000001,0,4,3,1,0.9403843665495515,,313.6
3155,-4.300000000000001,0,4,3,1,0.9403843665495515,,313.7
3156,-4.300000000000001,0,4,3,1,0.9403843665495515,,313.7
3157,-4.300000000000001,0,4,3,1,0.9403843665495515,,313.8
3158,-4.300000000000001,0,4,3,1,0.9403843665495515,,313.8
3159,-0.30000000000000004,0,4,3,1,0.9403843665495515,,313.9
3160,-2.3000000000000003,0,4,3,1,0.9403843665495515,,314.0
3161,-4.300000000000001,0,4,3,1,0.9403843665495515,,314.0
3162,-4.300000000000001,0,4,3,1,0.9403843665495515,,314.1
3163,5.7,1,4,3,1,0.9403843665495515,,314.2
3164,-4.6000000000000005,0,6,3,1,0.9403843665495515,,314.3
3165,-4.300000000000001,0,4,3,1,0.9403843665495515,,314.4
3166,-4.300000000000001,0,4,3,1,0.9403843665495515,,314.4
3167,-4.300000000000001,0,4,3,1,0.9403843665495515,,314.5
3168,-2.3000000000000003,0,4,3,1,0.9403843665495515,,314.6
3169,-4.300000000000001,0,4,3,1,0.9403843665495515,,314.7
3170,-2.3000000000000003,0,4,3,1,0.9403843665495515,,314.8
3171,-0.30000000000000004,0,4,3,1,0.9403843665495515,,314.8
3172,-4.300000000000001,0,4,3,1,0.9403843665495515,,314.9
3173,-4.300000000000001,0,4,3,1,0.9403843665495515,,314.9
3174,-4.300000000000001,0,4,3,1,0.9403843665495515,,315.0
3175,-4.300000000000001,0,4,3,1,0.9403843665495515,,315.1
3176,-4.300000000000001,0,4,3,1,0.9403843665495515,,315.2
3177,-5.6000000000000005,0,6,3,1,0.9403843665495515,,315.2
3178,-4.300000000000001,0,4,3,1,0.9403843665495515,,315.3
3179,-4.300000000000001,0,4,3,1,0.9403843665495515,,315.4
3180,-1.6,0,6,3,1,0.9403843665495515,,315.4
3181,-4.300000000000001,0,4,3,1,0.9403843665495515,,315.5
3182,-4.300000000000001,0,4,3,1,0.9403843665495515,,315.6
3183,-1.4000000000000001,0,5,4,1,0.9403843665495515,,315.7
3184,-4.300000000000001,0,4,3,1,0.9403843665495515,,315.7
3185,-4.300000000000001,0,4,3,1,0.9403843665495515,,315.8
3186,-4.300000000000001,0,4,3,1,0.9403843665495515,,315.9
3187,-4.300000000000001,0,4,3,1,0.9403843665495515,,316.0
3188,-4.300000000000001,0,4,3,1,0.9403843665495515,,316.0
3189,-0.30000000000000004,0,4,3,1,0.9403843665495515,,316.1
3190,-4.300000000000001,0,4,3,1,0.9403843665495515,,316.2
3191,-4.300000000000001,0,4,3,1,0.9403843665495515,,316.2
3192,-4.300000000000001,0,4,3,1,0.9403843665495515,,316.3
3193,-4.300000000000001,0,4,3,1,0.9403843665495515,,316.4
3194,5.7,1,4,3,1,0.9403843665495515,,316.5
3195,-0.30000000000000004,0,4,3,1,0.9403843665495515,,316.5
3196,-2.3000000000000003,0,4,3,1,0.9403843665495515,,316.6
3197,-4.300000000000001,0,4,3,1,0.9403843665495515,,316.7
3198,-4.300000000000001,0,4,3,1,0.9403843665495515,,316.7
3199,-4.300000000000001,0,4,3,1,0.9403843665495515,,316.8
3200,-5.6000000000000005,0,6,3,1,0.9403843665495515,,316.8
3201,-4.300000000000001,0,4,3,1,0.9403843665495515,,316.9
3202,-2.3000000000000003,0,4,3,1,0.9403843665495515,,317.0
3203,-4.300000000000001,0,4,3,1,0.9403843665495515,,317.0
3204,-0.30000000000000004,0,4,3,1,0.9403843665495515,,317.1
3205,-2.3000000000000003,0,4,3,1,0.9403843665495515,,317.2
3206,-2.3000000000000003,0,4,3,1,0.9403843665495515,,317.3
3207,-2.3000000000000003,0,4,3,1,0.9403843665495515,,317.3
3208,-4.300000000000001,0,4,3,1,0.9403843665495515,,317.4
3209,-2.3000000000000003,0,4,3,1,0.9403843665495515,,317.5
3210,-2.3000000000000003,0,4,3,1,0.9403843665495515,,317.6
3211,-4.300000000000001,0,4,3,1,0.9403843665495515,,317.7
3212,-4.300000000000001,0,4,3,1,0.9403843665495515,,317.8
3213,-0.30000000000000004,0,4,3,1,0.9403843665495515,,317.9
3214,-4.300000000000001,0,4,3,1,0.9403843665495515,,317.9
3215,-4.300000000000001,0,4,3,1,0.9403843665495515,,318.0
3216,-4.300000000000001,0,4,3,1,0.9403843665495515,,318.1
3217,-4.300000000000001,0,4,3,1,0.9403843665495515,,318.1
3218,-4.300000000000001,0,4,3,1,0.9403843665495515,,318.2
3219,-4.300000000000001,0,4,3,1,0.9403843665495515,,318.3
3220,-4.300000000000001,0,4,3,1,0.9403843665495515,,318.4
3221,-4.300000000000001,0,4,3,1,0.9403843665495515,,318.4
3222,-4.300000000000001,0,4,3,1,0.9403843665495515,,318.5
3223,-4.300000000000001,0,4,3,1,0.9403843665495515,,318.6
3224,-2.6,0,6,3,1,0.9403843665495515,,318.7
3225,-4.300000000000001,0,4,3,1,0.9403843665495515,,318.8
3226,-4.300000000000001,0,4,3,1,0.9403843665495515,,318.8
3227,-3.6,0,6,3,1,0.9403843665495515,,318.9
3228,-4.300000000000001,0,4,3,1,0.9403843665495515,,319.0
3229,-4.300000000000001,0,4,3,1,0.9403843665495515,,319.1
3230,-4.300000000000001,0,4,3,1,0.9403843665495515,,319.1
3231,-4.300000000000001,0,4,3,1,0.9403843665495515,,319.2
3232,-4.300000000000001,0,4,3,1,0.9403843665495515,,319.2
3233,-5.9,0,8,3,1,0.9403843665495515,,319.4
3234,-0.30000000000000004,0,4,3,1,0.9403843665495515,,319.4
3235,-4.300000000000001,0,4,3,1,0.9403843665495515,,319.5
3236,5.7,1,4,3,1,0.9403843665495515,,319.6
3237,-4.300000000000001,0,4,3,1,0.9403843665495515,,319.6
3238,-2.3000000000000003,0,4,3,1,0.9403843665495515,,319.7
3239,-4.300000000000001,0,4,3,1,0.9403843665495515,,319.8
3240,-4.300000000000001,0,4,3,1,0.9403843665495515,,319.9
3241,-4.300000000000001,0,4,3,1,0.9403843665495515,,319.9
3242,-4.300000000000001,0,4,3,1,0.9403843665495515,,320.0
3243,-2.3000000000000003,0,4,3,1,0.9403843665495515,,320.1
3244,-4.300000000000001,0,4,3,1,0.9403843665495515,,320.2
3245,-4.300000000000001,0,4,3,1,0.9403843665495515,,320.2
3246,-4.300000000000001,0,4,3,1,0.9403843665495515,,320.3
3247,-4.300000000000001,0,4,3,1,0.9403843665495515,,320.4
3248,-4.300000000000001,0,4,3,1,0.9403843665495515,,320.4
3249,-2.3000000000000003,0,4,3,1,0.9403843665495515,,320.5
3250,-4.300000000000001,0,4,3,1,0.9403843665495515,,320.6
3251,5.7,1,4,3,1,0.9403843665495515,,320.6
3252,-4.300000000000001,0,4,3,1,0.9403843665495515,,320.7
3253,-4.300000000000001,0,4,3,1,0.9403843665495515,,320.8
3254,-4.300000000000001,0,4,3,1,0.9403843665495515,,320.9
3255,-0.30000000000000004,0,4,3,1,0.9403843665495515,,320.9
3256,-2.3000000000000003,0,4,3,1,0.9403843665495515,,321.0
3257,-4.300000000000001,0,4,3,1,0.9403843665495515,,321.0
3258,-2.3000000000000003,0,4,3,1,0.9403843665495515,,321.1
3259,-4.700000000000001,0,7,4,1,0.9403843665495515,,321.2
3260,-4.300000000000001,0,4,3,1,0.9403843665495515,,321.3
3261,-4.300000000000001,0,4,3,1,0.9403843665495515,,321.4
3262,-2.3000000000000003,0,4,3,1,0.9403843665495515,,321.4
3263,-4.300000000000001,0,4,3,1,0.9403843665495515,,321.5
3264,-0.30000000000000004,0,4,3,1,0.9403843665495515,,321.6
3265,-4.300000000000001,0,4,3,1,0.9403843665495515,,321.7
3266,-4.6000000000000005,0,6,3,1,0.9403843665495515,,321.8
3267,-2.3000000000000003,0,4,3,1,0.9403843665495515,,321.8
3268,-0.30000000000000004,0,4,3,1,0.9403843665495515,,321.9
3269,-4.300000000000001,0,4,3,1,0.9403843665495515,,321.9
3270,-5.6000000000000005,0,6,3,1,0.9403843665495515,,322.0
3271,-4.6000000000000005,0,6,3,1,0.9403843665495515,,322.1
3272,-4.300000000000001,0,4,3,1,0.9403843665495515,,322.2
3273,-4.300000000000001,0,4,3,1,0.9403843665495515,,322.2
3274,-5.6000000000000005,0,6,3,1,0.9403843665495515,,322.3
3275,-3.6,0,6,3,1,0.9403843665495515,,322.4
3276,-4.300000000000001,0,4,3,1,0.9403843665495515,,322.5
3277,-2.3000000000000003,0,4,3,1,0.9403843665495515,,322.5
3278,-4.300000000000001,0,4,3,1,0.9403843665495515,,322.6
3279,-2.3000000000000003,0,4,3,1,0.9403843665495515,,322.7
3280,-2.3000000000000003,0,4,3,1,0.9403843665495515,,322.7
3281,-4.300000000000001,0,4,3,1,0.9403843665495515,,322.8
3282,-2.3000000000000003,0,4,3,1,0.9403843665495515,,322.9
3283,4.4,1,6,3,1,0.9403843665495515,,323.0
3284,-4.300000000000001,0,4,3,1,0.9403843665495515,,323.1
3285,-4.300000000000001,0,4,3,1,0.9403843665495515,,323.2
3286,-1.9000000000000001,0,8,3,1,0.9403843665495515,,323.3
3287,-1.6,0,6,3,1,0.9403843665495515,,323.3
3288,-4.300000000000001,0,4,3,1,0.9403843665495515,,323.4
3289,-2.3000000000000003,0,4,3,1,0.9403843665495515,,323.5
3290,-3.6,0,6,3,1,0.9403843665495515,,323.6
3291,-4.300000000000001,0,4,3,1,0.9403843665495515,,323.6
3292,-4.300000000000001,0,4,3,1,0.9403843665495515,,323.7
3293,-4.300000000000001,0,4,3,1,0.9403843665495515,,323.7
3294,-4.300000000000001,0,4,3,1,0.9403843665495515,,323.8
3295,-2.6,0,6,3,1,0.9403843665495515,,323.9
3296,-4.300000000000001,0,4,3,1,0.9403843665495515,,324.0
3297,-4.300000000000001,0,4,3,1,0.9403843665495515,,324.1
3298,-4.300000000000001,0,4,3,1,0.9403843665495515,,324.1
3299,-4.300000000000001,0,4,3,1,0.9403843665495515,,324.2
3300,-4.300000000000001,0,4,3,1,0.9403843665495515,,324.3
3301,-4.300000000000001,0,4,3,1,0.9403843665495515,,324.3
3302,-4.300000000000001,0,4,3,1,0.9403843665495515,,324.4
3303,-4.300000000000001,0,4,3,1,0.9403843665495515,,324.5
3304,-0.30000000000000004,0,4,3,1,0.9403843665495515,,324.6
3305,-4.300000000000001,0,4,3,1,0.9403843665495515,,324.7
3306,-4.300000000000001,0,4,3,1,0.9403843665495515,,324.7
3307,-4.300000000000001,0,4,3,1,0.9403843665495515,,324.8
3308,-4.300000000000001,0,4,3,1,0.9403843665495515,,324.8
3309,-4.300000000000001,0,4,3,1,0.9403843665495515,,324.9
3310,-4.300000000000001,0,4,3,1,0.9403843665495515,,325.0
3311,-5.4,0,5,4,1,0.9403843665495515,,325.1
3312,-4.300000000000001,0,4,3,1,0.9403843665495515,,325.2
3313,-0.30000000000000004,0,4,3,1,0.9403843665495515,,325.3
3314,-4.300000000000001,0,4,3,1,0.9403843665495515,,325.3
3315,-1.6,0,6,3,1,0.9403843665495515,,325.4
3316,5.7,1,4,3,1,0.9403843665495515,,325.5
3317,-5.6000000000000005,0,6,3,1,0.9403843665495515,,325.6
3318,-4.300000000000001,0,4,3,1,0.9403843665495515,,325.7
3319,-5.4,0,5,4,1,0.9403843665495515,,325.7
3320,-0.30000000000000004,0,4,3,1,0.9403843665495515,,325.8
3321,-4.6000000000000005,0,6,3,1,0.9403843665495515,,325.9
3322,-4.300000000000001,0,4,3,1,0.9403843665495515,,326.0
3323,-4.300000000000001,0,4,3,1,0.9403843665495515,,326.0
3324,-1.9000000000000004,0,8,3,1,0.9403843665495515,,326.1
3325,-4.300000000000001,0,4,3,1,0.9403843665495515,,326.3
3326,-4.300000000000001,0,4,3,1,0.9403843665495515,,326.3
3327,-2.3000000000000003,0,4,3,1,0.9403843665495515,,326.4
3328,5.7,1,4,3,1,0.9403843665495515,,326.5
3329,-4.300000000000001,0,4,3,1,0.9403843665495515,,326.6
3330,-4.300000000000001,0,4,3,1,0.9403843665495515,,326.6
3331,-4.300000000000001,0,4,3,1,0.9403843665495515,,326.7
3332,-4.300000000000001,0,4,3,1,0.9403843665495515,,326.7
3333,-4.300000000000001,0,4,3,1,0.9403843665495515,,326.8
3334,-4.300000000000001,0,4,3,1,0.9403843665495515,,326.9
3335,-4.300000000000001,0,4,3,1,0.9403843665495515,,327.0
3336,-4.300000000000001,0,4,3,1,0.9403843665495515,,327.0
3337,-4.300000000000001,0,4,3,1,0.9403843665495515,,327.1
3338,-0.30000000000000004,0,4,3,1,0.9403843665495515,,327.2
3339,5.7,1,4,3,1,0.9403843665495515,,327.3
3340,-2.3000000000000003,0,4,3,1,0.9403843665495515,,327.3
3341,-0.30000000000000004,0,4,3,1,0.9403843665495515,,327.4
3342,-0.30000000000000004,0,4,3,1,0.9403843665495515,,327.4
3343,-4.300000000000001,0,4,3,1,0.9403843665495515,,327.5
3344,-2.3000000000000003,0,4,3,1,0.9403843665495515,,327.5
3345,-4.300000000000001,0,4,3,1,0.9403843665495515,,327.6
3346,-4.300000000000001,0,4,3,1,0.9403843665495515,,327.7
3347,-4.300000000000001,0,4,3,1,0.9403843665495515,,327.8
3348,-0.30000000000000004,0,4,3,1,0.9403843665495515,,327.8
3349,-3.6000000000000005,0,6,3,1,0.9403843665495515,,327.9
3350,-4.300000000000001,0,4,3,1,0.9403843665495515,,328.0
3351,-4.300000000000001,0,4,3,1,0.9403843665495515,,328.1
3352,4.4,1,6,3,1,0.9403843665495515,,328.2
3353,-2.3000000000000003,0,4,3,1,0.9403843665495515,,328.3
3354,-4.300000000000001,0,4,3,1,0.9403843665495515,,328.4
3355,-4.300000000000001,0,4,3,1,0.9403843665495515,,328.5
3356,-4.300000000000001,0,4,3,1,0.9403843665495515,,328.6
3357,-4.300000000000001,0,4,3,1,0.9403843665495515,,328.7
3358,-0.30000000000000004,0,4,3,1,0.9403843665495515,,328.8
3359,-5.4,0,5,4,1,0.9403843665495515,,328.9
3360,-2.3000000000000003,0,4,3,1,0.9403843665495515,,328.9
3361,-5.4,0,5,4,1,0.9403843665495515,,329.0
3362,-2.3000000000000003,0,4,3,1,0.9403843665495515,,329.0
3363,-2.3000000000000003,0,4,3,1,0.9403843665495515,,329.1
3364,-1.6,0,6,3,1,0.9403843665495515,,329.1
3365,-2.3000000000000003,0,4,3,1,0.9403843665495515,,329.2
3366,-4.300000000000001,0,4,3,1,0.9403843665495515,,329.3
3367,-4.300000000000001,0,4,3,1,0.9403843665495515,,329.3
3368,-4.300000000000001,0,4,3,1,0.9403843665495515,,329.4
3369,-4.300000000000001,0,4,3,1,0.9403843665495515,,329.4
3370,5.7,1,4,3,1,0.9403843665495515,,329.5
3371,-4.6000000000000005,0,6,3,1,0.9403843665495515,,329.6
3372,-4.300000000000001,0,4,3,1,0.9403843665495515,,329.7
3373,-2.3000000000000003,0,4,3,1,0.9403843665495515,,329.8
3374,-2.3000000000000003,0,4,3,1,0.9403843665495515,,329.9
3375,4.4,1,6,3,1,0.9403843665495515,,329.9
3376,-4.300000000000001,0,4,3,1,0.9403843665495515,,330.0
3377,5.7,1,4,3,1,0.9403843665495515,,330.1
3378,-4.300000000000001,0,4,3,1,0.9403843665495515,,330.1
3379,-4.300000000000001,0,4,3,1,0.9403843665495515,,330.2
3380,-4.300000000000001,0,4,3,1,0.9403843665495515,,330.3
3381,-2.3000000000000003,0,4,3,1,0.9403843665495515,,330.4
3382,-4.300000000000001,0,4,3,1,0.9403843665495515,,330.5
3383,-4.300000000000001,0,4,3,1,0.9403843665495515,,330.5
3384,-3.6000000000000005,0,6,3,1,0.9403843665495515,,330.6
3385,-4.300000000000001,0,4,3,1,0.9403843665495515,,330.7
3386,-1.6,0,6,3,1,0.9403843665495515,,330.8
3387,-4.300000000000001,0,4,3,1,0.9403843665495515,,330.8
3388,-4.300000000000001,0,4,3,1,0.9403843665495515,,330.9
3389,-4.300000000000001,0,4,3,1,0.9403843665495515,,331.0
3390,-4.300000000000001,0,4,3,1,0.9403843665495515,,331.1
3391,-0.30000000000000004,0,4,3,1,0.9403843665495515,,331.1
3392,-4.300000000000001,0,4,3,1,0.9403843665495515,,331.2
3393,-4.300000000000001,0,4,3,1,0.9403843665495515,,331.3
3394,-4.300000000000001,0,4,3,1,0.9403843665495515,,331.4
3395,-4.300000000000001,0,4,3,1,0.9403843665495515,,331.4
3396,-4.300000000000001,0,4,3,1,0.9403843665495515,,331.5
3397,-0.30000000000000004,0,4,3,1,0.9403843665495515,,331.6
3398,-4.300000000000001,0,4,3,1,0.9403843665495515,,331.7
3399,-0.6000000000000001,0,6,3,1,0.9403843665495515,,331.7
3400,-4.300000000000001,0,4,3,1,0.9403843665495515,,331.8
3401,-2.3000000000000003,0,4,3,1,0.9403843665495515,,331.9
3402,-0.30000000000000004,0,4,3,1,0.9403843665495515,,332.0
3403,-4.300000000000001,0,4,3,1,0.9403843665495515,,332.1
3404,-4.300000000000001,0,4,3,1,0.9403843665495515,,332.1
3405,-4.300000000000001,0,4,3,1,0.9403843665495515,,332.2
3406,-4.300000000000001,0,4,3,1,0.9403843665495515,,332.3
3407,-2.3000000000000003,0,4,3,1,0.9403843665495515,,332.4
3408,-0.30000000000000004,0,4,3,1,0.9403843665495515,,332.4
3409,-4.300000000000001,0,4,3,1,0.9403843665495515,,332.5
3410,5.7,1,4,3,1,0.9403843665495515,,332.6
3411,-4.300000000000001,0,4,3,1,0.9403843665495515,,332.7
3412,-4.300000000000001,0,4,3,1,0.9403843665495515,,332.7
3413,-4.300000000000001,0,4,3,1,0.9403843665495515,,332.8
3414,-4.300000000000001,0,4,3,1,0.9403843665495515,,332.9
3415,-2.3000000000000003,0,4,3,1,0.9403843665495515,,333.0
3416,-4.300000000000001,0,4,3,1,0.9403843665495515,,333.0
3417,-0.30000000000000004,0,4,3,1,0.9403843665495515,,333.1
3418,-0.30000000000000004,0,4,3,1,0.9403843665495515,,333.1
3419,-0.30000000000000004,0,4,3,1,0.9403843665495515,,333.2
3420,-4.300000000000001,0,4,3,1,0.9403843665495515,,333.3
3421,-2.3000000000000003,0,4,3,1,0.9403843665495515,,333.4
3422,-4.300000000000001,0,4,3,1,0.9403843665495515,,333.4
3423,-0.30000000000000004,0,4,3,1,0.9403843665495515,,333.5
3424,-4.300000000000001,0,4,3,1,0.9403843665495515,,333.5
3425,-4.300000000000001,0,4,3,1,0.9403843665495515,,333.6
3426,-4.300000000000001,0,4,3,1,0.9403843665495515,,333.7
3427,-2.3000000000000003,0,4,3,1,0.9403843665495515,,333.8
3428,-4.300000000000001,0,4,3,1,0.9403843665495515,,333.8
3429,-4.300000000000001,0,4,3,1,0.9403843665495515,,333.9
3430,-4.300000000000001,0,4,3,1,0.9403843665495515,,334.0
3431,-2.3000000000000003,0,4,3,1,0.9403843665495515,,334.0
3432,-2.3000000000000003,0,4,3,1,0.9403843665495515,,334.1
3433,-4.300000000000001,0,4,3,1,0.9403843665495515,,334.2
3434,-2.3000000000000003,0,4,3,1,0.9403843665495515,,334.3
3435,-4.300000000000001,0,4,3,1,0.9403843665495515,,334.3
3436,-4.300000000000001,0,4,3,1,0.9403843665495515,,334.4
3437,-2.3000000000000003,0,4,3,1,0.9403843665495515,,334.4
3438,-2.3000000000000003,0,4,3,1,0.9403843665495515,,334.5
3439,-4.300000000000001,0,4,3,1,0.9403843665495515,,334.6
3440,5.7,1,4,3,1,0.9403843665495515,,334.7
3441,-0.30000000000000004,0,4,3,1,0.9403843665495515,,334.8
3442,-2.6000000000000005,0,6,3,1,0.9403843665495515,,334.8
3443,-4.300000000000001,0,4,3,1,0.9403843665495515,,334.9
3444,-4.300000000000001,0,4,3,1,0.9403843665495515,,335.0
3445,-4.300000000000001,0,4,3,1,0.9403843665495515,,335.1
3446,-4.300000000000001,0,4,3,1,0.9403843665495515,,335.2
3447,-2.3000000000000003,0,4,3,1,0.9403843665495515,,335.2
3448,-4.6,0,6,3,1,0.9403843665495515,,335.3
3449,-2.3000000000000003,0,4,3,1,0.9403843665495515,,335.4
3450,-4.300000000000001,0,4,3,1,0.9403843665495515,,335.5
3451,-2.3000000000000003,0,4,3,1,0.9403843665495515,,335.5
3452,-0.30000000000000004,0,4,3,1,0.9403843665495515,,335.6
3453,-4.300000000000001,0,4,3,1,0.9403843665495515,,335.6
3454,-4.300000000000001,0,4,3,1,0.9403843665495515,,335.7
3455,-4.300000000000001,0,4,3,1,0.9403843665495515,,335.7
3456,-4.300000000000001,0,4,3,1,0.9403843665495515,,335.9
3457,-4.300000000000001,0,4,3,1,0.9403843665495515,,335.9
3458,-4.300000000000001,0,4,3,1,0.9403843665495515,,336.0
3459,-4.300000000000001,0,4,3,1,0.9403843665495515,,336.1
3460,-4.300000000000001,0,4,3,1,0.9403843665495515,,336.2
3461,-4.300000000000001,0,4,3,1,0.9403843665495515,,336.2
3462,-3.6000000000000005,0,6,3,1,0.9403843665495515,,336.3
3463,-4.300000000000001,0,4,3,1,0.9403843665495515,,336.4
3464,-4.6000000000000005,0,6,3,1,0.9403843665495515,,336.5
3465,-4.300000000000001,0,4,3,1,0.9403843665495515,,336.6
3466,-4.300000000000001,0,4,3,1,0.9403843665495515,,336.6
3467,-2.3000000000000003,0,4,3,1,0.9403843665495515,,336.7
3468,-4.300000000000001,0,4,3,1,0.9403843665495515,,336.8
3469,-4.300000000000001,0,4,3,1,0.9403843665495515,,336.9
3470,5.7,1,4,3,1,0.9403843665495515,,337.0
3471,-4.300000000000001,0,4,3,1,0.9403843665495515,,337.1
3472,5.7,1,4,3,1,0.9403843665495515,,337.1
3473,-4.300000000000001,0,4,3,1,0.9403843665495515,,337.2
3474,-2.3000000000000003,0,4,3,1,0.9403843665495515,,337.3
3475,-4.300000000000001,0,4,3,1,0.9403843665495515,,337.3
3476,-4.300000000000001,0,4,3,1,0.9403843665495515,,337.4
3477,-0.30000000000000004,0,4,3,1,0.9403843665495515,,337.5
3478,-4.6,0,6,3,1,0.9403843665495515,,337.6
3479,-4.300000000000001,0,4,3,1,0.9403843665495515,,337.6
3480,-5.6000000000000005,0,6,3,1,0.9403843665495515,,337.7
3481,-4.300000000000001,0,4,3,1,0.9403843665495515,,337.8
3482,-0.30000000000000004,0,4,3,1,0.9403843665495515,,337.9
3483,-4.300000000000001,0,4,3,1,0.9403843665495515,,337.9
3484,-1.6,0,6,3,1,0.9403843665495515,,338.0
3485,-2.3000000000000003,0,4,3,1,0.9403843665495515,,338.1
3486,-5.4,0,5,4,1,0.9403843665495515,,338.2
3487,-0.30000000000000004,0,4,3,1,0.9403843665495515,,338.2
3488,-4.300000000000001,0,4,3,1,0.9403843665495515,,338.3
3489,-2.3000000000000003,0,4,3,1,0.9403843665495515,,338.4
3490,-2.3000000000000003,0,4,3,1,0.9403843665495515,,338.4
3491,-2.3000000000000003,0,4,3,1,0.9403843665495515,,338.5
3492,-4.6000000000000005,0,6,3,1,0.9403843665495515,,338.6
3493,-4.300000000000001,0,4,3,1,0.9403843665495515,,338.7
3494,-4.300000000000001,0,4,3,1,0.9403843665495515,,338.7
3495,-4.300000000000001,0,4,3,1,0.9403843665495515,,338.8
3496,-4.300000000000001,0,4,3,1,0.9403843665495515,,338.9
3497,-4.300000000000001,0,4,3,1,0.9403843665495515,,338.9
3498,-4.300000000000001,0,4,3,1,0.9403843665495515,,339.0
3499,-4.300000000000001,0,4,3,1,0.9403843665495515,,339.0
3500,-2.3000000000000003,0,4,3,1,0.9403843665495515,,339.1
3501,-4.300000000000001,0,4,3,1,0.9403843665495515,,344.4
3502,-3.4000000000000004,0,5,4,1,0.9403843665495515,,344.4
3503,5.7,1,4,3,1,0.9403843665495515,,344.5
3504,-2.3000000000000003,0,4,3,1,0.9403843665495515,,344.6
3505,-4.300000000000001,0,4,3,1,0.9403843665495515,,344.7
3506,-0.30000000000000004,0,4,3,1,0.9403843665495515,,344.8
3507,-4.300000000000001,0,4,3,1,0.9403843665495515,,344.9
3508,-0.30000000000000004,0,4,3,1,0.9403843665495515,,345.0
3509,-4.300000000000001,0,4,3,1,0.9403843665495515,,345.0
3510,-0.30000000000000004,0,4,3,1,0.9403843665495515,,345.1
3511,-4.6000000000000005,0,6,3,1,0.9403843665495515,,345.2
3512,-4.300000000000001,0,4,3,1,0.9403843665495515,,345.3
3513,-2.3000000000000003,0,4,3,1,0.9403843665495515,,345.4
3514,-2.3000000000000003,0,4,3,1,0.9403843665495515,,345.4
3515,-4.300000000000001,0,4,3,1,0.9403843665495515,,345.5
3516,-2.3000000000000003,0,4,3,1,0.9403843665495515,,345.6
3517,-4.300000000000001,0,4,3,1,0.9403843665495515,,345.6
3518,-4.300000000000001,0,4,3,1,0.9403843665495515,,345.7
3519,-4.300000000000001,0,4,3,1,0.9403843665495515,,345.8
3520,-2.3000000000000003,0,4,3,1,0.9403843665495515,,345.8
3521,-2.3000000000000003,0,4,3,1,0.9403843665495515,,345.9
3522,-4.300000000000001,0,4,3,1,0.9403843665495515,,346.0
3523,-3.4000000000000004,0,5,4,1,0.9403843665495515,,346.0
3524,-2.3000000000000003,0,4,3,1,0.9403843665495515,,346.1
3525,-4.300000000000001,0,4,3,1,0.9403843665495515,,346.1
3526,-0.30000000000000004,0,4,3,1,0.9403843665495515,,346.2
3527,-4.300000000000001,0,4,3,1,0.9403843665495515,,346.3
3528,-4.300000000000001,0,4,3,1,0.9403843665495515,,346.4
3529,-4.300000000000001,0,4,3,1,0.9403843665495515,,346.5
3530,-2.3000000000000003,0,4,3,1,0.9403843665495515,,346.5
3531,-4.9,0,8,3,1,0.9403843665495515,,346.6
3532,-4.300000000000001,0,4,3,1,0.9403843665495515,,346.7
3533,-4.300000000000001,0,4,3,1,0.9403843665495515,,346.7
3534,-4.300000000000001,0,4,3,1,0.9403843665495515,,346.8
3535,-4.300000000000001,0,4,3,1,0.9403843665495515,,346.9
3536,-4.300000000000001,0,4,3,1,0.9403843665495515,,346.9
3537,-4.300000000000001,0,4,3,1,0.9403843665495515,,347.0
3538,-4.300000000000001,0,4,3,1,0.9403843665495515,,347.1
3539,-4.300000000000001,0,4,3,1,0.9403843665495515,,347.1
3540,-2.6,0,6,3,1,0.9403843665495515,,347.2
3541,-4.300000000000001,0,4,3,1,0.9403843665495515,,347.3
3542,-2.6,0,6,3,1,0.9403843665495515,,347.4
3543,-4.300000000000001,0,4,3,1,0.9403843665495515,,347.5
3544,-4.300000000000001,0,4,3,1,0.9403843665495515,,347.6
3545,-2.3000000000000003,0,4,3,1,0.9403843665495515,,347.7
3546,-1.4000000000000001,0,5,4,1,0.9403843665495515,,347.7
3547,-0.30000000000000004,0,4,3,1,0.9403843665495515,,347.8
3548,-5.4,0,5,4,1,0.9403843665495515,,347.9
3549,-4.300000000000001,0,4,3,1,0.9403843665495515,,348.0
3550,-4.300000000000001,0,4,3,1,0.9403843665495515,,348.1
3551,-4.300000000000001,0,4,3,1,0.9403843665495515,,348.1
3552,-3.6000000000000005,0,6,3,1,0.9403843665495515,,348.2
3553,-4.300000000000001,0,4,3,1,0.9403843665495515,,348.3
3554,-4.300000000000001,0,4,3,1,0.9403843665495515,,348.4
3555,-4.300000000000001,0,4,3,1,0.9403843665495515,,348.4
3556,-4.300000000000001,0,4,3,1,0.9403843665495515,,348.5
3557,-4.300000000000001,0,4,3,1,0.9403843665495515,,348.5
3558,-5.4,0,5,4,1,0.9403843665495515,,348.6
3559,-4.300000000000001,0,4,3,1,0.9403843665495515,,348.6
3560,-0.30000000000000004,0,4,3,1,0.9403843665495515,,348.7
3561,-4.300000000000001,0,4,3,1,0.9403843665495515,,348.8
3562,-4.300000000000001,0,4,3,1,0.8779463418759406,0.9334412631578743,349.5
3563,-2.3000000000000003,0,4,3,1,0.8779463418759406,,349.6
3564,-4.300000000000001,0,4,3,1,0.8779463418759406,,349.6
3565,-4.300000000000001,0,4,3,1,0.8779463418759406,,349.7
3566,-4.300000000000001,0,4,3,1,0.8779463418759406,,349.7
3567,-2.3000000000000003,0,4,3,1,0.8779463418759406,,349.9
3568,-4.300000000000001,0,4,3,1,0.8779463418759406,,349.9
3569,-4.300000000000001,0,4,3,1,0.8779463418759406,,350.0
3570,-4.300000000000001,0,4,3,1,0.8779463418759406,,350.1
3571,-4.300000000000001,0,4,3,1,0.8779463418759406,,350.1
3572,-4.9,0,8,3,1,0.8779463418759406,,350.2
3573,-4.300000000000001,0,4,3,1,0.8779463418759406,,350.3
3574,-0.30000000000000004,0,4,3,1,0.8779463418759406,,350.4
3575,-2.6,0,6,3,1,0.8779463418759406,,350.5
3576,5.7,1,4,3,1,0.8779463418759406,,350.6
3577,-4.300000000000001,0,4,3,1,0.8779463418759406,,350.6
3578,-4.300000000000001,0,4,3,1,0.8779463418759406,,350.7
3579,-2.3000000000000003,0,4,3,1,0.8779463418759406,,350.8
3580,-2.3000000000000003,0,4,3,1,0.8779463418759406,,350.9
3581,-4.300000000000001,0,4,3,1,0.8779463418759406,,351.0
3582,-4.300000000000001,0,4,3,1,0.8779463418759406,,351.1
3583,5.7,1,4,3,1,0.8779463418759406,,351.1
3584,-2.3000000000000003,0,4,3,1,0.8779463418759406,,351.2
3585,-4.300000000000001,0,4,3,1,0.8779463418759406,,351.3
3586,-4.300000000000001,0,4,3,1,0.8779463418759406,,351.4
3587,-4.300000000000001,0,4,3,1,0.8779463418759406,,351.4
3588,-0.30000000000000004,0,4,3,1,0.8779463418759406,,351.5
3589,-4.300000000000001,0,4,3,1,0.8779463418759406,,351.6
3590,-4.300000000000001,0,4,3,1,0.8779463418759406,,351.6
3591,-0.30000000000000004,0,4,3,1,0.8779463418759406,,351.6
3592,-2.3000000000000003,0,4,3,1,0.8779463418759406,,351.7
3593,-4.300000000000001,0,4,3,1,0.8779463418759406,,351.8
3594,-4.300000000000001,0,4,3,1,0.8779463418759406,,351.9
3595,-4.300000000000001,0,4,3,1,0.8779463418759406,,352.0
3596,-2.3000000000000003,0,4,3,1,0.8779463418759406,,352.0
3597,-4.300000000000001,0,4,3,1,0.8779463418759406,,352.1
3598,-5.6000000000000005,0,6,3,1,0.8779463418759406,,352.2
3599,-4.300000000000001,0,4,3,1,0.8779463418759406,,352.3
3600,-4.300000000000001,0,4,3,1,0.8779463418759406,,352.4
3601,-4.300000000000001,0,4,3,1,0.8779463418759406,,352.4
3602,-4.300000000000001,0,4,3,1,0.8779463418759406,,352.5
3603,5.7,1,4,3,1,0.8779463418759406,,352.5
3604,-5.6000000000000005,0,6,3,1,0.8779463418759406,,352.6
3605,-4.300000000000001,0,4,3,1,0.8779463418759406,,352.7
3606,-4.300000000000001,0,4,3,1,0.8779463418759406,,352.8
3607,-4.300000000000001,0,4,3,1,0.8779463418759406,,352.8
3608,-4.300000000000001,0,4,3,1,0.8779463418759406,,352.9
3609,-2.3000000000000003,0,4,3,1,0.8779463418759406,,353.0
3610,-2.3000000000000003,0,4,3,1,0.8779463418759406,,353.0
3611,-4.300000000000001,0,4,3,1,0.8779463418759406,,353.1
3612,-2.3000000000000003,0,4,3,1,0.8779463418759406,,353.2
3613,-4.300000000000001,0,4,3,1,0.8779463418759406,,353.3
3614,-4.300000000000001,0,4,3,1,0.8779463418759406,,353.4
3615,-4.300000000000001,0,4,3,1,0.8779463418759406,,353.5
3616,-0.30000000000000004,0,4,3,1,0.8779463418759406,,353.5
3617,-4.300000000000001,0,4,3,1,0.8779463418759406,,353.6
3618,-4.300000000000001,0,4,3,1,0.8779463418759406,,353.6
3619,-4.300000000000001,0,4,3,1,0.8779463418759406,,353.7
3620,-3.6000000000000005,0,6,3,1,0.8779463418759406,,353.8
3621,-4.300000000000001,0,4,3,1,0.8779463418759406,,353.9
3622,-5.6000000000000005,0,6,3,1,0.8779463418759406,,354.0
3623,-4.300000000000001,0,4,3,1,0.8779463418759406,,354.0
3624,-0.30000000000000004,0,4,3,1,0.8779463418759406,,354.1
3625,-4.300000000000001,0,4,3,1,0.8779463418759406,,354.2
3626,-3.6000000000000005,0,6,3,1,0.8779463418759406,,354.3
3627,-4.300000000000001,0,4,3,1,0.8779463418759406,,354.4
3628,-4.300000000000001,0,4,3,1,0.8779463418759406,,354.4
3629,-4.300000000000001,0,4,3,1,0.8779463418759406,,354.5
3630,-4.300000000000001,0,4,3,1,0.8779463418759406,,354.5
3631,-4.300000000000001,0,4,3,1,0.8779463418759406,,354.6
3632,-0.30000000000000004,0,4,3,1,0.8779463418759406,,354.6
3633,-4.300000000000001,0,4,3,1,0.8779463418759406,,354.7
3634,5.7,1,4,3,1,0.8779463418759406,,354.7
3635,-2.3000000000000003,0,4,3,1,0.8779463418759406,,354.8
3636,5.7,1,4,3,1,0.8779463418759406,,354.9
3637,-5.4,0,5,4,1,0.8779463418759406,,354.9
3638,-4.300000000000001,0,4,3,1,0.8779463418759406,,355.0
3639,-4.300000000000001,0,4,3,1,0.8779463418759406,,355.1
3640,-0.30000000000000004,0,4,3,1,0.8779463418759406,,355.2
3641,-4.300000000000001,0,4,3,1,0.8779463418759406,,355.2
3642,-0.30000000000000004,0,4,3,1,0.8779463418759406,,355.3
3643,-4.300000000000001,0,4,3,1,0.8779463418759406,,355.4
3644,-2.3000000000000003,0,4,3,1,0.8779463418759406,,355.4
3645,-4.300000000000001,0,4,3,1,0.8779463418759406,,355.5
3646,-4.300000000000001,0,4,3,1,0.8779463418759406,,355.6
3647,-4.300000000000001,0,4,3,1,0.8779463418759406,,355.7
3648,-4.300000000000001,0,4,3,1,0.8779463418759406,,355.8
3649,-1.9000000000000001,0,8,3,1,0.8779463418759406,,355.9
3650,5.7,1,4,3,1,0.8779463418759406,,355.9
3651,-4.300000000000001,0,4,3,1,0.8779463418759406,,356.0
3652,6.6,1,5,4,1,0.8779463418759406,,356.1
3653,-4.300000000000001,0,4,3,1,0.8779463418759406,,356.1
3654,-4.300000000000001,0,4,3,1,0.8779463418759406,,356.2
3655,5.7,1,4,3,1,0.8779463418759406,,356.2
3656,-4.300000000000001,0,4,3,1,0.8779463418759406,,356.3
3657,-5.6000000000000005,0,6,3,1,0.8779463418759406,,356.4
3658,5.7,1,4,3,1,0.8779463418759406,,356.5
3659,-4.300000000000001,0,4,3,1,0.8779463418759406,,356.6
3660,-4.300000000000001,0,4,3,1,0.8779463418759406,,356.7
3661,-4.300000000000001,0,4,3,1,0.8779463418759406,,356.8
3662,-4.300000000000001,0,4,3,1,0.8779463418759406,,356.9
3663,-4.300000000000001,0,4,3,1,0.8779463418759406,,356.9
3664,-4.300000000000001,0,4,3,1,0.8779463418759406,,357.0
3665,-4.300000000000001,0,4,3,1,0.8779463418759406,,357.1
3666,5.7,1,4,3,1,0.8779463418759406,,357.1
3667,-4.300000000000001,0,4,3,1,0.8779463418759406,,357.2
3668,-4.300000000000001,0,4,3,1,0.8779463418759406,,357.3
3669,-2.3000000000000003,0,4,3,1,0.8779463418759406,,357.4
3670,-4.300000000000001,0,4,3,1,0.8779463418759406,,357.4
3671,-4.300000000000001,0,4,3,1,0.8779463418759406,,357.5
3672,-2.3000000000000003,0,4,3,1,0.8779463418759406,,357.5
3673,-4.300000000000001,0,4,3,1,0.8779463418759406,,357.6
3674,-4.300000000000001,0,4,3,1,0.8779463418759406,,357.7
3675,-5.4,0,5,4,1,0.8779463418759406,,357.8
3676,5.7,1,4,3,1,0.8779463418759406,,357.8
3677,-4.300000000000001,0,4,3,1,0.8779463418759406,,357.9
3678,-2.3000000000000003,0,4,3,1,0.8779463418759406,,358.0
3679,-4.9,0,8,3,1,0.8779463418759406,,358.1
3680,-4.6000000000000005,0,6,3,1,0.8779463418759406,,358.1
3681,-4.300000000000001,0,4,3,1,0.8779463418759406,,358.2
3682,-4.300000000000001,0,4,3,1,0.8779463418759406,,358.3
3683,-2.3000000000000003,0,4,3,1,0.8779463418759406,,358.3
3684,-2.3000000000000003,0,4,3,1,0.8779463418759406,,358.4
3685,-0.30000000000000004,0,4,3,1,0.8779463418759406,,358.4
3686,-4.300000000000001,0,4,3,1,0.8779463418759406,,358.5
3687,-4.300000000000001,0,4,3,1,0.8779463418759406,,358.6
3688,-2.3000000000000003,0,4,3,1,0.8779463418759406,,358.7
3689,-4.300000000000001,0,4,3,1,0.8779463418759406,,358.7
3690,-4.300000000000001,0,4,3,1,0.8779463418759406,,358.8
3691,-2.3000000000000003,0,4,3,1,0.8779463418759406,,358.9
3692,-4.300000000000001,0,4,3,1,0.8779463418759406,,359.0
3693,5.7,1,4,3,1,0.8779463418759406,,359.0
3694,-2.3000000000000003,0,4,3,1,0.8779463418759406,,359.0
3695,-2.3000000000000003,0,4,3,1,0.8779463418759406,,359.1
3696,5.7,1,4,3,1,0.8779463418759406,,359.2
3697,-0.30000000000000004,0,4,3,1,0.8779463418759406,,359.3
3698,-4.300000000000001,0,4,3,1,0.8779463418759406,,359.3
3699,-4.300000000000001,0,4,3,1,0.8779463418759406,,359.4
3700,-2.3000000000000003,0,4,3,1,0.8779463418759406,,359.5
3701,-4.300000000000001,0,4,3,1,0.8779463418759406,,359.6
3702,-4.300000000000001,0,4,3,1,0.8779463418759406,,359.7
3703,-4.300000000000001,0,4,3,1,0.8779463418759406,,359.7
3704,5.7,1,4,3,1,0.8779463418759406,,359.8
3705,-2.3000000000000003,0,4,3,1,0.8779463418759406,,359.9
3706,-4.300000000000001,0,4,3,1,0.8779463418759406,,360.0
3707,-4.6000000000000005,0,6,3,1,0.8779463418759406,,360.0
3708,-4.6,0,6,3,1,0.8779463418759406,,360.1
3709,-4.300000000000001,0,4,3,1,0.8779463418759406,,360.2
3710,-4.700000000000001,0,7,4,1,0.8779463418759406,,360.3
3711,-0.30000000000000004,0,4,3,1,0.8779463418759406,,360.4
3712,-3.6,0,6,3,1,0.8779463418759406,,360.5
3713,-4.6000000000000005,0,6,3,1,0.8779463418759406,,360.6
3714,-3.6,0,6,3,1,0.8779463418759406,,360.7
3715,-4.300000000000001,0,4,3,1,0.8779463418759406,,360.8
3716,-4.300000000000001,0,4,3,1,0.8779463418759406,,360.9
3717,-4.300000000000001,0,4,3,1,0.8779463418759406,,360.9
3718,-4.300000000000001,0,4,3,1,0.8779463418759406,,361.0
3719,-4.300000000000001,0,4,3,1,0.8779463418759406,,361.1
3720,-4.300000000000001,0,4,3,1,0.8779463418759406,,361.1
3721,-4.300000000000001,0,4,3,1,0.8779463418759406,,361.1
3722,-4.300000000000001,0,4,3,1,0.8779463418759406,,361.2
3723,-2.3000000000000003,0,4,3,1,0.8779463418759406,,361.3
3724,-4.300000000000001,0,4,3,1,0.8779463418759406,,361.3
3725,-4.300000000000001,0,4,3,1,0.8779463418759406,,361.4
3726,-1.6,0,6,3,1,0.8779463418759406,,361.5
3727,-2.3000000000000003,0,4,3,1,0.8779463418759406,,361.6
3728,-4.300000000000001,0,4,3,1,0.8779463418759406,,361.6
3729,-4.300000000000001,0,4,3,1,0.8779463418759406,,361.7
3730,-4.300000000000001,0,4,3,1,0.8779463418759406,,361.8
3731,-4.300000000000001,0,4,3,1,0.8779463418759406,,361.9
3732,-4.300000000000001,0,4,3,1,0.8779463418759406,,361.9
3733,-2.3000000000000003,0,4,3,1,0.8779463418759406,,362.0
3734,-0.30000000000000004,0,4,3,1,0.8779463418759406,,362.1
3735,-4.300000000000001,0,4,3,1,0.8779463418759406,,362.2
3736,-2.3000000000000003,0,4,3,1,0.8779463418759406,,362.3
3737,-4.300000000000001,0,4,3,1,0.8779463418759406,,362.4
3738,-4.300000000000001,0,4,3,1,0.8779463418759406,,362.5
3739,-4.300000000000001,0,4,3,1,0.8779463418759406,,362.5
3740,-4.300000000000001,0,4,3,1,0.8779463418759406,,362.6
3741,-4.300000000000001,0,4,3,1,0.8779463418759406,,362.7
3742,-2.3000000000000003,0,4,3,1,0.8779463418759406,,362.8
3743,-4.300000000000001,0,4,3,1,0.8779463418759406,,362.9
3744,-0.30000000000000004,0,4,3,1,0.8779463418759406,,362.9
3745,-4.300000000000001,0,4,3,1,0.8779463418759406,,363.0
3746,-2.3000000000000003,0,4,3,1,0.8779463418759406,,363.1
3747,-4.300000000000001,0,4,3,1,0.8779463418759406,,363.1
3748,-4.300000000000001,0,4,3,1,0.8779463418759406,,363.2
3749,-4.300000000000001,0,4,3,1,0.8779463418759406,,363.3
3750,-4.300000000000001,0,4,3,1,0.8779463418759406,,363.3
3751,-4.300000000000001,0,4,3,1,0.8779463418759406,,363.4
3752,-4.300000000000001,0,4,3,1,0.8779463418759406,,363.5
3753,-4.300000000000001,0,4,3,1,0.8779463418759406,,363.6
3754,-4.300000000000001,0,4,3,1,0.8779463418759406,,363.7
3755,-2.3000000000000003,0,4,3,1,0.8779463418759406,,363.8
3756,-4.300000000000001,0,4,3,1,0.8779463418759406,,363.8
3757,-2.3000000000000003,0,4,3,1,0.8779463418759406,,363.9
3758,-4.300000000000001,0,4,3,1,0.8779463418759406,,364.0
3759,-2.3000000000000003,0,4,3,1,0.8779463418759406,,364.0
3760,-4.300000000000001,0,4,3,1,0.8779463418759406,,364.1
3761,-2.3000000000000003,0,4,3,1,0.8779463418759406,,364.2
3762,-4.300000000000001,0,4,3,1,0.8779463418759406,,364.3
3763,-4.300000000000001,0,4,3,1,0.8779463418759406,,364.4
3764,-4.6000000000000005,0,6,3,1,0.8779463418759406,,364.5
3765,-4.300000000000001,0,4,3,1,0.8779463418759406,,364.6
3766,-4.300000000000001,0,4,3,1,0.8779463418759406,,364.6
3767,-4.300000000000001,0,4,3,1,0.8779463418759406,,364.7
3768,-4.300000000000001,0,4,3,1,0.8779463418759406,,364.7
3769,-4.300000000000001,0,4,3,1,0.8779463418759406,,364.8
3770,-2.3000000000000003,0,4,3,1,0.8779463418759406,,364.8
3771,-2.3000000000000003,0,4,3,1,0.8779463418759406,,364.9
3772,-4.300000000000001,0,4,3,1,0.8779463418759406,,365.1
3773,-0.30000000000000004,0,4,3,1,0.8779463418759406,,365.2
3774,-2.3000000000000003,0,4,3,1,0.8779463418759406,,365.2
3775,-3.6000000000000005,0,6,3,1,0.8779463418759406,,365.3
3776,5.7,1,4,3,1,0.8779463418759406,,365.3
3777,-4.300000000000001,0,4,3,1,0.8779463418759406,,365.4
3778,-4.300000000000001,0,4,3,1,0.8779463418759406,,365.5
3779,-4.300000000000001,0,4,3,1,0.8779463418759406,,365.6
3780,-4.300000000000001,0,4,3,1,0.8779463418759406,,365.6
3781,-0.30000000000000004,0,4,3,1,0.8779463418759406,,365.7
3782,-4.300000000000001,0,4,3,1,0.8779463418759406,,365.8
3783,-4.300000000000001,0,4,3,1,0.8779463418759406,,365.9
3784,-0.30000000000000004,0,4,3,1,0.8779463418759406,,365.9
3785,-0.30000000000000004,0,4,3,1,0.8779463418759406,,366.0
3786,-4.300000000000001,0,4,3,1,0.8779463418759406,,366.1
3787,-4.300000000000001,0,4,3,1,0.8779463418759406,,366.1
3788,-4.300000000000001,0,4,3,1,0.8779463418759406,,366.3
3789,-4.300000000000001,0,4,3,1,0.8779463418759406,,366.3
3790,-4.300000000000001,0,4,3,1,0.8779463418759406,,366.4
3791,-4.300000000000001,0,4,3,1,0.8779463418759406,,366.5
3792,-2.3000000000000003,0,4,3,1,0.8779463418759406,,366.6
3793,-4.300000000000001,0,4,3,1,0.8779463418759406,,366.6
3794,-2.3000000000000003,0,4,3,1,0.8779463418759406,,366.7
3795,5.7,1,4,3,1,0.8779463418759406,,366.7
3796,-4.300000000000001,0,4,3,1,0.8779463418759406,,366.8
3797,-4.300000000000001,0,4,3,1,0.8779463418759406,,366.9
3798,-4.300000000000001,0,4,3,1,0.8779463418759406,,366.9
3799,-0.30000000000000004,0,4,3,1,0.8779463418759406,,367.0
3800,-4.300000000000001,0,4,3,1,0.8779463418759406,,367.1
3801,-4.300000000000001,0,4,3,1,0.8779463418759406,,367.2
3802,-4.300000000000001,0,4,3,1,0.8779463418759406,,367.2
3803,-4.300000000000001,0,4,3,1,0.8779463418759406,,367.3
3804,-2.3000000000000003,0,4,3,1,0.8779463418759406,,367.4
3805,5.7,1,4,3,1,0.8779463418759406,,367.5
3806,-4.6000000000000005,0,6,3,1,0.8779463418759406,,367.6
3807,-4.300000000000001,0,4,3,1,0.8779463418759406,,367.6
3808,-4.300000000000001,0,4,3,1,0.8779463418759406,,367.7
3809,5.7,1,4,3,1,0.8779463418759406,,367.7
3810,-0.30000000000000004,0,4,3,1,0.8779463418759406,,367.8
3811,5.7,1,4,3,1,0.8779463418759406,,367.9
3812,-4.6,0,6,3,1,0.8779463418759406,,368.0
3813,-2.3000000000000003,0,4,3,1,0.8779463418759406,,368.0
3814,5.7,1,4,3,1,0.8779463418759406,,368.1
3815,-4.300000000000001,0,4,3,1,0.8779463418759406,,368.2
3816,-4.300000000000001,0,4,3,1,0.8779463418759406,,368.2
3817,5.7,1,4,3,1,0.8779463418759406,,368.2
3818,-0.30000000000000004,0,4,3,1,0.8779463418759406,,368.3
3819,-5.6000000000000005,0,6,3,1,0.8779463418759406,,368.4
3820,-4.300000000000001,0,4,3,1,0.8779463418759406,,368.5
3821,-4.300000000000001,0,4,3,1,0.8779463418759406,,368.6
3822,-4.300000000000001,0,4,3,1,0.8779463418759406,,368.6
3823,-6.700000000000001,0,7,4,1,0.8779463418759406,,368.7
3824,-4.300000000000001,0,4,3,1,0.8779463418759406,,368.8
3825,5.7,1,4,3,1,0.8779463418759406,,368.9
3826,-4.300000000000001,0,4,3,1,0.8779463418759406,,368.9
3827,-1.6,0,6,3,1,0.8779463418759406,,369.0
3828,-4.300000000000001,0,4,3,1,0.8779463418759406,,369.2
3829,-5.4,0,5,4,1,0.8779463418759406,,369.2
3830,-4.300000000000001,0,4,3,1,0.8779463418759406,,369.3
3831,-4.300000000000001,0,4,3,1,0.8779463418759406,,369.3
3832,5.7,1,4,3,1,0.8779463418759406,,369.4
3833,-4.300000000000001,0,4,3,1,0.8779463418759406,,369.5
3834,-4.300000000000001,0,4,3,1,0.8779463418759406,,369.5
3835,-4.300000000000001,0,4,3,1,0.8779463418759406,,369.6
3836,-2.3000000000000003,0,4,3,1,0.8779463418759406,,369.7
3837,-4.300000000000001,0,4,3,1,0.8779463418759406,,369.7
3838,-2.3000000000000003,0,4,3,1,0.8779463418759406,,369.8
3839,-2.3000000000000003,0,4,3,1,0.8779463418759406,,369.9
3840,-4.300000000000001,0,4,3,1,0.8779463418759406,,369.9
3841,-4.300000000000001,0,4,3,1,0.8779463418759406,,370.0
3842,-2.3000000000000003,0,4,3,1,0.8779463418759406,,370.1
3843,-0.30000000000000004,0,4,3,1,0.8779463418759406,,370.2
3844,-4.300000000000001,0,4,3,1,0.8779463418759406,,370.3
3845,-4.300000000000001,0,4,3,1,0.8779463418759406,,370.3
3846,-4.300000000000001,0,4,3,1,0.8779463418759406,,370.4
3847,5.7,1,4,3,1,0.8779463418759406,,370.5
3848,-4.300000000000001,0,4,3,1,0.8779463418759406,,370.6
3849,-4.300000000000001,0,4,3,1,0.8779463418759406,,370.7
3850,-0.30000000000000004,0,4,3,1,0.8779463418759406,,370.7
3851,-5.6000000000000005,0,6,3,1,0.8779463418759406,,370.8
3852,-0.30000000000000004,0,4,3,1,0.8779463418759406,,370.9
3853,-0.30000000000000004,0,4,3,1,0.8779463418759406,,371.0
3854,-4.300000000000001,0,4,3,1,0.8779463418759406,,371.1
3855,5.7,1,4,3,1,0.8779463418759406,,371.2
3856,-2.3000000000000003,0,4,3,1,0.8779463418759406,,371.3
3857,-4.300000000000001,0,4,3,1,0.8779463418759406,,371.3
3858,-4.300000000000001,0,4,3,1,0.8779463418759406,,371.4
3859,-2.3000000000000003,0,4,3,1,0.8779463418759406,,371.5
3860,-4.300000000000001,0,4,3,1,0.8779463418759406,,371.6
3861,-4.300000000000001,0,4,3,1,0.8779463418759406,,371.7
3862,-2.3000000000000003,0,4,3,1,0.8779463418759406,,371.8
3863,-0.30000000000000004,0,4,3,1,0.8779463418759406,,371.8
3864,5.7,1,4,3,1,0.8779463418759406,,371.9
3865,-4.300000000000001,0,4,3,1,0.8779463418759406,,372.0
3866,-5.6000000000000005,0,6,3,1,0.8779463418759406,,372.1
3867,-4.300000000000001,0,4,3,1,0.8779463418759406,,372.2
3868,-2.3000000000000003,0,4,3,1,0.8779463418759406,,372.3
3869,-4.300000000000001,0,4,3,1,0.8779463418759406,,372.4
3870,-4.300000000000001,0,4,3,1,0.8779463418759406,,372.5
3871,-4.300000000000001,0,4,3,1,0.8779463418759406,,372.6
3872,5.7,1,4,3,1,0.8779463418759406,,372.7
3873,-0.30000000000000004,0,4,3,1,0.8779463418759406,,372.7
3874,-2.3000000000000003,0,4,3,1,0.8779463418759406,,372.8
3875,-4.300000000000001,0,4,3,1,0.8779463418759406,,372.8
3876,-2.3000000000000003,0,4,3,1,0.8779463418759406,,372.9
3877,-2.3000000000000003,0,4,3,1,0.8779463418759406,,373.0
3878,-5.6000000000000005,0,6,3,1,0.8779463418759406,,373.1
3879,-1.6,0,6,3,1,0.8779463418759406,,373.2
3880,5.7,1,4,3,1,0.8779463418759406,,373.3
3881,5.7,1,4,3,1,0.8779463418759406,,373.3
3882,-4.300000000000001,0,4,3,1,0.8779463418759406,,373.4
3883,-4.300000000000001,0,4,3,1,0.8779463418759406,,373.5
3884,5.7,1,4,3,1,0.8779463418759406,,373.6
3885,-2.3000000000000003,0,4,3,1,0.8779463418759406,,373.7
3886,-5.6000000000000005,0,6,3,1,0.8779463418759406,,373.7
3887,-0.30000000000000004,0,4,3,1,0.8779463418759406,,373.8
3888,-2.3000000000000003,0,4,3,1,0.8779463418759406,,373.9
3889,-4.300000000000001,0,4,3,1,0.8779463418759406,,373.9
3890,-2.3000000000000003,0,4,3,1,0.8779463418759406,,374.0
3891,-1.6,0,6,3,1,0.8779463418759406,,374.0
3892,-2.3000000000000003,0,4,3,1,0.8779463418759406,,374.1
3893,-2.6,0,6,3,1,0.8779463418759406,,374.2
3894,-2.3000000000000003,0,4,3,1,0.8779463418759406,,374.2
3895,5.7,1,4,3,1,0.8779463418759406,,374.3
3896,-4.300000000000001,0,4,3,1,0.8779463418759406,,374.3
3897,-4.300000000000001,0,4,3,1,0.8779463418759406,,374.4
3898,-4.300000000000001,0,4,3,1,0.8779463418759406,,374.5
3899,-4.6000000000000005,0,6,3,1,0.8779463418759406,,374.6
3900,-2.3000000000000003,0,4,3,1,0.8779463418759406,,374.7
3901,-2.3000000000000003,0,4,3,1,0.8779463418759406,,374.7
3902,-4.300000000000001,0,4,3,1,0.8779463418759406,,374.8
3903,5.7,1,4,3,1,0.8779463418759406,,374.9
3904,5.7,1,4,3,1,0.8779463418759406,,374.9
3905,-2.3000000000000003,0,4,3,1,0.8779463418759406,,375.0
3906,-2.3000000000000003,0,4,3,1,0.8779463418759406,,375.1
3907,-5.4,0,5,4,1,0.8779463418759406,,375.1
3908,-4.300000000000001,0,4,3,1,0.8779463418759406,,375.2
3909,-4.300000000000001,0,4,3,1,0.8779463418759406,,375.3
3910,-2.3000000000000003,0,4,3,1,0.8779463418759406,,375.3
3911,-2.3000000000000003,0,4,3,1,0.8779463418759406,,375.4
3912,-2.3000000000000003,0,4,3,1,0.8779463418759406,,375.4
3913,5.7,1,4,3,1,0.8779463418759406,,375.5
3914,-2.3000000000000003,0,4,3,1,0.8779463418759406,,375.6
3915,-4.300000000000001,0,4,3,1,0.8779463418759406,,375.7
3916,-4.300000000000001,0,4,3,1,0.8779463418759406,,375.7
3917,-4.300000000000001,0,4,3,1,0.8779463418759406,,375.8
3918,-5.4,0,5,4,1,0.8779463418759406,,375.9
3919,-4.300000000000001,0,4,3,1,0.8779463418759406,,376.0
3920,-4.300000000000001,0,4,3,1,0.8779463418759406,,376.1
3921,-2.3000000000000003,0,4,3,1,0.8779463418759406,,376.1
3922,-4.300000000000001,0,4,3,1,0.8779463418759406,,376.2
3923,-4.300000000000001,0,4,3,1,0.8779463418759406,,376.3
3924,-4.300000000000001,0,4,3,1,0.8779463418759406,,376.4
3925,-4.300000000000001,0,4,3,1,0.8779463418759406,,376.5
3926,-4.300000000000001,0,4,3,1,0.8779463418759406,,376.6
3927,-4.300000000000001,0,4,3,1,0.8779463418759406,,376.6
3928,-2.3000000000000003,0,4,3,1,0.8779463418759406,,376.7
3929,-4.300000000000001,0,4,3,1,0.8779463418759406,,376.8
3930,-4.300000000000001,0,4,3,1,0.8779463418759406,,376.9
3931,-2.3000000000000003,0,4,3,1,0.8779463418759406,,376.9
3932,5.7,1,4,3,1,0.8779463418759406,,377.0
3933,-4.300000000000001,0,4,3,1,0.8779463418759406,,377.1
3934,-4.300000000000001,0,4,3,1,0.8779463418759406,,377.1
3935,5.7,1,4,3,1,0.8779463418759406,,377.2
3936,-4.300000000000001,0,4,3,1,0.8779463418759406,,377.2
3937,-4.300000000000001,0,4,3,1,0.8779463418759406,,377.3
3938,-0.30000000000000004,0,4,3,1,0.8779463418759406,,377.4
3939,5.7,1,4,3,1,0.8779463418759406,,377.5
3940,-4.300000000000001,0,4,3,1,0.8779463418759406,,377.6
3941,-4.300000000000001,0,4,3,1,0.8779463418759406,,377.6
3942,-4.300000000000001,0,4,3,1,0.8779463418759406,,377.7
3943,-0.30000000000000004,0,4,3,1,0.8779463418759406,,377.8
3944,-4.300000000000001,0,4,3,1,0.8779463418759406,,377.8
3945,-4.6,0,6,3,1,0.8779463418759406,,377.9
3946,-4.300000000000001,0,4,3,1,0.8779463418759406,,378.0
3947,5.7,1,4,3,1,0.8779463418759406,,378.1
3948,-4.300000000000001,0,4,3,1,0.8779463418759406,,378.2
3949,-0.6000000000000001,0,6,3,1,0.8779463418759406,,378.2
3950,-4.300000000000001,0,4,3,1,0.8779463418759406,,378.3
3951,-2.3000000000000003,0,4,3,1,0.8779463418759406,,378.3
3952,-4.300000000000001,0,4,3,1,0.8779463418759406,,378.4
3953,-4.300000000000001,0,4,3,1,0.8779463418759406,,378.5
3954,-2.3000000000000003,0,4,3,1,0.8779463418759406,,378.6
3955,-0.30000000000000004,0,4,3,1,0.8779463418759406,,378.6
3956,-2.3000000000000003,0,4,3,1,0.8779463418759406,,378.7
3957,-4.300000000000001,0,4,3,1,0.8779463418759406,,378.8
3958,-4.300000000000001,0,4,3,1,0.8779463418759406,,378.8
3959,-4.300000000000001,0,4,3,1,0.8779463418759406,,378.9
3960,-4.300000000000001,0,4,3,1,0.8779463418759406,,379.0
3961,-4.300000000000001,0,4,3,1,0.8779463418759406,,379.1
3962,-4.300000000000001,0,4,3,1,0.8779463418759406,,379.1
3963,-2.3000000000000003,0,4,3,1,0.8779463418759406,,379.2
3964,-4.300000000000001,0,4,3,1,0.8779463418759406,,379.4
3965,-4.6000000000000005,0,6,3,1,0.8779463418759406,,379.4
3966,-4.300000000000001,0,4,3,1,0.8779463418759406,,379.5
3967,-4.300000000000001,0,4,3,1,0.8779463418759406,,379.6
3968,-2.3000000000000003,0,4,3,1,0.8779463418759406,,379.7
3969,-3.4000000000000004,0,5,4,1,0.8779463418759406,,379.8
3970,-2.3000000000000003,0,4,3,1,0.8779463418759406,,379.9
3971,-0.30000000000000004,0,4,3,1,0.8779463418759406,,380.0
3972,-4.6,0,6,3,1,0.8779463418759406,,380.0
3973,-4.300000000000001,0,4,3,1,0.8779463418759406,,380.1
3974,4.4,1,6,3,1,0.8779463418759406,,380.2
3975,-4.300000000000001,0,4,3,1,0.8779463418759406,,380.2
3976,-2.3000000000000003,0,4,3,1,0.8779463418759406,,380.3
3977,-4.300000000000001,0,4,3,1,0.8779463418759406,,380.4
3978,-2.3000000000000003,0,4,3,1,0.8779463418759406,,380.4
3979,5.7,1,4,3,1,0.8779463418759406,,380.5
3980,-4.300000000000001,0,4,3,1,0.8779463418759406,,380.6
3981,-4.300000000000001,0,4,3,1,0.8779463418759406,,380.6
3982,5.4,1,6,3,1,0.8779463418759406,,380.7
3983,-4.300000000000001,0,4,3,1,0.8779463418759406,,380.8
3984,-4.300000000000001,0,4,3,1,0.8779463418759406,,380.8
3985,-4.300000000000001,0,4,3,1,0.8779463418759406,,380.9
3986,-3.6,0,6,3,1,0.8779463418759406,,381.0
3987,-4.300000000000001,0,4,3,1,0.8779463418759406,,381.1
3988,5.7,1,4,3,1,0.8779463418759406,,381.2
3989,-4.300000000000001,0,4,3,1,0.8779463418759406,,381.2
3990,-5.9,0,8,3,1,0.8779463418759406,,381.4
3991,-4.300000000000001,0,4,3,1,0.8779463418759406,,381.4
3992,-4.300000000000001,0,4,3,1,0.8779463418759406,,381.5
3993,-4.300000000000001,0,4,3,1,0.8779463418759406,,381.6
3994,-4.300000000000001,0,4,3,1,0.8779463418759406,,381.6
3995,-4.300000000000001,0,4,3,1,0.8779463418759406,,381.8
3996,5.7,1,4,3,1,0.8779463418759406,,381.8
3997,-2.3000000000000003,0,4,3,1,0.8779463418759406,,381.9
3998,-4.300000000000001,0,4,3,1,0.8779463418759406,,382.0
3999,-4.300000000000001,0,4,3,1,0.8779463418759406,,382.0
4000,5.7,1,4,3,1,0.8779463418759406,,382.1
4001,-2.3000000000000003,0,4,3,1,0.8779463418759406,,387.4
4002,-2.3000000000000003,0,4,3,1,0.8779463418759406,,387.5
4003,-5.6000000000000005,0,6,3,1,0.8779463418759406,,387.6
4004,-4.300000000000001,0,4,3,1,0.8779463418759406,,387.7
4005,-4.300000000000001,0,4,3,1,0.8779463418759406,,387.7
4006,-2.3000000000000003,0,4,3,1,0.8779463418759406,,387.8
4007,-4.300000000000001,0,4,3,1,0.8779463418759406,,387.9
4008,-4.300000000000001,0,4,3,1,0.8779463418759406,,387.9
4009,-4.300000000000001,0,4,3,1,0.8779463418759406,,388.0
4010,-4.300000000000001,0,4,3,1,0.8779463418759406,,388.0
4011,-4.300000000000001,0,4,3,1,0.8779463418759406,,388.1
4012,-4.300000000000001,0,4,3,1,0.8779463418759406,,388.2
4013,-4.300000000000001,0,4,3,1,0.8779463418759406,,388.2
4014,-4.300000000000001,0,4,3,1,0.8779463418759406,,388.3
4015,-4.300000000000001,0,4,3,1,0.8779463418759406,,388.4
4016,-5.4,0,5,4,1,0.8779463418759406,,388.5
4017,-4.300000000000001,0,4,3,1,0.8779463418759406,,388.6
4018,-0.30000000000000004,0,4,3,1,0.8779463418759406,,388.7
4019,-4.300000000000001,0,4,3,1,0.8779463418759406,,388.7
4020,5.7,1,4,3,1,0.8779463418759406,,388.8
4021,-4.300000000000001,0,4,3,1,0.8779463418759406,,388.9
4022,-4.300000000000001,0,4,3,1,0.8779463418759406,,388.9
4023,-5.6000000000000005,0,6,3,1,0.8779463418759406,,389.0
4024,-4.300000000000001,0,4,3,1,0.8779463418759406,,389.1
4025,-4.300000000000001,0,4,3,1,0.8779463418759406,,389.2
4026,-4.300000000000001,0,4,3,1,0.8779463418759406,,389.2
4027,5.7,1,4,3,1,0.8779463418759406,,389.3
4028,-5.4,0,5,4,1,0.8779463418759406,,389.4
4029,-4.300000000000001,0,4,3,1,0.8779463418759406,,389.4
4030,-4.300000000000001,0,4,3,1,0.8779463418759406,,389.5
4031,-4.300000000000001,0,4,3,1,0.8779463418759406,,389.6
4032,-4.300000000000001,0,4,3,1,0.8779463418759406,,389.6
4033,-4.300000000000001,0,4,3,1,0.8779463418759406,,389.7
4034,-5.6000000000000005,0,6,3,1,0.8779463418759406,,389.7
4035,-1.6,0,6,3,1,0.8779463418759406,,389.8
4036,-4.300000000000001,0,4,3,1,0.8779463418759406,,389.9
4037,-4.300000000000001,0,4,3,1,0.8779463418759406,,390.0
4038,-4.300000000000001,0,4,3,1,0.8779463418759406,,390.0
4039,-2.3000000000000003,0,4,3,1,0.8779463418759406,,390.1
4040,-3.4000000000000004,0,5,4,1,0.8779463418759406,,390.1
4041,-4.300000000000001,0,4,3,1,0.8779463418759406,,390.2
4042,-4.300000000000001,0,4,3,1,0.8779463418759406,,390.3
4043,-0.30000000000000004,0,4,3,1,0.8779463418759406,,390.3
4044,-2.3000000000000003,0,4,3,1,0.8779463418759406,,390.4
4045,-4.300000000000001,0,4,3,1,0.8779463418759406,,390.4
4046,-4.300000000000001,0,4,3,1,0.8125481973402202,1.5175813029054552,391.2
4047,-0.30000000000000004,0,4,3,1,0.8125481973402202,,391.2
4048,-0.30000000000000004,0,4,3,1,0.8125481973402202,,391.3
4049,-0.30000000000000004,0,4,3,1,0.8125481973402202,,391.4
4050,5.4,1,6,3,1,0.8125481973402202,,391.5
4051,-2.3000000000000003,0,4,3,1,0.8125481973402202,,391.6
4052,-2.3000000000000003,0,4,3,1,0.8125481973402202,,391.6
4053,-0.30000000000000004,0,4,3,1,0.8125481973402202,,391.7
4054,-4.300000000000001,0,4,3,1,0.8125481973402202,,391.8
4055,-0.30000000000000004,0,4,3,1,0.8125481973402202,,391.8
4056,-2.3000000000000003,0,4,3,1,0.8125481973402202,,391.9
4057,-4.300000000000001,0,4,3,1,0.8125481973402202,,392.0
4058,-4.300000000000001,0,4,3,1,0.8125481973402202,,392.1
4059,-2.3000000000000003,0,4,3,1,0.8125481973402202,,392.1
4060,-0.30000000000000004,0,4,3,1,0.8125481973402202,,392.2
4061,-2.3000000000000003,0,4,3,1,0.8125481973402202,,392.3
4062,-4.300000000000001,0,4,3,1,0.8125481973402202,,392.3
4063,-4.6,0,6,3,1,0.8125481973402202,,392.3
4064,-0.30000000000000004,0,4,3,1,0.8125481973402202,,392.4
4065,-2.3000000000000003,0,4,3,1,0.8125481973402202,,392.4
4066,-2.3000000000000003,0,4,3,1,0.8125481973402202,,392.5
4067,-4.300000000000001,0,4,3,1,0.8125481973402202,,392.6
4068,-5.4,0,5,4,1,0.8125481973402202,,392.7
4069,-4.6,0,6,3,1,0.8125481973402202,,392.8
4070,-2.3000000000000003,0,4,3,1,0.8125481973402202,,392.8
4071,-4.300000000000001,0,4,3,1,0.8125481973402202,,392.9
4072,-3.6,0,6,3,1,0.8125481973402202,,393.0
4073,-4.300000000000001,0,4,3,1,0.8125481973402202,,393.1
4074,-4.300000000000001,0,4,3,1,0.8125481973402202,,393.1
4075,-2.3000000000000003,0,4,3,1,0.8125481973402202,,393.2
4076,-4.300000000000001,0,4,3,1,0.8125481973402202,,393.3
4077,-4.300000000000001,0,4,3,1,0.8125481973402202,,393.3
4078,5.7,1,4,3,1,0.8125481973402202,,393.4
4079,-4.300000000000001,0,4,3,1,0.8125481973402202,,393.4
4080,-2.3000000000000003,0,4,3,1,0.8125481973402202,,393.5
4081,-4.300000000000001,0,4,3,1,0.8125481973402202,,393.5
4082,5.7,1,4,3,1,0.8125481973402202,,393.6
4083,-4.300000000000001,0,4,3,1,0.8125481973402202,,393.7
4084,-4.300000000000001,0,4,3,1,0.8125481973402202,,393.8
4085,5.7,1,4,3,1,0.8125481973402202,,393.8
4086,-2.3000000000000003,0,4,3,1,0.8125481973402202,,393.9
4087,-4.300000000000001,0,4,3,1,0.8125481973402202,,393.9
4088,-4.300000000000001,0,4,3,1,0.8125481973402202,,394.0
4089,-2.3000000000000003,0,4,3,1,0.8125481973402202,,394.1
4090,-3.9000000000000004,0,8,3,1,0.8125481973402202,,394.1
4091,-0.30000000000000004,0,4,3,1,0.8125481973402202,,394.2
4092,-4.300000000000001,0,4,3,1,0.8125481973402202,,394.3
4093,-2.3000000000000003,0,4,3,1,0.8125481973402202,,394.3
4094,-4.300000000000001,0,4,3,1,0.8125481973402202,,394.5
4095,-2.3000000000000003,0,4,3,1,0.8125481973402202,,394.5
4096,-2.3000000000000003,0,4,3,1,0.8125481973402202,,394.6
4097,-2.3000000000000003,0,4,3,1,0.8125481973402202,,394.7
4098,-4.300000000000001,0,4,3,1,0.8125481973402202,,394.8
4099,-4.300000000000001,0,4,3,1,0.8125481973402202,,394.9
4100,-4.300000000000001,0,4,3,1,0.8125481973402202,,394.9
4101,-4.300000000000001,0,4,3,1,0.8125481973402202,,395.0
4102,-4.300000000000001,0,4,3,1,0.8125481973402202,,395.1
4103,5.7,1,4,3,1,0.8125481973402202,,395.2
4104,-2.3000000000000003,0,4,3,1,0.8125481973402202,,395.3
4105,-4.300000000000001,0,4,3,1,0.8125481973402202,,395.4
4106,-2.3000000000000003,0,4,3,1,0.8125481973402202,,395.5
4107,-2.3000000000000003,0,4,3,1,0.8125481973402202,,395.6
4108,-5.9,0,8,3,1,0.8125481973402202,,395.7
4109,-0.30000000000000004,0,4,3,1,0.8125481973402202,,395.7
4110,-4.300000000000001,0,4,3,1,0.8125481973402202,,395.9
4111,-4.300000000000001,0,4,3,1,0.8125481973402202,,395.9
4112,-2.3000000000000003,0,4,3,1,0.8125481973402202,,396.0
4113,-2.3000000000000003,0,4,3,1,0.8125481973402202,,396.0
4114,-4.300000000000001,0,4,3,1,0.8125481973402202,,396.1
4115,-4.300000000000001,0,4,3,1,0.8125481973402202,,396.2
4116,-0.30000000000000004,0,4,3,1,0.8125481973402202,,396.3
4117,-4.300000000000001,0,4,3,1,0.8125481973402202,,396.3
4118,-4.300000000000001,0,4,3,1,0.8125481973402202,,396.4
4119,-4.300000000000001,0,4,3,1,0.8125481973402202,,396.5
4120,-4.300000000000001,0,4,3,1,0.8125481973402202,,396.5
4121,-4.300000000000001,0,4,3,1,0.8125481973402202,,396.6
4122,-2.3000000000000003,0,4,3,1,0.8125481973402202,,396.7
4123,-4.300000000000001,0,4,3,1,0.8125481973402202,,396.8
4124,-5.6000000000000005,0,6,3,1,0.8125481973402202,,396.9
4125,-4.300000000000001,0,4,3,1,0.8125481973402202,,396.9
4126,-4.300000000000001,0,4,3,1,0.8125481973402202,,397.0
4127,-2.3000000000000003,0,4,3,1,0.8125481973402202,,397.1
4128,-2.3000000000000003,0,4,3,1,0.8125481973402202,,397.1
4129,-5.6000000000000005,0,6,3,1,0.8125481973402202,,397.1
4130,-4.300000000000001,0,4,3,1,0.8125481973402202,,397.2
4131,0.6000000000000001,0,5,4,1,0.8125481973402202,,397.3
4132,-4.300000000000001,0,4,3,1,0.8125481973402202,,397.4
4133,-5.6000000000000005,0,6,3,1,0.8125481973402202,,397.4
4134,-0.30000000000000004,0,4,3,1,0.8125481973402202,,397.5
4135,-5.4,0,5,4,1,0.8125481973402202,,397.6
4136,5.7,1,4,3,1,0.8125481973402202,,397.7
4137,-4.300000000000001,0,4,3,1,0.8125481973402202,,397.7
4138,-4.300000000000001,0,4,3,1,0.8125481973402202,,397.8
4139,-3.4000000000000004,0,5,4,1,0.8125481973402202,,397.9
4140,-4.300000000000001,0,4,3,1,0.8125481973402202,,397.9
4141,-4.300000000000001,0,4,3,1,0.8125481973402202,,398.0
4142,-4.300000000000001,0,4,3,1,0.8125481973402202,,398.0
4143,-4.300000000000001,0,4,3,1,0.8125481973402202,,398.1
4144,-4.300000000000001,0,4,3,1,0.8125481973402202,,398.2
4145,5.7,1,4,3,1,0.8125481973402202,,398.3
4146,-4.300000000000001,0,4,3,1,0.8125481973402202,,398.4
4147,-4.300000000000001,0,4,3,1,0.8125481973402202,,398.4
4148,-4.300000000000001,0,4,3,1,0.8125481973402202,,398.5
4149,-4.300000000000001,0,4,3,1,0.8125481973402202,,398.5
4150,-4.300000000000001,0,4,3,1,0.8125481973402202,,398.6
4151,-2.3000000000000003,0,4,3,1,0.8125481973402202,,398.7
4152,-4.300000000000001,0,4,3,1,0.8125481973402202,,398.8
4153,-3.6,0,6,3,1,0.8125481973402202,,398.9
4154,-4.300000000000001,0,4,3,1,0.8125481973402202,,399.0
4155,-3.6000000000000005,0,6,3,1,0.8125481973402202,,399.1
4156,-2.3000000000000003,0,4,3,1,0.8125481973402202,,399.1
4157,-4.300000000000001,0,4,3,1,0.8125481973402202,,399.2
4158,-0.30000000000000004,0,4,3,1,0.8125481973402202,,399.3
4159,-4.300000000000001,0,4,3,1,0.8125481973402202,,399.4
4160,-4.300000000000001,0,4,3,1,0.8125481973402202,,399.4
4161,-4.300000000000001,0,4,3,1,0.8125481973402202,,399.5
4162,-4.300000000000001,0,4,3,1,0.8125481973402202,,399.5
4163,-2.3000000000000003,0,4,3,1,0.8125481973402202,,399.6
4164,-2.3000000000000003,0,4,3,1,0.8125481973402202,,399.7
4165,-4.6000000000000005,0,6,3,1,0.8125481973402202,,399.8
4166,5.7,1,4,3,1,0.8125481973402202,,399.9
4167,-0.30000000000000004,0,4,3,1,0.8125481973402202,,399.9
4168,-5.4,0,5,4,1,0.8125481973402202,,400.0
4169,-4.300000000000001,0,4,3,1,0.8125481973402202,,400.1
4170,-0.30000000000000004,0,4,3,1,0.8125481973402202,,400.2
4171,-4.300000000000001,0,4,3,1,0.8125481973402202,,400.3
4172,-2.3000000000000003,0,4,3,1,0.8125481973402202,,400.3
4173,-4.300000000000001,0,4,3,1,0.8125481973402202,,400.4
4174,-4.300000000000001,0,4,3,1,0.8125481973402202,,400.5
4175,-4.300000000000001,0,4,3,1,0.8125481973402202,,400.6
4176,-4.300000000000001,0,4,3,1,0.8125481973402202,,400.6
4177,-4.300000000000001,0,4,3,1,0.8125481973402202,,400.7
4178,-4.6,0,6,3,1,0.8125481973402202,,400.8
4179,-4.300000000000001,0,4,3,1,0.8125481973402202,,400.9
4180,-4.300000000000001,0,4,3,1,0.8125481973402202,,401.0
4181,-4.300000000000001,0,4,3,1,0.8125481973402202,,401.1
4182,-4.300000000000001,0,4,3,1,0.8125481973402202,,401.1
4183,-4.300000000000001,0,4,3,1,0.8125481973402202,,401.2
4184,-4.300000000000001,0,4,3,1,0.8125481973402202,,401.3
4185,-4.300000000000001,0,4,3,1,0.8125481973402202,,401.4
4186,-4.300000000000001,0,4,3,1,0.8125481973402202,,401.4
4187,-4.300000000000001,0,4,3,1,0.8125481973402202,,401.5
4188,-4.300000000000001,0,4,3,1,0.8125481973402202,,401.6
4189,-2.3000000000000003,0,4,3,1,0.8125481973402202,,401.6
4190,-4.300000000000001,0,4,3,1,0.8125481973402202,,401.7
4191,5.7,1,4,3,1,0.8125481973402202,,401.8
4192,-4.300000000000001,0,4,3,1,0.8125481973402202,,401.9
4193,-4.300000000000001,0,4,3,1,0.8125481973402202,,401.9
4194,-2.3000000000000003,0,4,3,1,0.8125481973402202,,402.0
4195,-5.6000000000000005,0,6,3,1,0.8125481973402202,,402.1
4196,-4.300000000000001,0,4,3,1,0.8125481973402202,,402.2
4197,-2.3000000000000003,0,4,3,1,0.8125481973402202,,402.2
4198,-4.300000000000001,0,4,3,1,0.8125481973402202,,402.3
4199,-4.300000000000001,0,4,3,1,0.8125481973402202,,402.4
4200,-4.300000000000001,0,4,3,1,0.8125481973402202,,402.4
4201,-6.9,0,8,3,1,0.8125481973402202,,402.5
4202,-2.3000000000000003,0,4,3,1,0.8125481973402202,,402.6
4203,-4.300000000000001,0,4,3,1,0.8125481973402202,,402.7
4204,5.7,1,4,3,1,0.8125481973402202,,402.8
4205,-4.300000000000001,0,4,3,1,0.8125481973402202,,402.8
4206,-4.300000000000001,0,4,3,1,0.8125481973402202,,402.9
4207,-4.300000000000001,0,4,3,1,0.8125481973402202,,403.0
4208,-4.6,0,6,3,1,0.8125481973402202,,403.0
4209,-4.300000000000001,0,4,3,1,0.8125481973402202,,403.1
4210,-4.300000000000001,0,4,3,1,0.8125481973402202,,403.2
4211,5.7,1,4,3,1,0.8125481973402202,,403.2
4212,-2.3000000000000003,0,4,3,1,0.8125481973402202,,403.3
4213,-2.3000000000000003,0,4,3,1,0.8125481973402202,,403.4
4214,-4.300000000000001,0,4,3,1,0.8125481973402202,,403.4
4215,-4.300000000000001,0,4,3,1,0.8125481973402202,,403.4
4216,-4.300000000000001,0,4,3,1,0.8125481973402202,,403.5
4217,-5.6000000000000005,0,6,3,1,0.8125481973402202,,403.6
4218,-4.300000000000001,0,4,3,1,0.8125481973402202,,403.6
4219,-4.300000000000001,0,4,3,1,0.8125481973402202,,403.7
4220,-0.30000000000000004,0,4,3,1,0.8125481973402202,,403.8
4221,-0.30000000000000004,0,4,3,1,0.8125481973402202,,403.8
4222,-2.3000000000000003,0,4,3,1,0.8125481973402202,,403.9
4223,-4.300000000000001,0,4,3,1,0.8125481973402202,,404.0
4224,-4.300000000000001,0,4,3,1,0.8125481973402202,,404.1
4225,-2.3000000000000003,0,4,3,1,0.8125481973402202,,404.2
4226,-4.300000000000001,0,4,3,1,0.8125481973402202,,404.2
4227,-4.300000000000001,0,4,3,1,0.8125481973402202,,404.3
4228,-2.3000000000000003,0,4,3,1,0.8125481973402202,,404.4
4229,-5.4,0,5,4,1,0.8125481973402202,,404.5
4230,-2.3000000000000003,0,4,3,1,0.8125481973402202,,404.6
4231,-2.3000000000000003,0,4,3,1,0.8125481973402202,,404.6
4232,-4.300000000000001,0,4,3,1,0.8125481973402202,,404.7
4233,-5.6000000000000005,0,6,3,1,0.8125481973402202,,404.7
4234,-4.300000000000001,0,4,3,1,0.8125481973402202,,404.8
4235,-4.300000000000001,0,4,3,1,0.8125481973402202,,404.9
4236,-4.300000000000001,0,4,3,1,0.8125481973402202,,405.0
4237,5.7,1,4,3,1,0.8125481973402202,,405.0
4238,-4.300000000000001,0,4,3,1,0.8125481973402202,,405.1
4239,5.4,1,6,3,1,0.8125481973402202,,405.1
4240,-2.3000000000000003,0,4,3,1,0.8125481973402202,,405.2
4241,-2.3000000000000003,0,4,3,1,0.8125481973402202,,405.3
4242,-2.3000000000000003,0,4,3,1,0.8125481973402202,,405.4
4243,-2.3000000000000003,0,4,3,1,0.8125481973402202,,405.5
4244,-4.300000000000001,0,4,3,1,0.8125481973402202,,405.6
4245,-2.6,0,6,3,1,0.8125481973402202,,405.7
4246,-4.300000000000001,0,4,3,1,0.8125481973402202,,405.7
4247,-2.3000000000000003,0,4,3,1,0.8125481973402202,,405.8
4248,-2.3000000000000003,0,4,3,1,0.8125481973402202,,405.9
4249,-4.300000000000001,0,4,3,1,0.8125481973402202,,405.9
4250,-4.300000000000001,0,4,3,1,0.8125481973402202,,406.0
4251,-2.3000000000000003,0,4,3,1,0.8125481973402202,,406.0
4252,-4.300000000000001,0,4,3,1,0.8125481973402202,,406.1
4253,5.7,1,4,3,1,0.8125481973402202,,406.2
4254,-2.3000000000000003,0,4,3,1,0.8125481973402202,,406.3
4255,-3.4000000000000004,0,5,4,1,0.8125481973402202,,406.4
4256,-5.4,0,5,4,1,0.8125481973402202,,406.5
4257,-2.3000000000000003,0,4,3,1,0.8125481973402202,,406.5
4258,-4.300000000000001,0,4,3,1,0.8125481973402202,,406.6
4259,-0.30000000000000004,0,4,3,1,0.8125481973402202,,406.7
4260,-4.300000000000001,0,4,3,1,0.8125481973402202,,406.8
4261,-4.300000000000001,0,4,3,1,0.8125481973402202,,406.8
4262,-4.300000000000001,0,4,3,1,0.8125481973402202,,406.9
4263,-4.300000000000001,0,4,3,1,0.8125481973402202,,406.9
4264,-4.300000000000001,0,4,3,1,0.8125481973402202,,407.0
4265,-2.3000000000000003,0,4,3,1,0.8125481973402202,,407.1
4266,-4.300000000000001,0,4,3,1,0.8125481973402202,,407.2
4267,-2.3000000000000003,0,4,3,1,0.8125481973402202,,407.2
4268,-5.6000000000000005,0,6,3,1,0.8125481973402202,,407.3
4269,-2.3000000000000003,0,4,3,1,0.8125481973402202,,407.4
4270,-2.3000000000000003,0,4,3,1,0.8125481973402202,,407.4
4271,-4.300000000000001,0,4,3,1,0.8125481973402202,,407.5
4272,-2.3000000000000003,0,4,3,1,0.8125481973402202,,407.6
4273,-4.300000000000001,0,4,3,1,0.8125481973402202,,407.7
4274,-4.300000000000001,0,4,3,1,0.8125481973402202,,407.7
4275,-6.5,0,12,3,1,0.8125481973402202,,407.8
4276,-4.300000000000001,0,4,3,1,0.8125481973402202,,407.9
4277,-2.3000000000000003,0,4,3,1,0.8125481973402202,,408.0
4278,5.7,1,4,3,1,0.8125481973402202,,408.1
4279,-2.3000000000000003,0,4,3,1,0.8125481973402202,,408.1
4280,-4.300000000000001,0,4,3,1,0.8125481973402202,,408.2
4281,-4.300000000000001,0,4,3,1,0.8125481973402202,,408.2
4282,-4.300000000000001,0,4,3,1,0.8125481973402202,,408.3
4283,-4.300000000000001,0,4,3,1,0.8125481973402202,,408.4
4284,-4.300000000000001,0,4,3,1,0.8125481973402202,,408.4
4285,-4.300000000000001,0,4,3,1,0.8125481973402202,,408.5
4286,-4.300000000000001,0,4,3,1,0.8125481973402202,,408.6
4287,-4.300000000000001,0,4,3,1,0.8125481973402202,,408.7
4288,-4.300000000000001,0,4,3,1,0.8125481973402202,,408.8
4289,-6.9,0,8,3,1,0.8125481973402202,,408.8
4290,5.7,1,4,3,1,0.8125481973402202,,408.9
4291,-4.300000000000001,0,4,3,1,0.8125481973402202,,409.0
4292,-4.300000000000001,0,4,3,1,0.8125481973402202,,409.1
4293,5.7,1,4,3,1,0.8125481973402202,,409.1
4294,-2.6,0,6,3,1,0.8125481973402202,,409.2
4295,-4.300000000000001,0,4,3,1,0.8125481973402202,,409.2
4296,-2.3000000000000003,0,4,3,1,0.8125481973402202,,409.3
4297,-0.30000000000000004,0,4,3,1,0.8125481973402202,,409.4
4298,-2.3000000000000003,0,4,3,1,0.8125481973402202,,409.5
4299,-0.30000000000000004,0,4,3,1,0.8125481973402202,,409.5
4300,-4.300000000000001,0,4,3,1,0.8125481973402202,,409.7
4301,-2.3000000000000003,0,4,3,1,0.8125481973402202,,409.7
4302,-0.30000000000000004,0,4,3,1,0.8125481973402202,,409.8
4303,-4.300000000000001,0,4,3,1,0.8125481973402202,,409.8
4304,-3.6000000000000005,0,6,3,1,0.8125481973402202,,409.9
4305,-4.300000000000001,0,4,3,1,0.8125481973402202,,410.0
4306,-0.30000000000000004,0,4,3,1,0.8125481973402202,,410.1
4307,-2.3000000000000003,0,4,3,1,0.8125481973402202,,410.1
4308,-4.300000000000001,0,4,3,1,0.8125481973402202,,410.2
4309,-0.30000000000000004,0,4,3,1,0.8125481973402202,,410.3
4310,-2.3000000000000003,0,4,3,1,0.8125481973402202,,410.3
4311,-4.300000000000001,0,4,3,1,0.8125481973402202,,410.4
4312,-4.300000000000001,0,4,3,1,0.8125481973402202,,410.4
4313,-4.300000000000001,0,4,3,1,0.8125481973402202,,410.5
4314,-4.300000000000001,0,4,3,1,0.8125481973402202,,410.6
4315,-0.30000000000000004,0,4,3,1,0.8125481973402202,,410.6
4316,-4.300000000000001,0,4,3,1,0.8125481973402202,,410.7
4317,5.7,1,4,3,1,0.8125481973402202,,410.7
4318,-4.300000000000001,0,4,3,1,0.8125481973402202,,410.8
4319,-4.300000000000001,0,4,3,1,0.8125481973402202,,410.9
4320,-4.300000000000001,0,4,3,1,0.8125481973402202,,411.0
4321,-4.300000000000001,0,4,3,1,0.8125481973402202,,411.1
4322,-4.300000000000001,0,4,3,1,0.8125481973402202,,411.1
4323,-0.30000000000000004,0,4,3,1,0.8125481973402202,,411.2
4324,-0.30000000000000004,0,4,3,1,0.8125481973402202,,411.3
4325,-2.3000000000000003,0,4,3,1,0.8125481973402202,,411.3
4326,-4.300000000000001,0,4,3,1,0.8125481973402202,,411.4
4327,-4.300000000000001,0,4,3,1,0.8125481973402202,,411.5
4328,-4.300000000000001,0,4,3,1,0.8125481973402202,,411.6
4329,-2.3000000000000003,0,4,3,1,0.8125481973402202,,411.6
4330,-4.300000000000001,0,4,3,1,0.8125481973402202,,411.7
4331,-4.300000000000001,0,4,3,1,0.8125481973402202,,411.7
4332,5.7,1,4,3,1,0.8125481973402202,,411.8
4333,-2.3000000000000003,0,4,3,1,0.8125481973402202,,411.9
4334,-2.3000000000000003,0,4,3,1,0.8125481973402202,,412.0
4335,5.7,1,4,3,1,0.8125481973402202,,412.0
4336,-2.3000000000000003,0,4,3,1,0.8125481973402202,,412.1
4337,-4.300000000000001,0,4,3,1,0.8125481973402202,,412.2
4338,-4.300000000000001,0,4,3,1,0.8125481973402202,,412.2
4339,-4.300000000000001,0,4,3,1,0.8125481973402202,,412.3
4340,-2.3000000000000003,0,4,3,1,0.8125481973402202,,412.4
4341,-4.300000000000001,0,4,3,1,0.8125481973402202,,412.4
4342,-4.300000000000001,0,4,3,1,0.8125481973402202,,412.5
4343,-2.3000000000000003,0,4,3,1,0.8125481973402202,,412.6
4344,-4.300000000000001,0,4,3,1,0.8125481973402202,,412.6
4345,-2.3000000000000003,0,4,3,1,0.8125481973402202,,412.7
4346,-2.3000000000000003,0,4,3,1,0.8125481973402202,,412.8
4347,-4.300000000000001,0,4,3,1,0.8125481973402202,,412.9
4348,-4.300000000000001,0,4,3,1,0.8125481973402202,,413.0
4349,-4.300000000000001,0,4,3,1,0.8125481973402202,,413.0
4350,5.7,1,4,3,1,0.8125481973402202,,413.1
4351,-5.6000000000000005,0,6,3,1,0.8125481973402202,,413.2
4352,-2.3000000000000003,0,4,3,1,0.8125481973402202,,413.3
4353,5.7,1,4,3,1,0.8125481973402202,,413.4
4354,-3.6000000000000005,0,6,3,1,0.8125481973402202,,413.5
4355,-2.3000000000000003,0,4,3,1,0.8125481973402202,,413.6
4356,-4.300000000000001,0,4,3,1,0.8125481973402202,,413.6
4357,-4.300000000000001,0,4,3,1,0.8125481973402202,,413.7
4358,-4.300000000000001,0,4,3,1,0.8125481973402202,,413.7
4359,-4.300000000000001,0,4,3,1,0.8125481973402202,,413.8
4360,5.7,1,4,3,1,0.8125481973402202,,413.8
4361,-4.300000000000001,0,4,3,1,0.8125481973402202,,413.9
4362,-4.300000000000001,0,4,3,1,0.8125481973402202,,414.0
4363,-4.300000000000001,0,4,3,1,0.8125481973402202,,414.0
4364,-2.3000000000000003,0,4,3,1,0.8125481973402202,,414.1
4365,-4.300000000000001,0,4,3,1,0.8125481973402202,,414.1
4366,-4.300000000000001,0,4,3,1,0.8125481973402202,,414.2
4367,-2.3000000000000003,0,4,3,1,0.8125481973402202,,414.3
4368,5.7,1,4,3,1,0.8125481973402202,,414.4
4369,-4.300000000000001,0,4,3,1,0.8125481973402202,,414.4
4370,-5.4,0,5,4,1,0.8125481973402202,,414.5
4371,-4.300000000000001,0,4,3,1,0.8125481973402202,,414.6
4372,-4.300000000000001,0,4,3,1,0.8125481973402202,,414.6
4373,-4.300000000000001,0,4,3,1,0.8125481973402202,,414.7
4374,-4.300000000000001,0,4,3,1,0.8125481973402202,,414.8
4375,-2.3000000000000003,0,4,3,1,0.8125481973402202,,414.8
4376,5.7,1,4,3,1,0.8125481973402202,,414.9
4377,5.7,1,4,3,1,0.8125481973402202,,415.0
4378,-4.300000000000001,0,4,3,1,0.8125481973402202,,415.0
4379,-4.300000000000001,0,4,3,1,0.8125481973402202,,415.1
4380,-4.300000000000001,0,4,3,1,0.8125481973402202,,415.2
4381,-4.300000000000001,0,4,3,1,0.8125481973402202,,415.3
4382,-4.300000000000001,0,4,3,1,0.8125481973402202,,415.4
4383,-4.6,0,6,3,1,0.8125481973402202,,415.5
4384,-4.300000000000001,0,4,3,1,0.8125481973402202,,415.5
4385,-4.300000000000001,0,4,3,1,0.8125481973402202,,415.6
4386,-4.300000000000001,0,4,3,1,0.8125481973402202,,415.6
4387,-4.300000000000001,0,4,3,1,0.8125481973402202,,415.7
4388,-4.300000000000001,0,4,3,1,0.8125481973402202,,415.8
4389,-2.3000000000000003,0,4,3,1,0.8125481973402202,,415.9
4390,-4.6,0,6,3,1,0.8125481973402202,,415.9
4391,-4.300000000000001,0,4,3,1,0.8125481973402202,,416.0
4392,-4.300000000000001,0,4,3,1,0.8125481973402202,,416.1
4393,-2.3000000000000003,0,4,3,1,0.8125481973402202,,416.2
4394,-4.300000000000001,0,4,3,1,0.8125481973402202,,416.2
4395,-5.4,0,5,4,1,0.8125481973402202,,416.3
4396,-7.700000000000001,0,12,2,0,0.8125481973402202,,416.4
4397,-2.6,0,6,3,1,0.8125481973402202,,416.5
4398,-4.300000000000001,0,4,3,1,0.8125481973402202,,416.6
4399,-4.300000000000001,0,4,3,1,0.8125481973402202,,416.6
4400,-4.300000000000001,0,4,3,1,0.8125481973402202,,416.7
4401,-4.300000000000001,0,4,3,1,0.8125481973402202,,416.8
4402,5.7,1,4,3,1,0.8125481973402202,,416.9
4403,-4.300000000000001,0,4,3,1,0.8125481973402202,,416.9
4404,-4.300000000000001,0,4,3,1,0.8125481973402202,,417.0
4405,-4.300000000000001,0,4,3,1,0.8125481973402202,,417.1
4406,5.7,1,4,3,1,0.8125481973402202,,417.2
4407,-2.3000000000000003,0,4,3,1,0.8125481973402202,,417.3
4408,-4.300000000000001,0,4,3,1,0.8125481973402202,,417.3
4409,-4.300000000000001,0,4,3,1,0.8125481973402202,,417.4
4410,-4.300000000000001,0,4,3,1,0.8125481973402202,,417.5
4411,-2.3000000000000003,0,4,3,1,0.8125481973402202,,417.5
4412,-4.300000000000001,0,4,3,1,0.8125481973402202,,417.6
4413,5.7,1,4,3,1,0.8125481973402202,,417.7
4414,-4.300000000000001,0,4,3,1,0.8125481973402202,,417.8
4415,-4.300000000000001,0,4,3,1,0.8125481973402202,,417.8
4416,-4.300000000000001,0,4,3,1,0.8125481973402202,,417.9
4417,5.7,1,4,3,1,0.8125481973402202,,417.9
4418,-2.3000000000000003,0,4,3,1,0.8125481973402202,,418.0
4419,-4.300000000000001,0,4,3,1,0.8125481973402202,,418.0
4420,-4.300000000000001,0,4,3,1,0.8125481973402202,,418.1
4421,-4.300000000000001,0,4,3,1,0.8125481973402202,,418.2
4422,-4.300000000000001,0,4,3,1,0.8125481973402202,,418.3
4423,-2.3000000000000003,0,4,3,1,0.8125481973402202,,418.3
4424,-4.300000000000001,0,4,3,1,0.8125481973402202,,418.4
4425,-4.300000000000001,0,4,3,1,0.8125481973402202,,418.5
4426,-4.300000000000001,0,4,3,1,0.8125481973402202,,418.5
4427,-4.300000000000001,0,4,3,1,0.8125481973402202,,418.6
4428,-4.300000000000001,0,4,3,1,0.8125481973402202,,418.7
4429,-4.300000000000001,0,4,3,1,0.8125481973402202,,418.7
4430,-0.30000000000000004,0,4,3,1,0.8125481973402202,,418.8
4431,-4.300000000000001,0,4,3,1,0.8125481973402202,,418.9
4432,-5.700000000000001,0,7,4,1,0.8125481973402202,,419.0
4433,-4.300000000000001,0,4,3,1,0.8125481973402202,,419.1
4434,-4.300000000000001,0,4,3,1,0.8125481973402202,,419.2
4435,-0.30000000000000004,0,4,3,1,0.8125481973402202,,419.2
4436,-4.300000000000001,0,4,3,1,0.8125481973402202,,419.3
4437,-0.30000000000000004,0,4,3,1,0.8125481973402202,,419.4
4438,-0.30000000000000004,0,4,3,1,0.8125481973402202,,419.4
4439,-0.30000000000000004,0,4,3,1,0.8125481973402202,,419.5
4440,-4.300000000000001,0,4,3,1,0.8125481973402202,,419.6
4441,5.7,1,4,3,1,0.8125481973402202,,419.7
4442,-0.30000000000000004,0,4,3,1,0.8125481973402202,,419.7
4443,5.7,1,4,3,1,0.8125481973402202,,419.8
4444,-4.300000000000001,0,4,3,1,0.8125481973402202,,419.9
4445,-4.300000000000001,0,4,3,1,0.8125481973402202,,419.9
4446,-4.6,0,6,3,1,0.8125481973402202,,419.9
4447,-2.3000000000000003,0,4,3,1,0.8125481973402202,,420.0
4448,-4.300000000000001,0,4,3,1,0.8125481973402202,,420.1
4449,-4.300000000000001,0,4,3,1,0.8125481973402202,,420.2
4450,-4.300000000000001,0,4,3,1,0.8125481973402202,,420.3
4451,5.7,1,4,3,1,0.8125481973402202,,420.3
4452,-4.300000000000001,0,4,3,1,0.8125481973402202,,420.4
4453,-0.30000000000000004,0,4,3,1,0.8125481973402202,,420.5
4454,-4.300000000000001,0,4,3,1,0.8125481973402202,,420.5
4455,-2.3000000000000003,0,4,3,1,0.8125481973402202,,420.6
4456,-2.3000000000000003,0,4,3,1,0.8125481973402202,,420.7
4457,-4.300000000000001,0,4,3,1,0.8125481973402202,,420.8
4458,-4.300000000000001,0,4,3,1,0.8125481973402202,,420.9
4459,-4.300000000000001,0,4,3,1,0.8125481973402202,,420.9
4460,-4.300000000000001,0,4,3,1,0.8125481973402202,,421.0
4461,-4.300000000000001,0,4,3,1,0.8125481973402202,,421.0
4462,-2.3000000000000003,0,4,3,1,0.8125481973402202,,421.1
4463,-4.300000000000001,0,4,3,1,0.8125481973402202,,421.2
4464,-2.6,0,6,3,1,0.8125481973402202,,421.2
4465,-4.300000000000001,0,4,3,1,0.8125481973402202,,421.3
4466,-4.300000000000001,0,4,3,1,0.8125481973402202,,421.4
4467,-4.300000000000001,0,4,3,1,0.8125481973402202,,421.5
4468,-4.6000000000000005,0,6,3,1,0.8125481973402202,,421.6
4469,-4.300000000000001,0,4,3,1,0.8125481973402202,,421.6
4470,-0.30000000000000004,0,4,3,1,0.8125481973402202,,421.7
4471,-3.6,0,6,3,1,0.8125481973402202,,421.8
4472,5.7,1,4,3,1,0.8125481973402202,,421.9
4473,-4.300000000000001,0,4,3,1,0.8125481973402202,,422.0
4474,-4.300000000000001,0,4,3,1,0.8125481973402202,,422.0
4475,-4.300000000000001,0,4,3,1,0.8125481973402202,,422.1
4476,-2.3000000000000003,0,4,3,1,0.8125481973402202,,422.2
4477,-2.3000000000000003,0,4,3,1,0.8125481973402202,,422.3
4478,-2.3000000000000003,0,4,3,1,0.8125481973402202,,422.4
4479,-2.3000000000000003,0,4,3,1,0.8125481973402202,,422.4
4480,-2.3000000000000003,0,4,3,1,0.8125481973402202,,422.5
4481,-4.300000000000001,0,4,3,1,0.8125481973402202,,422.6
4482,-4.300000000000001,0,4,3,1,0.8125481973402202,,422.7
4483,-4.300000000000001,0,4,3,1,0.8125481973402202,,422.7
4484,-2.3000000000000003,0,4,3,1,0.8125481973402202,,422.8
4485,-4.300000000000001,0,4,3,1,0.8125481973402202,,422.8
4486,-2.3000000000000003,0,4,3,1,0.8125481973402202,,422.9
4487,-2.3000000000000003,0,4,3,1,0.8125481973402202,,423.0
4488,-4.300000000000001,0,4,3,1,0.8125481973402202,,423.0
4489,-2.3000000000000003,0,4,3,1,0.8125481973402202,,423.1
4490,-4.300000000000001,0,4,3,1,0.8125481973402202,,423.1
4491,-2.3000000000000003,0,4,3,1,0.8125481973402202,,423.2
4492,-4.300000000000001,0,4,3,1,0.8125481973402202,,423.3
4493,-4.300000000000001,0,4,3,1,0.8125481973402202,,423.4
4494,-4.300000000000001,0,4,3,1,0.8125481973402202,,423.4
4495,-0.30000000000000004,0,4,3,1,0.8125481973402202,,423.5
4496,-4.300000000000001,0,4,3,1,0.8125481973402202,,423.6
4497,-2.3000000000000003,0,4,3,1,0.8125481973402202,,423.6
4498,-0.30000000000000004,0,4,3,1,0.8125481973402202,,423.7
4499,-4.300000000000001,0,4,3,1,0.8125481973402202,,423.8
4500,-4.300000000000001,0,4,3,1,0.8125481973402202,,423.8
4501,-2.9000000000000004,0,8,3,1,0.8125481973402202,,429.0
4502,-4.300000000000001,0,4,3,1,0.8125481973402202,,429.1
4503,5.7,1,4,3,1,0.8125481973402202,,429.2
4504,-0.30000000000000004,0,4,3,1,0.8125481973402202,,429.2
4505,-0.30000000000000004,0,4,3,1,0.8125481973402202,,429.3
4506,-4.300000000000001,0,4,3,1,0.8125481973402202,,429.4
4507,-4.300000000000001,0,4,3,1,0.8125481973402202,,429.4
4508,-0.30000000000000004,0,4,3,1,0.8125481973402202,,429.5
4509,-4.300000000000001,0,4,3,1,0.8125481973402202,,429.5
4510,-4.300000000000001,0,4,3,1,0.8125481973402202,,429.6
4511,-2.3000000000000003,0,4,3,1,0.8125481973402202,,429.6
4512,-2.3000000000000003,0,4,3,1,0.8125481973402202,,429.7
4513,-4.300000000000001,0,4,3,1,0.8125481973402202,,429.8
4514,5.7,1,4,3,1,0.8125481973402202,,429.8
4515,-4.300000000000001,0,4,3,1,0.8125481973402202,,429.9
4516,-4.300000000000001,0,4,3,1,0.8125481973402202,,430.0
4517,-4.300000000000001,0,4,3,1,0.8125481973402202,,430.0
4518,-4.300000000000001,0,4,3,1,0.8125481973402202,,430.1
4519,-2.3000000000000003,0,4,3,1,0.8125481973402202,,430.2
4520,-2.3000000000000003,0,4,3,1,0.8125481973402202,,430.3
4521,-4.300000000000001,0,4,3,1,0.8125481973402202,,430.3
4522,-4.300000000000001,0,4,3,1,0.8125481973402202,,430.4
4523,-2.3000000000000003,0,4,3,1,0.8125481973402202,,430.4
4524,-4.6000000000000005,0,6,3,1,0.8125481973402202,,430.5
4525,-2.3000000000000003,0,4,3,1,0.8125481973402202,,430.6
4526,-2.3000000000000003,0,4,3,1,0.8125481973402202,,430.7
4527,-2.3000000000000003,0,4,3,1,0.8125481973402202,,430.7
4528,-4.300000000000001,0,4,3,1,0.8125481973402202,,430.8
4529,-4.300000000000001,0,4,3,1,0.8125481973402202,,430.8
4530,-2.3000000000000003,0,4,3,1,0.8125481973402202,,430.9
4531,-2.6,0,6,3,1,0.7713683508336544,1.2883365545421839,431.6
4532,-4.300000000000001,0,4,3,1,0.7713683508336544,,431.7
4533,-4.300000000000001,0,4,3,1,0.7713683508336544,,431.8
4534,-2.3000000000000003,0,4,3,1,0.7713683508336544,,431.8
4535,-4.300000000000001,0,4,3,1,0.7713683508336544,,431.9
4536,-0.30000000000000004,0,4,3,1,0.7713683508336544,,432.0
4537,-4.300000000000001,0,4,3,1,0.7713683508336544,,432.0
4538,-4.300000000000001,0,4,3,1,0.7713683508336544,,432.0
4539,-4.300000000000001,0,4,3,1,0.7713683508336544,,432.1
4540,-4.300000000000001,0,4,3,1,0.7713683508336544,,432.2
4541,-4.300000000000001,0,4,3,1,0.7713683508336544,,432.3
4542,-4.300000000000001,0,4,3,1,0.7713683508336544,,432.4
4543,5.7,1,4,3,1,0.7713683508336544,,432.5
4544,-4.300000000000001,0,4,3,1,0.7713683508336544,,432.5
4545,-2.3000000000000003,0,4,3,1,0.7713683508336544,,432.6
4546,-4.300000000000001,0,4,3,1,0.7713683508336544,,432.6
4547,-4.300000000000001,0,4,3,1,0.7713683508336544,,432.7
4548,-4.300000000000001,0,4,3,1,0.7713683508336544,,432.8
4549,-4.300000000000001,0,4,3,1,0.7713683508336544,,432.9
4550,-4.300000000000001,0,4,3,1,0.7713683508336544,,432.9
4551,-4.300000000000001,0,4,3,1,0.7713683508336544,,433.0
4552,-4.300000000000001,0,4,3,1,0.7713683508336544,,433.0
4553,-4.300000000000001,0,4,3,1,0.7713683508336544,,433.1
4554,-4.300000000000001,0,4,3,1,0.7713683508336544,,433.1
4555,-2.3000000000000003,0,4,3,1,0.7713683508336544,,433.2
4556,-2.3000000000000003,0,4,3,1,0.7713683508336544,,433.3
4557,-0.30000000000000004,0,4,3,1,0.7713683508336544,,433.4
4558,-4.300000000000001,0,4,3,1,0.7713683508336544,,433.5
4559,-4.300000000000001,0,4,3,1,0.7713683508336544,,433.5
4560,-4.300000000000001,0,4,3,1,0.7713683508336544,,433.6
4561,-4.300000000000001,0,4,3,1,0.7713683508336544,,433.7
4562,-2.3000000000000003,0,4,3,1,0.7713683508336544,,433.8
4563,-2.3000000000000003,0,4,3,1,0.7713683508336544,,433.9
4564,-4.300000000000001,0,4,3,1,0.7713683508336544,,433.9
4565,-5.6000000000000005,0,6,3,1,0.7713683508336544,,434.0
4566,5.7,1,4,3,1,0.7713683508336544,,434.0
4567,-4.300000000000001,0,4,3,1,0.7713683508336544,,434.1
4568,-5.4,0,5,4,1,0.7713683508336544,,434.1
4569,-4.300000000000001,0,4,3,1,0.7713683508336544,,434.2
4570,-0.30000000000000004,0,4,3,1,0.7713683508336544,,434.3
4571,-4.300000000000001,0,4,3,1,0.7713683508336544,,434.3
4572,-4.300000000000001,0,4,3,1,0.7713683508336544,,434.4
4573,5.7,1,4,3,1,0.7713683508336544,,434.4
4574,-4.300000000000001,0,4,3,1,0.7713683508336544,,434.4
4575,5.7,1,4,3,1,0.7713683508336544,,434.5
4576,-0.30000000000000004,0,4,3,1,0.7713683508336544,,434.6
4577,-0.30000000000000004,0,4,3,1,0.7713683508336544,,434.6
4578,-4.300000000000001,0,4,3,1,0.7713683508336544,,434.7
4579,-1.4000000000000001,0,5,4,1,0.7713683508336544,,434.8
4580,-4.300000000000001,0,4,3,1,0.7713683508336544,,434.9
4581,-4.300000000000001,0,4,3,1,0.7713683508336544,,434.9
4582,-1.6,0,6,3,1,0.7713683508336544,,435.0
4583,-2.3000000000000003,0,4,3,1,0.7713683508336544,,435.1
4584,-4.300000000000001,0,4,3,1,0.7713683508336544,,435.1
4585,-4.300000000000001,0,4,3,1,0.7713683508336544,,435.2
4586,-4.300000000000001,0,4,3,1,0.7713683508336544,,435.2
4587,-4.300000000000001,0,4,3,1,0.7713683508336544,,435.3
4588,4.4,1,6,3,1,0.7713683508336544,,435.4
4589,-4.300000000000001,0,4,3,1,0.7713683508336544,,435.5
4590,-2.3000000000000003,0,4,3,1,0.7713683508336544,,435.5
4591,-4.300000000000001,0,4,3,1,0.7713683508336544,,435.6
4592,-2.3000000000000003,0,4,3,1,0.7713683508336544,,435.6
4593,-4.300000000000001,0,4,3,1,0.7713683508336544,,435.7
4594,-2.3000000000000003,0,4,3,1,0.7713683508336544,,435.7
4595,-4.300000000000001,0,4,3,1,0.7713683508336544,,435.8
4596,-4.300000000000001,0,4,3,1,0.7713683508336544,,435.9
4597,-4.300000000000001,0,4,3,1,0.7713683508336544,,435.9
4598,-4.300000000000001,0,4,3,1,0.7713683508336544,,436.0
4599,-4.300000000000001,0,4,3,1,0.7713683508336544,,436.0
4600,-2.3000000000000003,0,4,3,1,0.7713683508336544,,436.1
4601,5.7,1,4,3,1,0.7713683508336544,,436.1
4602,-0.30000000000000004,0,4,3,1,0.7713683508336544,,436.3
4603,5.7,1,4,3,1,0.7713683508336544,,436.3
4604,-0.30000000000000004,0,4,3,1,0.7713683508336544,,436.4
4605,5.7,1,4,3,1,0.7713683508336544,,436.5
4606,-4.300000000000001,0,4,3,1,0.7713683508336544,,436.6
4607,-4.6000000000000005,0,6,3,1,0.7713683508336544,,436.6
4608,-2.3000000000000003,0,4,3,1,0.7713683508336544,,436.7
4609,-4.300000000000001,0,4,3,1,0.7713683508336544,,436.8
4610,-4.300000000000001,0,4,3,1,0.7713683508336544,,436.9
4611,-4.300000000000001,0,4,3,1,0.7713683508336544,,437.0
4612,-4.300000000000001,0,4,3,1,0.7713683508336544,,437.0
4613,-0.30000000000000004,0,4,3,1,0.7713683508336544,,437.1
4614,-4.300000000000001,0,4,3,1,0.7713683508336544,,437.2
4615,-4.300000000000001,0,4,3,1,0.7713683508336544,,437.2
4616,-4.300000000000001,0,4,3,1,0.7713683508336544,,437.3
4617,-2.3000000000000003,0,4,3,1,0.7713683508336544,,437.4
4618,-5.4,0,5,4,1,0.7713683508336544,,437.5
4619,-2.3000000000000003,0,4,3,1,0.7713683508336544,,437.6
4620,-4.300000000000001,0,4,3,1,0.7713683508336544,,437.6
4621,-2.3000000000000003,0,4,3,1,0.7713683508336544,,437.7
4622,-2.3000000000000003,0,4,3,1,0.7713683508336544,,437.7
4623,-4.300000000000001,0,4,3,1,0.7713683508336544,,437.8
4624,-0.30000000000000004,0,4,3,1,0.7713683508336544,,437.9
4625,-2.3000000000000003,0,4,3,1,0.7713683508336544,,438.0
4626,-0.30000000000000004,0,4,3,1,0.7713683508336544,,438.0
4627,-0.30000000000000004,0,4,3,1,0.7713683508336544,,438.1
4628,-4.300000000000001,0,4,3,1,0.7713683508336544,,438.2
4629,-0.30000000000000004,0,4,3,1,0.7713683508336544,,438.2
4630,-4.300000000000001,0,4,3,1,0.7713683508336544,,438.3
4631,-4.300000000000001,0,4,3,1,0.7713683508336544,,438.4
4632,-4.300000000000001,0,4,3,1,0.7713683508336544,,438.5
4633,-0.30000000000000004,0,4,3,1,0.7713683508336544,,438.5
4634,-4.300000000000001,0,4,3,1,0.7713683508336544,,438.6
4635,-2.3000000000000003,0,4,3,1,0.7713683508336544,,438.7
4636,-4.300000000000001,0,4,3,1,0.7713683508336544,,438.7
4637,-4.300000000000001,0,4,3,1,0.7713683508336544,,438.8
4638,5.7,1,4,3,1,0.7713683508336544,,438.9
4639,5.7,1,4,3,1,0.7713683508336544,,438.9
4640,-2.3000000000000003,0,4,3,1,0.7713683508336544,,439.0
4641,-0.30000000000000004,0,4,3,1,0.7713683508336544,,439.1
4642,5.7,1,4,3,1,0.7713683508336544,,439.2
4643,-2.3000000000000003,0,4,3,1,0.7713683508336544,,439.2
4644,-0.30000000000000004,0,4,3,1,0.7713683508336544,,439.2
4645,-4.300000000000001,0,4,3,1,0.7713683508336544,,439.3
4646,-4.300000000000001,0,4,3,1,0.7713683508336544,,439.4
4647,-4.300000000000001,0,4,3,1,0.7713683508336544,,439.4
4648,-4.300000000000001,0,4,3,1,0.7713683508336544,,439.5
4649,-2.3000000000000003,0,4,3,1,0.7713683508336544,,439.5
4650,-4.300000000000001,0,4,3,1,0.7713683508336544,,439.6
4651,-4.300000000000001,0,4,3,1,0.7713683508336544,,439.7
4652,-4.300000000000001,0,4,3,1,0.7713683508336544,,439.8
4653,-2.3000000000000003,0,4,3,1,0.7713683508336544,,439.9
4654,5.7,1,4,3,1,0.7713683508336544,,439.9
4655,-4.300000000000001,0,4,3,1,0.7713683508336544,,439.9
4656,-4.300000000000001,0,4,3,1,0.7713683508336544,,440.0
4657,-4.300000000000001,0,4,3,1,0.7713683508336544,,440.0
4658,-0.30000000000000004,0,4,3,1,0.7713683508336544,,440.1
4659,-5.6000000000000005,0,6,3,1,0.7713683508336544,,440.2
4660,-2.3000000000000003,0,4,3,1,0.7713683508336544,,440.3
4661,-4.300000000000001,0,4,3,1,0.7713683508336544,,440.3
4662,-2.3000000000000003,0,4,3,1,0.7713683508336544,,440.3
4663,-4.300000000000001,0,4,3,1,0.7713683508336544,,440.4
4664,5.7,1,4,3,1,0.7713683508336544,,440.5
4665,-4.300000000000001,0,4,3,1,0.7713683508336544,,440.5
4666,-4.300000000000001,0,4,3,1,0.7713683508336544,,440.6
4667,-2.9000000000000004,0,8,3,1,0.7713683508336544,,440.7
4668,-3.4000000000000004,0,5,4,1,0.7713683508336544,,440.7
4669,-4.300000000000001,0,4,3,1,0.7713683508336544,,440.8
4670,-4.300000000000001,0,4,3,1,0.7713683508336544,,440.9
4671,-4.300000000000001,0,4,3,1,0.7713683508336544,,440.9
4672,-2.3000000000000003,0,4,3,1,0.7713683508336544,,441.0
4673,-4.300000000000001,0,4,3,1,0.7713683508336544,,441.0
4674,-4.300000000000001,0,4,3,1,0.7713683508336544,,441.1
4675,-2.3000000000000003,0,4,3,1,0.7713683508336544,,441.2
4676,-4.300000000000001,0,4,3,1,0.7713683508336544,,441.3
4677,5.7,1,4,3,1,0.7713683508336544,,441.3
4678,-4.300000000000001,0,4,3,1,0.7713683508336544,,441.4
4679,-4.300000000000001,0,4,3,1,0.7713683508336544,,441.4
4680,-4.6000000000000005,0,6,3,1,0.7713683508336544,,441.5
4681,-4.300000000000001,0,4,3,1,0.7713683508336544,,441.6
4682,-0.6000000000000001,0,6,3,1,0.7713683508336544,,441.7
4683,-4.300000000000001,0,4,3,1,0.7713683508336544,,441.7
4684,-4.300000000000001,0,4,3,1,0.7713683508336544,,441.8
4685,-5.4,0,5,4,1,0.7713683508336544,,441.9
4686,-4.300000000000001,0,4,3,1,0.7713683508336544,,442.0
4687,-4.300000000000001,0,4,3,1,0.7713683508336544,,442.1
4688,-4.300000000000001,0,4,3,1,0.7713683508336544,,442.2
4689,-2.3000000000000003,0,4,3,1,0.7713683508336544,,442.2
4690,-4.300000000000001,0,4,3,1,0.7713683508336544,,442.3
4691,-2.3000000000000003,0,4,3,1,0.7713683508336544,,442.4
4692,5.7,1,4,3,1,0.7713683508336544,,442.5
4693,-4.300000000000001,0,4,3,1,0.7713683508336544,,442.5
4694,-4.300000000000001,0,4,3,1,0.7713683508336544,,442.6
4695,-4.300000000000001,0,4,3,1,0.7713683508336544,,442.7
4696,-4.300000000000001,0,4,3,1,0.7713683508336544,,442.8
4697,-4.300000000000001,0,4,3,1,0.7713683508336544,,442.9
4698,-4.300000000000001,0,4,3,1,0.7713683508336544,,442.9
4699,-4.300000000000001,0,4,3,1,0.7713683508336544,,443.0
4700,-0.30000000000000004,0,4,3,1,0.7713683508336544,,443.1
4701,5.7,1,4,3,1,0.7713683508336544,,443.2
4702,5.7,1,4,3,1,0.7713683508336544,,443.2
4703,-4.300000000000001,0,4,3,1,0.7713683508336544,,443.3
4704,-4.300000000000001,0,4,3,1,0.7713683508336544,,443.3
4705,-0.30000000000000004,0,4,3,1,0.7713683508336544,,443.4
4706,-4.6000000000000005,0,6,3,1,0.7713683508336544,,443.5
4707,-0.30000000000000004,0,4,3,1,0.7713683508336544,,443.5
4708,-4.300000000000001,0,4,3,1,0.7713683508336544,,443.6
4709,-4.300000000000001,0,4,3,1,0.7713683508336544,,443.7
4710,-4.300000000000001,0,4,3,1,0.7713683508336544,,443.7
4711,-4.300000000000001,0,4,3,1,0.7713683508336544,,443.8
4712,-4.300000000000001,0,4,3,1,0.7713683508336544,,443.9
4713,-4.300000000000001,0,4,3,1,0.7713683508336544,,444.0
4714,-4.300000000000001,0,4,3,1,0.7713683508336544,,444.0
4715,-2.3000000000000003,0,4,3,1,0.7713683508336544,,444.1
4716,-4.300000000000001,0,4,3,1,0.7713683508336544,,444.2
4717,-0.30000000000000004,0,4,3,1,0.7713683508336544,,444.2
4718,-0.30000000000000004,0,4,3,1,0.7713683508336544,,444.3
4719,-4.300000000000001,0,4,3,1,0.7713683508336544,,444.4
4720,-4.300000000000001,0,4,3,1,0.7713683508336544,,444.4
4721,-4.300000000000001,0,4,3,1,0.7713683508336544,,444.5
4722,-4.300000000000001,0,4,3,1,0.7713683508336544,,444.6
4723,-0.30000000000000004,0,4,3,1,0.7713683508336544,,444.6
4724,-4.300000000000001,0,4,3,1,0.7713683508336544,,444.7
4725,-4.300000000000001,0,4,3,1,0.7713683508336544,,444.8
4726,-2.3000000000000003,0,4,3,1,0.7713683508336544,,444.8
4727,-0.30000000000000004,0,4,3,1,0.7713683508336544,,444.9
4728,-2.3000000000000003,0,4,3,1,0.7713683508336544,,445.0
4729,-4.300000000000001,0,4,3,1,0.7713683508336544,,445.1
4730,-5.4,0,5,4,1,0.7713683508336544,,445.1
4731,-4.300000000000001,0,4,3,1,0.7713683508336544,,445.2
4732,-4.300000000000001,0,4,3,1,0.7713683508336544,,445.3
4733,-4.300000000000001,0,4,3,1,0.7713683508336544,,445.3
4734,-4.6,0,6,3,1,0.7713683508336544,,445.4
4735,-4.300000000000001,0,4,3,1,0.7713683508336544,,445.5
4736,-4.300000000000001,0,4,3,1,0.7713683508336544,,445.6
4737,5.7,1,4,3,1,0.7713683508336544,,445.7
4738,-4.300000000000001,0,4,3,1,0.7713683508336544,,445.7
4739,-4.300000000000001,0,4,3,1,0.7713683508336544,,445.8
4740,5.7,1,4,3,1,0.7713683508336544,,445.9
4741,-4.300000000000001,0,4,3,1,0.7713683508336544,,446.0
4742,-4.300000000000001,0,4,3,1,0.7713683508336544,,446.1
4743,-0.30000000000000004,0,4,3,1,0.7713683508336544,,446.1
4744,-4.300000000000001,0,4,3,1,0.7713683508336544,,446.2
4745,5.7,1,4,3,1,0.7713683508336544,,446.2
4746,-4.300000000000001,0,4,3,1,0.7713683508336544,,446.3
4747,-4.300000000000001,0,4,3,1,0.7713683508336544,,446.3
4748,-4.300000000000001,0,4,3,1,0.7713683508336544,,446.4
4749,-4.300000000000001,0,4,3,1,0.7713683508336544,,446.5
4750,-4.300000000000001,0,4,3,1,0.7713683508336544,,446.6
4751,-4.300000000000001,0,4,3,1,0.7713683508336544,,446.7
4752,-0.30000000000000004,0,4,3,1,0.7713683508336544,,446.7
4753,-0.30000000000000004,0,4,3,1,0.7713683508336544,,446.8
4754,-4.300000000000001,0,4,3,1,0.7713683508336544,,446.9
4755,-2.3000000000000003,0,4,3,1,0.7713683508336544,,447.0
4756,-0.30000000000000004,0,4,3,1,0.7713683508336544,,447.1
4757,-4.300000000000001,0,4,3,1,0.7713683508336544,,447.2
4758,-5.6000000000000005,0,6,3,1,0.7713683508336544,,447.2
4759,-2.3000000000000003,0,4,3,1,0.7713683508336544,,447.3
4760,-4.300000000000001,0,4,3,1,0.7713683508336544,,447.4
4761,-4.300000000000001,0,4,3,1,0.7713683508336544,,447.4
4762,-4.300000000000001,0,4,3,1,0.7713683508336544,,447.5
4763,-2.3000000000000003,0,4,3,1,0.7713683508336544,,447.6
4764,-4.300000000000001,0,4,3,1,0.7713683508336544,,447.7
4765,-4.300000000000001,0,4,3,1,0.7713683508336544,,447.8
4766,-2.3000000000000003,0,4,3,1,0.7713683508336544,,447.8
4767,5.7,1,4,3,1,0.7713683508336544,,447.9
4768,-5.4,0,5,4,1,0.7713683508336544,,448.0
4769,-4.300000000000001,0,4,3,1,0.7713683508336544,,448.1
4770,-4.300000000000001,0,4,3,1,0.7713683508336544,,448.1
4771,-0.30000000000000004,0,4,3,1,0.7713683508336544,,448.2
4772,5.7,1,4,3,1,0.7713683508336544,,448.3
4773,5.7,1,4,3,1,0.7713683508336544,,448.3
4774,-4.300000000000001,0,4,3,1,0.7713683508336544,,448.4
4775,-4.300000000000001,0,4,3,1,0.7713683508336544,,448.5
4776,-4.300000000000001,0,4,3,1,0.7713683508336544,,448.6
4777,5.7,1,4,3,1,0.7713683508336544,,448.6
4778,-2.3000000000000003,0,4,3,1,0.7713683508336544,,448.7
4779,-4.300000000000001,0,4,3,1,0.7713683508336544,,448.8
4780,-4.300000000000001,0,4,3,1,0.7713683508336544,,448.9
4781,-4.300000000000001,0,4,3,1,0.7713683508336544,,449.0
4782,5.7,1,4,3,1,0.7713683508336544,,449.0
4783,-4.300000000000001,0,4,3,1,0.7713683508336544,,449.1
4784,5.7,1,4,3,1,0.7713683508336544,,449.2
4785,-0.30000000000000004,0,4,3,1,0.7713683508336544,,449.3
4786,-4.300000000000001,0,4,3,1,0.7713683508336544,,449.4
4787,-4.300000000000001,0,4,3,1,0.7713683508336544,,449.4
4788,-2.3000000000000003,0,4,3,1,0.7713683508336544,,449.5
4789,-4.300000000000001,0,4,3,1,0.7713683508336544,,449.6
4790,-4.300000000000001,0,4,3,1,0.7713683508336544,,449.7
4791,-4.300000000000001,0,4,3,1,0.7713683508336544,,449.7
4792,-0.30000000000000004,0,4,3,1,0.7713683508336544,,449.8
4793,-4.300000000000001,0,4,3,1,0.7713683508336544,,449.9
4794,-4.300000000000001,0,4,3,1,0.7713683508336544,,449.9
4795,5.7,1,4,3,1,0.7713683508336544,,450.0
4796,5.7,1,4,3,1,0.7713683508336544,,450.0
4797,-1.6,0,6,3,1,0.7713683508336544,,450.2
4798,5.7,1,4,3,1,0.7713683508336544,,450.2
4799,-4.300000000000001,0,4,3,1,0.7713683508336544,,450.3
4800,-4.300000000000001,0,4,3,1,0.7713683508336544,,450.4
4801,-2.3000000000000003,0,4,3,1,0.7713683508336544,,450.4
4802,5.7,1,4,3,1,0.7713683508336544,,450.5
4803,-2.3000000000000003,0,4,3,1,0.7713683508336544,,450.6
4804,5.7,1,4,3,1,0.7713683508336544,,450.6
4805,-4.300000000000001,0,4,3,1,0.7713683508336544,,450.7
4806,-0.30000000000000004,0,4,3,1,0.7713683508336544,,450.8
4807,-4.300000000000001,0,4,3,1,0.7713683508336544,,450.9
4808,-2.3000000000000003,0,4,3,1,0.7713683508336544,,451.0
4809,-4.300000000000001,0,4,3,1,0.7713683508336544,,451.0
4810,5.7,1,4,3,1,0.7713683508336544,,451.0
4811,-3.6000000000000005,0,6,3,1,0.7713683508336544,,451.1
4812,-4.300000000000001,0,4,3,1,0.7713683508336544,,451.2
4813,-2.3000000000000003,0,4,3,1,0.7713683508336544,,451.3
4814,-4.300000000000001,0,4,3,1,0.7713683508336544,,451.3
4815,-4.300000000000001,0,4,3,1,0.7713683508336544,,451.4
4816,-4.300000000000001,0,4,3,1,0.7713683508336544,,451.5
4817,-2.3000000000000003,0,4,3,1,0.7713683508336544,,451.6
4818,-4.300000000000001,0,4,3,1,0.7713683508336544,,451.6
4819,-2.3000000000000003,0,4,3,1,0.7713683508336544,,451.7
4820,-4.300000000000001,0,4,3,1,0.7713683508336544,,451.8
4821,-4.300000000000001,0,4,3,1,0.7713683508336544,,451.9
4822,-4.300000000000001,0,4,3,1,0.7713683508336544,,451.9
4823,-4.300000000000001,0,4,3,1,0.7713683508336544,,452.0
4824,-4.300000000000001,0,4,3,1,0.7713683508336544,,452.2
4825,-3.4000000000000004,0,5,4,1,0.7713683508336544,,452.2
4826,-4.300000000000001,0,4,3,1,0.7713683508336544,,452.3
4827,-5.4,0,5,4,1,0.7713683508336544,,452.4
4828,-4.300000000000001,0,4,3,1,0.7713683508336544,,452.4
4829,-2.3000000000000003,0,4,3,1,0.7713683508336544,,452.5
4830,-2.3000000000000003,0,4,3,1,0.7713683508336544,,452.6
4831,-4.300000000000001,0,4,3,1,0.7713683508336544,,452.7
4832,-4.300000000000001,0,4,3,1,0.7713683508336544,,452.7
4833,-4.300000000000001,0,4,3,1,0.7713683508336544,,452.8
4834,-4.300000000000001,0,4,3,1,0.7713683508336544,,452.9
4835,-4.300000000000001,0,4,3,1,0.7713683508336544,,452.9
4836,-2.3000000000000003,0,4,3,1,0.7713683508336544,,453.0
4837,-2.3000000000000003,0,4,3,1,0.7713683508336544,,453.1
4838,-5.6000000000000005,0,6,3,1,0.7713683508336544,,453.2
4839,-4.300000000000001,0,4,3,1,0.7713683508336544,,453.3
4840,5.7,1,4,3,1,0.7713683508336544,,453.4
4841,-0.30000000000000004,0,4,3,1,0.7713683508336544,,453.5
4842,-2.3000000000000003,0,4,3,1,0.7713683508336544,,453.5
4843,-2.3000000000000003,0,4,3,1,0.7713683508336544,,453.6
4844,-4.300000000000001,0,4,3,1,0.7713683508336544,,453.7
4845,-3.6000000000000005,0,6,3,1,0.7713683508336544,,453.8
4846,-4.300000000000001,0,4,3,1,0.7713683508336544,,453.9
4847,5.7,1,4,3,1,0.7713683508336544,,453.9
4848,-4.300000000000001,0,4,3,1,0.7713683508336544,,454.0
4849,-3.4000000000000004,0,5,4,1,0.7713683508336544,,454.0
4850,-4.300000000000001,0,4,3,1,0.7713683508336544,,454.1
4851,-5.6000000000000005,0,6,3,1,0.7713683508336544,,454.2
4852,-4.300000000000001,0,4,3,1,0.7713683508336544,,454.3
4853,-4.300000000000001,0,4,3,1,0.7713683508336544,,454.4
4854,5.7,1,4,3,1,0.7713683508336544,,454.4
4855,-4.300000000000001,0,4,3,1,0.7713683508336544,,454.5
4856,5.7,1,4,3,1,0.7713683508336544,,454.6
4857,-4.300000000000001,0,4,3,1,0.7713683508336544,,454.7
4858,-4.300000000000001,0,4,3,1,0.7713683508336544,,454.8
4859,-2.3000000000000003,0,4,3,1,0.7713683508336544,,454.8
4860,-4.300000000000001,0,4,3,1,0.7713683508336544,,454.9
4861,-4.300000000000001,0,4,3,1,0.7713683508336544,,455.0
4862,-4.300000000000001,0,4,3,1,0.7713683508336544,,455.1
4863,-2.3000000000000003,0,4,3,1,0.7713683508336544,,455.2
4864,-4.300000000000001,0,4,3,1,0.7713683508336544,,455.2
4865,-2.3000000000000003,0,4,3,1,0.7713683508336544,,455.3
4866,-4.300000000000001,0,4,3,1,0.7713683508336544,,455.4
4867,-4.300000000000001,0,4,3,1,0.7713683508336544,,455.5
4868,-4.300000000000001,0,4,3,1,0.7713683508336544,,455.5
4869,-4.300000000000001,0,4,3,1,0.7713683508336544,,455.6
4870,-4.300000000000001,0,4,3,1,0.7713683508336544,,455.7
4871,-0.30000000000000004,0,4,3,1,0.7713683508336544,,455.7
4872,-4.300000000000001,0,4,3,1,0.7713683508336544,,455.8
4873,-4.300000000000001,0,4,3,1,0.7713683508336544,,455.8
4874,-2.3000000000000003,0,4,3,1,0.7713683508336544,,455.9
4875,-4.300000000000001,0,4,3,1,0.7713683508336544,,456.0
4876,-4.300000000000001,0,4,3,1,0.7713683508336544,,456.0
4877,-4.300000000000001,0,4,3,1,0.7713683508336544,,456.1
4878,5.7,1,4,3,1,0.7713683508336544,,456.2
4879,-4.300000000000001,0,4,3,1,0.7713683508336544,,456.2
4880,-4.300000000000001,0,4,3,1,0.7713683508336544,,456.3
4881,-4.300000000000001,0,4,3,1,0.7713683508336544,,456.3
4882,-4.300000000000001,0,4,3,1,0.7713683508336544,,456.4
4883,-2.3000000000000003,0,4,3,1,0.7713683508336544,,456.5
4884,-4.300000000000001,0,4,3,1,0.7713683508336544,,456.6
4885,-4.300000000000001,0,4,3,1,0.7713683508336544,,456.6
4886,-4.300000000000001,0,4,3,1,0.7713683508336544,,456.7
4887,-4.300000000000001,0,4,3,1,0.7713683508336544,,456.7
4888,-2.3000000000000003,0,4,3,1,0.7713683508336544,,456.8
4889,-4.300000000000001,0,4,3,1,0.7713683508336544,,456.9
4890,-0.30000000000000004,0,4,3,1,0.7713683508336544,,456.9
4891,-2.3000000000000003,0,4,3,1,0.7713683508336544,,457.0
4892,-4.300000000000001,0,4,3,1,0.7713683508336544,,457.0
4893,-5.4,0,5,4,1,0.7713683508336544,,457.1
4894,-2.6,0,6,3,1,0.7713683508336544,,457.2
4895,-4.300000000000001,0,4,3,1,0.7713683508336544,,457.2
4896,-2.3000000000000003,0,4,3,1,0.7713683508336544,,457.3
4897,-4.6,0,6,3,1,0.7713683508336544,,457.4
4898,-4.300000000000001,0,4,3,1,0.7713683508336544,,457.5
4899,-4.300000000000001,0,4,3,1,0.7713683508336544,,457.6
4900,-4.300000000000001,0,4,3,1,0.7713683508336544,,457.6
4901,-4.300000000000001,0,4,3,1,0.7713683508336544,,457.7
4902,-2.3000000000000003,0,4,3,1,0.7713683508336544,,457.8
4903,-4.300000000000001,0,4,3,1,0.7713683508336544,,457.8
4904,-4.300000000000001,0,4,3,1,0.7713683508336544,,457.9
4905,5.7,1,4,3,1,0.7713683508336544,,458.0
4906,-4.300000000000001,0,4,3,1,0.7713683508336544,,458.1
4907,-5.4,0,5,4,1,0.7713683508336544,,458.2
4908,-4.300000000000001,0,4,3,1,0.7713683508336544,,458.2
4909,-4.300000000000001,0,4,3,1,0.7713683508336544,,458.3
4910,-4.300000000000001,0,4,3,1,0.7713683508336544,,458.4
4911,-4.300000000000001,0,4,3,1,0.7713683508336544,,458.5
4912,5.7,1,4,3,1,0.7713683508336544,,458.5
4913,-4.300000000000001,0,4,3,1,0.7713683508336544,,458.6
4914,-2.3000000000000003,0,4,3,1,0.7713683508336544,,458.7
4915,-2.3000000000000003,0,4,3,1,0.7713683508336544,,458.7
4916,5.7,1,4,3,1,0.7713683508336544,,458.8
4917,-4.300000000000001,0,4,3,1,0.7713683508336544,,458.9
4918,-4.300000000000001,0,4,3,1,0.7713683508336544,,458.9
4919,-4.300000000000001,0,4,3,1,0.7713683508336544,,459.0
4920,-2.3000000000000003,0,4,3,1,0.7713683508336544,,459.0
4921,-4.300000000000001,0,4,3,1,0.7713683508336544,,459.1
4922,-4.300000000000001,0,4,3,1,0.7713683508336544,,459.2
4923,-4.300000000000001,0,4,3,1,0.7713683508336544,,459.3
4924,-0.30000000000000004,0,4,3,1,0.7713683508336544,,459.3
4925,5.7,1,4,3,1,0.7713683508336544,,459.4
4926,5.7,1,4,3,1,0.7713683508336544,,459.5
4927,-4.300000000000001,0,4,3,1,0.7713683508336544,,459.6
4928,5.7,1,4,3,1,0.7713683508336544,,459.6
4929,-2.3000000000000003,0,4,3,1,0.7713683508336544,,459.7
4930,-4.300000000000001,0,4,3,1,0.7713683508336544,,459.8
4931,-4.300000000000001,0,4,3,1,0.7713683508336544,,459.8
4932,-4.300000000000001,0,4,3,1,0.7713683508336544,,459.9
4933,-0.30000000000000004,0,4,3,1,0.7713683508336544,,460.0
4934,-4.300000000000001,0,4,3,1,0.7713683508336544,,460.0
4935,-4.300000000000001,0,4,3,1,0.7713683508336544,,460.1
4936,5.7,1,4,3,1,0.7713683508336544,,460.1
4937,-4.300000000000001,0,4,3,1,0.7713683508336544,,460.2
4938,-0.30000000000000004,0,4,3,1,0.7713683508336544,,460.3
4939,-2.3000000000000003,0,4,3,1,0.7713683508336544,,460.4
4940,-2.3000000000000003,0,4,3,1,0.7713683508336544,,460.5
4941,-4.300000000000001,0,4,3,1,0.7713683508336544,,460.6
4942,-4.6000000000000005,0,6,3,1,0.7713683508336544,,460.7
4943,-4.300000000000001,0,4,3,1,0.7713683508336544,,460.7
4944,-4.300000000000001,0,4,3,1,0.7713683508336544,,460.8
4945,-4.300000000000001,0,4,3,1,0.7713683508336544,,460.8
4946,-4.300000000000001,0,4,3,1,0.7713683508336544,,460.9
4947,-4.300000000000001,0,4,3,1,0.7713683508336544,,461.0
4948,-0.30000000000000004,0,4,3,1,0.7713683508336544,,461.0
4949,5.7,1,4,3,1,0.7713683508336544,,461.1
4950,-0.30000000000000004,0,4,3,1,0.7713683508336544,,461.2
4951,-4.300000000000001,0,4,3,1,0.7713683508336544,,461.3
4952,-4.300000000000001,0,4,3,1,0.7713683508336544,,461.4
4953,-6.700000000000001,0,7,4,1,0.7713683508336544,,461.5
4954,5.7,1,4,3,1,0.7713683508336544,,461.5
4955,5.7,1,4,3,1,0.7713683508336544,,461.6
4956,-4.300000000000001,0,4,3,1,0.7713683508336544,,461.6
4957,-0.30000000000000004,0,4,3,1,0.7713683508336544,,461.7
4958,-4.300000000000001,0,4,3,1,0.7713683508336544,,461.7
4959,-4.300000000000001,0,4,3,1,0.7713683508336544,,461.8
4960,-0.30000000000000004,0,4,3,1,0.7713683508336544,,461.9
4961,-4.300000000000001,0,4,3,1,0.7713683508336544,,462.0
4962,-2.3000000000000003,0,4,3,1,0.7713683508336544,,462.1
4963,-4.300000000000001,0,4,3,1,0.7713683508336544,,462.2
4964,-2.3000000000000003,0,4,3,1,0.7713683508336544,,462.2
4965,-2.3000000000000003,0,4,3,1,0.7713683508336544,,462.3
4966,-4.300000000000001,0,4,3,1,0.7713683508336544,,462.4
4967,5.7,1,4,3,1,0.7713683508336544,,462.4
4968,-4.300000000000001,0,4,3,1,0.7713683508336544,,462.5
4969,-2.3000000000000003,0,4,3,1,0.7713683508336544,,462.6
4970,-4.300000000000001,0,4,3,1,0.7713683508336544,,462.7
4971,-5.4,0,5,4,1,0.7713683508336544,,462.7
4972,5.7,1,4,3,1,0.7713683508336544,,462.8
4973,-4.300000000000001,0,4,3,1,0.7713683508336544,,462.8
4974,-4.300000000000001,0,4,3,1,0.7713683508336544,,462.9
4975,-2.3000000000000003,0,4,3,1,0.7713683508336544,,462.9
4976,-4.300000000000001,0,4,3,1,0.7713683508336544,,463.0
4977,-4.300000000000001,0,4,3,1,0.7713683508336544,,463.1
4978,-4.6,0,6,3,1,0.7713683508336544,,463.1
4979,-4.300000000000001,0,4,3,1,0.7713683508336544,,463.2
4980,-4.300000000000001,0,4,3,1,0.7713683508336544,,463.3
4981,-4.300000000000001,0,4,3,1,0.7713683508336544,,463.4
4982,-4.300000000000001,0,4,3,1,0.7713683508336544,,463.5
4983,-4.300000000000001,0,4,3,1,0.7713683508336544,,463.5
4984,-4.300000000000001,0,4,3,1,0.7713683508336544,,463.6
4985,-4.300000000000001,0,4,3,1,0.7713683508336544,,463.7
4986,-4.300000000000001,0,4,3,1,0.7713683508336544,,463.8
4987,-4.300000000000001,0,4,3,1,0.7713683508336544,,463.9
4988,-0.30000000000000004,0,4,3,1,0.7713683508336544,,464.0
4989,-4.300000000000001,0,4,3,1,0.7713683508336544,,464.1
4990,5.7,1,4,3,1,0.7713683508336544,,464.1
4991,-0.30000000000000004,0,4,3,1,0.7713683508336544,,464.2
4992,-4.300000000000001,0,4,3,1,0.7713683508336544,,464.3
4993,5.7,1,4,3,1,0.7713683508336544,,464.4
4994,-0.30000000000000004,0,4,3,1,0.7713683508336544,,464.5
4995,-0.30000000000000004,0,4,3,1,0.7713683508336544,,464.5
4996,-4.6,0,6,3,1,0.7713683508336544,,464.6
4997,-4.300000000000001,0,4,3,1,0.7713683508336544,,464.7
4998,-4.300000000000001,0,4,3,1,0.7713683508336544,,464.8
4999,-4.300000000000001,0,4,3,1,0.7713683508336544,,464.8
5000,-2.3000000000000003,0,4,3,1,0.7713683508336544,,464.9
5001,-4.300000000000001,0,4,3,1,0.7713683508336544,,470.1
5002,-4.300000000000001,0,4,3,1,0.7713683508336544,,470.1
5003,-4.300000000000001,0,4,3,1,0.7713683508336544,,470.2
5004,-4.300000000000001,0,4,3,1,0.7713683508336544,,470.2
5005,-4.300000000000001,0,4,3,1,0.7713683508336544,,470.3
5006,-4.300000000000001,0,4,3,1,0.7713683508336544,,470.4
5007,-0.30000000000000004,0,4,3,1,0.7713683508336544,,470.5
5008,-3.6000000000000005,0,6,3,1,0.7713683508336544,,470.6
5009,5.7,1,4,3,1,0.7713683508336544,,470.6
5010,-4.300000000000001,0,4,3,1,0.7713683508336544,,470.7
5011,-4.300000000000001,0,4,3,1,0.7713683508336544,,470.7
5012,-4.300000000000001,0,4,3,1,0.7713683508336544,,470.8
5013,-0.30000000000000004,0,4,3,1,0.7713683508336544,,470.9
5014,-1.6,0,6,3,1,0.7713683508336544,,470.9
5015,-4.300000000000001,0,4,3,1,0.7713683508336544,,471.0
5016,-4.300000000000001,0,4,3,1,0.7713683508336544,,471.1
5017,-4.300000000000001,0,4,3,1,0.7713683508336544,,471.1
5018,-4.300000000000001,0,4,3,1,0.7713683508336544,,471.2
5019,-4.300000000000001,0,4,3,1,0.7713683508336544,,471.3
5020,-4.300000000000001,0,4,3,1,0.7713683508336544,,471.4
5021,-4.300000000000001,0,4,3,1,0.7713683508336544,,471.5
5022,-4.6000000000000005,0,6,3,1,0.7713683508336544,,471.6
5023,-4.300000000000001,0,4,3,1,0.7713683508336544,,471.6
5024,-4.300000000000001,0,4,3,1,0.7713683508336544,,471.7
5025,-2.3000000000000003,0,4,3,1,0.7713683508336544,,471.8
5026,-4.300000000000001,0,4,3,1,0.66523915133439,1.6826436358969659,472.5
5027,-4.300000000000001,0,4,3,1,0.66523915133439,,472.6
5028,-2.3000000000000003,0,4,3,1,0.66523915133439,,472.7
5029,5.7,1,4,3,1,0.66523915133439,,472.8
5030,-2.3000000000000003,0,4,3,1,0.66523915133439,,472.8
5031,-4.300000000000001,0,4,3,1,0.66523915133439,,472.9
5032,-4.300000000000001,0,4,3,1,0.66523915133439,,473.0
5033,-4.300000000000001,0,4,3,1,0.66523915133439,,473.1
5034,-4.300000000000001,0,4,3,1,0.66523915133439,,473.1
5035,-4.300000000000001,0,4,3,1,0.66523915133439,,473.2
5036,-4.300000000000001,0,4,3,1,0.66523915133439,,473.3
5037,5.7,1,4,3,1,0.66523915133439,,473.3
5038,-4.300000000000001,0,4,3,1,0.66523915133439,,473.4
5039,-2.3000000000000003,0,4,3,1,0.66523915133439,,473.5
5040,-4.300000000000001,0,4,3,1,0.66523915133439,,473.5
5041,-4.300000000000001,0,4,3,1,0.66523915133439,,473.6
5042,-4.300000000000001,0,4,3,1,0.66523915133439,,473.7
5043,-4.300000000000001,0,4,3,1,0.66523915133439,,473.8
5044,-4.300000000000001,0,4,3,1,0.66523915133439,,473.8
5045,-4.300000000000001,0,4,3,1,0.66523915133439,,473.9
5046,-4.300000000000001,0,4,3,1,0.66523915133439,,473.9
5047,-5.6000000000000005,0,6,3,1,0.66523915133439,,474.0
5048,-2.3000000000000003,0,4,3,1,0.66523915133439,,474.1
5049,-4.300000000000001,0,4,3,1,0.66523915133439,,474.1
5050,-4.300000000000001,0,4,3,1,0.66523915133439,,474.2
5051,-4.300000000000001,0,4,3,1,0.66523915133439,,474.3
5052,-4.300000000000001,0,4,3,1,0.66523915133439,,474.4
5053,-2.3000000000000003,0,4,3,1,0.66523915133439,,474.4
5054,5.7,1,4,3,1,0.66523915133439,,474.5
5055,-4.300000000000001,0,4,3,1,0.66523915133439,,474.6
5056,-4.300000000000001,0,4,3,1,0.66523915133439,,474.6
5057,-2.3000000000000003,0,4,3,1,0.66523915133439,,474.7
5058,-4.300000000000001,0,4,3,1,0.66523915133439,,474.8
5059,-2.3000000000000003,0,4,3,1,0.66523915133439,,474.9
5060,-4.300000000000001,0,4,3,1,0.66523915133439,,474.9
5061,-2.3000000000000003,0,4,3,1,0.66523915133439,,475.0
5062,-2.3000000000000003,0,4,3,1,0.66523915133439,,475.0
5063,-4.300000000000001,0,4,3,1,0.66523915133439,,475.1
5064,4.4,1,6,3,1,0.66523915133439,,475.2
5065,-0.30000000000000004,0,4,3,1,0.66523915133439,,475.2
5066,-0.30000000000000004,0,4,3,1,0.66523915133439,,475.3
5067,-4.300000000000001,0,4,3,1,0.66523915133439,,475.4
5068,-4.6,0,6,3,1,0.66523915133439,,475.5
5069,-4.300000000000001,0,4,3,1,0.66523915133439,,475.6
5070,-4.300000000000001,0,4,3,1,0.66523915133439,,475.6
5071,-4.300000000000001,0,4,3,1,0.66523915133439,,475.7
5072,-4.300000000000001,0,4,3,1,0.66523915133439,,475.8
5073,-4.300000000000001,0,4,3,1,0.66523915133439,,475.8
5074,-0.6000000000000001,0,6,3,1,0.66523915133439,,475.9
5075,-4.300000000000001,0,4,3,1,0.66523915133439,,476.0
5076,-4.300000000000001,0,4,3,1,0.66523915133439,,476.0
5077,-4.300000000000001,0,4,3,1,0.66523915133439,,476.1
5078,-4.300000000000001,0,4,3,1,0.66523915133439,,476.2
5079,-0.30000000000000004,0,4,3,1,0.66523915133439,,476.2
5080,-0.30000000000000004,0,4,3,1,0.66523915133439,,476.2
5081,-4.300000000000001,0,4,3,1,0.66523915133439,,476.3
5082,-4.300000000000001,0,4,3,1,0.66523915133439,,476.3
5083,-0.30000000000000004,0,4,3,1,0.66523915133439,,476.4
5084,-2.3000000000000003,0,4,3,1,0.66523915133439,,476.5
5085,-4.300000000000001,0,4,3,1,0.66523915133439,,476.5
5086,-4.300000000000001,0,4,3,1,0.66523915133439,,476.6
5087,-4.300000000000001,0,4,3,1,0.66523915133439,,476.7
5088,-0.30000000000000004,0,4,3,1,0.66523915133439,,476.7
5089,-4.300000000000001,0,4,3,1,0.66523915133439,,476.8
5090,-4.300000000000001,0,4,3,1,0.66523915133439,,476.8
5091,-4.300000000000001,0,4,3,1,0.66523915133439,,476.9
5092,-4.300000000000001,0,4,3,1,0.66523915133439,,477.0
5093,-0.30000000000000004,0,4,3,1,0.66523915133439,,477.0
5094,-0.30000000000000004,0,4,3,1,0.66523915133439,,477.1
5095,-4.300000000000001,0,4,3,1,0.66523915133439,,477.1
5096,-4.300000000000001,0,4,3,1,0.66523915133439,,477.2
5097,-2.3000000000000003,0,4,3,1,0.66523915133439,,477.2
5098,-4.300000000000001,0,4,3,1,0.66523915133439,,477.3
5099,-4.300000000000001,0,4,3,1,0.66523915133439,,477.3
5100,-4.300000000000001,0,4,3,1,0.66523915133439,,477.4
5101,-4.300000000000001,0,4,3,1,0.66523915133439,,477.5
5102,-0.30000000000000004,0,4,3,1,0.66523915133439,,477.6
5103,5.7,1,4,3,1,0.66523915133439,,477.7
5104,5.7,1,4,3,1,0.66523915133439,,477.7
5105,5.7,1,4,3,1,0.66523915133439,,477.8
5106,5.7,1,4,3,1,0.66523915133439,,477.8
5107,-0.30000000000000004,0,4,3,1,0.66523915133439,,477.9
5108,-2.3000000000000003,0,4,3,1,0.66523915133439,,478.0
5109,5.7,1,4,3,1,0.66523915133439,,478.0
5110,5.7,1,4,3,1,0.66523915133439,,478.1
5111,-4.300000000000001,0,4,3,1,0.66523915133439,,478.2
5112,5.7,1,4,3,1,0.66523915133439,,478.2
5113,-2.3000000000000003,0,4,3,1,0.66523915133439,,478.3
5114,-4.300000000000001,0,4,3,1,0.66523915133439,,478.4
5115,-4.300000000000001,0,4,3,1,0.66523915133439,,478.5
5116,5.7,1,4,3,1,0.66523915133439,,478.5
5117,-4.300000000000001,0,4,3,1,0.66523915133439,,478.6
5118,-0.30000000000000004,0,4,3,1,0.66523915133439,,478.8
5119,-0.30000000000000004,0,4,3,1,0.66523915133439,,478.8
5120,-4.300000000000001,0,4,3,1,0.66523915133439,,478.9
5121,5.7,1,4,3,1,0.66523915133439,,479.0
5122,-4.300000000000001,0,4,3,1,0.66523915133439,,479.0
5123,-2.3000000000000003,0,4,3,1,0.66523915133439,,479.1
5124,-4.300000000000001,0,4,3,1,0.66523915133439,,479.2
5125,-4.300000000000001,0,4,3,1,0.66523915133439,,479.2
5126,-4.300000000000001,0,4,3,1,0.66523915133439,,479.3
5127,-2.6,0,6,3,1,0.66523915133439,,479.4
5128,-4.300000000000001,0,4,3,1,0.66523915133439,,479.4
5129,-4.300000000000001,0,4,3,1,0.66523915133439,,479.5
5130,-4.300000000000001,0,4,3,1,0.66523915133439,,479.6
5131,5.7,1,4,3,1,0.66523915133439,,479.7
5132,-4.300000000000001,0,4,3,1,0.66523915133439,,479.7
5133,-4.300000000000001,0,4,3,1,0.66523915133439,,479.8
5134,-4.300000000000001,0,4,3,1,0.66523915133439,,479.9
5135,-2.3000000000000003,0,4,3,1,0.66523915133439,,480.0
5136,-2.3000000000000003,0,4,3,1,0.66523915133439,,480.1
5137,-2.3000000000000003,0,4,3,1,0.66523915133439,,480.2
5138,-4.300000000000001,0,4,3,1,0.66523915133439,,480.2
5139,-2.3000000000000003,0,4,3,1,0.66523915133439,,480.3
5140,-4.300000000000001,0,4,3,1,0.66523915133439,,480.4
5141,-4.300000000000001,0,4,3,1,0.66523915133439,,480.5
5142,-4.300000000000001,0,4,3,1,0.66523915133439,,480.6
5143,-2.3000000000000003,0,4,3,1,0.66523915133439,,480.6
5144,-2.3000000000000003,0,4,3,1,0.66523915133439,,480.7
5145,-4.300000000000001,0,4,3,1,0.66523915133439,,480.8
5146,-4.300000000000001,0,4,3,1,0.66523915133439,,480.8
5147,-4.300000000000001,0,4,3,1,0.66523915133439,,480.9
5148,-2.3000000000000003,0,4,3,1,0.66523915133439,,481.0
5149,-4.300000000000001,0,4,3,1,0.66523915133439,,481.0
5150,-0.30000000000000004,0,4,3,1,0.66523915133439,,481.1
5151,-0.30000000000000004,0,4,3,1,0.66523915133439,,481.1
5152,-0.30000000000000004,0,4,3,1,0.66523915133439,,481.2
5153,-0.30000000000000004,0,4,3,1,0.66523915133439,,481.3
5154,-4.300000000000001,0,4,3,1,0.66523915133439,,481.3
5155,5.7,1,4,3,1,0.66523915133439,,481.4
5156,-4.300000000000001,0,4,3,1,0.66523915133439,,481.4
5157,-2.3000000000000003,0,4,3,1,0.66523915133439,,481.5
5158,5.7,1,4,3,1,0.66523915133439,,481.6
5159,-0.30000000000000004,0,4,3,1,0.66523915133439,,481.6
5160,-4.300000000000001,0,4,3,1,0.66523915133439,,481.7
5161,-5.4,0,5,4,1,0.66523915133439,,481.8
5162,-4.300000000000001,0,4,3,1,0.66523915133439,,481.9
5163,0.6000000000000001,0,5,4,1,0.66523915133439,,481.9
5164,-0.30000000000000004,0,4,3,1,0.66523915133439,,482.0
5165,-4.300000000000001,0,4,3,1,0.66523915133439,,482.1
5166,-4.300000000000001,0,4,3,1,0.66523915133439,,482.1
5167,-4.300000000000001,0,4,3,1,0.66523915133439,,482.2
5168,5.7,1,4,3,1,0.66523915133439,,482.3
5169,-2.3000000000000003,0,4,3,1,0.66523915133439,,482.4
5170,-4.300000000000001,0,4,3,1,0.66523915133439,,482.4
5171,-0.30000000000000004,0,4,3,1,0.66523915133439,,482.5
5172,-2.3000000000000003,0,4,3,1,0.66523915133439,,482.6
5173,-0.30000000000000004,0,4,3,1,0.66523915133439,,482.7
5174,-4.300000000000001,0,4,3,1,0.66523915133439,,482.7
5175,-4.300000000000001,0,4,3,1,0.66523915133439,,482.8
5176,-2.3000000000000003,0,4,3,1,0.66523915133439,,482.8
5177,-4.300000000000001,0,4,3,1,0.66523915133439,,482.9
5178,-4.300000000000001,0,4,3,1,0.66523915133439,,483.0
5179,-4.300000000000001,0,4,3,1,0.66523915133439,,483.0
5180,-4.300000000000001,0,4,3,1,0.66523915133439,,483.1
5181,-4.300000000000001,0,4,3,1,0.66523915133439,,483.1
5182,-4.300000000000001,0,4,3,1,0.66523915133439,,483.2
5183,-4.300000000000001,0,4,3,1,0.66523915133439,,483.3
5184,5.7,1,4,3,1,0.66523915133439,,483.4
5185,-4.300000000000001,0,4,3,1,0.66523915133439,,483.4
5186,-2.3000000000000003,0,4,3,1,0.66523915133439,,483.5
5187,5.7,1,4,3,1,0.66523915133439,,483.6
5188,-2.3000000000000003,0,4,3,1,0.66523915133439,,483.6
5189,-4.300000000000001,0,4,3,1,0.66523915133439,,483.7
5190,-4.300000000000001,0,4,3,1,0.66523915133439,,483.8
5191,-4.300000000000001,0,4,3,1,0.66523915133439,,483.9
5192,-4.300000000000001,0,4,3,1,0.66523915133439,,483.9
5193,-4.300000000000001,0,4,3,1,0.66523915133439,,483.9
5194,-2.3000000000000003,0,4,3,1,0.66523915133439,,484.0
5195,-0.30000000000000004,0,4,3,1,0.66523915133439,,484.1
5196,-2.3000000000000003,0,4,3,1,0.66523915133439,,484.1
5197,-4.300000000000001,0,4,3,1,0.66523915133439,,484.2
5198,-4.300000000000001,0,4,3,1,0.66523915133439,,484.2
5199,-4.300000000000001,0,4,3,1,0.66523915133439,,484.3
5200,-2.6,0,6,3,1,0.66523915133439,,484.4
5201,-4.300000000000001,0,4,3,1,0.66523915133439,,484.5
5202,-2.3000000000000003,0,4,3,1,0.66523915133439,,484.5
5203,5.7,1,4,3,1,0.66523915133439,,484.6
5204,-4.300000000000001,0,4,3,1,0.66523915133439,,484.7
5205,-4.300000000000001,0,4,3,1,0.66523915133439,,484.8
5206,-2.3000000000000003,0,4,3,1,0.66523915133439,,484.9
5207,-1.6,0,6,3,1,0.66523915133439,,484.9
5208,-4.7,0,7,4,1,0.66523915133439,,485.0
5209,-2.3000000000000003,0,4,3,1,0.66523915133439,,485.1
5210,-2.3000000000000003,0,4,3,1,0.66523915133439,,485.2
5211,-2.3000000000000003,0,4,3,1,0.66523915133439,,485.3
5212,-4.300000000000001,0,4,3,1,0.66523915133439,,485.4
5213,-4.300000000000001,0,4,3,1,0.66523915133439,,485.5
5214,-4.300000000000001,0,4,3,1,0.66523915133439,,485.6
5215,-2.3000000000000003,0,4,3,1,0.66523915133439,,485.7
5216,-2.3000000000000003,0,4,3,1,0.66523915133439,,485.8
5217,-2.3000000000000003,0,4,3,1,0.66523915133439,,485.8
5218,-4.300000000000001,0,4,3,1,0.66523915133439,,485.9
5219,-2.3000000000000003,0,4,3,1,0.66523915133439,,486.0
5220,-4.300000000000001,0,4,3,1,0.66523915133439,,486.0
5221,5.7,1,4,3,1,0.66523915133439,,486.1
5222,-4.300000000000001,0,4,3,1,0.66523915133439,,486.2
5223,-4.300000000000001,0,4,3,1,0.66523915133439,,486.2
5224,-4.300000000000001,0,4,3,1,0.66523915133439,,486.3
5225,-2.3000000000000003,0,4,3,1,0.66523915133439,,486.3
5226,-4.300000000000001,0,4,3,1,0.66523915133439,,486.4
5227,-2.3000000000000003,0,4,3,1,0.66523915133439,,486.4
5228,-2.3000000000000003,0,4,3,1,0.66523915133439,,486.5
5229,-4.300000000000001,0,4,3,1,0.66523915133439,,486.6
5230,-5.6000000000000005,0,6,3,1,0.66523915133439,,486.6
5231,5.7,1,4,3,1,0.66523915133439,,486.7
5232,-4.300000000000001,0,4,3,1,0.66523915133439,,486.8
5233,-4.300000000000001,0,4,3,1,0.66523915133439,,486.9
5234,-0.30000000000000004,0,4,3,1,0.66523915133439,,487.0
5235,-2.3000000000000003,0,4,3,1,0.66523915133439,,487.1
5236,4.1,1,8,3,1,0.66523915133439,,487.1
5237,-4.300000000000001,0,4,3,1,0.66523915133439,,487.2
5238,-4.300000000000001,0,4,3,1,0.66523915133439,,487.3
5239,-4.300000000000001,0,4,3,1,0.66523915133439,,487.4
5240,-4.300000000000001,0,4,3,1,0.66523915133439,,487.4
5241,5.7,1,4,3,1,0.66523915133439,,487.4
5242,-0.30000000000000004,0,4,3,1,0.66523915133439,,487.5
5243,-4.300000000000001,0,4,3,1,0.66523915133439,,487.6
5244,5.7,1,4,3,1,0.66523915133439,,487.6
5245,-4.300000000000001,0,4,3,1,0.66523915133439,,487.6
5246,-4.300000000000001,0,4,3,1,0.66523915133439,,487.7
5247,-4.300000000000001,0,4,3,1,0.66523915133439,,487.8
5248,-4.300000000000001,0,4,3,1,0.66523915133439,,487.9
5249,-2.3000000000000003,0,4,3,1,0.66523915133439,,488.0
5250,5.7,1,4,3,1,0.66523915133439,,488.1
5251,-4.300000000000001,0,4,3,1,0.66523915133439,,488.2
5252,-0.30000000000000004,0,4,3,1,0.66523915133439,,488.2
5253,-4.300000000000001,0,4,3,1,0.66523915133439,,488.4
5254,5.7,1,4,3,1,0.66523915133439,,488.4
5255,-4.300000000000001,0,4,3,1,0.66523915133439,,488.4
5256,-4.300000000000001,0,4,3,1,0.66523915133439,,488.5
5257,-4.300000000000001,0,4,3,1,0.66523915133439,,488.6
5258,-4.300000000000001,0,4,3,1,0.66523915133439,,488.7
5259,-2.3000000000000003,0,4,3,1,0.66523915133439,,488.7
5260,-4.300000000000001,0,4,3,1,0.66523915133439,,488.8
5261,-4.300000000000001,0,4,3,1,0.66523915133439,,488.9
5262,5.7,1,4,3,1,0.66523915133439,,489.0
5263,-4.300000000000001,0,4,3,1,0.66523915133439,,489.0
5264,-4.300000000000001,0,4,3,1,0.66523915133439,,489.1
5265,-2.3000000000000003,0,4,3,1,0.66523915133439,,489.2
5266,-4.300000000000001,0,4,3,1,0.66523915133439,,489.3
5267,-4.300000000000001,0,4,3,1,0.66523915133439,,489.4
5268,5.7,1,4,3,1,0.66523915133439,,489.4
5269,-4.300000000000001,0,4,3,1,0.66523915133439,,489.5
5270,-5.6000000000000005,0,6,3,1,0.66523915133439,,489.6
5271,-2.3000000000000003,0,4,3,1,0.66523915133439,,489.6
5272,-4.300000000000001,0,4,3,1,0.66523915133439,,489.7
5273,5.7,1,4,3,1,0.66523915133439,,489.8
5274,-4.300000000000001,0,4,3,1,0.66523915133439,,489.9
5275,-4.6000000000000005,0,6,3,1,0.66523915133439,,489.9
5276,-4.300000000000001,0,4,3,1,0.66523915133439,,490.0
5277,-4.300000000000001,0,4,3,1,0.66523915133439,,490.1
5278,-4.300000000000001,0,4,3,1,0.66523915133439,,490.1
5279,-4.300000000000001,0,4,3,1,0.66523915133439,,490.2
5280,-4.300000000000001,0,4,3,1,0.66523915133439,,490.3
5281,-2.3000000000000003,0,4,3,1,0.66523915133439,,490.3
5282,5.7,1,4,3,1,0.66523915133439,,490.4
5283,-0.30000000000000004,0,4,3,1,0.66523915133439,,490.5
5284,-2.3000000000000003,0,4,3,1,0.66523915133439,,490.6
5285,-4.300000000000001,0,4,3,1,0.66523915133439,,490.6
5286,-2.3000000000000003,0,4,3,1,0.66523915133439,,490.7
5287,-4.300000000000001,0,4,3,1,0.66523915133439,,490.8
5288,-0.30000000000000004,0,4,3,1,0.66523915133439,,490.9
5289,-4.300000000000001,0,4,3,1,0.66523915133439,,491.0
5290,-2.3000000000000003,0,4,3,1,0.66523915133439,,491.0
5291,-4.300000000000001,0,4,3,1,0.66523915133439,,491.1
5292,-4.300000000000001,0,4,3,1,0.66523915133439,,491.2
5293,-4.300000000000001,0,4,3,1,0.66523915133439,,491.3
5294,5.7,1,4,3,1,0.66523915133439,,491.4
5295,-4.300000000000001,0,4,3,1,0.66523915133439,,491.4
5296,-2.3000000000000003,0,4,3,1,0.66523915133439,,491.5
5297,-2.3000000000000003,0,4,3,1,0.66523915133439,,491.6
5298,-4.300000000000001,0,4,3,1,0.66523915133439,,491.6
5299,-4.300000000000001,0,4,3,1,0.66523915133439,,491.7
5300,-4.300000000000001,0,4,3,1,0.66523915133439,,491.8
5301,5.7,1,4,3,1,0.66523915133439,,491.8
5302,-2.3000000000000003,0,4,3,1,0.66523915133439,,491.9
5303,-2.3000000000000003,0,4,3,1,0.66523915133439,,491.9
5304,-4.300000000000001,0,4,3,1,0.66523915133439,,492.0
5305,5.7,1,4,3,1,0.66523915133439,,492.1
5306,-4.300000000000001,0,4,3,1,0.66523915133439,,492.2
5307,-4.6000000000000005,0,6,3,1,0.66523915133439,,492.3
5308,-4.300000000000001,0,4,3,1,0.66523915133439,,492.3
5309,-4.6000000000000005,0,6,3,1,0.66523915133439,,492.4
5310,-4.300000000000001,0,4,3,1,0.66523915133439,,492.5
5311,-4.300000000000001,0,4,3,1,0.66523915133439,,492.6
5312,-2.3000000000000003,0,4,3,1,0.66523915133439,,492.6
5313,-0.30000000000000004,0,4,3,1,0.66523915133439,,492.7
5314,-0.30000000000000004,0,4,3,1,0.66523915133439,,492.8
5315,-4.300000000000001,0,4,3,1,0.66523915133439,,492.8
5316,-4.300000000000001,0,4,3,1,0.66523915133439,,492.9
5317,-4.300000000000001,0,4,3,1,0.66523915133439,,493.0
5318,-4.300000000000001,0,4,3,1,0.66523915133439,,493.1
5319,-3.4000000000000004,0,5,4,1,0.66523915133439,,493.2
5320,-4.300000000000001,0,4,3,1,0.66523915133439,,493.3
5321,-4.300000000000001,0,4,3,1,0.66523915133439,,493.3
5322,-4.300000000000001,0,4,3,1,0.66523915133439,,493.4
5323,5.7,1,4,3,1,0.66523915133439,,493.5
5324,-4.300000000000001,0,4,3,1,0.66523915133439,,493.5
5325,5.7,1,4,3,1,0.66523915133439,,493.6
5326,5.7,1,4,3,1,0.66523915133439,,493.7
5327,-4.300000000000001,0,4,3,1,0.66523915133439,,493.8
5328,-4.300000000000001,0,4,3,1,0.66523915133439,,493.9
5329,5.7,1,4,3,1,0.66523915133439,,493.9
5330,-2.3000000000000003,0,4,3,1,0.66523915133439,,494.0
5331,-4.300000000000001,0,4,3,1,0.66523915133439,,494.0
5332,-4.300000000000001,0,4,3,1,0.66523915133439,,494.1
5333,-2.3000000000000003,0,4,3,1,0.66523915133439,,494.2
5334,-5.6000000000000005,0,6,3,1,0.66523915133439,,494.3
5335,-0.30000000000000004,0,4,3,1,0.66523915133439,,494.4
5336,-2.3000000000000003,0,4,3,1,0.66523915133439,,494.4
5337,-2.3000000000000003,0,4,3,1,0.66523915133439,,494.5
5338,-2.3000000000000003,0,4,3,1,0.66523915133439,,494.6
5339,-0.30000000000000004,0,4,3,1,0.66523915133439,,494.6
5340,-2.3000000000000003,0,4,3,1,0.66523915133439,,494.7
5341,-4.300000000000001,0,4,3,1,0.66523915133439,,494.8
5342,-4.300000000000001,0,4,3,1,0.66523915133439,,494.8
5343,-4.300000000000001,0,4,3,1,0.66523915133439,,494.9
5344,-0.30000000000000004,0,4,3,1,0.66523915133439,,495.0
5345,-4.300000000000001,0,4,3,1,0.66523915133439,,495.0
5346,-4.300000000000001,0,4,3,1,0.66523915133439,,495.1
5347,-4.300000000000001,0,4,3,1,0.66523915133439,,495.2
5348,-4.300000000000001,0,4,3,1,0.66523915133439,,495.2
5349,-4.300000000000001,0,4,3,1,0.66523915133439,,495.3
5350,5.7,1,4,3,1,0.66523915133439,,495.3
5351,-2.3000000000000003,0,4,3,1,0.66523915133439,,495.4
5352,-4.300000000000001,0,4,3,1,0.66523915133439,,495.5
5353,5.7,1,4,3,1,0.66523915133439,,495.5
5354,-2.3000000000000003,0,4,3,1,0.66523915133439,,495.6
5355,-4.300000000000001,0,4,3,1,0.66523915133439,,495.7
5356,-4.300000000000001,0,4,3,1,0.66523915133439,,495.8
5357,-4.300000000000001,0,4,3,1,0.66523915133439,,495.8
5358,-2.3000000000000003,0,4,3,1,0.66523915133439,,495.9
5359,-4.300000000000001,0,4,3,1,0.66523915133439,,496.0
5360,-2.3000000000000003,0,4,3,1,0.66523915133439,,496.0
5361,-2.3000000000000003,0,4,3,1,0.66523915133439,,496.1
5362,-2.3000000000000003,0,4,3,1,0.66523915133439,,496.2
5363,-0.30000000000000004,0,4,3,1,0.66523915133439,,496.2
5364,-4.300000000000001,0,4,3,1,0.66523915133439,,496.3
5365,-2.3000000000000003,0,4,3,1,0.66523915133439,,496.4
5366,-0.30000000000000004,0,4,3,1,0.66523915133439,,496.4
5367,-4.300000000000001,0,4,3,1,0.66523915133439,,496.5
5368,-4.300000000000001,0,4,3,1,0.66523915133439,,496.6
5369,5.7,1,4,3,1,0.66523915133439,,496.7
5370,-4.300000000000001,0,4,3,1,0.66523915133439,,496.7
5371,-4.300000000000001,0,4,3,1,0.66523915133439,,496.8
5372,5.7,1,4,3,1,0.66523915133439,,496.9
5373,-2.3000000000000003,0,4,3,1,0.66523915133439,,497.0
5374,-4.300000000000001,0,4,3,1,0.66523915133439,,497.0
5375,-4.300000000000001,0,4,3,1,0.66523915133439,,497.1
5376,-4.300000000000001,0,4,3,1,0.66523915133439,,497.2
5377,-4.300000000000001,0,4,3,1,0.66523915133439,,497.3
5378,-4.300000000000001,0,4,3,1,0.66523915133439,,497.3
5379,-4.300000000000001,0,4,3,1,0.66523915133439,,497.4
5380,-4.300000000000001,0,4,3,1,0.66523915133439,,497.4
5381,5.7,1,4,3,1,0.66523915133439,,497.5
5382,-2.6,0,6,3,1,0.66523915133439,,497.6
5383,-0.30000000000000004,0,4,3,1,0.66523915133439,,497.6
5384,-4.300000000000001,0,4,3,1,0.66523915133439,,497.6
5385,-0.30000000000000004,0,4,3,1,0.66523915133439,,497.7
5386,-0.30000000000000004,0,4,3,1,0.66523915133439,,497.8
5387,-4.300000000000001,0,4,3,1,0.66523915133439,,497.9
5388,-4.300000000000001,0,4,3,1,0.66523915133439,,497.9
5389,-4.300000000000001,0,4,3,1,0.66523915133439,,498.0
5390,-4.300000000000001,0,4,3,1,0.66523915133439,,498.1
5391,5.7,1,4,3,1,0.66523915133439,,498.2
5392,-4.300000000000001,0,4,3,1,0.66523915133439,,498.2
5393,5.7,1,4,3,1,0.66523915133439,,498.2
5394,-4.300000000000001,0,4,3,1,0.66523915133439,,498.3
5395,-4.300000000000001,0,4,3,1,0.66523915133439,,498.5
5396,-4.6,0,6,3,1,0.66523915133439,,498.5
5397,-4.300000000000001,0,4,3,1,0.66523915133439,,498.6
5398,5.7,1,4,3,1,0.66523915133439,,498.6
5399,-0.30000000000000004,0,4,3,1,0.66523915133439,,498.6
5400,-2.3000000000000003,0,4,3,1,0.66523915133439,,498.7
5401,-4.300000000000001,0,4,3,1,0.66523915133439,,498.8
5402,-0.30000000000000004,0,4,3,1,0.66523915133439,,498.8
5403,-0.30000000000000004,0,4,3,1,0.66523915133439,,498.9
5404,-2.3000000000000003,0,4,3,1,0.66523915133439,,499.0
5405,-0.30000000000000004,0,4,3,1,0.66523915133439,,499.0
5406,-1.4000000000000001,0,5,4,1,0.66523915133439,,499.0
5407,-2.3000000000000003,0,4,3,1,0.66523915133439,,499.1
5408,-4.300000000000001,0,4,3,1,0.66523915133439,,499.2
5409,-0.30000000000000004,0,4,3,1,0.66523915133439,,499.2
5410,-0.30000000000000004,0,4,3,1,0.66523915133439,,499.3
5411,-4.300000000000001,0,4,3,1,0.66523915133439,,499.4
5412,-4.300000000000001,0,4,3,1,0.66523915133439,,499.4
5413,-4.300000000000001,0,4,3,1,0.66523915133439,,499.5
5414,-4.300000000000001,0,4,3,1,0.66523915133439,,499.6
5415,-4.300000000000001,0,4,3,1,0.66523915133439,,499.7
5416,-4.300000000000001,0,4,3,1,0.66523915133439,,499.7
5417,-4.300000000000001,0,4,3,1,0.66523915133439,,499.8
5418,-2.3000000000000003,0,4,3,1,0.66523915133439,,499.9
5419,-4.300000000000001,0,4,3,1,0.66523915133439,,499.9
5420,-4.300000000000001,0,4,3,1,0.66523915133439,,500.1
5421,-4.300000000000001,0,4,3,1,0.66523915133439,,500.1
5422,-4.300000000000001,0,4,3,1,0.66523915133439,,500.2
5423,-4.300000000000001,0,4,3,1,0.66523915133439,,500.3
5424,-4.300000000000001,0,4,3,1,0.66523915133439,,500.3
5425,-4.300000000000001,0,4,3,1,0.66523915133439,,500.4
5426,-4.300000000000001,0,4,3,1,0.66523915133439,,500.5
5427,-4.300000000000001,0,4,3,1,0.66523915133439,,500.6
5428,-4.300000000000001,0,4,3,1,0.66523915133439,,500.6
5429,-2.3000000000000003,0,4,3,1,0.66523915133439,,500.7
5430,-2.3000000000000003,0,4,3,1,0.66523915133439,,500.7
5431,-4.300000000000001,0,4,3,1,0.66523915133439,,500.8
5432,5.7,1,4,3,1,0.66523915133439,,500.9
5433,-4.300000000000001,0,4,3,1,0.66523915133439,,501.0
5434,-0.30000000000000004,0,4,3,1,0.66523915133439,,501.0
5435,-4.300000000000001,0,4,3,1,0.66523915133439,,501.1
5436,-2.3000000000000003,0,4,3,1,0.66523915133439,,501.2
5437,-2.3000000000000003,0,4,3,1,0.66523915133439,,501.3
5438,-4.300000000000001,0,4,3,1,0.66523915133439,,501.4
5439,-4.300000000000001,0,4,3,1,0.66523915133439,,501.5
5440,-5.6000000000000005,0,6,3,1,0.66523915133439,,501.6
5441,-4.300000000000001,0,4,3,1,0.66523915133439,,501.7
5442,-4.300000000000001,0,4,3,1,0.66523915133439,,501.7
5443,-4.300000000000001,0,4,3,1,0.66523915133439,,501.8
5444,-4.300000000000001,0,4,3,1,0.66523915133439,,501.9
5445,-4.300000000000001,0,4,3,1,0.66523915133439,,501.9
5446,-4.300000000000001,0,4,3,1,0.66523915133439,,502.0
5447,-4.300000000000001,0,4,3,1,0.66523915133439,,502.1
5448,-2.3000000000000003,0,4,3,1,0.66523915133439,,502.1
5449,-4.300000000000001,0,4,3,1,0.66523915133439,,502.2
5450,-2.3000000000000003,0,4,3,1,0.66523915133439,,502.3
5451,-4.300000000000001,0,4,3,1,0.66523915133439,,502.4
5452,-2.3000000000000003,0,4,3,1,0.66523915133439,,502.5
5453,-4.300000000000001,0,4,3,1,0.66523915133439,,502.5
5454,-4.300000000000001,0,4,3,1,0.66523915133439,,502.6
5455,-4.300000000000001,0,4,3,1,0.66523915133439,,502.8
5456,-2.3000000000000003,0,4,3,1,0.66523915133439,,502.8
5457,-4.300000000000001,0,4,3,1,0.66523915133439,,502.9
5458,-0.30000000000000004,0,4,3,1,0.66523915133439,,502.9
5459,-2.3000000000000003,0,4,3,1,0.66523915133439,,503.0
5460,-4.300000000000001,0,4,3,1,0.66523915133439,,503.1
5461,-0.30000000000000004,0,4,3,1,0.66523915133439,,503.1
5462,-2.3000000000000003,0,4,3,1,0.66523915133439,,503.2
5463,-0.30000000000000004,0,4,3,1,0.66523915133439,,503.2
5464,-2.3000000000000003,0,4,3,1,0.66523915133439,,503.4
5465,-0.30000000000000004,0,4,3,1,0.66523915133439,,503.4
5466,-4.300000000000001,0,4,3,1,0.66523915133439,,503.4
5467,-4.300000000000001,0,4,3,1,0.66523915133439,,503.5
5468,-2.3000000000000003,0,4,3,1,0.66523915133439,,503.6
5469,-4.6,0,6,3,1,0.66523915133439,,503.7
5470,-4.6000000000000005,0,6,3,1,0.66523915133439,,503.7
5471,-4.300000000000001,0,4,3,1,0.66523915133439,,503.8
5472,-4.300000000000001,0,4,3,1,0.66523915133439,,503.9
5473,-4.300000000000001,0,4,3,1,0.66523915133439,,504.0
5474,-4.300000000000001,0,4,3,1,0.66523915133439,,504.0
5475,-4.300000000000001,0,4,3,1,0.66523915133439,,504.1
5476,-4.300000000000001,0,4,3,1,0.66523915133439,,504.2
5477,-4.300000000000001,0,4,3,1,0.66523915133439,,504.3
5478,-2.3000000000000003,0,4,3,1,0.66523915133439,,504.3
5479,-4.300000000000001,0,4,3,1,0.66523915133439,,504.4
5480,-1.6,0,6,3,1,0.66523915133439,,504.5
5481,-2.3000000000000003,0,4,3,1,0.66523915133439,,504.6
5482,-4.300000000000001,0,4,3,1,0.66523915133439,,504.6
5483,-4.300000000000001,0,4,3,1,0.66523915133439,,504.7
5484,-0.30000000000000004,0,4,3,1,0.66523915133439,,504.8
5485,-4.300000000000001,0,4,3,1,0.66523915133439,,504.9
5486,5.7,1,4,3,1,0.66523915133439,,504.9
5487,-2.3000000000000003,0,4,3,1,0.66523915133439,,505.0
5488,-4.300000000000001,0,4,3,1,0.66523915133439,,505.1
5489,-4.300000000000001,0,4,3,1,0.66523915133439,,505.2
5490,-4.6000000000000005,0,6,3,1,0.66523915133439,,505.2
5491,5.7,1,4,3,1,0.66523915133439,,505.3
5492,-4.300000000000001,0,4,3,1,0.66523915133439,,505.4
5493,-0.6000000000000001,0,6,3,1,0.66523915133439,,505.5
5494,-4.300000000000001,0,4,3,1,0.66523915133439,,505.5
5495,5.7,1,4,3,1,0.66523915133439,,505.6
5496,-4.300000000000001,0,4,3,1,0.66523915133439,,505.6
5497,5.7,1,4,3,1,0.66523915133439,,505.7
5498,-2.3000000000000003,0,4,3,1,0.66523915133439,,505.7
5499,-4.300000000000001,0,4,3,1,0.66523915133439,,505.8
5500,-4.300000000000001,0,4,3,1,0.66523915133439,,505.8
5501,-0.30000000000000004,0,4,3,1,0.66523915133439,,511.0
5502,-4.300000000000001,0,4,3,1,0.66523915133439,,511.1
5503,5.7,1,4,3,1,0.66523915133439,,511.1
5504,-4.300000000000001,0,4,3,1,0.66523915133439,,511.2
5505,-2.3000000000000003,0,4,3,1,0.66523915133439,,511.2
5506,-4.300000000000001,0,4,3,1,0.66523915133439,,511.3
5507,-2.3000000000000003,0,4,3,1,0.66523915133439,,511.3
5508,-2.6,0,6,3,1,0.66523915133439,,511.4
5509,-4.300000000000001,0,4,3,1,0.66523915133439,,511.5
5510,-4.300000000000001,0,4,3,1,0.66523915133439,,511.5
5511,-4.300000000000001,0,4,3,1,0.66523915133439,,511.6
5512,-4.300000000000001,0,4,3,1,0.66523915133439,,511.6
5513,-4.300000000000001,0,4,3,1,0.66523915133439,,511.7
5514,-0.30000000000000004,0,4,3,1,0.66523915133439,,511.8
5515,-4.300000000000001,0,4,3,1,0.66523915133439,,511.8
5516,5.7,1,4,3,1,0.66523915133439,,511.9
5517,-4.300000000000001,0,4,3,1,0.66523915133439,,512.0
5518,-4.300000000000001,0,4,3,1,0.66523915133439,,512.1
5519,-4.300000000000001,0,4,3,1,0.66523915133439,,512.2
5520,-4.300000000000001,0,4,3,1,0.66523915133439,,512.3
5521,-4.300000000000001,0,4,3,1,0.66523915133439,,512.3
5522,-0.30000000000000004,0,4,3,1,0.66523915133439,,512.4
5523,-6.199999999999999,0,10,3,1,0.6382874411065131,1.5910248262807727,513.2
5524,-2.6,0,6,3,1,0.6382874411065131,,513.3
5525,-0.30000000000000004,0,4,3,1,0.6382874411065131,,513.4
5526,-4.300000000000001,0,4,3,1,0.6382874411065131,,513.4
5527,-2.3000000000000003,0,4,3,1,0.6382874411065131,,513.5
5528,-2.3000000000000003,0,4,3,1,0.6382874411065131,,513.5
5529,-4.300000000000001,0,4,3,1,0.6382874411065131,,513.6
5530,-4.300000000000001,0,4,3,1,0.6382874411065131,,513.7
5531,-0.30000000000000004,0,4,3,1,0.6382874411065131,,513.8
5532,-0.30000000000000004,0,4,3,1,0.6382874411065131,,513.8
5533,-4.300000000000001,0,4,3,1,0.6382874411065131,,513.9
5534,-2.3000000000000003,0,4,3,1,0.6382874411065131,,513.9
5535,-2.3000000000000003,0,4,3,1,0.6382874411065131,,513.9
5536,-4.300000000000001,0,4,3,1,0.6382874411065131,,514.0
5537,-4.300000000000001,0,4,3,1,0.6382874411065131,,514.1
5538,5.7,1,4,3,1,0.6382874411065131,,514.2
5539,-4.300000000000001,0,4,3,1,0.6382874411065131,,514.3
5540,5.7,1,4,3,1,0.6382874411065131,,514.3
5541,-2.3000000000000003,0,4,3,1,0.6382874411065131,,514.4
5542,-4.300000000000001,0,4,3,1,0.6382874411065131,,514.5
5543,-5.4,0,5,4,1,0.6382874411065131,,514.6
5544,-0.30000000000000004,0,4,3,1,0.6382874411065131,,514.6
5545,-4.300000000000001,0,4,3,1,0.6382874411065131,,514.6
5546,-4.300000000000001,0,4,3,1,0.6382874411065131,,514.7
5547,-4.300000000000001,0,4,3,1,0.6382874411065131,,514.8
5548,-4.300000000000001,0,4,3,1,0.6382874411065131,,514.8
5549,-2.3000000000000003,0,4,3,1,0.6382874411065131,,514.9
5550,-4.300000000000001,0,4,3,1,0.6382874411065131,,515.0
5551,-1.6,0,6,3,1,0.6382874411065131,,515.1
5552,-4.300000000000001,0,4,3,1,0.6382874411065131,,515.2
5553,-4.300000000000001,0,4,3,1,0.6382874411065131,,515.3
5554,-4.300000000000001,0,4,3,1,0.6382874411065131,,515.3
5555,-4.300000000000001,0,4,3,1,0.6382874411065131,,515.3
5556,-0.30000000000000004,0,4,3,1,0.6382874411065131,,515.4
5557,-5.6000000000000005,0,6,3,1,0.6382874411065131,,515.5
5558,-4.300000000000001,0,4,3,1,0.6382874411065131,,515.5
5559,-0.30000000000000004,0,4,3,1,0.6382874411065131,,515.6
5560,-2.3000000000000003,0,4,3,1,0.6382874411065131,,515.7
5561,-4.300000000000001,0,4,3,1,0.6382874411065131,,515.7
5562,-4.300000000000001,0,4,3,1,0.6382874411065131,,515.8
5563,-2.3000000000000003,0,4,3,1,0.6382874411065131,,515.9
5564,-0.30000000000000004,0,4,3,1,0.6382874411065131,,515.9
5565,-4.300000000000001,0,4,3,1,0.6382874411065131,,516.0
5566,-4.300000000000001,0,4,3,1,0.6382874411065131,,516.0
5567,-4.300000000000001,0,4,3,1,0.6382874411065131,,516.1
5568,-4.300000000000001,0,4,3,1,0.6382874411065131,,516.2
5569,-4.300000000000001,0,4,3,1,0.6382874411065131,,516.3
5570,5.4,1,6,3,1,0.6382874411065131,,516.3
5571,-4.300000000000001,0,4,3,1,0.6382874411065131,,516.4
5572,-4.300000000000001,0,4,3,1,0.6382874411065131,,516.4
5573,-2.3000000000000003,0,4,3,1,0.6382874411065131,,516.5
5574,5.7,1,4,3,1,0.6382874411065131,,516.6
5575,-4.300000000000001,0,4,3,1,0.6382874411065131,,516.6
5576,-4.300000000000001,0,4,3,1,0.6382874411065131,,516.7
5577,-4.300000000000001,0,4,3,1,0.6382874411065131,,516.8
5578,-2.3000000000000003,0,4,3,1,0.6382874411065131,,516.9
5579,-4.300000000000001,0,4,3,1,0.6382874411065131,,516.9
5580,5.7,1,4,3,1,0.6382874411065131,,516.9
5581,-4.300000000000001,0,4,3,1,0.6382874411065131,,517.0
5582,-2.3000000000000003,0,4,3,1,0.6382874411065131,,517.1
5583,-4.300000000000001,0,4,3,1,0.6382874411065131,,517.1
5584,-4.300000000000001,0,4,3,1,0.6382874411065131,,517.2
5585,-4.300000000000001,0,4,3,1,0.6382874411065131,,517.2
5586,-4.300000000000001,0,4,3,1,0.6382874411065131,,517.3
5587,-4.300000000000001,0,4,3,1,0.6382874411065131,,517.4
5588,-0.6000000000000001,0,6,3,1,0.6382874411065131,,517.5
5589,-4.300000000000001,0,4,3,1,0.6382874411065131,,517.6
5590,-2.3000000000000003,0,4,3,1,0.6382874411065131,,517.6
5591,-3.6000000000000005,0,6,3,1,0.6382874411065131,,517.7
5592,-5.6000000000000005,0,6,3,1,0.6382874411065131,,517.7
5593,-4.300000000000001,0,4,3,1,0.6382874411065131,,517.8
5594,-2.3000000000000003,0,4,3,1,0.6382874411065131,,517.9
5595,-4.300000000000001,0,4,3,1,0.6382874411065131,,518.0
5596,-2.3000000000000003,0,4,3,1,0.6382874411065131,,518.1
5597,-4.300000000000001,0,4,3,1,0.6382874411065131,,518.1
5598,-4.300000000000001,0,4,3,1,0.6382874411065131,,518.2
5599,-4.300000000000001,0,4,3,1,0.6382874411065131,,518.2
5600,-4.300000000000001,0,4,3,1,0.6382874411065131,,518.3
5601,5.7,1,4,3,1,0.6382874411065131,,518.4
5602,-2.3000000000000003,0,4,3,1,0.6382874411065131,,518.5
5603,-0.30000000000000004,0,4,3,1,0.6382874411065131,,518.5
5604,-4.300000000000001,0,4,3,1,0.6382874411065131,,518.6
5605,5.7,1,4,3,1,0.6382874411065131,,518.7
5606,-4.300000000000001,0,4,3,1,0.6382874411065131,,518.8
5607,-2.3000000000000003,0,4,3,1,0.6382874411065131,,518.8
5608,-4.300000000000001,0,4,3,1,0.6382874411065131,,518.9
5609,-4.300000000000001,0,4,3,1,0.6382874411065131,,519.0
5610,-4.300000000000001,0,4,3,1,0.6382874411065131,,519.1
5611,5.7,1,4,3,1,0.6382874411065131,,519.1
5612,-4.300000000000001,0,4,3,1,0.6382874411065131,,519.3
5613,-0.30000000000000004,0,4,3,1,0.6382874411065131,,519.3
5614,-2.3000000000000003,0,4,3,1,0.6382874411065131,,519.4
5615,-4.300000000000001,0,4,3,1,0.6382874411065131,,519.5
5616,-4.300000000000001,0,4,3,1,0.6382874411065131,,519.6
5617,-2.3000000000000003,0,4,3,1,0.6382874411065131,,519.6
5618,-2.3000000000000003,0,4,3,1,0.6382874411065131,,519.7
5619,-4.300000000000001,0,4,3,1,0.6382874411065131,,519.8
5620,5.7,1,4,3,1,0.6382874411065131,,519.9
5621,-4.300000000000001,0,4,3,1,0.6382874411065131,,520.0
5622,5.7,1,4,3,1,0.6382874411065131,,520.0
5623,-0.30000000000000004,0,4,3,1,0.6382874411065131,,520.1
5624,-2.3000000000000003,0,4,3,1,0.6382874411065131,,520.2
5625,-4.300000000000001,0,4,3,1,0.6382874411065131,,520.2
5626,-0.30000000000000004,0,4,3,1,0.6382874411065131,,520.3
5627,5.7,1,4,3,1,0.6382874411065131,,520.4
5628,-0.30000000000000004,0,4,3,1,0.6382874411065131,,520.4
5629,-4.300000000000001,0,4,3,1,0.6382874411065131,,520.5
5630,-4.300000000000001,0,4,3,1,0.6382874411065131,,520.5
5631,-0.30000000000000004,0,4,3,1,0.6382874411065131,,520.6
5632,-4.300000000000001,0,4,3,1,0.6382874411065131,,520.6
5633,-4.300000000000001,0,4,3,1,0.6382874411065131,,520.7
5634,-4.300000000000001,0,4,3,1,0.6382874411065131,,520.8
5635,-4.300000000000001,0,4,3,1,0.6382874411065131,,520.8
5636,-4.300000000000001,0,4,3,1,0.6382874411065131,,520.9
5637,5.7,1,4,3,1,0.6382874411065131,,520.9
5638,-4.300000000000001,0,4,3,1,0.6382874411065131,,521.0
5639,-4.300000000000001,0,4,3,1,0.6382874411065131,,521.0
5640,-4.300000000000001,0,4,3,1,0.6382874411065131,,521.1
5641,-0.30000000000000004,0,4,3,1,0.6382874411065131,,521.2
5642,-4.300000000000001,0,4,3,1,0.6382874411065131,,521.2
5643,-4.300000000000001,0,4,3,1,0.6382874411065131,,521.3
5644,-4.300000000000001,0,4,3,1,0.6382874411065131,,521.4
5645,-4.300000000000001,0,4,3,1,0.6382874411065131,,521.4
5646,-4.300000000000001,0,4,3,1,0.6382874411065131,,521.5
5647,-0.30000000000000004,0,4,3,1,0.6382874411065131,,521.5
5648,-4.300000000000001,0,4,3,1,0.6382874411065131,,521.6
5649,-2.3000000000000003,0,4,3,1,0.6382874411065131,,521.7
5650,5.7,1,4,3,1,0.6382874411065131,,521.8
5651,-5.6000000000000005,0,6,3,1,0.6382874411065131,,521.8
5652,-2.3000000000000003,0,4,3,1,0.6382874411065131,,521.9
5653,-4.300000000000001,0,4,3,1,0.6382874411065131,,521.9
5654,-4.300000000000001,0,4,3,1,0.6382874411065131,,522.0
5655,-4.300000000000001,0,4,3,1,0.6382874411065131,,522.1
5656,-2.3000000000000003,0,4,3,1,0.6382874411065131,,522.1
5657,-2.3000000000000003,0,4,3,1,0.6382874411065131,,522.2
5658,-0.30000000000000004,0,4,3,1,0.6382874411065131,,522.3
5659,-0.30000000000000004,0,4,3,1,0.6382874411065131,,522.3
5660,-2.3000000000000003,0,4,3,1,0.6382874411065131,,522.4
5661,-5.6000000000000005,0,6,3,1,0.6382874411065131,,522.4
5662,-0.30000000000000004,0,4,3,1,0.6382874411065131,,522.5
5663,-4.300000000000001,0,4,3,1,0.6382874411065131,,522.6
5664,-4.300000000000001,0,4,3,1,0.6382874411065131,,522.6
5665,-4.300000000000001,0,4,3,1,0.6382874411065131,,522.8
5666,-0.30000000000000004,0,4,3,1,0.6382874411065131,,522.8
5667,-4.300000000000001,0,4,3,1,0.6382874411065131,,522.9
5668,-4.300000000000001,0,4,3,1,0.6382874411065131,,523.0
5669,-4.300000000000001,0,4,3,1,0.6382874411065131,,523.0
5670,-4.300000000000001,0,4,3,1,0.6382874411065131,,523.1
5671,-4.300000000000001,0,4,3,1,0.6382874411065131,,523.1
5672,-4.300000000000001,0,4,3,1,0.6382874411065131,,523.3
5673,-4.300000000000001,0,4,3,1,0.6382874411065131,,523.3
5674,-4.300000000000001,0,4,3,1,0.6382874411065131,,523.3
5675,-2.3000000000000003,0,4,3,1,0.6382874411065131,,523.4
5676,-2.3000000000000003,0,4,3,1,0.6382874411065131,,523.4
5677,-0.30000000000000004,0,4,3,1,0.6382874411065131,,523.5
5678,5.7,1,4,3,1,0.6382874411065131,,523.6
5679,-4.300000000000001,0,4,3,1,0.6382874411065131,,523.6
5680,-2.3000000000000003,0,4,3,1,0.6382874411065131,,523.7
5681,-4.300000000000001,0,4,3,1,0.6382874411065131,,523.8
5682,-4.300000000000001,0,4,3,1,0.6382874411065131,,523.9
5683,-4.300000000000001,0,4,3,1,0.6382874411065131,,524.0
5684,-4.300000000000001,0,4,3,1,0.6382874411065131,,524.0
5685,-0.30000000000000004,0,4,3,1,0.6382874411065131,,524.1
5686,-4.300000000000001,0,4,3,1,0.6382874411065131,,524.2
5687,-4.300000000000001,0,4,3,1,0.6382874411065131,,524.3
5688,-4.300000000000001,0,4,3,1,0.6382874411065131,,524.4
5689,-4.300000000000001,0,4,3,1,0.6382874411065131,,524.5
5690,-4.300000000000001,0,4,3,1,0.6382874411065131,,524.5
5691,-4.300000000000001,0,4,3,1,0.6382874411065131,,524.6
5692,5.7,1,4,3,1,0.6382874411065131,,524.6
5693,-4.300000000000001,0,4,3,1,0.6382874411065131,,524.6
5694,-2.3000000000000003,0,4,3,1,0.6382874411065131,,524.7
5695,-4.300000000000001,0,4,3,1,0.6382874411065131,,524.8
5696,-4.300000000000001,0,4,3,1,0.6382874411065131,,524.9
5697,-4.300000000000001,0,4,3,1,0.6382874411065131,,524.9
5698,-0.30000000000000004,0,4,3,1,0.6382874411065131,,524.9
5699,-4.300000000000001,0,4,3,1,0.6382874411065131,,525.1
5700,-2.3000000000000003,0,4,3,1,0.6382874411065131,,525.1
5701,-4.300000000000001,0,4,3,1,0.6382874411065131,,525.2
5702,-4.300000000000001,0,4,3,1,0.6382874411065131,,525.3
5703,5.7,1,4,3,1,0.6382874411065131,,525.4
5704,-4.300000000000001,0,4,3,1,0.6382874411065131,,525.4
5705,-4.300000000000001,0,4,3,1,0.6382874411065131,,525.5
5706,5.7,1,4,3,1,0.6382874411065131,,525.6
5707,5.7,1,4,3,1,0.6382874411065131,,525.7
5708,-4.300000000000001,0,4,3,1,0.6382874411065131,,525.7
5709,-4.300000000000001,0,4,3,1,0.6382874411065131,,525.8
5710,-4.300000000000001,0,4,3,1,0.6382874411065131,,525.9
5711,-4.300000000000001,0,4,3,1,0.6382874411065131,,526.0
5712,-4.300000000000001,0,4,3,1,0.6382874411065131,,526.1
5713,-2.3000000000000003,0,4,3,1,0.6382874411065131,,526.2
5714,-0.30000000000000004,0,4,3,1,0.6382874411065131,,526.2
5715,-4.300000000000001,0,4,3,1,0.6382874411065131,,526.3
5716,-4.300000000000001,0,4,3,1,0.6382874411065131,,526.3
5717,-4.300000000000001,0,4,3,1,0.6382874411065131,,526.4
5718,-4.300000000000001,0,4,3,1,0.6382874411065131,,526.4
5719,-2.3000000000000003,0,4,3,1,0.6382874411065131,,526.5
5720,-4.300000000000001,0,4,3,1,0.6382874411065131,,526.5
5721,-4.300000000000001,0,4,3,1,0.6382874411065131,,526.6
5722,-2.3000000000000003,0,4,3,1,0.6382874411065131,,526.7
5723,5.7,1,4,3,1,0.6382874411065131,,526.8
5724,-0.30000000000000004,0,4,3,1,0.6382874411065131,,526.8
5725,-4.300000000000001,0,4,3,1,0.6382874411065131,,526.9
5726,-4.300000000000001,0,4,3,1,0.6382874411065131,,527.0
5727,5.7,1,4,3,1,0.6382874411065131,,527.1
5728,-4.300000000000001,0,4,3,1,0.6382874411065131,,527.1
5729,5.7,1,4,3,1,0.6382874411065131,,527.2
5730,-4.300000000000001,0,4,3,1,0.6382874411065131,,527.3
5731,-4.300000000000001,0,4,3,1,0.6382874411065131,,527.3
5732,-4.300000000000001,0,4,3,1,0.6382874411065131,,527.4
5733,-4.300000000000001,0,4,3,1,0.6382874411065131,,527.5
5734,-4.300000000000001,0,4,3,1,0.6382874411065131,,527.6
5735,-4.300000000000001,0,4,3,1,0.6382874411065131,,527.6
5736,-2.3000000000000003,0,4,3,1,0.6382874411065131,,527.7
5737,-2.3000000000000003,0,4,3,1,0.6382874411065131,,527.8
5738,-4.300000000000001,0,4,3,1,0.6382874411065131,,527.8
5739,-4.300000000000001,0,4,3,1,0.6382874411065131,,527.9
5740,-4.300000000000001,0,4,3,1,0.6382874411065131,,528.0
5741,-0.30000000000000004,0,4,3,1,0.6382874411065131,,528.1
5742,-4.300000000000001,0,4,3,1,0.6382874411065131,,528.2
5743,-0.30000000000000004,0,4,3,1,0.6382874411065131,,528.2
5744,-4.300000000000001,0,4,3,1,0.6382874411065131,,528.3
5745,-4.300000000000001,0,4,3,1,0.6382874411065131,,528.4
5746,-4.300000000000001,0,4,3,1,0.6382874411065131,,528.5
5747,-2.3000000000000003,0,4,3,1,0.6382874411065131,,528.6
5748,-4.300000000000001,0,4,3,1,0.6382874411065131,,528.7
5749,-2.3000000000000003,0,4,3,1,0.6382874411065131,,528.7
5750,-4.300000000000001,0,4,3,1,0.6382874411065131,,528.8
5751,-2.3000000000000003,0,4,3,1,0.6382874411065131,,528.8
5752,-0.30000000000000004,0,4,3,1,0.6382874411065131,,528.9
5753,-4.300000000000001,0,4,3,1,0.6382874411065131,,529.0
5754,-4.300000000000001,0,4,3,1,0.6382874411065131,,529.0
5755,-4.300000000000001,0,4,3,1,0.6382874411065131,,529.1
5756,-2.3000000000000003,0,4,3,1,0.6382874411065131,,529.1
5757,-0.30000000000000004,0,4,3,1,0.6382874411065131,,529.2
5758,-4.300000000000001,0,4,3,1,0.6382874411065131,,529.2
5759,-4.300000000000001,0,4,3,1,0.6382874411065131,,529.3
5760,-2.6,0,6,3,1,0.6382874411065131,,529.4
5761,5.7,1,4,3,1,0.6382874411065131,,529.4
5762,5.7,1,4,3,1,0.6382874411065131,,529.5
5763,-2.3000000000000003,0,4,3,1,0.6382874411065131,,529.6
5764,-4.300000000000001,0,4,3,1,0.6382874411065131,,529.6
5765,-4.6000000000000005,0,6,3,1,0.6382874411065131,,529.7
5766,-4.300000000000001,0,4,3,1,0.6382874411065131,,529.8
5767,-4.300000000000001,0,4,3,1,0.6382874411065131,,529.8
5768,-4.300000000000001,0,4,3,1,0.6382874411065131,,529.9
5769,-4.300000000000001,0,4,3,1,0.6382874411065131,,530.0
5770,-0.30000000000000004,0,4,3,1,0.6382874411065131,,530.1
5771,-2.6,0,6,3,1,0.6382874411065131,,530.2
5772,-2.3000000000000003,0,4,3,1,0.6382874411065131,,530.2
5773,-4.300000000000001,0,4,3,1,0.6382874411065131,,530.3
5774,-0.30000000000000004,0,4,3,1,0.6382874411065131,,530.3
5775,-4.300000000000001,0,4,3,1,0.6382874411065131,,530.4
5776,-3.2,0,10,3,1,0.6382874411065131,,530.5
5777,-2.3000000000000003,0,4,3,1,0.6382874411065131,,530.6
5778,-4.300000000000001,0,4,3,1,0.6382874411065131,,530.6
5779,-4.300000000000001,0,4,3,1,0.6382874411065131,,530.7
5780,-4.300000000000001,0,4,3,1,0.6382874411065131,,530.7
5781,-1.6,0,6,3,1,0.6382874411065131,,530.9
5782,-2.3000000000000003,0,4,3,1,0.6382874411065131,,530.9
5783,-4.300000000000001,0,4,3,1,0.6382874411065131,,531.0
5784,-0.30000000000000004,0,4,3,1,0.6382874411065131,,531.0
5785,-4.300000000000001,0,4,3,1,0.6382874411065131,,531.0
5786,-4.6,0,6,3,1,0.6382874411065131,,531.1
5787,-2.3000000000000003,0,4,3,1,0.6382874411065131,,531.1
5788,5.7,1,4,3,1,0.6382874411065131,,531.2
5789,-4.300000000000001,0,4,3,1,0.6382874411065131,,531.3
5790,-4.300000000000001,0,4,3,1,0.6382874411065131,,531.4
5791,-4.300000000000001,0,4,3,1,0.6382874411065131,,531.4
5792,-4.300000000000001,0,4,3,1,0.6382874411065131,,531.5
5793,-2.3000000000000003,0,4,3,1,0.6382874411065131,,531.6
5794,-2.6,0,6,3,1,0.6382874411065131,,531.7
5795,-2.3000000000000003,0,4,3,1,0.6382874411065131,,531.8
5796,5.7,1,4,3,1,0.6382874411065131,,531.9
5797,-5.4,0,5,4,1,0.6382874411065131,,532.0
5798,-2.3000000000000003,0,4,3,1,0.6382874411065131,,532.1
5799,-1.6,0,6,3,1,0.6382874411065131,,532.2
5800,-4.300000000000001,0,4,3,1,0.6382874411065131,,532.2
5801,-4.300000000000001,0,4,3,1,0.6382874411065131,,532.3
5802,-4.300000000000001,0,4,3,1,0.6382874411065131,,532.4
5803,-4.300000000000001,0,4,3,1,0.6382874411065131,,532.5
5804,-4.300000000000001,0,4,3,1,0.6382874411065131,,532.6
5805,-4.300000000000001,0,4,3,1,0.6382874411065131,,532.6
5806,-4.300000000000001,0,4,3,1,0.6382874411065131,,532.7
5807,-4.300000000000001,0,4,3,1,0.6382874411065131,,532.7
5808,-4.300000000000001,0,4,3,1,0.6382874411065131,,532.8
5809,-4.300000000000001,0,4,3,1,0.6382874411065131,,532.9
5810,-4.300000000000001,0,4,3,1,0.6382874411065131,,533.0
5811,-4.300000000000001,0,4,3,1,0.6382874411065131,,533.1
5812,-4.300000000000001,0,4,3,1,0.6382874411065131,,533.2
5813,-0.30000000000000004,0,4,3,1,0.6382874411065131,,533.2
5814,-0.30000000000000004,0,4,3,1,0.6382874411065131,,533.3
5815,-2.3000000000000003,0,4,3,1,0.6382874411065131,,533.4
5816,-4.300000000000001,0,4,3,1,0.6382874411065131,,533.4
5817,-4.300000000000001,0,4,3,1,0.6382874411065131,,533.4
5818,-4.300000000000001,0,4,3,1,0.6382874411065131,,533.5
5819,5.7,1,4,3,1,0.6382874411065131,,533.6
5820,-4.300000000000001,0,4,3,1,0.6382874411065131,,533.7
5821,-4.300000000000001,0,4,3,1,0.6382874411065131,,533.7
5822,5.7,1,4,3,1,0.6382874411065131,,533.8
5823,-4.300000000000001,0,4,3,1,0.6382874411065131,,533.9
5824,5.7,1,4,3,1,0.6382874411065131,,533.9
5825,-4.300000000000001,0,4,3,1,0.6382874411065131,,534.0
5826,-4.300000000000001,0,4,3,1,0.6382874411065131,,534.1
5827,-5.4,0,5,4,1,0.6382874411065131,,534.2
5828,-4.300000000000001,0,4,3,1,0.6382874411065131,,534.2
5829,-0.30000000000000004,0,4,3,1,0.6382874411065131,,534.3
5830,-4.300000000000001,0,4,3,1,0.6382874411065131,,534.4
5831,-4.300000000000001,0,4,3,1,0.6382874411065131,,534.5
5832,-5.4,0,5,4,1,0.6382874411065131,,534.5
5833,-4.300000000000001,0,4,3,1,0.6382874411065131,,534.6
5834,-4.300000000000001,0,4,3,1,0.6382874411065131,,534.7
5835,-4.300000000000001,0,4,3,1,0.6382874411065131,,534.7
5836,-4.300000000000001,0,4,3,1,0.6382874411065131,,534.8
5837,-4.300000000000001,0,4,3,1,0.6382874411065131,,534.8
5838,-4.300000000000001,0,4,3,1,0.6382874411065131,,534.9
5839,-0.30000000000000004,0,4,3,1,0.6382874411065131,,535.0
5840,-4.300000000000001,0,4,3,1,0.6382874411065131,,535.1
5841,-4.300000000000001,0,4,3,1,0.6382874411065131,,535.2
5842,-4.300000000000001,0,4,3,1,0.6382874411065131,,535.2
5843,-0.30000000000000004,0,4,3,1,0.6382874411065131,,535.3
5844,-4.300000000000001,0,4,3,1,0.6382874411065131,,535.3
5845,-4.300000000000001,0,4,3,1,0.6382874411065131,,535.4
5846,-4.300000000000001,0,4,3,1,0.6382874411065131,,535.5
5847,5.7,1,4,3,1,0.6382874411065131,,535.6
5848,-4.300000000000001,0,4,3,1,0.6382874411065131,,535.6
5849,-1.9000000000000001,0,8,3,1,0.6382874411065131,,535.7
5850,-2.3000000000000003,0,4,3,1,0.6382874411065131,,535.8
5851,5.7,1,4,3,1,0.6382874411065131,,535.8
5852,-2.3000000000000003,0,4,3,1,0.6382874411065131,,535.9
5853,-4.300000000000001,0,4,3,1,0.6382874411065131,,536.0
5854,5.7,1,4,3,1,0.6382874411065131,,536.0
5855,-4.300000000000001,0,4,3,1,0.6382874411065131,,536.1
5856,-2.3000000000000003,0,4,3,1,0.6382874411065131,,536.2
5857,-4.300000000000001,0,4,3,1,0.6382874411065131,,536.3
5858,5.7,1,4,3,1,0.6382874411065131,,536.3
5859,-0.30000000000000004,0,4,3,1,0.6382874411065131,,536.4
5860,5.7,1,4,3,1,0.6382874411065131,,536.5
5861,-4.300000000000001,0,4,3,1,0.6382874411065131,,536.5
5862,-4.300000000000001,0,4,3,1,0.6382874411065131,,536.6
5863,-4.300000000000001,0,4,3,1,0.6382874411065131,,536.7
5864,-4.300000000000001,0,4,3,1,0.6382874411065131,,536.8
5865,-2.3000000000000003,0,4,3,1,0.6382874411065131,,536.9
5866,-4.6000000000000005,0,6,3,1,0.6382874411065131,,536.9
5867,-4.300000000000001,0,4,3,1,0.6382874411065131,,537.0
5868,-5.6000000000000005,0,6,3,1,0.6382874411065131,,537.1
5869,-4.300000000000001,0,4,3,1,0.6382874411065131,,537.2
5870,-4.300000000000001,0,4,3,1,0.6382874411065131,,537.2
5871,-4.300000000000001,0,4,3,1,0.6382874411065131,,537.3
5872,-2.3000000000000003,0,4,3,1,0.6382874411065131,,537.3
5873,-4.300000000000001,0,4,3,1,0.6382874411065131,,537.4
5874,-5.4,0,5,4,1,0.6382874411065131,,537.5
5875,-2.3000000000000003,0,4,3,1,0.6382874411065131,,537.5
5876,-0.30000000000000004,0,4,3,1,0.6382874411065131,,537.6
5877,-0.30000000000000004,0,4,3,1,0.6382874411065131,,537.6
5878,-4.300000000000001,0,4,3,1,0.6382874411065131,,537.7
5879,-4.6,0,6,3,1,0.6382874411065131,,537.8
5880,-4.300000000000001,0,4,3,1,0.6382874411065131,,537.8
5881,-4.300000000000001,0,4,3,1,0.6382874411065131,,537.9
5882,-4.300000000000001,0,4,3,1,0.6382874411065131,,537.9
5883,5.7,1,4,3,1,0.6382874411065131,,538.0
5884,-4.300000000000001,0,4,3,1,0.6382874411065131,,538.0
5885,-2.3000000000000003,0,4,3,1,0.6382874411065131,,538.1
5886,-2.3000000000000003,0,4,3,1,0.6382874411065131,,538.1
5887,-0.30000000000000004,0,4,3,1,0.6382874411065131,,538.2
5888,-4.300000000000001,0,4,3,1,0.6382874411065131,,538.2
5889,-2.3000000000000003,0,4,3,1,0.6382874411065131,,538.3
5890,-4.300000000000001,0,4,3,1,0.6382874411065131,,538.4
5891,-0.30000000000000004,0,4,3,1,0.6382874411065131,,538.4
5892,-1.4000000000000001,0,5,4,1,0.6382874411065131,,538.5
5893,-4.300000000000001,0,4,3,1,0.6382874411065131,,538.6
5894,5.7,1,4,3,1,0.6382874411065131,,538.7
5895,-4.300000000000001,0,4,3,1,0.6382874411065131,,538.7
5896,-4.300000000000001,0,4,3,1,0.6382874411065131,,538.8
5897,-4.300000000000001,0,4,3,1,0.6382874411065131,,538.9
5898,-4.300000000000001,0,4,3,1,0.6382874411065131,,539.0
5899,5.7,1,4,3,1,0.6382874411065131,,539.0
5900,-4.300000000000001,0,4,3,1,0.6382874411065131,,539.1
5901,5.7,1,4,3,1,0.6382874411065131,,539.1
5902,-4.300000000000001,0,4,3,1,0.6382874411065131,,539.2
5903,-4.300000000000001,0,4,3,1,0.6382874411065131,,539.3
5904,-4.300000000000001,0,4,3,1,0.6382874411065131,,539.3
5905,-4.300000000000001,0,4,3,1,0.6382874411065131,,539.4
5906,-4.300000000000001,0,4,3,1,0.6382874411065131,,539.4
5907,-4.300000000000001,0,4,3,1,0.6382874411065131,,539.5
5908,-0.30000000000000004,0,4,3,1,0.6382874411065131,,539.5
5909,-4.300000000000001,0,4,3,1,0.6382874411065131,,539.6
5910,-0.30000000000000004,0,4,3,1,0.6382874411065131,,539.7
5911,-0.30000000000000004,0,4,3,1,0.6382874411065131,,539.8
5912,-0.30000000000000004,0,4,3,1,0.6382874411065131,,539.9
5913,-4.300000000000001,0,4,3,1,0.6382874411065131,,539.9
5914,-4.300000000000001,0,4,3,1,0.6382874411065131,,540.0
5915,-0.30000000000000004,0,4,3,1,0.6382874411065131,,540.1
5916,-0.30000000000000004,0,4,3,1,0.6382874411065131,,540.1
5917,-4.300000000000001,0,4,3,1,0.6382874411065131,,540.2
5918,-2.3000000000000003,0,4,3,1,0.6382874411065131,,540.3
5919,-2.3000000000000003,0,4,3,1,0.6382874411065131,,540.4
5920,5.7,1,4,3,1,0.6382874411065131,,540.5
5921,-2.3000000000000003,0,4,3,1,0.6382874411065131,,540.5
5922,-4.300000000000001,0,4,3,1,0.6382874411065131,,540.6
5923,-4.300000000000001,0,4,3,1,0.6382874411065131,,540.7
5924,5.7,1,4,3,1,0.6382874411065131,,540.8
5925,-4.300000000000001,0,4,3,1,0.6382874411065131,,540.8
5926,-4.300000000000001,0,4,3,1,0.6382874411065131,,540.9
5927,-2.3000000000000003,0,4,3,1,0.6382874411065131,,540.9
5928,-4.300000000000001,0,4,3,1,0.6382874411065131,,540.9
5929,-4.300000000000001,0,4,3,1,0.6382874411065131,,541.0
5930,-4.300000000000001,0,4,3,1,0.6382874411065131,,541.1
5931,5.7,1,4,3,1,0.6382874411065131,,541.1
5932,-4.300000000000001,0,4,3,1,0.6382874411065131,,541.2
5933,-4.300000000000001,0,4,3,1,0.6382874411065131,,541.2
5934,-2.3000000000000003,0,4,3,1,0.6382874411065131,,541.3
5935,-4.300000000000001,0,4,3,1,0.6382874411065131,,541.4
5936,5.7,1,4,3,1,0.6382874411065131,,541.5
5937,-4.300000000000001,0,4,3,1,0.6382874411065131,,541.5
5938,-4.300000000000001,0,4,3,1,0.6382874411065131,,541.6
5939,-2.3000000000000003,0,4,3,1,0.6382874411065131,,541.6
5940,-4.300000000000001,0,4,3,1,0.6382874411065131,,541.7
5941,-4.300000000000001,0,4,3,1,0.6382874411065131,,541.8
5942,-0.30000000000000004,0,4,3,1,0.6382874411065131,,541.9
5943,-4.300000000000001,0,4,3,1,0.6382874411065131,,541.9
5944,-0.30000000000000004,0,4,3,1,0.6382874411065131,,542.0
5945,-4.300000000000001,0,4,3,1,0.6382874411065131,,542.1
5946,-4.300000000000001,0,4,3,1,0.6382874411065131,,542.1
5947,-4.300000000000001,0,4,3,1,0.6382874411065131,,542.2
5948,-4.300000000000001,0,4,3,1,0.6382874411065131,,542.3
5949,5.7,1,4,3,1,0.6382874411065131,,542.3
5950,-4.300000000000001,0,4,3,1,0.6382874411065131,,542.4
5951,4.4,1,6,3,1,0.6382874411065131,,542.5
5952,-4.300000000000001,0,4,3,1,0.6382874411065131,,542.6
5953,-2.3000000000000003,0,4,3,1,0.6382874411065131,,542.7
5954,-4.300000000000001,0,4,3,1,0.6382874411065131,,542.8
5955,5.7,1,4,3,1,0.6382874411065131,,542.8
5956,-4.300000000000001,0,4,3,1,0.6382874411065131,,542.9
5957,-0.30000000000000004,0,4,3,1,0.6382874411065131,,542.9
5958,5.7,1,4,3,1,0.6382874411065131,,543.0
5959,-4.300000000000001,0,4,3,1,0.6382874411065131,,543.0
5960,-2.3000000000000003,0,4,3,1,0.6382874411065131,,543.1
5961,-4.300000000000001,0,4,3,1,0.6382874411065131,,543.1
5962,-4.300000000000001,0,4,3,1,0.6382874411065131,,543.2
5963,-4.300000000000001,0,4,3,1,0.6382874411065131,,543.3
5964,-0.30000000000000004,0,4,3,1,0.6382874411065131,,543.4
5965,-2.3000000000000003,0,4,3,1,0.6382874411065131,,543.4
5966,-0.30000000000000004,0,4,3,1,0.6382874411065131,,543.5
5967,5.7,1,4,3,1,0.6382874411065131,,543.5
5968,-4.300000000000001,0,4,3,1,0.6382874411065131,,543.6
5969,-0.30000000000000004,0,4,3,1,0.6382874411065131,,543.7
5970,-2.3000000000000003,0,4,3,1,0.6382874411065131,,543.7
5971,-4.300000000000001,0,4,3,1,0.6382874411065131,,543.8
5972,-4.300000000000001,0,4,3,1,0.6382874411065131,,543.9
5973,5.7,1,4,3,1,0.6382874411065131,,544.0
5974,-4.300000000000001,0,4,3,1,0.6382874411065131,,544.0
5975,-4.300000000000001,0,4,3,1,0.6382874411065131,,544.1
5976,-0.30000000000000004,0,4,3,1,0.6382874411065131,,544.1
5977,-4.300000000000001,0,4,3,1,0.6382874411065131,,544.2
5978,5.7,1,4,3,1,0.6382874411065131,,544.3
5979,-4.300000000000001,0,4,3,1,0.6382874411065131,,544.4
5980,-2.3000000000000003,0,4,3,1,0.6382874411065131,,544.4
5981,-2.3000000000000003,0,4,3,1,0.6382874411065131,,544.5
5982,-4.300000000000001,0,4,3,1,0.6382874411065131,,544.5
5983,-4.300000000000001,0,4,3,1,0.6382874411065131,,544.6
5984,-4.300000000000001,0,4,3,1,0.6382874411065131,,544.6
5985,-4.300000000000001,0,4,3,1,0.6382874411065131,,544.7
5986,-4.300000000000001,0,4,3,1,0.6382874411065131,,544.8
5987,-2.3000000000000003,0,4,3,1,0.6382874411065131,,544.8
5988,-4.300000000000001,0,4,3,1,0.6382874411065131,,544.9
5989,-4.300000000000001,0,4,3,1,0.6382874411065131,,545.0
5990,-4.300000000000001,0,4,3,1,0.6382874411065131,,545.0
5991,-2.3000000000000003,0,4,3,1,0.6382874411065131,,545.1
5992,5.4,1,6,3,1,0.6382874411065131,,545.2
5993,5.7,1,4,3,1,0.6382874411065131,,545.3
5994,-4.300000000000001,0,4,3,1,0.6382874411065131,,545.3
5995,-4.300000000000001,0,4,3,1,0.6382874411065131,,545.4
5996,-4.300000000000001,0,4,3,1,0.6382874411065131,,545.5
5997,-0.30000000000000004,0,4,3,1,0.6382874411065131,,545.5
5998,-4.300000000000001,0,4,3,1,0.6382874411065131,,545.6
5999,-2.3000000000000003,0,4,3,1,0.6382874411065131,,545.6
6000,-4.300000000000001,0,4,3,1,0.6382874411065131,,545.7
6001,-4.300000000000001,0,4,3,1,0.6382874411065131,,550.8
6002,-4.300000000000001,0,4,3,1,0.6382874411065131,,550.9
6003,5.7,1,4,3,1,0.6382874411065131,,551.0
6004,5.7,1,4,3,1,0.6382874411065131,,551.0
6005,-4.300000000000001,0,4,3,1,0.6382874411065131,,551.1
6006,-2.3000000000000003,0,4,3,1,0.6382874411065131,,551.1
6007,-3.6,0,6,3,1,0.6382874411065131,,551.2
6008,-4.300000000000001,0,4,3,1,0.6382874411065131,,551.2
6009,-4.300000000000001,0,4,3,1,0.6382874411065131,,551.3
6010,-2.3000000000000003,0,4,3,1,0.6382874411065131,,551.4
6011,-4.300000000000001,0,4,3,1,0.6382874411065131,,551.5
6012,-4.300000000000001,0,4,3,1,0.6382874411065131,,551.5
6013,-2.3000000000000003,0,4,3,1,0.6382874411065131,,551.6
6014,-4.300000000000001,0,4,3,1,0.6382874411065131,,551.6
6015,-2.3000000000000003,0,4,3,1,0.6382874411065131,,551.7
6016,-4.300000000000001,0,4,3,1,0.6382874411065131,,551.7
6017,-4.300000000000001,0,4,3,1,0.6382874411065131,,551.8
6018,-2.3000000000000003,0,4,3,1,0.6382874411065131,,551.9
6019,-0.30000000000000004,0,4,3,1,0.6382874411065131,,551.9
6020,5.7,1,4,3,1,0.6332410695031285,1.532836050260812,552.7
6021,-4.300000000000001,0,4,3,1,0.6332410695031285,,552.8
6022,-4.300000000000001,0,4,3,1,0.6332410695031285,,552.9
6023,-2.3000000000000003,0,4,3,1,0.6332410695031285,,552.9
6024,-2.3000000000000003,0,4,3,1,0.6332410695031285,,553.0
6025,-4.300000000000001,0,4,3,1,0.6332410695031285,,553.1
6026,-4.300000000000001,0,4,3,1,0.6332410695031285,,553.2
6027,-4.300000000000001,0,4,3,1,0.6332410695031285,,553.3
6028,-2.3000000000000003,0,4,3,1,0.6332410695031285,,553.3
6029,-0.30000000000000004,0,4,3,1,0.6332410695031285,,553.4
6030,-4.300000000000001,0,4,3,1,0.6332410695031285,,553.5
6031,-2.6,0,6,3,1,0.6332410695031285,,553.6
6032,-4.300000000000001,0,4,3,1,0.6332410695031285,,553.7
6033,-4.300000000000001,0,4,3,1,0.6332410695031285,,553.7
6034,-4.300000000000001,0,4,3,1,0.6332410695031285,,553.8
6035,-4.300000000000001,0,4,3,1,0.6332410695031285,,553.8
6036,-2.3000000000000003,0,4,3,1,0.6332410695031285,,553.9
6037,-4.300000000000001,0,4,3,1,0.6332410695031285,,553.9
6038,-4.300000000000001,0,4,3,1,0.6332410695031285,,554.0
6039,-2.3000000000000003,0,4,3,1,0.6332410695031285,,554.1
6040,-4.300000000000001,0,4,3,1,0.6332410695031285,,554.2
6041,-4.300000000000001,0,4,3,1,0.6332410695031285,,554.2
6042,-5.6000000000000005,0,6,3,1,0.6332410695031285,,554.3
6043,-0.30000000000000004,0,4,3,1,0.6332410695031285,,554.4
6044,-4.300000000000001,0,4,3,1,0.6332410695031285,,554.4
6045,5.7,1,4,3,1,0.6332410695031285,,554.4
6046,-4.300000000000001,0,4,3,1,0.6332410695031285,,554.5
6047,-2.3000000000000003,0,4,3,1,0.6332410695031285,,554.6
6048,-4.300000000000001,0,4,3,1,0.6332410695031285,,554.6
6049,-2.3000000000000003,0,4,3,1,0.6332410695031285,,554.7
6050,-4.300000000000001,0,4,3,1,0.6332410695031285,,554.8
6051,-4.300000000000001,0,4,3,1,0.6332410695031285,,554.9
6052,-4.300000000000001,0,4,3,1,0.6332410695031285,,554.9
6053,-4.300000000000001,0,4,3,1,0.6332410695031285,,555.0
6054,-4.300000000000001,0,4,3,1,0.6332410695031285,,555.0
6055,-4.300000000000001,0,4,3,1,0.6332410695031285,,555.1
6056,-4.300000000000001,0,4,3,1,0.6332410695031285,,555.2
6057,-4.300000000000001,0,4,3,1,0.6332410695031285,,555.2
6058,5.7,1,4,3,1,0.6332410695031285,,555.3
6059,-4.9,0,8,3,1,0.6332410695031285,,555.4
6060,-4.300000000000001,0,4,3,1,0.6332410695031285,,555.5
6061,-5.4,0,5,4,1,0.6332410695031285,,555.5
6062,-4.300000000000001,0,4,3,1,0.6332410695031285,,555.6
6063,-4.300000000000001,0,4,3,1,0.6332410695031285,,555.7
6064,5.7,1,4,3,1,0.6332410695031285,,555.7
6065,-0.30000000000000004,0,4,3,1,0.6332410695031285,,555.8
6066,-4.300000000000001,0,4,3,1,0.6332410695031285,,555.8
6067,-4.300000000000001,0,4,3,1,0.6332410695031285,,555.9
6068,-4.300000000000001,0,4,3,1,0.6332410695031285,,556.0
6069,-0.30000000000000004,0,4,3,1,0.6332410695031285,,556.0
6070,-4.300000000000001,0,4,3,1,0.6332410695031285,,556.1
6071,-4.300000000000001,0,4,3,1,0.6332410695031285,,556.2
6072,-4.300000000000001,0,4,3,1,0.6332410695031285,,556.3
6073,-4.300000000000001,0,4,3,1,0.6332410695031285,,556.4
6074,-0.30000000000000004,0,4,3,1,0.6332410695031285,,556.4
6075,-4.300000000000001,0,4,3,1,0.6332410695031285,,556.5
6076,5.7,1,4,3,1,0.6332410695031285,,556.5
6077,-4.300000000000001,0,4,3,1,0.6332410695031285,,556.7
6078,-0.30000000000000004,0,4,3,1,0.6332410695031285,,556.7
6079,-4.300000000000001,0,4,3,1,0.6332410695031285,,556.8
6080,-4.300000000000001,0,4,3,1,0.6332410695031285,,556.8
6081,-2.2,0,10,3,1,0.6332410695031285,,556.9
6082,-4.300000000000001,0,4,3,1,0.6332410695031285,,557.0
6083,-4.300000000000001,0,4,3,1,0.6332410695031285,,557.1
6084,-4.300000000000001,0,4,3,1,0.6332410695031285,,557.2
6085,-4.300000000000001,0,4,3,1,0.6332410695031285,,557.2
6086,-4.300000000000001,0,4,3,1,0.6332410695031285,,557.3
6087,-4.300000000000001,0,4,3,1,0.6332410695031285,,557.4
6088,-4.300000000000001,0,4,3,1,0.6332410695031285,,557.4
6089,5.7,1,4,3,1,0.6332410695031285,,557.5
6090,-4.300000000000001,0,4,3,1,0.6332410695031285,,557.5
6091,-4.300000000000001,0,4,3,1,0.6332410695031285,,557.6
6092,-4.300000000000001,0,4,3,1,0.6332410695031285,,557.7
6093,-2.3000000000000003,0,4,3,1,0.6332410695031285,,557.7
6094,-2.3000000000000003,0,4,3,1,0.6332410695031285,,557.8
6095,-4.300000000000001,0,4,3,1,0.6332410695031285,,557.9
6096,-4.300000000000001,0,4,3,1,0.6332410695031285,,557.9
6097,5.7,1,4,3,1,0.6332410695031285,,558.0
6098,-0.30000000000000004,0,4,3,1,0.6332410695031285,,558.1
6099,5.7,1,4,3,1,0.6332410695031285,,558.1
6100,-2.3000000000000003,0,4,3,1,0.6332410695031285,,558.2
6101,-4.300000000000001,0,4,3,1,0.6332410695031285,,558.3
6102,-0.30000000000000004,0,4,3,1,0.6332410695031285,,558.3
6103,-4.300000000000001,0,4,3,1,0.6332410695031285,,558.3
6104,-4.300000000000001,0,4,3,1,0.6332410695031285,,558.4
6105,-0.30000000000000004,0,4,3,1,0.6332410695031285,,558.5
6106,-4.300000000000001,0,4,3,1,0.6332410695031285,,558.6
6107,-4.300000000000001,0,4,3,1,0.6332410695031285,,558.6
6108,-4.300000000000001,0,4,3,1,0.6332410695031285,,558.7
6109,-3.6000000000000005,0,6,3,1,0.6332410695031285,,558.7
6110,-0.30000000000000004,0,4,3,1,0.6332410695031285,,558.8
6111,-2.3000000000000003,0,4,3,1,0.6332410695031285,,558.8
6112,-3.6000000000000005,0,6,3,1,0.6332410695031285,,558.9
6113,-4.300000000000001,0,4,3,1,0.6332410695031285,,558.9
6114,-2.3000000000000003,0,4,3,1,0.6332410695031285,,559.0
6115,-4.9,0,8,3,1,0.6332410695031285,,559.1
6116,-4.300000000000001,0,4,3,1,0.6332410695031285,,559.2
6117,5.7,1,4,3,1,0.6332410695031285,,559.3
6118,-4.300000000000001,0,4,3,1,0.6332410695031285,,559.3
6119,-4.300000000000001,0,4,3,1,0.6332410695031285,,559.4
6120,-4.300000000000001,0,4,3,1,0.6332410695031285,,559.5
6121,-4.300000000000001,0,4,3,1,0.6332410695031285,,559.5
6122,-4.300000000000001,0,4,3,1,0.6332410695031285,,559.6
6123,-4.300000000000001,0,4,3,1,0.6332410695031285,,559.7
6124,-4.300000000000001,0,4,3,1,0.6332410695031285,,559.7
6125,-4.300000000000001,0,4,3,1,0.6332410695031285,,559.8
6126,-4.300000000000001,0,4,3,1,0.6332410695031285,,559.9
6127,-4.300000000000001,0,4,3,1,0.6332410695031285,,559.9
6128,-2.3000000000000003,0,4,3,1,0.6332410695031285,,560.0
6129,-4.300000000000001,0,4,3,1,0.6332410695031285,,560.0
6130,5.7,1,4,3,1,0.6332410695031285,,560.1
6131,-4.300000000000001,0,4,3,1,0.6332410695031285,,560.1
6132,-2.3000000000000003,0,4,3,1,0.6332410695031285,,560.2
6133,5.7,1,4,3,1,0.6332410695031285,,560.3
6134,-4.300000000000001,0,4,3,1,0.6332410695031285,,560.3
6135,-0.30000000000000004,0,4,3,1,0.6332410695031285,,560.4
6136,-4.300000000000001,0,4,3,1,0.6332410695031285,,560.5
6137,-4.300000000000001,0,4,3,1,0.6332410695031285,,560.5
6138,5.7,1,4,3,1,0.6332410695031285,,560.6
6139,-4.300000000000001,0,4,3,1,0.6332410695031285,,560.7
6140,-4.300000000000001,0,4,3,1,0.6332410695031285,,560.8
6141,-4.300000000000001,0,4,3,1,0.6332410695031285,,560.9
6142,-5.4,0,5,4,1,0.6332410695031285,,560.9
6143,-4.300000000000001,0,4,3,1,0.6332410695031285,,561.0
6144,-0.30000000000000004,0,4,3,1,0.6332410695031285,,561.1
6145,-4.300000000000001,0,4,3,1,0.6332410695031285,,561.2
6146,5.7,1,4,3,1,0.6332410695031285,,561.3
6147,-4.300000000000001,0,4,3,1,0.6332410695031285,,561.4
6148,-0.30000000000000004,0,4,3,1,0.6332410695031285,,561.5
6149,-4.300000000000001,0,4,3,1,0.6332410695031285,,561.5
6150,5.7,1,4,3,1,0.6332410695031285,,561.6
6151,-4.300000000000001,0,4,3,1,0.6332410695031285,,561.7
6152,-4.300000000000001,0,4,3,1,0.6332410695031285,,561.7
6153,-4.300000000000001,0,4,3,1,0.6332410695031285,,561.8
6154,-4.300000000000001,0,4,3,1,0.6332410695031285,,561.9
6155,-0.30000000000000004,0,4,3,1,0.6332410695031285,,561.9
6156,-4.300000000000001,0,4,3,1,0.6332410695031285,,562.0
6157,-4.300000000000001,0,4,3,1,0.6332410695031285,,562.0
6158,-2.3000000000000003,0,4,3,1,0.6332410695031285,,562.1
6159,-4.300000000000001,0,4,3,1,0.6332410695031285,,562.2
6160,-0.30000000000000004,0,4,3,1,0.6332410695031285,,562.2
6161,-4.300000000000001,0,4,3,1,0.6332410695031285,,562.3
6162,-2.3000000000000003,0,4,3,1,0.6332410695031285,,562.4
6163,-2.3000000000000003,0,4,3,1,0.6332410695031285,,562.5
6164,-4.300000000000001,0,4,3,1,0.6332410695031285,,562.6
6165,5.7,1,4,3,1,0.6332410695031285,,562.6
6166,-0.30000000000000004,0,4,3,1,0.6332410695031285,,562.7
6167,-4.300000000000001,0,4,3,1,0.6332410695031285,,562.8
6168,-4.300000000000001,0,4,3,1,0.6332410695031285,,562.9
6169,-4.300000000000001,0,4,3,1,0.6332410695031285,,563.0
6170,-2.3000000000000003,0,4,3,1,0.6332410695031285,,563.0
6171,-0.30000000000000004,0,4,3,1,0.6332410695031285,,563.1
6172,5.7,1,4,3,1,0.6332410695031285,,563.2
6173,-4.300000000000001,0,4,3,1,0.6332410695031285,,563.2
6174,-0.30000000000000004,0,4,3,1,0.6332410695031285,,563.3
6175,-4.300000000000001,0,4,3,1,0.6332410695031285,,563.3
6176,-4.300000000000001,0,4,3,1,0.6332410695031285,,563.4
6177,-4.300000000000001,0,4,3,1,0.6332410695031285,,563.5
6178,5.7,1,4,3,1,0.6332410695031285,,563.5
6179,-4.300000000000001,0,4,3,1,0.6332410695031285,,563.5
6180,-5.6000000000000005,0,6,3,1,0.6332410695031285,,563.6
6181,-2.3000000000000003,0,4,3,1,0.6332410695031285,,563.7
6182,-4.300000000000001,0,4,3,1,0.6332410695031285,,563.7
6183,5.4,1,6,3,1,0.6332410695031285,,563.8
6184,-0.30000000000000004,0,4,3,1,0.6332410695031285,,563.9
6185,-4.300000000000001,0,4,3,1,0.6332410695031285,,563.9
6186,-4.300000000000001,0,4,3,1,0.6332410695031285,,564.0
6187,-4.6000000000000005,0,6,3,1,0.6332410695031285,,564.1
6188,-4.300000000000001,0,4,3,1,0.6332410695031285,,564.1
6189,-4.300000000000001,0,4,3,1,0.6332410695031285,,564.2
6190,-4.300000000000001,0,4,3,1,0.6332410695031285,,564.3
6191,5.7,1,4,3,1,0.6332410695031285,,564.3
6192,-4.300000000000001,0,4,3,1,0.6332410695031285,,564.4
6193,-4.300000000000001,0,4,3,1,0.6332410695031285,,564.5
6194,-0.30000000000000004,0,4,3,1,0.6332410695031285,,564.6
6195,-4.300000000000001,0,4,3,1,0.6332410695031285,,564.6
6196,-2.3000000000000003,0,4,3,1,0.6332410695031285,,564.7
6197,-2.6,0,6,3,1,0.6332410695031285,,564.8
6198,-0.30000000000000004,0,4,3,1,0.6332410695031285,,564.8
6199,-4.300000000000001,0,4,3,1,0.6332410695031285,,564.9
6200,-0.30000000000000004,0,4,3,1,0.6332410695031285,,565.0
6201,-4.300000000000001,0,4,3,1,0.6332410695031285,,565.0
6202,-4.300000000000001,0,4,3,1,0.6332410695031285,,565.2
6203,-2.3000000000000003,0,4,3,1,0.6332410695031285,,565.2
6204,-4.300000000000001,0,4,3,1,0.6332410695031285,,565.3
6205,5.4,1,6,3,1,0.6332410695031285,,565.3
6206,-4.300000000000001,0,4,3,1,0.6332410695031285,,565.4
6207,-4.300000000000001,0,4,3,1,0.6332410695031285,,565.5
6208,5.7,1,4,3,1,0.6332410695031285,,565.6
6209,5.7,1,4,3,1,0.6332410695031285,,565.6
6210,-2.3000000000000003,0,4,3,1,0.6332410695031285,,565.7
6211,-2.3000000000000003,0,4,3,1,0.6332410695031285,,565.8
6212,-4.6000000000000005,0,6,3,1,0.6332410695031285,,565.9
6213,-4.300000000000001,0,4,3,1,0.6332410695031285,,566.0
6214,-0.30000000000000004,0,4,3,1,0.6332410695031285,,566.0
6215,5.7,1,4,3,1,0.6332410695031285,,566.1
6216,-4.300000000000001,0,4,3,1,0.6332410695031285,,566.2
6217,-4.300000000000001,0,4,3,1,0.6332410695031285,,566.2
6218,-4.300000000000001,0,4,3,1,0.6332410695031285,,566.3
6219,-2.3000000000000003,0,4,3,1,0.6332410695031285,,566.3
6220,-4.300000000000001,0,4,3,1,0.6332410695031285,,566.4
6221,-4.300000000000001,0,4,3,1,0.6332410695031285,,566.5
6222,-4.300000000000001,0,4,3,1,0.6332410695031285,,566.6
6223,-2.3000000000000003,0,4,3,1,0.6332410695031285,,566.6
6224,-5.6000000000000005,0,6,3,1,0.6332410695031285,,566.7
6225,-2.3000000000000003,0,4,3,1,0.6332410695031285,,566.8
6226,-4.300000000000001,0,4,3,1,0.6332410695031285,,566.8
6227,-2.3000000000000003,0,4,3,1,0.6332410695031285,,566.9
6228,-4.300000000000001,0,4,3,1,0.6332410695031285,,566.9
6229,5.7,1,4,3,1,0.6332410695031285,,567.0
6230,-4.300000000000001,0,4,3,1,0.6332410695031285,,567.1
6231,-4.300000000000001,0,4,3,1,0.6332410695031285,,567.2
6232,-2.3000000000000003,0,4,3,1,0.6332410695031285,,567.2
6233,-4.300000000000001,0,4,3,1,0.6332410695031285,,567.3
6234,-2.3000000000000003,0,4,3,1,0.6332410695031285,,567.4
6235,5.7,1,4,3,1,0.6332410695031285,,567.5
6236,5.7,1,4,3,1,0.6332410695031285,,567.6
6237,-4.300000000000001,0,4,3,1,0.6332410695031285,,567.6
6238,-4.300000000000001,0,4,3,1,0.6332410695031285,,567.7
6239,-4.300000000000001,0,4,3,1,0.6332410695031285,,567.7
6240,-2.9000000000000004,0,8,3,1,0.6332410695031285,,567.8
6241,-4.300000000000001,0,4,3,1,0.6332410695031285,,567.9
6242,-2.3000000000000003,0,4,3,1,0.6332410695031285,,567.9
6243,-4.300000000000001,0,4,3,1,0.6332410695031285,,568.0
6244,-4.300000000000001,0,4,3,1,0.6332410695031285,,568.1
6245,-2.3000000000000003,0,4,3,1,0.6332410695031285,,568.1
6246,-0.30000000000000004,0,4,3,1,0.6332410695031285,,568.2
6247,-4.300000000000001,0,4,3,1,0.6332410695031285,,568.3
6248,-4.300000000000001,0,4,3,1,0.6332410695031285,,568.3
6249,5.7,1,4,3,1,0.6332410695031285,,568.4
6250,-0.30000000000000004,0,4,3,1,0.6332410695031285,,568.5
6251,-2.3000000000000003,0,4,3,1,0.6332410695031285,,568.5
6252,5.7,1,4,3,1,0.6332410695031285,,568.5
6253,-4.300000000000001,0,4,3,1,0.6332410695031285,,568.6
6254,-4.300000000000001,0,4,3,1,0.6332410695031285,,568.7
6255,-4.300000000000001,0,4,3,1,0.6332410695031285,,568.7
6256,-4.300000000000001,0,4,3,1,0.6332410695031285,,568.8
6257,-0.30000000000000004,0,4,3,1,0.6332410695031285,,568.9
6258,-4.6,0,6,3,1,0.6332410695031285,,568.9
6259,-4.300000000000001,0,4,3,1,0.6332410695031285,,569.1
6260,-5.6000000000000005,0,6,3,1,0.6332410695031285,,569.1
6261,-4.300000000000001,0,4,3,1,0.6332410695031285,,569.2
6262,-2.3000000000000003,0,4,3,1,0.6332410695031285,,569.3
6263,-4.300000000000001,0,4,3,1,0.6332410695031285,,569.4
6264,-4.300000000000001,0,4,3,1,0.6332410695031285,,569.5
6265,-0.30000000000000004,0,4,3,1,0.6332410695031285,,569.5
6266,-4.300000000000001,0,4,3,1,0.6332410695031285,,569.6
6267,-4.300000000000001,0,4,3,1,0.6332410695031285,,569.7
6268,-4.300000000000001,0,4,3,1,0.6332410695031285,,569.7
6269,-4.300000000000001,0,4,3,1,0.6332410695031285,,569.8
6270,-0.30000000000000004,0,4,3,1,0.6332410695031285,,569.9
6271,-4.300000000000001,0,4,3,1,0.6332410695031285,,570.0
6272,-4.300000000000001,0,4,3,1,0.6332410695031285,,570.0
6273,-0.30000000000000004,0,4,3,1,0.6332410695031285,,570.1
6274,-4.300000000000001,0,4,3,1,0.6332410695031285,,570.1
6275,-4.300000000000001,0,4,3,1,0.6332410695031285,,570.2
6276,-4.300000000000001,0,4,3,1,0.6332410695031285,,570.3
6277,-4.300000000000001,0,4,3,1,0.6332410695031285,,570.4
6278,-4.300000000000001,0,4,3,1,0.6332410695031285,,570.4
6279,-2.3000000000000003,0,4,3,1,0.6332410695031285,,570.5
6280,-4.300000000000001,0,4,3,1,0.6332410695031285,,570.6
6281,-4.300000000000001,0,4,3,1,0.6332410695031285,,570.6
6282,-4.300000000000001,0,4,3,1,0.6332410695031285,,570.7
6283,-2.3000000000000003,0,4,3,1,0.6332410695031285,,570.7
6284,-2.3000000000000003,0,4,3,1,0.6332410695031285,,570.8
6285,-4.300000000000001,0,4,3,1,0.6332410695031285,,570.9
6286,-0.30000000000000004,0,4,3,1,0.6332410695031285,,571.0
6287,-2.3000000000000003,0,4,3,1,0.6332410695031285,,571.0
6288,5.7,1,4,3,1,0.6332410695031285,,571.1
6289,-0.30000000000000004,0,4,3,1,0.6332410695031285,,571.2
6290,5.7,1,4,3,1,0.6332410695031285,,571.3
6291,5.7,1,4,3,1,0.6332410695031285,,571.4
6292,-4.300000000000001,0,4,3,1,0.6332410695031285,,571.5
6293,-4.300000000000001,0,4,3,1,0.6332410695031285,,571.5
6294,-2.3000000000000003,0,4,3,1,0.6332410695031285,,571.6
6295,-4.300000000000001,0,4,3,1,0.6332410695031285,,571.6
6296,-2.3000000000000003,0,4,3,1,0.6332410695031285,,571.7
6297,-4.300000000000001,0,4,3,1,0.6332410695031285,,571.8
6298,-4.300000000000001,0,4,3,1,0.6332410695031285,,571.9
6299,-4.6,0,6,3,1,0.6332410695031285,,572.0
6300,-4.300000000000001,0,4,3,1,0.6332410695031285,,572.1
6301,-4.300000000000001,0,4,3,1,0.6332410695031285,,572.2
6302,-4.300000000000001,0,4,3,1,0.6332410695031285,,572.2
6303,-2.3000000000000003,0,4,3,1,0.6332410695031285,,572.2
6304,-4.300000000000001,0,4,3,1,0.6332410695031285,,572.3
6305,-4.300000000000001,0,4,3,1,0.6332410695031285,,572.3
6306,-4.300000000000001,0,4,3,1,0.6332410695031285,,572.4
6307,-0.30000000000000004,0,4,3,1,0.6332410695031285,,572.5
6308,-0.30000000000000004,0,4,3,1,0.6332410695031285,,572.5
6309,-2.3000000000000003,0,4,3,1,0.6332410695031285,,572.6
6310,5.7,1,4,3,1,0.6332410695031285,,572.7
6311,-4.300000000000001,0,4,3,1,0.6332410695031285,,572.7
6312,-5.4,0,5,4,1,0.6332410695031285,,572.7
6313,-4.300000000000001,0,4,3,1,0.6332410695031285,,572.8
6314,-3.6000000000000005,0,6,3,1,0.6332410695031285,,572.9
6315,5.7,1,4,3,1,0.6332410695031285,,573.0
6316,-0.30000000000000004,0,4,3,1,0.6332410695031285,,573.1
6317,-4.300000000000001,0,4,3,1,0.6332410695031285,,573.1
6318,-4.300000000000001,0,4,3,1,0.6332410695031285,,573.2
6319,5.7,1,4,3,1,0.6332410695031285,,573.2
6320,-4.300000000000001,0,4,3,1,0.6332410695031285,,573.3
6321,-4.300000000000001,0,4,3,1,0.6332410695031285,,573.4
6322,-4.300000000000001,0,4,3,1,0.6332410695031285,,573.4
6323,-4.300000000000001,0,4,3,1,0.6332410695031285,,573.5
6324,-0.30000000000000004,0,4,3,1,0.6332410695031285,,573.6
6325,-4.300000000000001,0,4,3,1,0.6332410695031285,,573.6
6326,5.7,1,4,3,1,0.6332410695031285,,573.6
6327,-4.300000000000001,0,4,3,1,0.6332410695031285,,573.7
6328,-4.300000000000001,0,4,3,1,0.6332410695031285,,573.8
6329,-4.300000000000001,0,4,3,1,0.6332410695031285,,573.8
6330,-4.300000000000001,0,4,3,1,0.6332410695031285,,573.9
6331,-4.300000000000001,0,4,3,1,0.6332410695031285,,574.0
6332,-4.300000000000001,0,4,3,1,0.6332410695031285,,574.0
6333,-2.3000000000000003,0,4,3,1,0.6332410695031285,,574.1
6334,-4.300000000000001,0,4,3,1,0.6332410695031285,,574.2
6335,-2.3000000000000003,0,4,3,1,0.6332410695031285,,574.2
6336,-4.300000000000001,0,4,3,1,0.6332410695031285,,574.3
6337,-0.30000000000000004,0,4,3,1,0.6332410695031285,,574.3
6338,-4.300000000000001,0,4,3,1,0.6332410695031285,,574.4
6339,-2.7,0,7,4,1,0.6332410695031285,,574.5
6340,-0.30000000000000004,0,4,3,1,0.6332410695031285,,574.6
6341,5.7,1,4,3,1,0.6332410695031285,,574.6
6342,-2.3000000000000003,0,4,3,1,0.6332410695031285,,574.7
6343,-4.300000000000001,0,4,3,1,0.6332410695031285,,574.8
6344,-4.300000000000001,0,4,3,1,0.6332410695031285,,574.8
6345,-4.300000000000001,0,4,3,1,0.6332410695031285,,574.9
6346,5.7,1,4,3,1,0.6332410695031285,,575.0
6347,-4.300000000000001,0,4,3,1,0.6332410695031285,,575.1
6348,5.7,1,4,3,1,0.6332410695031285,,575.1
6349,-4.300000000000001,0,4,3,1,0.6332410695031285,,575.2
6350,-2.3000000000000003,0,4,3,1,0.6332410695031285,,575.2
6351,-4.300000000000001,0,4,3,1,0.6332410695031285,,575.3
6352,-2.3000000000000003,0,4,3,1,0.6332410695031285,,575.3
6353,-4.300000000000001,0,4,3,1,0.6332410695031285,,575.3
6354,-4.300000000000001,0,4,3,1,0.6332410695031285,,575.4
6355,-4.300000000000001,0,4,3,1,0.6332410695031285,,575.5
6356,-4.300000000000001,0,4,3,1,0.6332410695031285,,575.5
6357,5.7,1,4,3,1,0.6332410695031285,,575.6
6358,-2.3000000000000003,0,4,3,1,0.6332410695031285,,575.7
6359,-0.30000000000000004,0,4,3,1,0.6332410695031285,,575.8
6360,-4.300000000000001,0,4,3,1,0.6332410695031285,,575.8
6361,-2.3000000000000003,0,4,3,1,0.6332410695031285,,575.9
6362,-4.300000000000001,0,4,3,1,0.6332410695031285,,576.0
6363,-0.30000000000000004,0,4,3,1,0.6332410695031285,,576.0
6364,-4.300000000000001,0,4,3,1,0.6332410695031285,,576.1
6365,-4.300000000000001,0,4,3,1,0.6332410695031285,,576.1
6366,-0.30000000000000004,0,4,3,1,0.6332410695031285,,576.2
6367,-4.300000000000001,0,4,3,1,0.6332410695031285,,576.3
6368,5.4,1,6,3,1,0.6332410695031285,,576.3
6369,-4.300000000000001,0,4,3,1,0.6332410695031285,,576.4
6370,-2.3000000000000003,0,4,3,1,0.6332410695031285,,576.4
6371,-4.300000000000001,0,4,3,1,0.6332410695031285,,576.5
6372,4.4,1,6,3,1,0.6332410695031285,,576.6
6373,-4.300000000000001,0,4,3,1,0.6332410695031285,,576.6
6374,-4.300000000000001,0,4,3,1,0.6332410695031285,,576.7
6375,-4.300000000000001,0,4,3,1,0.6332410695031285,,576.8
6376,-0.30000000000000004,0,4,3,1,0.6332410695031285,,576.9
6377,-4.300000000000001,0,4,3,1,0.6332410695031285,,577.0
6378,-4.300000000000001,0,4,3,1,0.6332410695031285,,577.0
6379,5.7,1,4,3,1,0.6332410695031285,,577.1
6380,-4.6,0,6,3,1,0.6332410695031285,,577.2
6381,5.7,1,4,3,1,0.6332410695031285,,577.2
6382,5.7,1,4,3,1,0.6332410695031285,,577.3
6383,-0.30000000000000004,0,4,3,1,0.6332410695031285,,577.4
6384,5.7,1,4,3,1,0.6332410695031285,,577.5
6385,-2.3000000000000003,0,4,3,1,0.6332410695031285,,577.6
6386,5.7,1,4,3,1,0.6332410695031285,,577.7
6387,-2.3000000000000003,0,4,3,1,0.6332410695031285,,577.7
6388,-4.300000000000001,0,4,3,1,0.6332410695031285,,577.8
6389,-2.3000000000000003,0,4,3,1,0.6332410695031285,,577.8
6390,-4.300000000000001,0,4,3,1,0.6332410695031285,,577.9
6391,5.7,1,4,3,1,0.6332410695031285,,578.0
6392,-2.3000000000000003,0,4,3,1,0.6332410695031285,,578.0
6393,-4.300000000000001,0,4,3,1,0.6332410695031285,,578.1
6394,-2.3000000000000003,0,4,3,1,0.6332410695031285,,578.1
6395,-4.300000000000001,0,4,3,1,0.6332410695031285,,578.2
6396,-4.300000000000001,0,4,3,1,0.6332410695031285,,578.2
6397,-2.6,0,6,3,1,0.6332410695031285,,578.3
6398,-2.3000000000000003,0,4,3,1,0.6332410695031285,,578.4
6399,-4.300000000000001,0,4,3,1,0.6332410695031285,,578.4
6400,-0.30000000000000004,0,4,3,1,0.6332410695031285,,578.5
6401,-0.30000000000000004,0,4,3,1,0.6332410695031285,,578.5
6402,-2.3000000000000003,0,4,3,1,0.6332410695031285,,578.6
6403,-4.300000000000001,0,4,3,1,0.6332410695031285,,578.7
6404,-4.300000000000001,0,4,3,1,0.6332410695031285,,578.8
6405,-4.300000000000001,0,4,3,1,0.6332410695031285,,578.8
6406,-4.300000000000001,0,4,3,1,0.6332410695031285,,578.9
6407,-4.300000000000001,0,4,3,1,0.6332410695031285,,579.0
6408,-4.300000000000001,0,4,3,1,0.6332410695031285,,579.0
6409,-4.300000000000001,0,4,3,1,0.6332410695031285,,579.1
6410,-0.30000000000000004,0,4,3,1,0.6332410695031285,,579.2
6411,-4.300000000000001,0,4,3,1,0.6332410695031285,,579.2
6412,-4.300000000000001,0,4,3,1,0.6332410695031285,,579.3
6413,-1.4000000000000001,0,5,4,1,0.6332410695031285,,579.4
6414,-4.300000000000001,0,4,3,1,0.6332410695031285,,579.5
6415,5.7,1,4,3,1,0.6332410695031285,,579.6
6416,-4.300000000000001,0,4,3,1,0.6332410695031285,,579.6
6417,-4.300000000000001,0,4,3,1,0.6332410695031285,,579.7
6418,-4.300000000000001,0,4,3,1,0.6332410695031285,,579.8
6419,-4.6000000000000005,0,6,3,1,0.6332410695031285,,579.9
6420,-2.3000000000000003,0,4,3,1,0.6332410695031285,,579.9
6421,-4.6000000000000005,0,6,3,1,0.6332410695031285,,580.0
6422,-4.300000000000001,0,4,3,1,0.6332410695031285,,580.0
6423,-4.300000000000001,0,4,3,1,0.6332410695031285,,580.1
6424,-4.300000000000001,0,4,3,1,0.6332410695031285,,580.2
6425,-4.300000000000001,0,4,3,1,0.6332410695031285,,580.2
6426,-4.300000000000001,0,4,3,1,0.6332410695031285,,580.3
6427,-4.300000000000001,0,4,3,1,0.6332410695031285,,580.4
6428,-4.300000000000001,0,4,3,1,0.6332410695031285,,580.4
6429,-4.300000000000001,0,4,3,1,0.6332410695031285,,580.5
6430,-4.300000000000001,0,4,3,1,0.6332410695031285,,580.6
6431,-2.3000000000000003,0,4,3,1,0.6332410695031285,,580.7
6432,-2.3000000000000003,0,4,3,1,0.6332410695031285,,580.7
6433,-4.300000000000001,0,4,3,1,0.6332410695031285,,580.8
6434,-4.300000000000001,0,4,3,1,0.6332410695031285,,580.8
6435,-4.300000000000001,0,4,3,1,0.6332410695031285,,580.9
6436,-3.6000000000000005,0,6,3,1,0.6332410695031285,,581.0
6437,-4.300000000000001,0,4,3,1,0.6332410695031285,,581.1
6438,-4.300000000000001,0,4,3,1,0.6332410695031285,,581.1
6439,-2.3000000000000003,0,4,3,1,0.6332410695031285,,581.2
6440,-4.300000000000001,0,4,3,1,0.6332410695031285,,581.3
6441,-4.300000000000001,0,4,3,1,0.6332410695031285,,581.4
6442,5.7,1,4,3,1,0.6332410695031285,,581.4
6443,-4.300000000000001,0,4,3,1,0.6332410695031285,,581.5
6444,-4.300000000000001,0,4,3,1,0.6332410695031285,,581.6
6445,-4.300000000000001,0,4,3,1,0.6332410695031285,,581.7
6446,-4.300000000000001,0,4,3,1,0.6332410695031285,,581.7
6447,-1.6,0,6,3,1,0.6332410695031285,,581.7
6448,-4.300000000000001,0,4,3,1,0.6332410695031285,,581.8
6449,-4.300000000000001,0,4,3,1,0.6332410695031285,,581.8
6450,5.7,1,4,3,1,0.6332410695031285,,581.9
6451,-4.300000000000001,0,4,3,1,0.6332410695031285,,581.9
6452,-0.6000000000000001,0,6,3,1,0.6332410695031285,,582.0
6453,5.7,1,4,3,1,0.6332410695031285,,582.1
6454,-4.300000000000001,0,4,3,1,0.6332410695031285,,582.1
6455,-0.30000000000000004,0,4,3,1,0.6332410695031285,,582.2
6456,-4.300000000000001,0,4,3,1,0.6332410695031285,,582.3
6457,-4.6,0,6,3,1,0.6332410695031285,,582.4
6458,-4.300000000000001,0,4,3,1,0.6332410695031285,,582.5
6459,-4.300000000000001,0,4,3,1,0.6332410695031285,,582.5
6460,-2.3000000000000003,0,4,3,1,0.6332410695031285,,582.5
6461,-4.300000000000001,0,4,3,1,0.6332410695031285,,582.6
6462,-2.3000000000000003,0,4,3,1,0.6332410695031285,,582.6
6463,-4.300000000000001,0,4,3,1,0.6332410695031285,,582.6
6464,5.7,1,4,3,1,0.6332410695031285,,582.7
6465,-2.3000000000000003,0,4,3,1,0.6332410695031285,,582.8
6466,5.7,1,4,3,1,0.6332410695031285,,582.9
6467,-4.300000000000001,0,4,3,1,0.6332410695031285,,582.9
6468,-0.30000000000000004,0,4,3,1,0.6332410695031285,,583.0
6469,5.7,1,4,3,1,0.6332410695031285,,583.0
6470,5.7,1,4,3,1,0.6332410695031285,,583.1
6471,-2.3000000000000003,0,4,3,1,0.6332410695031285,,583.1
6472,-4.300000000000001,0,4,3,1,0.6332410695031285,,583.2
6473,-4.300000000000001,0,4,3,1,0.6332410695031285,,583.3
6474,-2.3000000000000003,0,4,3,1,0.6332410695031285,,583.3
6475,5.7,1,4,3,1,0.6332410695031285,,583.3
6476,-4.300000000000001,0,4,3,1,0.6332410695031285,,583.4
6477,5.7,1,4,3,1,0.6332410695031285,,583.4
6478,-4.300000000000001,0,4,3,1,0.6332410695031285,,583.5
6479,-5.9,0,8,3,1,0.6332410695031285,,583.6
6480,-4.300000000000001,0,4,3,1,0.6332410695031285,,583.7
6481,-4.6000000000000005,0,6,3,1,0.6332410695031285,,583.8
6482,-4.300000000000001,0,4,3,1,0.6332410695031285,,583.9
6483,-4.300000000000001,0,4,3,1,0.6332410695031285,,583.9
6484,-0.30000000000000004,0,4,3,1,0.6332410695031285,,584.0
6485,-4.300000000000001,0,4,3,1,0.6332410695031285,,584.0
6486,-2.3000000000000003,0,4,3,1,0.6332410695031285,,584.1
6487,-4.300000000000001,0,4,3,1,0.6332410695031285,,584.2
6488,-4.300000000000001,0,4,3,1,0.6332410695031285,,584.2
6489,-0.30000000000000004,0,4,3,1,0.6332410695031285,,584.3
6490,-0.30000000000000004,0,4,3,1,0.6332410695031285,,584.3
6491,-4.300000000000001,0,4,3,1,0.6332410695031285,,584.4
6492,-3.6000000000000005,0,6,3,1,0.6332410695031285,,584.5
6493,-0.30000000000000004,0,4,3,1,0.6332410695031285,,584.5
6494,-0.30000000000000004,0,4,3,1,0.6332410695031285,,584.6
6495,-0.30000000000000004,0,4,3,1,0.6332410695031285,,584.6
6496,-4.300000000000001,0,4,3,1,0.6332410695031285,,584.7
6497,-4.300000000000001,0,4,3,1,0.6332410695031285,,584.8
6498,-4.300000000000001,0,4,3,1,0.6332410695031285,,584.8
6499,-4.300000000000001,0,4,3,1,0.6332410695031285,,584.9
6500,-4.300000000000001,0,4,3,1,0.6332410695031285,,585.0
6501,5.7,1,4,3,1,0.6332410695031285,,590.0
6502,-4.300000000000001,0,4,3,1,0.6332410695031285,,590.1
6503,-4.300000000000001,0,4,3,1,0.6332410695031285,,590.1
6504,-4.6,0,6,3,1,0.6332410695031285,,590.2
6505,-5.6000000000000005,0,6,3,1,0.6332410695031285,,590.3
6506,-2.3000000000000003,0,4,3,1,0.6332410695031285,,590.3
6507,-2.3000000000000003,0,4,3,1,0.6332410695031285,,590.4
6508,-4.300000000000001,0,4,3,1,0.6332410695031285,,590.4
6509,-0.30000000000000004,0,4,3,1,0.6332410695031285,,590.5
6510,-4.300000000000001,0,4,3,1,0.6041565022896975,1.5114091993309557,591.3
6511,-2.3000000000000003,0,4,3,1,0.6041565022896975,,591.4
6512,-0.30000000000000004,0,4,3,1,0.6041565022896975,,591.4
6513,-4.300000000000001,0,4,3,1,0.6041565022896975,,591.5
6514,-2.3000000000000003,0,4,3,1,0.6041565022896975,,591.6
6515,5.7,1,4,3,1,0.6041565022896975,,591.6
6516,5.7,1,4,3,1,0.6041565022896975,,591.7
6517,-4.300000000000001,0,4,3,1,0.6041565022896975,,591.8
6518,-0.6000000000000001,0,6,3,1,0.6041565022896975,,591.9
6519,-2.3000000000000003,0,4,3,1,0.6041565022896975,,592.0
6520,-4.300000000000001,0,4,3,1,0.6041565022896975,,592.0
6521,-1.4000000000000001,0,5,4,1,0.6041565022896975,,592.1
6522,-2.3000000000000003,0,4,3,1,0.6041565022896975,,592.2
6523,-4.300000000000001,0,4,3,1,0.6041565022896975,,592.3
6524,-4.300000000000001,0,4,3,1,0.6041565022896975,,592.3
6525,-4.300000000000001,0,4,3,1,0.6041565022896975,,592.4
6526,-4.300000000000001,0,4,3,1,0.6041565022896975,,592.5
6527,5.7,1,4,3,1,0.6041565022896975,,592.6
6528,-4.300000000000001,0,4,3,1,0.6041565022896975,,592.6
6529,-0.30000000000000004,0,4,3,1,0.6041565022896975,,592.7
6530,-4.300000000000001,0,4,3,1,0.6041565022896975,,592.8
6531,-4.300000000000001,0,4,3,1,0.6041565022896975,,592.9
6532,-4.300000000000001,0,4,3,1,0.6041565022896975,,593.0
6533,-2.3000000000000003,0,4,3,1,0.6041565022896975,,593.1
6534,5.7,1,4,3,1,0.6041565022896975,,593.2
6535,-2.3000000000000003,0,4,3,1,0.6041565022896975,,593.3
6536,-4.300000000000001,0,4,3,1,0.6041565022896975,,593.3
6537,-4.300000000000001,0,4,3,1,0.6041565022896975,,593.4
6538,-4.300000000000001,0,4,3,1,0.6041565022896975,,593.4
6539,-4.300000000000001,0,4,3,1,0.6041565022896975,,593.4
6540,5.7,1,4,3,1,0.6041565022896975,,593.5
6541,-4.300000000000001,0,4,3,1,0.6041565022896975,,593.6
6542,-4.300000000000001,0,4,3,1,0.6041565022896975,,593.7
6543,-2.3000000000000003,0,4,3,1,0.6041565022896975,,593.7
6544,-4.300000000000001,0,4,3,1,0.6041565022896975,,593.8
6545,-4.300000000000001,0,4,3,1,0.6041565022896975,,593.9
6546,-4.300000000000001,0,4,3,1,0.6041565022896975,,593.9
6547,-4.300000000000001,0,4,3,1,0.6041565022896975,,594.0
6548,-4.300000000000001,0,4,3,1,0.6041565022896975,,594.1
6549,-1.9000000000000001,0,8,3,1,0.6041565022896975,,594.1
6550,5.7,1,4,3,1,0.6041565022896975,,594.2
6551,-4.300000000000001,0,4,3,1,0.6041565022896975,,594.3
6552,-4.300000000000001,0,4,3,1,0.6041565022896975,,594.4
6553,-4.300000000000001,0,4,3,1,0.6041565022896975,,594.5
6554,-2.3000000000000003,0,4,3,1,0.6041565022896975,,594.5
6555,-2.3000000000000003,0,4,3,1,0.6041565022896975,,594.5
6556,-4.300000000000001,0,4,3,1,0.6041565022896975,,594.6
6557,5.7,1,4,3,1,0.6041565022896975,,594.7
6558,-2.3000000000000003,0,4,3,1,0.6041565022896975,,594.7
6559,-4.300000000000001,0,4,3,1,0.6041565022896975,,594.8
6560,-4.6000000000000005,0,6,3,1,0.6041565022896975,,594.9
6561,-4.6,0,6,3,1,0.6041565022896975,,595.0
6562,-4.300000000000001,0,4,3,1,0.6041565022896975,,595.1
6563,-4.300000000000001,0,4,3,1,0.6041565022896975,,595.2
6564,-4.300000000000001,0,4,3,1,0.6041565022896975,,595.3
6565,-4.300000000000001,0,4,3,1,0.6041565022896975,,595.4
6566,-4.300000000000001,0,4,3,1,0.6041565022896975,,595.4
6567,-2.3000000000000003,0,4,3,1,0.6041565022896975,,595.4
6568,-4.300000000000001,0,4,3,1,0.6041565022896975,,595.5
6569,-2.3000000000000003,0,4,3,1,0.6041565022896975,,595.6
6570,-4.300000000000001,0,4,3,1,0.6041565022896975,,595.6
6571,-4.300000000000001,0,4,3,1,0.6041565022896975,,595.7
6572,-4.300000000000001,0,4,3,1,0.6041565022896975,,595.7
6573,5.4,1,6,3,1,0.6041565022896975,,595.8
6574,-2.3000000000000003,0,4,3,1,0.6041565022896975,,595.9
6575,-2.3000000000000003,0,4,3,1,0.6041565022896975,,595.9
6576,-0.30000000000000004,0,4,3,1,0.6041565022896975,,596.0
6577,-4.300000000000001,0,4,3,1,0.6041565022896975,,596.1
6578,-4.300000000000001,0,4,3,1,0.6041565022896975,,596.1
6579,-4.300000000000001,0,4,3,1,0.6041565022896975,,596.2
6580,-0.30000000000000004,0,4,3,1,0.6041565022896975,,596.3
6581,-4.300000000000001,0,4,3,1,0.6041565022896975,,596.4
6582,-4.300000000000001,0,4,3,1,0.6041565022896975,,596.5
6583,-2.3000000000000003,0,4,3,1,0.6041565022896975,,596.6
6584,-2.3000000000000003,0,4,3,1,0.6041565022896975,,596.6
6585,-4.300000000000001,0,4,3,1,0.6041565022896975,,596.7
6586,-5.6000000000000005,0,6,3,1,0.6041565022896975,,596.8
6587,5.7,1,4,3,1,0.6041565022896975,,596.9
6588,-0.30000000000000004,0,4,3,1,0.6041565022896975,,597.0
6589,-0.30000000000000004,0,4,3,1,0.6041565022896975,,597.1
6590,-0.30000000000000004,0,4,3,1,0.6041565022896975,,597.1
6591,-2.3000000000000003,0,4,3,1,0.6041565022896975,,597.2
6592,-4.300000000000001,0,4,3,1,0.6041565022896975,,597.3
6593,-0.30000000000000004,0,4,3,1,0.6041565022896975,,597.3
6594,-4.300000000000001,0,4,3,1,0.6041565022896975,,597.4
6595,-4.300000000000001,0,4,3,1,0.6041565022896975,,597.5
6596,-4.300000000000001,0,4,3,1,0.6041565022896975,,597.5
6597,-4.300000000000001,0,4,3,1,0.6041565022896975,,597.6
6598,-4.300000000000001,0,4,3,1,0.6041565022896975,,597.6
6599,-4.300000000000001,0,4,3,1,0.6041565022896975,,597.7
6600,-0.30000000000000004,0,4,3,1,0.6041565022896975,,597.7
6601,-0.30000000000000004,0,4,3,1,0.6041565022896975,,597.8
6602,-4.300000000000001,0,4,3,1,0.6041565022896975,,597.8
6603,-0.6000000000000001,0,6,3,1,0.6041565022896975,,597.9
6604,-4.6000000000000005,0,6,3,1,0.6041565022896975,,598.0
6605,-4.300000000000001,0,4,3,1,0.6041565022896975,,598.0
6606,-2.3000000000000003,0,4,3,1,0.6041565022896975,,598.1
6607,-4.300000000000001,0,4,3,1,0.6041565022896975,,598.1
6608,-0.30000000000000004,0,4,3,1,0.6041565022896975,,598.2
6609,-4.300000000000001,0,4,3,1,0.6041565022896975,,598.3
6610,-0.30000000000000004,0,4,3,1,0.6041565022896975,,598.4
6611,-0.30000000000000004,0,4,3,1,0.6041565022896975,,598.5
6612,-4.300000000000001,0,4,3,1,0.6041565022896975,,598.5
6613,5.7,1,4,3,1,0.6041565022896975,,598.6
6614,-4.300000000000001,0,4,3,1,0.6041565022896975,,598.7
6615,-2.3000000000000003,0,4,3,1,0.6041565022896975,,598.7
6616,-2.3000000000000003,0,4,3,1,0.6041565022896975,,598.8
6617,-4.300000000000001,0,4,3,1,0.6041565022896975,,598.9
6618,-4.300000000000001,0,4,3,1,0.6041565022896975,,599.0
6619,-4.300000000000001,0,4,3,1,0.6041565022896975,,599.0
6620,-4.300000000000001,0,4,3,1,0.6041565022896975,,599.1
6621,-4.300000000000001,0,4,3,1,0.6041565022896975,,599.1
6622,-4.300000000000001,0,4,3,1,0.6041565022896975,,599.2
6623,-4.300000000000001,0,4,3,1,0.6041565022896975,,599.3
6624,-4.300000000000001,0,4,3,1,0.6041565022896975,,599.4
6625,-4.300000000000001,0,4,3,1,0.6041565022896975,,599.4
6626,-4.300000000000001,0,4,3,1,0.6041565022896975,,599.5
6627,-4.300000000000001,0,4,3,1,0.6041565022896975,,599.5
6628,-4.300000000000001,0,4,3,1,0.6041565022896975,,599.6
6629,-4.300000000000001,0,4,3,1,0.6041565022896975,,599.7
6630,-4.300000000000001,0,4,3,1,0.6041565022896975,,599.8
6631,5.7,1,4,3,1,0.6041565022896975,,599.9
6632,-4.300000000000001,0,4,3,1,0.6041565022896975,,599.9
6633,-4.300000000000001,0,4,3,1,0.6041565022896975,,600.0
6634,-4.300000000000001,0,4,3,1,0.6041565022896975,,600.1
6635,-2.3000000000000003,0,4,3,1,0.6041565022896975,,600.1
6636,-4.300000000000001,0,4,3,1,0.6041565022896975,,600.2
6637,-4.300000000000001,0,4,3,1,0.6041565022896975,,600.3
6638,-4.300000000000001,0,4,3,1,0.6041565022896975,,600.4
6639,-4.300000000000001,0,4,3,1,0.6041565022896975,,600.4
6640,-5.9,0,8,3,1,0.6041565022896975,,600.5
6641,-0.30000000000000004,0,4,3,1,0.6041565022896975,,600.6
6642,-4.300000000000001,0,4,3,1,0.6041565022896975,,600.6
6643,-4.300000000000001,0,4,3,1,0.6041565022896975,,600.7
6644,-4.300000000000001,0,4,3,1,0.6041565022896975,,600.7
6645,-4.300000000000001,0,4,3,1,0.6041565022896975,,600.8
6646,-4.300000000000001,0,4,3,1,0.6041565022896975,,600.9
6647,-4.300000000000001,0,4,3,1,0.6041565022896975,,600.9
6648,-4.300000000000001,0,4,3,1,0.6041565022896975,,601.0
6649,-4.300000000000001,0,4,3,1,0.6041565022896975,,601.1
6650,-4.300000000000001,0,4,3,1,0.6041565022896975,,601.2
6651,-4.300000000000001,0,4,3,1,0.6041565022896975,,601.2
6652,-4.300000000000001,0,4,3,1,0.6041565022896975,,601.3
6653,-4.300000000000001,0,4,3,1,0.6041565022896975,,601.3
6654,-0.30000000000000004,0,4,3,1,0.6041565022896975,,601.4
6655,5.7,1,4,3,1,0.6041565022896975,,601.5
6656,5.7,1,4,3,1,0.6041565022896975,,601.5
6657,-4.300000000000001,0,4,3,1,0.6041565022896975,,601.6
6658,5.4,1,6,3,1,0.6041565022896975,,601.6
6659,-4.300000000000001,0,4,3,1,0.6041565022896975,,601.7
6660,-4.300000000000001,0,4,3,1,0.6041565022896975,,601.7
6661,-4.300000000000001,0,4,3,1,0.6041565022896975,,601.8
6662,-4.300000000000001,0,4,3,1,0.6041565022896975,,601.8
6663,-4.300000000000001,0,4,3,1,0.6041565022896975,,601.9
6664,-2.3000000000000003,0,4,3,1,0.6041565022896975,,601.9
6665,-4.300000000000001,0,4,3,1,0.6041565022896975,,602.0
6666,-4.300000000000001,0,4,3,1,0.6041565022896975,,602.1
6667,-0.30000000000000004,0,4,3,1,0.6041565022896975,,602.2
6668,-4.6000000000000005,0,6,3,1,0.6041565022896975,,602.2
6669,-4.300000000000001,0,4,3,1,0.6041565022896975,,602.3
6670,-2.3000000000000003,0,4,3,1,0.6041565022896975,,602.3
6671,5.7,1,4,3,1,0.6041565022896975,,602.4
6672,-4.300000000000001,0,4,3,1,0.6041565022896975,,602.5
6673,-4.300000000000001,0,4,3,1,0.6041565022896975,,602.5
6674,-4.300000000000001,0,4,3,1,0.6041565022896975,,602.6
6675,5.7,1,4,3,1,0.6041565022896975,,602.7
6676,-2.3000000000000003,0,4,3,1,0.6041565022896975,,602.7
6677,-2.3000000000000003,0,4,3,1,0.6041565022896975,,602.8
6678,-0.30000000000000004,0,4,3,1,0.6041565022896975,,602.8
6679,-4.300000000000001,0,4,3,1,0.6041565022896975,,602.9
6680,-4.300000000000001,0,4,3,1,0.6041565022896975,,603.0
6681,-4.300000000000001,0,4,3,1,0.6041565022896975,,603.1
6682,-0.30000000000000004,0,4,3,1,0.6041565022896975,,603.1
6683,-2.3000000000000003,0,4,3,1,0.6041565022896975,,603.2
6684,5.7,1,4,3,1,0.6041565022896975,,603.3
6685,-4.300000000000001,0,4,3,1,0.6041565022896975,,603.3
6686,-2.3000000000000003,0,4,3,1,0.6041565022896975,,603.4
6687,5.7,1,4,3,1,0.6041565022896975,,603.5
6688,-2.3000000000000003,0,4,3,1,0.6041565022896975,,603.5
6689,-4.300000000000001,0,4,3,1,0.6041565022896975,,603.5
6690,-4.300000000000001,0,4,3,1,0.6041565022896975,,603.6
6691,-4.300000000000001,0,4,3,1,0.6041565022896975,,603.7
6692,-4.300000000000001,0,4,3,1,0.6041565022896975,,603.8
6693,-4.300000000000001,0,4,3,1,0.6041565022896975,,603.8
6694,-4.300000000000001,0,4,3,1,0.6041565022896975,,603.9
6695,-2.3000000000000003,0,4,3,1,0.6041565022896975,,603.9
6696,-4.300000000000001,0,4,3,1,0.6041565022896975,,604.0
6697,-2.3000000000000003,0,4,3,1,0.6041565022896975,,604.0
6698,-4.300000000000001,0,4,3,1,0.6041565022896975,,604.1
6699,-4.300000000000001,0,4,3,1,0.6041565022896975,,604.2
6700,-2.3000000000000003,0,4,3,1,0.6041565022896975,,604.3
6701,-4.300000000000001,0,4,3,1,0.6041565022896975,,604.3
6702,-4.300000000000001,0,4,3,1,0.6041565022896975,,604.4
6703,-4.300000000000001,0,4,3,1,0.6041565022896975,,604.4
6704,-4.300000000000001,0,4,3,1,0.6041565022896975,,604.5
6705,-4.300000000000001,0,4,3,1,0.6041565022896975,,604.6
6706,-4.300000000000001,0,4,3,1,0.6041565022896975,,604.6
6707,-2.3000000000000003,0,4,3,1,0.6041565022896975,,604.7
6708,-0.30000000000000004,0,4,3,1,0.6041565022896975,,604.8
6709,-2.3000000000000003,0,4,3,1,0.6041565022896975,,604.8
6710,-2.3000000000000003,0,4,3,1,0.6041565022896975,,604.8
6711,-2.3000000000000003,0,4,3,1,0.6041565022896975,,604.9
6712,-2.3000000000000003,0,4,3,1,0.6041565022896975,,605.0
6713,-0.30000000000000004,0,4,3,1,0.6041565022896975,,605.1
6714,-4.300000000000001,0,4,3,1,0.6041565022896975,,605.1
6715,5.7,1,4,3,1,0.6041565022896975,,605.2
6716,-4.6,0,6,3,1,0.6041565022896975,,605.3
6717,-0.30000000000000004,0,4,3,1,0.6041565022896975,,605.3
6718,-4.300000000000001,0,4,3,1,0.6041565022896975,,605.4
6719,-2.3000000000000003,0,4,3,1,0.6041565022896975,,605.5
6720,-4.300000000000001,0,4,3,1,0.6041565022896975,,605.5
6721,-0.30000000000000004,0,4,3,1,0.6041565022896975,,605.6
6722,-4.300000000000001,0,4,3,1,0.6041565022896975,,605.6
6723,-4.300000000000001,0,4,3,1,0.6041565022896975,,605.7
6724,-4.300000000000001,0,4,3,1,0.6041565022896975,,605.8
6725,-4.300000000000001,0,4,3,1,0.6041565022896975,,605.9
6726,5.7,1,4,3,1,0.6041565022896975,,605.9
6727,5.7,1,4,3,1,0.6041565022896975,,605.9
6728,-4.300000000000001,0,4,3,1,0.6041565022896975,,606.0
6729,-2.3000000000000003,0,4,3,1,0.6041565022896975,,606.0
6730,-4.300000000000001,0,4,3,1,0.6041565022896975,,606.1
6731,-4.300000000000001,0,4,3,1,0.6041565022896975,,606.2
6732,-4.300000000000001,0,4,3,1,0.6041565022896975,,606.3
6733,-4.300000000000001,0,4,3,1,0.6041565022896975,,606.3
6734,-0.30000000000000004,0,4,3,1,0.6041565022896975,,606.4
6735,-2.3000000000000003,0,4,3,1,0.6041565022896975,,606.5
6736,-4.300000000000001,0,4,3,1,0.6041565022896975,,606.5
6737,-4.300000000000001,0,4,3,1,0.6041565022896975,,606.6
6738,-4.300000000000001,0,4,3,1,0.6041565022896975,,606.7
6739,-0.30000000000000004,0,4,3,1,0.6041565022896975,,606.8
6740,-0.30000000000000004,0,4,3,1,0.6041565022896975,,606.8
6741,-4.300000000000001,0,4,3,1,0.6041565022896975,,606.9
6742,-4.300000000000001,0,4,3,1,0.6041565022896975,,607.0
6743,-4.300000000000001,0,4,3,1,0.6041565022896975,,607.0
6744,-4.300000000000001,0,4,3,1,0.6041565022896975,,607.1
6745,-4.300000000000001,0,4,3,1,0.6041565022896975,,607.2
6746,-4.300000000000001,0,4,3,1,0.6041565022896975,,607.3
6747,-4.300000000000001,0,4,3,1,0.6041565022896975,,607.3
6748,5.7,1,4,3,1,0.6041565022896975,,607.4
6749,-2.3000000000000003,0,4,3,1,0.6041565022896975,,607.4
6750,-4.300000000000001,0,4,3,1,0.6041565022896975,,607.5
6751,-4.6,0,6,3,1,0.6041565022896975,,607.6
6752,-2.3000000000000003,0,4,3,1,0.6041565022896975,,607.7
6753,-0.30000000000000004,0,4,3,1,0.6041565022896975,,607.8
6754,-4.300000000000001,0,4,3,1,0.6041565022896975,,607.9
6755,-4.300000000000001,0,4,3,1,0.6041565022896975,,607.9
6756,-4.6000000000000005,0,6,3,1,0.6041565022896975,,608.0
6757,5.7,1,4,3,1,0.6041565022896975,,608.1
6758,-0.30000000000000004,0,4,3,1,0.6041565022896975,,608.1
6759,-4.300000000000001,0,4,3,1,0.6041565022896975,,608.2
6760,-4.300000000000001,0,4,3,1,0.6041565022896975,,608.2
6761,-4.300000000000001,0,4,3,1,0.6041565022896975,,608.3
6762,-4.300000000000001,0,4,3,1,0.6041565022896975,,608.3
6763,-4.300000000000001,0,4,3,1,0.6041565022896975,,608.4
6764,5.7,1,4,3,1,0.6041565022896975,,608.5
6765,5.7,1,4,3,1,0.6041565022896975,,608.6
6766,-2.3000000000000003,0,4,3,1,0.6041565022896975,,608.6
6767,-4.300000000000001,0,4,3,1,0.6041565022896975,,608.7
6768,-4.300000000000001,0,4,3,1,0.6041565022896975,,608.7
6769,-4.300000000000001,0,4,3,1,0.6041565022896975,,608.8
6770,5.7,1,4,3,1,0.6041565022896975,,608.8
6771,-4.300000000000001,0,4,3,1,0.6041565022896975,,608.9
6772,5.7,1,4,3,1,0.6041565022896975,,609.0
6773,-2.3000000000000003,0,4,3,1,0.6041565022896975,,609.0
6774,-2.3000000000000003,0,4,3,1,0.6041565022896975,,609.1
6775,-4.300000000000001,0,4,3,1,0.6041565022896975,,609.2
6776,-4.300000000000001,0,4,3,1,0.6041565022896975,,609.3
6777,-2.3000000000000003,0,4,3,1,0.6041565022896975,,609.4
6778,-4.300000000000001,0,4,3,1,0.6041565022896975,,609.4
6779,-4.300000000000001,0,4,3,1,0.6041565022896975,,609.5
6780,-2.3000000000000003,0,4,3,1,0.6041565022896975,,609.5
6781,-0.30000000000000004,0,4,3,1,0.6041565022896975,,609.6
6782,5.7,1,4,3,1,0.6041565022896975,,609.7
6783,-0.30000000000000004,0,4,3,1,0.6041565022896975,,609.8
6784,-2.3000000000000003,0,4,3,1,0.6041565022896975,,609.8
6785,-4.300000000000001,0,4,3,1,0.6041565022896975,,609.8
6786,-0.30000000000000004,0,4,3,1,0.6041565022896975,,609.9
6787,-4.300000000000001,0,4,3,1,0.6041565022896975,,610.0
6788,-2.3000000000000003,0,4,3,1,0.6041565022896975,,610.0
6789,-2.3000000000000003,0,4,3,1,0.6041565022896975,,610.1
6790,-4.300000000000001,0,4,3,1,0.6041565022896975,,610.1
6791,-0.6000000000000001,0,6,3,1,0.6041565022896975,,610.2
6792,-2.3000000000000003,0,4,3,1,0.6041565022896975,,610.2
6793,-2.3000000000000003,0,4,3,1,0.6041565022896975,,610.3
6794,-2.3000000000000003,0,4,3,1,0.6041565022896975,,610.3
6795,-0.30000000000000004,0,4,3,1,0.6041565022896975,,610.4
6796,5.7,1,4,3,1,0.6041565022896975,,610.5
6797,-4.300000000000001,0,4,3,1,0.6041565022896975,,610.6
6798,-4.300000000000001,0,4,3,1,0.6041565022896975,,610.6
6799,-4.300000000000001,0,4,3,1,0.6041565022896975,,610.7
6800,-4.300000000000001,0,4,3,1,0.6041565022896975,,610.8
6801,-2.3000000000000003,0,4,3,1,0.6041565022896975,,610.8
6802,-4.6,0,6,3,1,0.6041565022896975,,610.9
6803,-2.3000000000000003,0,4,3,1,0.6041565022896975,,611.0
6804,-0.6000000000000001,0,6,3,1,0.6041565022896975,,611.1
6805,-4.300000000000001,0,4,3,1,0.6041565022896975,,611.1
6806,5.7,1,4,3,1,0.6041565022896975,,611.2
6807,-4.300000000000001,0,4,3,1,0.6041565022896975,,611.3
6808,-0.30000000000000004,0,4,3,1,0.6041565022896975,,611.4
6809,-4.300000000000001,0,4,3,1,0.6041565022896975,,611.5
6810,-4.300000000000001,0,4,3,1,0.6041565022896975,,611.6
6811,-2.3000000000000003,0,4,3,1,0.6041565022896975,,611.6
6812,-4.300000000000001,0,4,3,1,0.6041565022896975,,611.7
6813,-4.300000000000001,0,4,3,1,0.6041565022896975,,611.8
6814,-2.3000000000000003,0,4,3,1,0.6041565022896975,,611.9
6815,-4.300000000000001,0,4,3,1,0.6041565022896975,,611.9
6816,5.7,1,4,3,1,0.6041565022896975,,612.0
6817,5.7,1,4,3,1,0.6041565022896975,,612.0
6818,-2.6,0,6,3,1,0.6041565022896975,,612.1
6819,-4.300000000000001,0,4,3,1,0.6041565022896975,,612.2
6820,-4.300000000000001,0,4,3,1,0.6041565022896975,,612.3
6821,-4.300000000000001,0,4,3,1,0.6041565022896975,,612.4
6822,-4.300000000000001,0,4,3,1,0.6041565022896975,,612.4
6823,-4.300000000000001,0,4,3,1,0.6041565022896975,,612.5
6824,-2.3000000000000003,0,4,3,1,0.6041565022896975,,612.6
6825,-4.300000000000001,0,4,3,1,0.6041565022896975,,612.6
6826,-0.30000000000000004,0,4,3,1,0.6041565022896975,,612.7
6827,-4.300000000000001,0,4,3,1,0.6041565022896975,,612.8
6828,-4.300000000000001,0,4,3,1,0.6041565022896975,,612.8
6829,-2.3000000000000003,0,4,3,1,0.6041565022896975,,612.8
6830,-5.6000000000000005,0,6,3,1,0.6041565022896975,,612.9
6831,-4.300000000000001,0,4,3,1,0.6041565022896975,,613.0
6832,-4.300000000000001,0,4,3,1,0.6041565022896975,,613.1
6833,-2.3000000000000003,0,4,3,1,0.6041565022896975,,613.2
6834,-0.30000000000000004,0,4,3,1,0.6041565022896975,,613.3
6835,-4.300000000000001,0,4,3,1,0.6041565022896975,,613.3
6836,-5.6000000000000005,0,6,3,1,0.6041565022896975,,613.4
6837,-2.3000000000000003,0,4,3,1,0.6041565022896975,,613.4
6838,-4.300000000000001,0,4,3,1,0.6041565022896975,,613.5
6839,5.7,1,4,3,1,0.6041565022896975,,613.5
6840,-4.300000000000001,0,4,3,1,0.6041565022896975,,613.6
6841,-4.300000000000001,0,4,3,1,0.6041565022896975,,613.6
6842,-4.300000000000001,0,4,3,1,0.6041565022896975,,613.7
6843,-4.300000000000001,0,4,3,1,0.6041565022896975,,613.8
6844,-4.300000000000001,0,4,3,1,0.6041565022896975,,613.8
6845,-2.3000000000000003,0,4,3,1,0.6041565022896975,,613.9
6846,-4.6000000000000005,0,6,3,1,0.6041565022896975,,613.9
6847,-1.6,0,6,3,1,0.6041565022896975,,614.0
6848,-2.3000000000000003,0,4,3,1,0.6041565022896975,,614.1
6849,-2.3000000000000003,0,4,3,1,0.6041565022896975,,614.1
6850,5.7,1,4,3,1,0.6041565022896975,,614.2
6851,-4.300000000000001,0,4,3,1,0.6041565022896975,,614.2
6852,-4.300000000000001,0,4,3,1,0.6041565022896975,,614.2
6853,-4.300000000000001,0,4,3,1,0.6041565022896975,,614.3
6854,-4.300000000000001,0,4,3,1,0.6041565022896975,,614.4
6855,-2.3000000000000003,0,4,3,1,0.6041565022896975,,614.4
6856,5.7,1,4,3,1,0.6041565022896975,,614.5
6857,-0.30000000000000004,0,4,3,1,0.6041565022896975,,614.6
6858,5.7,1,4,3,1,0.6041565022896975,,614.6
6859,-2.3000000000000003,0,4,3,1,0.6041565022896975,,614.7
6860,-4.300000000000001,0,4,3,1,0.6041565022896975,,614.7
6861,5.7,1,4,3,1,0.6041565022896975,,614.8
6862,-2.3000000000000003,0,4,3,1,0.6041565022896975,,614.9
6863,-0.30000000000000004,0,4,3,1,0.6041565022896975,,614.9
6864,-4.300000000000001,0,4,3,1,0.6041565022896975,,615.0
6865,-4.300000000000001,0,4,3,1,0.6041565022896975,,615.1
6866,-2.3000000000000003,0,4,3,1,0.6041565022896975,,615.2
6867,-4.300000000000001,0,4,3,1,0.6041565022896975,,615.2
6868,-4.300000000000001,0,4,3,1,0.6041565022896975,,615.3
6869,-4.300000000000001,0,4,3,1,0.6041565022896975,,615.4
6870,-4.300000000000001,0,4,3,1,0.6041565022896975,,615.4
6871,-4.300000000000001,0,4,3,1,0.6041565022896975,,615.5
6872,-2.3000000000000003,0,4,3,1,0.6041565022896975,,615.6
6873,-0.30000000000000004,0,4,3,1,0.6041565022896975,,615.6
6874,-4.300000000000001,0,4,3,1,0.6041565022896975,,615.7
6875,-4.300000000000001,0,4,3,1,0.6041565022896975,,615.8
6876,-0.30000000000000004,0,4,3,1,0.6041565022896975,,615.9
6877,5.7,1,4,3,1,0.6041565022896975,,615.9
6878,-4.300000000000001,0,4,3,1,0.6041565022896975,,616.0
6879,-4.300000000000001,0,4,3,1,0.6041565022896975,,616.1
6880,-0.30000000000000004,0,4,3,1,0.6041565022896975,,616.2
6881,-4.300000000000001,0,4,3,1,0.6041565022896975,,616.2
6882,-0.30000000000000004,0,4,3,1,0.6041565022896975,,616.2
6883,-4.300000000000001,0,4,3,1,0.6041565022896975,,616.3
6884,-4.300000000000001,0,4,3,1,0.6041565022896975,,616.3
6885,-4.300000000000001,0,4,3,1,0.6041565022896975,,616.4
6886,-0.30000000000000004,0,4,3,1,0.6041565022896975,,616.4
6887,-2.3000000000000003,0,4,3,1,0.6041565022896975,,616.5
6888,5.7,1,4,3,1,0.6041565022896975,,616.6
6889,-4.300000000000001,0,4,3,1,0.6041565022896975,,616.7
6890,-0.30000000000000004,0,4,3,1,0.6041565022896975,,616.8
6891,-4.300000000000001,0,4,3,1,0.6041565022896975,,616.9
6892,-4.300000000000001,0,4,3,1,0.6041565022896975,,617.0
6893,-4.300000000000001,0,4,3,1,0.6041565022896975,,617.0
6894,-2.3000000000000003,0,4,3,1,0.6041565022896975,,617.1
6895,-4.300000000000001,0,4,3,1,0.6041565022896975,,617.2
6896,5.7,1,4,3,1,0.6041565022896975,,617.3
6897,5.7,1,4,3,1,0.6041565022896975,,617.3
6898,-4.300000000000001,0,4,3,1,0.6041565022896975,,617.4
6899,-4.300000000000001,0,4,3,1,0.6041565022896975,,617.5
6900,-2.3000000000000003,0,4,3,1,0.6041565022896975,,617.5
6901,-0.30000000000000004,0,4,3,1,0.6041565022896975,,617.6
6902,-4.300000000000001,0,4,3,1,0.6041565022896975,,617.6
6903,-4.300000000000001,0,4,3,1,0.6041565022896975,,617.7
6904,-0.30000000000000004,0,4,3,1,0.6041565022896975,,617.7
6905,-4.300000000000001,0,4,3,1,0.6041565022896975,,617.8
6906,-4.300000000000001,0,4,3,1,0.6041565022896975,,617.8
6907,-4.300000000000001,0,4,3,1,0.6041565022896975,,617.9
6908,-4.300000000000001,0,4,3,1,0.6041565022896975,,618.0
6909,5.7,1,4,3,1,0.6041565022896975,,618.0
6910,-4.300000000000001,0,4,3,1,0.6041565022896975,,618.1
6911,-4.300000000000001,0,4,3,1,0.6041565022896975,,618.2
6912,-4.300000000000001,0,4,3,1,0.6041565022896975,,618.2
6913,-4.300000000000001,0,4,3,1,0.6041565022896975,,618.3
6914,-3.6,0,6,3,1,0.6041565022896975,,618.3
6915,-4.300000000000001,0,4,3,1,0.6041565022896975,,618.4
6916,-4.300000000000001,0,4,3,1,0.6041565022896975,,618.5
6917,-0.30000000000000004,0,4,3,1,0.6041565022896975,,618.6
6918,-4.300000000000001,0,4,3,1,0.6041565022896975,,618.6
6919,5.7,1,4,3,1,0.6041565022896975,,618.7
6920,-0.30000000000000004,0,4,3,1,0.6041565022896975,,618.8
6921,-4.300000000000001,0,4,3,1,0.6041565022896975,,618.9
6922,5.7,1,4,3,1,0.6041565022896975,,618.9
6923,-4.300000000000001,0,4,3,1,0.6041565022896975,,619.0
6924,-4.300000000000001,0,4,3,1,0.6041565022896975,,619.1
6925,-1.9000000000000001,0,8,3,1,0.6041565022896975,,619.2
6926,-2.3000000000000003,0,4,3,1,0.6041565022896975,,619.2
6927,-4.300000000000001,0,4,3,1,0.6041565022896975,,619.3
6928,-2.3000000000000003,0,4,3,1,0.6041565022896975,,619.3
6929,-4.300000000000001,0,4,3,1,0.6041565022896975,,619.4
6930,5.7,1,4,3,1,0.6041565022896975,,619.5
6931,-0.30000000000000004,0,4,3,1,0.6041565022896975,,619.5
6932,-0.30000000000000004,0,4,3,1,0.6041565022896975,,619.6
6933,-4.300000000000001,0,4,3,1,0.6041565022896975,,619.6
6934,-4.6,0,6,3,1,0.6041565022896975,,619.7
6935,-4.300000000000001,0,4,3,1,0.6041565022896975,,619.7
6936,-4.300000000000001,0,4,3,1,0.6041565022896975,,619.8
6937,-4.300000000000001,0,4,3,1,0.6041565022896975,,619.9
6938,-0.30000000000000004,0,4,3,1,0.6041565022896975,,620.0
6939,-4.300000000000001,0,4,3,1,0.6041565022896975,,620.0
6940,-4.300000000000001,0,4,3,1,0.6041565022896975,,620.1
6941,-4.300000000000001,0,4,3,1,0.6041565022896975,,620.2
6942,-4.300000000000001,0,4,3,1,0.6041565022896975,,620.3
6943,-0.30000000000000004,0,4,3,1,0.6041565022896975,,620.4
6944,-0.30000000000000004,0,4,3,1,0.6041565022896975,,620.4
6945,-4.300000000000001,0,4,3,1,0.6041565022896975,,620.5
6946,5.7,1,4,3,1,0.6041565022896975,,620.6
6947,5.7,1,4,3,1,0.6041565022896975,,620.7
6948,-4.300000000000001,0,4,3,1,0.6041565022896975,,620.7
6949,-4.300000000000001,0,4,3,1,0.6041565022896975,,620.8
6950,-0.30000000000000004,0,4,3,1,0.6041565022896975,,620.8
6951,-0.30000000000000004,0,4,3,1,0.6041565022896975,,620.9
6952,5.7,1,4,3,1,0.6041565022896975,,621.0
6953,-4.300000000000001,0,4,3,1,0.6041565022896975,,621.1
6954,-0.30000000000000004,0,4,3,1,0.6041565022896975,,621.2
6955,5.7,1,4,3,1,0.6041565022896975,,621.2
6956,-4.300000000000001,0,4,3,1,0.6041565022896975,,621.4
6957,-4.6000000000000005,0,6,3,1,0.6041565022896975,,621.4
6958,-4.300000000000001,0,4,3,1,0.6041565022896975,,621.5
6959,-4.300000000000001,0,4,3,1,0.6041565022896975,,621.5
6960,-4.300000000000001,0,4,3,1,0.6041565022896975,,621.6
6961,-5.6000000000000005,0,6,3,1,0.6041565022896975,,621.7
6962,-2.3000000000000003,0,4,3,1,0.6041565022896975,,621.7
6963,-4.300000000000001,0,4,3,1,0.6041565022896975,,621.8
6964,-4.300000000000001,0,4,3,1,0.6041565022896975,,621.8
6965,-4.300000000000001,0,4,3,1,0.6041565022896975,,621.9
6966,-4.300000000000001,0,4,3,1,0.6041565022896975,,622.0
6967,-0.30000000000000004,0,4,3,1,0.6041565022896975,,622.0
6968,-4.300000000000001,0,4,3,1,0.6041565022896975,,622.1
6969,6.6,1,5,4,1,0.6041565022896975,,622.2
6970,-2.3000000000000003,0,4,3,1,0.6041565022896975,,622.3
6971,-2.3000000000000003,0,4,3,1,0.6041565022896975,,622.3
6972,-4.300000000000001,0,4,3,1,0.6041565022896975,,622.4
6973,-0.30000000000000004,0,4,3,1,0.6041565022896975,,622.5
6974,-4.300000000000001,0,4,3,1,0.6041565022896975,,622.5
6975,-4.300000000000001,0,4,3,1,0.6041565022896975,,622.5
6976,-4.300000000000001,0,4,3,1,0.6041565022896975,,622.6
6977,-4.300000000000001,0,4,3,1,0.6041565022896975,,622.7
6978,-2.3000000000000003,0,4,3,1,0.6041565022896975,,622.8
6979,-4.300000000000001,0,4,3,1,0.6041565022896975,,622.8
6980,-4.300000000000001,0,4,3,1,0.6041565022896975,,623.0
6981,-4.300000000000001,0,4,3,1,0.6041565022896975,,623.0
6982,-0.30000000000000004,0,4,3,1,0.6041565022896975,,623.1
6983,5.7,1,4,3,1,0.6041565022896975,,623.1
6984,-4.300000000000001,0,4,3,1,0.6041565022896975,,623.2
6985,-4.300000000000001,0,4,3,1,0.6041565022896975,,623.3
6986,-4.300000000000001,0,4,3,1,0.6041565022896975,,623.4
6987,-4.300000000000001,0,4,3,1,0.6041565022896975,,623.4
6988,-4.300000000000001,0,4,3,1,0.6041565022896975,,623.5
6989,-0.30000000000000004,0,4,3,1,0.6041565022896975,,623.6
6990,-2.3000000000000003,0,4,3,1,0.6041565022896975,,623.6
6991,-0.30000000000000004,0,4,3,1,0.6041565022896975,,623.7
6992,-2.3000000000000003,0,4,3,1,0.6041565022896975,,623.7
6993,-4.300000000000001,0,4,3,1,0.6041565022896975,,623.8
6994,-4.300000000000001,0,4,3,1,0.6041565022896975,,623.8
6995,-0.30000000000000004,0,4,3,1,0.6041565022896975,,623.9
6996,5.7,1,4,3,1,0.6041565022896975,,624.0
6997,-4.300000000000001,0,4,3,1,0.6041565022896975,,624.1
6998,-0.30000000000000004,0,4,3,1,0.6041565022896975,,624.1
6999,-4.300000000000001,0,4,3,1,0.6041565022896975,,624.2
7000,-2.3000000000000003,0,4,3,1,0.6041565022896975,,624.3
7001,-2.3000000000000003,0,4,3,1,0.6041565022896975,,629.3
7002,-4.300000000000001,0,4,3,1,0.6041565022896975,,629.4
7003,-4.300000000000001,0,4,3,1,0.6041565022896975,,629.4
7004,-4.300000000000001,0,4,3,1,0.6041565022896975,,629.5
7005,-4.300000000000001,0,4,3,1,0.6041565022896975,,629.5
7006,5.7,1,4,3,1,0.5838701927568763,1.546700983075425,630.3
7007,-2.3000000000000003,0,4,3,1,0.5838701927568763,,630.3
7008,-0.30000000000000004,0,4,3,1,0.5838701927568763,,630.4
7009,-0.30000000000000004,0,4,3,1,0.5838701927568763,,630.4
7010,-4.300000000000001,0,4,3,1,0.5838701927568763,,630.5
7011,6.6,1,5,4,1,0.5838701927568763,,630.5
7012,-4.300000000000001,0,4,3,1,0.5838701927568763,,630.6
7013,-0.30000000000000004,0,4,3,1,0.5838701927568763,,630.7
7014,5.4,1,6,3,1,0.5838701927568763,,630.7
7015,-2.3000000000000003,0,4,3,1,0.5838701927568763,,630.8
7016,5.7,1,4,3,1,0.5838701927568763,,630.9
7017,-3.6000000000000005,0,6,3,1,0.5838701927568763,,631.0
7018,-4.300000000000001,0,4,3,1,0.5838701927568763,,631.1
7019,-2.3000000000000003,0,4,3,1,0.5838701927568763,,631.1
7020,-4.300000000000001,0,4,3,1,0.5838701927568763,,631.2
7021,-3.4000000000000004,0,5,4,1,0.5838701927568763,,631.3
7022,-4.300000000000001,0,4,3,1,0.5838701927568763,,631.3
7023,-2.3000000000000003,0,4,3,1,0.5838701927568763,,631.4
7024,5.7,1,4,3,1,0.5838701927568763,,631.4
7025,-0.30000000000000004,0,4,3,1,0.5838701927568763,,631.5
7026,-2.3000000000000003,0,4,3,1,0.5838701927568763,,631.6
7027,-0.30000000000000004,0,4,3,1,0.5838701927568763,,631.7
7028,-4.300000000000001,0,4,3,1,0.5838701927568763,,631.7
7029,-2.3000000000000003,0,4,3,1,0.5838701927568763,,631.8
7030,-4.300000000000001,0,4,3,1,0.5838701927568763,,631.9
7031,-2.3000000000000003,0,4,3,1,0.5838701927568763,,631.9
7032,-4.300000000000001,0,4,3,1,0.5838701927568763,,632.0
7033,-4.300000000000001,0,4,3,1,0.5838701927568763,,632.1
7034,-4.300000000000001,0,4,3,1,0.5838701927568763,,632.1
7035,5.7,1,4,3,1,0.5838701927568763,,632.2
7036,-3.6000000000000005,0,6,3,1,0.5838701927568763,,632.3
7037,-4.300000000000001,0,4,3,1,0.5838701927568763,,632.3
7038,-4.300000000000001,0,4,3,1,0.5838701927568763,,632.4
7039,5.7,1,4,3,1,0.5838701927568763,,632.4
7040,-4.300000000000001,0,4,3,1,0.5838701927568763,,632.5
7041,5.7,1,4,3,1,0.5838701927568763,,632.5
7042,-4.300000000000001,0,4,3,1,0.5838701927568763,,632.6
7043,-4.300000000000001,0,4,3,1,0.5838701927568763,,632.6
7044,-4.300000000000001,0,4,3,1,0.5838701927568763,,632.7
7045,-4.300000000000001,0,4,3,1,0.5838701927568763,,632.7
7046,5.7,1,4,3,1,0.5838701927568763,,632.7
7047,5.7,1,4,3,1,0.5838701927568763,,632.8
7048,-2.3000000000000003,0,4,3,1,0.5838701927568763,,632.9
7049,-4.300000000000001,0,4,3,1,0.5838701927568763,,633.0
7050,5.7,1,4,3,1,0.5838701927568763,,633.0
7051,-4.300000000000001,0,4,3,1,0.5838701927568763,,633.1
7052,-4.300000000000001,0,4,3,1,0.5838701927568763,,633.2
7053,-4.300000000000001,0,4,3,1,0.5838701927568763,,633.2
7054,-4.300000000000001,0,4,3,1,0.5838701927568763,,633.3
7055,-4.300000000000001,0,4,3,1,0.5838701927568763,,633.3
7056,5.7,1,4,3,1,0.5838701927568763,,633.4
7057,-0.30000000000000004,0,4,3,1,0.5838701927568763,,633.5
7058,-4.300000000000001,0,4,3,1,0.5838701927568763,,633.6
7059,5.7,1,4,3,1,0.5838701927568763,,633.6
7060,-4.300000000000001,0,4,3,1,0.5838701927568763,,633.7
7061,-2.3000000000000003,0,4,3,1,0.5838701927568763,,633.8
7062,-2.3000000000000003,0,4,3,1,0.5838701927568763,,633.8
7063,-4.300000000000001,0,4,3,1,0.5838701927568763,,633.9
7064,-4.300000000000001,0,4,3,1,0.5838701927568763,,633.9
7065,-4.300000000000001,0,4,3,1,0.5838701927568763,,634.0
7066,-0.30000000000000004,0,4,3,1,0.5838701927568763,,634.0
7067,-0.30000000000000004,0,4,3,1,0.5838701927568763,,634.1
7068,-4.300000000000001,0,4,3,1,0.5838701927568763,,634.1
7069,-4.300000000000001,0,4,3,1,0.5838701927568763,,634.2
7070,5.7,1,4,3,1,0.5838701927568763,,634.3
7071,-3.4000000000000004,0,5,4,1,0.5838701927568763,,634.4
7072,-4.300000000000001,0,4,3,1,0.5838701927568763,,634.4
7073,-2.3000000000000003,0,4,3,1,0.5838701927568763,,634.5
7074,5.7,1,4,3,1,0.5838701927568763,,634.5
7075,-4.300000000000001,0,4,3,1,0.5838701927568763,,634.6
7076,-0.30000000000000004,0,4,3,1,0.5838701927568763,,634.7
7077,5.7,1,4,3,1,0.5838701927568763,,634.8
7078,-2.3000000000000003,0,4,3,1,0.5838701927568763,,634.9
7079,-0.30000000000000004,0,4,3,1,0.5838701927568763,,634.9
7080,-4.300000000000001,0,4,3,1,0.5838701927568763,,635.1
7081,-0.30000000000000004,0,4,3,1,0.5838701927568763,,635.2
7082,-0.30000000000000004,0,4,3,1,0.5838701927568763,,635.2
7083,-4.300000000000001,0,4,3,1,0.5838701927568763,,635.3
7084,-4.300000000000001,0,4,3,1,0.5838701927568763,,635.3
7085,5.7,1,4,3,1,0.5838701927568763,,635.4
7086,-4.300000000000001,0,4,3,1,0.5838701927568763,,635.5
7087,-4.300000000000001,0,4,3,1,0.5838701927568763,,635.6
7088,5.7,1,4,3,1,0.5838701927568763,,635.6
7089,-2.3000000000000003,0,4,3,1,0.5838701927568763,,635.7
7090,-4.300000000000001,0,4,3,1,0.5838701927568763,,635.8
7091,-2.3000000000000003,0,4,3,1,0.5838701927568763,,635.8
7092,-4.300000000000001,0,4,3,1,0.5838701927568763,,635.9
7093,-4.300000000000001,0,4,3,1,0.5838701927568763,,636.0
7094,-4.300000000000001,0,4,3,1,0.5838701927568763,,636.0
7095,5.7,1,4,3,1,0.5838701927568763,,636.1
7096,-4.300000000000001,0,4,3,1,0.5838701927568763,,636.2
7097,-4.300000000000001,0,4,3,1,0.5838701927568763,,636.2
7098,-0.30000000000000004,0,4,3,1,0.5838701927568763,,636.3
7099,5.7,1,4,3,1,0.5838701927568763,,636.3
7100,-4.300000000000001,0,4,3,1,0.5838701927568763,,636.4
7101,-4.300000000000001,0,4,3,1,0.5838701927568763,,636.5
7102,-4.300000000000001,0,4,3,1,0.5838701927568763,,636.5
7103,-4.300000000000001,0,4,3,1,0.5838701927568763,,636.6
7104,-4.300000000000001,0,4,3,1,0.5838701927568763,,636.7
7105,-2.3000000000000003,0,4,3,1,0.5838701927568763,,636.7
7106,-0.30000000000000004,0,4,3,1,0.5838701927568763,,636.8
7107,-2.3000000000000003,0,4,3,1,0.5838701927568763,,636.8
7108,-4.300000000000001,0,4,3,1,0.5838701927568763,,636.9
7109,-4.300000000000001,0,4,3,1,0.5838701927568763,,636.9
7110,-2.3000000000000003,0,4,3,1,0.5838701927568763,,636.9
7111,-4.300000000000001,0,4,3,1,0.5838701927568763,,637.0
7112,-2.9000000000000004,0,8,3,1,0.5838701927568763,,637.1
7113,-4.300000000000001,0,4,3,1,0.5838701927568763,,637.2
7114,-2.3000000000000003,0,4,3,1,0.5838701927568763,,637.2
7115,-4.300000000000001,0,4,3,1,0.5838701927568763,,637.3
7116,-4.300000000000001,0,4,3,1,0.5838701927568763,,637.3
7117,-4.300000000000001,0,4,3,1,0.5838701927568763,,637.4
7118,-4.300000000000001,0,4,3,1,0.5838701927568763,,637.4
7119,-4.300000000000001,0,4,3,1,0.5838701927568763,,637.5
7120,-4.300000000000001,0,4,3,1,0.5838701927568763,,637.6
7121,-4.300000000000001,0,4,3,1,0.5838701927568763,,637.7
7122,-4.300000000000001,0,4,3,1,0.5838701927568763,,637.7
7123,-4.300000000000001,0,4,3,1,0.5838701927568763,,637.8
7124,-4.300000000000001,0,4,3,1,0.5838701927568763,,637.8
7125,-4.300000000000001,0,4,3,1,0.5838701927568763,,637.9
7126,-2.3000000000000003,0,4,3,1,0.5838701927568763,,638.0
7127,-4.300000000000001,0,4,3,1,0.5838701927568763,,638.1
7128,-4.300000000000001,0,4,3,1,0.5838701927568763,,638.2
7129,-4.300000000000001,0,4,3,1,0.5838701927568763,,638.2
7130,-2.3000000000000003,0,4,3,1,0.5838701927568763,,638.3
7131,5.7,1,4,3,1,0.5838701927568763,,638.3
7132,-5.4,0,5,4,1,0.5838701927568763,,638.4
7133,-4.300000000000001,0,4,3,1,0.5838701927568763,,638.5
7134,-4.300000000000001,0,4,3,1,0.5838701927568763,,638.5
7135,-0.30000000000000004,0,4,3,1,0.5838701927568763,,638.6
7136,-2.3000000000000003,0,4,3,1,0.5838701927568763,,638.7
7137,-0.30000000000000004,0,4,3,1,0.5838701927568763,,638.7
7138,5.7,1,4,3,1,0.5838701927568763,,638.8
7139,-4.300000000000001,0,4,3,1,0.5838701927568763,,638.9
7140,-2.3000000000000003,0,4,3,1,0.5838701927568763,,639.0
7141,-4.300000000000001,0,4,3,1,0.5838701927568763,,639.1
7142,5.7,1,4,3,1,0.5838701927568763,,639.1
7143,-2.3000000000000003,0,4,3,1,0.5838701927568763,,639.2
7144,-4.300000000000001,0,4,3,1,0.5838701927568763,,639.3
7145,-4.300000000000001,0,4,3,1,0.5838701927568763,,639.3
7146,-4.300000000000001,0,4,3,1,0.5838701927568763,,639.4
7147,-2.3000000000000003,0,4,3,1,0.5838701927568763,,639.5
7148,-4.300000000000001,0,4,3,1,0.5838701927568763,,639.6
7149,5.7,1,4,3,1,0.5838701927568763,,639.6
7150,-0.30000000000000004,0,4,3,1,0.5838701927568763,,639.7
7151,-4.300000000000001,0,4,3,1,0.5838701927568763,,639.7
7152,5.4,1,6,3,1,0.5838701927568763,,639.8
7153,-4.300000000000001,0,4,3,1,0.5838701927568763,,639.9
7154,-4.300000000000001,0,4,3,1,0.5838701927568763,,640.0
7155,5.7,1,4,3,1,0.5838701927568763,,640.0
7156,5.7,1,4,3,1,0.5838701927568763,,640.1
7157,-0.30000000000000004,0,4,3,1,0.5838701927568763,,640.2
7158,-4.300000000000001,0,4,3,1,0.5838701927568763,,640.3
7159,-4.300000000000001,0,4,3,1,0.5838701927568763,,640.3
7160,-4.300000000000001,0,4,3,1,0.5838701927568763,,640.3
7161,-0.30000000000000004,0,4,3,1,0.5838701927568763,,640.4
7162,5.7,1,4,3,1,0.5838701927568763,,640.5
7163,-4.300000000000001,0,4,3,1,0.5838701927568763,,640.6
7164,-4.300000000000001,0,4,3,1,0.5838701927568763,,640.6
7165,-4.300000000000001,0,4,3,1,0.5838701927568763,,640.7
7166,-4.300000000000001,0,4,3,1,0.5838701927568763,,640.8
7167,5.7,1,4,3,1,0.5838701927568763,,640.8
7168,5.7,1,4,3,1,0.5838701927568763,,640.8
7169,5.7,1,4,3,1,0.5838701927568763,,640.9
7170,5.7,1,4,3,1,0.5838701927568763,,640.9
7171,-4.300000000000001,0,4,3,1,0.5838701927568763,,641.0
7172,-4.300000000000001,0,4,3,1,0.5838701927568763,,641.1
7173,-4.300000000000001,0,4,3,1,0.5838701927568763,,641.1
7174,-2.3000000000000003,0,4,3,1,0.5838701927568763,,641.2
7175,-4.300000000000001,0,4,3,1,0.5838701927568763,,641.3
7176,-0.30000000000000004,0,4,3,1,0.5838701927568763,,641.4
7177,-4.300000000000001,0,4,3,1,0.5838701927568763,,641.5
7178,-4.300000000000001,0,4,3,1,0.5838701927568763,,641.6
7179,-4.300000000000001,0,4,3,1,0.5838701927568763,,641.7
7180,-0.30000000000000004,0,4,3,1,0.5838701927568763,,641.7
7181,-4.300000000000001,0,4,3,1,0.5838701927568763,,641.8
7182,-2.3000000000000003,0,4,3,1,0.5838701927568763,,641.9
7183,-4.300000000000001,0,4,3,1,0.5838701927568763,,641.9
7184,-4.300000000000001,0,4,3,1,0.5838701927568763,,642.0
7185,-4.300000000000001,0,4,3,1,0.5838701927568763,,642.0
7186,-4.300000000000001,0,4,3,1,0.5838701927568763,,642.1
7187,-0.30000000000000004,0,4,3,1,0.5838701927568763,,642.1
7188,5.7,1,4,3,1,0.5838701927568763,,642.2
7189,-4.300000000000001,0,4,3,1,0.5838701927568763,,642.3
7190,-0.30000000000000004,0,4,3,1,0.5838701927568763,,642.3
7191,-4.300000000000001,0,4,3,1,0.5838701927568763,,642.4
7192,-4.300000000000001,0,4,3,1,0.5838701927568763,,642.5
7193,-4.300000000000001,0,4,3,1,0.5838701927568763,,642.5
7194,5.7,1,4,3,1,0.5838701927568763,,642.6
7195,-4.300000000000001,0,4,3,1,0.5838701927568763,,642.7
7196,-4.300000000000001,0,4,3,1,0.5838701927568763,,642.7
7197,-2.3000000000000003,0,4,3,1,0.5838701927568763,,642.8
7198,-4.300000000000001,0,4,3,1,0.5838701927568763,,642.8
7199,5.7,1,4,3,1,0.5838701927568763,,642.9
7200,-0.30000000000000004,0,4,3,1,0.5838701927568763,,643.0
7201,-4.300000000000001,0,4,3,1,0.5838701927568763,,643.0
7202,-4.300000000000001,0,4,3,1,0.5838701927568763,,643.1
7203,-2.3000000000000003,0,4,3,1,0.5838701927568763,,643.1
7204,-4.300000000000001,0,4,3,1,0.5838701927568763,,643.2
7205,-2.3000000000000003,0,4,3,1,0.5838701927568763,,643.3
7206,-4.300000000000001,0,4,3,1,0.5838701927568763,,643.4
7207,-4.300000000000001,0,4,3,1,0.5838701927568763,,643.5
7208,-4.300000000000001,0,4,3,1,0.5838701927568763,,643.5
7209,5.7,1,4,3,1,0.5838701927568763,,643.6
7210,-0.30000000000000004,0,4,3,1,0.5838701927568763,,643.7
7211,-4.300000000000001,0,4,3,1,0.5838701927568763,,643.7
7212,-4.300000000000001,0,4,3,1,0.5838701927568763,,643.8
7213,-4.300000000000001,0,4,3,1,0.5838701927568763,,643.8
7214,-4.300000000000001,0,4,3,1,0.5838701927568763,,643.9
7215,-2.3000000000000003,0,4,3,1,0.5838701927568763,,644.0
7216,-4.300000000000001,0,4,3,1,0.5838701927568763,,644.1
7217,5.7,1,4,3,1,0.5838701927568763,,644.1
7218,-4.300000000000001,0,4,3,1,0.5838701927568763,,644.2
7219,-4.300000000000001,0,4,3,1,0.5838701927568763,,644.3
7220,-4.300000000000001,0,4,3,1,0.5838701927568763,,644.4
7221,-2.3000000000000003,0,4,3,1,0.5838701927568763,,644.4
7222,-2.3000000000000003,0,4,3,1,0.5838701927568763,,644.5
7223,-2.3000000000000003,0,4,3,1,0.5838701927568763,,644.6
7224,-4.300000000000001,0,4,3,1,0.5838701927568763,,644.7
7225,-0.30000000000000004,0,4,3,1,0.5838701927568763,,644.7
7226,-0.30000000000000004,0,4,3,1,0.5838701927568763,,644.8
7227,5.7,1,4,3,1,0.5838701927568763,,644.9
7228,-4.300000000000001,0,4,3,1,0.5838701927568763,,644.9
7229,-4.300000000000001,0,4,3,1,0.5838701927568763,,645.0
7230,-4.300000000000001,0,4,3,1,0.5838701927568763,,645.1
7231,-2.3000000000000003,0,4,3,1,0.5838701927568763,,645.1
7232,-4.300000000000001,0,4,3,1,0.5838701927568763,,645.2
7233,-0.30000000000000004,0,4,3,1,0.5838701927568763,,645.2
7234,-0.30000000000000004,0,4,3,1,0.5838701927568763,,645.3
7235,-0.30000000000000004,0,4,3,1,0.5838701927568763,,645.3
7236,5.7,1,4,3,1,0.5838701927568763,,645.4
7237,-4.300000000000001,0,4,3,1,0.5838701927568763,,645.4
7238,-4.300000000000001,0,4,3,1,0.5838701927568763,,645.5
7239,-0.30000000000000004,0,4,3,1,0.5838701927568763,,645.6
7240,-4.300000000000001,0,4,3,1,0.5838701927568763,,645.7
7241,5.7,1,4,3,1,0.5838701927568763,,645.8
7242,-4.300000000000001,0,4,3,1,0.5838701927568763,,645.8
7243,-4.300000000000001,0,4,3,1,0.5838701927568763,,645.9
7244,5.7,1,4,3,1,0.5838701927568763,,645.9
7245,-4.300000000000001,0,4,3,1,0.5838701927568763,,646.0
7246,5.7,1,4,3,1,0.5838701927568763,,646.1
7247,-5.4,0,5,4,1,0.5838701927568763,,646.1
7248,-4.6000000000000005,0,6,3,1,0.5838701927568763,,646.2
7249,-4.300000000000001,0,4,3,1,0.5838701927568763,,646.3
7250,-2.3000000000000003,0,4,3,1,0.5838701927568763,,646.4
7251,5.7,1,4,3,1,0.5838701927568763,,646.5
7252,-4.300000000000001,0,4,3,1,0.5838701927568763,,646.5
7253,-2.3000000000000003,0,4,3,1,0.5838701927568763,,646.6
7254,-4.300000000000001,0,4,3,1,0.5838701927568763,,646.7
7255,-2.3000000000000003,0,4,3,1,0.5838701927568763,,646.8
7256,-4.300000000000001,0,4,3,1,0.5838701927568763,,646.9
7257,-4.300000000000001,0,4,3,1,0.5838701927568763,,646.9
7258,-4.300000000000001,0,4,3,1,0.5838701927568763,,647.0
7259,-4.300000000000001,0,4,3,1,0.5838701927568763,,647.0
7260,-4.300000000000001,0,4,3,1,0.5838701927568763,,647.1
7261,-3.6,0,6,3,1,0.5838701927568763,,647.2
7262,5.7,1,4,3,1,0.5838701927568763,,647.3
7263,-4.300000000000001,0,4,3,1,0.5838701927568763,,647.3
7264,5.7,1,4,3,1,0.5838701927568763,,647.4
7265,-4.300000000000001,0,4,3,1,0.5838701927568763,,647.4
7266,-4.300000000000001,0,4,3,1,0.5838701927568763,,647.5
7267,-4.300000000000001,0,4,3,1,0.5838701927568763,,647.6
7268,5.7,1,4,3,1,0.5838701927568763,,647.6
7269,-4.300000000000001,0,4,3,1,0.5838701927568763,,647.7
7270,-0.30000000000000004,0,4,3,1,0.5838701927568763,,647.8
7271,-4.300000000000001,0,4,3,1,0.5838701927568763,,647.8
7272,-0.30000000000000004,0,4,3,1,0.5838701927568763,,647.9
7273,-4.300000000000001,0,4,3,1,0.5838701927568763,,647.9
7274,-2.3000000000000003,0,4,3,1,0.5838701927568763,,648.0
7275,-4.300000000000001,0,4,3,1,0.5838701927568763,,648.0
7276,5.7,1,4,3,1,0.5838701927568763,,648.1
7277,-4.300000000000001,0,4,3,1,0.5838701927568763,,648.1
7278,-4.6000000000000005,0,6,3,1,0.5838701927568763,,648.2
7279,-4.300000000000001,0,4,3,1,0.5838701927568763,,648.3
7280,-4.300000000000001,0,4,3,1,0.5838701927568763,,648.4
7281,5.7,1,4,3,1,0.5838701927568763,,648.5
7282,-4.300000000000001,0,4,3,1,0.5838701927568763,,648.5
7283,-4.300000000000001,0,4,3,1,0.5838701927568763,,648.6
7284,-4.300000000000001,0,4,3,1,0.5838701927568763,,648.6
7285,-4.300000000000001,0,4,3,1,0.5838701927568763,,648.7
7286,-2.3000000000000003,0,4,3,1,0.5838701927568763,,648.8
7287,-4.300000000000001,0,4,3,1,0.5838701927568763,,648.9
7288,5.7,1,4,3,1,0.5838701927568763,,648.9
7289,5.7,1,4,3,1,0.5838701927568763,,649.0
7290,-2.3000000000000003,0,4,3,1,0.5838701927568763,,649.0
7291,-4.300000000000001,0,4,3,1,0.5838701927568763,,649.1
7292,-4.300000000000001,0,4,3,1,0.5838701927568763,,649.2
7293,-0.30000000000000004,0,4,3,1,0.5838701927568763,,649.2
7294,-4.300000000000001,0,4,3,1,0.5838701927568763,,649.3
7295,5.7,1,4,3,1,0.5838701927568763,,649.4
7296,-4.300000000000001,0,4,3,1,0.5838701927568763,,649.4
7297,-2.3000000000000003,0,4,3,1,0.5838701927568763,,649.5
7298,-4.300000000000001,0,4,3,1,0.5838701927568763,,649.6
7299,-4.300000000000001,0,4,3,1,0.5838701927568763,,649.6
7300,5.7,1,4,3,1,0.5838701927568763,,649.7
7301,-4.300000000000001,0,4,3,1,0.5838701927568763,,649.8
7302,-4.300000000000001,0,4,3,1,0.5838701927568763,,649.9
7303,5.7,1,4,3,1,0.5838701927568763,,649.9
7304,5.7,1,4,3,1,0.5838701927568763,,650.0
7305,-2.3000000000000003,0,4,3,1,0.5838701927568763,,650.1
7306,-4.300000000000001,0,4,3,1,0.5838701927568763,,650.1
7307,5.7,1,4,3,1,0.5838701927568763,,650.2
7308,-4.300000000000001,0,4,3,1,0.5838701927568763,,650.3
7309,5.7,1,4,3,1,0.5838701927568763,,650.3
7310,-4.300000000000001,0,4,3,1,0.5838701927568763,,650.4
7311,-4.300000000000001,0,4,3,1,0.5838701927568763,,650.4
7312,5.7,1,4,3,1,0.5838701927568763,,650.5
7313,5.7,1,4,3,1,0.5838701927568763,,650.6
7314,-4.300000000000001,0,4,3,1,0.5838701927568763,,650.6
7315,-4.300000000000001,0,4,3,1,0.5838701927568763,,650.7
7316,-4.300000000000001,0,4,3,1,0.5838701927568763,,650.8
7317,5.7,1,4,3,1,0.5838701927568763,,650.8
7318,-4.300000000000001,0,4,3,1,0.5838701927568763,,650.9
7319,-4.300000000000001,0,4,3,1,0.5838701927568763,,651.0
7320,-4.300000000000001,0,4,3,1,0.5838701927568763,,651.1
7321,5.7,1,4,3,1,0.5838701927568763,,651.2
7322,-0.30000000000000004,0,4,3,1,0.5838701927568763,,651.2
7323,5.7,1,4,3,1,0.5838701927568763,,651.3
7324,5.7,1,4,3,1,0.5838701927568763,,651.3
7325,-2.3000000000000003,0,4,3,1,0.5838701927568763,,651.4
7326,-2.3000000000000003,0,4,3,1,0.5838701927568763,,651.5
7327,-2.3000000000000003,0,4,3,1,0.5838701927568763,,651.6
7328,-4.6,0,6,3,1,0.5838701927568763,,651.7
7329,-4.300000000000001,0,4,3,1,0.5838701927568763,,651.7
7330,-2.3000000000000003,0,4,3,1,0.5838701927568763,,651.8
7331,-2.3000000000000003,0,4,3,1,0.5838701927568763,,651.8
7332,-2.3000000000000003,0,4,3,1,0.5838701927568763,,651.9
7333,-4.300000000000001,0,4,3,1,0.5838701927568763,,652.0
7334,-4.300000000000001,0,4,3,1,0.5838701927568763,,652.0
7335,-4.300000000000001,0,4,3,1,0.5838701927568763,,652.1
7336,5.7,1,4,3,1,0.5838701927568763,,652.2
7337,-0.30000000000000004,0,4,3,1,0.5838701927568763,,652.2
7338,-2.3000000000000003,0,4,3,1,0.5838701927568763,,652.3
7339,-4.300000000000001,0,4,3,1,0.5838701927568763,,652.3
7340,-4.300000000000001,0,4,3,1,0.5838701927568763,,652.4
7341,5.7,1,4,3,1,0.5838701927568763,,652.4
7342,-0.30000000000000004,0,4,3,1,0.5838701927568763,,652.5
7343,-0.30000000000000004,0,4,3,1,0.5838701927568763,,652.6
7344,-4.300000000000001,0,4,3,1,0.5838701927568763,,652.7
7345,-4.300000000000001,0,4,3,1,0.5838701927568763,,652.7
7346,5.7,1,4,3,1,0.5838701927568763,,652.8
7347,-4.300000000000001,0,4,3,1,0.5838701927568763,,652.9
7348,-4.300000000000001,0,4,3,1,0.5838701927568763,,652.9
7349,-4.300000000000001,0,4,3,1,0.5838701927568763,,653.0
7350,-4.300000000000001,0,4,3,1,0.5838701927568763,,653.1
7351,-4.300000000000001,0,4,3,1,0.5838701927568763,,653.2
7352,-4.300000000000001,0,4,3,1,0.5838701927568763,,653.2
7353,-5.6000000000000005,0,6,3,1,0.5838701927568763,,653.3
7354,-4.300000000000001,0,4,3,1,0.5838701927568763,,653.4
7355,5.7,1,4,3,1,0.5838701927568763,,653.4
7356,5.7,1,4,3,1,0.5838701927568763,,653.5
7357,-0.30000000000000004,0,4,3,1,0.5838701927568763,,653.6
7358,-4.300000000000001,0,4,3,1,0.5838701927568763,,653.7
7359,-4.300000000000001,0,4,3,1,0.5838701927568763,,653.7
7360,-0.30000000000000004,0,4,3,1,0.5838701927568763,,653.8
7361,-0.30000000000000004,0,4,3,1,0.5838701927568763,,653.8
7362,-4.300000000000001,0,4,3,1,0.5838701927568763,,653.9
7363,-4.300000000000001,0,4,3,1,0.5838701927568763,,654.0
7364,-4.300000000000001,0,4,3,1,0.5838701927568763,,654.0
7365,-4.6,0,6,3,1,0.5838701927568763,,654.1
7366,-4.300000000000001,0,4,3,1,0.5838701927568763,,654.2
7367,-0.30000000000000004,0,4,3,1,0.5838701927568763,,654.2
7368,-4.6000000000000005,0,6,3,1,0.5838701927568763,,654.3
7369,-2.3000000000000003,0,4,3,1,0.5838701927568763,,654.3
7370,-4.300000000000001,0,4,3,1,0.5838701927568763,,654.4
7371,-4.300000000000001,0,4,3,1,0.5838701927568763,,654.5
7372,-2.3000000000000003,0,4,3,1,0.5838701927568763,,654.5
7373,-4.300000000000001,0,4,3,1,0.5838701927568763,,654.6
7374,-4.300000000000001,0,4,3,1,0.5838701927568763,,654.7
7375,-2.3000000000000003,0,4,3,1,0.5838701927568763,,654.7
7376,-4.300000000000001,0,4,3,1,0.5838701927568763,,654.8
7377,-2.3000000000000003,0,4,3,1,0.5838701927568763,,654.9
7378,-5.4,0,5,4,1,0.5838701927568763,,654.9
7379,-0.30000000000000004,0,4,3,1,0.5838701927568763,,655.0
7380,5.7,1,4,3,1,0.5838701927568763,,655.0
7381,-2.3000000000000003,0,4,3,1,0.5838701927568763,,655.1
7382,-4.300000000000001,0,4,3,1,0.5838701927568763,,655.1
7383,-4.300000000000001,0,4,3,1,0.5838701927568763,,655.2
7384,-2.3000000000000003,0,4,3,1,0.5838701927568763,,655.3
7385,-4.300000000000001,0,4,3,1,0.5838701927568763,,655.4
7386,-4.300000000000001,0,4,3,1,0.5838701927568763,,655.4
7387,-2.3000000000000003,0,4,3,1,0.5838701927568763,,655.4
7388,-2.3000000000000003,0,4,3,1,0.5838701927568763,,655.5
7389,-4.300000000000001,0,4,3,1,0.5838701927568763,,655.5
7390,-2.3000000000000003,0,4,3,1,0.5838701927568763,,655.6
7391,-5.6000000000000005,0,6,3,1,0.5838701927568763,,655.7
7392,5.7,1,4,3,1,0.5838701927568763,,655.7
7393,5.7,1,4,3,1,0.5838701927568763,,655.8
7394,-0.30000000000000004,0,4,3,1,0.5838701927568763,,655.9
7395,-0.30000000000000004,0,4,3,1,0.5838701927568763,,655.9
7396,-4.300000000000001,0,4,3,1,0.5838701927568763,,656.0
7397,-4.300000000000001,0,4,3,1,0.5838701927568763,,656.0
7398,-4.300000000000001,0,4,3,1,0.5838701927568763,,656.1
7399,-0.30000000000000004,0,4,3,1,0.5838701927568763,,656.2
7400,-2.3000000000000003,0,4,3,1,0.5838701927568763,,656.2
7401,5.7,1,4,3,1,0.5838701927568763,,656.3
7402,-4.300000000000001,0,4,3,1,0.5838701927568763,,656.4
7403,-0.30000000000000004,0,4,3,1,0.5838701927568763,,656.5
7404,-4.6,0,6,3,1,0.5838701927568763,,656.6
7405,-4.300000000000001,0,4,3,1,0.5838701927568763,,656.6
7406,-4.300000000000001,0,4,3,1,0.5838701927568763,,656.7
7407,-4.300000000000001,0,4,3,1,0.5838701927568763,,656.7
7408,-4.300000000000001,0,4,3,1,0.5838701927568763,,656.8
7409,-4.300000000000001,0,4,3,1,0.5838701927568763,,656.9
7410,-2.3000000000000003,0,4,3,1,0.5838701927568763,,656.9
7411,-4.300000000000001,0,4,3,1,0.5838701927568763,,657.0
7412,-4.300000000000001,0,4,3,1,0.5838701927568763,,657.1
7413,-4.300000000000001,0,4,3,1,0.5838701927568763,,657.1
7414,-0.30000000000000004,0,4,3,1,0.5838701927568763,,657.2
7415,-0.30000000000000004,0,4,3,1,0.5838701927568763,,657.2
7416,-4.300000000000001,0,4,3,1,0.5838701927568763,,657.3
7417,-4.300000000000001,0,4,3,1,0.5838701927568763,,657.3
7418,-4.300000000000001,0,4,3,1,0.5838701927568763,,657.4
7419,-2.3000000000000003,0,4,3,1,0.5838701927568763,,657.5
7420,-2.3000000000000003,0,4,3,1,0.5838701927568763,,657.5
7421,-4.300000000000001,0,4,3,1,0.5838701927568763,,657.6
7422,-4.300000000000001,0,4,3,1,0.5838701927568763,,657.7
7423,-2.9000000000000004,0,8,3,1,0.5838701927568763,,657.8
7424,5.7,1,4,3,1,0.5838701927568763,,657.8
7425,-4.300000000000001,0,4,3,1,0.5838701927568763,,657.9
7426,5.7,1,4,3,1,0.5838701927568763,,658.0
7427,-4.300000000000001,0,4,3,1,0.5838701927568763,,658.0
7428,-4.300000000000001,0,4,3,1,0.5838701927568763,,658.1
7429,-4.6000000000000005,0,6,3,1,0.5838701927568763,,658.1
7430,-4.300000000000001,0,4,3,1,0.5838701927568763,,658.2
7431,-4.300000000000001,0,4,3,1,0.5838701927568763,,658.3
7432,-4.300000000000001,0,4,3,1,0.5838701927568763,,658.4
7433,-4.300000000000001,0,4,3,1,0.5838701927568763,,658.5
7434,-4.300000000000001,0,4,3,1,0.5838701927568763,,658.5
7435,-4.300000000000001,0,4,3,1,0.5838701927568763,,658.6
7436,-0.30000000000000004,0,4,3,1,0.5838701927568763,,658.6
7437,-4.300000000000001,0,4,3,1,0.5838701927568763,,658.7
7438,-4.300000000000001,0,4,3,1,0.5838701927568763,,658.8
7439,-4.300000000000001,0,4,3,1,0.5838701927568763,,658.9
7440,-2.3000000000000003,0,4,3,1,0.5838701927568763,,658.9
7441,-4.300000000000001,0,4,3,1,0.5838701927568763,,659.0
7442,-4.300000000000001,0,4,3,1,0.5838701927568763,,659.0
7443,-4.300000000000001,0,4,3,1,0.5838701927568763,,659.1
7444,-2.3000000000000003,0,4,3,1,0.5838701927568763,,659.1
7445,-4.300000000000001,0,4,3,1,0.5838701927568763,,659.2
7446,-4.300000000000001,0,4,3,1,0.5838701927568763,,659.3
7447,-4.300000000000001,0,4,3,1,0.5838701927568763,,659.4
7448,-0.30000000000000004,0,4,3,1,0.5838701927568763,,659.4
7449,-2.3000000000000003,0,4,3,1,0.5838701927568763,,659.5
7450,5.7,1,4,3,1,0.5838701927568763,,659.6
7451,-4.300000000000001,0,4,3,1,0.5838701927568763,,659.6
7452,-4.300000000000001,0,4,3,1,0.5838701927568763,,659.6
7453,-4.300000000000001,0,4,3,1,0.5838701927568763,,659.7
7454,-4.300000000000001,0,4,3,1,0.5838701927568763,,659.7
7455,5.7,1,4,3,1,0.5838701927568763,,659.8
7456,-4.300000000000001,0,4,3,1,0.5838701927568763,,659.9
7457,-2.3000000000000003,0,4,3,1,0.5838701927568763,,659.9
7458,5.7,1,4,3,1,0.5838701927568763,,659.9
7459,5.7,1,4,3,1,0.5838701927568763,,660.0
7460,-0.30000000000000004,0,4,3,1,0.5838701927568763,,660.0
7461,-4.300000000000001,0,4,3,1,0.5838701927568763,,660.1
7462,-0.30000000000000004,0,4,3,1,0.5838701927568763,,660.2
7463,-4.300000000000001,0,4,3,1,0.5838701927568763,,660.3
7464,-4.300000000000001,0,4,3,1,0.5838701927568763,,660.3
7465,-4.300000000000001,0,4,3,1,0.5838701927568763,,660.4
7466,-4.300000000000001,0,4,3,1,0.5838701927568763,,660.5
7467,-0.30000000000000004,0,4,3,1,0.5838701927568763,,660.6
7468,-4.300000000000001,0,4,3,1,0.5838701927568763,,660.6
7469,-4.300000000000001,0,4,3,1,0.5838701927568763,,660.6
7470,-5.4,0,5,4,1,0.5838701927568763,,660.7
7471,-4.300000000000001,0,4,3,1,0.5838701927568763,,660.8
7472,-0.30000000000000004,0,4,3,1,0.5838701927568763,,660.8
7473,-4.300000000000001,0,4,3,1,0.5838701927568763,,660.9
7474,-4.300000000000001,0,4,3,1,0.5838701927568763,,661.0
7475,5.7,1,4,3,1,0.5838701927568763,,661.1
7476,-4.300000000000001,0,4,3,1,0.5838701927568763,,661.2
7477,-4.300000000000001,0,4,3,1,0.5838701927568763,,661.2
7478,-4.300000000000001,0,4,3,1,0.5838701927568763,,661.3
7479,-0.30000000000000004,0,4,3,1,0.5838701927568763,,661.4
7480,-4.300000000000001,0,4,3,1,0.5838701927568763,,661.4
7481,-4.300000000000001,0,4,3,1,0.5838701927568763,,661.4
7482,-2.3000000000000003,0,4,3,1,0.5838701927568763,,661.5
7483,-4.300000000000001,0,4,3,1,0.5838701927568763,,661.5
7484,-2.3000000000000003,0,4,3,1,0.5838701927568763,,661.6
7485,-4.300000000000001,0,4,3,1,0.5838701927568763,,661.7
7486,-4.300000000000001,0,4,3,1,0.5838701927568763,,661.7
7487,-4.300000000000001,0,4,3,1,0.5838701927568763,,661.8
7488,-4.300000000000001,0,4,3,1,0.5838701927568763,,661.9
7489,-4.300000000000001,0,4,3,1,0.5838701927568763,,661.9
7490,-4.300000000000001,0,4,3,1,0.5838701927568763,,661.9
7491,-4.300000000000001,0,4,3,1,0.5838701927568763,,662.0
7492,-4.300000000000001,0,4,3,1,0.5838701927568763,,662.0
7493,-4.300000000000001,0,4,3,1,0.5838701927568763,,662.1
7494,-4.300000000000001,0,4,3,1,0.5838701927568763,,662.2
7495,-4.300000000000001,0,4,3,1,0.5838701927568763,,662.3
7496,-4.300000000000001,0,4,3,1,0.5838701927568763,,662.3
7497,-0.30000000000000004,0,4,3,1,0.5838701927568763,,662.4
7498,-0.30000000000000004,0,4,3,1,0.5838701927568763,,662.4
7499,-4.300000000000001,0,4,3,1,0.5838701927568763,,662.5
7500,5.7,1,4,3,1,0.5838701927568763,,662.6
7501,-4.300000000000001,0,4,3,1,0.5838701927568763,,667.6
7502,-2.3000000000000003,0,4,3,1,0.5838701927568763,,667.7
7503,-2.3000000000000003,0,4,3,1,0.5838701927568763,,667.7
7504,-1.4000000000000001,0,5,4,1,0.5838701927568763,,667.8
7505,-4.300000000000001,0,4,3,1,0.5838701927568763,,667.9
7506,-4.300000000000001,0,4,3,1,0.5838701927568763,,668.0
7507,-3.4000000000000004,0,5,4,1,0.5526767813134938,1.7871275199577212,668.7
7508,-4.300000000000001,0,4,3,1,0.5526767813134938,,668.7
7509,-2.3000000000000003,0,4,3,1,0.5526767813134938,,668.7
7510,-2.3000000000000003,0,4,3,1,0.5526767813134938,,668.8
7511,-4.300000000000001,0,4,3,1,0.5526767813134938,,668.9
7512,-0.30000000000000004,0,4,3,1,0.5526767813134938,,669.0
7513,-4.300000000000001,0,4,3,1,0.5526767813134938,,669.0
7514,-2.3000000000000003,0,4,3,1,0.5526767813134938,,669.0
7515,-0.6000000000000001,0,6,3,1,0.5526767813134938,,669.1
7516,-4.300000000000001,0,4,3,1,0.5526767813134938,,669.1
7517,-4.300000000000001,0,4,3,1,0.5526767813134938,,669.2
7518,5.7,1,4,3,1,0.5526767813134938,,669.3
7519,-4.300000000000001,0,4,3,1,0.5526767813134938,,669.3
7520,5.7,1,4,3,1,0.5526767813134938,,669.4
7521,-4.300000000000001,0,4,3,1,0.5526767813134938,,669.5
7522,-4.300000000000001,0,4,3,1,0.5526767813134938,,669.5
7523,-0.30000000000000004,0,4,3,1,0.5526767813134938,,669.6
7524,-4.300000000000001,0,4,3,1,0.5526767813134938,,669.7
7525,-4.300000000000001,0,4,3,1,0.5526767813134938,,669.7
7526,-4.300000000000001,0,4,3,1,0.5526767813134938,,669.8
7527,5.7,1,4,3,1,0.5526767813134938,,669.8
7528,-4.300000000000001,0,4,3,1,0.5526767813134938,,669.9
7529,-2.3000000000000003,0,4,3,1,0.5526767813134938,,670.0
7530,-4.300000000000001,0,4,3,1,0.5526767813134938,,670.1
7531,-4.300000000000001,0,4,3,1,0.5526767813134938,,670.1
7532,5.7,1,4,3,1,0.5526767813134938,,670.3
7533,-4.300000000000001,0,4,3,1,0.5526767813134938,,670.3
7534,-4.300000000000001,0,4,3,1,0.5526767813134938,,670.3
7535,-4.300000000000001,0,4,3,1,0.5526767813134938,,670.4
7536,-2.3000000000000003,0,4,3,1,0.5526767813134938,,670.4
7537,5.7,1,4,3,1,0.5526767813134938,,670.5
7538,5.7,1,4,3,1,0.5526767813134938,,670.6
7539,5.7,1,4,3,1,0.5526767813134938,,670.7
7540,-4.300000000000001,0,4,3,1,0.5526767813134938,,670.7
7541,-2.3000000000000003,0,4,3,1,0.5526767813134938,,670.8
7542,-2.3000000000000003,0,4,3,1,0.5526767813134938,,670.8
7543,-4.300000000000001,0,4,3,1,0.5526767813134938,,670.9
7544,-4.300000000000001,0,4,3,1,0.5526767813134938,,671.0
7545,5.7,1,4,3,1,0.5526767813134938,,671.1
7546,5.7,1,4,3,1,0.5526767813134938,,671.2
7547,-4.300000000000001,0,4,3,1,0.5526767813134938,,671.2
7548,-2.3000000000000003,0,4,3,1,0.5526767813134938,,671.3
7549,-4.300000000000001,0,4,3,1,0.5526767813134938,,671.4
7550,-0.30000000000000004,0,4,3,1,0.5526767813134938,,671.4
7551,-4.300000000000001,0,4,3,1,0.5526767813134938,,671.5
7552,-4.300000000000001,0,4,3,1,0.5526767813134938,,671.6
7553,5.7,1,4,3,1,0.5526767813134938,,671.6
7554,-4.300000000000001,0,4,3,1,0.5526767813134938,,671.7
7555,-2.6,0,6,3,1,0.5526767813134938,,671.8
7556,-0.30000000000000004,0,4,3,1,0.5526767813134938,,671.8
7557,-2.3000000000000003,0,4,3,1,0.5526767813134938,,671.9
7558,-4.300000000000001,0,4,3,1,0.5526767813134938,,671.9
7559,-4.300000000000001,0,4,3,1,0.5526767813134938,,672.0
7560,-4.300000000000001,0,4,3,1,0.5526767813134938,,672.1
7561,-2.3000000000000003,0,4,3,1,0.5526767813134938,,672.1
7562,-4.300000000000001,0,4,3,1,0.5526767813134938,,672.2
7563,-4.300000000000001,0,4,3,1,0.5526767813134938,,672.3
7564,-4.300000000000001,0,4,3,1,0.5526767813134938,,672.4
7565,-4.300000000000001,0,4,3,1,0.5526767813134938,,672.4
7566,5.7,1,4,3,1,0.5526767813134938,,672.5
7567,-2.3000000000000003,0,4,3,1,0.5526767813134938,,672.5
7568,-4.300000000000001,0,4,3,1,0.5526767813134938,,672.6
7569,-4.300000000000001,0,4,3,1,0.5526767813134938,,672.7
7570,5.7,1,4,3,1,0.5526767813134938,,672.7
7571,-2.3000000000000003,0,4,3,1,0.5526767813134938,,672.8
7572,-0.30000000000000004,0,4,3,1,0.5526767813134938,,672.8
7573,-5.4,0,5,4,1,0.5526767813134938,,672.9
7574,-2.3000000000000003,0,4,3,1,0.5526767813134938,,672.9
7575,5.7,1,4,3,1,0.5526767813134938,,673.0
7576,-4.300000000000001,0,4,3,1,0.5526767813134938,,673.0
7577,-4.300000000000001,0,4,3,1,0.5526767813134938,,673.1
7578,-2.3000000000000003,0,4,3,1,0.5526767813134938,,673.2
7579,-0.30000000000000004,0,4,3,1,0.5526767813134938,,673.2
7580,-4.300000000000001,0,4,3,1,0.5526767813134938,,673.3
7581,5.7,1,4,3,1,0.5526767813134938,,673.4
7582,-4.300000000000001,0,4,3,1,0.5526767813134938,,673.4
7583,5.7,1,4,3,1,0.5526767813134938,,673.5
7584,-4.300000000000001,0,4,3,1,0.5526767813134938,,673.6
7585,-4.300000000000001,0,4,3,1,0.5526767813134938,,673.7
7586,-4.300000000000001,0,4,3,1,0.5526767813134938,,673.8
7587,-4.300000000000001,0,4,3,1,0.5526767813134938,,673.9
7588,5.7,1,4,3,1,0.5526767813134938,,673.9
7589,-2.3000000000000003,0,4,3,1,0.5526767813134938,,674.0
7590,-4.300000000000001,0,4,3,1,0.5526767813134938,,674.1
7591,-4.300000000000001,0,4,3,1,0.5526767813134938,,674.2
7592,-4.300000000000001,0,4,3,1,0.5526767813134938,,674.3
7593,5.7,1,4,3,1,0.5526767813134938,,674.3
7594,-2.3000000000000003,0,4,3,1,0.5526767813134938,,674.4
7595,-4.300000000000001,0,4,3,1,0.5526767813134938,,674.5
7596,-2.3000000000000003,0,4,3,1,0.5526767813134938,,674.5
7597,-2.3000000000000003,0,4,3,1,0.5526767813134938,,674.6
7598,-4.300000000000001,0,4,3,1,0.5526767813134938,,674.7
7599,5.7,1,4,3,1,0.5526767813134938,,674.7
7600,-4.300000000000001,0,4,3,1,0.5526767813134938,,674.8
7601,-2.3000000000000003,0,4,3,1,0.5526767813134938,,674.8
7602,-4.300000000000001,0,4,3,1,0.5526767813134938,,674.9
7603,-4.300000000000001,0,4,3,1,0.5526767813134938,,674.9
7604,-4.300000000000001,0,4,3,1,0.5526767813134938,,675.0
7605,-0.30000000000000004,0,4,3,1,0.5526767813134938,,675.1
7606,-4.300000000000001,0,4,3,1,0.5526767813134938,,675.2
7607,-4.300000000000001,0,4,3,1,0.5526767813134938,,675.2
7608,-2.3000000000000003,0,4,3,1,0.5526767813134938,,675.3
7609,-4.6,0,6,3,1,0.5526767813134938,,675.4
7610,-4.300000000000001,0,4,3,1,0.5526767813134938,,675.4
7611,5.7,1,4,3,1,0.5526767813134938,,675.4
7612,-3.6000000000000005,0,6,3,1,0.5526767813134938,,675.5
7613,5.7,1,4,3,1,0.5526767813134938,,675.5
7614,5.7,1,4,3,1,0.5526767813134938,,675.6
7615,-4.300000000000001,0,4,3,1,0.5526767813134938,,675.7
7616,-4.300000000000001,0,4,3,1,0.5526767813134938,,675.8
7617,-4.300000000000001,0,4,3,1,0.5526767813134938,,675.9
7618,-1.6,0,6,3,1,0.5526767813134938,,675.9
7619,-4.300000000000001,0,4,3,1,0.5526767813134938,,676.0
7620,-4.300000000000001,0,4,3,1,0.5526767813134938,,676.1
7621,-4.300000000000001,0,4,3,1,0.5526767813134938,,676.2
7622,5.7,1,4,3,1,0.5526767813134938,,676.3
7623,-4.300000000000001,0,4,3,1,0.5526767813134938,,676.4
7624,5.7,1,4,3,1,0.5526767813134938,,676.4
7625,-0.30000000000000004,0,4,3,1,0.5526767813134938,,676.5
7626,-0.30000000000000004,0,4,3,1,0.5526767813134938,,676.6
7627,-4.300000000000001,0,4,3,1,0.5526767813134938,,676.7
7628,-4.300000000000001,0,4,3,1,0.5526767813134938,,676.8
7629,-2.3000000000000003,0,4,3,1,0.5526767813134938,,676.9
7630,-4.300000000000001,0,4,3,1,0.5526767813134938,,676.9
7631,-4.6000000000000005,0,6,3,1,0.5526767813134938,,677.0
7632,5.7,1,4,3,1,0.5526767813134938,,677.0
7633,-2.3000000000000003,0,4,3,1,0.5526767813134938,,677.1
7634,-4.300000000000001,0,4,3,1,0.5526767813134938,,677.2
7635,-4.300000000000001,0,4,3,1,0.5526767813134938,,677.3
7636,-2.3000000000000003,0,4,3,1,0.5526767813134938,,677.4
7637,-4.300000000000001,0,4,3,1,0.5526767813134938,,677.4
7638,-0.30000000000000004,0,4,3,1,0.5526767813134938,,677.5
7639,-4.6,0,6,3,1,0.5526767813134938,,677.5
7640,-2.3000000000000003,0,4,3,1,0.5526767813134938,,677.6
7641,-2.3000000000000003,0,4,3,1,0.5526767813134938,,677.7
7642,-2.3000000000000003,0,4,3,1,0.5526767813134938,,677.8
7643,-4.300000000000001,0,4,3,1,0.5526767813134938,,677.8
7644,5.7,1,4,3,1,0.5526767813134938,,677.9
7645,-4.300000000000001,0,4,3,1,0.5526767813134938,,678.0
7646,-4.300000000000001,0,4,3,1,0.5526767813134938,,678.0
7647,5.7,1,4,3,1,0.5526767813134938,,678.1
7648,-4.300000000000001,0,4,3,1,0.5526767813134938,,678.2
7649,-4.300000000000001,0,4,3,1,0.5526767813134938,,678.2
7650,-4.300000000000001,0,4,3,1,0.5526767813134938,,678.3
7651,5.7,1,4,3,1,0.5526767813134938,,678.4
7652,-4.300000000000001,0,4,3,1,0.5526767813134938,,678.4
7653,-4.300000000000001,0,4,3,1,0.5526767813134938,,678.5
7654,-4.6,0,6,3,1,0.5526767813134938,,678.6
7655,-2.3000000000000003,0,4,3,1,0.5526767813134938,,678.6
7656,-4.300000000000001,0,4,3,1,0.5526767813134938,,678.7
7657,-4.300000000000001,0,4,3,1,0.5526767813134938,,678.7
7658,-4.300000000000001,0,4,3,1,0.5526767813134938,,678.8
7659,-2.6,0,6,3,1,0.5526767813134938,,678.8
7660,-4.300000000000001,0,4,3,1,0.5526767813134938,,678.9
7661,-4.300000000000001,0,4,3,1,0.5526767813134938,,678.9
7662,-4.300000000000001,0,4,3,1,0.5526767813134938,,679.0
7663,5.4,1,6,3,1,0.5526767813134938,,679.1
7664,5.7,1,4,3,1,0.5526767813134938,,679.2
7665,-4.300000000000001,0,4,3,1,0.5526767813134938,,679.2
7666,-4.300000000000001,0,4,3,1,0.5526767813134938,,679.3
7667,-2.3000000000000003,0,4,3,1,0.5526767813134938,,679.4
7668,-4.300000000000001,0,4,3,1,0.5526767813134938,,679.5
7669,-4.300000000000001,0,4,3,1,0.5526767813134938,,679.5
7670,-4.300000000000001,0,4,3,1,0.5526767813134938,,679.6
7671,-4.300000000000001,0,4,3,1,0.5526767813134938,,679.7
7672,-2.3000000000000003,0,4,3,1,0.5526767813134938,,679.8
7673,-0.30000000000000004,0,4,3,1,0.5526767813134938,,679.9
7674,-4.300000000000001,0,4,3,1,0.5526767813134938,,680.0
7675,-2.3000000000000003,0,4,3,1,0.5526767813134938,,680.0
7676,-4.300000000000001,0,4,3,1,0.5526767813134938,,680.1
7677,-4.300000000000001,0,4,3,1,0.5526767813134938,,680.1
7678,5.7,1,4,3,1,0.5526767813134938,,680.2
7679,-4.300000000000001,0,4,3,1,0.5526767813134938,,680.3
7680,-4.300000000000001,0,4,3,1,0.5526767813134938,,680.3
7681,-4.300000000000001,0,4,3,1,0.5526767813134938,,680.4
7682,-4.300000000000001,0,4,3,1,0.5526767813134938,,680.5
7683,-4.300000000000001,0,4,3,1,0.5526767813134938,,680.5
7684,-4.300000000000001,0,4,3,1,0.5526767813134938,,680.6
7685,-4.6,0,6,3,1,0.5526767813134938,,680.6
7686,-2.3000000000000003,0,4,3,1,0.5526767813134938,,680.7
7687,-4.300000000000001,0,4,3,1,0.5526767813134938,,680.8
7688,-4.300000000000001,0,4,3,1,0.5526767813134938,,680.9
7689,5.7,1,4,3,1,0.5526767813134938,,681.0
7690,-0.30000000000000004,0,4,3,1,0.5526767813134938,,681.0
7691,-4.300000000000001,0,4,3,1,0.5526767813134938,,681.1
7692,-4.300000000000001,0,4,3,1,0.5526767813134938,,681.2
7693,-4.300000000000001,0,4,3,1,0.5526767813134938,,681.2
7694,-2.3000000000000003,0,4,3,1,0.5526767813134938,,681.3
7695,-2.3000000000000003,0,4,3,1,0.5526767813134938,,681.3
7696,-4.300000000000001,0,4,3,1,0.5526767813134938,,681.4
7697,5.7,1,4,3,1,0.5526767813134938,,681.4
7698,-4.300000000000001,0,4,3,1,0.5526767813134938,,681.5
7699,-4.300000000000001,0,4,3,1,0.5526767813134938,,681.6
7700,-2.3000000000000003,0,4,3,1,0.5526767813134938,,681.6
7701,-4.300000000000001,0,4,3,1,0.5526767813134938,,681.7
7702,-4.300000000000001,0,4,3,1,0.5526767813134938,,681.7
7703,-4.300000000000001,0,4,3,1,0.5526767813134938,,681.8
7704,5.7,1,4,3,1,0.5526767813134938,,681.8
7705,-4.300000000000001,0,4,3,1,0.5526767813134938,,681.9
7706,-4.300000000000001,0,4,3,1,0.5526767813134938,,682.0
7707,5.7,1,4,3,1,0.5526767813134938,,682.1
7708,-0.30000000000000004,0,4,3,1,0.5526767813134938,,682.1
7709,-4.300000000000001,0,4,3,1,0.5526767813134938,,682.2
7710,-4.300000000000001,0,4,3,1,0.5526767813134938,,682.2
7711,-4.300000000000001,0,4,3,1,0.5526767813134938,,682.3
7712,-4.300000000000001,0,4,3,1,0.5526767813134938,,682.3
7713,5.7,1,4,3,1,0.5526767813134938,,682.4
7714,-4.300000000000001,0,4,3,1,0.5526767813134938,,682.5
7715,-4.300000000000001,0,4,3,1,0.5526767813134938,,682.6
7716,-0.30000000000000004,0,4,3,1,0.5526767813134938,,682.6
7717,-4.300000000000001,0,4,3,1,0.5526767813134938,,682.7
7718,-2.3000000000000003,0,4,3,1,0.5526767813134938,,682.7
7719,-0.30000000000000004,0,4,3,1,0.5526767813134938,,682.8
7720,-4.300000000000001,0,4,3,1,0.5526767813134938,,682.8
7721,5.7,1,4,3,1,0.5526767813134938,,682.9
7722,-4.300000000000001,0,4,3,1,0.5526767813134938,,683.0
7723,-4.300000000000001,0,4,3,1,0.5526767813134938,,683.0
7724,-4.300000000000001,0,4,3,1,0.5526767813134938,,683.1
7725,-4.300000000000001,0,4,3,1,0.5526767813134938,,683.2
7726,-4.300000000000001,0,4,3,1,0.5526767813134938,,683.2
7727,-4.300000000000001,0,4,3,1,0.5526767813134938,,683.3
7728,-4.300000000000001,0,4,3,1,0.5526767813134938,,683.3
7729,-5.4,0,5,4,1,0.5526767813134938,,683.4
7730,-4.300000000000001,0,4,3,1,0.5526767813134938,,683.4
7731,-4.300000000000001,0,4,3,1,0.5526767813134938,,683.5
7732,-4.300000000000001,0,4,3,1,0.5526767813134938,,683.6
7733,-4.300000000000001,0,4,3,1,0.5526767813134938,,683.7
7734,-4.300000000000001,0,4,3,1,0.5526767813134938,,683.8
7735,-2.3000000000000003,0,4,3,1,0.5526767813134938,,683.8
7736,-4.300000000000001,0,4,3,1,0.5526767813134938,,683.8
7737,-0.30000000000000004,0,4,3,1,0.5526767813134938,,683.9
7738,-4.300000000000001,0,4,3,1,0.5526767813134938,,684.0
7739,-4.300000000000001,0,4,3,1,0.5526767813134938,,684.1
7740,-4.300000000000001,0,4,3,1,0.5526767813134938,,684.2
7741,-4.300000000000001,0,4,3,1,0.5526767813134938,,684.3
7742,-0.30000000000000004,0,4,3,1,0.5526767813134938,,684.4
7743,-4.300000000000001,0,4,3,1,0.5526767813134938,,684.4
7744,-4.300000000000001,0,4,3,1,0.5526767813134938,,684.5
7745,-4.300000000000001,0,4,3,1,0.5526767813134938,,684.6
7746,5.7,1,4,3,1,0.5526767813134938,,684.6
7747,-0.30000000000000004,0,4,3,1,0.5526767813134938,,684.7
7748,-2.3000000000000003,0,4,3,1,0.5526767813134938,,684.8
7749,5.7,1,4,3,1,0.5526767813134938,,684.9
7750,-4.300000000000001,0,4,3,1,0.5526767813134938,,684.9
7751,-4.6,0,6,3,1,0.5526767813134938,,685.0
7752,5.7,1,4,3,1,0.5526767813134938,,685.1
7753,5.7,1,4,3,1,0.5526767813134938,,685.1
7754,-2.3000000000000003,0,4,3,1,0.5526767813134938,,685.2
7755,5.7,1,4,3,1,0.5526767813134938,,685.3
7756,-4.300000000000001,0,4,3,1,0.5526767813134938,,685.3
7757,-4.300000000000001,0,4,3,1,0.5526767813134938,,685.4
7758,-4.300000000000001,0,4,3,1,0.5526767813134938,,685.5
7759,-0.30000000000000004,0,4,3,1,0.5526767813134938,,685.5
7760,-0.30000000000000004,0,4,3,1,0.5526767813134938,,685.6
7761,-4.300000000000001,0,4,3,1,0.5526767813134938,,685.7
7762,-0.30000000000000004,0,4,3,1,0.5526767813134938,,685.7
7763,-2.3000000000000003,0,4,3,1,0.5526767813134938,,685.8
7764,-2.3000000000000003,0,4,3,1,0.5526767813134938,,685.8
7765,-0.30000000000000004,0,4,3,1,0.5526767813134938,,685.9
7766,-0.30000000000000004,0,4,3,1,0.5526767813134938,,685.9
7767,-4.300000000000001,0,4,3,1,0.5526767813134938,,686.0
7768,-4.300000000000001,0,4,3,1,0.5526767813134938,,686.1
7769,-4.300000000000001,0,4,3,1,0.5526767813134938,,686.2
7770,-4.300000000000001,0,4,3,1,0.5526767813134938,,686.2
7771,-2.3000000000000003,0,4,3,1,0.5526767813134938,,686.3
7772,-4.300000000000001,0,4,3,1,0.5526767813134938,,686.4
7773,-2.3000000000000003,0,4,3,1,0.5526767813134938,,686.5
7774,5.7,1,4,3,1,0.5526767813134938,,686.5
7775,-0.30000000000000004,0,4,3,1,0.5526767813134938,,686.6
7776,5.7,1,4,3,1,0.5526767813134938,,686.7
7777,-4.300000000000001,0,4,3,1,0.5526767813134938,,686.8
7778,-4.300000000000001,0,4,3,1,0.5526767813134938,,686.9
7779,-4.300000000000001,0,4,3,1,0.5526767813134938,,687.0
7780,-4.6,0,6,3,1,0.5526767813134938,,687.1
7781,-4.300000000000001,0,4,3,1,0.5526767813134938,,687.1
7782,-4.300000000000001,0,4,3,1,0.5526767813134938,,687.2
7783,-4.300000000000001,0,4,3,1,0.5526767813134938,,687.3
7784,-4.300000000000001,0,4,3,1,0.5526767813134938,,687.3
7785,-4.300000000000001,0,4,3,1,0.5526767813134938,,687.4
7786,-4.300000000000001,0,4,3,1,0.5526767813134938,,687.4
7787,-2.6,0,6,3,1,0.5526767813134938,,687.5
7788,5.7,1,4,3,1,0.5526767813134938,,687.6
7789,-4.6,0,6,3,1,0.5526767813134938,,687.7
7790,-2.3000000000000003,0,4,3,1,0.5526767813134938,,687.7
7791,-2.3000000000000003,0,4,3,1,0.5526767813134938,,687.7
7792,-4.300000000000001,0,4,3,1,0.5526767813134938,,687.8
7793,-4.300000000000001,0,4,3,1,0.5526767813134938,,687.9
7794,-4.6000000000000005,0,6,3,1,0.5526767813134938,,687.9
7795,-2.3000000000000003,0,4,3,1,0.5526767813134938,,688.0
7796,-4.300000000000001,0,4,3,1,0.5526767813134938,,688.0
7797,-4.6000000000000005,0,6,3,1,0.5526767813134938,,688.1
7798,-4.300000000000001,0,4,3,1,0.5526767813134938,,688.2
7799,-4.300000000000001,0,4,3,1,0.5526767813134938,,688.2
7800,5.7,1,4,3,1,0.5526767813134938,,688.3
7801,-4.300000000000001,0,4,3,1,0.5526767813134938,,688.3
7802,-4.300000000000001,0,4,3,1,0.5526767813134938,,688.4
7803,5.7,1,4,3,1,0.5526767813134938,,688.5
7804,-4.300000000000001,0,4,3,1,0.5526767813134938,,688.6
7805,-4.300000000000001,0,4,3,1,0.5526767813134938,,688.6
7806,-0.30000000000000004,0,4,3,1,0.5526767813134938,,688.7
7807,-4.300000000000001,0,4,3,1,0.5526767813134938,,688.7
7808,5.7,1,4,3,1,0.5526767813134938,,688.8
7809,-2.3000000000000003,0,4,3,1,0.5526767813134938,,688.9
7810,-0.30000000000000004,0,4,3,1,0.5526767813134938,,689.0
7811,5.7,1,4,3,1,0.5526767813134938,,689.0
7812,-2.3000000000000003,0,4,3,1,0.5526767813134938,,689.1
7813,5.7,1,4,3,1,0.5526767813134938,,689.1
7814,-4.300000000000001,0,4,3,1,0.5526767813134938,,689.2
7815,-4.300000000000001,0,4,3,1,0.5526767813134938,,689.3
7816,-2.3000000000000003,0,4,3,1,0.5526767813134938,,689.3
7817,-4.300000000000001,0,4,3,1,0.5526767813134938,,689.4
7818,-2.3000000000000003,0,4,3,1,0.5526767813134938,,689.5
7819,5.7,1,4,3,1,0.5526767813134938,,689.5
7820,5.7,1,4,3,1,0.5526767813134938,,689.6
7821,-4.300000000000001,0,4,3,1,0.5526767813134938,,689.7
7822,-2.3000000000000003,0,4,3,1,0.5526767813134938,,689.8
7823,-2.3000000000000003,0,4,3,1,0.5526767813134938,,689.9
7824,-4.300000000000001,0,4,3,1,0.5526767813134938,,689.9
7825,5.7,1,4,3,1,0.5526767813134938,,690.0
7826,-4.300000000000001,0,4,3,1,0.5526767813134938,,690.1
7827,-4.300000000000001,0,4,3,1,0.5526767813134938,,690.1
7828,-4.300000000000001,0,4,3,1,0.5526767813134938,,690.2
7829,-2.3000000000000003,0,4,3,1,0.5526767813134938,,690.2
7830,5.7,1,4,3,1,0.5526767813134938,,690.3
7831,-4.300000000000001,0,4,3,1,0.5526767813134938,,690.4
7832,-4.300000000000001,0,4,3,1,0.5526767813134938,,690.4
7833,-0.30000000000000004,0,4,3,1,0.5526767813134938,,690.5
7834,-4.300000000000001,0,4,3,1,0.5526767813134938,,690.6
7835,-0.30000000000000004,0,4,3,1,0.5526767813134938,,690.6
7836,-4.300000000000001,0,4,3,1,0.5526767813134938,,690.7
7837,-4.300000000000001,0,4,3,1,0.5526767813134938,,690.8
7838,-4.300000000000001,0,4,3,1,0.5526767813134938,,690.8
7839,-4.300000000000001,0,4,3,1,0.5526767813134938,,690.9
7840,5.7,1,4,3,1,0.5526767813134938,,691.0
7841,-2.3000000000000003,0,4,3,1,0.5526767813134938,,691.1
7842,-2.3000000000000003,0,4,3,1,0.5526767813134938,,691.1
7843,-0.30000000000000004,0,4,3,1,0.5526767813134938,,691.2
7844,-4.300000000000001,0,4,3,1,0.5526767813134938,,691.2
7845,-4.6,0,6,3,1,0.5526767813134938,,691.3
7846,-5.4,0,5,4,1,0.5526767813134938,,691.4
7847,-4.300000000000001,0,4,3,1,0.5526767813134938,,691.5
7848,-2.3000000000000003,0,4,3,1,0.5526767813134938,,691.5
7849,-4.300000000000001,0,4,3,1,0.5526767813134938,,691.6
7850,-4.300000000000001,0,4,3,1,0.5526767813134938,,691.7
7851,-2.3000000000000003,0,4,3,1,0.5526767813134938,,691.7
7852,-4.300000000000001,0,4,3,1,0.5526767813134938,,691.8
7853,-0.30000000000000004,0,4,3,1,0.5526767813134938,,691.9
7854,5.7,1,4,3,1,0.5526767813134938,,691.9
7855,-0.30000000000000004,0,4,3,1,0.5526767813134938,,692.0
7856,-4.300000000000001,0,4,3,1,0.5526767813134938,,692.1
7857,-4.300000000000001,0,4,3,1,0.5526767813134938,,692.2
7858,-2.3000000000000003,0,4,3,1,0.5526767813134938,,692.2
7859,5.7,1,4,3,1,0.5526767813134938,,692.3
7860,-4.300000000000001,0,4,3,1,0.5526767813134938,,692.3
7861,5.7,1,4,3,1,0.5526767813134938,,692.4
7862,5.7,1,4,3,1,0.5526767813134938,,692.5
7863,-4.300000000000001,0,4,3,1,0.5526767813134938,,692.6
7864,-2.3000000000000003,0,4,3,1,0.5526767813134938,,692.6
7865,-4.300000000000001,0,4,3,1,0.5526767813134938,,692.7
7866,-0.30000000000000004,0,4,3,1,0.5526767813134938,,692.8
7867,5.7,1,4,3,1,0.5526767813134938,,692.8
7868,5.7,1,4,3,1,0.5526767813134938,,692.9
7869,-4.300000000000001,0,4,3,1,0.5526767813134938,,693.0
7870,4.4,1,6,3,1,0.5526767813134938,,693.1
7871,5.7,1,4,3,1,0.5526767813134938,,693.1
7872,-2.3000000000000003,0,4,3,1,0.5526767813134938,,693.1
7873,5.7,1,4,3,1,0.5526767813134938,,693.2
7874,-4.300000000000001,0,4,3,1,0.5526767813134938,,693.3
7875,-4.300000000000001,0,4,3,1,0.5526767813134938,,693.3
7876,-4.300000000000001,0,4,3,1,0.5526767813134938,,693.4
7877,-4.300000000000001,0,4,3,1,0.5526767813134938,,693.5
7878,-2.3000000000000003,0,4,3,1,0.5526767813134938,,693.5
7879,-2.3000000000000003,0,4,3,1,0.5526767813134938,,693.6
7880,-4.300000000000001,0,4,3,1,0.5526767813134938,,693.7
7881,-0.30000000000000004,0,4,3,1,0.5526767813134938,,693.7
7882,-4.300000000000001,0,4,3,1,0.5526767813134938,,693.8
7883,-4.300000000000001,0,4,3,1,0.5526767813134938,,693.9
7884,5.7,1,4,3,1,0.5526767813134938,,694.0
7885,5.7,1,4,3,1,0.5526767813134938,,694.0
7886,-2.3000000000000003,0,4,3,1,0.5526767813134938,,694.1
7887,-4.300000000000001,0,4,3,1,0.5526767813134938,,694.2
7888,-0.30000000000000004,0,4,3,1,0.5526767813134938,,694.2
7889,-4.300000000000001,0,4,3,1,0.5526767813134938,,694.3
7890,-4.300000000000001,0,4,3,1,0.5526767813134938,,694.4
7891,-4.300000000000001,0,4,3,1,0.5526767813134938,,694.5
7892,-4.300000000000001,0,4,3,1,0.5526767813134938,,694.5
7893,-4.300000000000001,0,4,3,1,0.5526767813134938,,694.6
7894,5.7,1,4,3,1,0.5526767813134938,,694.6
7895,-4.300000000000001,0,4,3,1,0.5526767813134938,,694.7
7896,-0.30000000000000004,0,4,3,1,0.5526767813134938,,694.8
7897,-4.300000000000001,0,4,3,1,0.5526767813134938,,694.9
7898,-4.300000000000001,0,4,3,1,0.5526767813134938,,694.9
7899,-2.3000000000000003,0,4,3,1,0.5526767813134938,,695.0
7900,-4.300000000000001,0,4,3,1,0.5526767813134938,,695.1
7901,5.7,1,4,3,1,0.5526767813134938,,695.1
7902,5.7,1,4,3,1,0.5526767813134938,,695.2
7903,-4.300000000000001,0,4,3,1,0.5526767813134938,,695.3
7904,-4.300000000000001,0,4,3,1,0.5526767813134938,,695.3
7905,-4.300000000000001,0,4,3,1,0.5526767813134938,,695.4
7906,-4.300000000000001,0,4,3,1,0.5526767813134938,,695.4
7907,-0.30000000000000004,0,4,3,1,0.5526767813134938,,695.5
7908,-4.300000000000001,0,4,3,1,0.5526767813134938,,695.5
7909,-4.300000000000001,0,4,3,1,0.5526767813134938,,695.6
7910,-4.300000000000001,0,4,3,1,0.5526767813134938,,695.7
7911,-4.300000000000001,0,4,3,1,0.5526767813134938,,695.7
7912,-2.3000000000000003,0,4,3,1,0.5526767813134938,,695.8
7913,-4.300000000000001,0,4,3,1,0.5526767813134938,,695.9
7914,-4.300000000000001,0,4,3,1,0.5526767813134938,,695.9
7915,-4.300000000000001,0,4,3,1,0.5526767813134938,,696.0
7916,-2.3000000000000003,0,4,3,1,0.5526767813134938,,696.1
7917,5.7,1,4,3,1,0.5526767813134938,,696.1
7918,-4.300000000000001,0,4,3,1,0.5526767813134938,,696.2
7919,-2.3000000000000003,0,4,3,1,0.5526767813134938,,696.3
7920,-2.3000000000000003,0,4,3,1,0.5526767813134938,,696.3
7921,-4.300000000000001,0,4,3,1,0.5526767813134938,,696.4
7922,-0.30000000000000004,0,4,3,1,0.5526767813134938,,696.4
7923,-2.3000000000000003,0,4,3,1,0.5526767813134938,,696.5
7924,-4.300000000000001,0,4,3,1,0.5526767813134938,,696.5
7925,-4.300000000000001,0,4,3,1,0.5526767813134938,,696.6
7926,-2.3000000000000003,0,4,3,1,0.5526767813134938,,696.6
7927,-2.3000000000000003,0,4,3,1,0.5526767813134938,,696.7
7928,-0.30000000000000004,0,4,3,1,0.5526767813134938,,696.8
7929,-4.300000000000001,0,4,3,1,0.5526767813134938,,696.8
7930,5.7,1,4,3,1,0.5526767813134938,,696.8
7931,-4.300000000000001,0,4,3,1,0.5526767813134938,,696.9
7932,-4.300000000000001,0,4,3,1,0.5526767813134938,,697.0
7933,-4.300000000000001,0,4,3,1,0.5526767813134938,,697.0
7934,-2.3000000000000003,0,4,3,1,0.5526767813134938,,697.1
7935,-4.300000000000001,0,4,3,1,0.5526767813134938,,697.2
7936,-4.300000000000001,0,4,3,1,0.5526767813134938,,697.3
7937,-4.300000000000001,0,4,3,1,0.5526767813134938,,697.4
7938,-0.30000000000000004,0,4,3,1,0.5526767813134938,,697.5
7939,-0.30000000000000004,0,4,3,1,0.5526767813134938,,697.5
7940,-4.300000000000001,0,4,3,1,0.5526767813134938,,697.6
7941,-2.3000000000000003,0,4,3,1,0.5526767813134938,,697.6
7942,-4.300000000000001,0,4,3,1,0.5526767813134938,,697.7
7943,-4.300000000000001,0,4,3,1,0.5526767813134938,,697.8
7944,-4.300000000000001,0,4,3,1,0.5526767813134938,,697.8
7945,-4.300000000000001,0,4,3,1,0.5526767813134938,,697.9
7946,-5.4,0,5,4,1,0.5526767813134938,,698.0
7947,5.7,1,4,3,1,0.5526767813134938,,698.0
7948,-0.30000000000000004,0,4,3,1,0.5526767813134938,,698.1
7949,-2.3000000000000003,0,4,3,1,0.5526767813134938,,698.2
7950,-4.300000000000001,0,4,3,1,0.5526767813134938,,698.2
7951,-4.300000000000001,0,4,3,1,0.5526767813134938,,698.3
7952,-4.300000000000001,0,4,3,1,0.5526767813134938,,698.4
7953,-4.300000000000001,0,4,3,1,0.5526767813134938,,698.4
7954,-4.300000000000001,0,4,3,1,0.5526767813134938,,698.4
7955,-0.30000000000000004,0,4,3,1,0.5526767813134938,,698.5
7956,-4.300000000000001,0,4,3,1,0.5526767813134938,,698.5
7957,-4.300000000000001,0,4,3,1,0.5526767813134938,,698.6
7958,-4.300000000000001,0,4,3,1,0.5526767813134938,,698.7
7959,-0.30000000000000004,0,4,3,1,0.5526767813134938,,698.7
7960,-2.3000000000000003,0,4,3,1,0.5526767813134938,,698.8
7961,5.7,1,4,3,1,0.5526767813134938,,698.8
7962,-4.300000000000001,0,4,3,1,0.5526767813134938,,698.9
7963,-4.300000000000001,0,4,3,1,0.5526767813134938,,699.0
7964,-4.300000000000001,0,4,3,1,0.5526767813134938,,699.0
7965,-2.3000000000000003,0,4,3,1,0.5526767813134938,,699.1
7966,5.7,1,4,3,1,0.5526767813134938,,699.2
7967,-4.300000000000001,0,4,3,1,0.5526767813134938,,699.3
7968,-2.3000000000000003,0,4,3,1,0.5526767813134938,,699.4
7969,-4.300000000000001,0,4,3,1,0.5526767813134938,,699.4
7970,5.7,1,4,3,1,0.5526767813134938,,699.5
7971,-0.30000000000000004,0,4,3,1,0.5526767813134938,,699.6
7972,-4.300000000000001,0,4,3,1,0.5526767813134938,,699.7
7973,-2.3000000000000003,0,4,3,1,0.5526767813134938,,699.7
7974,-4.300000000000001,0,4,3,1,0.5526767813134938,,699.8
7975,-0.30000000000000004,0,4,3,1,0.5526767813134938,,699.9
7976,-4.300000000000001,0,4,3,1,0.5526767813134938,,699.9
7977,-0.30000000000000004,0,4,3,1,0.5526767813134938,,700.0
7978,-2.3000000000000003,0,4,3,1,0.5526767813134938,,700.1
7979,-4.300000000000001,0,4,3,1,0.5526767813134938,,700.1
7980,-2.3000000000000003,0,4,3,1,0.5526767813134938,,700.1
7981,-0.30000000000000004,0,4,3,1,0.5526767813134938,,700.2
7982,-4.300000000000001,0,4,3,1,0.5526767813134938,,700.3
7983,-4.300000000000001,0,4,3,1,0.5526767813134938,,700.3
7984,-4.300000000000001,0,4,3,1,0.5526767813134938,,700.4
7985,-2.3000000000000003,0,4,3,1,0.5526767813134938,,700.5
7986,-0.30000000000000004,0,4,3,1,0.5526767813134938,,700.5
7987,-4.300000000000001,0,4,3,1,0.5526767813134938,,700.6
7988,5.7,1,4,3,1,0.5526767813134938,,700.6
7989,-4.300000000000001,0,4,3,1,0.5526767813134938,,700.7
7990,-2.3000000000000003,0,4,3,1,0.5526767813134938,,700.7
7991,-4.300000000000001,0,4,3,1,0.5526767813134938,,700.8
7992,-4.300000000000001,0,4,3,1,0.5526767813134938,,700.9
7993,-2.3000000000000003,0,4,3,1,0.5526767813134938,,701.0
7994,-0.30000000000000004,0,4,3,1,0.5526767813134938,,701.0
7995,-3.6000000000000005,0,6,3,1,0.5526767813134938,,701.1
7996,-4.300000000000001,0,4,3,1,0.5526767813134938,,701.2
7997,-2.3000000000000003,0,4,3,1,0.5526767813134938,,701.2
7998,-0.30000000000000004,0,4,3,1,0.5526767813134938,,701.3
7999,-4.300000000000001,0,4,3,1,0.5526767813134938,,701.3
8000,-2.3000000000000003,0,4,3,1,0.5526767813134938,,701.4
8001,-2.3000000000000003,0,4,3,1,0.5526767813134938,,706.6
8002,-0.30000000000000004,0,4,3,1,0.5526767813134938,,706.7
8003,-4.300000000000001,0,4,3,1,0.5526767813134938,,706.7
8004,-4.300000000000001,0,4,3,1,0.5526767813134938,,706.8
8005,-4.300000000000001,0,4,3,1,0.5526767813134938,,706.9
8006,-4.300000000000001,0,4,3,1,0.5526767813134938,,706.9
8007,-4.300000000000001,0,4,3,1,0.5526767813134938,,707.0
8008,-4.300000000000001,0,4,3,1,0.5775435627438128,1.8747578193433583,707.7
8009,-4.300000000000001,0,4,3,1,0.5775435627438128,,707.7
8010,-4.300000000000001,0,4,3,1,0.5775435627438128,,707.8
8011,-4.300000000000001,0,4,3,1,0.5775435627438128,,707.9
8012,-0.30000000000000004,0,4,3,1,0.5775435627438128,,707.9
8013,-4.300000000000001,0,4,3,1,0.5775435627438128,,708.0
8014,-4.300000000000001,0,4,3,1,0.5775435627438128,,708.1
8015,-4.300000000000001,0,4,3,1,0.5775435627438128,,708.2
8016,-2.3000000000000003,0,4,3,1,0.5775435627438128,,708.3
8017,-4.300000000000001,0,4,3,1,0.5775435627438128,,708.4
8018,-4.300000000000001,0,4,3,1,0.5775435627438128,,708.5
8019,-0.30000000000000004,0,4,3,1,0.5775435627438128,,708.5
8020,-4.300000000000001,0,4,3,1,0.5775435627438128,,708.6
8021,-4.300000000000001,0,4,3,1,0.5775435627438128,,708.7
8022,-4.300000000000001,0,4,3,1,0.5775435627438128,,708.7
8023,0.6000000000000001,0,5,4,1,0.5775435627438128,,708.8
8024,-4.300000000000001,0,4,3,1,0.5775435627438128,,708.9
8025,5.7,1,4,3,1,0.5775435627438128,,709.0
8026,-4.300000000000001,0,4,3,1,0.5775435627438128,,709.0
8027,-4.300000000000001,0,4,3,1,0.5775435627438128,,709.1
8028,-3.6000000000000005,0,6,3,1,0.5775435627438128,,709.2
8029,5.7,1,4,3,1,0.5775435627438128,,709.2
8030,-2.3000000000000003,0,4,3,1,0.5775435627438128,,709.3
8031,-4.300000000000001,0,4,3,1,0.5775435627438128,,709.3
8032,-4.300000000000001,0,4,3,1,0.5775435627438128,,709.4
8033,5.7,1,4,3,1,0.5775435627438128,,709.5
8034,-0.30000000000000004,0,4,3,1,0.5775435627438128,,709.5
8035,-2.3000000000000003,0,4,3,1,0.5775435627438128,,709.6
8036,-4.300000000000001,0,4,3,1,0.5775435627438128,,709.7
8037,5.7,1,4,3,1,0.5775435627438128,,709.8
8038,5.7,1,4,3,1,0.5775435627438128,,709.9
8039,-4.300000000000001,0,4,3,1,0.5775435627438128,,709.9
8040,-4.300000000000001,0,4,3,1,0.5775435627438128,,710.0
8041,-4.300000000000001,0,4,3,1,0.5775435627438128,,710.0
8042,-4.300000000000001,0,4,3,1,0.5775435627438128,,710.1
8043,-4.300000000000001,0,4,3,1,0.5775435627438128,,710.2
8044,-4.300000000000001,0,4,3,1,0.5775435627438128,,710.2
8045,5.7,1,4,3,1,0.5775435627438128,,710.3
8046,-2.3000000000000003,0,4,3,1,0.5775435627438128,,710.3
8047,-0.30000000000000004,0,4,3,1,0.5775435627438128,,710.4
8048,-4.300000000000001,0,4,3,1,0.5775435627438128,,710.4
8049,-4.300000000000001,0,4,3,1,0.5775435627438128,,710.5
8050,-4.300000000000001,0,4,3,1,0.5775435627438128,,710.6
8051,-4.300000000000001,0,4,3,1,0.5775435627438128,,710.6
8052,-4.300000000000001,0,4,3,1,0.5775435627438128,,710.7
8053,-2.3000000000000003,0,4,3,1,0.5775435627438128,,710.7
8054,-2.3000000000000003,0,4,3,1,0.5775435627438128,,710.8
8055,-4.300000000000001,0,4,3,1,0.5775435627438128,,710.9
8056,-2.3000000000000003,0,4,3,1,0.5775435627438128,,710.9
8057,5.7,1,4,3,1,0.5775435627438128,,711.0
8058,-4.6000000000000005,0,6,3,1,0.5775435627438128,,711.1
8059,-4.300000000000001,0,4,3,1,0.5775435627438128,,711.1
8060,-4.300000000000001,0,4,3,1,0.5775435627438128,,711.2
8061,-5.6000000000000005,0,6,3,1,0.5775435627438128,,711.3
8062,-4.300000000000001,0,4,3,1,0.5775435627438128,,711.3
8063,-4.300000000000001,0,4,3,1,0.5775435627438128,,711.4
8064,-4.300000000000001,0,4,3,1,0.5775435627438128,,711.4
8065,-2.3000000000000003,0,4,3,1,0.5775435627438128,,711.5
8066,-0.30000000000000004,0,4,3,1,0.5775435627438128,,711.6
8067,-0.30000000000000004,0,4,3,1,0.5775435627438128,,711.6
8068,-2.3000000000000003,0,4,3,1,0.5775435627438128,,711.7
8069,-4.300000000000001,0,4,3,1,0.5775435627438128,,711.7
8070,-4.300000000000001,0,4,3,1,0.5775435627438128,,711.7
8071,-2.3000000000000003,0,4,3,1,0.5775435627438128,,711.8
8072,-4.300000000000001,0,4,3,1,0.5775435627438128,,711.9
8073,-4.300000000000001,0,4,3,1,0.5775435627438128,,711.9
8074,-2.3000000000000003,0,4,3,1,0.5775435627438128,,712.0
8075,-4.300000000000001,0,4,3,1,0.5775435627438128,,712.0
8076,5.7,1,4,3,1,0.5775435627438128,,712.1
8077,-4.300000000000001,0,4,3,1,0.5775435627438128,,712.1
8078,-4.300000000000001,0,4,3,1,0.5775435627438128,,712.2
8079,-1.4000000000000001,0,5,4,1,0.5775435627438128,,712.3
8080,-4.300000000000001,0,4,3,1,0.5775435627438128,,712.3
8081,5.7,1,4,3,1,0.5775435627438128,,712.4
8082,5.7,1,4,3,1,0.5775435627438128,,712.5
8083,-4.300000000000001,0,4,3,1,0.5775435627438128,,712.6
8084,-4.300000000000001,0,4,3,1,0.5775435627438128,,712.7
8085,-4.300000000000001,0,4,3,1,0.5775435627438128,,712.7
8086,-4.300000000000001,0,4,3,1,0.5775435627438128,,712.8
8087,-4.300000000000001,0,4,3,1,0.5775435627438128,,712.9
8088,-2.3000000000000003,0,4,3,1,0.5775435627438128,,712.9
8089,-4.300000000000001,0,4,3,1,0.5775435627438128,,713.0
8090,-4.300000000000001,0,4,3,1,0.5775435627438128,,713.1
8091,-4.300000000000001,0,4,3,1,0.5775435627438128,,713.1
8092,-2.3000000000000003,0,4,3,1,0.5775435627438128,,713.2
8093,-4.300000000000001,0,4,3,1,0.5775435627438128,,713.2
8094,-2.3000000000000003,0,4,3,1,0.5775435627438128,,713.3
8095,-0.30000000000000004,0,4,3,1,0.5775435627438128,,713.4
8096,-0.30000000000000004,0,4,3,1,0.5775435627438128,,713.4
8097,-4.300000000000001,0,4,3,1,0.5775435627438128,,713.5
8098,-4.300000000000001,0,4,3,1,0.5775435627438128,,713.6
8099,5.7,1,4,3,1,0.5775435627438128,,713.6
8100,-2.3000000000000003,0,4,3,1,0.5775435627438128,,713.7
8101,-4.300000000000001,0,4,3,1,0.5775435627438128,,713.8
8102,-4.300000000000001,0,4,3,1,0.5775435627438128,,713.9
8103,-4.300000000000001,0,4,3,1,0.5775435627438128,,713.9
8104,-4.300000000000001,0,4,3,1,0.5775435627438128,,714.0
8105,5.7,1,4,3,1,0.5775435627438128,,714.0
8106,-4.300000000000001,0,4,3,1,0.5775435627438128,,714.1
8107,-2.3000000000000003,0,4,3,1,0.5775435627438128,,714.1
8108,-0.30000000000000004,0,4,3,1,0.5775435627438128,,714.2
8109,-4.300000000000001,0,4,3,1,0.5775435627438128,,714.3
8110,-4.6,0,6,3,1,0.5775435627438128,,714.4
8111,-4.300000000000001,0,4,3,1,0.5775435627438128,,714.5
8112,5.7,1,4,3,1,0.5775435627438128,,714.5
8113,-4.300000000000001,0,4,3,1,0.5775435627438128,,714.6
8114,-4.300000000000001,0,4,3,1,0.5775435627438128,,714.7
8115,-0.6000000000000001,0,6,3,1,0.5775435627438128,,714.7
8116,-2.3000000000000003,0,4,3,1,0.5775435627438128,,714.8
8117,-4.300000000000001,0,4,3,1,0.5775435627438128,,714.9
8118,-2.3000000000000003,0,4,3,1,0.5775435627438128,,714.9
8119,-4.300000000000001,0,4,3,1,0.5775435627438128,,715.0
8120,-0.30000000000000004,0,4,3,1,0.5775435627438128,,715.1
8121,-4.300000000000001,0,4,3,1,0.5775435627438128,,715.2
8122,-4.300000000000001,0,4,3,1,0.5775435627438128,,715.3
8123,5.7,1,4,3,1,0.5775435627438128,,715.3
8124,5.7,1,4,3,1,0.5775435627438128,,715.4
8125,-4.300000000000001,0,4,3,1,0.5775435627438128,,715.4
8126,-4.300000000000001,0,4,3,1,0.5775435627438128,,715.5
8127,5.7,1,4,3,1,0.5775435627438128,,715.5
8128,-4.300000000000001,0,4,3,1,0.5775435627438128,,715.6
8129,-0.30000000000000004,0,4,3,1,0.5775435627438128,,715.7
8130,-2.3000000000000003,0,4,3,1,0.5775435627438128,,715.7
8131,-4.300000000000001,0,4,3,1,0.5775435627438128,,715.8
8132,-4.300000000000001,0,4,3,1,0.5775435627438128,,715.8
8133,5.7,1,4,3,1,0.5775435627438128,,715.9
8134,-2.3000000000000003,0,4,3,1,0.5775435627438128,,715.9
8135,-2.3000000000000003,0,4,3,1,0.5775435627438128,,716.0
8136,5.7,1,4,3,1,0.5775435627438128,,716.0
8137,-4.300000000000001,0,4,3,1,0.5775435627438128,,716.1
8138,5.7,1,4,3,1,0.5775435627438128,,716.1
8139,-0.30000000000000004,0,4,3,1,0.5775435627438128,,716.2
8140,-4.300000000000001,0,4,3,1,0.5775435627438128,,716.3
8141,-0.30000000000000004,0,4,3,1,0.5775435627438128,,716.3
8142,-0.30000000000000004,0,4,3,1,0.5775435627438128,,716.4
8143,-4.300000000000001,0,4,3,1,0.5775435627438128,,716.5
8144,-4.300000000000001,0,4,3,1,0.5775435627438128,,716.6
8145,5.7,1,4,3,1,0.5775435627438128,,716.6
8146,5.7,1,4,3,1,0.5775435627438128,,716.7
8147,-4.300000000000001,0,4,3,1,0.5775435627438128,,716.7
8148,-4.300000000000001,0,4,3,1,0.5775435627438128,,716.8
8149,-4.300000000000001,0,4,3,1,0.5775435627438128,,716.9
8150,-2.3000000000000003,0,4,3,1,0.5775435627438128,,716.9
8151,5.7,1,4,3,1,0.5775435627438128,,717.0
8152,-0.30000000000000004,0,4,3,1,0.5775435627438128,,717.1
8153,-4.300000000000001,0,4,3,1,0.5775435627438128,,717.1
8154,5.7,1,4,3,1,0.5775435627438128,,717.1
8155,-0.30000000000000004,0,4,3,1,0.5775435627438128,,717.2
8156,-4.300000000000001,0,4,3,1,0.5775435627438128,,717.3
8157,5.7,1,4,3,1,0.5775435627438128,,717.3
8158,-4.300000000000001,0,4,3,1,0.5775435627438128,,717.4
8159,-4.300000000000001,0,4,3,1,0.5775435627438128,,717.5
8160,5.7,1,4,3,1,0.5775435627438128,,717.6
8161,-0.30000000000000004,0,4,3,1,0.5775435627438128,,717.7
8162,-4.300000000000001,0,4,3,1,0.5775435627438128,,717.7
8163,-2.3000000000000003,0,4,3,1,0.5775435627438128,,717.8
8164,-4.300000000000001,0,4,3,1,0.5775435627438128,,717.8
8165,-0.30000000000000004,0,4,3,1,0.5775435627438128,,717.9
8166,-2.3000000000000003,0,4,3,1,0.5775435627438128,,718.0
8167,5.7,1,4,3,1,0.5775435627438128,,718.0
8168,-0.30000000000000004,0,4,3,1,0.5775435627438128,,718.1
8169,-0.30000000000000004,0,4,3,1,0.5775435627438128,,718.1
8170,-4.300000000000001,0,4,3,1,0.5775435627438128,,718.2
8171,-0.30000000000000004,0,4,3,1,0.5775435627438128,,718.2
8172,-0.30000000000000004,0,4,3,1,0.5775435627438128,,718.3
8173,-4.300000000000001,0,4,3,1,0.5775435627438128,,718.4
8174,-5.4,0,5,4,1,0.5775435627438128,,718.4
8175,5.7,1,4,3,1,0.5775435627438128,,718.5
8176,-2.3000000000000003,0,4,3,1,0.5775435627438128,,718.6
8177,-4.300000000000001,0,4,3,1,0.5775435627438128,,718.6
8178,5.7,1,4,3,1,0.5775435627438128,,718.7
8179,5.7,1,4,3,1,0.5775435627438128,,718.7
8180,-0.30000000000000004,0,4,3,1,0.5775435627438128,,718.8
8181,-4.300000000000001,0,4,3,1,0.5775435627438128,,718.8
8182,-4.300000000000001,0,4,3,1,0.5775435627438128,,718.9
8183,-4.300000000000001,0,4,3,1,0.5775435627438128,,719.0
8184,-4.300000000000001,0,4,3,1,0.5775435627438128,,719.0
8185,-4.300000000000001,0,4,3,1,0.5775435627438128,,719.1
8186,-4.300000000000001,0,4,3,1,0.5775435627438128,,719.2
8187,-4.300000000000001,0,4,3,1,0.5775435627438128,,719.3
8188,-4.300000000000001,0,4,3,1,0.5775435627438128,,719.4
8189,-4.300000000000001,0,4,3,1,0.5775435627438128,,719.5
8190,5.7,1,4,3,1,0.5775435627438128,,719.6
8191,-4.300000000000001,0,4,3,1,0.5775435627438128,,719.7
8192,-4.300000000000001,0,4,3,1,0.5775435627438128,,719.7
8193,-4.300000000000001,0,4,3,1,0.5775435627438128,,719.8
8194,-4.300000000000001,0,4,3,1,0.5775435627438128,,719.8
8195,-0.30000000000000004,0,4,3,1,0.5775435627438128,,719.9
8196,-4.300000000000001,0,4,3,1,0.5775435627438128,,719.9
8197,5.7,1,4,3,1,0.5775435627438128,,720.0
8198,-2.3000000000000003,0,4,3,1,0.5775435627438128,,720.1
8199,-4.300000000000001,0,4,3,1,0.5775435627438128,,720.2
8200,-4.300000000000001,0,4,3,1,0.5775435627438128,,720.2
8201,-2.3000000000000003,0,4,3,1,0.5775435627438128,,720.3
8202,-2.3000000000000003,0,4,3,1,0.5775435627438128,,720.4
8203,-0.30000000000000004,0,4,3,1,0.5775435627438128,,720.4
8204,-4.300000000000001,0,4,3,1,0.5775435627438128,,720.5
8205,-2.3000000000000003,0,4,3,1,0.5775435627438128,,720.5
8206,-4.300000000000001,0,4,3,1,0.5775435627438128,,720.6
8207,-4.300000000000001,0,4,3,1,0.5775435627438128,,720.7
8208,-4.300000000000001,0,4,3,1,0.5775435627438128,,720.8
8209,-4.300000000000001,0,4,3,1,0.5775435627438128,,720.9
8210,-4.300000000000001,0,4,3,1,0.5775435627438128,,720.9
8211,-2.3000000000000003,0,4,3,1,0.5775435627438128,,721.0
8212,-2.3000000000000003,0,4,3,1,0.5775435627438128,,721.1
8213,-4.300000000000001,0,4,3,1,0.5775435627438128,,721.1
8214,-1.4000000000000001,0,5,4,1,0.5775435627438128,,721.2
8215,-2.3000000000000003,0,4,3,1,0.5775435627438128,,721.2
8216,-0.30000000000000004,0,4,3,1,0.5775435627438128,,721.3
8217,-4.300000000000001,0,4,3,1,0.5775435627438128,,721.4
8218,-2.3000000000000003,0,4,3,1,0.5775435627438128,,721.4
8219,-5.6000000000000005,0,6,3,1,0.5775435627438128,,721.5
8220,-4.300000000000001,0,4,3,1,0.5775435627438128,,721.5
8221,-6.9,0,8,3,1,0.5775435627438128,,721.6
8222,-4.300000000000001,0,4,3,1,0.5775435627438128,,721.7
8223,-4.300000000000001,0,4,3,1,0.5775435627438128,,721.7
8224,-2.3000000000000003,0,4,3,1,0.5775435627438128,,721.8
8225,-2.3000000000000003,0,4,3,1,0.5775435627438128,,721.8
8226,-4.300000000000001,0,4,3,1,0.5775435627438128,,721.8
8227,-4.300000000000001,0,4,3,1,0.5775435627438128,,721.9
8228,5.7,1,4,3,1,0.5775435627438128,,721.9
8229,-4.300000000000001,0,4,3,1,0.5775435627438128,,722.0
8230,-4.300000000000001,0,4,3,1,0.5775435627438128,,722.1
8231,-4.6000000000000005,0,6,3,1,0.5775435627438128,,722.2
8232,-4.300000000000001,0,4,3,1,0.5775435627438128,,722.2
8233,-4.300000000000001,0,4,3,1,0.5775435627438128,,722.3
8234,-0.30000000000000004,0,4,3,1,0.5775435627438128,,722.3
8235,-4.300000000000001,0,4,3,1,0.5775435627438128,,722.4
8236,-4.300000000000001,0,4,3,1,0.5775435627438128,,722.5
8237,-4.300000000000001,0,4,3,1,0.5775435627438128,,722.5
8238,-4.300000000000001,0,4,3,1,0.5775435627438128,,722.6
8239,-4.300000000000001,0,4,3,1,0.5775435627438128,,722.7
8240,-4.300000000000001,0,4,3,1,0.5775435627438128,,722.7
8241,-0.30000000000000004,0,4,3,1,0.5775435627438128,,722.8
8242,-2.3000000000000003,0,4,3,1,0.5775435627438128,,722.9
8243,-4.300000000000001,0,4,3,1,0.5775435627438128,,722.9
8244,-4.300000000000001,0,4,3,1,0.5775435627438128,,723.0
8245,-4.300000000000001,0,4,3,1,0.5775435627438128,,723.1
8246,-4.300000000000001,0,4,3,1,0.5775435627438128,,723.1
8247,5.7,1,4,3,1,0.5775435627438128,,723.2
8248,-3.9000000000000004,0,8,3,1,0.5775435627438128,,723.3
8249,-4.300000000000001,0,4,3,1,0.5775435627438128,,723.3
8250,-0.30000000000000004,0,4,3,1,0.5775435627438128,,723.4
8251,-4.300000000000001,0,4,3,1,0.5775435627438128,,723.4
8252,-2.3000000000000003,0,4,3,1,0.5775435627438128,,723.4
8253,-4.300000000000001,0,4,3,1,0.5775435627438128,,723.5
8254,5.7,1,4,3,1,0.5775435627438128,,723.6
8255,-4.300000000000001,0,4,3,1,0.5775435627438128,,723.6
8256,-4.300000000000001,0,4,3,1,0.5775435627438128,,723.7
8257,-4.300000000000001,0,4,3,1,0.5775435627438128,,723.7
8258,-2.3000000000000003,0,4,3,1,0.5775435627438128,,723.8
8259,-4.300000000000001,0,4,3,1,0.5775435627438128,,723.8
8260,5.7,1,4,3,1,0.5775435627438128,,723.9
8261,-4.300000000000001,0,4,3,1,0.5775435627438128,,723.9
8262,-4.300000000000001,0,4,3,1,0.5775435627438128,,724.0
8263,-2.3000000000000003,0,4,3,1,0.5775435627438128,,724.1
8264,-4.300000000000001,0,4,3,1,0.5775435627438128,,724.1
8265,-4.300000000000001,0,4,3,1,0.5775435627438128,,724.2
8266,5.7,1,4,3,1,0.5775435627438128,,724.2
8267,-0.30000000000000004,0,4,3,1,0.5775435627438128,,724.3
8268,-4.300000000000001,0,4,3,1,0.5775435627438128,,724.4
8269,-2.3000000000000003,0,4,3,1,0.5775435627438128,,724.4
8270,5.7,1,4,3,1,0.5775435627438128,,724.5
8271,-2.3000000000000003,0,4,3,1,0.5775435627438128,,724.5
8272,-1.6,0,6,3,1,0.5775435627438128,,724.6
8273,-4.300000000000001,0,4,3,1,0.5775435627438128,,724.7
8274,-4.300000000000001,0,4,3,1,0.5775435627438128,,724.7
8275,-0.30000000000000004,0,4,3,1,0.5775435627438128,,724.8
8276,-2.3000000000000003,0,4,3,1,0.5775435627438128,,724.9
8277,-4.300000000000001,0,4,3,1,0.5775435627438128,,725.0
8278,-0.30000000000000004,0,4,3,1,0.5775435627438128,,725.0
8279,5.7,1,4,3,1,0.5775435627438128,,725.1
8280,-4.300000000000001,0,4,3,1,0.5775435627438128,,725.1
8281,-4.300000000000001,0,4,3,1,0.5775435627438128,,725.2
8282,-0.30000000000000004,0,4,3,1,0.5775435627438128,,725.3
8283,-4.300000000000001,0,4,3,1,0.5775435627438128,,725.4
8284,-0.30000000000000004,0,4,3,1,0.5775435627438128,,725.4
8285,-4.300000000000001,0,4,3,1,0.5775435627438128,,725.5
8286,5.7,1,4,3,1,0.5775435627438128,,725.5
8287,-4.300000000000001,0,4,3,1,0.5775435627438128,,725.6
8288,-4.300000000000001,0,4,3,1,0.5775435627438128,,725.7
8289,5.7,1,4,3,1,0.5775435627438128,,725.7
8290,-4.300000000000001,0,4,3,1,0.5775435627438128,,725.8
8291,-4.300000000000001,0,4,3,1,0.5775435627438128,,725.8
8292,5.7,1,4,3,1,0.5775435627438128,,725.9
8293,-4.300000000000001,0,4,3,1,0.5775435627438128,,726.0
8294,-4.300000000000001,0,4,3,1,0.5775435627438128,,726.1
8295,-4.300000000000001,0,4,3,1,0.5775435627438128,,726.1
8296,-4.300000000000001,0,4,3,1,0.5775435627438128,,726.2
8297,-4.300000000000001,0,4,3,1,0.5775435627438128,,726.2
8298,-4.300000000000001,0,4,3,1,0.5775435627438128,,726.3
8299,-4.300000000000001,0,4,3,1,0.5775435627438128,,726.3
8300,-2.3000000000000003,0,4,3,1,0.5775435627438128,,726.4
8301,-4.300000000000001,0,4,3,1,0.5775435627438128,,726.4
8302,-4.300000000000001,0,4,3,1,0.5775435627438128,,726.5
8303,-4.300000000000001,0,4,3,1,0.5775435627438128,,726.6
8304,-0.30000000000000004,0,4,3,1,0.5775435627438128,,726.7
8305,-4.300000000000001,0,4,3,1,0.5775435627438128,,726.7
8306,-0.30000000000000004,0,4,3,1,0.5775435627438128,,726.8
8307,-4.300000000000001,0,4,3,1,0.5775435627438128,,726.9
8308,-0.30000000000000004,0,4,3,1,0.5775435627438128,,726.9
8309,-4.300000000000001,0,4,3,1,0.5775435627438128,,726.9
8310,-4.300000000000001,0,4,3,1,0.5775435627438128,,727.0
8311,5.7,1,4,3,1,0.5775435627438128,,727.0
8312,-2.3000000000000003,0,4,3,1,0.5775435627438128,,727.1
8313,-4.300000000000001,0,4,3,1,0.5775435627438128,,727.1
8314,-4.300000000000001,0,4,3,1,0.5775435627438128,,727.2
8315,-4.300000000000001,0,4,3,1,0.5775435627438128,,727.3
8316,-4.300000000000001,0,4,3,1,0.5775435627438128,,727.4
8317,-4.300000000000001,0,4,3,1,0.5775435627438128,,727.4
8318,-4.300000000000001,0,4,3,1,0.5775435627438128,,727.4
8319,-0.30000000000000004,0,4,3,1,0.5775435627438128,,727.6
8320,-4.300000000000001,0,4,3,1,0.5775435627438128,,727.6
8321,-4.300000000000001,0,4,3,1,0.5775435627438128,,727.7
8322,-4.300000000000001,0,4,3,1,0.5775435627438128,,727.8
8323,-4.300000000000001,0,4,3,1,0.5775435627438128,,727.8
8324,-2.3000000000000003,0,4,3,1,0.5775435627438128,,727.9
8325,5.7,1,4,3,1,0.5775435627438128,,728.0
8326,5.7,1,4,3,1,0.5775435627438128,,728.1
8327,5.7,1,4,3,1,0.5775435627438128,,728.2
8328,-2.3000000000000003,0,4,3,1,0.5775435627438128,,728.2
8329,-2.3000000000000003,0,4,3,1,0.5775435627438128,,728.3
8330,-4.300000000000001,0,4,3,1,0.5775435627438128,,728.4
8331,-4.300000000000001,0,4,3,1,0.5775435627438128,,728.4
8332,-2.6,0,6,3,1,0.5775435627438128,,728.5
8333,-4.300000000000001,0,4,3,1,0.5775435627438128,,728.6
8334,-2.3000000000000003,0,4,3,1,0.5775435627438128,,728.6
8335,-4.300000000000001,0,4,3,1,0.5775435627438128,,728.6
8336,-5.6000000000000005,0,6,3,1,0.5775435627438128,,728.8
8337,-4.6000000000000005,0,6,3,1,0.5775435627438128,,728.9
8338,5.7,1,4,3,1,0.5775435627438128,,728.9
8339,-2.3000000000000003,0,4,3,1,0.5775435627438128,,729.0
8340,-4.300000000000001,0,4,3,1,0.5775435627438128,,729.1
8341,-4.300000000000001,0,4,3,1,0.5775435627438128,,729.2
8342,-4.300000000000001,0,4,3,1,0.5775435627438128,,729.3
8343,-4.300000000000001,0,4,3,1,0.5775435627438128,,729.4
8344,5.7,1,4,3,1,0.5775435627438128,,729.5
8345,-4.300000000000001,0,4,3,1,0.5775435627438128,,729.5
8346,-4.300000000000001,0,4,3,1,0.5775435627438128,,729.6
8347,5.7,1,4,3,1,0.5775435627438128,,729.6
8348,-4.300000000000001,0,4,3,1,0.5775435627438128,,729.7
8349,-4.300000000000001,0,4,3,1,0.5775435627438128,,729.8
8350,-4.300000000000001,0,4,3,1,0.5775435627438128,,729.9
8351,-2.3000000000000003,0,4,3,1,0.5775435627438128,,729.9
8352,-2.3000000000000003,0,4,3,1,0.5775435627438128,,730.0
8353,5.7,1,4,3,1,0.5775435627438128,,730.1
8354,-4.300000000000001,0,4,3,1,0.5775435627438128,,730.1
8355,-4.300000000000001,0,4,3,1,0.5775435627438128,,730.2
8356,-4.300000000000001,0,4,3,1,0.5775435627438128,,730.3
8357,-4.300000000000001,0,4,3,1,0.5775435627438128,,730.3
8358,-4.300000000000001,0,4,3,1,0.5775435627438128,,730.4
8359,5.7,1,4,3,1,0.5775435627438128,,730.5
8360,-4.300000000000001,0,4,3,1,0.5775435627438128,,730.5
8361,-4.6,0,6,3,1,0.5775435627438128,,730.7
8362,-2.3000000000000003,0,4,3,1,0.5775435627438128,,730.7
8363,-4.300000000000001,0,4,3,1,0.5775435627438128,,730.8
8364,-4.300000000000001,0,4,3,1,0.5775435627438128,,730.9
8365,-0.30000000000000004,0,4,3,1,0.5775435627438128,,730.9
8366,-4.300000000000001,0,4,3,1,0.5775435627438128,,731.0
8367,-4.300000000000001,0,4,3,1,0.5775435627438128,,731.1
8368,5.7,1,4,3,1,0.5775435627438128,,731.1
8369,-4.300000000000001,0,4,3,1,0.5775435627438128,,731.2
8370,-2.3000000000000003,0,4,3,1,0.5775435627438128,,731.2
8371,-4.300000000000001,0,4,3,1,0.5775435627438128,,731.3
8372,-4.300000000000001,0,4,3,1,0.5775435627438128,,731.4
8373,-4.300000000000001,0,4,3,1,0.5775435627438128,,731.4
8374,5.7,1,4,3,1,0.5775435627438128,,731.5
8375,-4.300000000000001,0,4,3,1,0.5775435627438128,,731.5
8376,-4.300000000000001,0,4,3,1,0.5775435627438128,,731.6
8377,-4.300000000000001,0,4,3,1,0.5775435627438128,,731.7
8378,-4.300000000000001,0,4,3,1,0.5775435627438128,,731.7
8379,-4.300000000000001,0,4,3,1,0.5775435627438128,,731.8
8380,-4.300000000000001,0,4,3,1,0.5775435627438128,,731.9
8381,5.7,1,4,3,1,0.5775435627438128,,731.9
8382,-4.300000000000001,0,4,3,1,0.5775435627438128,,732.0
8383,5.7,1,4,3,1,0.5775435627438128,,732.1
8384,-4.300000000000001,0,4,3,1,0.5775435627438128,,732.1
8385,-4.300000000000001,0,4,3,1,0.5775435627438128,,732.2
8386,5.7,1,4,3,1,0.5775435627438128,,732.2
8387,-4.300000000000001,0,4,3,1,0.5775435627438128,,732.3
8388,-4.300000000000001,0,4,3,1,0.5775435627438128,,732.4
8389,-1.6,0,6,3,1,0.5775435627438128,,732.4
8390,-4.300000000000001,0,4,3,1,0.5775435627438128,,732.5
8391,-4.300000000000001,0,4,3,1,0.5775435627438128,,732.5
8392,-4.300000000000001,0,4,3,1,0.5775435627438128,,732.6
8393,-4.300000000000001,0,4,3,1,0.5775435627438128,,732.7
8394,-2.3000000000000003,0,4,3,1,0.5775435627438128,,732.7
8395,-4.300000000000001,0,4,3,1,0.5775435627438128,,732.8
8396,-2.3000000000000003,0,4,3,1,0.5775435627438128,,732.8
8397,5.7,1,4,3,1,0.5775435627438128,,732.9
8398,-4.300000000000001,0,4,3,1,0.5775435627438128,,733.0
8399,-4.300000000000001,0,4,3,1,0.5775435627438128,,733.0
8400,-2.3000000000000003,0,4,3,1,0.5775435627438128,,733.1
8401,-4.300000000000001,0,4,3,1,0.5775435627438128,,733.1
8402,-4.300000000000001,0,4,3,1,0.5775435627438128,,733.2
8403,-4.300000000000001,0,4,3,1,0.5775435627438128,,733.3
8404,-2.3000000000000003,0,4,3,1,0.5775435627438128,,733.3
8405,5.7,1,4,3,1,0.5775435627438128,,733.5
8406,5.7,1,4,3,1,0.5775435627438128,,733.5
8407,0.6000000000000001,0,5,4,1,0.5775435627438128,,733.6
8408,-4.300000000000001,0,4,3,1,0.5775435627438128,,733.6
8409,-4.300000000000001,0,4,3,1,0.5775435627438128,,733.7
8410,-4.300000000000001,0,4,3,1,0.5775435627438128,,733.8
8411,-0.30000000000000004,0,4,3,1,0.5775435627438128,,733.8
8412,-2.3000000000000003,0,4,3,1,0.5775435627438128,,733.9
8413,-2.3000000000000003,0,4,3,1,0.5775435627438128,,734.0
8414,-4.300000000000001,0,4,3,1,0.5775435627438128,,734.0
8415,-4.300000000000001,0,4,3,1,0.5775435627438128,,734.1
8416,-0.30000000000000004,0,4,3,1,0.5775435627438128,,734.2
8417,-4.300000000000001,0,4,3,1,0.5775435627438128,,734.2
8418,-2.3000000000000003,0,4,3,1,0.5775435627438128,,734.3
8419,-4.300000000000001,0,4,3,1,0.5775435627438128,,734.3
8420,-2.3000000000000003,0,4,3,1,0.5775435627438128,,734.3
8421,-2.3000000000000003,0,4,3,1,0.5775435627438128,,734.4
8422,-0.30000000000000004,0,4,3,1,0.5775435627438128,,734.5
8423,-4.300000000000001,0,4,3,1,0.5775435627438128,,734.6
8424,-2.3000000000000003,0,4,3,1,0.5775435627438128,,734.6
8425,-4.300000000000001,0,4,3,1,0.5775435627438128,,734.7
8426,-4.300000000000001,0,4,3,1,0.5775435627438128,,734.8
8427,-2.3000000000000003,0,4,3,1,0.5775435627438128,,734.8
8428,-4.300000000000001,0,4,3,1,0.5775435627438128,,734.9
8429,-4.300000000000001,0,4,3,1,0.5775435627438128,,734.9
8430,-4.300000000000001,0,4,3,1,0.5775435627438128,,735.0
8431,-5.4,0,5,4,1,0.5775435627438128,,735.1
8432,-4.300000000000001,0,4,3,1,0.5775435627438128,,735.2
8433,-2.3000000000000003,0,4,3,1,0.5775435627438128,,735.3
8434,-4.300000000000001,0,4,3,1,0.5775435627438128,,735.3
8435,-4.300000000000001,0,4,3,1,0.5775435627438128,,735.4
8436,-4.300000000000001,0,4,3,1,0.5775435627438128,,735.5
8437,-4.300000000000001,0,4,3,1,0.5775435627438128,,735.5
8438,-4.300000000000001,0,4,3,1,0.5775435627438128,,735.6
8439,-4.300000000000001,0,4,3,1,0.5775435627438128,,735.6
8440,5.7,1,4,3,1,0.5775435627438128,,735.7
8441,-2.3000000000000003,0,4,3,1,0.5775435627438128,,735.7
8442,-4.300000000000001,0,4,3,1,0.5775435627438128,,735.8
8443,-4.300000000000001,0,4,3,1,0.5775435627438128,,735.8
8444,-2.3000000000000003,0,4,3,1,0.5775435627438128,,735.9
8445,-4.300000000000001,0,4,3,1,0.5775435627438128,,736.0
8446,-4.300000000000001,0,4,3,1,0.5775435627438128,,736.0
8447,-5.6000000000000005,0,6,3,1,0.5775435627438128,,736.1
8448,-4.300000000000001,0,4,3,1,0.5775435627438128,,736.2
8449,-4.300000000000001,0,4,3,1,0.5775435627438128,,736.2
8450,-4.300000000000001,0,4,3,1,0.5775435627438128,,736.3
8451,-2.3000000000000003,0,4,3,1,0.5775435627438128,,736.3
8452,5.7,1,4,3,1,0.5775435627438128,,736.4
8453,-4.300000000000001,0,4,3,1,0.5775435627438128,,736.5
8454,-4.300000000000001,0,4,3,1,0.5775435627438128,,736.5
8455,-4.300000000000001,0,4,3,1,0.5775435627438128,,736.6
8456,-4.300000000000001,0,4,3,1,0.5775435627438128,,736.7
8457,5.7,1,4,3,1,0.5775435627438128,,736.7
8458,-4.300000000000001,0,4,3,1,0.5775435627438128,,736.8
8459,-0.30000000000000004,0,4,3,1,0.5775435627438128,,736.8
8460,-4.300000000000001,0,4,3,1,0.5775435627438128,,736.9
8461,-0.30000000000000004,0,4,3,1,0.5775435627438128,,737.0
8462,-0.30000000000000004,0,4,3,1,0.5775435627438128,,737.1
8463,-4.300000000000001,0,4,3,1,0.5775435627438128,,737.2
8464,-1.4000000000000001,0,5,4,1,0.5775435627438128,,737.2
8465,-4.300000000000001,0,4,3,1,0.5775435627438128,,737.3
8466,-2.3000000000000003,0,4,3,1,0.5775435627438128,,737.4
8467,5.7,1,4,3,1,0.5775435627438128,,737.5
8468,-4.300000000000001,0,4,3,1,0.5775435627438128,,737.5
8469,-0.30000000000000004,0,4,3,1,0.5775435627438128,,737.5
8470,-2.3000000000000003,0,4,3,1,0.5775435627438128,,737.6
8471,-0.30000000000000004,0,4,3,1,0.5775435627438128,,737.6
8472,-4.300000000000001,0,4,3,1,0.5775435627438128,,737.7
8473,-2.3000000000000003,0,4,3,1,0.5775435627438128,,737.8
8474,-4.300000000000001,0,4,3,1,0.5775435627438128,,737.8
8475,-0.30000000000000004,0,4,3,1,0.5775435627438128,,737.9
8476,-4.300000000000001,0,4,3,1,0.5775435627438128,,738.0
8477,-4.300000000000001,0,4,3,1,0.5775435627438128,,738.0
8478,-4.300000000000001,0,4,3,1,0.5775435627438128,,738.1
8479,-4.300000000000001,0,4,3,1,0.5775435627438128,,738.1
8480,-4.300000000000001,0,4,3,1,0.5775435627438128,,738.2
8481,-4.300000000000001,0,4,3,1,0.5775435627438128,,738.3
8482,-2.3000000000000003,0,4,3,1,0.5775435627438128,,738.3
8483,-4.300000000000001,0,4,3,1,0.5775435627438128,,738.4
8484,5.7,1,4,3,1,0.5775435627438128,,738.4
8485,-4.300000000000001,0,4,3,1,0.5775435627438128,,738.5
8486,-6.700000000000001,0,7,4,1,0.5775435627438128,,738.5
8487,-4.300000000000001,0,4,3,1,0.5775435627438128,,738.6
8488,-4.300000000000001,0,4,3,1,0.5775435627438128,,738.7
8489,-4.300000000000001,0,4,3,1,0.5775435627438128,,738.8
8490,-4.300000000000001,0,4,3,1,0.5775435627438128,,738.8
8491,5.7,1,4,3,1,0.5775435627438128,,738.9
8492,-4.300000000000001,0,4,3,1,0.5775435627438128,,739.0
8493,-4.300000000000001,0,4,3,1,0.5775435627438128,,739.0
8494,-4.300000000000001,0,4,3,1,0.5775435627438128,,739.1
8495,-4.300000000000001,0,4,3,1,0.5775435627438128,,739.1
8496,-4.300000000000001,0,4,3,1,0.5775435627438128,,739.2
8497,5.7,1,4,3,1,0.5775435627438128,,739.2
8498,-4.300000000000001,0,4,3,1,0.5775435627438128,,739.3
8499,-0.30000000000000004,0,4,3,1,0.5775435627438128,,739.4
8500,-2.3000000000000003,0,4,3,1,0.5775435627438128,,739.4
8501,-4.300000000000001,0,4,3,1,0.5775435627438128,,744.9
8502,-4.300000000000001,0,4,3,1,0.5775435627438128,,745.0
8503,5.7,1,4,3,1,0.5775435627438128,,745.0
8504,-0.30000000000000004,0,4,3,1,0.5775435627438128,,745.1
8505,-4.300000000000001,0,4,3,1,0.5775435627438128,,745.2
8506,5.7,1,4,3,1,0.5775435627438128,,745.2
8507,-4.300000000000001,0,4,3,1,0.5775435627438128,,745.3
8508,-2.3000000000000003,0,4,3,1,0.5775435627438128,,745.3
8509,-2.3000000000000003,0,4,3,1,0.5323552205227315,1.8044241950847208,746.1
8510,-4.300000000000001,0,4,3,1,0.5323552205227315,,746.1
8511,5.7,1,4,3,1,0.5323552205227315,,746.2
8512,-4.300000000000001,0,4,3,1,0.5323552205227315,,746.2
8513,-4.300000000000001,0,4,3,1,0.5323552205227315,,746.3
8514,-0.6000000000000001,0,6,3,1,0.5323552205227315,,746.3
8515,-0.30000000000000004,0,4,3,1,0.5323552205227315,,746.4
8516,-2.3000000000000003,0,4,3,1,0.5323552205227315,,746.4
8517,5.7,1,4,3,1,0.5323552205227315,,746.5
8518,-4.300000000000001,0,4,3,1,0.5323552205227315,,746.6
8519,-4.300000000000001,0,4,3,1,0.5323552205227315,,746.7
8520,-4.300000000000001,0,4,3,1,0.5323552205227315,,746.7
8521,-4.300000000000001,0,4,3,1,0.5323552205227315,,746.8
8522,5.7,1,4,3,1,0.5323552205227315,,746.8
8523,-2.3000000000000003,0,4,3,1,0.5323552205227315,,746.9
8524,-4.300000000000001,0,4,3,1,0.5323552205227315,,746.9
8525,-0.30000000000000004,0,4,3,1,0.5323552205227315,,747.0
8526,-4.300000000000001,0,4,3,1,0.5323552205227315,,747.0
8527,5.7,1,4,3,1,0.5323552205227315,,747.1
8528,-0.30000000000000004,0,4,3,1,0.5323552205227315,,747.1
8529,-4.300000000000001,0,4,3,1,0.5323552205227315,,747.2
8530,-0.30000000000000004,0,4,3,1,0.5323552205227315,,747.2
8531,-0.30000000000000004,0,4,3,1,0.5323552205227315,,747.2
8532,-2.3000000000000003,0,4,3,1,0.5323552205227315,,747.3
8533,-0.30000000000000004,0,4,3,1,0.5323552205227315,,747.4
8534,-4.300000000000001,0,4,3,1,0.5323552205227315,,747.4
8535,-0.30000000000000004,0,4,3,1,0.5323552205227315,,747.5
8536,-4.300000000000001,0,4,3,1,0.5323552205227315,,747.5
8537,5.7,1,4,3,1,0.5323552205227315,,747.6
8538,-4.300000000000001,0,4,3,1,0.5323552205227315,,747.7
8539,-4.300000000000001,0,4,3,1,0.5323552205227315,,747.8
8540,-4.300000000000001,0,4,3,1,0.5323552205227315,,747.8
8541,-4.300000000000001,0,4,3,1,0.5323552205227315,,747.9
8542,0.6000000000000001,0,5,4,1,0.5323552205227315,,747.9
8543,-2.3000000000000003,0,4,3,1,0.5323552205227315,,748.0
8544,-2.3000000000000003,0,4,3,1,0.5323552205227315,,748.1
8545,5.7,1,4,3,1,0.5323552205227315,,748.1
8546,-4.300000000000001,0,4,3,1,0.5323552205227315,,748.2
8547,-0.30000000000000004,0,4,3,1,0.5323552205227315,,748.3
8548,-2.3000000000000003,0,4,3,1,0.5323552205227315,,748.3
8549,-4.300000000000001,0,4,3,1,0.5323552205227315,,748.4
8550,-4.300000000000001,0,4,3,1,0.5323552205227315,,748.5
8551,-4.300000000000001,0,4,3,1,0.5323552205227315,,748.6
8552,-4.300000000000001,0,4,3,1,0.5323552205227315,,748.6
8553,-4.300000000000001,0,4,3,1,0.5323552205227315,,748.7
8554,5.7,1,4,3,1,0.5323552205227315,,748.8
8555,-4.300000000000001,0,4,3,1,0.5323552205227315,,748.8
8556,-4.300000000000001,0,4,3,1,0.5323552205227315,,748.9
8557,-2.3000000000000003,0,4,3,1,0.5323552205227315,,748.9
8558,-4.300000000000001,0,4,3,1,0.5323552205227315,,749.0
8559,5.7,1,4,3,1,0.5323552205227315,,749.1
8560,-1.4000000000000001,0,5,4,1,0.5323552205227315,,749.2
8561,-4.300000000000001,0,4,3,1,0.5323552205227315,,749.3
8562,-4.300000000000001,0,4,3,1,0.5323552205227315,,749.3
8563,5.7,1,4,3,1,0.5323552205227315,,749.3
8564,-4.300000000000001,0,4,3,1,0.5323552205227315,,749.4
8565,-4.300000000000001,0,4,3,1,0.5323552205227315,,749.5
8566,-4.300000000000001,0,4,3,1,0.5323552205227315,,749.6
8567,-4.300000000000001,0,4,3,1,0.5323552205227315,,749.6
8568,-4.300000000000001,0,4,3,1,0.5323552205227315,,749.7
8569,-4.300000000000001,0,4,3,1,0.5323552205227315,,749.8
8570,-2.3000000000000003,0,4,3,1,0.5323552205227315,,749.9
8571,-0.30000000000000004,0,4,3,1,0.5323552205227315,,749.9
8572,-4.300000000000001,0,4,3,1,0.5323552205227315,,750.0
8573,-4.300000000000001,0,4,3,1,0.5323552205227315,,750.1
8574,-4.300000000000001,0,4,3,1,0.5323552205227315,,750.2
8575,-4.300000000000001,0,4,3,1,0.5323552205227315,,750.3
8576,-4.300000000000001,0,4,3,1,0.5323552205227315,,750.4
8577,-2.3000000000000003,0,4,3,1,0.5323552205227315,,750.4
8578,5.7,1,4,3,1,0.5323552205227315,,750.5
8579,-5.6000000000000005,0,6,3,1,0.5323552205227315,,750.6
8580,5.7,1,4,3,1,0.5323552205227315,,750.7
8581,-0.30000000000000004,0,4,3,1,0.5323552205227315,,750.7
8582,-4.300000000000001,0,4,3,1,0.5323552205227315,,750.8
8583,-4.300000000000001,0,4,3,1,0.5323552205227315,,750.8
8584,5.7,1,4,3,1,0.5323552205227315,,750.9
8585,-4.300000000000001,0,4,3,1,0.5323552205227315,,750.9
8586,5.7,1,4,3,1,0.5323552205227315,,751.0
8587,-2.3000000000000003,0,4,3,1,0.5323552205227315,,751.1
8588,-4.300000000000001,0,4,3,1,0.5323552205227315,,751.1
8589,-4.300000000000001,0,4,3,1,0.5323552205227315,,751.2
8590,5.7,1,4,3,1,0.5323552205227315,,751.2
8591,5.7,1,4,3,1,0.5323552205227315,,751.3
8592,-4.300000000000001,0,4,3,1,0.5323552205227315,,751.3
8593,5.7,1,4,3,1,0.5323552205227315,,751.3
8594,-4.300000000000001,0,4,3,1,0.5323552205227315,,751.4
8595,-4.300000000000001,0,4,3,1,0.5323552205227315,,751.5
8596,-4.300000000000001,0,4,3,1,0.5323552205227315,,751.6
8597,-0.30000000000000004,0,4,3,1,0.5323552205227315,,751.6
8598,5.7,1,4,3,1,0.5323552205227315,,751.7
8599,5.7,1,4,3,1,0.5323552205227315,,751.8
8600,-2.3000000000000003,0,4,3,1,0.5323552205227315,,751.8
8601,-2.3000000000000003,0,4,3,1,0.5323552205227315,,751.9
8602,5.7,1,4,3,1,0.5323552205227315,,751.9
8603,-4.300000000000001,0,4,3,1,0.5323552205227315,,752.0
8604,-4.300000000000001,0,4,3,1,0.5323552205227315,,752.0
8605,-4.300000000000001,0,4,3,1,0.5323552205227315,,752.1
8606,5.7,1,4,3,1,0.5323552205227315,,752.2
8607,-0.30000000000000004,0,4,3,1,0.5323552205227315,,752.3
8608,-2.3000000000000003,0,4,3,1,0.5323552205227315,,752.3
8609,5.7,1,4,3,1,0.5323552205227315,,752.3
8610,-5.6000000000000005,0,6,3,1,0.5323552205227315,,752.4
8611,-4.300000000000001,0,4,3,1,0.5323552205227315,,752.5
8612,-4.300000000000001,0,4,3,1,0.5323552205227315,,752.6
8613,-2.3000000000000003,0,4,3,1,0.5323552205227315,,752.6
8614,-2.3000000000000003,0,4,3,1,0.5323552205227315,,752.7
8615,-4.300000000000001,0,4,3,1,0.5323552205227315,,752.8
8616,-4.6000000000000005,0,6,3,1,0.5323552205227315,,752.9
8617,-3.6000000000000005,0,6,3,1,0.5323552205227315,,752.9
8618,-4.300000000000001,0,4,3,1,0.5323552205227315,,753.0
8619,5.7,1,4,3,1,0.5323552205227315,,753.1
8620,-4.200000000000001,0,10,3,1,0.5323552205227315,,753.1
8621,-2.3000000000000003,0,4,3,1,0.5323552205227315,,753.2
8622,5.7,1,4,3,1,0.5323552205227315,,753.2
8623,-4.300000000000001,0,4,3,1,0.5323552205227315,,753.3
8624,-4.300000000000001,0,4,3,1,0.5323552205227315,,753.4
8625,-2.3000000000000003,0,4,3,1,0.5323552205227315,,753.5
8626,-0.30000000000000004,0,4,3,1,0.5323552205227315,,753.5
8627,-4.300000000000001,0,4,3,1,0.5323552205227315,,753.6
8628,5.7,1,4,3,1,0.5323552205227315,,753.6
8629,-4.300000000000001,0,4,3,1,0.5323552205227315,,753.7
8630,-2.3000000000000003,0,4,3,1,0.5323552205227315,,753.8
8631,-0.30000000000000004,0,4,3,1,0.5323552205227315,,753.9
8632,5.7,1,4,3,1,0.5323552205227315,,753.9
8633,-4.300000000000001,0,4,3,1,0.5323552205227315,,754.0
8634,-0.30000000000000004,0,4,3,1,0.5323552205227315,,754.0
8635,5.7,1,4,3,1,0.5323552205227315,,754.1
8636,-4.300000000000001,0,4,3,1,0.5323552205227315,,754.2
8637,-4.300000000000001,0,4,3,1,0.5323552205227315,,754.3
8638,-4.300000000000001,0,4,3,1,0.5323552205227315,,754.3
8639,-4.300000000000001,0,4,3,1,0.5323552205227315,,754.4
8640,-0.6000000000000001,0,6,3,1,0.5323552205227315,,754.4
8641,-2.3000000000000003,0,4,3,1,0.5323552205227315,,754.5
8642,-0.30000000000000004,0,4,3,1,0.5323552205227315,,754.5
8643,5.7,1,4,3,1,0.5323552205227315,,754.6
8644,5.7,1,4,3,1,0.5323552205227315,,754.7
8645,-4.300000000000001,0,4,3,1,0.5323552205227315,,754.8
8646,5.7,1,4,3,1,0.5323552205227315,,754.8
8647,-4.300000000000001,0,4,3,1,0.5323552205227315,,754.9
8648,-4.300000000000001,0,4,3,1,0.5323552205227315,,755.0
8649,-2.3000000000000003,0,4,3,1,0.5323552205227315,,755.1
8650,-4.300000000000001,0,4,3,1,0.5323552205227315,,755.2
8651,-0.30000000000000004,0,4,3,1,0.5323552205227315,,755.2
8652,5.7,1,4,3,1,0.5323552205227315,,755.2
8653,-0.30000000000000004,0,4,3,1,0.5323552205227315,,755.4
8654,-2.3000000000000003,0,4,3,1,0.5323552205227315,,755.4
8655,-0.30000000000000004,0,4,3,1,0.5323552205227315,,755.5
8656,-0.30000000000000004,0,4,3,1,0.5323552205227315,,755.6
8657,-4.300000000000001,0,4,3,1,0.5323552205227315,,755.7
8658,-0.30000000000000004,0,4,3,1,0.5323552205227315,,755.7
8659,-4.300000000000001,0,4,3,1,0.5323552205227315,,755.8
8660,-0.30000000000000004,0,4,3,1,0.5323552205227315,,755.8
8661,-2.3000000000000003,0,4,3,1,0.5323552205227315,,755.8
8662,-4.300000000000001,0,4,3,1,0.5323552205227315,,755.9
8663,-4.300000000000001,0,4,3,1,0.5323552205227315,,756.0
8664,-4.6000000000000005,0,6,3,1,0.5323552205227315,,756.0
8665,-2.3000000000000003,0,4,3,1,0.5323552205227315,,756.1
8666,-4.300000000000001,0,4,3,1,0.5323552205227315,,756.1
8667,-4.300000000000001,0,4,3,1,0.5323552205227315,,756.2
8668,5.7,1,4,3,1,0.5323552205227315,,756.2
8669,-4.300000000000001,0,4,3,1,0.5323552205227315,,756.3
8670,-2.3000000000000003,0,4,3,1,0.5323552205227315,,756.4
8671,-4.300000000000001,0,4,3,1,0.5323552205227315,,756.4
8672,-2.3000000000000003,0,4,3,1,0.5323552205227315,,756.5
8673,-4.300000000000001,0,4,3,1,0.5323552205227315,,756.6
8674,-4.300000000000001,0,4,3,1,0.5323552205227315,,756.7
8675,-4.300000000000001,0,4,3,1,0.5323552205227315,,756.7
8676,-4.300000000000001,0,4,3,1,0.5323552205227315,,756.8
8677,-4.300000000000001,0,4,3,1,0.5323552205227315,,756.9
8678,-0.30000000000000004,0,4,3,1,0.5323552205227315,,757.0
8679,-2.3000000000000003,0,4,3,1,0.5323552205227315,,757.1
8680,-4.300000000000001,0,4,3,1,0.5323552205227315,,757.1
8681,5.7,1,4,3,1,0.5323552205227315,,757.2
8682,-4.300000000000001,0,4,3,1,0.5323552205227315,,757.3
8683,-4.300000000000001,0,4,3,1,0.5323552205227315,,757.3
8684,-4.6000000000000005,0,6,3,1,0.5323552205227315,,757.4
8685,-0.30000000000000004,0,4,3,1,0.5323552205227315,,757.5
8686,-5.6000000000000005,0,6,3,1,0.5323552205227315,,757.6
8687,-4.300000000000001,0,4,3,1,0.5323552205227315,,757.6
8688,5.7,1,4,3,1,0.5323552205227315,,757.7
8689,5.7,1,4,3,1,0.5323552205227315,,757.8
8690,-0.30000000000000004,0,4,3,1,0.5323552205227315,,757.8
8691,-0.30000000000000004,0,4,3,1,0.5323552205227315,,757.8
8692,-2.3000000000000003,0,4,3,1,0.5323552205227315,,757.9
8693,-4.300000000000001,0,4,3,1,0.5323552205227315,,758.0
8694,-2.3000000000000003,0,4,3,1,0.5323552205227315,,758.0
8695,-4.300000000000001,0,4,3,1,0.5323552205227315,,758.1
8696,-2.3000000000000003,0,4,3,1,0.5323552205227315,,758.1
8697,5.7,1,4,3,1,0.5323552205227315,,758.2
8698,-4.300000000000001,0,4,3,1,0.5323552205227315,,758.3
8699,-4.300000000000001,0,4,3,1,0.5323552205227315,,758.3
8700,5.7,1,4,3,1,0.5323552205227315,,758.4
8701,-0.30000000000000004,0,4,3,1,0.5323552205227315,,758.5
8702,-4.300000000000001,0,4,3,1,0.5323552205227315,,758.5
8703,-4.300000000000001,0,4,3,1,0.5323552205227315,,758.6
8704,5.7,1,4,3,1,0.5323552205227315,,758.7
8705,-4.300000000000001,0,4,3,1,0.5323552205227315,,758.7
8706,-4.300000000000001,0,4,3,1,0.5323552205227315,,758.8
8707,-4.300000000000001,0,4,3,1,0.5323552205227315,,758.9
8708,-4.300000000000001,0,4,3,1,0.5323552205227315,,758.9
8709,-4.300000000000001,0,4,3,1,0.5323552205227315,,759.0
8710,-4.300000000000001,0,4,3,1,0.5323552205227315,,759.1
8711,-4.300000000000001,0,4,3,1,0.5323552205227315,,759.1
8712,5.7,1,4,3,1,0.5323552205227315,,759.2
8713,-4.300000000000001,0,4,3,1,0.5323552205227315,,759.3
8714,-4.300000000000001,0,4,3,1,0.5323552205227315,,759.3
8715,-4.300000000000001,0,4,3,1,0.5323552205227315,,759.4
8716,-4.300000000000001,0,4,3,1,0.5323552205227315,,759.5
8717,-4.300000000000001,0,4,3,1,0.5323552205227315,,759.5
8718,-4.300000000000001,0,4,3,1,0.5323552205227315,,759.6
8719,-4.300000000000001,0,4,3,1,0.5323552205227315,,759.6
8720,-4.300000000000001,0,4,3,1,0.5323552205227315,,759.7
8721,-4.300000000000001,0,4,3,1,0.5323552205227315,,759.8
8722,-4.300000000000001,0,4,3,1,0.5323552205227315,,759.9
8723,-2.3000000000000003,0,4,3,1,0.5323552205227315,,759.9
8724,-2.3000000000000003,0,4,3,1,0.5323552205227315,,760.0
8725,-4.300000000000001,0,4,3,1,0.5323552205227315,,760.0
8726,-4.300000000000001,0,4,3,1,0.5323552205227315,,760.1
8727,-4.300000000000001,0,4,3,1,0.5323552205227315,,760.2
8728,-4.300000000000001,0,4,3,1,0.5323552205227315,,760.2
8729,-4.300000000000001,0,4,3,1,0.5323552205227315,,760.3
8730,-4.300000000000001,0,4,3,1,0.5323552205227315,,760.4
8731,-2.3000000000000003,0,4,3,1,0.5323552205227315,,760.5
8732,5.7,1,4,3,1,0.5323552205227315,,760.5
8733,-4.300000000000001,0,4,3,1,0.5323552205227315,,760.6
8734,-0.30000000000000004,0,4,3,1,0.5323552205227315,,760.7
8735,-4.300000000000001,0,4,3,1,0.5323552205227315,,760.8
8736,-4.300000000000001,0,4,3,1,0.5323552205227315,,760.9
8737,-4.300000000000001,0,4,3,1,0.5323552205227315,,760.9
8738,-0.30000000000000004,0,4,3,1,0.5323552205227315,,761.0
8739,-2.3000000000000003,0,4,3,1,0.5323552205227315,,761.1
8740,-4.300000000000001,0,4,3,1,0.5323552205227315,,761.1
8741,-2.3000000000000003,0,4,3,1,0.5323552205227315,,761.1
8742,-2.3000000000000003,0,4,3,1,0.5323552205227315,,761.2
8743,-4.300000000000001,0,4,3,1,0.5323552205227315,,761.3
8744,-4.300000000000001,0,4,3,1,0.5323552205227315,,761.3
8745,-4.300000000000001,0,4,3,1,0.5323552205227315,,761.4
8746,5.7,1,4,3,1,0.5323552205227315,,761.4
8747,-4.300000000000001,0,4,3,1,0.5323552205227315,,761.5
8748,5.7,1,4,3,1,0.5323552205227315,,761.6
8749,-0.30000000000000004,0,4,3,1,0.5323552205227315,,761.7
8750,-4.300000000000001,0,4,3,1,0.5323552205227315,,761.8
8751,-2.3000000000000003,0,4,3,1,0.5323552205227315,,761.8
8752,5.7,1,4,3,1,0.5323552205227315,,761.9
8753,-4.300000000000001,0,4,3,1,0.5323552205227315,,761.9
8754,-4.300000000000001,0,4,3,1,0.5323552205227315,,762.0
8755,5.7,1,4,3,1,0.5323552205227315,,762.1
8756,-4.300000000000001,0,4,3,1,0.5323552205227315,,762.1
8757,-0.30000000000000004,0,4,3,1,0.5323552205227315,,762.2
8758,-4.300000000000001,0,4,3,1,0.5323552205227315,,762.3
8759,-4.300000000000001,0,4,3,1,0.5323552205227315,,762.4
8760,-4.300000000000001,0,4,3,1,0.5323552205227315,,762.4
8761,5.7,1,4,3,1,0.5323552205227315,,762.5
8762,-4.300000000000001,0,4,3,1,0.5323552205227315,,762.5
8763,-4.300000000000001,0,4,3,1,0.5323552205227315,,762.6
8764,-2.3000000000000003,0,4,3,1,0.5323552205227315,,762.7
8765,5.7,1,4,3,1,0.5323552205227315,,762.8
8766,-4.300000000000001,0,4,3,1,0.5323552205227315,,762.8
8767,-4.300000000000001,0,4,3,1,0.5323552205227315,,762.9
8768,-4.300000000000001,0,4,3,1,0.5323552205227315,,762.9
8769,-4.300000000000001,0,4,3,1,0.5323552205227315,,762.9
8770,-4.300000000000001,0,4,3,1,0.5323552205227315,,763.0
8771,-0.30000000000000004,0,4,3,1,0.5323552205227315,,763.1
8772,5.7,1,4,3,1,0.5323552205227315,,763.1
8773,-4.300000000000001,0,4,3,1,0.5323552205227315,,763.2
8774,-4.300000000000001,0,4,3,1,0.5323552205227315,,763.3
8775,-4.300000000000001,0,4,3,1,0.5323552205227315,,763.3
8776,-4.300000000000001,0,4,3,1,0.5323552205227315,,763.3
8777,-2.3000000000000003,0,4,3,1,0.5323552205227315,,763.4
8778,-4.300000000000001,0,4,3,1,0.5323552205227315,,763.4
8779,-4.300000000000001,0,4,3,1,0.5323552205227315,,763.5
8780,-4.300000000000001,0,4,3,1,0.5323552205227315,,763.6
8781,5.7,1,4,3,1,0.5323552205227315,,763.6
8782,-4.300000000000001,0,4,3,1,0.5323552205227315,,763.7
8783,-4.300000000000001,0,4,3,1,0.5323552205227315,,763.8
8784,-0.30000000000000004,0,4,3,1,0.5323552205227315,,763.9
8785,-4.300000000000001,0,4,3,1,0.5323552205227315,,764.0
8786,-4.300000000000001,0,4,3,1,0.5323552205227315,,764.1
8787,-4.300000000000001,0,4,3,1,0.5323552205227315,,764.1
8788,-2.3000000000000003,0,4,3,1,0.5323552205227315,,764.2
8789,5.7,1,4,3,1,0.5323552205227315,,764.2
8790,-4.300000000000001,0,4,3,1,0.5323552205227315,,764.3
8791,-0.30000000000000004,0,4,3,1,0.5323552205227315,,764.3
8792,5.7,1,4,3,1,0.5323552205227315,,764.4
8793,5.7,1,4,3,1,0.5323552205227315,,764.5
8794,-4.300000000000001,0,4,3,1,0.5323552205227315,,764.5
8795,5.7,1,4,3,1,0.5323552205227315,,764.6
8796,-4.300000000000001,0,4,3,1,0.5323552205227315,,764.6
8797,-0.30000000000000004,0,4,3,1,0.5323552205227315,,764.7
8798,-4.300000000000001,0,4,3,1,0.5323552205227315,,764.8
8799,-4.300000000000001,0,4,3,1,0.5323552205227315,,764.8
8800,5.7,1,4,3,1,0.5323552205227315,,764.9
8801,-4.300000000000001,0,4,3,1,0.5323552205227315,,765.0
8802,-5.4,0,5,4,1,0.5323552205227315,,765.1
8803,-4.300000000000001,0,4,3,1,0.5323552205227315,,765.2
8804,-0.30000000000000004,0,4,3,1,0.5323552205227315,,765.2
8805,-4.300000000000001,0,4,3,1,0.5323552205227315,,765.3
8806,-4.300000000000001,0,4,3,1,0.5323552205227315,,765.4
8807,-0.30000000000000004,0,4,3,1,0.5323552205227315,,765.5
8808,5.7,1,4,3,1,0.5323552205227315,,765.5
8809,-4.300000000000001,0,4,3,1,0.5323552205227315,,765.6
8810,-2.3000000000000003,0,4,3,1,0.5323552205227315,,765.6
8811,-4.300000000000001,0,4,3,1,0.5323552205227315,,765.7
8812,-4.300000000000001,0,4,3,1,0.5323552205227315,,765.8
8813,-4.300000000000001,0,4,3,1,0.5323552205227315,,765.9
8814,-4.300000000000001,0,4,3,1,0.5323552205227315,,765.9
8815,-5.4,0,5,4,1,0.5323552205227315,,766.0
8816,-0.30000000000000004,0,4,3,1,0.5323552205227315,,766.1
8817,-4.300000000000001,0,4,3,1,0.5323552205227315,,766.1
8818,-2.3000000000000003,0,4,3,1,0.5323552205227315,,766.2
8819,-0.30000000000000004,0,4,3,1,0.5323552205227315,,766.3
8820,-4.300000000000001,0,4,3,1,0.5323552205227315,,766.3
8821,-2.3000000000000003,0,4,3,1,0.5323552205227315,,766.4
8822,-4.300000000000001,0,4,3,1,0.5323552205227315,,766.4
8823,-2.3000000000000003,0,4,3,1,0.5323552205227315,,766.5
8824,-4.300000000000001,0,4,3,1,0.5323552205227315,,766.5
8825,-0.30000000000000004,0,4,3,1,0.5323552205227315,,766.6
8826,-4.300000000000001,0,4,3,1,0.5323552205227315,,766.7
8827,5.7,1,4,3,1,0.5323552205227315,,766.7
8828,-4.300000000000001,0,4,3,1,0.5323552205227315,,766.8
8829,-4.300000000000001,0,4,3,1,0.5323552205227315,,766.8
8830,-4.300000000000001,0,4,3,1,0.5323552205227315,,766.9
8831,5.7,1,4,3,1,0.5323552205227315,,767.0
8832,-0.30000000000000004,0,4,3,1,0.5323552205227315,,767.0
8833,-5.4,0,5,4,1,0.5323552205227315,,767.1
8834,-4.300000000000001,0,4,3,1,0.5323552205227315,,767.1
8835,-0.30000000000000004,0,4,3,1,0.5323552205227315,,767.2
8836,-0.30000000000000004,0,4,3,1,0.5323552205227315,,767.3
8837,-0.30000000000000004,0,4,3,1,0.5323552205227315,,767.4
8838,-4.300000000000001,0,4,3,1,0.5323552205227315,,767.5
8839,-4.300000000000001,0,4,3,1,0.5323552205227315,,767.5
8840,-0.6000000000000001,0,6,3,1,0.5323552205227315,,767.6
8841,-4.300000000000001,0,4,3,1,0.5323552205227315,,767.7
8842,-2.3000000000000003,0,4,3,1,0.5323552205227315,,767.7
8843,-2.3000000000000003,0,4,3,1,0.5323552205227315,,767.8
8844,5.7,1,4,3,1,0.5323552205227315,,767.8
8845,-4.300000000000001,0,4,3,1,0.5323552205227315,,767.9
8846,-4.300000000000001,0,4,3,1,0.5323552205227315,,768.0
8847,5.7,1,4,3,1,0.5323552205227315,,768.0
8848,-4.300000000000001,0,4,3,1,0.5323552205227315,,768.1
8849,-4.300000000000001,0,4,3,1,0.5323552205227315,,768.1
8850,-4.300000000000001,0,4,3,1,0.5323552205227315,,768.2
8851,5.7,1,4,3,1,0.5323552205227315,,768.3
8852,-4.300000000000001,0,4,3,1,0.5323552205227315,,768.4
8853,-2.3000000000000003,0,4,3,1,0.5323552205227315,,768.4
8854,5.7,1,4,3,1,0.5323552205227315,,768.5
8855,-2.3000000000000003,0,4,3,1,0.5323552205227315,,768.5
8856,-4.300000000000001,0,4,3,1,0.5323552205227315,,768.6
8857,-4.300000000000001,0,4,3,1,0.5323552205227315,,768.6
8858,-4.300000000000001,0,4,3,1,0.5323552205227315,,768.7
8859,-4.300000000000001,0,4,3,1,0.5323552205227315,,768.7
8860,-2.3000000000000003,0,4,3,1,0.5323552205227315,,768.8
8861,5.7,1,4,3,1,0.5323552205227315,,768.8
8862,-4.300000000000001,0,4,3,1,0.5323552205227315,,768.9
8863,5.7,1,4,3,1,0.5323552205227315,,768.9
8864,-4.300000000000001,0,4,3,1,0.5323552205227315,,769.0
8865,-4.6,0,6,3,1,0.5323552205227315,,769.1
8866,-0.30000000000000004,0,4,3,1,0.5323552205227315,,769.2
8867,-2.3000000000000003,0,4,3,1,0.5323552205227315,,769.2
8868,5.7,1,4,3,1,0.5323552205227315,,769.3
8869,-4.300000000000001,0,4,3,1,0.5323552205227315,,769.3
8870,-4.300000000000001,0,4,3,1,0.5323552205227315,,769.4
8871,-0.30000000000000004,0,4,3,1,0.5323552205227315,,769.4
8872,-4.300000000000001,0,4,3,1,0.5323552205227315,,769.5
8873,-4.300000000000001,0,4,3,1,0.5323552205227315,,769.6
8874,-4.300000000000001,0,4,3,1,0.5323552205227315,,769.7
8875,-0.30000000000000004,0,4,3,1,0.5323552205227315,,769.7
8876,-0.30000000000000004,0,4,3,1,0.5323552205227315,,769.7
8877,-4.300000000000001,0,4,3,1,0.5323552205227315,,769.8
8878,-4.300000000000001,0,4,3,1,0.5323552205227315,,769.9
8879,-4.300000000000001,0,4,3,1,0.5323552205227315,,769.9
8880,-4.300000000000001,0,4,3,1,0.5323552205227315,,770.0
8881,-4.300000000000001,0,4,3,1,0.5323552205227315,,770.1
8882,-2.3000000000000003,0,4,3,1,0.5323552205227315,,770.1
8883,-4.300000000000001,0,4,3,1,0.5323552205227315,,770.2
8884,-0.30000000000000004,0,4,3,1,0.5323552205227315,,770.3
8885,-4.300000000000001,0,4,3,1,0.5323552205227315,,770.4
8886,-4.300000000000001,0,4,3,1,0.5323552205227315,,770.5
8887,-4.300000000000001,0,4,3,1,0.5323552205227315,,770.5
8888,-4.300000000000001,0,4,3,1,0.5323552205227315,,770.6
8889,-2.3000000000000003,0,4,3,1,0.5323552205227315,,770.6
8890,-2.3000000000000003,0,4,3,1,0.5323552205227315,,770.7
8891,5.7,1,4,3,1,0.5323552205227315,,770.7
8892,5.7,1,4,3,1,0.5323552205227315,,770.8
8893,-2.3000000000000003,0,4,3,1,0.5323552205227315,,770.8
8894,-2.3000000000000003,0,4,3,1,0.5323552205227315,,770.9
8895,-0.30000000000000004,0,4,3,1,0.5323552205227315,,771.0
8896,-4.300000000000001,0,4,3,1,0.5323552205227315,,771.0
8897,-0.6000000000000001,0,6,3,1,0.5323552205227315,,771.1
8898,5.7,1,4,3,1,0.5323552205227315,,771.2
8899,-2.3000000000000003,0,4,3,1,0.5323552205227315,,771.2
8900,-4.300000000000001,0,4,3,1,0.5323552205227315,,771.3
8901,-4.300000000000001,0,4,3,1,0.5323552205227315,,771.4
8902,-2.3000000000000003,0,4,3,1,0.5323552205227315,,771.4
8903,-2.3000000000000003,0,4,3,1,0.5323552205227315,,771.5
8904,-4.300000000000001,0,4,3,1,0.5323552205227315,,771.5
8905,-0.30000000000000004,0,4,3,1,0.5323552205227315,,771.6
8906,-4.300000000000001,0,4,3,1,0.5323552205227315,,771.7
8907,-4.300000000000001,0,4,3,1,0.5323552205227315,,771.7
8908,5.7,1,4,3,1,0.5323552205227315,,771.8
8909,5.7,1,4,3,1,0.5323552205227315,,771.9
8910,-4.300000000000001,0,4,3,1,0.5323552205227315,,771.9
8911,-4.300000000000001,0,4,3,1,0.5323552205227315,,771.9
8912,-4.300000000000001,0,4,3,1,0.5323552205227315,,772.0
8913,-4.300000000000001,0,4,3,1,0.5323552205227315,,772.1
8914,-0.6000000000000001,0,6,3,1,0.5323552205227315,,772.2
8915,-4.300000000000001,0,4,3,1,0.5323552205227315,,772.2
8916,5.7,1,4,3,1,0.5323552205227315,,772.3
8917,-4.300000000000001,0,4,3,1,0.5323552205227315,,772.4
8918,-4.300000000000001,0,4,3,1,0.5323552205227315,,772.5
8919,5.7,1,4,3,1,0.5323552205227315,,772.5
8920,-4.300000000000001,0,4,3,1,0.5323552205227315,,772.6
8921,-4.300000000000001,0,4,3,1,0.5323552205227315,,772.6
8922,5.7,1,4,3,1,0.5323552205227315,,772.7
8923,-0.30000000000000004,0,4,3,1,0.5323552205227315,,772.8
8924,5.7,1,4,3,1,0.5323552205227315,,772.8
8925,-4.300000000000001,0,4,3,1,0.5323552205227315,,772.9
8926,-4.300000000000001,0,4,3,1,0.5323552205227315,,772.9
8927,5.7,1,4,3,1,0.5323552205227315,,773.0
8928,5.7,1,4,3,1,0.5323552205227315,,773.1
8929,-2.3000000000000003,0,4,3,1,0.5323552205227315,,773.2
8930,5.7,1,4,3,1,0.5323552205227315,,773.2
8931,-4.300000000000001,0,4,3,1,0.5323552205227315,,773.3
8932,-4.300000000000001,0,4,3,1,0.5323552205227315,,773.3
8933,-4.300000000000001,0,4,3,1,0.5323552205227315,,773.4
8934,-4.300000000000001,0,4,3,1,0.5323552205227315,,773.5
8935,-2.3000000000000003,0,4,3,1,0.5323552205227315,,773.5
8936,5.7,1,4,3,1,0.5323552205227315,,773.6
8937,-2.3000000000000003,0,4,3,1,0.5323552205227315,,773.6
8938,-4.300000000000001,0,4,3,1,0.5323552205227315,,773.6
8939,-4.300000000000001,0,4,3,1,0.5323552205227315,,773.7
8940,-4.300000000000001,0,4,3,1,0.5323552205227315,,773.8
8941,-4.300000000000001,0,4,3,1,0.5323552205227315,,773.9
8942,-2.3000000000000003,0,4,3,1,0.5323552205227315,,773.9
8943,5.7,1,4,3,1,0.5323552205227315,,774.0
8944,-4.300000000000001,0,4,3,1,0.5323552205227315,,774.1
8945,-2.3000000000000003,0,4,3,1,0.5323552205227315,,774.1
8946,-0.30000000000000004,0,4,3,1,0.5323552205227315,,774.1
8947,-4.300000000000001,0,4,3,1,0.5323552205227315,,774.2
8948,-4.300000000000001,0,4,3,1,0.5323552205227315,,774.3
8949,-4.300000000000001,0,4,3,1,0.5323552205227315,,774.3
8950,-0.30000000000000004,0,4,3,1,0.5323552205227315,,774.4
8951,-0.30000000000000004,0,4,3,1,0.5323552205227315,,774.4
8952,5.7,1,4,3,1,0.5323552205227315,,774.5
8953,-4.300000000000001,0,4,3,1,0.5323552205227315,,774.6
8954,5.7,1,4,3,1,0.5323552205227315,,774.7
8955,-4.300000000000001,0,4,3,1,0.5323552205227315,,774.8
8956,5.7,1,4,3,1,0.5323552205227315,,774.8
8957,-4.300000000000001,0,4,3,1,0.5323552205227315,,774.9
8958,-4.300000000000001,0,4,3,1,0.5323552205227315,,774.9
8959,-2.3000000000000003,0,4,3,1,0.5323552205227315,,775.0
8960,5.7,1,4,3,1,0.5323552205227315,,775.0
8961,-4.300000000000001,0,4,3,1,0.5323552205227315,,775.1
8962,-4.300000000000001,0,4,3,1,0.5323552205227315,,775.2
8963,-4.300000000000001,0,4,3,1,0.5323552205227315,,775.2
8964,-2.3000000000000003,0,4,3,1,0.5323552205227315,,775.3
8965,-0.30000000000000004,0,4,3,1,0.5323552205227315,,775.4
8966,5.7,1,4,3,1,0.5323552205227315,,775.5
8967,-4.300000000000001,0,4,3,1,0.5323552205227315,,775.6
8968,-4.300000000000001,0,4,3,1,0.5323552205227315,,775.6
8969,-2.3000000000000003,0,4,3,1,0.5323552205227315,,775.7
8970,-0.30000000000000004,0,4,3,1,0.5323552205227315,,775.8
8971,-4.300000000000001,0,4,3,1,0.5323552205227315,,775.8
8972,5.7,1,4,3,1,0.5323552205227315,,775.9
8973,-4.300000000000001,0,4,3,1,0.5323552205227315,,775.9
8974,-2.3000000000000003,0,4,3,1,0.5323552205227315,,776.0
8975,5.7,1,4,3,1,0.5323552205227315,,776.0
8976,-2.3000000000000003,0,4,3,1,0.5323552205227315,,776.1
8977,-2.3000000000000003,0,4,3,1,0.5323552205227315,,776.2
8978,-4.300000000000001,0,4,3,1,0.5323552205227315,,776.2
8979,-0.30000000000000004,0,4,3,1,0.5323552205227315,,776.2
8980,-4.300000000000001,0,4,3,1,0.5323552205227315,,776.3
8981,-2.3000000000000003,0,4,3,1,0.5323552205227315,,776.4
8982,-4.300000000000001,0,4,3,1,0.5323552205227315,,776.4
8983,-2.3000000000000003,0,4,3,1,0.5323552205227315,,776.5
8984,-0.30000000000000004,0,4,3,1,0.5323552205227315,,776.5
8985,5.7,1,4,3,1,0.5323552205227315,,776.6
8986,-4.300000000000001,0,4,3,1,0.5323552205227315,,776.6
8987,-2.3000000000000003,0,4,3,1,0.5323552205227315,,776.6
8988,-2.3000000000000003,0,4,3,1,0.5323552205227315,,776.7
8989,-4.300000000000001,0,4,3,1,0.5323552205227315,,776.7
8990,-4.300000000000001,0,4,3,1,0.5323552205227315,,776.8
8991,-4.300000000000001,0,4,3,1,0.5323552205227315,,776.9
8992,5.7,1,4,3,1,0.5323552205227315,,776.9
8993,-4.6,0,6,3,1,0.5323552205227315,,777.0
8994,-2.3000000000000003,0,4,3,1,0.5323552205227315,,777.0
8995,-0.30000000000000004,0,4,3,1,0.5323552205227315,,777.1
8996,-4.300000000000001,0,4,3,1,0.5323552205227315,,777.2
8997,-2.3000000000000003,0,4,3,1,0.5323552205227315,,777.2
8998,-4.300000000000001,0,4,3,1,0.5323552205227315,,777.2
8999,-4.300000000000001,0,4,3,1,0.5323552205227315,,777.3
9000,-0.30000000000000004,0,4,3,1,0.5323552205227315,,777.4
9001,-4.300000000000001,0,4,3,1,0.5323552205227315,,782.5
9002,5.7,1,4,3,1,0.5323552205227315,,782.6
9003,-2.3000000000000003,0,4,3,1,0.5323552205227315,,782.7
9004,-4.300000000000001,0,4,3,1,0.5323552205227315,,782.7
9005,-2.3000000000000003,0,4,3,1,0.5323552205227315,,782.7
9006,-4.300000000000001,0,4,3,1,0.5323552205227315,,782.8
9007,5.7,1,4,3,1,0.5323552205227315,,782.9
9008,-4.300000000000001,0,4,3,1,0.5323552205227315,,782.9
9009,-4.300000000000001,0,4,3,1,0.5323552205227315,,782.9
9010,-4.300000000000001,0,4,3,1,0.5323552205227315,,783.0
9011,-4.300000000000001,0,4,3,1,0.46748010953888297,1.9880055687390268,783.8
9012,-2.3000000000000003,0,4,3,1,0.46748010953888297,,783.8
9013,-2.3000000000000003,0,4,3,1,0.46748010953888297,,783.8
9014,-4.300000000000001,0,4,3,1,0.46748010953888297,,783.9
9015,-0.30000000000000004,0,4,3,1,0.46748010953888297,,784.0
9016,-0.30000000000000004,0,4,3,1,0.46748010953888297,,784.0
9017,5.7,1,4,3,1,0.46748010953888297,,784.1
9018,-4.300000000000001,0,4,3,1,0.46748010953888297,,784.1
9019,-0.30000000000000004,0,4,3,1,0.46748010953888297,,784.2
9020,-0.30000000000000004,0,4,3,1,0.46748010953888297,,784.3
9021,-4.300000000000001,0,4,3,1,0.46748010953888297,,784.3
9022,-4.300000000000001,0,4,3,1,0.46748010953888297,,784.4
9023,-0.30000000000000004,0,4,3,1,0.46748010953888297,,784.5
9024,-2.3000000000000003,0,4,3,1,0.46748010953888297,,784.6
9025,-0.30000000000000004,0,4,3,1,0.46748010953888297,,784.6
9026,-4.300000000000001,0,4,3,1,0.46748010953888297,,784.7
9027,-2.3000000000000003,0,4,3,1,0.46748010953888297,,784.7
9028,-4.300000000000001,0,4,3,1,0.46748010953888297,,784.8
9029,-4.300000000000001,0,4,3,1,0.46748010953888297,,784.9
9030,-4.300000000000001,0,4,3,1,0.46748010953888297,,784.9
9031,-4.300000000000001,0,4,3,1,0.46748010953888297,,785.0
9032,-4.300000000000001,0,4,3,1,0.46748010953888297,,785.1
9033,-4.300000000000001,0,4,3,1,0.46748010953888297,,785.1
9034,-0.30000000000000004,0,4,3,1,0.46748010953888297,,785.2
9035,-4.300000000000001,0,4,3,1,0.46748010953888297,,785.3
9036,5.7,1,4,3,1,0.46748010953888297,,785.4
9037,-4.300000000000001,0,4,3,1,0.46748010953888297,,785.5
9038,-4.300000000000001,0,4,3,1,0.46748010953888297,,785.5
9039,-2.3000000000000003,0,4,3,1,0.46748010953888297,,785.6
9040,-4.300000000000001,0,4,3,1,0.46748010953888297,,785.7
9041,-4.300000000000001,0,4,3,1,0.46748010953888297,,785.8
9042,-0.30000000000000004,0,4,3,1,0.46748010953888297,,785.8
9043,-2.3000000000000003,0,4,3,1,0.46748010953888297,,785.9
9044,-4.300000000000001,0,4,3,1,0.46748010953888297,,786.0
9045,5.7,1,4,3,1,0.46748010953888297,,786.0
9046,-0.30000000000000004,0,4,3,1,0.46748010953888297,,786.1
9047,5.7,1,4,3,1,0.46748010953888297,,786.2
9048,-0.30000000000000004,0,4,3,1,0.46748010953888297,,786.2
9049,-2.3000000000000003,0,4,3,1,0.46748010953888297,,786.3
9050,-4.300000000000001,0,4,3,1,0.46748010953888297,,786.4
9051,-4.300000000000001,0,4,3,1,0.46748010953888297,,786.4
9052,-2.3000000000000003,0,4,3,1,0.46748010953888297,,786.5
9053,-2.3000000000000003,0,4,3,1,0.46748010953888297,,786.6
9054,-4.300000000000001,0,4,3,1,0.46748010953888297,,786.6
9055,-4.300000000000001,0,4,3,1,0.46748010953888297,,786.6
9056,-4.300000000000001,0,4,3,1,0.46748010953888297,,786.7
9057,-4.300000000000001,0,4,3,1,0.46748010953888297,,786.8
9058,5.7,1,4,3,1,0.46748010953888297,,786.8
9059,-4.300000000000001,0,4,3,1,0.46748010953888297,,786.9
9060,-0.30000000000000004,0,4,3,1,0.46748010953888297,,786.9
9061,-2.3000000000000003,0,4,3,1,0.46748010953888297,,787.0
9062,-4.300000000000001,0,4,3,1,0.46748010953888297,,787.0
9063,-4.300000000000001,0,4,3,1,0.46748010953888297,,787.1
9064,-4.300000000000001,0,4,3,1,0.46748010953888297,,787.1
9065,-4.300000000000001,0,4,3,1,0.46748010953888297,,787.2
9066,-0.30000000000000004,0,4,3,1,0.46748010953888297,,787.2
9067,-2.3000000000000003,0,4,3,1,0.46748010953888297,,787.3
9068,-4.300000000000001,0,4,3,1,0.46748010953888297,,787.3
9069,-4.300000000000001,0,4,3,1,0.46748010953888297,,787.4
9070,5.7,1,4,3,1,0.46748010953888297,,787.5
9071,-2.3000000000000003,0,4,3,1,0.46748010953888297,,787.5
9072,-2.3000000000000003,0,4,3,1,0.46748010953888297,,787.6
9073,-4.300000000000001,0,4,3,1,0.46748010953888297,,787.6
9074,5.7,1,4,3,1,0.46748010953888297,,787.7
9075,-4.300000000000001,0,4,3,1,0.46748010953888297,,787.8
9076,-4.300000000000001,0,4,3,1,0.46748010953888297,,787.8
9077,-2.6,0,6,3,1,0.46748010953888297,,787.9
9078,-0.30000000000000004,0,4,3,1,0.46748010953888297,,788.0
9079,5.7,1,4,3,1,0.46748010953888297,,788.1
9080,-4.300000000000001,0,4,3,1,0.46748010953888297,,788.1
9081,-4.300000000000001,0,4,3,1,0.46748010953888297,,788.2
9082,-4.300000000000001,0,4,3,1,0.46748010953888297,,788.2
9083,5.7,1,4,3,1,0.46748010953888297,,788.3
9084,-4.300000000000001,0,4,3,1,0.46748010953888297,,788.4
9085,-4.300000000000001,0,4,3,1,0.46748010953888297,,788.4
9086,-0.30000000000000004,0,4,3,1,0.46748010953888297,,788.5
9087,-4.300000000000001,0,4,3,1,0.46748010953888297,,788.6
9088,-2.3000000000000003,0,4,3,1,0.46748010953888297,,788.7
9089,-2.3000000000000003,0,4,3,1,0.46748010953888297,,788.8
9090,-0.30000000000000004,0,4,3,1,0.46748010953888297,,788.8
9091,-2.3000000000000003,0,4,3,1,0.46748010953888297,,788.9
9092,-4.300000000000001,0,4,3,1,0.46748010953888297,,789.0
9093,-4.300000000000001,0,4,3,1,0.46748010953888297,,789.1
9094,-3.4000000000000004,0,5,4,1,0.46748010953888297,,789.1
9095,-4.300000000000001,0,4,3,1,0.46748010953888297,,789.2
9096,-4.300000000000001,0,4,3,1,0.46748010953888297,,789.2
9097,-4.300000000000001,0,4,3,1,0.46748010953888297,,789.3
9098,-4.300000000000001,0,4,3,1,0.46748010953888297,,789.3
9099,-2.3000000000000003,0,4,3,1,0.46748010953888297,,789.4
9100,-4.300000000000001,0,4,3,1,0.46748010953888297,,789.5
9101,-2.3000000000000003,0,4,3,1,0.46748010953888297,,789.5
9102,-4.300000000000001,0,4,3,1,0.46748010953888297,,789.6
9103,-2.3000000000000003,0,4,3,1,0.46748010953888297,,789.6
9104,-4.300000000000001,0,4,3,1,0.46748010953888297,,789.7
9105,-0.30000000000000004,0,4,3,1,0.46748010953888297,,789.7
9106,-4.300000000000001,0,4,3,1,0.46748010953888297,,789.8
9107,-4.300000000000001,0,4,3,1,0.46748010953888297,,789.9
9108,-4.300000000000001,0,4,3,1,0.46748010953888297,,789.9
9109,-4.300000000000001,0,4,3,1,0.46748010953888297,,790.0
9110,-2.3000000000000003,0,4,3,1,0.46748010953888297,,790.0
9111,-4.300000000000001,0,4,3,1,0.46748010953888297,,790.1
9112,-0.30000000000000004,0,4,3,1,0.46748010953888297,,790.2
9113,-4.300000000000001,0,4,3,1,0.46748010953888297,,790.3
9114,-4.300000000000001,0,4,3,1,0.46748010953888297,,790.4
9115,-4.6000000000000005,0,6,3,1,0.46748010953888297,,790.4
9116,-4.300000000000001,0,4,3,1,0.46748010953888297,,790.5
9117,-4.300000000000001,0,4,3,1,0.46748010953888297,,790.5
9118,-4.300000000000001,0,4,3,1,0.46748010953888297,,790.6
9119,-4.300000000000001,0,4,3,1,0.46748010953888297,,790.7
9120,-4.300000000000001,0,4,3,1,0.46748010953888297,,790.8
9121,5.7,1,4,3,1,0.46748010953888297,,790.8
9122,-4.300000000000001,0,4,3,1,0.46748010953888297,,790.9
9123,-4.300000000000001,0,4,3,1,0.46748010953888297,,791.0
9124,-2.3000000000000003,0,4,3,1,0.46748010953888297,,791.0
9125,-4.300000000000001,0,4,3,1,0.46748010953888297,,791.1
9126,-4.300000000000001,0,4,3,1,0.46748010953888297,,791.2
9127,-4.300000000000001,0,4,3,1,0.46748010953888297,,791.3
9128,-4.300000000000001,0,4,3,1,0.46748010953888297,,791.3
9129,-4.300000000000001,0,4,3,1,0.46748010953888297,,791.5
9130,-4.300000000000001,0,4,3,1,0.46748010953888297,,791.5
9131,-4.300000000000001,0,4,3,1,0.46748010953888297,,791.6
9132,-3.4000000000000004,0,5,4,1,0.46748010953888297,,791.6
9133,-4.300000000000001,0,4,3,1,0.46748010953888297,,791.7
9134,5.7,1,4,3,1,0.46748010953888297,,791.8
9135,-2.3000000000000003,0,4,3,1,0.46748010953888297,,791.9
9136,-4.300000000000001,0,4,3,1,0.46748010953888297,,791.9
9137,-4.300000000000001,0,4,3,1,0.46748010953888297,,792.0
9138,-2.3000000000000003,0,4,3,1,0.46748010953888297,,792.0
9139,-5.4,0,5,4,1,0.46748010953888297,,792.1
9140,-4.300000000000001,0,4,3,1,0.46748010953888297,,792.2
9141,-2.3000000000000003,0,4,3,1,0.46748010953888297,,792.2
9142,-4.300000000000001,0,4,3,1,0.46748010953888297,,792.3
9143,-4.300000000000001,0,4,3,1,0.46748010953888297,,792.4
9144,-2.3000000000000003,0,4,3,1,0.46748010953888297,,792.5
9145,5.7,1,4,3,1,0.46748010953888297,,792.6
9146,-0.30000000000000004,0,4,3,1,0.46748010953888297,,792.6
9147,-4.300000000000001,0,4,3,1,0.46748010953888297,,792.7
9148,5.7,1,4,3,1,0.46748010953888297,,792.8
9149,-2.3000000000000003,0,4,3,1,0.46748010953888297,,792.8
9150,-4.300000000000001,0,4,3,1,0.46748010953888297,,792.9
9151,-4.300000000000001,0,4,3,1,0.46748010953888297,,792.9
9152,-4.6000000000000005,0,6,3,1,0.46748010953888297,,793.0
9153,-0.30000000000000004,0,4,3,1,0.46748010953888297,,793.1
9154,-2.3000000000000003,0,4,3,1,0.46748010953888297,,793.1
9155,-0.30000000000000004,0,4,3,1,0.46748010953888297,,793.2
9156,-0.30000000000000004,0,4,3,1,0.46748010953888297,,793.3
9157,-4.300000000000001,0,4,3,1,0.46748010953888297,,793.4
9158,-4.300000000000001,0,4,3,1,0.46748010953888297,,793.4
9159,5.7,1,4,3,1,0.46748010953888297,,793.5
9160,-4.300000000000001,0,4,3,1,0.46748010953888297,,793.5
9161,5.7,1,4,3,1,0.46748010953888297,,793.6
9162,-4.300000000000001,0,4,3,1,0.46748010953888297,,793.6
9163,-2.3000000000000003,0,4,3,1,0.46748010953888297,,793.7
9164,-2.3000000000000003,0,4,3,1,0.46748010953888297,,793.8
9165,-2.3000000000000003,0,4,3,1,0.46748010953888297,,793.9
9166,-4.300000000000001,0,4,3,1,0.46748010953888297,,794.0
9167,-4.300000000000001,0,4,3,1,0.46748010953888297,,794.1
9168,-4.300000000000001,0,4,3,1,0.46748010953888297,,794.1
9169,-4.300000000000001,0,4,3,1,0.46748010953888297,,794.2
9170,-0.30000000000000004,0,4,3,1,0.46748010953888297,,794.2
9171,5.7,1,4,3,1,0.46748010953888297,,794.2
9172,-2.3000000000000003,0,4,3,1,0.46748010953888297,,794.3
9173,-4.300000000000001,0,4,3,1,0.46748010953888297,,794.4
9174,-2.3000000000000003,0,4,3,1,0.46748010953888297,,794.4
9175,-2.3000000000000003,0,4,3,1,0.46748010953888297,,794.5
9176,-2.3000000000000003,0,4,3,1,0.46748010953888297,,794.5
9177,-4.300000000000001,0,4,3,1,0.46748010953888297,,794.6
9178,-4.300000000000001,0,4,3,1,0.46748010953888297,,794.7
9179,-4.300000000000001,0,4,3,1,0.46748010953888297,,794.8
9180,-4.300000000000001,0,4,3,1,0.46748010953888297,,794.9
9181,-2.3000000000000003,0,4,3,1,0.46748010953888297,,794.9
9182,5.7,1,4,3,1,0.46748010953888297,,795.0
9183,5.7,1,4,3,1,0.46748010953888297,,795.1
9184,-2.3000000000000003,0,4,3,1,0.46748010953888297,,795.2
9185,5.7,1,4,3,1,0.46748010953888297,,795.2
9186,-4.300000000000001,0,4,3,1,0.46748010953888297,,795.3
9187,-0.30000000000000004,0,4,3,1,0.46748010953888297,,795.3
9188,-2.3000000000000003,0,4,3,1,0.46748010953888297,,795.4
9189,-2.3000000000000003,0,4,3,1,0.46748010953888297,,795.5
9190,-2.3000000000000003,0,4,3,1,0.46748010953888297,,795.5
9191,-2.3000000000000003,0,4,3,1,0.46748010953888297,,795.5
9192,-4.300000000000001,0,4,3,1,0.46748010953888297,,795.6
9193,-4.300000000000001,0,4,3,1,0.46748010953888297,,795.7
9194,-4.300000000000001,0,4,3,1,0.46748010953888297,,795.7
9195,-4.300000000000001,0,4,3,1,0.46748010953888297,,795.8
9196,-4.300000000000001,0,4,3,1,0.46748010953888297,,795.9
9197,5.7,1,4,3,1,0.46748010953888297,,795.9
9198,5.7,1,4,3,1,0.46748010953888297,,796.0
9199,-4.300000000000001,0,4,3,1,0.46748010953888297,,796.0
9200,-0.30000000000000004,0,4,3,1,0.46748010953888297,,796.1
9201,-4.300000000000001,0,4,3,1,0.46748010953888297,,796.1
9202,-4.300000000000001,0,4,3,1,0.46748010953888297,,796.2
9203,-4.300000000000001,0,4,3,1,0.46748010953888297,,796.2
9204,5.7,1,4,3,1,0.46748010953888297,,796.3
9205,-0.30000000000000004,0,4,3,1,0.46748010953888297,,796.3
9206,-4.300000000000001,0,4,3,1,0.46748010953888297,,796.4
9207,5.7,1,4,3,1,0.46748010953888297,,796.5
9208,-4.300000000000001,0,4,3,1,0.46748010953888297,,796.6
9209,5.7,1,4,3,1,0.46748010953888297,,796.6
9210,-2.3000000000000003,0,4,3,1,0.46748010953888297,,796.7
9211,5.7,1,4,3,1,0.46748010953888297,,796.8
9212,-2.3000000000000003,0,4,3,1,0.46748010953888297,,796.8
9213,-4.300000000000001,0,4,3,1,0.46748010953888297,,796.9
9214,-4.300000000000001,0,4,3,1,0.46748010953888297,,796.9
9215,-4.6,0,6,3,1,0.46748010953888297,,796.9
9216,-2.3000000000000003,0,4,3,1,0.46748010953888297,,797.0
9217,-4.300000000000001,0,4,3,1,0.46748010953888297,,797.1
9218,-3.6,0,6,3,1,0.46748010953888297,,797.1
9219,-4.300000000000001,0,4,3,1,0.46748010953888297,,797.2
9220,-4.300000000000001,0,4,3,1,0.46748010953888297,,797.3
9221,-4.300000000000001,0,4,3,1,0.46748010953888297,,797.4
9222,-0.30000000000000004,0,4,3,1,0.46748010953888297,,797.4
9223,-0.30000000000000004,0,4,3,1,0.46748010953888297,,797.5
9224,-4.300000000000001,0,4,3,1,0.46748010953888297,,797.5
9225,-0.30000000000000004,0,4,3,1,0.46748010953888297,,797.6
9226,-4.300000000000001,0,4,3,1,0.46748010953888297,,797.6
9227,-4.300000000000001,0,4,3,1,0.46748010953888297,,797.7
9228,-0.30000000000000004,0,4,3,1,0.46748010953888297,,797.7
9229,-2.3000000000000003,0,4,3,1,0.46748010953888297,,797.8
9230,-2.3000000000000003,0,4,3,1,0.46748010953888297,,797.9
9231,-4.300000000000001,0,4,3,1,0.46748010953888297,,798.0
9232,-4.300000000000001,0,4,3,1,0.46748010953888297,,798.1
9233,-4.300000000000001,0,4,3,1,0.46748010953888297,,798.2
9234,-4.300000000000001,0,4,3,1,0.46748010953888297,,798.2
9235,5.7,1,4,3,1,0.46748010953888297,,798.3
9236,-4.300000000000001,0,4,3,1,0.46748010953888297,,798.3
9237,-4.300000000000001,0,4,3,1,0.46748010953888297,,798.4
9238,-4.300000000000001,0,4,3,1,0.46748010953888297,,798.5
9239,-4.300000000000001,0,4,3,1,0.46748010953888297,,798.5
9240,-0.30000000000000004,0,4,3,1,0.46748010953888297,,798.6
9241,-4.300000000000001,0,4,3,1,0.46748010953888297,,798.7
9242,5.7,1,4,3,1,0.46748010953888297,,798.8
9243,-4.300000000000001,0,4,3,1,0.46748010953888297,,798.8
9244,-4.300000000000001,0,4,3,1,0.46748010953888297,,798.9
9245,-0.30000000000000004,0,4,3,1,0.46748010953888297,,799.0
9246,-4.300000000000001,0,4,3,1,0.46748010953888297,,799.1
9247,-4.300000000000001,0,4,3,1,0.46748010953888297,,799.1
9248,-2.3000000000000003,0,4,3,1,0.46748010953888297,,799.2
9249,5.7,1,4,3,1,0.46748010953888297,,799.3
9250,-4.300000000000001,0,4,3,1,0.46748010953888297,,799.3
9251,-0.30000000000000004,0,4,3,1,0.46748010953888297,,799.4
9252,-4.300000000000001,0,4,3,1,0.46748010953888297,,799.5
9253,-4.300000000000001,0,4,3,1,0.46748010953888297,,799.6
9254,-4.300000000000001,0,4,3,1,0.46748010953888297,,799.6
9255,-2.3000000000000003,0,4,3,1,0.46748010953888297,,799.7
9256,5.7,1,4,3,1,0.46748010953888297,,799.8
9257,5.7,1,4,3,1,0.46748010953888297,,799.9
9258,-4.300000000000001,0,4,3,1,0.46748010953888297,,799.9
9259,-4.300000000000001,0,4,3,1,0.46748010953888297,,800.0
9260,-4.300000000000001,0,4,3,1,0.46748010953888297,,800.1
9261,-4.300000000000001,0,4,3,1,0.46748010953888297,,800.1
9262,-4.300000000000001,0,4,3,1,0.46748010953888297,,800.2
9263,-2.3000000000000003,0,4,3,1,0.46748010953888297,,800.3
9264,-4.300000000000001,0,4,3,1,0.46748010953888297,,800.4
9265,-4.300000000000001,0,4,3,1,0.46748010953888297,,800.4
9266,5.7,1,4,3,1,0.46748010953888297,,800.4
9267,-4.300000000000001,0,4,3,1,0.46748010953888297,,800.5
9268,-4.300000000000001,0,4,3,1,0.46748010953888297,,800.5
9269,5.7,1,4,3,1,0.46748010953888297,,800.6
9270,-4.300000000000001,0,4,3,1,0.46748010953888297,,800.7
9271,-4.300000000000001,0,4,3,1,0.46748010953888297,,800.7
9272,-4.300000000000001,0,4,3,1,0.46748010953888297,,800.8
9273,-4.300000000000001,0,4,3,1,0.46748010953888297,,800.9
9274,5.4,1,6,3,1,0.46748010953888297,,800.9
9275,-4.300000000000001,0,4,3,1,0.46748010953888297,,801.0
9276,-2.3000000000000003,0,4,3,1,0.46748010953888297,,801.0
9277,5.7,1,4,3,1,0.46748010953888297,,801.0
9278,0.6000000000000001,0,5,4,1,0.46748010953888297,,801.1
9279,5.7,1,4,3,1,0.46748010953888297,,801.1
9280,-4.300000000000001,0,4,3,1,0.46748010953888297,,801.2
9281,-4.300000000000001,0,4,3,1,0.46748010953888297,,801.3
9282,-4.300000000000001,0,4,3,1,0.46748010953888297,,801.3
9283,-0.30000000000000004,0,4,3,1,0.46748010953888297,,801.4
9284,-4.300000000000001,0,4,3,1,0.46748010953888297,,801.4
9285,-4.300000000000001,0,4,3,1,0.46748010953888297,,801.5
9286,-0.30000000000000004,0,4,3,1,0.46748010953888297,,801.6
9287,-0.30000000000000004,0,4,3,1,0.46748010953888297,,801.6
9288,-4.300000000000001,0,4,3,1,0.46748010953888297,,801.7
9289,-4.300000000000001,0,4,3,1,0.46748010953888297,,801.7
9290,-4.300000000000001,0,4,3,1,0.46748010953888297,,801.8
9291,-4.300000000000001,0,4,3,1,0.46748010953888297,,801.8
9292,-4.300000000000001,0,4,3,1,0.46748010953888297,,801.9
9293,-4.300000000000001,0,4,3,1,0.46748010953888297,,802.0
9294,5.7,1,4,3,1,0.46748010953888297,,802.0
9295,-4.300000000000001,0,4,3,1,0.46748010953888297,,802.1
9296,-4.300000000000001,0,4,3,1,0.46748010953888297,,802.2
9297,5.7,1,4,3,1,0.46748010953888297,,802.2
9298,-2.3000000000000003,0,4,3,1,0.46748010953888297,,802.3
9299,-0.30000000000000004,0,4,3,1,0.46748010953888297,,802.4
9300,-0.30000000000000004,0,4,3,1,0.46748010953888297,,802.4
9301,-2.3000000000000003,0,4,3,1,0.46748010953888297,,802.4
9302,-4.300000000000001,0,4,3,1,0.46748010953888297,,802.5
9303,-5.6000000000000005,0,6,3,1,0.46748010953888297,,802.5
9304,-4.300000000000001,0,4,3,1,0.46748010953888297,,802.6
9305,-2.3000000000000003,0,4,3,1,0.46748010953888297,,802.6
9306,-2.3000000000000003,0,4,3,1,0.46748010953888297,,802.7
9307,-4.300000000000001,0,4,3,1,0.46748010953888297,,802.7
9308,-3.4000000000000004,0,5,4,1,0.46748010953888297,,802.8
9309,5.7,1,4,3,1,0.46748010953888297,,802.9
9310,-1.6,0,6,3,1,0.46748010953888297,,803.0
9311,-5.6000000000000005,0,6,3,1,0.46748010953888297,,803.0
9312,-3.6000000000000005,0,6,3,1,0.46748010953888297,,803.1
9313,-2.3000000000000003,0,4,3,1,0.46748010953888297,,803.2
9314,-4.300000000000001,0,4,3,1,0.46748010953888297,,803.2
9315,5.7,1,4,3,1,0.46748010953888297,,803.3
9316,5.7,1,4,3,1,0.46748010953888297,,803.3
9317,-4.6000000000000005,0,6,3,1,0.46748010953888297,,803.4
9318,-4.300000000000001,0,4,3,1,0.46748010953888297,,803.5
9319,-2.3000000000000003,0,4,3,1,0.46748010953888297,,803.6
9320,-4.300000000000001,0,4,3,1,0.46748010953888297,,803.7
9321,-4.300000000000001,0,4,3,1,0.46748010953888297,,803.7
9322,-4.300000000000001,0,4,3,1,0.46748010953888297,,803.8
9323,-2.3000000000000003,0,4,3,1,0.46748010953888297,,803.8
9324,-2.3000000000000003,0,4,3,1,0.46748010953888297,,803.9
9325,-4.300000000000001,0,4,3,1,0.46748010953888297,,803.9
9326,-5.6000000000000005,0,6,3,1,0.46748010953888297,,804.0
9327,-4.300000000000001,0,4,3,1,0.46748010953888297,,804.1
9328,-4.300000000000001,0,4,3,1,0.46748010953888297,,804.2
9329,-5.6000000000000005,0,6,3,1,0.46748010953888297,,804.2
9330,-2.3000000000000003,0,4,3,1,0.46748010953888297,,804.3
9331,-4.300000000000001,0,4,3,1,0.46748010953888297,,804.3
9332,-4.300000000000001,0,4,3,1,0.46748010953888297,,804.4
9333,-2.3000000000000003,0,4,3,1,0.46748010953888297,,804.4
9334,-4.300000000000001,0,4,3,1,0.46748010953888297,,804.5
9335,5.7,1,4,3,1,0.46748010953888297,,804.5
9336,-0.30000000000000004,0,4,3,1,0.46748010953888297,,804.6
9337,-4.300000000000001,0,4,3,1,0.46748010953888297,,804.7
9338,-0.30000000000000004,0,4,3,1,0.46748010953888297,,804.8
9339,-2.3000000000000003,0,4,3,1,0.46748010953888297,,804.9
9340,5.7,1,4,3,1,0.46748010953888297,,805.0
9341,-2.3000000000000003,0,4,3,1,0.46748010953888297,,805.0
9342,-2.3000000000000003,0,4,3,1,0.46748010953888297,,805.1
9343,-2.3000000000000003,0,4,3,1,0.46748010953888297,,805.2
9344,-2.3000000000000003,0,4,3,1,0.46748010953888297,,805.2
9345,-4.300000000000001,0,4,3,1,0.46748010953888297,,805.2
9346,-2.3000000000000003,0,4,3,1,0.46748010953888297,,805.3
9347,-2.3000000000000003,0,4,3,1,0.46748010953888297,,805.4
9348,-0.30000000000000004,0,4,3,1,0.46748010953888297,,805.5
9349,-0.30000000000000004,0,4,3,1,0.46748010953888297,,805.5
9350,5.7,1,4,3,1,0.46748010953888297,,805.6
9351,5.7,1,4,3,1,0.46748010953888297,,805.7
9352,-4.300000000000001,0,4,3,1,0.46748010953888297,,805.7
9353,-0.30000000000000004,0,4,3,1,0.46748010953888297,,805.8
9354,-4.300000000000001,0,4,3,1,0.46748010953888297,,805.8
9355,-4.300000000000001,0,4,3,1,0.46748010953888297,,805.9
9356,-4.300000000000001,0,4,3,1,0.46748010953888297,,805.9
9357,-4.300000000000001,0,4,3,1,0.46748010953888297,,806.0
9358,-4.300000000000001,0,4,3,1,0.46748010953888297,,806.1
9359,-2.3000000000000003,0,4,3,1,0.46748010953888297,,806.2
9360,-4.300000000000001,0,4,3,1,0.46748010953888297,,806.2
9361,-4.300000000000001,0,4,3,1,0.46748010953888297,,806.2
9362,-4.300000000000001,0,4,3,1,0.46748010953888297,,806.3
9363,-4.300000000000001,0,4,3,1,0.46748010953888297,,806.4
9364,-0.30000000000000004,0,4,3,1,0.46748010953888297,,806.5
9365,-2.3000000000000003,0,4,3,1,0.46748010953888297,,806.5
9366,-4.300000000000001,0,4,3,1,0.46748010953888297,,806.6
9367,5.7,1,4,3,1,0.46748010953888297,,806.6
9368,-4.300000000000001,0,4,3,1,0.46748010953888297,,806.7
9369,5.7,1,4,3,1,0.46748010953888297,,806.8
9370,-4.300000000000001,0,4,3,1,0.46748010953888297,,806.8
9371,-4.300000000000001,0,4,3,1,0.46748010953888297,,806.9
9372,-4.300000000000001,0,4,3,1,0.46748010953888297,,806.9
9373,-4.300000000000001,0,4,3,1,0.46748010953888297,,806.9
9374,-0.30000000000000004,0,4,3,1,0.46748010953888297,,807.0
9375,5.7,1,4,3,1,0.46748010953888297,,807.1
9376,-4.300000000000001,0,4,3,1,0.46748010953888297,,807.2
9377,-2.3000000000000003,0,4,3,1,0.46748010953888297,,807.2
9378,-4.300000000000001,0,4,3,1,0.46748010953888297,,807.3
9379,-4.300000000000001,0,4,3,1,0.46748010953888297,,807.3
9380,-0.30000000000000004,0,4,3,1,0.46748010953888297,,807.4
9381,-4.300000000000001,0,4,3,1,0.46748010953888297,,807.4
9382,5.7,1,4,3,1,0.46748010953888297,,807.5
9383,-4.300000000000001,0,4,3,1,0.46748010953888297,,807.5
9384,5.4,1,6,3,1,0.46748010953888297,,807.6
9385,-4.6000000000000005,0,6,3,1,0.46748010953888297,,807.7
9386,-0.30000000000000004,0,4,3,1,0.46748010953888297,,807.7
9387,-4.300000000000001,0,4,3,1,0.46748010953888297,,807.8
9388,-4.300000000000001,0,4,3,1,0.46748010953888297,,807.9
9389,-0.30000000000000004,0,4,3,1,0.46748010953888297,,808.0
9390,5.7,1,4,3,1,0.46748010953888297,,808.0
9391,-4.300000000000001,0,4,3,1,0.46748010953888297,,808.1
9392,-4.300000000000001,0,4,3,1,0.46748010953888297,,808.1
9393,-4.300000000000001,0,4,3,1,0.46748010953888297,,808.2
9394,-4.300000000000001,0,4,3,1,0.46748010953888297,,808.3
9395,-4.300000000000001,0,4,3,1,0.46748010953888297,,808.4
9396,-4.300000000000001,0,4,3,1,0.46748010953888297,,808.4
9397,-4.300000000000001,0,4,3,1,0.46748010953888297,,808.5
9398,5.7,1,4,3,1,0.46748010953888297,,808.5
9399,-4.300000000000001,0,4,3,1,0.46748010953888297,,808.6
9400,5.7,1,4,3,1,0.46748010953888297,,808.6
9401,-4.300000000000001,0,4,3,1,0.46748010953888297,,808.7
9402,-4.300000000000001,0,4,3,1,0.46748010953888297,,808.8
9403,-0.30000000000000004,0,4,3,1,0.46748010953888297,,808.8
9404,-0.30000000000000004,0,4,3,1,0.46748010953888297,,808.9
9405,-4.300000000000001,0,4,3,1,0.46748010953888297,,809.0
9406,-0.30000000000000004,0,4,3,1,0.46748010953888297,,809.1
9407,-4.300000000000001,0,4,3,1,0.46748010953888297,,809.1
9408,5.7,1,4,3,1,0.46748010953888297,,809.2
9409,-4.300000000000001,0,4,3,1,0.46748010953888297,,809.3
9410,-0.30000000000000004,0,4,3,1,0.46748010953888297,,809.4
9411,-4.300000000000001,0,4,3,1,0.46748010953888297,,809.4
9412,-2.3000000000000003,0,4,3,1,0.46748010953888297,,809.4
9413,-4.300000000000001,0,4,3,1,0.46748010953888297,,809.5
9414,5.7,1,4,3,1,0.46748010953888297,,809.5
9415,-4.300000000000001,0,4,3,1,0.46748010953888297,,809.6
9416,-4.300000000000001,0,4,3,1,0.46748010953888297,,809.7
9417,-0.30000000000000004,0,4,3,1,0.46748010953888297,,809.7
9418,-4.300000000000001,0,4,3,1,0.46748010953888297,,809.8
9419,-4.300000000000001,0,4,3,1,0.46748010953888297,,809.9
9420,-2.3000000000000003,0,4,3,1,0.46748010953888297,,809.9
9421,-2.3000000000000003,0,4,3,1,0.46748010953888297,,810.0
9422,-0.30000000000000004,0,4,3,1,0.46748010953888297,,810.1
9423,-4.300000000000001,0,4,3,1,0.46748010953888297,,810.1
9424,-4.300000000000001,0,4,3,1,0.46748010953888297,,810.2
9425,-4.300000000000001,0,4,3,1,0.46748010953888297,,810.2
9426,-2.3000000000000003,0,4,3,1,0.46748010953888297,,810.3
9427,-4.300000000000001,0,4,3,1,0.46748010953888297,,810.3
9428,-4.300000000000001,0,4,3,1,0.46748010953888297,,810.4
9429,-4.300000000000001,0,4,3,1,0.46748010953888297,,810.5
9430,-4.300000000000001,0,4,3,1,0.46748010953888297,,810.5
9431,5.7,1,4,3,1,0.46748010953888297,,810.6
9432,-2.3000000000000003,0,4,3,1,0.46748010953888297,,810.7
9433,-4.300000000000001,0,4,3,1,0.46748010953888297,,810.7
9434,-4.300000000000001,0,4,3,1,0.46748010953888297,,810.8
9435,-4.300000000000001,0,4,3,1,0.46748010953888297,,810.9
9436,-2.3000000000000003,0,4,3,1,0.46748010953888297,,810.9
9437,-4.300000000000001,0,4,3,1,0.46748010953888297,,811.0
9438,-2.3000000000000003,0,4,3,1,0.46748010953888297,,811.1
9439,-4.300000000000001,0,4,3,1,0.46748010953888297,,811.1
9440,-4.300000000000001,0,4,3,1,0.46748010953888297,,811.2
9441,-2.3000000000000003,0,4,3,1,0.46748010953888297,,811.3
9442,-4.300000000000001,0,4,3,1,0.46748010953888297,,811.3
9443,-1.4000000000000001,0,5,4,1,0.46748010953888297,,811.4
9444,-4.300000000000001,0,4,3,1,0.46748010953888297,,811.5
9445,-2.3000000000000003,0,4,3,1,0.46748010953888297,,811.5
9446,5.7,1,4,3,1,0.46748010953888297,,811.6
9447,-4.300000000000001,0,4,3,1,0.46748010953888297,,811.7
9448,5.7,1,4,3,1,0.46748010953888297,,811.8
9449,-4.300000000000001,0,4,3,1,0.46748010953888297,,811.9
9450,-2.3000000000000003,0,4,3,1,0.46748010953888297,,811.9
9451,-0.30000000000000004,0,4,3,1,0.46748010953888297,,812.0
9452,-4.300000000000001,0,4,3,1,0.46748010953888297,,812.0
9453,-4.300000000000001,0,4,3,1,0.46748010953888297,,812.1
9454,-4.300000000000001,0,4,3,1,0.46748010953888297,,812.1
9455,-4.300000000000001,0,4,3,1,0.46748010953888297,,812.2
9456,-0.30000000000000004,0,4,3,1,0.46748010953888297,,812.2
9457,-4.300000000000001,0,4,3,1,0.46748010953888297,,812.3
9458,-0.30000000000000004,0,4,3,1,0.46748010953888297,,812.3
9459,-4.300000000000001,0,4,3,1,0.46748010953888297,,812.4
9460,-4.300000000000001,0,4,3,1,0.46748010953888297,,812.4
9461,5.7,1,4,3,1,0.46748010953888297,,812.5
9462,-0.30000000000000004,0,4,3,1,0.46748010953888297,,812.6
9463,-4.300000000000001,0,4,3,1,0.46748010953888297,,812.6
9464,-4.300000000000001,0,4,3,1,0.46748010953888297,,812.7
9465,-2.3000000000000003,0,4,3,1,0.46748010953888297,,812.7
9466,-0.30000000000000004,0,4,3,1,0.46748010953888297,,812.8
9467,-0.30000000000000004,0,4,3,1,0.46748010953888297,,812.9
9468,-4.300000000000001,0,4,3,1,0.46748010953888297,,812.9
9469,-4.300000000000001,0,4,3,1,0.46748010953888297,,813.0
9470,-4.300000000000001,0,4,3,1,0.46748010953888297,,813.1
9471,-4.300000000000001,0,4,3,1,0.46748010953888297,,813.1
9472,-4.300000000000001,0,4,3,1,0.46748010953888297,,813.2
9473,-2.3000000000000003,0,4,3,1,0.46748010953888297,,813.3
9474,-4.300000000000001,0,4,3,1,0.46748010953888297,,813.4
9475,-4.300000000000001,0,4,3,1,0.46748010953888297,,813.4
9476,-0.30000000000000004,0,4,3,1,0.46748010953888297,,813.4
9477,-4.300000000000001,0,4,3,1,0.46748010953888297,,813.5
9478,5.7,1,4,3,1,0.46748010953888297,,813.6
9479,-4.300000000000001,0,4,3,1,0.46748010953888297,,813.6
9480,-4.300000000000001,0,4,3,1,0.46748010953888297,,813.7
9481,-0.30000000000000004,0,4,3,1,0.46748010953888297,,813.8
9482,5.7,1,4,3,1,0.46748010953888297,,813.9
9483,5.7,1,4,3,1,0.46748010953888297,,813.9
9484,-4.300000000000001,0,4,3,1,0.46748010953888297,,813.9
9485,-4.300000000000001,0,4,3,1,0.46748010953888297,,814.0
9486,-4.300000000000001,0,4,3,1,0.46748010953888297,,814.0
9487,-4.300000000000001,0,4,3,1,0.46748010953888297,,814.1
9488,-0.30000000000000004,0,4,3,1,0.46748010953888297,,814.2
9489,-4.300000000000001,0,4,3,1,0.46748010953888297,,814.3
9490,-0.30000000000000004,0,4,3,1,0.46748010953888297,,814.3
9491,-4.300000000000001,0,4,3,1,0.46748010953888297,,814.4
9492,-4.9,0,8,3,1,0.46748010953888297,,814.5
9493,-2.3000000000000003,0,4,3,1,0.46748010953888297,,814.5
9494,5.7,1,4,3,1,0.46748010953888297,,814.6
9495,-4.300000000000001,0,4,3,1,0.46748010953888297,,814.7
9496,-0.30000000000000004,0,4,3,1,0.46748010953888297,,814.8
9497,-4.300000000000001,0,4,3,1,0.46748010953888297,,814.8
9498,5.7,1,4,3,1,0.46748010953888297,,814.9
9499,-4.300000000000001,0,4,3,1,0.46748010953888297,,814.9
9500,5.7,1,4,3,1,0.46748010953888297,,815.0
9501,-4.300000000000001,0,4,3,1,0.46748010953888297,,819.9
9502,-4.300000000000001,0,4,3,1,0.46748010953888297,,820.0
9503,-2.3000000000000003,0,4,3,1,0.46748010953888297,,820.1
9504,-4.300000000000001,0,4,3,1,0.46748010953888297,,820.1
9505,-4.300000000000001,0,4,3,1,0.46748010953888297,,820.2
9506,-0.30000000000000004,0,4,3,1,0.46748010953888297,,820.3
9507,-4.300000000000001,0,4,3,1,0.46748010953888297,,820.3
9508,-0.30000000000000004,0,4,3,1,0.46748010953888297,,820.4
9509,-2.3000000000000003,0,4,3,1,0.46748010953888297,,820.4
9510,-4.300000000000001,0,4,3,1,0.46748010953888297,,820.5
9511,-4.300000000000001,0,4,3,1,0.46748010953888297,,820.6
9512,-4.300000000000001,0,4,3,1,0.46748010953888297,,820.6
9513,-0.30000000000000004,0,4,3,1,0.4775942477863282,1.6858964608982205,821.3
9514,5.7,1,4,3,1,0.4775942477863282,,821.4
9515,-2.3000000000000003,0,4,3,1,0.4775942477863282,,821.4
9516,-2.3000000000000003,0,4,3,1,0.4775942477863282,,821.5
9517,-4.300000000000001,0,4,3,1,0.4775942477863282,,821.5
9518,5.7,1,4,3,1,0.4775942477863282,,821.5
9519,-4.300000000000001,0,4,3,1,0.4775942477863282,,821.6
9520,-4.300000000000001,0,4,3,1,0.4775942477863282,,821.7
9521,-4.6,0,6,3,1,0.4775942477863282,,821.8
9522,-2.3000000000000003,0,4,3,1,0.4775942477863282,,821.9
9523,-4.300000000000001,0,4,3,1,0.4775942477863282,,821.9
9524,-0.30000000000000004,0,4,3,1,0.4775942477863282,,822.0
9525,5.7,1,4,3,1,0.4775942477863282,,822.1
9526,-4.300000000000001,0,4,3,1,0.4775942477863282,,822.2
9527,-4.300000000000001,0,4,3,1,0.4775942477863282,,822.2
9528,-4.300000000000001,0,4,3,1,0.4775942477863282,,822.3
9529,-4.300000000000001,0,4,3,1,0.4775942477863282,,822.3
9530,5.7,1,4,3,1,0.4775942477863282,,822.4
9531,5.7,1,4,3,1,0.4775942477863282,,822.4
9532,-4.300000000000001,0,4,3,1,0.4775942477863282,,822.5
9533,-2.3000000000000003,0,4,3,1,0.4775942477863282,,822.6
9534,-4.300000000000001,0,4,3,1,0.4775942477863282,,822.6
9535,-4.300000000000001,0,4,3,1,0.4775942477863282,,822.7
9536,-2.3000000000000003,0,4,3,1,0.4775942477863282,,822.7
9537,-4.300000000000001,0,4,3,1,0.4775942477863282,,822.8
9538,-4.300000000000001,0,4,3,1,0.4775942477863282,,822.9
9539,-4.300000000000001,0,4,3,1,0.4775942477863282,,823.0
9540,-4.300000000000001,0,4,3,1,0.4775942477863282,,823.0
9541,-4.300000000000001,0,4,3,1,0.4775942477863282,,823.0
9542,-4.300000000000001,0,4,3,1,0.4775942477863282,,823.1
9543,-4.300000000000001,0,4,3,1,0.4775942477863282,,823.2
9544,-4.300000000000001,0,4,3,1,0.4775942477863282,,823.2
9545,-4.300000000000001,0,4,3,1,0.4775942477863282,,823.3
9546,5.7,1,4,3,1,0.4775942477863282,,823.4
9547,-4.300000000000001,0,4,3,1,0.4775942477863282,,823.5
9548,-0.30000000000000004,0,4,3,1,0.4775942477863282,,823.5
9549,-4.300000000000001,0,4,3,1,0.4775942477863282,,823.6
9550,-4.300000000000001,0,4,3,1,0.4775942477863282,,823.6
9551,-4.300000000000001,0,4,3,1,0.4775942477863282,,823.7
9552,-4.300000000000001,0,4,3,1,0.4775942477863282,,823.8
9553,-4.300000000000001,0,4,3,1,0.4775942477863282,,823.9
9554,-2.3000000000000003,0,4,3,1,0.4775942477863282,,823.9
9555,-4.300000000000001,0,4,3,1,0.4775942477863282,,823.9
9556,-4.300000000000001,0,4,3,1,0.4775942477863282,,824.0
9557,-2.3000000000000003,0,4,3,1,0.4775942477863282,,824.0
9558,-4.300000000000001,0,4,3,1,0.4775942477863282,,824.1
9559,-2.6,0,6,3,1,0.4775942477863282,,824.2
9560,-4.300000000000001,0,4,3,1,0.4775942477863282,,824.2
9561,-4.300000000000001,0,4,3,1,0.4775942477863282,,824.3
9562,5.7,1,4,3,1,0.4775942477863282,,824.3
9563,-4.300000000000001,0,4,3,1,0.4775942477863282,,824.4
9564,-4.300000000000001,0,4,3,1,0.4775942477863282,,824.5
9565,5.7,1,4,3,1,0.4775942477863282,,824.5
9566,-2.3000000000000003,0,4,3,1,0.4775942477863282,,824.6
9567,-0.30000000000000004,0,4,3,1,0.4775942477863282,,824.7
9568,5.7,1,4,3,1,0.4775942477863282,,824.8
9569,-2.3000000000000003,0,4,3,1,0.4775942477863282,,824.8
9570,-4.300000000000001,0,4,3,1,0.4775942477863282,,824.9
9571,-2.6,0,6,3,1,0.4775942477863282,,825.0
9572,-4.300000000000001,0,4,3,1,0.4775942477863282,,825.0
9573,-4.300000000000001,0,4,3,1,0.4775942477863282,,825.1
9574,-2.3000000000000003,0,4,3,1,0.4775942477863282,,825.2
9575,-4.300000000000001,0,4,3,1,0.4775942477863282,,825.2
9576,-4.300000000000001,0,4,3,1,0.4775942477863282,,825.3
9577,5.7,1,4,3,1,0.4775942477863282,,825.3
9578,-4.300000000000001,0,4,3,1,0.4775942477863282,,825.4
9579,5.7,1,4,3,1,0.4775942477863282,,825.5
9580,-2.3000000000000003,0,4,3,1,0.4775942477863282,,825.5
9581,-2.3000000000000003,0,4,3,1,0.4775942477863282,,825.6
9582,-4.300000000000001,0,4,3,1,0.4775942477863282,,825.6
9583,-4.300000000000001,0,4,3,1,0.4775942477863282,,825.7
9584,-2.3000000000000003,0,4,3,1,0.4775942477863282,,825.8
9585,-2.3000000000000003,0,4,3,1,0.4775942477863282,,825.9
9586,-2.3000000000000003,0,4,3,1,0.4775942477863282,,825.9
9587,-4.300000000000001,0,4,3,1,0.4775942477863282,,826.0
9588,-0.30000000000000004,0,4,3,1,0.4775942477863282,,826.0
9589,-4.300000000000001,0,4,3,1,0.4775942477863282,,826.1
9590,-4.300000000000001,0,4,3,1,0.4775942477863282,,826.1
9591,-4.300000000000001,0,4,3,1,0.4775942477863282,,826.2
9592,-4.300000000000001,0,4,3,1,0.4775942477863282,,826.3
9593,-4.300000000000001,0,4,3,1,0.4775942477863282,,826.4
9594,-4.300000000000001,0,4,3,1,0.4775942477863282,,826.4
9595,-4.300000000000001,0,4,3,1,0.4775942477863282,,826.5
9596,-5.6000000000000005,0,6,3,1,0.4775942477863282,,826.6
9597,-3.6,0,6,3,1,0.4775942477863282,,826.7
9598,-4.300000000000001,0,4,3,1,0.4775942477863282,,826.7
9599,-4.300000000000001,0,4,3,1,0.4775942477863282,,826.8
9600,-2.3000000000000003,0,4,3,1,0.4775942477863282,,826.9
9601,5.7,1,4,3,1,0.4775942477863282,,826.9
9602,-4.300000000000001,0,4,3,1,0.4775942477863282,,827.0
9603,-2.3000000000000003,0,4,3,1,0.4775942477863282,,827.1
9604,-4.300000000000001,0,4,3,1,0.4775942477863282,,827.2
9605,-2.3000000000000003,0,4,3,1,0.4775942477863282,,827.2
9606,-4.300000000000001,0,4,3,1,0.4775942477863282,,827.3
9607,-4.300000000000001,0,4,3,1,0.4775942477863282,,827.4
9608,-4.300000000000001,0,4,3,1,0.4775942477863282,,827.4
9609,-2.3000000000000003,0,4,3,1,0.4775942477863282,,827.5
9610,-4.300000000000001,0,4,3,1,0.4775942477863282,,827.6
9611,-0.30000000000000004,0,4,3,1,0.4775942477863282,,827.7
9612,-0.30000000000000004,0,4,3,1,0.4775942477863282,,827.7
9613,-4.300000000000001,0,4,3,1,0.4775942477863282,,827.8
9614,-4.300000000000001,0,4,3,1,0.4775942477863282,,827.9
9615,-4.300000000000001,0,4,3,1,0.4775942477863282,,827.9
9616,-4.300000000000001,0,4,3,1,0.4775942477863282,,828.0
9617,-4.300000000000001,0,4,3,1,0.4775942477863282,,828.0
9618,-4.300000000000001,0,4,3,1,0.4775942477863282,,828.1
9619,-2.3000000000000003,0,4,3,1,0.4775942477863282,,828.2
9620,-2.3000000000000003,0,4,3,1,0.4775942477863282,,828.2
9621,-4.300000000000001,0,4,3,1,0.4775942477863282,,828.2
9622,-4.300000000000001,0,4,3,1,0.4775942477863282,,828.3
9623,-4.300000000000001,0,4,3,1,0.4775942477863282,,828.4
9624,-4.300000000000001,0,4,3,1,0.4775942477863282,,828.5
9625,-4.300000000000001,0,4,3,1,0.4775942477863282,,828.5
9626,5.7,1,4,3,1,0.4775942477863282,,828.6
9627,-4.300000000000001,0,4,3,1,0.4775942477863282,,828.7
9628,-4.300000000000001,0,4,3,1,0.4775942477863282,,828.8
9629,-2.3000000000000003,0,4,3,1,0.4775942477863282,,828.8
9630,-0.30000000000000004,0,4,3,1,0.4775942477863282,,828.9
9631,-2.3000000000000003,0,4,3,1,0.4775942477863282,,829.0
9632,-4.300000000000001,0,4,3,1,0.4775942477863282,,829.1
9633,-0.30000000000000004,0,4,3,1,0.4775942477863282,,829.1
9634,-0.30000000000000004,0,4,3,1,0.4775942477863282,,829.2
9635,-4.300000000000001,0,4,3,1,0.4775942477863282,,829.3
9636,-2.3000000000000003,0,4,3,1,0.4775942477863282,,829.3
9637,-0.30000000000000004,0,4,3,1,0.4775942477863282,,829.4
9638,-4.300000000000001,0,4,3,1,0.4775942477863282,,829.4
9639,-4.300000000000001,0,4,3,1,0.4775942477863282,,829.5
9640,-0.30000000000000004,0,4,3,1,0.4775942477863282,,829.6
9641,5.7,1,4,3,1,0.4775942477863282,,829.6
9642,-2.3000000000000003,0,4,3,1,0.4775942477863282,,829.7
9643,-4.300000000000001,0,4,3,1,0.4775942477863282,,829.8
9644,-4.300000000000001,0,4,3,1,0.4775942477863282,,829.8
9645,5.7,1,4,3,1,0.4775942477863282,,829.8
9646,-4.300000000000001,0,4,3,1,0.4775942477863282,,829.9
9647,-0.30000000000000004,0,4,3,1,0.4775942477863282,,829.9
9648,-4.300000000000001,0,4,3,1,0.4775942477863282,,830.0
9649,-4.300000000000001,0,4,3,1,0.4775942477863282,,830.1
9650,-2.3000000000000003,0,4,3,1,0.4775942477863282,,830.1
9651,-4.300000000000001,0,4,3,1,0.4775942477863282,,830.2
9652,-4.300000000000001,0,4,3,1,0.4775942477863282,,830.2
9653,-0.30000000000000004,0,4,3,1,0.4775942477863282,,830.3
9654,-4.300000000000001,0,4,3,1,0.4775942477863282,,830.4
9655,-4.300000000000001,0,4,3,1,0.4775942477863282,,830.4
9656,-0.30000000000000004,0,4,3,1,0.4775942477863282,,830.5
9657,-2.3000000000000003,0,4,3,1,0.4775942477863282,,830.6
9658,-4.6,0,6,3,1,0.4775942477863282,,830.6
9659,-0.30000000000000004,0,4,3,1,0.4775942477863282,,830.7
9660,5.7,1,4,3,1,0.4775942477863282,,830.7
9661,-4.300000000000001,0,4,3,1,0.4775942477863282,,830.8
9662,5.7,1,4,3,1,0.4775942477863282,,830.9
9663,-0.30000000000000004,0,4,3,1,0.4775942477863282,,831.0
9664,-4.300000000000001,0,4,3,1,0.4775942477863282,,831.0
9665,-4.300000000000001,0,4,3,1,0.4775942477863282,,831.1
9666,-4.300000000000001,0,4,3,1,0.4775942477863282,,831.2
9667,-4.300000000000001,0,4,3,1,0.4775942477863282,,831.2
9668,5.7,1,4,3,1,0.4775942477863282,,831.3
9669,-4.300000000000001,0,4,3,1,0.4775942477863282,,831.3
9670,-0.30000000000000004,0,4,3,1,0.4775942477863282,,831.4
9671,-4.300000000000001,0,4,3,1,0.4775942477863282,,831.5
9672,-4.300000000000001,0,4,3,1,0.4775942477863282,,831.5
9673,-2.3000000000000003,0,4,3,1,0.4775942477863282,,831.6
9674,-4.300000000000001,0,4,3,1,0.4775942477863282,,831.7
9675,-4.300000000000001,0,4,3,1,0.4775942477863282,,831.7
9676,-4.300000000000001,0,4,3,1,0.4775942477863282,,831.8
9677,-0.30000000000000004,0,4,3,1,0.4775942477863282,,831.9
9678,-4.300000000000001,0,4,3,1,0.4775942477863282,,832.0
9679,-2.3000000000000003,0,4,3,1,0.4775942477863282,,832.0
9680,-0.30000000000000004,0,4,3,1,0.4775942477863282,,832.1
9681,5.7,1,4,3,1,0.4775942477863282,,832.1
9682,-4.300000000000001,0,4,3,1,0.4775942477863282,,832.2
9683,-4.300000000000001,0,4,3,1,0.4775942477863282,,832.3
9684,-4.300000000000001,0,4,3,1,0.4775942477863282,,832.4
9685,-0.30000000000000004,0,4,3,1,0.4775942477863282,,832.4
9686,-2.3000000000000003,0,4,3,1,0.4775942477863282,,832.5
9687,-0.30000000000000004,0,4,3,1,0.4775942477863282,,832.5
9688,-2.3000000000000003,0,4,3,1,0.4775942477863282,,832.6
9689,-2.3000000000000003,0,4,3,1,0.4775942477863282,,832.6
9690,-2.3000000000000003,0,4,3,1,0.4775942477863282,,832.7
9691,-2.3000000000000003,0,4,3,1,0.4775942477863282,,832.8
9692,-4.300000000000001,0,4,3,1,0.4775942477863282,,832.8
9693,5.7,1,4,3,1,0.4775942477863282,,832.9
9694,-4.6000000000000005,0,6,3,1,0.4775942477863282,,833.0
9695,-4.300000000000001,0,4,3,1,0.4775942477863282,,833.0
9696,-4.300000000000001,0,4,3,1,0.4775942477863282,,833.1
9697,-4.300000000000001,0,4,3,1,0.4775942477863282,,833.2
9698,-4.300000000000001,0,4,3,1,0.4775942477863282,,833.2
9699,-4.300000000000001,0,4,3,1,0.4775942477863282,,833.3
9700,-0.30000000000000004,0,4,3,1,0.4775942477863282,,833.3
9701,-4.300000000000001,0,4,3,1,0.4775942477863282,,833.4
9702,5.7,1,4,3,1,0.4775942477863282,,833.5
9703,-4.300000000000001,0,4,3,1,0.4775942477863282,,833.6
9704,-4.300000000000001,0,4,3,1,0.4775942477863282,,833.6
9705,-4.300000000000001,0,4,3,1,0.4775942477863282,,833.7
9706,-4.300000000000001,0,4,3,1,0.4775942477863282,,833.8
9707,-4.300000000000001,0,4,3,1,0.4775942477863282,,833.9
9708,5.7,1,4,3,1,0.4775942477863282,,833.9
9709,-4.300000000000001,0,4,3,1,0.4775942477863282,,834.0
9710,5.7,1,4,3,1,0.4775942477863282,,834.0
9711,-2.3000000000000003,0,4,3,1,0.4775942477863282,,834.1
9712,-4.300000000000001,0,4,3,1,0.4775942477863282,,834.1
9713,-3.4000000000000004,0,5,4,1,0.4775942477863282,,834.2
9714,-4.300000000000001,0,4,3,1,0.4775942477863282,,834.2
9715,-3.4000000000000004,0,5,4,1,0.4775942477863282,,834.3
9716,-0.30000000000000004,0,4,3,1,0.4775942477863282,,834.3
9717,-2.3000000000000003,0,4,3,1,0.4775942477863282,,834.4
9718,-2.3000000000000003,0,4,3,1,0.4775942477863282,,834.5
9719,5.7,1,4,3,1,0.4775942477863282,,834.5
9720,-2.3000000000000003,0,4,3,1,0.4775942477863282,,834.6
9721,-4.300000000000001,0,4,3,1,0.4775942477863282,,834.7
9722,5.7,1,4,3,1,0.4775942477863282,,834.8
9723,-4.300000000000001,0,4,3,1,0.4775942477863282,,834.8
9724,-2.3000000000000003,0,4,3,1,0.4775942477863282,,834.8
9725,-4.300000000000001,0,4,3,1,0.4775942477863282,,834.9
9726,-4.300000000000001,0,4,3,1,0.4775942477863282,,834.9
9727,-4.300000000000001,0,4,3,1,0.4775942477863282,,835.0
9728,-2.3000000000000003,0,4,3,1,0.4775942477863282,,835.0
9729,-4.300000000000001,0,4,3,1,0.4775942477863282,,835.1
9730,-4.300000000000001,0,4,3,1,0.4775942477863282,,835.1
9731,-2.3000000000000003,0,4,3,1,0.4775942477863282,,835.2
9732,-2.3000000000000003,0,4,3,1,0.4775942477863282,,835.3
9733,-4.300000000000001,0,4,3,1,0.4775942477863282,,835.4
9734,-5.6000000000000005,0,6,3,1,0.4775942477863282,,835.4
9735,-0.30000000000000004,0,4,3,1,0.4775942477863282,,835.5
9736,-4.300000000000001,0,4,3,1,0.4775942477863282,,835.5
9737,-2.3000000000000003,0,4,3,1,0.4775942477863282,,835.6
9738,-4.300000000000001,0,4,3,1,0.4775942477863282,,835.6
9739,-4.300000000000001,0,4,3,1,0.4775942477863282,,835.7
9740,-4.300000000000001,0,4,3,1,0.4775942477863282,,835.8
9741,-0.30000000000000004,0,4,3,1,0.4775942477863282,,835.9
9742,-4.300000000000001,0,4,3,1,0.4775942477863282,,835.9
9743,-2.3000000000000003,0,4,3,1,0.4775942477863282,,836.0
9744,-4.300000000000001,0,4,3,1,0.4775942477863282,,836.0
9745,-4.300000000000001,0,4,3,1,0.4775942477863282,,836.1
9746,-0.30000000000000004,0,4,3,1,0.4775942477863282,,836.1
9747,-0.30000000000000004,0,4,3,1,0.4775942477863282,,836.2
9748,-2.3000000000000003,0,4,3,1,0.4775942477863282,,836.3
9749,5.7,1,4,3,1,0.4775942477863282,,836.4
9750,-4.300000000000001,0,4,3,1,0.4775942477863282,,836.5
9751,-4.300000000000001,0,4,3,1,0.4775942477863282,,836.5
9752,5.7,1,4,3,1,0.4775942477863282,,836.6
9753,-4.300000000000001,0,4,3,1,0.4775942477863282,,836.7
9754,5.7,1,4,3,1,0.4775942477863282,,836.8
9755,-0.30000000000000004,0,4,3,1,0.4775942477863282,,836.9
9756,-4.300000000000001,0,4,3,1,0.4775942477863282,,836.9
9757,5.7,1,4,3,1,0.4775942477863282,,837.0
9758,-4.300000000000001,0,4,3,1,0.4775942477863282,,837.1
9759,5.7,1,4,3,1,0.4775942477863282,,837.2
9760,-4.300000000000001,0,4,3,1,0.4775942477863282,,837.2
9761,-4.300000000000001,0,4,3,1,0.4775942477863282,,837.3
9762,-4.6,0,6,3,1,0.4775942477863282,,837.3
9763,-2.3000000000000003,0,4,3,1,0.4775942477863282,,837.4
9764,-4.300000000000001,0,4,3,1,0.4775942477863282,,837.4
9765,5.7,1,4,3,1,0.4775942477863282,,837.5
9766,-4.300000000000001,0,4,3,1,0.4775942477863282,,837.6
9767,5.7,1,4,3,1,0.4775942477863282,,837.6
9768,-4.300000000000001,0,4,3,1,0.4775942477863282,,837.7
9769,-2.3000000000000003,0,4,3,1,0.4775942477863282,,837.8
9770,-4.300000000000001,0,4,3,1,0.4775942477863282,,837.9
9771,-4.300000000000001,0,4,3,1,0.4775942477863282,,837.9
9772,5.7,1,4,3,1,0.4775942477863282,,838.0
9773,-4.300000000000001,0,4,3,1,0.4775942477863282,,838.0
9774,5.7,1,4,3,1,0.4775942477863282,,838.1
9775,-4.300000000000001,0,4,3,1,0.4775942477863282,,838.1
9776,-4.300000000000001,0,4,3,1,0.4775942477863282,,838.2
9777,-4.300000000000001,0,4,3,1,0.4775942477863282,,838.2
9778,-4.300000000000001,0,4,3,1,0.4775942477863282,,838.3
9779,-4.300000000000001,0,4,3,1,0.4775942477863282,,838.3
9780,5.7,1,4,3,1,0.4775942477863282,,838.4
9781,5.7,1,4,3,1,0.4775942477863282,,838.4
9782,-0.30000000000000004,0,4,3,1,0.4775942477863282,,838.5
9783,5.7,1,4,3,1,0.4775942477863282,,838.5
9784,-0.30000000000000004,0,4,3,1,0.4775942477863282,,838.6
9785,-2.3000000000000003,0,4,3,1,0.4775942477863282,,838.7
9786,-4.300000000000001,0,4,3,1,0.4775942477863282,,838.7
9787,-2.3000000000000003,0,4,3,1,0.4775942477863282,,838.8
9788,-2.3000000000000003,0,4,3,1,0.4775942477863282,,838.9
9789,-4.300000000000001,0,4,3,1,0.4775942477863282,,838.9
9790,-4.300000000000001,0,4,3,1,0.4775942477863282,,839.0
9791,-4.300000000000001,0,4,3,1,0.4775942477863282,,839.1
9792,-4.300000000000001,0,4,3,1,0.4775942477863282,,839.1
9793,-2.3000000000000003,0,4,3,1,0.4775942477863282,,839.1
9794,-2.3000000000000003,0,4,3,1,0.4775942477863282,,839.2
9795,-2.3000000000000003,0,4,3,1,0.4775942477863282,,839.2
9796,-4.300000000000001,0,4,3,1,0.4775942477863282,,839.3
9797,-4.300000000000001,0,4,3,1,0.4775942477863282,,839.3
9798,-3.6,0,6,3,1,0.4775942477863282,,839.4
9799,-4.300000000000001,0,4,3,1,0.4775942477863282,,839.4
9800,-2.3000000000000003,0,4,3,1,0.4775942477863282,,839.5
9801,-4.300000000000001,0,4,3,1,0.4775942477863282,,839.5
9802,-4.300000000000001,0,4,3,1,0.4775942477863282,,839.6
9803,-2.3000000000000003,0,4,3,1,0.4775942477863282,,839.7
9804,-2.3000000000000003,0,4,3,1,0.4775942477863282,,839.8
9805,-4.300000000000001,0,4,3,1,0.4775942477863282,,839.9
9806,-0.30000000000000004,0,4,3,1,0.4775942477863282,,840.0
9807,-4.300000000000001,0,4,3,1,0.4775942477863282,,840.0
9808,-0.30000000000000004,0,4,3,1,0.4775942477863282,,840.1
9809,-4.300000000000001,0,4,3,1,0.4775942477863282,,840.1
9810,-2.3000000000000003,0,4,3,1,0.4775942477863282,,840.2
9811,5.7,1,4,3,1,0.4775942477863282,,840.3
9812,-2.3000000000000003,0,4,3,1,0.4775942477863282,,840.3
9813,-0.30000000000000004,0,4,3,1,0.4775942477863282,,840.3
9814,-2.3000000000000003,0,4,3,1,0.4775942477863282,,840.4
9815,-4.300000000000001,0,4,3,1,0.4775942477863282,,840.4
9816,-4.300000000000001,0,4,3,1,0.4775942477863282,,840.5
9817,5.7,1,4,3,1,0.4775942477863282,,840.5
9818,-0.30000000000000004,0,4,3,1,0.4775942477863282,,840.6
9819,-4.300000000000001,0,4,3,1,0.4775942477863282,,840.7
9820,-4.300000000000001,0,4,3,1,0.4775942477863282,,840.8
9821,-4.300000000000001,0,4,3,1,0.4775942477863282,,840.8
9822,-4.300000000000001,0,4,3,1,0.4775942477863282,,840.9
9823,-4.300000000000001,0,4,3,1,0.4775942477863282,,841.0
9824,-0.30000000000000004,0,4,3,1,0.4775942477863282,,841.0
9825,-0.30000000000000004,0,4,3,1,0.4775942477863282,,841.1
9826,-4.300000000000001,0,4,3,1,0.4775942477863282,,841.1
9827,-4.300000000000001,0,4,3,1,0.4775942477863282,,841.2
9828,-4.300000000000001,0,4,3,1,0.4775942477863282,,841.3
9829,-2.3000000000000003,0,4,3,1,0.4775942477863282,,841.3
9830,5.7,1,4,3,1,0.4775942477863282,,841.4
9831,-4.300000000000001,0,4,3,1,0.4775942477863282,,841.4
9832,-4.300000000000001,0,4,3,1,0.4775942477863282,,841.5
9833,-4.300000000000001,0,4,3,1,0.4775942477863282,,841.6
9834,-4.6000000000000005,0,6,3,1,0.4775942477863282,,841.6
9835,-4.300000000000001,0,4,3,1,0.4775942477863282,,841.7
9836,5.7,1,4,3,1,0.4775942477863282,,841.7
9837,-4.300000000000001,0,4,3,1,0.4775942477863282,,841.8
9838,-4.300000000000001,0,4,3,1,0.4775942477863282,,841.9
9839,-4.300000000000001,0,4,3,1,0.4775942477863282,,841.9
9840,-4.300000000000001,0,4,3,1,0.4775942477863282,,842.0
9841,-4.300000000000001,0,4,3,1,0.4775942477863282,,842.1
9842,-4.300000000000001,0,4,3,1,0.4775942477863282,,842.2
9843,-4.300000000000001,0,4,3,1,0.4775942477863282,,842.3
9844,-4.300000000000001,0,4,3,1,0.4775942477863282,,842.3
9845,-4.300000000000001,0,4,3,1,0.4775942477863282,,842.4
9846,-0.30000000000000004,0,4,3,1,0.4775942477863282,,842.5
9847,-4.300000000000001,0,4,3,1,0.4775942477863282,,842.6
9848,-0.30000000000000004,0,4,3,1,0.4775942477863282,,842.6
9849,-2.3000000000000003,0,4,3,1,0.4775942477863282,,842.7
9850,-0.30000000000000004,0,4,3,1,0.4775942477863282,,842.7
9851,-2.3000000000000003,0,4,3,1,0.4775942477863282,,842.8
9852,-4.300000000000001,0,4,3,1,0.4775942477863282,,842.8
9853,-4.300000000000001,0,4,3,1,0.4775942477863282,,842.9
9854,-4.300000000000001,0,4,3,1,0.4775942477863282,,843.0
9855,-4.300000000000001,0,4,3,1,0.4775942477863282,,843.0
9856,-0.30000000000000004,0,4,3,1,0.4775942477863282,,843.1
9857,-4.300000000000001,0,4,3,1,0.4775942477863282,,843.2
9858,-4.300000000000001,0,4,3,1,0.4775942477863282,,843.2
9859,-4.300000000000001,0,4,3,1,0.4775942477863282,,843.3
9860,-0.30000000000000004,0,4,3,1,0.4775942477863282,,843.4
9861,-2.3000000000000003,0,4,3,1,0.4775942477863282,,843.4
9862,5.7,1,4,3,1,0.4775942477863282,,843.5
9863,-0.30000000000000004,0,4,3,1,0.4775942477863282,,843.5
9864,-4.300000000000001,0,4,3,1,0.4775942477863282,,843.6
9865,5.7,1,4,3,1,0.4775942477863282,,843.6
9866,-4.300000000000001,0,4,3,1,0.4775942477863282,,843.7
9867,-2.3000000000000003,0,4,3,1,0.4775942477863282,,843.7
9868,-4.300000000000001,0,4,3,1,0.4775942477863282,,843.8
9869,-0.30000000000000004,0,4,3,1,0.4775942477863282,,843.9
9870,-3.6000000000000005,0,6,3,1,0.4775942477863282,,843.9
9871,-4.300000000000001,0,4,3,1,0.4775942477863282,,844.0
9872,-4.300000000000001,0,4,3,1,0.4775942477863282,,844.0
9873,-2.3000000000000003,0,4,3,1,0.4775942477863282,,844.1
9874,-4.300000000000001,0,4,3,1,0.4775942477863282,,844.1
9875,-4.300000000000001,0,4,3,1,0.4775942477863282,,844.2
9876,-4.300000000000001,0,4,3,1,0.4775942477863282,,844.3
9877,-2.3000000000000003,0,4,3,1,0.4775942477863282,,844.3
9878,-4.300000000000001,0,4,3,1,0.4775942477863282,,844.4
9879,5.7,1,4,3,1,0.4775942477863282,,844.5
9880,-0.30000000000000004,0,4,3,1,0.4775942477863282,,844.5
9881,-4.300000000000001,0,4,3,1,0.4775942477863282,,844.6
9882,-4.300000000000001,0,4,3,1,0.4775942477863282,,844.6
9883,-0.30000000000000004,0,4,3,1,0.4775942477863282,,844.7
9884,-0.30000000000000004,0,4,3,1,0.4775942477863282,,844.8
9885,-4.300000000000001,0,4,3,1,0.4775942477863282,,844.8
9886,5.7,1,4,3,1,0.4775942477863282,,844.9
9887,5.7,1,4,3,1,0.4775942477863282,,844.9
9888,-2.3000000000000003,0,4,3,1,0.4775942477863282,,845.0
9889,5.7,1,4,3,1,0.4775942477863282,,845.0
9890,-2.3000000000000003,0,4,3,1,0.4775942477863282,,845.1
9891,5.4,1,6,3,1,0.4775942477863282,,845.1
9892,-4.300000000000001,0,4,3,1,0.4775942477863282,,845.2
9893,-4.300000000000001,0,4,3,1,0.4775942477863282,,845.2
9894,-4.300000000000001,0,4,3,1,0.4775942477863282,,845.3
9895,-4.300000000000001,0,4,3,1,0.4775942477863282,,845.3
9896,-2.3000000000000003,0,4,3,1,0.4775942477863282,,845.3
9897,-4.300000000000001,0,4,3,1,0.4775942477863282,,845.4
9898,-2.3000000000000003,0,4,3,1,0.4775942477863282,,845.5
9899,-2.3000000000000003,0,4,3,1,0.4775942477863282,,845.5
9900,5.7,1,4,3,1,0.4775942477863282,,845.6
9901,-2.3000000000000003,0,4,3,1,0.4775942477863282,,845.6
9902,-0.30000000000000004,0,4,3,1,0.4775942477863282,,845.7
9903,-4.300000000000001,0,4,3,1,0.4775942477863282,,845.8
9904,-4.300000000000001,0,4,3,1,0.4775942477863282,,845.9
9905,5.7,1,4,3,1,0.4775942477863282,,845.9
9906,5.7,1,4,3,1,0.4775942477863282,,846.0
9907,-0.30000000000000004,0,4,3,1,0.4775942477863282,,846.0
9908,-4.300000000000001,0,4,3,1,0.4775942477863282,,846.1
9909,-5.6000000000000005,0,6,3,1,0.4775942477863282,,846.2
9910,-4.300000000000001,0,4,3,1,0.4775942477863282,,846.2
9911,-4.300000000000001,0,4,3,1,0.4775942477863282,,846.3
9912,-4.300000000000001,0,4,3,1,0.4775942477863282,,846.4
9913,-4.300000000000001,0,4,3,1,0.4775942477863282,,846.4
9914,-4.300000000000001,0,4,3,1,0.4775942477863282,,846.5
9915,5.7,1,4,3,1,0.4775942477863282,,846.6
9916,-4.300000000000001,0,4,3,1,0.4775942477863282,,846.6
9917,5.7,1,4,3,1,0.4775942477863282,,846.7
9918,-2.3000000000000003,0,4,3,1,0.4775942477863282,,846.7
9919,5.7,1,4,3,1,0.4775942477863282,,846.8
9920,-0.30000000000000004,0,4,3,1,0.4775942477863282,,846.9
9921,-2.3000000000000003,0,4,3,1,0.4775942477863282,,846.9
9922,-4.300000000000001,0,4,3,1,0.4775942477863282,,847.0
9923,-4.300000000000001,0,4,3,1,0.4775942477863282,,847.1
9924,-0.30000000000000004,0,4,3,1,0.4775942477863282,,847.1
9925,-4.300000000000001,0,4,3,1,0.4775942477863282,,847.2
9926,-4.300000000000001,0,4,3,1,0.4775942477863282,,847.3
9927,-2.3000000000000003,0,4,3,1,0.4775942477863282,,847.3
9928,-4.300000000000001,0,4,3,1,0.4775942477863282,,847.4
9929,-4.300000000000001,0,4,3,1,0.4775942477863282,,847.5
9930,-4.300000000000001,0,4,3,1,0.4775942477863282,,847.6
9931,-4.300000000000001,0,4,3,1,0.4775942477863282,,847.6
9932,-0.30000000000000004,0,4,3,1,0.4775942477863282,,847.7
9933,-4.300000000000001,0,4,3,1,0.4775942477863282,,847.7
9934,-4.300000000000001,0,4,3,1,0.4775942477863282,,847.8
9935,-4.300000000000001,0,4,3,1,0.4775942477863282,,847.9
9936,-4.300000000000001,0,4,3,1,0.4775942477863282,,847.9
9937,5.7,1,4,3,1,0.4775942477863282,,848.0
9938,-4.300000000000001,0,4,3,1,0.4775942477863282,,848.0
9939,5.7,1,4,3,1,0.4775942477863282,,848.1
9940,-0.30000000000000004,0,4,3,1,0.4775942477863282,,848.2
9941,-4.300000000000001,0,4,3,1,0.4775942477863282,,848.2
9942,-4.300000000000001,0,4,3,1,0.4775942477863282,,848.3
9943,-2.3000000000000003,0,4,3,1,0.4775942477863282,,848.4
9944,5.7,1,4,3,1,0.4775942477863282,,848.5
9945,-4.300000000000001,0,4,3,1,0.4775942477863282,,848.5
9946,-2.3000000000000003,0,4,3,1,0.4775942477863282,,848.6
9947,-4.300000000000001,0,4,3,1,0.4775942477863282,,848.7
9948,-2.3000000000000003,0,4,3,1,0.4775942477863282,,848.8
9949,-2.3000000000000003,0,4,3,1,0.4775942477863282,,848.8
9950,-4.300000000000001,0,4,3,1,0.4775942477863282,,848.9
9951,-2.3000000000000003,0,4,3,1,0.4775942477863282,,848.9
9952,-4.300000000000001,0,4,3,1,0.4775942477863282,,849.0
9953,-4.300000000000001,0,4,3,1,0.4775942477863282,,849.1
9954,-4.300000000000001,0,4,3,1,0.4775942477863282,,849.1
9955,-0.30000000000000004,0,4,3,1,0.4775942477863282,,849.1
9956,5.7,1,4,3,1,0.4775942477863282,,849.2
9957,-4.300000000000001,0,4,3,1,0.4775942477863282,,849.3
9958,-4.300000000000001,0,4,3,1,0.4775942477863282,,849.3
9959,-2.3000000000000003,0,4,3,1,0.4775942477863282,,849.4
9960,-4.300000000000001,0,4,3,1,0.4775942477863282,,849.5
9961,-4.300000000000001,0,4,3,1,0.4775942477863282,,849.6
9962,-4.300000000000001,0,4,3,1,0.4775942477863282,,849.6
9963,-2.3000000000000003,0,4,3,1,0.4775942477863282,,849.7
9964,-2.3000000000000003,0,4,3,1,0.4775942477863282,,849.7
9965,5.7,1,4,3,1,0.4775942477863282,,849.8
9966,-4.300000000000001,0,4,3,1,0.4775942477863282,,849.9
9967,-4.300000000000001,0,4,3,1,0.4775942477863282,,849.9
9968,-2.3000000000000003,0,4,3,1,0.4775942477863282,,850.0
9969,-4.300000000000001,0,4,3,1,0.4775942477863282,,850.1
9970,5.7,1,4,3,1,0.4775942477863282,,850.1
9971,-4.300000000000001,0,4,3,1,0.4775942477863282,,850.2
9972,5.7,1,4,3,1,0.4775942477863282,,850.2
9973,5.7,1,4,3,1,0.4775942477863282,,850.3
9974,-0.30000000000000004,0,4,3,1,0.4775942477863282,,850.4
9975,-0.30000000000000004,0,4,3,1,0.4775942477863282,,850.4
9976,-2.3000000000000003,0,4,3,1,0.4775942477863282,,850.4
9977,-4.300000000000001,0,4,3,1,0.4775942477863282,,850.5
9978,-4.300000000000001,0,4,3,1,0.4775942477863282,,850.6
9979,-2.3000000000000003,0,4,3,1,0.4775942477863282,,850.6
9980,-4.300000000000001,0,4,3,1,0.4775942477863282,,850.6
9981,5.7,1,4,3,1,0.4775942477863282,,850.7
9982,-4.300000000000001,0,4,3,1,0.4775942477863282,,850.8
9983,-2.3000000000000003,0,4,3,1,0.4775942477863282,,850.8
9984,-0.30000000000000004,0,4,3,1,0.4775942477863282,,850.9
9985,-4.300000000000001,0,4,3,1,0.4775942477863282,,851.0
9986,-4.300000000000001,0,4,3,1,0.4775942477863282,,851.0
9987,-4.300000000000001,0,4,3,1,0.4775942477863282,,851.1
9988,-0.6000000000000001,0,6,3,1,0.4775942477863282,,851.2
9989,-4.300000000000001,0,4,3,1,0.4775942477863282,,851.2
9990,-4.300000000000001,0,4,3,1,0.4775942477863282,,851.3
9991,-2.3000000000000003,0,4,3,1,0.4775942477863282,,851.3
9992,-4.300000000000001,0,4,3,1,0.4775942477863282,,851.4
9993,-2.3000000000000003,0,4,3,1,0.4775942477863282,,851.5
9994,-4.300000000000001,0,4,3,1,0.4775942477863282,,851.5
9995,-0.30000000000000004,0,4,3,1,0.4775942477863282,,851.6
9996,5.7,1,4,3,1,0.4775942477863282,,851.6
9997,-0.30000000000000004,0,4,3,1,0.4775942477863282,,851.7
9998,-4.300000000000001,0,4,3,1,0.4775942477863282,,851.7
9999,5.7,1,4,3,1,0.4775942477863282,,851.8
10000,-4.300000000000001,0,4,3,1,0.4775942477863282,,851.9
10001,-4.300000000000001,0,4,3,1,0.4775942477863282,,856.9
10002,-0.30000000000000004,0,4,3,1,0.4775942477863282,,856.9
10003,-4.300000000000001,0,4,3,1,0.4775942477863282,,857.0
10004,-4.300000000000001,0,4,3,1,0.4775942477863282,,857.1
10005,-4.300000000000001,0,4,3,1,0.4775942477863282,,857.2
10006,-4.300000000000001,0,4,3,1,0.4775942477863282,,857.3
10007,-2.3000000000000003,0,4,3,1,0.4775942477863282,,857.3
10008,-4.300000000000001,0,4,3,1,0.4775942477863282,,857.4
10009,-4.300000000000001,0,4,3,1,0.4775942477863282,,857.4
10010,-2.3000000000000003,0,4,3,1,0.4775942477863282,,857.5
10011,-5.4,0,5,4,1,0.4775942477863282,,857.6
10012,-4.300000000000001,0,4,3,1,0.4775942477863282,,857.6
10013,-4.300000000000001,0,4,3,1,0.4775942477863282,,857.7
10014,-2.3000000000000003,0,4,3,1,0.4775942477863282,,857.8
10015,-0.30000000000000004,0,4,3,1,0.4775942477863282,,857.8
10016,-2.3000000000000003,0,4,3,1,0.4775942477863282,,857.9
10017,-4.300000000000001,0,4,3,1,0.46436558454297483,1.504381558392197,858.6
10018,-4.300000000000001,0,4,3,1,0.46436558454297483,,858.6
10019,-4.300000000000001,0,4,3,1,0.46436558454297483,,858.7
10020,-4.300000000000001,0,4,3,1,0.46436558454297483,,858.8
10021,-2.3000000000000003,0,4,3,1,0.46436558454297483,,858.9
10022,-4.300000000000001,0,4,3,1,0.46436558454297483,,858.9
10023,-4.300000000000001,0,4,3,1,0.46436558454297483,,859.0
10024,-4.300000000000001,0,4,3,1,0.46436558454297483,,859.1
10025,5.7,1,4,3,1,0.46436558454297483,,859.1
10026,5.7,1,4,3,1,0.46436558454297483,,859.2
10027,5.7,1,4,3,1,0.46436558454297483,,859.2
10028,-4.300000000000001,0,4,3,1,0.46436558454297483,,859.3
10029,-2.3000000000000003,0,4,3,1,0.46436558454297483,,859.4
10030,-4.300000000000001,0,4,3,1,0.46436558454297483,,859.5
10031,-0.30000000000000004,0,4,3,1,0.46436558454297483,,859.6
10032,-4.300000000000001,0,4,3,1,0.46436558454297483,,859.6
10033,-4.300000000000001,0,4,3,1,0.46436558454297483,,859.7
10034,5.7,1,4,3,1,0.46436558454297483,,859.8
10035,-4.300000000000001,0,4,3,1,0.46436558454297483,,859.8
10036,5.7,1,4,3,1,0.46436558454297483,,859.9
10037,-4.300000000000001,0,4,3,1,0.46436558454297483,,859.9
10038,-2.3000000000000003,0,4,3,1,0.46436558454297483,,860.1
10039,-4.300000000000001,0,4,3,1,0.46436558454297483,,860.1
10040,-0.30000000000000004,0,4,3,1,0.46436558454297483,,860.2
10041,5.7,1,4,3,1,0.46436558454297483,,860.2
10042,-2.3000000000000003,0,4,3,1,0.46436558454297483,,860.3
10043,-2.3000000000000003,0,4,3,1,0.46436558454297483,,860.4
10044,-0.30000000000000004,0,4,3,1,0.46436558454297483,,860.4
10045,-0.30000000000000004,0,4,3,1,0.46436558454297483,,860.5
10046,-4.300000000000001,0,4,3,1,0.46436558454297483,,860.6
10047,5.7,1,4,3,1,0.46436558454297483,,860.6
10048,-2.3000000000000003,0,4,3,1,0.46436558454297483,,860.7
10049,-0.30000000000000004,0,4,3,1,0.46436558454297483,,860.8
10050,-5.6000000000000005,0,6,3,1,0.46436558454297483,,860.8
10051,-4.300000000000001,0,4,3,1,0.46436558454297483,,860.9
10052,-4.300000000000001,0,4,3,1,0.46436558454297483,,860.9
10053,-4.300000000000001,0,4,3,1,0.46436558454297483,,861.0
10054,-4.300000000000001,0,4,3,1,0.46436558454297483,,861.0
10055,-4.300000000000001,0,4,3,1,0.46436558454297483,,861.1
10056,-2.3000000000000003,0,4,3,1,0.46436558454297483,,861.2
10057,-4.300000000000001,0,4,3,1,0.46436558454297483,,861.2
10058,-4.300000000000001,0,4,3,1,0.46436558454297483,,861.3
10059,-4.300000000000001,0,4,3,1,0.46436558454297483,,861.4
10060,-4.300000000000001,0,4,3,1,0.46436558454297483,,861.4
10061,5.7,1,4,3,1,0.46436558454297483,,861.5
10062,-4.300000000000001,0,4,3,1,0.46436558454297483,,861.5
10063,-2.3000000000000003,0,4,3,1,0.46436558454297483,,861.6
10064,-4.300000000000001,0,4,3,1,0.46436558454297483,,861.6
10065,-0.30000000000000004,0,4,3,1,0.46436558454297483,,861.6
10066,-2.3000000000000003,0,4,3,1,0.46436558454297483,,861.7
10067,-2.3000000000000003,0,4,3,1,0.46436558454297483,,861.7
10068,-0.30000000000000004,0,4,3,1,0.46436558454297483,,861.8
10069,-0.30000000000000004,0,4,3,1,0.46436558454297483,,861.8
10070,-4.300000000000001,0,4,3,1,0.46436558454297483,,861.9
10071,-4.300000000000001,0,4,3,1,0.46436558454297483,,861.9
10072,-2.3000000000000003,0,4,3,1,0.46436558454297483,,862.0
10073,-4.300000000000001,0,4,3,1,0.46436558454297483,,862.0
10074,-4.300000000000001,0,4,3,1,0.46436558454297483,,862.1
10075,-2.3000000000000003,0,4,3,1,0.46436558454297483,,862.2
10076,-2.3000000000000003,0,4,3,1,0.46436558454297483,,862.3
10077,-4.300000000000001,0,4,3,1,0.46436558454297483,,862.4
10078,-0.30000000000000004,0,4,3,1,0.46436558454297483,,862.4
10079,-0.30000000000000004,0,4,3,1,0.46436558454297483,,862.5
10080,-5.6000000000000005,0,6,3,1,0.46436558454297483,,862.6
10081,5.7,1,4,3,1,0.46436558454297483,,862.6
10082,-3.4000000000000004,0,5,4,1,0.46436558454297483,,862.7
10083,-4.300000000000001,0,4,3,1,0.46436558454297483,,862.8
10084,5.7,1,4,3,1,0.46436558454297483,,862.8
10085,5.7,1,4,3,1,0.46436558454297483,,862.9
10086,-2.3000000000000003,0,4,3,1,0.46436558454297483,,862.9
10087,4.4,1,6,3,1,0.46436558454297483,,863.0
10088,-4.300000000000001,0,4,3,1,0.46436558454297483,,863.1
10089,-4.300000000000001,0,4,3,1,0.46436558454297483,,863.2
10090,-4.300000000000001,0,4,3,1,0.46436558454297483,,863.2
10091,-4.300000000000001,0,4,3,1,0.46436558454297483,,863.2
10092,-2.3000000000000003,0,4,3,1,0.46436558454297483,,863.3
10093,-4.300000000000001,0,4,3,1,0.46436558454297483,,863.3
10094,-4.300000000000001,0,4,3,1,0.46436558454297483,,863.4
10095,-4.300000000000001,0,4,3,1,0.46436558454297483,,863.5
10096,-4.300000000000001,0,4,3,1,0.46436558454297483,,863.6
10097,-4.300000000000001,0,4,3,1,0.46436558454297483,,863.6
10098,-2.3000000000000003,0,4,3,1,0.46436558454297483,,863.7
10099,-2.3000000000000003,0,4,3,1,0.46436558454297483,,863.8
10100,-2.3000000000000003,0,4,3,1,0.46436558454297483,,863.8
10101,-4.300000000000001,0,4,3,1,0.46436558454297483,,863.8
10102,-4.300000000000001,0,4,3,1,0.46436558454297483,,863.9
10103,-2.3000000000000003,0,4,3,1,0.46436558454297483,,864.0
10104,-4.300000000000001,0,4,3,1,0.46436558454297483,,864.0
10105,-0.30000000000000004,0,4,3,1,0.46436558454297483,,864.0
10106,5.7,1,4,3,1,0.46436558454297483,,864.1
10107,-2.3000000000000003,0,4,3,1,0.46436558454297483,,864.2
10108,5.7,1,4,3,1,0.46436558454297483,,864.3
10109,-4.300000000000001,0,4,3,1,0.46436558454297483,,864.4
10110,-2.3000000000000003,0,4,3,1,0.46436558454297483,,864.4
10111,5.7,1,4,3,1,0.46436558454297483,,864.5
10112,-4.300000000000001,0,4,3,1,0.46436558454297483,,864.5
10113,-4.300000000000001,0,4,3,1,0.46436558454297483,,864.6
10114,-4.300000000000001,0,4,3,1,0.46436558454297483,,864.7
10115,-4.300000000000001,0,4,3,1,0.46436558454297483,,864.7
10116,-2.3000000000000003,0,4,3,1,0.46436558454297483,,864.8
10117,-4.300000000000001,0,4,3,1,0.46436558454297483,,864.9
10118,-4.300000000000001,0,4,3,1,0.46436558454297483,,865.0
10119,5.7,1,4,3,1,0.46436558454297483,,865.0
10120,-4.300000000000001,0,4,3,1,0.46436558454297483,,865.1
10121,-4.300000000000001,0,4,3,1,0.46436558454297483,,865.1
10122,-4.300000000000001,0,4,3,1,0.46436558454297483,,865.2
10123,-2.3000000000000003,0,4,3,1,0.46436558454297483,,865.2
10124,-4.300000000000001,0,4,3,1,0.46436558454297483,,865.3
10125,5.7,1,4,3,1,0.46436558454297483,,865.3
10126,-2.3000000000000003,0,4,3,1,0.46436558454297483,,865.3
10127,-4.300000000000001,0,4,3,1,0.46436558454297483,,865.4
10128,-2.3000000000000003,0,4,3,1,0.46436558454297483,,865.5
10129,-4.300000000000001,0,4,3,1,0.46436558454297483,,865.6
10130,-2.3000000000000003,0,4,3,1,0.46436558454297483,,865.6
10131,-0.30000000000000004,0,4,3,1,0.46436558454297483,,865.6
10132,-4.300000000000001,0,4,3,1,0.46436558454297483,,865.7
10133,-0.30000000000000004,0,4,3,1,0.46436558454297483,,865.7
10134,-4.300000000000001,0,4,3,1,0.46436558454297483,,865.8
10135,-0.30000000000000004,0,4,3,1,0.46436558454297483,,865.8
10136,5.7,1,4,3,1,0.46436558454297483,,865.9
10137,-0.30000000000000004,0,4,3,1,0.46436558454297483,,865.9
10138,-4.300000000000001,0,4,3,1,0.46436558454297483,,866.0
10139,-4.300000000000001,0,4,3,1,0.46436558454297483,,866.1
10140,-4.300000000000001,0,4,3,1,0.46436558454297483,,866.2
10141,-4.300000000000001,0,4,3,1,0.46436558454297483,,866.2
10142,-0.30000000000000004,0,4,3,1,0.46436558454297483,,866.3
10143,5.7,1,4,3,1,0.46436558454297483,,866.3
10144,-4.300000000000001,0,4,3,1,0.46436558454297483,,866.4
10145,-4.300000000000001,0,4,3,1,0.46436558454297483,,866.5
10146,-4.300000000000001,0,4,3,1,0.46436558454297483,,866.5
10147,-4.300000000000001,0,4,3,1,0.46436558454297483,,866.6
10148,-4.300000000000001,0,4,3,1,0.46436558454297483,,866.7
10149,-4.300000000000001,0,4,3,1,0.46436558454297483,,866.7
10150,-2.3000000000000003,0,4,3,1,0.46436558454297483,,866.8
10151,5.7,1,4,3,1,0.46436558454297483,,866.8
10152,-4.300000000000001,0,4,3,1,0.46436558454297483,,866.9
10153,-4.300000000000001,0,4,3,1,0.46436558454297483,,866.9
10154,-4.300000000000001,0,4,3,1,0.46436558454297483,,867.0
10155,-4.300000000000001,0,4,3,1,0.46436558454297483,,867.1
10156,5.7,1,4,3,1,0.46436558454297483,,867.1
10157,-2.3000000000000003,0,4,3,1,0.46436558454297483,,867.2
10158,-4.300000000000001,0,4,3,1,0.46436558454297483,,867.3
10159,-4.300000000000001,0,4,3,1,0.46436558454297483,,867.3
10160,-4.300000000000001,0,4,3,1,0.46436558454297483,,867.4
10161,-0.30000000000000004,0,4,3,1,0.46436558454297483,,867.5
10162,-4.300000000000001,0,4,3,1,0.46436558454297483,,867.6
10163,5.7,1,4,3,1,0.46436558454297483,,867.6
10164,-4.300000000000001,0,4,3,1,0.46436558454297483,,867.7
10165,-0.30000000000000004,0,4,3,1,0.46436558454297483,,867.7
10166,-4.300000000000001,0,4,3,1,0.46436558454297483,,867.8
10167,-0.30000000000000004,0,4,3,1,0.46436558454297483,,867.9
10168,-2.3000000000000003,0,4,3,1,0.46436558454297483,,867.9
10169,-4.300000000000001,0,4,3,1,0.46436558454297483,,868.0
10170,5.7,1,4,3,1,0.46436558454297483,,868.1
10171,-4.300000000000001,0,4,3,1,0.46436558454297483,,868.2
10172,-4.300000000000001,0,4,3,1,0.46436558454297483,,868.3
10173,-4.300000000000001,0,4,3,1,0.46436558454297483,,868.3
10174,-0.30000000000000004,0,4,3,1,0.46436558454297483,,868.3
10175,-2.3000000000000003,0,4,3,1,0.46436558454297483,,868.4
10176,5.7,1,4,3,1,0.46436558454297483,,868.4
10177,-4.300000000000001,0,4,3,1,0.46436558454297483,,868.5
10178,-2.3000000000000003,0,4,3,1,0.46436558454297483,,868.6
10179,-0.30000000000000004,0,4,3,1,0.46436558454297483,,868.7
10180,5.7,1,4,3,1,0.46436558454297483,,868.7
10181,-4.300000000000001,0,4,3,1,0.46436558454297483,,868.8
10182,-0.30000000000000004,0,4,3,1,0.46436558454297483,,868.8
10183,5.7,1,4,3,1,0.46436558454297483,,868.9
10184,-4.300000000000001,0,4,3,1,0.46436558454297483,,868.9
10185,4.1,1,8,3,1,0.46436558454297483,,869.0
10186,-4.300000000000001,0,4,3,1,0.46436558454297483,,869.0
10187,-4.300000000000001,0,4,3,1,0.46436558454297483,,869.1
10188,-2.3000000000000003,0,4,3,1,0.46436558454297483,,869.1
10189,5.7,1,4,3,1,0.46436558454297483,,869.2
10190,5.7,1,4,3,1,0.46436558454297483,,869.3
10191,-0.30000000000000004,0,4,3,1,0.46436558454297483,,869.3
10192,-4.300000000000001,0,4,3,1,0.46436558454297483,,869.4
10193,-4.300000000000001,0,4,3,1,0.46436558454297483,,869.4
10194,-4.300000000000001,0,4,3,1,0.46436558454297483,,869.5
10195,-2.3000000000000003,0,4,3,1,0.46436558454297483,,869.5
10196,-0.30000000000000004,0,4,3,1,0.46436558454297483,,869.6
10197,-2.3000000000000003,0,4,3,1,0.46436558454297483,,869.6
10198,5.7,1,4,3,1,0.46436558454297483,,869.7
10199,-2.3000000000000003,0,4,3,1,0.46436558454297483,,869.8
10200,5.7,1,4,3,1,0.46436558454297483,,869.8
10201,-4.300000000000001,0,4,3,1,0.46436558454297483,,869.8
10202,-4.300000000000001,0,4,3,1,0.46436558454297483,,869.9
10203,-0.30000000000000004,0,4,3,1,0.46436558454297483,,870.0
10204,-4.300000000000001,0,4,3,1,0.46436558454297483,,870.1
10205,-4.300000000000001,0,4,3,1,0.46436558454297483,,870.1
10206,-4.300000000000001,0,4,3,1,0.46436558454297483,,870.2
10207,-4.300000000000001,0,4,3,1,0.46436558454297483,,870.2
10208,-0.30000000000000004,0,4,3,1,0.46436558454297483,,870.3
10209,-4.300000000000001,0,4,3,1,0.46436558454297483,,870.3
10210,-4.300000000000001,0,4,3,1,0.46436558454297483,,870.4
10211,5.7,1,4,3,1,0.46436558454297483,,870.5
10212,-0.30000000000000004,0,4,3,1,0.46436558454297483,,870.5
10213,-4.300000000000001,0,4,3,1,0.46436558454297483,,870.6
10214,5.7,1,4,3,1,0.46436558454297483,,870.7
10215,-4.300000000000001,0,4,3,1,0.46436558454297483,,870.7
10216,-4.300000000000001,0,4,3,1,0.46436558454297483,,870.8
10217,-4.300000000000001,0,4,3,1,0.46436558454297483,,870.9
10218,-4.300000000000001,0,4,3,1,0.46436558454297483,,870.9
10219,-0.30000000000000004,0,4,3,1,0.46436558454297483,,871.0
10220,-2.3000000000000003,0,4,3,1,0.46436558454297483,,871.0
10221,-4.300000000000001,0,4,3,1,0.46436558454297483,,871.1
10222,-4.300000000000001,0,4,3,1,0.46436558454297483,,871.1
10223,-4.300000000000001,0,4,3,1,0.46436558454297483,,871.2
10224,-4.300000000000001,0,4,3,1,0.46436558454297483,,871.3
10225,-2.3000000000000003,0,4,3,1,0.46436558454297483,,871.3
10226,-0.30000000000000004,0,4,3,1,0.46436558454297483,,871.4
10227,-4.300000000000001,0,4,3,1,0.46436558454297483,,871.5
10228,-2.3000000000000003,0,4,3,1,0.46436558454297483,,871.5
10229,-4.300000000000001,0,4,3,1,0.46436558454297483,,871.5
10230,5.7,1,4,3,1,0.46436558454297483,,871.6
10231,-2.3000000000000003,0,4,3,1,0.46436558454297483,,871.6
10232,-0.30000000000000004,0,4,3,1,0.46436558454297483,,871.7
10233,-2.3000000000000003,0,4,3,1,0.46436558454297483,,871.8
10234,-4.300000000000001,0,4,3,1,0.46436558454297483,,871.8
10235,5.7,1,4,3,1,0.46436558454297483,,871.8
10236,-4.300000000000001,0,4,3,1,0.46436558454297483,,871.9
10237,-0.30000000000000004,0,4,3,1,0.46436558454297483,,871.9
10238,-4.300000000000001,0,4,3,1,0.46436558454297483,,872.0
10239,-4.300000000000001,0,4,3,1,0.46436558454297483,,872.1
10240,5.7,1,4,3,1,0.46436558454297483,,872.2
10241,-4.300000000000001,0,4,3,1,0.46436558454297483,,872.3
10242,5.7,1,4,3,1,0.46436558454297483,,872.4
10243,5.7,1,4,3,1,0.46436558454297483,,872.4
10244,-4.300000000000001,0,4,3,1,0.46436558454297483,,872.5
10245,-4.300000000000001,0,4,3,1,0.46436558454297483,,872.6
10246,5.7,1,4,3,1,0.46436558454297483,,872.7
10247,-4.300000000000001,0,4,3,1,0.46436558454297483,,872.8
10248,-4.300000000000001,0,4,3,1,0.46436558454297483,,872.8
10249,-0.30000000000000004,0,4,3,1,0.46436558454297483,,872.9
10250,-4.300000000000001,0,4,3,1,0.46436558454297483,,873.0
10251,-4.300000000000001,0,4,3,1,0.46436558454297483,,873.0
10252,-4.300000000000001,0,4,3,1,0.46436558454297483,,873.0
10253,-2.3000000000000003,0,4,3,1,0.46436558454297483,,873.1
10254,-4.300000000000001,0,4,3,1,0.46436558454297483,,873.1
10255,-4.300000000000001,0,4,3,1,0.46436558454297483,,873.2
10256,-4.300000000000001,0,4,3,1,0.46436558454297483,,873.3
10257,-4.300000000000001,0,4,3,1,0.46436558454297483,,873.3
10258,-2.3000000000000003,0,4,3,1,0.46436558454297483,,873.4
10259,-4.300000000000001,0,4,3,1,0.46436558454297483,,873.4
10260,-4.300000000000001,0,4,3,1,0.46436558454297483,,873.5
10261,-4.300000000000001,0,4,3,1,0.46436558454297483,,873.6
10262,-4.6,0,6,3,1,0.46436558454297483,,873.6
10263,-0.30000000000000004,0,4,3,1,0.46436558454297483,,873.6
10264,5.7,1,4,3,1,0.46436558454297483,,873.7
10265,5.7,1,4,3,1,0.46436558454297483,,873.8
10266,5.7,1,4,3,1,0.46436558454297483,,873.8
10267,-0.30000000000000004,0,4,3,1,0.46436558454297483,,873.9
10268,-4.300000000000001,0,4,3,1,0.46436558454297483,,873.9
10269,-4.300000000000001,0,4,3,1,0.46436558454297483,,874.0
10270,-4.300000000000001,0,4,3,1,0.46436558454297483,,874.0
10271,-4.300000000000001,0,4,3,1,0.46436558454297483,,874.1
10272,-4.300000000000001,0,4,3,1,0.46436558454297483,,874.1
10273,5.7,1,4,3,1,0.46436558454297483,,874.2
10274,-4.300000000000001,0,4,3,1,0.46436558454297483,,874.2
10275,-2.3000000000000003,0,4,3,1,0.46436558454297483,,874.3
10276,-4.300000000000001,0,4,3,1,0.46436558454297483,,874.4
10277,-0.30000000000000004,0,4,3,1,0.46436558454297483,,874.4
10278,-0.30000000000000004,0,4,3,1,0.46436558454297483,,874.4
10279,-0.30000000000000004,0,4,3,1,0.46436558454297483,,874.5
10280,-4.300000000000001,0,4,3,1,0.46436558454297483,,874.6
10281,-0.30000000000000004,0,4,3,1,0.46436558454297483,,874.6
10282,5.7,1,4,3,1,0.46436558454297483,,874.6
10283,-2.3000000000000003,0,4,3,1,0.46436558454297483,,874.7
10284,5.7,1,4,3,1,0.46436558454297483,,874.8
10285,-2.3000000000000003,0,4,3,1,0.46436558454297483,,874.9
10286,-0.30000000000000004,0,4,3,1,0.46436558454297483,,875.0
10287,-4.300000000000001,0,4,3,1,0.46436558454297483,,875.0
10288,-4.300000000000001,0,4,3,1,0.46436558454297483,,875.1
10289,-4.300000000000001,0,4,3,1,0.46436558454297483,,875.2
10290,-2.3000000000000003,0,4,3,1,0.46436558454297483,,875.3
10291,-4.300000000000001,0,4,3,1,0.46436558454297483,,875.3
10292,-0.30000000000000004,0,4,3,1,0.46436558454297483,,875.3
10293,-4.300000000000001,0,4,3,1,0.46436558454297483,,875.4
10294,-0.30000000000000004,0,4,3,1,0.46436558454297483,,875.4
10295,-1.9000000000000001,0,8,3,1,0.46436558454297483,,875.5
10296,5.7,1,4,3,1,0.46436558454297483,,875.6
10297,-4.300000000000001,0,4,3,1,0.46436558454297483,,875.6
10298,-4.300000000000001,0,4,3,1,0.46436558454297483,,875.7
10299,-4.300000000000001,0,4,3,1,0.46436558454297483,,875.7
10300,-2.3000000000000003,0,4,3,1,0.46436558454297483,,875.8
10301,5.7,1,4,3,1,0.46436558454297483,,875.8
10302,-4.300000000000001,0,4,3,1,0.46436558454297483,,875.9
10303,5.7,1,4,3,1,0.46436558454297483,,876.0
10304,-4.300000000000001,0,4,3,1,0.46436558454297483,,876.1
10305,5.7,1,4,3,1,0.46436558454297483,,876.1
10306,-2.3000000000000003,0,4,3,1,0.46436558454297483,,876.2
10307,-4.300000000000001,0,4,3,1,0.46436558454297483,,876.2
10308,-2.3000000000000003,0,4,3,1,0.46436558454297483,,876.3
10309,-4.300000000000001,0,4,3,1,0.46436558454297483,,876.3
10310,-4.300000000000001,0,4,3,1,0.46436558454297483,,876.4
10311,-0.30000000000000004,0,4,3,1,0.46436558454297483,,876.4
10312,-0.30000000000000004,0,4,3,1,0.46436558454297483,,876.5
10313,5.4,1,6,3,1,0.46436558454297483,,876.6
10314,-4.300000000000001,0,4,3,1,0.46436558454297483,,876.6
10315,-3.9000000000000004,0,8,3,1,0.46436558454297483,,876.7
10316,-0.30000000000000004,0,4,3,1,0.46436558454297483,,876.8
10317,5.7,1,4,3,1,0.46436558454297483,,876.8
10318,-2.3000000000000003,0,4,3,1,0.46436558454297483,,876.9
10319,-4.300000000000001,0,4,3,1,0.46436558454297483,,876.9
10320,5.7,1,4,3,1,0.46436558454297483,,877.0
10321,-4.300000000000001,0,4,3,1,0.46436558454297483,,877.0
10322,-0.30000000000000004,0,4,3,1,0.46436558454297483,,877.1
10323,-4.300000000000001,0,4,3,1,0.46436558454297483,,877.1
10324,-4.300000000000001,0,4,3,1,0.46436558454297483,,877.2
10325,-3.6000000000000005,0,6,3,1,0.46436558454297483,,877.3
10326,-4.300000000000001,0,4,3,1,0.46436558454297483,,877.3
10327,-4.300000000000001,0,4,3,1,0.46436558454297483,,877.4
10328,-0.30000000000000004,0,4,3,1,0.46436558454297483,,877.4
10329,-4.300000000000001,0,4,3,1,0.46436558454297483,,877.5
10330,-0.30000000000000004,0,4,3,1,0.46436558454297483,,877.6
10331,-2.3000000000000003,0,4,3,1,0.46436558454297483,,877.6
10332,-4.300000000000001,0,4,3,1,0.46436558454297483,,877.7
10333,5.7,1,4,3,1,0.46436558454297483,,877.8
10334,-0.30000000000000004,0,4,3,1,0.46436558454297483,,877.9
10335,-0.30000000000000004,0,4,3,1,0.46436558454297483,,877.9
10336,-4.300000000000001,0,4,3,1,0.46436558454297483,,878.0
10337,5.7,1,4,3,1,0.46436558454297483,,878.1
10338,-4.300000000000001,0,4,3,1,0.46436558454297483,,878.2
10339,-4.300000000000001,0,4,3,1,0.46436558454297483,,878.3
10340,-4.300000000000001,0,4,3,1,0.46436558454297483,,878.3
10341,-0.30000000000000004,0,4,3,1,0.46436558454297483,,878.3
10342,5.7,1,4,3,1,0.46436558454297483,,878.4
10343,-2.3000000000000003,0,4,3,1,0.46436558454297483,,878.5
10344,-2.3000000000000003,0,4,3,1,0.46436558454297483,,878.6
10345,-2.3000000000000003,0,4,3,1,0.46436558454297483,,878.6
10346,5.7,1,4,3,1,0.46436558454297483,,878.6
10347,-4.300000000000001,0,4,3,1,0.46436558454297483,,878.7
10348,-4.6000000000000005,0,6,3,1,0.46436558454297483,,878.8
10349,-4.300000000000001,0,4,3,1,0.46436558454297483,,878.9
10350,-4.300000000000001,0,4,3,1,0.46436558454297483,,879.0
10351,-4.300000000000001,0,4,3,1,0.46436558454297483,,879.0
10352,-4.300000000000001,0,4,3,1,0.46436558454297483,,879.1
10353,5.7,1,4,3,1,0.46436558454297483,,879.1
10354,-4.300000000000001,0,4,3,1,0.46436558454297483,,879.2
10355,5.7,1,4,3,1,0.46436558454297483,,879.3
10356,-2.3000000000000003,0,4,3,1,0.46436558454297483,,879.3
10357,5.7,1,4,3,1,0.46436558454297483,,879.4
10358,-4.300000000000001,0,4,3,1,0.46436558454297483,,879.5
10359,-4.300000000000001,0,4,3,1,0.46436558454297483,,879.6
10360,-4.300000000000001,0,4,3,1,0.46436558454297483,,879.7
10361,-4.300000000000001,0,4,3,1,0.46436558454297483,,879.8
10362,-4.300000000000001,0,4,3,1,0.46436558454297483,,879.8
10363,-0.30000000000000004,0,4,3,1,0.46436558454297483,,879.9
10364,-4.300000000000001,0,4,3,1,0.46436558454297483,,880.0
10365,-0.30000000000000004,0,4,3,1,0.46436558454297483,,880.0
10366,-4.300000000000001,0,4,3,1,0.46436558454297483,,880.1
10367,-2.3000000000000003,0,4,3,1,0.46436558454297483,,880.2
10368,5.7,1,4,3,1,0.46436558454297483,,880.2
10369,-4.300000000000001,0,4,3,1,0.46436558454297483,,880.3
10370,-4.300000000000001,0,4,3,1,0.46436558454297483,,880.4
10371,-0.30000000000000004,0,4,3,1,0.46436558454297483,,880.4
10372,-2.3000000000000003,0,4,3,1,0.46436558454297483,,880.4
10373,-4.300000000000001,0,4,3,1,0.46436558454297483,,880.5
10374,5.7,1,4,3,1,0.46436558454297483,,880.6
10375,-4.300000000000001,0,4,3,1,0.46436558454297483,,880.6
10376,-4.300000000000001,0,4,3,1,0.46436558454297483,,880.7
10377,-4.300000000000001,0,4,3,1,0.46436558454297483,,880.7
10378,5.7,1,4,3,1,0.46436558454297483,,880.8
10379,-4.300000000000001,0,4,3,1,0.46436558454297483,,880.8
10380,5.7,1,4,3,1,0.46436558454297483,,880.9
10381,-4.300000000000001,0,4,3,1,0.46436558454297483,,881.0
10382,-2.3000000000000003,0,4,3,1,0.46436558454297483,,881.1
10383,-4.300000000000001,0,4,3,1,0.46436558454297483,,881.1
10384,-4.300000000000001,0,4,3,1,0.46436558454297483,,881.1
10385,-2.3000000000000003,0,4,3,1,0.46436558454297483,,881.2
10386,-4.300000000000001,0,4,3,1,0.46436558454297483,,881.3
10387,-2.3000000000000003,0,4,3,1,0.46436558454297483,,881.3
10388,-2.3000000000000003,0,4,3,1,0.46436558454297483,,881.4
10389,-4.300000000000001,0,4,3,1,0.46436558454297483,,881.5
10390,-4.300000000000001,0,4,3,1,0.46436558454297483,,881.5
10391,-2.3000000000000003,0,4,3,1,0.46436558454297483,,881.6
10392,-4.300000000000001,0,4,3,1,0.46436558454297483,,881.6
10393,-4.300000000000001,0,4,3,1,0.46436558454297483,,881.7
10394,5.7,1,4,3,1,0.46436558454297483,,881.8
10395,-2.3000000000000003,0,4,3,1,0.46436558454297483,,881.8
10396,-4.300000000000001,0,4,3,1,0.46436558454297483,,881.9
10397,-0.30000000000000004,0,4,3,1,0.46436558454297483,,882.0
10398,5.7,1,4,3,1,0.46436558454297483,,882.0
10399,-4.300000000000001,0,4,3,1,0.46436558454297483,,882.1
10400,-4.300000000000001,0,4,3,1,0.46436558454297483,,882.1
10401,-0.30000000000000004,0,4,3,1,0.46436558454297483,,882.2
10402,-4.300000000000001,0,4,3,1,0.46436558454297483,,882.2
10403,-4.300000000000001,0,4,3,1,0.46436558454297483,,882.3
10404,-4.300000000000001,0,4,3,1,0.46436558454297483,,882.4
10405,-0.30000000000000004,0,4,3,1,0.46436558454297483,,882.4
10406,-2.3000000000000003,0,4,3,1,0.46436558454297483,,882.4
10407,-5.4,0,5,4,1,0.46436558454297483,,882.5
10408,-4.300000000000001,0,4,3,1,0.46436558454297483,,882.6
10409,5.7,1,4,3,1,0.46436558454297483,,882.6
10410,-4.300000000000001,0,4,3,1,0.46436558454297483,,882.7
10411,-4.300000000000001,0,4,3,1,0.46436558454297483,,882.8
10412,5.7,1,4,3,1,0.46436558454297483,,882.8
10413,-2.3000000000000003,0,4,3,1,0.46436558454297483,,882.9
10414,-4.300000000000001,0,4,3,1,0.46436558454297483,,883.0
10415,-4.300000000000001,0,4,3,1,0.46436558454297483,,883.0
10416,-0.30000000000000004,0,4,3,1,0.46436558454297483,,883.1
10417,-4.300000000000001,0,4,3,1,0.46436558454297483,,883.2
10418,-4.6000000000000005,0,6,3,1,0.46436558454297483,,883.2
10419,-4.300000000000001,0,4,3,1,0.46436558454297483,,883.3
10420,-2.3000000000000003,0,4,3,1,0.46436558454297483,,883.3
10421,-4.300000000000001,0,4,3,1,0.46436558454297483,,883.4
10422,5.7,1,4,3,1,0.46436558454297483,,883.5
10423,5.7,1,4,3,1,0.46436558454297483,,883.5
10424,-4.300000000000001,0,4,3,1,0.46436558454297483,,883.6
10425,-4.300000000000001,0,4,3,1,0.46436558454297483,,883.6
10426,-0.30000000000000004,0,4,3,1,0.46436558454297483,,883.7
10427,5.7,1,4,3,1,0.46436558454297483,,883.8
10428,-4.300000000000001,0,4,3,1,0.46436558454297483,,883.8
10429,-2.3000000000000003,0,4,3,1,0.46436558454297483,,883.9
10430,-4.300000000000001,0,4,3,1,0.46436558454297483,,884.0
10431,-2.3000000000000003,0,4,3,1,0.46436558454297483,,884.0
10432,-2.3000000000000003,0,4,3,1,0.46436558454297483,,884.1
10433,-4.300000000000001,0,4,3,1,0.46436558454297483,,884.1
10434,-2.3000000000000003,0,4,3,1,0.46436558454297483,,884.2
10435,-4.300000000000001,0,4,3,1,0.46436558454297483,,884.2
10436,-4.300000000000001,0,4,3,1,0.46436558454297483,,884.3
10437,-4.300000000000001,0,4,3,1,0.46436558454297483,,884.4
10438,-2.3000000000000003,0,4,3,1,0.46436558454297483,,884.4
10439,-4.300000000000001,0,4,3,1,0.46436558454297483,,884.5
10440,-4.300000000000001,0,4,3,1,0.46436558454297483,,884.5
10441,-2.3000000000000003,0,4,3,1,0.46436558454297483,,884.6
10442,-2.3000000000000003,0,4,3,1,0.46436558454297483,,884.6
10443,-4.300000000000001,0,4,3,1,0.46436558454297483,,884.7
10444,-4.300000000000001,0,4,3,1,0.46436558454297483,,884.8
10445,-4.300000000000001,0,4,3,1,0.46436558454297483,,884.8
10446,-4.300000000000001,0,4,3,1,0.46436558454297483,,884.9
10447,5.7,1,4,3,1,0.46436558454297483,,884.9
10448,-4.300000000000001,0,4,3,1,0.46436558454297483,,885.0
10449,-4.300000000000001,0,4,3,1,0.46436558454297483,,885.1
10450,-4.300000000000001,0,4,3,1,0.46436558454297483,,885.2
10451,5.7,1,4,3,1,0.46436558454297483,,885.2
10452,5.7,1,4,3,1,0.46436558454297483,,885.2
10453,5.7,1,4,3,1,0.46436558454297483,,885.3
10454,-4.300000000000001,0,4,3,1,0.46436558454297483,,885.3
10455,-2.3000000000000003,0,4,3,1,0.46436558454297483,,885.4
10456,-2.3000000000000003,0,4,3,1,0.46436558454297483,,885.5
10457,-4.300000000000001,0,4,3,1,0.46436558454297483,,885.5
10458,-4.300000000000001,0,4,3,1,0.46436558454297483,,885.6
10459,5.7,1,4,3,1,0.46436558454297483,,885.7
10460,-4.300000000000001,0,4,3,1,0.46436558454297483,,885.7
10461,-2.3000000000000003,0,4,3,1,0.46436558454297483,,885.8
10462,-4.300000000000001,0,4,3,1,0.46436558454297483,,885.9
10463,-4.300000000000001,0,4,3,1,0.46436558454297483,,885.9
10464,-4.300000000000001,0,4,3,1,0.46436558454297483,,886.0
10465,-4.300000000000001,0,4,3,1,0.46436558454297483,,886.1
10466,-4.300000000000001,0,4,3,1,0.46436558454297483,,886.2
10467,-4.300000000000001,0,4,3,1,0.46436558454297483,,886.2
10468,-4.300000000000001,0,4,3,1,0.46436558454297483,,886.3
10469,-2.3000000000000003,0,4,3,1,0.46436558454297483,,886.4
10470,-4.300000000000001,0,4,3,1,0.46436558454297483,,886.4
10471,-4.300000000000001,0,4,3,1,0.46436558454297483,,886.4
10472,-4.300000000000001,0,4,3,1,0.46436558454297483,,886.5
10473,0.6000000000000001,0,5,4,1,0.46436558454297483,,886.6
10474,-4.300000000000001,0,4,3,1,0.46436558454297483,,886.6
10475,-4.300000000000001,0,4,3,1,0.46436558454297483,,886.7
10476,5.7,1,4,3,1,0.46436558454297483,,886.7
10477,-4.300000000000001,0,4,3,1,0.46436558454297483,,886.8
10478,-4.300000000000001,0,4,3,1,0.46436558454297483,,886.9
10479,-2.3000000000000003,0,4,3,1,0.46436558454297483,,886.9
10480,-2.3000000000000003,0,4,3,1,0.46436558454297483,,887.0
10481,5.7,1,4,3,1,0.46436558454297483,,887.0
10482,-4.300000000000001,0,4,3,1,0.46436558454297483,,887.1
10483,-4.300000000000001,0,4,3,1,0.46436558454297483,,887.1
10484,-4.300000000000001,0,4,3,1,0.46436558454297483,,887.2
10485,-4.300000000000001,0,4,3,1,0.46436558454297483,,887.2
10486,5.7,1,4,3,1,0.46436558454297483,,887.3
10487,-0.30000000000000004,0,4,3,1,0.46436558454297483,,887.4
10488,5.7,1,4,3,1,0.46436558454297483,,887.5
10489,-4.300000000000001,0,4,3,1,0.46436558454297483,,887.5
10490,-4.300000000000001,0,4,3,1,0.46436558454297483,,887.6
10491,-4.300000000000001,0,4,3,1,0.46436558454297483,,887.7
10492,5.7,1,4,3,1,0.46436558454297483,,887.8
10493,-4.300000000000001,0,4,3,1,0.46436558454297483,,887.8
10494,-4.300000000000001,0,4,3,1,0.46436558454297483,,887.9
10495,5.7,1,4,3,1,0.46436558454297483,,887.9
10496,-2.3000000000000003,0,4,3,1,0.46436558454297483,,888.0
10497,-2.3000000000000003,0,4,3,1,0.46436558454297483,,888.0
10498,5.7,1,4,3,1,0.46436558454297483,,888.1
10499,-4.300000000000001,0,4,3,1,0.46436558454297483,,888.2
10500,-4.300000000000001,0,4,3,1,0.46436558454297483,,888.2
10501,5.7,1,4,3,1,0.46436558454297483,,893.4
10502,5.7,1,4,3,1,0.46436558454297483,,893.5
10503,-0.30000000000000004,0,4,3,1,0.46436558454297483,,893.5
10504,-4.300000000000001,0,4,3,1,0.46436558454297483,,893.6
10505,-2.3000000000000003,0,4,3,1,0.46436558454297483,,893.6
10506,-4.300000000000001,0,4,3,1,0.46436558454297483,,893.7
10507,-0.30000000000000004,0,4,3,1,0.46436558454297483,,893.8
10508,-4.300000000000001,0,4,3,1,0.46436558454297483,,893.8
10509,-0.30000000000000004,0,4,3,1,0.46436558454297483,,893.9
10510,-4.300000000000001,0,4,3,1,0.46436558454297483,,894.0
10511,-4.300000000000001,0,4,3,1,0.46436558454297483,,894.1
10512,-4.300000000000001,0,4,3,1,0.46436558454297483,,894.2
10513,-2.3000000000000003,0,4,3,1,0.46436558454297483,,894.2
10514,-4.6,0,6,3,1,0.46436558454297483,,894.2
10515,-4.300000000000001,0,4,3,1,0.46436558454297483,,894.4
10516,-4.300000000000001,0,4,3,1,0.46436558454297483,,894.4
10517,5.7,1,4,3,1,0.46436558454297483,,894.5
10518,-4.300000000000001,0,4,3,1,0.46436558454297483,,894.6
10519,-4.300000000000001,0,4,3,1,0.46436558454297483,,894.6
10520,5.7,1,4,3,1,0.4520915381144732,1.7332651684992015,895.4
10521,-4.300000000000001,0,4,3,1,0.4520915381144732,,895.4
10522,-4.300000000000001,0,4,3,1,0.4520915381144732,,895.5
10523,-4.300000000000001,0,4,3,1,0.4520915381144732,,895.5
10524,-4.6,0,6,3,1,0.4520915381144732,,895.5
10525,-4.300000000000001,0,4,3,1,0.4520915381144732,,895.6
10526,5.7,1,4,3,1,0.4520915381144732,,895.7
10527,-0.30000000000000004,0,4,3,1,0.4520915381144732,,895.7
10528,-4.300000000000001,0,4,3,1,0.4520915381144732,,895.8
10529,-4.300000000000001,0,4,3,1,0.4520915381144732,,895.9
10530,-4.300000000000001,0,4,3,1,0.4520915381144732,,895.9
10531,-4.300000000000001,0,4,3,1,0.4520915381144732,,896.0
10532,-4.300000000000001,0,4,3,1,0.4520915381144732,,896.0
10533,-4.300000000000001,0,4,3,1,0.4520915381144732,,896.1
10534,5.7,1,4,3,1,0.4520915381144732,,896.2
10535,-4.300000000000001,0,4,3,1,0.4520915381144732,,896.2
10536,-4.300000000000001,0,4,3,1,0.4520915381144732,,896.3
10537,-4.300000000000001,0,4,3,1,0.4520915381144732,,896.4
10538,-4.300000000000001,0,4,3,1,0.4520915381144732,,896.4
10539,-4.300000000000001,0,4,3,1,0.4520915381144732,,896.5
10540,-0.30000000000000004,0,4,3,1,0.4520915381144732,,896.6
10541,5.7,1,4,3,1,0.4520915381144732,,896.7
10542,-4.300000000000001,0,4,3,1,0.4520915381144732,,896.7
10543,-4.300000000000001,0,4,3,1,0.4520915381144732,,896.8
10544,-0.30000000000000004,0,4,3,1,0.4520915381144732,,896.8
10545,-4.300000000000001,0,4,3,1,0.4520915381144732,,896.9
10546,-4.300000000000001,0,4,3,1,0.4520915381144732,,897.0
10547,5.7,1,4,3,1,0.4520915381144732,,897.0
10548,-0.30000000000000004,0,4,3,1,0.4520915381144732,,897.1
10549,-4.300000000000001,0,4,3,1,0.4520915381144732,,897.2
10550,-4.300000000000001,0,4,3,1,0.4520915381144732,,897.2
10551,5.7,1,4,3,1,0.4520915381144732,,897.3
10552,-2.3000000000000003,0,4,3,1,0.4520915381144732,,897.3
10553,-4.300000000000001,0,4,3,1,0.4520915381144732,,897.4
10554,-2.3000000000000003,0,4,3,1,0.4520915381144732,,897.4
10555,-5.6000000000000005,0,6,3,1,0.4520915381144732,,897.5
10556,-2.3000000000000003,0,4,3,1,0.4520915381144732,,897.6
10557,5.7,1,4,3,1,0.4520915381144732,,897.7
10558,-0.30000000000000004,0,4,3,1,0.4520915381144732,,897.8
10559,-4.6,0,6,3,1,0.4520915381144732,,897.8
10560,-2.3000000000000003,0,4,3,1,0.4520915381144732,,897.8
10561,-4.300000000000001,0,4,3,1,0.4520915381144732,,897.9
10562,5.7,1,4,3,1,0.4520915381144732,,898.0
10563,-4.300000000000001,0,4,3,1,0.4520915381144732,,898.0
10564,5.7,1,4,3,1,0.4520915381144732,,898.1
10565,-4.300000000000001,0,4,3,1,0.4520915381144732,,898.1
10566,-4.300000000000001,0,4,3,1,0.4520915381144732,,898.2
10567,5.7,1,4,3,1,0.4520915381144732,,898.2
10568,-0.30000000000000004,0,4,3,1,0.4520915381144732,,898.3
10569,5.7,1,4,3,1,0.4520915381144732,,898.4
10570,-4.300000000000001,0,4,3,1,0.4520915381144732,,898.4
10571,-0.30000000000000004,0,4,3,1,0.4520915381144732,,898.5
10572,-0.30000000000000004,0,4,3,1,0.4520915381144732,,898.5
10573,-2.3000000000000003,0,4,3,1,0.4520915381144732,,898.6
10574,5.7,1,4,3,1,0.4520915381144732,,898.7
10575,-2.3000000000000003,0,4,3,1,0.4520915381144732,,898.7
10576,-4.300000000000001,0,4,3,1,0.4520915381144732,,898.8
10577,-4.300000000000001,0,4,3,1,0.4520915381144732,,898.9
10578,-4.300000000000001,0,4,3,1,0.4520915381144732,,898.9
10579,-2.3000000000000003,0,4,3,1,0.4520915381144732,,899.0
10580,-4.300000000000001,0,4,3,1,0.4520915381144732,,899.1
10581,-4.300000000000001,0,4,3,1,0.4520915381144732,,899.2
10582,5.7,1,4,3,1,0.4520915381144732,,899.2
10583,-4.300000000000001,0,4,3,1,0.4520915381144732,,899.2
10584,5.7,1,4,3,1,0.4520915381144732,,899.3
10585,-2.3000000000000003,0,4,3,1,0.4520915381144732,,899.4
10586,-4.300000000000001,0,4,3,1,0.4520915381144732,,899.5
10587,-4.300000000000001,0,4,3,1,0.4520915381144732,,899.5
10588,-2.3000000000000003,0,4,3,1,0.4520915381144732,,899.6
10589,-4.300000000000001,0,4,3,1,0.4520915381144732,,899.6
10590,-4.300000000000001,0,4,3,1,0.4520915381144732,,899.7
10591,-2.3000000000000003,0,4,3,1,0.4520915381144732,,899.8
10592,5.7,1,4,3,1,0.4520915381144732,,899.8
10593,-0.30000000000000004,0,4,3,1,0.4520915381144732,,899.9
10594,-2.3000000000000003,0,4,3,1,0.4520915381144732,,899.9
10595,-2.3000000000000003,0,4,3,1,0.4520915381144732,,900.0
10596,-2.3000000000000003,0,4,3,1,0.4520915381144732,,900.0
10597,-4.300000000000001,0,4,3,1,0.4520915381144732,,900.0
10598,-4.300000000000001,0,4,3,1,0.4520915381144732,,900.1
10599,-4.300000000000001,0,4,3,1,0.4520915381144732,,900.1
10600,-4.300000000000001,0,4,3,1,0.4520915381144732,,900.2
10601,-4.300000000000001,0,4,3,1,0.4520915381144732,,900.3
10602,-2.3000000000000003,0,4,3,1,0.4520915381144732,,900.3
10603,-4.300000000000001,0,4,3,1,0.4520915381144732,,900.4
10604,-2.3000000000000003,0,4,3,1,0.4520915381144732,,900.4
10605,-4.300000000000001,0,4,3,1,0.4520915381144732,,900.5
10606,-4.300000000000001,0,4,3,1,0.4520915381144732,,900.6
10607,-5.6000000000000005,0,6,3,1,0.4520915381144732,,900.6
10608,-4.300000000000001,0,4,3,1,0.4520915381144732,,900.7
10609,-4.300000000000001,0,4,3,1,0.4520915381144732,,900.8
10610,-4.300000000000001,0,4,3,1,0.4520915381144732,,900.9
10611,-4.300000000000001,0,4,3,1,0.4520915381144732,,900.9
10612,-4.300000000000001,0,4,3,1,0.4520915381144732,,901.0
10613,-4.300000000000001,0,4,3,1,0.4520915381144732,,901.1
10614,5.7,1,4,3,1,0.4520915381144732,,901.2
10615,-0.30000000000000004,0,4,3,1,0.4520915381144732,,901.2
10616,-4.300000000000001,0,4,3,1,0.4520915381144732,,901.3
10617,-4.300000000000001,0,4,3,1,0.4520915381144732,,901.3
10618,5.7,1,4,3,1,0.4520915381144732,,901.4
10619,-0.30000000000000004,0,4,3,1,0.4520915381144732,,901.5
10620,-4.300000000000001,0,4,3,1,0.4520915381144732,,901.5
10621,-2.3000000000000003,0,4,3,1,0.4520915381144732,,901.6
10622,-4.300000000000001,0,4,3,1,0.4520915381144732,,901.7
10623,-0.30000000000000004,0,4,3,1,0.4520915381144732,,901.7
10624,-4.300000000000001,0,4,3,1,0.4520915381144732,,901.8
10625,-4.300000000000001,0,4,3,1,0.4520915381144732,,901.9
10626,-0.30000000000000004,0,4,3,1,0.4520915381144732,,902.0
10627,5.4,1,6,3,1,0.4520915381144732,,902.0
10628,-4.300000000000001,0,4,3,1,0.4520915381144732,,902.1
10629,-4.300000000000001,0,4,3,1,0.4520915381144732,,902.2
10630,-4.300000000000001,0,4,3,1,0.4520915381144732,,902.3
10631,-4.300000000000001,0,4,3,1,0.4520915381144732,,902.4
10632,-2.3000000000000003,0,4,3,1,0.4520915381144732,,902.5
10633,-4.300000000000001,0,4,3,1,0.4520915381144732,,902.6
10634,-2.3000000000000003,0,4,3,1,0.4520915381144732,,902.7
10635,-0.30000000000000004,0,4,3,1,0.4520915381144732,,902.7
10636,5.7,1,4,3,1,0.4520915381144732,,902.8
10637,-4.300000000000001,0,4,3,1,0.4520915381144732,,902.9
10638,-4.300000000000001,0,4,3,1,0.4520915381144732,,902.9
10639,-4.300000000000001,0,4,3,1,0.4520915381144732,,903.0
10640,5.7,1,4,3,1,0.4520915381144732,,903.0
10641,-4.300000000000001,0,4,3,1,0.4520915381144732,,903.1
10642,-0.30000000000000004,0,4,3,1,0.4520915381144732,,903.1
10643,-4.300000000000001,0,4,3,1,0.4520915381144732,,903.2
10644,-4.300000000000001,0,4,3,1,0.4520915381144732,,903.3
10645,-4.300000000000001,0,4,3,1,0.4520915381144732,,903.3
10646,-4.300000000000001,0,4,3,1,0.4520915381144732,,903.4
10647,-2.3000000000000003,0,4,3,1,0.4520915381144732,,903.4
10648,-4.300000000000001,0,4,3,1,0.4520915381144732,,903.5
10649,-4.300000000000001,0,4,3,1,0.4520915381144732,,903.6
10650,-4.300000000000001,0,4,3,1,0.4520915381144732,,903.6
10651,-4.6,0,6,3,1,0.4520915381144732,,903.6
10652,5.7,1,4,3,1,0.4520915381144732,,903.7
10653,-0.30000000000000004,0,4,3,1,0.4520915381144732,,903.8
10654,-4.300000000000001,0,4,3,1,0.4520915381144732,,903.9
10655,-4.300000000000001,0,4,3,1,0.4520915381144732,,904.0
10656,-0.30000000000000004,0,4,3,1,0.4520915381144732,,904.1
10657,-4.300000000000001,0,4,3,1,0.4520915381144732,,904.1
10658,-4.300000000000001,0,4,3,1,0.4520915381144732,,904.2
10659,-4.300000000000001,0,4,3,1,0.4520915381144732,,904.2
10660,-4.300000000000001,0,4,3,1,0.4520915381144732,,904.3
10661,-4.300000000000001,0,4,3,1,0.4520915381144732,,904.4
10662,-4.300000000000001,0,4,3,1,0.4520915381144732,,904.4
10663,-0.30000000000000004,0,4,3,1,0.4520915381144732,,904.5
10664,-0.30000000000000004,0,4,3,1,0.4520915381144732,,904.5
10665,5.7,1,4,3,1,0.4520915381144732,,904.6
10666,-0.6000000000000001,0,6,3,1,0.4520915381144732,,904.6
10667,-0.30000000000000004,0,4,3,1,0.4520915381144732,,904.7
10668,-4.300000000000001,0,4,3,1,0.4520915381144732,,904.7
10669,-4.300000000000001,0,4,3,1,0.4520915381144732,,904.8
10670,-2.3000000000000003,0,4,3,1,0.4520915381144732,,904.8
10671,-4.300000000000001,0,4,3,1,0.4520915381144732,,904.9
10672,-4.300000000000001,0,4,3,1,0.4520915381144732,,904.9
10673,-3.6000000000000005,0,6,3,1,0.4520915381144732,,905.0
10674,-4.300000000000001,0,4,3,1,0.4520915381144732,,905.1
10675,-2.3000000000000003,0,4,3,1,0.4520915381144732,,905.1
10676,-2.3000000000000003,0,4,3,1,0.4520915381144732,,905.1
10677,5.7,1,4,3,1,0.4520915381144732,,905.2
10678,-0.30000000000000004,0,4,3,1,0.4520915381144732,,905.2
10679,-0.30000000000000004,0,4,3,1,0.4520915381144732,,905.3
10680,-4.300000000000001,0,4,3,1,0.4520915381144732,,905.3
10681,-4.300000000000001,0,4,3,1,0.4520915381144732,,905.4
10682,-4.300000000000001,0,4,3,1,0.4520915381144732,,905.5
10683,5.7,1,4,3,1,0.4520915381144732,,905.5
10684,-4.300000000000001,0,4,3,1,0.4520915381144732,,905.6
10685,-4.300000000000001,0,4,3,1,0.4520915381144732,,905.6
10686,-4.300000000000001,0,4,3,1,0.4520915381144732,,905.7
10687,-4.300000000000001,0,4,3,1,0.4520915381144732,,905.7
10688,-0.30000000000000004,0,4,3,1,0.4520915381144732,,905.7
10689,5.7,1,4,3,1,0.4520915381144732,,905.8
10690,5.7,1,4,3,1,0.4520915381144732,,905.9
10691,5.7,1,4,3,1,0.4520915381144732,,905.9
10692,5.7,1,4,3,1,0.4520915381144732,,906.0
10693,-4.300000000000001,0,4,3,1,0.4520915381144732,,906.0
10694,-4.300000000000001,0,4,3,1,0.4520915381144732,,906.1
10695,5.7,1,4,3,1,0.4520915381144732,,906.1
10696,-4.300000000000001,0,4,3,1,0.4520915381144732,,906.2
10697,-0.30000000000000004,0,4,3,1,0.4520915381144732,,906.3
10698,5.7,1,4,3,1,0.4520915381144732,,906.3
10699,-2.3000000000000003,0,4,3,1,0.4520915381144732,,906.4
10700,5.7,1,4,3,1,0.4520915381144732,,906.5
10701,-2.3000000000000003,0,4,3,1,0.4520915381144732,,906.5
10702,-4.300000000000001,0,4,3,1,0.4520915381144732,,906.6
10703,-2.3000000000000003,0,4,3,1,0.4520915381144732,,906.7
10704,-1.4000000000000001,0,5,4,1,0.4520915381144732,,906.7
10705,-4.300000000000001,0,4,3,1,0.4520915381144732,,906.8
10706,-4.300000000000001,0,4,3,1,0.4520915381144732,,906.9
10707,-4.300000000000001,0,4,3,1,0.4520915381144732,,907.0
10708,-4.300000000000001,0,4,3,1,0.4520915381144732,,907.0
10709,5.7,1,4,3,1,0.4520915381144732,,907.1
10710,-2.3000000000000003,0,4,3,1,0.4520915381144732,,907.2
10711,-0.30000000000000004,0,4,3,1,0.4520915381144732,,907.2
10712,-4.300000000000001,0,4,3,1,0.4520915381144732,,907.3
10713,-4.300000000000001,0,4,3,1,0.4520915381144732,,907.4
10714,-4.300000000000001,0,4,3,1,0.4520915381144732,,907.4
10715,-4.300000000000001,0,4,3,1,0.4520915381144732,,907.5
10716,-4.300000000000001,0,4,3,1,0.4520915381144732,,907.6
10717,-4.300000000000001,0,4,3,1,0.4520915381144732,,907.6
10718,-4.300000000000001,0,4,3,1,0.4520915381144732,,907.7
10719,-0.30000000000000004,0,4,3,1,0.4520915381144732,,907.7
10720,-4.300000000000001,0,4,3,1,0.4520915381144732,,907.8
10721,-4.300000000000001,0,4,3,1,0.4520915381144732,,907.9
10722,-4.300000000000001,0,4,3,1,0.4520915381144732,,907.9
10723,-2.3000000000000003,0,4,3,1,0.4520915381144732,,908.0
10724,-0.30000000000000004,0,4,3,1,0.4520915381144732,,908.1
10725,5.7,1,4,3,1,0.4520915381144732,,908.1
10726,-4.300000000000001,0,4,3,1,0.4520915381144732,,908.2
10727,-4.300000000000001,0,4,3,1,0.4520915381144732,,908.3
10728,-0.30000000000000004,0,4,3,1,0.4520915381144732,,908.3
10729,5.7,1,4,3,1,0.4520915381144732,,908.4
10730,-4.300000000000001,0,4,3,1,0.4520915381144732,,908.4
10731,-4.300000000000001,0,4,3,1,0.4520915381144732,,908.5
10732,-2.3000000000000003,0,4,3,1,0.4520915381144732,,908.6
10733,-4.300000000000001,0,4,3,1,0.4520915381144732,,908.6
10734,5.7,1,4,3,1,0.4520915381144732,,908.7
10735,5.7,1,4,3,1,0.4520915381144732,,908.7
10736,-0.30000000000000004,0,4,3,1,0.4520915381144732,,908.8
10737,5.7,1,4,3,1,0.4520915381144732,,908.9
10738,5.7,1,4,3,1,0.4520915381144732,,908.9
10739,-4.300000000000001,0,4,3,1,0.4520915381144732,,909.0
10740,5.7,1,4,3,1,0.4520915381144732,,909.1
10741,-2.3000000000000003,0,4,3,1,0.4520915381144732,,909.1
10742,-4.300000000000001,0,4,3,1,0.4520915381144732,,909.2
10743,-0.30000000000000004,0,4,3,1,0.4520915381144732,,909.2
10744,-4.300000000000001,0,4,3,1,0.4520915381144732,,909.3
10745,-4.300000000000001,0,4,3,1,0.4520915381144732,,909.3
10746,-4.300000000000001,0,4,3,1,0.4520915381144732,,909.4
10747,-4.300000000000001,0,4,3,1,0.4520915381144732,,909.4
10748,-4.300000000000001,0,4,3,1,0.4520915381144732,,909.5
10749,5.7,1,4,3,1,0.4520915381144732,,909.5
10750,-4.300000000000001,0,4,3,1,0.4520915381144732,,909.6
10751,5.7,1,4,3,1,0.4520915381144732,,909.6
10752,5.7,1,4,3,1,0.4520915381144732,,909.7
10753,-4.300000000000001,0,4,3,1,0.4520915381144732,,909.7
10754,-4.300000000000001,0,4,3,1,0.4520915381144732,,909.7
10755,-4.300000000000001,0,4,3,1,0.4520915381144732,,909.8
10756,-2.3000000000000003,0,4,3,1,0.4520915381144732,,909.8
10757,-4.300000000000001,0,4,3,1,0.4520915381144732,,909.9
10758,-2.3000000000000003,0,4,3,1,0.4520915381144732,,909.9
10759,5.7,1,4,3,1,0.4520915381144732,,910.0
10760,-0.30000000000000004,0,4,3,1,0.4520915381144732,,910.1
10761,-2.3000000000000003,0,4,3,1,0.4520915381144732,,910.1
10762,-4.300000000000001,0,4,3,1,0.4520915381144732,,910.2
10763,5.7,1,4,3,1,0.4520915381144732,,910.3
10764,-4.300000000000001,0,4,3,1,0.4520915381144732,,910.3
10765,-2.3000000000000003,0,4,3,1,0.4520915381144732,,910.4
10766,-4.300000000000001,0,4,3,1,0.4520915381144732,,910.4
10767,-4.300000000000001,0,4,3,1,0.4520915381144732,,910.5
10768,-4.300000000000001,0,4,3,1,0.4520915381144732,,910.6
10769,5.7,1,4,3,1,0.4520915381144732,,910.6
10770,-4.300000000000001,0,4,3,1,0.4520915381144732,,910.7
10771,5.7,1,4,3,1,0.4520915381144732,,910.7
10772,-0.30000000000000004,0,4,3,1,0.4520915381144732,,910.8
10773,5.7,1,4,3,1,0.4520915381144732,,910.8
10774,-4.300000000000001,0,4,3,1,0.4520915381144732,,910.9
10775,-4.300000000000001,0,4,3,1,0.4520915381144732,,911.0
10776,-4.300000000000001,0,4,3,1,0.4520915381144732,,911.0
10777,5.7,1,4,3,1,0.4520915381144732,,911.1
10778,-2.3000000000000003,0,4,3,1,0.4520915381144732,,911.2
10779,-4.300000000000001,0,4,3,1,0.4520915381144732,,911.2
10780,5.7,1,4,3,1,0.4520915381144732,,911.3
10781,-2.3000000000000003,0,4,3,1,0.4520915381144732,,911.3
10782,-4.300000000000001,0,4,3,1,0.4520915381144732,,911.4
10783,-2.3000000000000003,0,4,3,1,0.4520915381144732,,911.4
10784,-4.300000000000001,0,4,3,1,0.4520915381144732,,911.5
10785,-4.300000000000001,0,4,3,1,0.4520915381144732,,911.6
10786,-2.3000000000000003,0,4,3,1,0.4520915381144732,,911.6
10787,5.7,1,4,3,1,0.4520915381144732,,911.6
10788,-2.3000000000000003,0,4,3,1,0.4520915381144732,,911.7
10789,-4.300000000000001,0,4,3,1,0.4520915381144732,,911.8
10790,-2.3000000000000003,0,4,3,1,0.4520915381144732,,911.9
10791,5.7,1,4,3,1,0.4520915381144732,,911.9
10792,-4.300000000000001,0,4,3,1,0.4520915381144732,,912.0
10793,-4.300000000000001,0,4,3,1,0.4520915381144732,,912.1
10794,-0.30000000000000004,0,4,3,1,0.4520915381144732,,912.1
10795,-4.300000000000001,0,4,3,1,0.4520915381144732,,912.1
10796,-4.300000000000001,0,4,3,1,0.4520915381144732,,912.2
10797,-0.30000000000000004,0,4,3,1,0.4520915381144732,,912.2
10798,-4.300000000000001,0,4,3,1,0.4520915381144732,,912.3
10799,-4.300000000000001,0,4,3,1,0.4520915381144732,,912.3
10800,5.7,1,4,3,1,0.4520915381144732,,912.4
10801,5.7,1,4,3,1,0.4520915381144732,,912.4
10802,-4.300000000000001,0,4,3,1,0.4520915381144732,,912.5
10803,-4.300000000000001,0,4,3,1,0.4520915381144732,,912.6
10804,-4.300000000000001,0,4,3,1,0.4520915381144732,,912.6
10805,-4.300000000000001,0,4,3,1,0.4520915381144732,,912.7
10806,-4.300000000000001,0,4,3,1,0.4520915381144732,,912.7
10807,5.7,1,4,3,1,0.4520915381144732,,912.8
10808,5.7,1,4,3,1,0.4520915381144732,,912.9
10809,5.7,1,4,3,1,0.4520915381144732,,912.9
10810,-4.300000000000001,0,4,3,1,0.4520915381144732,,913.0
10811,-4.300000000000001,0,4,3,1,0.4520915381144732,,913.0
10812,-4.300000000000001,0,4,3,1,0.4520915381144732,,913.1
10813,-4.300000000000001,0,4,3,1,0.4520915381144732,,913.1
10814,5.7,1,4,3,1,0.4520915381144732,,913.2
10815,-4.300000000000001,0,4,3,1,0.4520915381144732,,913.3
10816,-0.30000000000000004,0,4,3,1,0.4520915381144732,,913.3
10817,5.7,1,4,3,1,0.4520915381144732,,913.4
10818,-4.300000000000001,0,4,3,1,0.4520915381144732,,913.4
10819,5.7,1,4,3,1,0.4520915381144732,,913.5
10820,5.7,1,4,3,1,0.4520915381144732,,913.6
10821,-0.30000000000000004,0,4,3,1,0.4520915381144732,,913.6
10822,5.7,1,4,3,1,0.4520915381144732,,913.7
10823,-2.3000000000000003,0,4,3,1,0.4520915381144732,,913.8
10824,-4.300000000000001,0,4,3,1,0.4520915381144732,,913.9
10825,-0.30000000000000004,0,4,3,1,0.4520915381144732,,913.9
10826,-2.3000000000000003,0,4,3,1,0.4520915381144732,,914.0
10827,-4.300000000000001,0,4,3,1,0.4520915381144732,,914.0
10828,-2.3000000000000003,0,4,3,1,0.4520915381144732,,914.1
10829,-4.300000000000001,0,4,3,1,0.4520915381144732,,914.1
10830,-4.300000000000001,0,4,3,1,0.4520915381144732,,914.2
10831,5.7,1,4,3,1,0.4520915381144732,,914.2
10832,5.7,1,4,3,1,0.4520915381144732,,914.3
10833,-2.3000000000000003,0,4,3,1,0.4520915381144732,,914.3
10834,-2.3000000000000003,0,4,3,1,0.4520915381144732,,914.3
10835,-2.3000000000000003,0,4,3,1,0.4520915381144732,,914.4
10836,-2.3000000000000003,0,4,3,1,0.4520915381144732,,914.5
10837,-4.300000000000001,0,4,3,1,0.4520915381144732,,914.5
10838,-4.300000000000001,0,4,3,1,0.4520915381144732,,914.6
10839,-2.3000000000000003,0,4,3,1,0.4520915381144732,,914.7
10840,5.7,1,4,3,1,0.4520915381144732,,914.7
10841,-4.300000000000001,0,4,3,1,0.4520915381144732,,914.8
10842,-4.300000000000001,0,4,3,1,0.4520915381144732,,914.9
10843,-4.300000000000001,0,4,3,1,0.4520915381144732,,915.0
10844,5.7,1,4,3,1,0.4520915381144732,,915.1
10845,-4.300000000000001,0,4,3,1,0.4520915381144732,,915.2
10846,-2.3000000000000003,0,4,3,1,0.4520915381144732,,915.2
10847,-4.300000000000001,0,4,3,1,0.4520915381144732,,915.2
10848,-4.300000000000001,0,4,3,1,0.4520915381144732,,915.3
10849,-2.3000000000000003,0,4,3,1,0.4520915381144732,,915.4
10850,5.7,1,4,3,1,0.4520915381144732,,915.4
10851,5.7,1,4,3,1,0.4520915381144732,,915.5
10852,-2.3000000000000003,0,4,3,1,0.4520915381144732,,915.5
10853,-4.300000000000001,0,4,3,1,0.4520915381144732,,915.6
10854,-4.300000000000001,0,4,3,1,0.4520915381144732,,915.6
10855,-4.300000000000001,0,4,3,1,0.4520915381144732,,915.7
10856,-4.300000000000001,0,4,3,1,0.4520915381144732,,915.8
10857,5.7,1,4,3,1,0.4520915381144732,,915.8
10858,-4.6,0,6,3,1,0.4520915381144732,,915.9
10859,5.7,1,4,3,1,0.4520915381144732,,915.9
10860,-4.300000000000001,0,4,3,1,0.4520915381144732,,916.0
10861,-4.300000000000001,0,4,3,1,0.4520915381144732,,916.1
10862,-4.300000000000001,0,4,3,1,0.4520915381144732,,916.1
10863,-0.30000000000000004,0,4,3,1,0.4520915381144732,,916.1
10864,5.7,1,4,3,1,0.4520915381144732,,916.2
10865,-4.300000000000001,0,4,3,1,0.4520915381144732,,916.3
10866,-5.4,0,5,4,1,0.4520915381144732,,916.4
10867,-2.3000000000000003,0,4,3,1,0.4520915381144732,,916.5
10868,-0.30000000000000004,0,4,3,1,0.4520915381144732,,916.6
10869,-4.300000000000001,0,4,3,1,0.4520915381144732,,916.6
10870,-2.3000000000000003,0,4,3,1,0.4520915381144732,,916.7
10871,-0.30000000000000004,0,4,3,1,0.4520915381144732,,916.7
10872,-4.300000000000001,0,4,3,1,0.4520915381144732,,916.8
10873,-4.300000000000001,0,4,3,1,0.4520915381144732,,916.9
10874,-4.300000000000001,0,4,3,1,0.4520915381144732,,916.9
10875,-2.3000000000000003,0,4,3,1,0.4520915381144732,,917.0
10876,-4.300000000000001,0,4,3,1,0.4520915381144732,,917.0
10877,-4.300000000000001,0,4,3,1,0.4520915381144732,,917.1
10878,-2.3000000000000003,0,4,3,1,0.4520915381144732,,917.1
10879,-4.300000000000001,0,4,3,1,0.4520915381144732,,917.2
10880,-4.300000000000001,0,4,3,1,0.4520915381144732,,917.2
10881,-0.30000000000000004,0,4,3,1,0.4520915381144732,,917.3
10882,-4.300000000000001,0,4,3,1,0.4520915381144732,,917.3
10883,5.7,1,4,3,1,0.4520915381144732,,917.4
10884,-4.300000000000001,0,4,3,1,0.4520915381144732,,917.4
10885,-4.300000000000001,0,4,3,1,0.4520915381144732,,917.5
10886,-0.30000000000000004,0,4,3,1,0.4520915381144732,,917.5
10887,-2.3000000000000003,0,4,3,1,0.4520915381144732,,917.6
10888,-4.300000000000001,0,4,3,1,0.4520915381144732,,917.7
10889,-4.300000000000001,0,4,3,1,0.4520915381144732,,917.7
10890,-4.300000000000001,0,4,3,1,0.4520915381144732,,917.8
10891,-0.30000000000000004,0,4,3,1,0.4520915381144732,,917.8
10892,5.7,1,4,3,1,0.4520915381144732,,917.9
10893,5.7,1,4,3,1,0.4520915381144732,,917.9
10894,-4.300000000000001,0,4,3,1,0.4520915381144732,,918.0
10895,-0.30000000000000004,0,4,3,1,0.4520915381144732,,918.1
10896,-4.300000000000001,0,4,3,1,0.4520915381144732,,918.2
10897,-2.3000000000000003,0,4,3,1,0.4520915381144732,,918.2
10898,-2.3000000000000003,0,4,3,1,0.4520915381144732,,918.2
10899,-0.30000000000000004,0,4,3,1,0.4520915381144732,,918.3
10900,-4.300000000000001,0,4,3,1,0.4520915381144732,,918.4
10901,-4.300000000000001,0,4,3,1,0.4520915381144732,,918.5
10902,-4.300000000000001,0,4,3,1,0.4520915381144732,,918.5
10903,-4.300000000000001,0,4,3,1,0.4520915381144732,,918.6
10904,-4.300000000000001,0,4,3,1,0.4520915381144732,,918.7
10905,-4.300000000000001,0,4,3,1,0.4520915381144732,,918.7
10906,-2.6,0,6,3,1,0.4520915381144732,,918.8
10907,-2.3000000000000003,0,4,3,1,0.4520915381144732,,918.8
10908,5.7,1,4,3,1,0.4520915381144732,,918.9
10909,-4.300000000000001,0,4,3,1,0.4520915381144732,,919.0
10910,5.7,1,4,3,1,0.4520915381144732,,919.0
10911,-4.300000000000001,0,4,3,1,0.4520915381144732,,919.1
10912,-2.3000000000000003,0,4,3,1,0.4520915381144732,,919.1
10913,-0.30000000000000004,0,4,3,1,0.4520915381144732,,919.2
10914,-5.6000000000000005,0,6,3,1,0.4520915381144732,,919.2
10915,-4.300000000000001,0,4,3,1,0.4520915381144732,,919.3
10916,-4.300000000000001,0,4,3,1,0.4520915381144732,,919.4
10917,-4.300000000000001,0,4,3,1,0.4520915381144732,,919.5
10918,-4.300000000000001,0,4,3,1,0.4520915381144732,,919.6
10919,-0.30000000000000004,0,4,3,1,0.4520915381144732,,919.6
10920,-4.300000000000001,0,4,3,1,0.4520915381144732,,919.7
10921,-4.300000000000001,0,4,3,1,0.4520915381144732,,919.8
10922,-4.300000000000001,0,4,3,1,0.4520915381144732,,919.8
10923,-2.3000000000000003,0,4,3,1,0.4520915381144732,,919.9
10924,-2.3000000000000003,0,4,3,1,0.4520915381144732,,919.9
10925,5.7,1,4,3,1,0.4520915381144732,,919.9
10926,-4.300000000000001,0,4,3,1,0.4520915381144732,,920.0
10927,-4.300000000000001,0,4,3,1,0.4520915381144732,,920.1
10928,-0.30000000000000004,0,4,3,1,0.4520915381144732,,920.1
10929,-4.300000000000001,0,4,3,1,0.4520915381144732,,920.2
10930,-4.300000000000001,0,4,3,1,0.4520915381144732,,920.3
10931,5.7,1,4,3,1,0.4520915381144732,,920.3
10932,-2.6,0,6,3,1,0.4520915381144732,,920.4
10933,-2.3000000000000003,0,4,3,1,0.4520915381144732,,920.4
10934,5.7,1,4,3,1,0.4520915381144732,,920.5
10935,-4.300000000000001,0,4,3,1,0.4520915381144732,,920.6
10936,5.7,1,4,3,1,0.4520915381144732,,920.6
10937,-2.3000000000000003,0,4,3,1,0.4520915381144732,,920.7
10938,5.7,1,4,3,1,0.4520915381144732,,920.7
10939,5.7,1,4,3,1,0.4520915381144732,,920.7
10940,-4.300000000000001,0,4,3,1,0.4520915381144732,,920.8
10941,-4.300000000000001,0,4,3,1,0.4520915381144732,,920.8
10942,-0.30000000000000004,0,4,3,1,0.4520915381144732,,920.9
10943,-4.300000000000001,0,4,3,1,0.4520915381144732,,920.9
10944,-2.3000000000000003,0,4,3,1,0.4520915381144732,,921.0
10945,-2.3000000000000003,0,4,3,1,0.4520915381144732,,921.0
10946,-4.300000000000001,0,4,3,1,0.4520915381144732,,921.1
10947,5.7,1,4,3,1,0.4520915381144732,,921.2
10948,-4.300000000000001,0,4,3,1,0.4520915381144732,,921.3
10949,-4.300000000000001,0,4,3,1,0.4520915381144732,,921.3
10950,-4.6000000000000005,0,6,3,1,0.4520915381144732,,921.4
10951,5.7,1,4,3,1,0.4520915381144732,,921.5
10952,-4.300000000000001,0,4,3,1,0.4520915381144732,,921.6
10953,-4.300000000000001,0,4,3,1,0.4520915381144732,,921.6
10954,-4.300000000000001,0,4,3,1,0.4520915381144732,,921.7
10955,-4.300000000000001,0,4,3,1,0.4520915381144732,,921.8
10956,-0.30000000000000004,0,4,3,1,0.4520915381144732,,921.8
10957,-2.3000000000000003,0,4,3,1,0.4520915381144732,,921.8
10958,-4.300000000000001,0,4,3,1,0.4520915381144732,,921.9
10959,-4.300000000000001,0,4,3,1,0.4520915381144732,,922.0
10960,-4.300000000000001,0,4,3,1,0.4520915381144732,,922.1
10961,-4.300000000000001,0,4,3,1,0.4520915381144732,,922.2
10962,5.7,1,4,3,1,0.4520915381144732,,922.2
10963,-4.300000000000001,0,4,3,1,0.4520915381144732,,922.3
10964,-2.3000000000000003,0,4,3,1,0.4520915381144732,,922.3
10965,-4.300000000000001,0,4,3,1,0.4520915381144732,,922.4
10966,-4.300000000000001,0,4,3,1,0.4520915381144732,,922.5
10967,-4.300000000000001,0,4,3,1,0.4520915381144732,,922.5
10968,-5.4,0,5,4,1,0.4520915381144732,,922.6
10969,-4.300000000000001,0,4,3,1,0.4520915381144732,,922.7
10970,-4.300000000000001,0,4,3,1,0.4520915381144732,,922.8
10971,5.7,1,4,3,1,0.4520915381144732,,922.8
10972,-4.300000000000001,0,4,3,1,0.4520915381144732,,922.8
10973,-4.300000000000001,0,4,3,1,0.4520915381144732,,922.9
10974,-0.30000000000000004,0,4,3,1,0.4520915381144732,,922.9
10975,-4.300000000000001,0,4,3,1,0.4520915381144732,,923.0
10976,-4.300000000000001,0,4,3,1,0.4520915381144732,,923.1
10977,-0.30000000000000004,0,4,3,1,0.4520915381144732,,923.1
10978,-2.3000000000000003,0,4,3,1,0.4520915381144732,,923.2
10979,-4.300000000000001,0,4,3,1,0.4520915381144732,,923.2
10980,-2.3000000000000003,0,4,3,1,0.4520915381144732,,923.2
10981,-4.6,0,6,3,1,0.4520915381144732,,923.3
10982,-4.300000000000001,0,4,3,1,0.4520915381144732,,923.4
10983,-0.30000000000000004,0,4,3,1,0.4520915381144732,,923.4
10984,-0.30000000000000004,0,4,3,1,0.4520915381144732,,923.5
10985,-4.300000000000001,0,4,3,1,0.4520915381144732,,923.6
10986,-4.300000000000001,0,4,3,1,0.4520915381144732,,923.6
10987,-4.300000000000001,0,4,3,1,0.4520915381144732,,923.7
10988,-4.300000000000001,0,4,3,1,0.4520915381144732,,923.7
10989,-2.6,0,6,3,1,0.4520915381144732,,923.8
10990,-2.3000000000000003,0,4,3,1,0.4520915381144732,,923.9
10991,-2.3000000000000003,0,4,3,1,0.4520915381144732,,924.0
10992,-0.30000000000000004,0,4,3,1,0.4520915381144732,,924.0
10993,-2.3000000000000003,0,4,3,1,0.4520915381144732,,924.1
10994,-0.30000000000000004,0,4,3,1,0.4520915381144732,,924.1
10995,5.7,1,4,3,1,0.4520915381144732,,924.2
10996,5.7,1,4,3,1,0.4520915381144732,,924.3
10997,-2.3000000000000003,0,4,3,1,0.4520915381144732,,924.3
10998,-0.30000000000000004,0,4,3,1,0.4520915381144732,,924.4
10999,-4.300000000000001,0,4,3,1,0.4520915381144732,,924.5
11000,-4.300000000000001,0,4,3,1,0.4520915381144732,,924.5
11001,-2.3000000000000003,0,4,3,1,0.4520915381144732,,929.7
11002,-4.300000000000001,0,4,3,1,0.4520915381144732,,929.8
11003,-0.30000000000000004,0,4,3,1,0.4520915381144732,,929.8
11004,-2.3000000000000003,0,4,3,1,0.4520915381144732,,929.9
11005,-2.3000000000000003,0,4,3,1,0.4520915381144732,,929.9
11006,-4.300000000000001,0,4,3,1,0.4520915381144732,,930.0
11007,-0.30000000000000004,0,4,3,1,0.4520915381144732,,930.1
11008,-2.3000000000000003,0,4,3,1,0.4520915381144732,,930.1
11009,-0.30000000000000004,0,4,3,1,0.4520915381144732,,930.2
11010,-2.3000000000000003,0,4,3,1,0.4520915381144732,,930.2
11011,-4.300000000000001,0,4,3,1,0.4520915381144732,,930.3
11012,-4.300000000000001,0,4,3,1,0.4520915381144732,,930.4
11013,5.7,1,4,3,1,0.4520915381144732,,930.5
11014,-0.30000000000000004,0,4,3,1,0.4520915381144732,,930.5
11015,5.7,1,4,3,1,0.4520915381144732,,930.6
11016,-4.300000000000001,0,4,3,1,0.4520915381144732,,930.6
11017,-4.300000000000001,0,4,3,1,0.4520915381144732,,930.7
11018,5.7,1,4,3,1,0.4520915381144732,,930.7
11019,-2.3000000000000003,0,4,3,1,0.4520915381144732,,930.7
11020,-4.300000000000001,0,4,3,1,0.4520915381144732,,930.8
11021,5.7,1,4,3,1,0.4520915381144732,,930.8
11022,-4.300000000000001,0,4,3,1,0.4520915381144732,,930.9
11023,-4.300000000000001,0,4,3,1,0.4520915381144732,,930.9
11024,-4.300000000000001,0,4,3,1,0.4265783077571541,1.8543368661776185,931.7
11025,-4.300000000000001,0,4,3,1,0.4265783077571541,,931.8
11026,5.7,1,4,3,1,0.4265783077571541,,931.8
11027,-2.3000000000000003,0,4,3,1,0.4265783077571541,,931.9
11028,-2.3000000000000003,0,4,3,1,0.4265783077571541,,931.9
11029,-4.300000000000001,0,4,3,1,0.4265783077571541,,932.0
11030,-2.3000000000000003,0,4,3,1,0.4265783077571541,,932.0
11031,-4.300000000000001,0,4,3,1,0.4265783077571541,,932.1
11032,-2.3000000000000003,0,4,3,1,0.4265783077571541,,932.2
11033,-4.300000000000001,0,4,3,1,0.4265783077571541,,932.3
11034,-4.300000000000001,0,4,3,1,0.4265783077571541,,932.3
11035,-4.300000000000001,0,4,3,1,0.4265783077571541,,932.4
11036,-4.300000000000001,0,4,3,1,0.4265783077571541,,932.5
11037,-2.3000000000000003,0,4,3,1,0.4265783077571541,,932.6
11038,-2.3000000000000003,0,4,3,1,0.4265783077571541,,932.6
11039,-4.300000000000001,0,4,3,1,0.4265783077571541,,932.7
11040,-4.300000000000001,0,4,3,1,0.4265783077571541,,932.7
11041,-4.300000000000001,0,4,3,1,0.4265783077571541,,932.8
11042,-2.3000000000000003,0,4,3,1,0.4265783077571541,,932.9
11043,-4.300000000000001,0,4,3,1,0.4265783077571541,,933.0
11044,-0.6000000000000001,0,6,3,1,0.4265783077571541,,933.0
11045,-2.3000000000000003,0,4,3,1,0.4265783077571541,,933.1
11046,5.7,1,4,3,1,0.4265783077571541,,933.1
11047,5.7,1,4,3,1,0.4265783077571541,,933.2
11048,-4.300000000000001,0,4,3,1,0.4265783077571541,,933.3
11049,5.7,1,4,3,1,0.4265783077571541,,933.3
11050,-4.300000000000001,0,4,3,1,0.4265783077571541,,933.4
11051,-4.300000000000001,0,4,3,1,0.4265783077571541,,933.4
11052,-4.300000000000001,0,4,3,1,0.4265783077571541,,933.5
11053,5.7,1,4,3,1,0.4265783077571541,,933.6
11054,-4.300000000000001,0,4,3,1,0.4265783077571541,,933.6
11055,-0.30000000000000004,0,4,3,1,0.4265783077571541,,933.7
11056,-2.3000000000000003,0,4,3,1,0.4265783077571541,,933.7
11057,-0.30000000000000004,0,4,3,1,0.4265783077571541,,933.8
11058,-4.300000000000001,0,4,3,1,0.4265783077571541,,933.8
11059,-4.300000000000001,0,4,3,1,0.4265783077571541,,933.9
11060,-0.30000000000000004,0,4,3,1,0.4265783077571541,,934.0
11061,-4.300000000000001,0,4,3,1,0.4265783077571541,,934.0
11062,-4.300000000000001,0,4,3,1,0.4265783077571541,,934.1
11063,-4.300000000000001,0,4,3,1,0.4265783077571541,,934.1
11064,-4.300000000000001,0,4,3,1,0.4265783077571541,,934.1
11065,-4.300000000000001,0,4,3,1,0.4265783077571541,,934.2
11066,-4.300000000000001,0,4,3,1,0.4265783077571541,,934.3
11067,-4.300000000000001,0,4,3,1,0.4265783077571541,,934.3
11068,-4.300000000000001,0,4,3,1,0.4265783077571541,,934.4
11069,-4.300000000000001,0,4,3,1,0.4265783077571541,,934.4
11070,-2.3000000000000003,0,4,3,1,0.4265783077571541,,934.5
11071,-2.3000000000000003,0,4,3,1,0.4265783077571541,,934.6
11072,-2.3000000000000003,0,4,3,1,0.4265783077571541,,934.6
11073,5.7,1,4,3,1,0.4265783077571541,,934.7
11074,-4.300000000000001,0,4,3,1,0.4265783077571541,,934.8
11075,-4.300000000000001,0,4,3,1,0.4265783077571541,,934.8
11076,5.7,1,4,3,1,0.4265783077571541,,934.9
11077,-4.300000000000001,0,4,3,1,0.4265783077571541,,934.9
11078,-4.300000000000001,0,4,3,1,0.4265783077571541,,935.0
11079,5.7,1,4,3,1,0.4265783077571541,,935.1
11080,5.7,1,4,3,1,0.4265783077571541,,935.2
11081,-4.300000000000001,0,4,3,1,0.4265783077571541,,935.2
11082,-0.30000000000000004,0,4,3,1,0.4265783077571541,,935.3
11083,5.7,1,4,3,1,0.4265783077571541,,935.4
11084,-1.6,0,6,3,1,0.4265783077571541,,935.5
11085,-2.3000000000000003,0,4,3,1,0.4265783077571541,,935.5
11086,-4.300000000000001,0,4,3,1,0.4265783077571541,,935.6
11087,-4.300000000000001,0,4,3,1,0.4265783077571541,,935.7
11088,-2.3000000000000003,0,4,3,1,0.4265783077571541,,935.7
11089,-4.300000000000001,0,4,3,1,0.4265783077571541,,935.8
11090,-4.300000000000001,0,4,3,1,0.4265783077571541,,935.8
11091,-0.30000000000000004,0,4,3,1,0.4265783077571541,,935.9
11092,5.7,1,4,3,1,0.4265783077571541,,935.9
11093,5.7,1,4,3,1,0.4265783077571541,,936.0
11094,-4.300000000000001,0,4,3,1,0.4265783077571541,,936.0
11095,5.7,1,4,3,1,0.4265783077571541,,936.1
11096,-2.3000000000000003,0,4,3,1,0.4265783077571541,,936.1
11097,5.7,1,4,3,1,0.4265783077571541,,936.2
11098,-4.300000000000001,0,4,3,1,0.4265783077571541,,936.2
11099,-0.30000000000000004,0,4,3,1,0.4265783077571541,,936.3
11100,-4.300000000000001,0,4,3,1,0.4265783077571541,,936.3
11101,5.7,1,4,3,1,0.4265783077571541,,936.4
11102,-4.300000000000001,0,4,3,1,0.4265783077571541,,936.5
11103,-2.3000000000000003,0,4,3,1,0.4265783077571541,,936.6
11104,5.7,1,4,3,1,0.4265783077571541,,936.6
11105,5.7,1,4,3,1,0.4265783077571541,,936.6
11106,5.7,1,4,3,1,0.4265783077571541,,936.7
11107,5.7,1,4,3,1,0.4265783077571541,,936.7
11108,-4.300000000000001,0,4,3,1,0.4265783077571541,,936.8
11109,-4.300000000000001,0,4,3,1,0.4265783077571541,,936.9
11110,-4.300000000000001,0,4,3,1,0.4265783077571541,,936.9
11111,-4.300000000000001,0,4,3,1,0.4265783077571541,,937.0
11112,-4.300000000000001,0,4,3,1,0.4265783077571541,,937.1
11113,-2.3000000000000003,0,4,3,1,0.4265783077571541,,937.1
11114,-4.300000000000001,0,4,3,1,0.4265783077571541,,937.2
11115,-4.300000000000001,0,4,3,1,0.4265783077571541,,937.2
11116,-2.3000000000000003,0,4,3,1,0.4265783077571541,,937.3
11117,5.7,1,4,3,1,0.4265783077571541,,937.4
11118,-0.30000000000000004,0,4,3,1,0.4265783077571541,,937.4
11119,5.7,1,4,3,1,0.4265783077571541,,937.4
11120,-0.30000000000000004,0,4,3,1,0.4265783077571541,,937.5
11121,5.7,1,4,3,1,0.4265783077571541,,937.5
11122,-4.300000000000001,0,4,3,1,0.4265783077571541,,937.6
11123,-4.300000000000001,0,4,3,1,0.4265783077571541,,937.6
11124,-4.300000000000001,0,4,3,1,0.4265783077571541,,937.7
11125,-4.300000000000001,0,4,3,1,0.4265783077571541,,937.8
11126,-4.300000000000001,0,4,3,1,0.4265783077571541,,937.8
11127,-4.300000000000001,0,4,3,1,0.4265783077571541,,937.9
11128,-2.3000000000000003,0,4,3,1,0.4265783077571541,,938.0
11129,5.7,1,4,3,1,0.4265783077571541,,938.1
11130,5.7,1,4,3,1,0.4265783077571541,,938.1
11131,-4.300000000000001,0,4,3,1,0.4265783077571541,,938.2
11132,-4.300000000000001,0,4,3,1,0.4265783077571541,,938.2
11133,5.7,1,4,3,1,0.4265783077571541,,938.3
11134,-4.300000000000001,0,4,3,1,0.4265783077571541,,938.4
11135,5.7,1,4,3,1,0.4265783077571541,,938.4
11136,-0.30000000000000004,0,4,3,1,0.4265783077571541,,938.5
11137,-4.300000000000001,0,4,3,1,0.4265783077571541,,938.6
11138,-4.300000000000001,0,4,3,1,0.4265783077571541,,938.7
11139,-4.300000000000001,0,4,3,1,0.4265783077571541,,938.7
11140,-0.30000000000000004,0,4,3,1,0.4265783077571541,,938.7
11141,5.7,1,4,3,1,0.4265783077571541,,938.8
11142,-4.300000000000001,0,4,3,1,0.4265783077571541,,938.8
11143,-4.300000000000001,0,4,3,1,0.4265783077571541,,938.8
11144,-4.300000000000001,0,4,3,1,0.4265783077571541,,938.9
11145,-4.300000000000001,0,4,3,1,0.4265783077571541,,939.0
11146,-2.3000000000000003,0,4,3,1,0.4265783077571541,,939.0
11147,-4.300000000000001,0,4,3,1,0.4265783077571541,,939.1
11148,-4.300000000000001,0,4,3,1,0.4265783077571541,,939.2
11149,-2.3000000000000003,0,4,3,1,0.4265783077571541,,939.2
11150,-4.300000000000001,0,4,3,1,0.4265783077571541,,939.3
11151,-0.30000000000000004,0,4,3,1,0.4265783077571541,,939.3
11152,5.7,1,4,3,1,0.4265783077571541,,939.4
11153,5.7,1,4,3,1,0.4265783077571541,,939.4
11154,5.7,1,4,3,1,0.4265783077571541,,939.5
11155,-4.300000000000001,0,4,3,1,0.4265783077571541,,939.6
11156,-4.300000000000001,0,4,3,1,0.4265783077571541,,939.6
11157,-4.300000000000001,0,4,3,1,0.4265783077571541,,939.7
11158,-4.300000000000001,0,4,3,1,0.4265783077571541,,939.8
11159,5.7,1,4,3,1,0.4265783077571541,,939.8
11160,-4.300000000000001,0,4,3,1,0.4265783077571541,,939.9
11161,-4.300000000000001,0,4,3,1,0.4265783077571541,,939.9
11162,-4.300000000000001,0,4,3,1,0.4265783077571541,,940.0
11163,-0.30000000000000004,0,4,3,1,0.4265783077571541,,940.1
11164,-4.300000000000001,0,4,3,1,0.4265783077571541,,940.1
11165,5.7,1,4,3,1,0.4265783077571541,,940.2
11166,-4.300000000000001,0,4,3,1,0.4265783077571541,,940.3
11167,-4.300000000000001,0,4,3,1,0.4265783077571541,,940.4
11168,5.7,1,4,3,1,0.4265783077571541,,940.4
11169,-4.300000000000001,0,4,3,1,0.4265783077571541,,940.5
11170,5.7,1,4,3,1,0.4265783077571541,,940.5
11171,-4.300000000000001,0,4,3,1,0.4265783077571541,,940.6
11172,-2.3000000000000003,0,4,3,1,0.4265783077571541,,940.6
11173,-4.300000000000001,0,4,3,1,0.4265783077571541,,940.7
11174,-2.3000000000000003,0,4,3,1,0.4265783077571541,,940.7
11175,-0.30000000000000004,0,4,3,1,0.4265783077571541,,940.7
11176,5.7,1,4,3,1,0.4265783077571541,,940.8
11177,5.7,1,4,3,1,0.4265783077571541,,940.9
11178,-4.300000000000001,0,4,3,1,0.4265783077571541,,940.9
11179,-4.300000000000001,0,4,3,1,0.4265783077571541,,941.0
11180,-2.3000000000000003,0,4,3,1,0.4265783077571541,,941.0
11181,-4.300000000000001,0,4,3,1,0.4265783077571541,,941.1
11182,5.7,1,4,3,1,0.4265783077571541,,941.1
11183,-4.300000000000001,0,4,3,1,0.4265783077571541,,941.1
11184,-4.300000000000001,0,4,3,1,0.4265783077571541,,941.2
11185,-0.30000000000000004,0,4,3,1,0.4265783077571541,,941.3
11186,-4.300000000000001,0,4,3,1,0.4265783077571541,,941.3
11187,-4.6,0,6,3,1,0.4265783077571541,,941.4
11188,-4.300000000000001,0,4,3,1,0.4265783077571541,,941.5
11189,-4.300000000000001,0,4,3,1,0.4265783077571541,,941.6
11190,-4.300000000000001,0,4,3,1,0.4265783077571541,,941.6
11191,5.7,1,4,3,1,0.4265783077571541,,941.7
11192,-4.300000000000001,0,4,3,1,0.4265783077571541,,941.7
11193,-2.3000000000000003,0,4,3,1,0.4265783077571541,,941.8
11194,5.7,1,4,3,1,0.4265783077571541,,941.9
11195,-4.300000000000001,0,4,3,1,0.4265783077571541,,941.9
11196,-4.300000000000001,0,4,3,1,0.4265783077571541,,941.9
11197,-2.3000000000000003,0,4,3,1,0.4265783077571541,,942.0
11198,-4.300000000000001,0,4,3,1,0.4265783077571541,,942.0
11199,-2.3000000000000003,0,4,3,1,0.4265783077571541,,942.1
11200,-2.3000000000000003,0,4,3,1,0.4265783077571541,,942.2
11201,-4.300000000000001,0,4,3,1,0.4265783077571541,,942.2
11202,5.7,1,4,3,1,0.4265783077571541,,942.3
11203,-4.300000000000001,0,4,3,1,0.4265783077571541,,942.3
11204,-4.300000000000001,0,4,3,1,0.4265783077571541,,942.4
11205,5.7,1,4,3,1,0.4265783077571541,,942.5
11206,-4.300000000000001,0,4,3,1,0.4265783077571541,,942.6
11207,-4.300000000000001,0,4,3,1,0.4265783077571541,,942.6
11208,-4.300000000000001,0,4,3,1,0.4265783077571541,,942.7
11209,-2.3000000000000003,0,4,3,1,0.4265783077571541,,942.8
11210,-4.300000000000001,0,4,3,1,0.4265783077571541,,942.9
11211,-2.3000000000000003,0,4,3,1,0.4265783077571541,,943.0
11212,-4.300000000000001,0,4,3,1,0.4265783077571541,,943.1
11213,-0.30000000000000004,0,4,3,1,0.4265783077571541,,943.2
11214,-4.300000000000001,0,4,3,1,0.4265783077571541,,943.2
11215,-4.300000000000001,0,4,3,1,0.4265783077571541,,943.2
11216,5.7,1,4,3,1,0.4265783077571541,,943.3
11217,5.7,1,4,3,1,0.4265783077571541,,943.3
11218,-2.3000000000000003,0,4,3,1,0.4265783077571541,,943.4
11219,-2.3000000000000003,0,4,3,1,0.4265783077571541,,943.5
11220,5.7,1,4,3,1,0.4265783077571541,,943.5
11221,5.7,1,4,3,1,0.4265783077571541,,943.6
11222,-2.3000000000000003,0,4,3,1,0.4265783077571541,,943.6
11223,-4.300000000000001,0,4,3,1,0.4265783077571541,,943.7
11224,-0.30000000000000004,0,4,3,1,0.4265783077571541,,943.8
11225,-0.30000000000000004,0,4,3,1,0.4265783077571541,,943.8
11226,-4.300000000000001,0,4,3,1,0.4265783077571541,,943.9
11227,-4.300000000000001,0,4,3,1,0.4265783077571541,,943.9
11228,-4.300000000000001,0,4,3,1,0.4265783077571541,,944.0
11229,-0.30000000000000004,0,4,3,1,0.4265783077571541,,944.1
11230,-4.300000000000001,0,4,3,1,0.4265783077571541,,944.2
11231,-4.300000000000001,0,4,3,1,0.4265783077571541,,944.2
11232,5.7,1,4,3,1,0.4265783077571541,,944.3
11233,5.7,1,4,3,1,0.4265783077571541,,944.3
11234,-2.3000000000000003,0,4,3,1,0.4265783077571541,,944.4
11235,-4.300000000000001,0,4,3,1,0.4265783077571541,,944.4
11236,-4.300000000000001,0,4,3,1,0.4265783077571541,,944.5
11237,-2.3000000000000003,0,4,3,1,0.4265783077571541,,944.5
11238,4.4,1,6,3,1,0.4265783077571541,,944.6
11239,5.7,1,4,3,1,0.4265783077571541,,944.7
11240,-2.3000000000000003,0,4,3,1,0.4265783077571541,,944.7
11241,-4.300000000000001,0,4,3,1,0.4265783077571541,,944.7
11242,-4.300000000000001,0,4,3,1,0.4265783077571541,,944.8
11243,-2.3000000000000003,0,4,3,1,0.4265783077571541,,944.8
11244,-4.300000000000001,0,4,3,1,0.4265783077571541,,944.9
11245,5.7,1,4,3,1,0.4265783077571541,,945.0
11246,-4.300000000000001,0,4,3,1,0.4265783077571541,,945.0
11247,-2.3000000000000003,0,4,3,1,0.4265783077571541,,945.1
11248,-0.30000000000000004,0,4,3,1,0.4265783077571541,,945.1
11249,-4.300000000000001,0,4,3,1,0.4265783077571541,,945.2
11250,-4.300000000000001,0,4,3,1,0.4265783077571541,,945.2
11251,5.7,1,4,3,1,0.4265783077571541,,945.3
11252,-4.300000000000001,0,4,3,1,0.4265783077571541,,945.3
11253,-4.300000000000001,0,4,3,1,0.4265783077571541,,945.4
11254,-0.30000000000000004,0,4,3,1,0.4265783077571541,,945.5
11255,-2.3000000000000003,0,4,3,1,0.4265783077571541,,945.5
11256,-4.300000000000001,0,4,3,1,0.4265783077571541,,945.6
11257,-2.3000000000000003,0,4,3,1,0.4265783077571541,,945.6
11258,-4.300000000000001,0,4,3,1,0.4265783077571541,,945.7
11259,-4.300000000000001,0,4,3,1,0.4265783077571541,,945.8
11260,-4.300000000000001,0,4,3,1,0.4265783077571541,,945.8
11261,-4.300000000000001,0,4,3,1,0.4265783077571541,,945.9
11262,-5.4,0,5,4,1,0.4265783077571541,,945.9
11263,-2.3000000000000003,0,4,3,1,0.4265783077571541,,946.0
11264,-4.300000000000001,0,4,3,1,0.4265783077571541,,946.1
11265,-2.6,0,6,3,1,0.4265783077571541,,946.2
11266,5.7,1,4,3,1,0.4265783077571541,,946.2
11267,-4.300000000000001,0,4,3,1,0.4265783077571541,,946.3
11268,-2.3000000000000003,0,4,3,1,0.4265783077571541,,946.4
11269,-4.300000000000001,0,4,3,1,0.4265783077571541,,946.5
11270,-0.30000000000000004,0,4,3,1,0.4265783077571541,,946.6
11271,-4.300000000000001,0,4,3,1,0.4265783077571541,,946.6
11272,-4.300000000000001,0,4,3,1,0.4265783077571541,,946.7
11273,-2.3000000000000003,0,4,3,1,0.4265783077571541,,946.8
11274,-4.300000000000001,0,4,3,1,0.4265783077571541,,946.8
11275,-2.3000000000000003,0,4,3,1,0.4265783077571541,,946.8
11276,-2.3000000000000003,0,4,3,1,0.4265783077571541,,946.9
11277,5.7,1,4,3,1,0.4265783077571541,,946.9
11278,5.7,1,4,3,1,0.4265783077571541,,947.0
11279,-4.300000000000001,0,4,3,1,0.4265783077571541,,947.0
11280,-4.300000000000001,0,4,3,1,0.4265783077571541,,947.1
11281,-4.300000000000001,0,4,3,1,0.4265783077571541,,947.2
11282,-2.3000000000000003,0,4,3,1,0.4265783077571541,,947.2
11283,-4.300000000000001,0,4,3,1,0.4265783077571541,,947.3
11284,-2.3000000000000003,0,4,3,1,0.4265783077571541,,947.4
11285,-4.300000000000001,0,4,3,1,0.4265783077571541,,947.5
11286,-0.30000000000000004,0,4,3,1,0.4265783077571541,,947.5
11287,-4.300000000000001,0,4,3,1,0.4265783077571541,,947.6
11288,-4.300000000000001,0,4,3,1,0.4265783077571541,,947.7
11289,-4.300000000000001,0,4,3,1,0.4265783077571541,,947.7
11290,-0.30000000000000004,0,4,3,1,0.4265783077571541,,947.8
11291,-2.3000000000000003,0,4,3,1,0.4265783077571541,,947.8
11292,-4.300000000000001,0,4,3,1,0.4265783077571541,,947.9
11293,5.7,1,4,3,1,0.4265783077571541,,947.9
11294,-4.300000000000001,0,4,3,1,0.4265783077571541,,948.0
11295,-4.300000000000001,0,4,3,1,0.4265783077571541,,948.1
11296,-4.300000000000001,0,4,3,1,0.4265783077571541,,948.1
11297,-0.30000000000000004,0,4,3,1,0.4265783077571541,,948.2
11298,-4.300000000000001,0,4,3,1,0.4265783077571541,,948.2
11299,-4.300000000000001,0,4,3,1,0.4265783077571541,,948.3
11300,-4.300000000000001,0,4,3,1,0.4265783077571541,,948.4
11301,-4.300000000000001,0,4,3,1,0.4265783077571541,,948.4
11302,-2.3000000000000003,0,4,3,1,0.4265783077571541,,948.5
11303,-4.300000000000001,0,4,3,1,0.4265783077571541,,948.5
11304,-2.3000000000000003,0,4,3,1,0.4265783077571541,,948.6
11305,-4.300000000000001,0,4,3,1,0.4265783077571541,,948.7
11306,-0.30000000000000004,0,4,3,1,0.4265783077571541,,948.7
11307,-0.30000000000000004,0,4,3,1,0.4265783077571541,,948.8
11308,-4.300000000000001,0,4,3,1,0.4265783077571541,,948.8
11309,-4.300000000000001,0,4,3,1,0.4265783077571541,,948.9
11310,-4.300000000000001,0,4,3,1,0.4265783077571541,,948.9
11311,-4.300000000000001,0,4,3,1,0.4265783077571541,,949.0
11312,5.7,1,4,3,1,0.4265783077571541,,949.0
11313,5.7,1,4,3,1,0.4265783077571541,,949.1
11314,5.7,1,4,3,1,0.4265783077571541,,949.2
11315,5.7,1,4,3,1,0.4265783077571541,,949.2
11316,-4.300000000000001,0,4,3,1,0.4265783077571541,,949.3
11317,-4.300000000000001,0,4,3,1,0.4265783077571541,,949.4
11318,-4.300000000000001,0,4,3,1,0.4265783077571541,,949.4
11319,5.7,1,4,3,1,0.4265783077571541,,949.5
11320,5.7,1,4,3,1,0.4265783077571541,,949.5
11321,-0.30000000000000004,0,4,3,1,0.4265783077571541,,949.6
11322,-4.6,0,6,3,1,0.4265783077571541,,949.6
11323,-0.30000000000000004,0,4,3,1,0.4265783077571541,,949.7
11324,-4.300000000000001,0,4,3,1,0.4265783077571541,,949.8
11325,-4.300000000000001,0,4,3,1,0.4265783077571541,,949.9
11326,-4.300000000000001,0,4,3,1,0.4265783077571541,,949.9
11327,-2.3000000000000003,0,4,3,1,0.4265783077571541,,950.0
11328,-4.300000000000001,0,4,3,1,0.4265783077571541,,950.1
11329,-0.30000000000000004,0,4,3,1,0.4265783077571541,,950.1
11330,-0.30000000000000004,0,4,3,1,0.4265783077571541,,950.2
11331,-0.30000000000000004,0,4,3,1,0.4265783077571541,,950.2
11332,5.7,1,4,3,1,0.4265783077571541,,950.2
11333,-0.30000000000000004,0,4,3,1,0.4265783077571541,,950.2
11334,-4.300000000000001,0,4,3,1,0.4265783077571541,,950.3
11335,-4.300000000000001,0,4,3,1,0.4265783077571541,,950.4
11336,-4.300000000000001,0,4,3,1,0.4265783077571541,,950.4
11337,5.7,1,4,3,1,0.4265783077571541,,950.5
11338,-4.300000000000001,0,4,3,1,0.4265783077571541,,950.5
11339,-4.300000000000001,0,4,3,1,0.4265783077571541,,950.6
11340,-4.300000000000001,0,4,3,1,0.4265783077571541,,950.7
11341,-2.3000000000000003,0,4,3,1,0.4265783077571541,,950.7
11342,-2.3000000000000003,0,4,3,1,0.4265783077571541,,950.8
11343,-2.3000000000000003,0,4,3,1,0.4265783077571541,,950.9
11344,-5.4,0,5,4,1,0.4265783077571541,,950.9
11345,-4.300000000000001,0,4,3,1,0.4265783077571541,,951.0
11346,-0.30000000000000004,0,4,3,1,0.4265783077571541,,951.0
11347,-4.300000000000001,0,4,3,1,0.4265783077571541,,951.1
11348,-4.300000000000001,0,4,3,1,0.4265783077571541,,951.2
11349,-0.30000000000000004,0,4,3,1,0.4265783077571541,,951.2
11350,-4.300000000000001,0,4,3,1,0.4265783077571541,,951.3
11351,-4.300000000000001,0,4,3,1,0.4265783077571541,,951.4
11352,-4.300000000000001,0,4,3,1,0.4265783077571541,,951.5
11353,5.7,1,4,3,1,0.4265783077571541,,951.5
11354,5.7,1,4,3,1,0.4265783077571541,,951.6
11355,-4.300000000000001,0,4,3,1,0.4265783077571541,,951.7
11356,5.7,1,4,3,1,0.4265783077571541,,951.7
11357,-2.3000000000000003,0,4,3,1,0.4265783077571541,,951.8
11358,-4.300000000000001,0,4,3,1,0.4265783077571541,,951.8
11359,-4.300000000000001,0,4,3,1,0.4265783077571541,,951.9
11360,5.7,1,4,3,1,0.4265783077571541,,952.0
11361,-2.3000000000000003,0,4,3,1,0.4265783077571541,,952.1
11362,5.7,1,4,3,1,0.4265783077571541,,952.1
11363,-2.3000000000000003,0,4,3,1,0.4265783077571541,,952.2
11364,5.7,1,4,3,1,0.4265783077571541,,952.3
11365,5.7,1,4,3,1,0.4265783077571541,,952.4
11366,-2.3000000000000003,0,4,3,1,0.4265783077571541,,952.4
11367,-4.300000000000001,0,4,3,1,0.4265783077571541,,952.5
11368,-2.6,0,6,3,1,0.4265783077571541,,952.5
11369,-2.3000000000000003,0,4,3,1,0.4265783077571541,,952.6
11370,-0.30000000000000004,0,4,3,1,0.4265783077571541,,952.6
11371,-4.300000000000001,0,4,3,1,0.4265783077571541,,952.7
11372,-4.300000000000001,0,4,3,1,0.4265783077571541,,952.8
11373,-0.30000000000000004,0,4,3,1,0.4265783077571541,,952.8
11374,-4.300000000000001,0,4,3,1,0.4265783077571541,,952.9
11375,5.7,1,4,3,1,0.4265783077571541,,953.0
11376,5.7,1,4,3,1,0.4265783077571541,,953.0
11377,5.7,1,4,3,1,0.4265783077571541,,953.1
11378,5.7,1,4,3,1,0.4265783077571541,,953.1
11379,-4.300000000000001,0,4,3,1,0.4265783077571541,,953.2
11380,-0.30000000000000004,0,4,3,1,0.4265783077571541,,953.2
11381,-4.300000000000001,0,4,3,1,0.4265783077571541,,953.3
11382,-4.300000000000001,0,4,3,1,0.4265783077571541,,953.3
11383,-4.300000000000001,0,4,3,1,0.4265783077571541,,953.4
11384,-4.300000000000001,0,4,3,1,0.4265783077571541,,953.5
11385,-4.300000000000001,0,4,3,1,0.4265783077571541,,953.5
11386,-0.30000000000000004,0,4,3,1,0.4265783077571541,,953.6
11387,-4.300000000000001,0,4,3,1,0.4265783077571541,,953.6
11388,5.7,1,4,3,1,0.4265783077571541,,953.7
11389,-4.300000000000001,0,4,3,1,0.4265783077571541,,953.7
11390,-0.30000000000000004,0,4,3,1,0.4265783077571541,,953.8
11391,-4.300000000000001,0,4,3,1,0.4265783077571541,,953.8
11392,-4.300000000000001,0,4,3,1,0.4265783077571541,,953.8
11393,5.7,1,4,3,1,0.4265783077571541,,953.9
11394,5.7,1,4,3,1,0.4265783077571541,,954.0
11395,5.7,1,4,3,1,0.4265783077571541,,954.0
11396,-4.300000000000001,0,4,3,1,0.4265783077571541,,954.1
11397,-4.300000000000001,0,4,3,1,0.4265783077571541,,954.1
11398,-4.300000000000001,0,4,3,1,0.4265783077571541,,954.2
11399,-4.300000000000001,0,4,3,1,0.4265783077571541,,954.2
11400,-2.3000000000000003,0,4,3,1,0.4265783077571541,,954.3
11401,-4.300000000000001,0,4,3,1,0.4265783077571541,,954.4
11402,-4.300000000000001,0,4,3,1,0.4265783077571541,,954.5
11403,-4.6,0,6,3,1,0.4265783077571541,,954.5
11404,-4.300000000000001,0,4,3,1,0.4265783077571541,,954.6
11405,-4.300000000000001,0,4,3,1,0.4265783077571541,,954.7
11406,-4.300000000000001,0,4,3,1,0.4265783077571541,,954.7
11407,5.7,1,4,3,1,0.4265783077571541,,954.8
11408,-4.300000000000001,0,4,3,1,0.4265783077571541,,954.8
11409,5.7,1,4,3,1,0.4265783077571541,,954.9
11410,-4.300000000000001,0,4,3,1,0.4265783077571541,,955.0
11411,-4.300000000000001,0,4,3,1,0.4265783077571541,,955.0
11412,-2.3000000000000003,0,4,3,1,0.4265783077571541,,955.1
11413,-0.30000000000000004,0,4,3,1,0.4265783077571541,,955.1
11414,-4.300000000000001,0,4,3,1,0.4265783077571541,,955.2
11415,-2.6,0,6,3,1,0.4265783077571541,,955.3
11416,-0.30000000000000004,0,4,3,1,0.4265783077571541,,955.3
11417,-2.3000000000000003,0,4,3,1,0.4265783077571541,,955.4
11418,-5.4,0,5,4,1,0.4265783077571541,,955.4
11419,-4.300000000000001,0,4,3,1,0.4265783077571541,,955.5
11420,-4.300000000000001,0,4,3,1,0.4265783077571541,,955.5
11421,5.7,1,4,3,1,0.4265783077571541,,955.6
11422,-4.6000000000000005,0,6,3,1,0.4265783077571541,,955.6
11423,-4.300000000000001,0,4,3,1,0.4265783077571541,,955.7
11424,-4.300000000000001,0,4,3,1,0.4265783077571541,,955.8
11425,-4.300000000000001,0,4,3,1,0.4265783077571541,,955.8
11426,5.7,1,4,3,1,0.4265783077571541,,955.9
11427,-4.300000000000001,0,4,3,1,0.4265783077571541,,956.0
11428,-4.300000000000001,0,4,3,1,0.4265783077571541,,956.0
11429,-4.300000000000001,0,4,3,1,0.4265783077571541,,956.1
11430,5.7,1,4,3,1,0.4265783077571541,,956.1
11431,-4.300000000000001,0,4,3,1,0.4265783077571541,,956.2
11432,-4.300000000000001,0,4,3,1,0.4265783077571541,,956.3
11433,-4.300000000000001,0,4,3,1,0.4265783077571541,,956.3
11434,5.7,1,4,3,1,0.4265783077571541,,956.4
11435,-4.300000000000001,0,4,3,1,0.4265783077571541,,956.5
11436,-2.3000000000000003,0,4,3,1,0.4265783077571541,,956.5
11437,-4.300000000000001,0,4,3,1,0.4265783077571541,,956.6
11438,-0.30000000000000004,0,4,3,1,0.4265783077571541,,956.6
11439,-2.3000000000000003,0,4,3,1,0.4265783077571541,,956.7
11440,-2.3000000000000003,0,4,3,1,0.4265783077571541,,956.7
11441,-4.300000000000001,0,4,3,1,0.4265783077571541,,956.8
11442,-4.6,0,6,3,1,0.4265783077571541,,956.9
11443,-4.300000000000001,0,4,3,1,0.4265783077571541,,957.0
11444,5.7,1,4,3,1,0.4265783077571541,,957.1
11445,-4.300000000000001,0,4,3,1,0.4265783077571541,,957.1
11446,-4.300000000000001,0,4,3,1,0.4265783077571541,,957.1
11447,-4.300000000000001,0,4,3,1,0.4265783077571541,,957.2
11448,-4.300000000000001,0,4,3,1,0.4265783077571541,,957.3
11449,-2.3000000000000003,0,4,3,1,0.4265783077571541,,957.3
11450,-4.300000000000001,0,4,3,1,0.4265783077571541,,957.3
11451,-4.300000000000001,0,4,3,1,0.4265783077571541,,957.4
11452,-2.3000000000000003,0,4,3,1,0.4265783077571541,,957.5
11453,-4.300000000000001,0,4,3,1,0.4265783077571541,,957.5
11454,5.7,1,4,3,1,0.4265783077571541,,957.5
11455,-4.300000000000001,0,4,3,1,0.4265783077571541,,957.6
11456,-4.300000000000001,0,4,3,1,0.4265783077571541,,957.6
11457,-4.300000000000001,0,4,3,1,0.4265783077571541,,957.7
11458,-4.300000000000001,0,4,3,1,0.4265783077571541,,957.8
11459,-4.300000000000001,0,4,3,1,0.4265783077571541,,957.9
11460,5.7,1,4,3,1,0.4265783077571541,,957.9
11461,-0.30000000000000004,0,4,3,1,0.4265783077571541,,958.0
11462,-4.300000000000001,0,4,3,1,0.4265783077571541,,958.1
11463,-2.3000000000000003,0,4,3,1,0.4265783077571541,,958.2
11464,-2.3000000000000003,0,4,3,1,0.4265783077571541,,958.3
11465,-4.300000000000001,0,4,3,1,0.4265783077571541,,958.4
11466,5.7,1,4,3,1,0.4265783077571541,,958.5
11467,-0.30000000000000004,0,4,3,1,0.4265783077571541,,958.5
11468,5.7,1,4,3,1,0.4265783077571541,,958.6
11469,-4.300000000000001,0,4,3,1,0.4265783077571541,,958.7
11470,-4.300000000000001,0,4,3,1,0.4265783077571541,,958.7
11471,-4.300000000000001,0,4,3,1,0.4265783077571541,,958.8
11472,-0.30000000000000004,0,4,3,1,0.4265783077571541,,958.9
11473,-4.300000000000001,0,4,3,1,0.4265783077571541,,958.9
11474,-4.300000000000001,0,4,3,1,0.4265783077571541,,959.0
11475,-2.3000000000000003,0,4,3,1,0.4265783077571541,,959.1
11476,-4.300000000000001,0,4,3,1,0.4265783077571541,,959.1
11477,-4.300000000000001,0,4,3,1,0.4265783077571541,,959.2
11478,-4.300000000000001,0,4,3,1,0.4265783077571541,,959.3
11479,-2.3000000000000003,0,4,3,1,0.4265783077571541,,959.3
11480,-4.300000000000001,0,4,3,1,0.4265783077571541,,959.4
11481,-2.3000000000000003,0,4,3,1,0.4265783077571541,,959.4
11482,5.7,1,4,3,1,0.4265783077571541,,959.5
11483,5.7,1,4,3,1,0.4265783077571541,,959.5
11484,-0.30000000000000004,0,4,3,1,0.4265783077571541,,959.6
11485,-4.300000000000001,0,4,3,1,0.4265783077571541,,959.7
11486,-4.300000000000001,0,4,3,1,0.4265783077571541,,959.8
11487,5.7,1,4,3,1,0.4265783077571541,,959.8
11488,-4.300000000000001,0,4,3,1,0.4265783077571541,,959.9
11489,5.7,1,4,3,1,0.4265783077571541,,959.9
11490,-0.30000000000000004,0,4,3,1,0.4265783077571541,,960.0
11491,-0.30000000000000004,0,4,3,1,0.4265783077571541,,960.0
11492,-4.300000000000001,0,4,3,1,0.4265783077571541,,960.0
11493,5.7,1,4,3,1,0.4265783077571541,,960.1
11494,-0.30000000000000004,0,4,3,1,0.4265783077571541,,960.1
11495,-2.3000000000000003,0,4,3,1,0.4265783077571541,,960.2
11496,5.7,1,4,3,1,0.4265783077571541,,960.2
11497,-4.300000000000001,0,4,3,1,0.4265783077571541,,960.3
11498,-2.3000000000000003,0,4,3,1,0.4265783077571541,,960.4
11499,-2.3000000000000003,0,4,3,1,0.4265783077571541,,960.4
11500,-4.300000000000001,0,4,3,1,0.4265783077571541,,960.5
11501,5.7,1,4,3,1,0.4265783077571541,,965.5
11502,-4.300000000000001,0,4,3,1,0.4265783077571541,,965.6
11503,-0.30000000000000004,0,4,3,1,0.4265783077571541,,965.7
11504,5.7,1,4,3,1,0.4265783077571541,,965.7
11505,-4.300000000000001,0,4,3,1,0.4265783077571541,,965.8
11506,-4.300000000000001,0,4,3,1,0.4265783077571541,,965.9
11507,-4.300000000000001,0,4,3,1,0.4265783077571541,,966.0
11508,5.7,1,4,3,1,0.4265783077571541,,966.0
11509,-4.300000000000001,0,4,3,1,0.4265783077571541,,966.1
11510,-4.300000000000001,0,4,3,1,0.4265783077571541,,966.1
11511,-4.300000000000001,0,4,3,1,0.4265783077571541,,966.2
11512,-4.300000000000001,0,4,3,1,0.4265783077571541,,966.2
11513,-4.300000000000001,0,4,3,1,0.4265783077571541,,966.3
11514,-4.300000000000001,0,4,3,1,0.4265783077571541,,966.4
11515,-0.30000000000000004,0,4,3,1,0.4265783077571541,,966.5
11516,-4.300000000000001,0,4,3,1,0.4265783077571541,,966.5
11517,-4.300000000000001,0,4,3,1,0.4265783077571541,,966.6
11518,5.7,1,4,3,1,0.4265783077571541,,966.7
11519,-4.300000000000001,0,4,3,1,0.4265783077571541,,966.8
11520,-4.300000000000001,0,4,3,1,0.4265783077571541,,966.9
11521,-4.300000000000001,0,4,3,1,0.4265783077571541,,966.9
11522,-4.300000000000001,0,4,3,1,0.4265783077571541,,966.9
11523,5.7,1,4,3,1,0.4265783077571541,,967.0
11524,-4.300000000000001,0,4,3,1,0.4265783077571541,,967.1
11525,-4.300000000000001,0,4,3,1,0.4265783077571541,,967.1
11526,-2.3000000000000003,0,4,3,1,0.4265783077571541,,967.2
11527,-4.300000000000001,0,4,3,1,0.4265783077571541,,967.3
11528,-2.3000000000000003,0,4,3,1,0.4265783077571541,,967.4
11529,5.7,1,4,3,1,0.4265783077571541,,967.4
11530,-4.300000000000001,0,4,3,1,0.42419881955720484,2.0736610451713204,968.1
11531,-4.300000000000001,0,4,3,1,0.42419881955720484,,968.1
11532,-4.300000000000001,0,4,3,1,0.42419881955720484,,968.2
11533,5.7,1,4,3,1,0.42419881955720484,,968.3
11534,-4.300000000000001,0,4,3,1,0.42419881955720484,,968.4
11535,-4.300000000000001,0,4,3,1,0.42419881955720484,,968.5
11536,-2.3000000000000003,0,4,3,1,0.42419881955720484,,968.5
11537,-0.30000000000000004,0,4,3,1,0.42419881955720484,,968.6
11538,-2.3000000000000003,0,4,3,1,0.42419881955720484,,968.6
11539,-2.3000000000000003,0,4,3,1,0.42419881955720484,,968.7
11540,-4.300000000000001,0,4,3,1,0.42419881955720484,,968.8
11541,-4.300000000000001,0,4,3,1,0.42419881955720484,,968.9
11542,-4.300000000000001,0,4,3,1,0.42419881955720484,,968.9
11543,5.7,1,4,3,1,0.42419881955720484,,969.0
11544,-2.3000000000000003,0,4,3,1,0.42419881955720484,,969.1
11545,-4.300000000000001,0,4,3,1,0.42419881955720484,,969.2
11546,-4.300000000000001,0,4,3,1,0.42419881955720484,,969.2
11547,-4.300000000000001,0,4,3,1,0.42419881955720484,,969.3
11548,-0.30000000000000004,0,4,3,1,0.42419881955720484,,969.3
11549,-0.30000000000000004,0,4,3,1,0.42419881955720484,,969.4
11550,-2.3000000000000003,0,4,3,1,0.42419881955720484,,969.4
11551,-4.300000000000001,0,4,3,1,0.42419881955720484,,969.5
11552,-4.300000000000001,0,4,3,1,0.42419881955720484,,969.6
11553,-4.300000000000001,0,4,3,1,0.42419881955720484,,969.6
11554,5.7,1,4,3,1,0.42419881955720484,,969.7
11555,5.7,1,4,3,1,0.42419881955720484,,969.8
11556,5.7,1,4,3,1,0.42419881955720484,,969.8
11557,-4.300000000000001,0,4,3,1,0.42419881955720484,,969.9
11558,-4.300000000000001,0,4,3,1,0.42419881955720484,,969.9
11559,-2.3000000000000003,0,4,3,1,0.42419881955720484,,970.0
11560,-2.3000000000000003,0,4,3,1,0.42419881955720484,,970.0
11561,-4.300000000000001,0,4,3,1,0.42419881955720484,,970.1
11562,-0.30000000000000004,0,4,3,1,0.42419881955720484,,970.1
11563,-2.3000000000000003,0,4,3,1,0.42419881955720484,,970.2
11564,-4.300000000000001,0,4,3,1,0.42419881955720484,,970.2
11565,-2.3000000000000003,0,4,3,1,0.42419881955720484,,970.3
11566,-4.300000000000001,0,4,3,1,0.42419881955720484,,970.3
11567,-4.300000000000001,0,4,3,1,0.42419881955720484,,970.4
11568,-2.3000000000000003,0,4,3,1,0.42419881955720484,,970.5
11569,-4.300000000000001,0,4,3,1,0.42419881955720484,,970.6
11570,-2.3000000000000003,0,4,3,1,0.42419881955720484,,970.6
11571,-4.300000000000001,0,4,3,1,0.42419881955720484,,970.7
11572,-3.4000000000000004,0,5,4,1,0.42419881955720484,,970.7
11573,5.7,1,4,3,1,0.42419881955720484,,970.8
11574,-4.300000000000001,0,4,3,1,0.42419881955720484,,970.8
11575,-2.3000000000000003,0,4,3,1,0.42419881955720484,,970.9
11576,-2.3000000000000003,0,4,3,1,0.42419881955720484,,970.9
11577,-0.30000000000000004,0,4,3,1,0.42419881955720484,,971.0
11578,-4.300000000000001,0,4,3,1,0.42419881955720484,,971.1
11579,-4.300000000000001,0,4,3,1,0.42419881955720484,,971.1
11580,-4.300000000000001,0,4,3,1,0.42419881955720484,,971.2
11581,-4.300000000000001,0,4,3,1,0.42419881955720484,,971.2
11582,5.7,1,4,3,1,0.42419881955720484,,971.3
11583,-0.30000000000000004,0,4,3,1,0.42419881955720484,,971.3
11584,-4.300000000000001,0,4,3,1,0.42419881955720484,,971.4
11585,-4.300000000000001,0,4,3,1,0.42419881955720484,,971.4
11586,-4.6000000000000005,0,6,3,1,0.42419881955720484,,971.5
11587,-4.300000000000001,0,4,3,1,0.42419881955720484,,971.6
11588,-2.3000000000000003,0,4,3,1,0.42419881955720484,,971.6
11589,-4.300000000000001,0,4,3,1,0.42419881955720484,,971.7
11590,-4.300000000000001,0,4,3,1,0.42419881955720484,,971.8
11591,-4.300000000000001,0,4,3,1,0.42419881955720484,,971.8
11592,-4.300000000000001,0,4,3,1,0.42419881955720484,,971.9
11593,-2.3000000000000003,0,4,3,1,0.42419881955720484,,972.0
11594,5.7,1,4,3,1,0.42419881955720484,,972.0
11595,-2.3000000000000003,0,4,3,1,0.42419881955720484,,972.1
11596,-0.30000000000000004,0,4,3,1,0.42419881955720484,,972.1
11597,-0.30000000000000004,0,4,3,1,0.42419881955720484,,972.2
11598,-2.3000000000000003,0,4,3,1,0.42419881955720484,,972.2
11599,-2.3000000000000003,0,4,3,1,0.42419881955720484,,972.3
11600,5.7,1,4,3,1,0.42419881955720484,,972.4
11601,-5.4,0,5,4,1,0.42419881955720484,,972.4
11602,5.7,1,4,3,1,0.42419881955720484,,972.5
11603,-2.3000000000000003,0,4,3,1,0.42419881955720484,,972.6
11604,-4.300000000000001,0,4,3,1,0.42419881955720484,,972.6
11605,-4.300000000000001,0,4,3,1,0.42419881955720484,,972.7
11606,-2.3000000000000003,0,4,3,1,0.42419881955720484,,972.8
11607,-4.300000000000001,0,4,3,1,0.42419881955720484,,972.8
11608,5.7,1,4,3,1,0.42419881955720484,,972.9
11609,-4.300000000000001,0,4,3,1,0.42419881955720484,,972.9
11610,-0.30000000000000004,0,4,3,1,0.42419881955720484,,972.9
11611,-4.300000000000001,0,4,3,1,0.42419881955720484,,973.0
11612,5.7,1,4,3,1,0.42419881955720484,,973.1
11613,-4.300000000000001,0,4,3,1,0.42419881955720484,,973.1
11614,-4.300000000000001,0,4,3,1,0.42419881955720484,,973.2
11615,-3.6000000000000005,0,6,3,1,0.42419881955720484,,973.2
11616,-4.300000000000001,0,4,3,1,0.42419881955720484,,973.3
11617,-0.30000000000000004,0,4,3,1,0.42419881955720484,,973.4
11618,-4.300000000000001,0,4,3,1,0.42419881955720484,,973.4
11619,-4.300000000000001,0,4,3,1,0.42419881955720484,,973.5
11620,-4.300000000000001,0,4,3,1,0.42419881955720484,,973.5
11621,-4.300000000000001,0,4,3,1,0.42419881955720484,,973.6
11622,-4.300000000000001,0,4,3,1,0.42419881955720484,,973.7
11623,-4.300000000000001,0,4,3,1,0.42419881955720484,,973.7
11624,-4.300000000000001,0,4,3,1,0.42419881955720484,,973.8
11625,-4.300000000000001,0,4,3,1,0.42419881955720484,,973.9
11626,-0.30000000000000004,0,4,3,1,0.42419881955720484,,973.9
11627,-2.3000000000000003,0,4,3,1,0.42419881955720484,,974.0
11628,-4.300000000000001,0,4,3,1,0.42419881955720484,,974.1
11629,-0.30000000000000004,0,4,3,1,0.42419881955720484,,974.1
11630,-2.3000000000000003,0,4,3,1,0.42419881955720484,,974.2
11631,-4.300000000000001,0,4,3,1,0.42419881955720484,,974.2
11632,-4.300000000000001,0,4,3,1,0.42419881955720484,,974.3
11633,-2.3000000000000003,0,4,3,1,0.42419881955720484,,974.4
11634,-2.3000000000000003,0,4,3,1,0.42419881955720484,,974.4
11635,-4.300000000000001,0,4,3,1,0.42419881955720484,,974.5
11636,5.7,1,4,3,1,0.42419881955720484,,974.6
11637,-4.300000000000001,0,4,3,1,0.42419881955720484,,974.6
11638,5.7,1,4,3,1,0.42419881955720484,,974.6
11639,-4.300000000000001,0,4,3,1,0.42419881955720484,,974.7
11640,-4.300000000000001,0,4,3,1,0.42419881955720484,,974.8
11641,5.4,1,6,3,1,0.42419881955720484,,974.9
11642,-4.300000000000001,0,4,3,1,0.42419881955720484,,975.0
11643,-0.30000000000000004,0,4,3,1,0.42419881955720484,,975.0
11644,-4.300000000000001,0,4,3,1,0.42419881955720484,,975.0
11645,-4.300000000000001,0,4,3,1,0.42419881955720484,,975.1
11646,5.7,1,4,3,1,0.42419881955720484,,975.2
11647,-4.300000000000001,0,4,3,1,0.42419881955720484,,975.2
11648,-4.300000000000001,0,4,3,1,0.42419881955720484,,975.2
11649,-4.300000000000001,0,4,3,1,0.42419881955720484,,975.3
11650,5.7,1,4,3,1,0.42419881955720484,,975.3
11651,-4.300000000000001,0,4,3,1,0.42419881955720484,,975.4
11652,-4.300000000000001,0,4,3,1,0.42419881955720484,,975.5
11653,-4.300000000000001,0,4,3,1,0.42419881955720484,,975.5
11654,-4.300000000000001,0,4,3,1,0.42419881955720484,,975.6
11655,5.7,1,4,3,1,0.42419881955720484,,975.7
11656,-4.300000000000001,0,4,3,1,0.42419881955720484,,975.7
11657,5.7,1,4,3,1,0.42419881955720484,,975.8
11658,-4.300000000000001,0,4,3,1,0.42419881955720484,,975.8
11659,-4.300000000000001,0,4,3,1,0.42419881955720484,,975.9
11660,-4.300000000000001,0,4,3,1,0.42419881955720484,,976.0
11661,-4.300000000000001,0,4,3,1,0.42419881955720484,,976.1
11662,-4.300000000000001,0,4,3,1,0.42419881955720484,,976.1
11663,-4.300000000000001,0,4,3,1,0.42419881955720484,,976.1
11664,5.7,1,4,3,1,0.42419881955720484,,976.2
11665,-4.300000000000001,0,4,3,1,0.42419881955720484,,976.3
11666,-4.300000000000001,0,4,3,1,0.42419881955720484,,976.4
11667,-4.300000000000001,0,4,3,1,0.42419881955720484,,976.4
11668,-4.6000000000000005,0,6,3,1,0.42419881955720484,,976.5
11669,5.7,1,4,3,1,0.42419881955720484,,976.6
11670,-4.300000000000001,0,4,3,1,0.42419881955720484,,976.7
11671,-4.300000000000001,0,4,3,1,0.42419881955720484,,976.8
11672,-4.300000000000001,0,4,3,1,0.42419881955720484,,976.8
11673,-4.300000000000001,0,4,3,1,0.42419881955720484,,976.9
11674,-4.300000000000001,0,4,3,1,0.42419881955720484,,976.9
11675,-4.300000000000001,0,4,3,1,0.42419881955720484,,977.0
11676,-4.300000000000001,0,4,3,1,0.42419881955720484,,977.1
11677,-0.30000000000000004,0,4,3,1,0.42419881955720484,,977.2
11678,-2.3000000000000003,0,4,3,1,0.42419881955720484,,977.2
11679,-4.300000000000001,0,4,3,1,0.42419881955720484,,977.3
11680,-4.300000000000001,0,4,3,1,0.42419881955720484,,977.3
11681,-4.300000000000001,0,4,3,1,0.42419881955720484,,977.4
11682,-0.30000000000000004,0,4,3,1,0.42419881955720484,,977.4
11683,-4.300000000000001,0,4,3,1,0.42419881955720484,,977.4
11684,-4.300000000000001,0,4,3,1,0.42419881955720484,,977.5
11685,-0.30000000000000004,0,4,3,1,0.42419881955720484,,977.6
11686,-4.300000000000001,0,4,3,1,0.42419881955720484,,977.7
11687,5.7,1,4,3,1,0.42419881955720484,,977.7
11688,-4.300000000000001,0,4,3,1,0.42419881955720484,,977.8
11689,-4.300000000000001,0,4,3,1,0.42419881955720484,,977.9
11690,-4.300000000000001,0,4,3,1,0.42419881955720484,,977.9
11691,-0.30000000000000004,0,4,3,1,0.42419881955720484,,978.0
11692,-4.300000000000001,0,4,3,1,0.42419881955720484,,978.1
11693,-2.3000000000000003,0,4,3,1,0.42419881955720484,,978.1
11694,-2.3000000000000003,0,4,3,1,0.42419881955720484,,978.2
11695,5.7,1,4,3,1,0.42419881955720484,,978.2
11696,-4.300000000000001,0,4,3,1,0.42419881955720484,,978.3
11697,-2.3000000000000003,0,4,3,1,0.42419881955720484,,978.3
11698,-0.30000000000000004,0,4,3,1,0.42419881955720484,,978.4
11699,-4.300000000000001,0,4,3,1,0.42419881955720484,,978.4
11700,-4.300000000000001,0,4,3,1,0.42419881955720484,,978.5
11701,-4.300000000000001,0,4,3,1,0.42419881955720484,,978.6
11702,-2.3000000000000003,0,4,3,1,0.42419881955720484,,978.6
11703,-2.3000000000000003,0,4,3,1,0.42419881955720484,,978.7
11704,-4.300000000000001,0,4,3,1,0.42419881955720484,,978.8
11705,-4.300000000000001,0,4,3,1,0.42419881955720484,,978.8
11706,-2.3000000000000003,0,4,3,1,0.42419881955720484,,978.9
11707,-4.300000000000001,0,4,3,1,0.42419881955720484,,979.0
11708,5.7,1,4,3,1,0.42419881955720484,,979.1
11709,-4.300000000000001,0,4,3,1,0.42419881955720484,,979.2
11710,-2.3000000000000003,0,4,3,1,0.42419881955720484,,979.2
11711,-4.300000000000001,0,4,3,1,0.42419881955720484,,979.3
11712,5.7,1,4,3,1,0.42419881955720484,,979.3
11713,-4.300000000000001,0,4,3,1,0.42419881955720484,,979.4
11714,-4.300000000000001,0,4,3,1,0.42419881955720484,,979.4
11715,5.7,1,4,3,1,0.42419881955720484,,979.5
11716,-2.3000000000000003,0,4,3,1,0.42419881955720484,,979.6
11717,-0.30000000000000004,0,4,3,1,0.42419881955720484,,979.7
11718,-4.300000000000001,0,4,3,1,0.42419881955720484,,979.7
11719,-4.300000000000001,0,4,3,1,0.42419881955720484,,979.8
11720,5.7,1,4,3,1,0.42419881955720484,,979.9
11721,-2.3000000000000003,0,4,3,1,0.42419881955720484,,980.0
11722,-4.300000000000001,0,4,3,1,0.42419881955720484,,980.0
11723,-0.30000000000000004,0,4,3,1,0.42419881955720484,,980.1
11724,-4.300000000000001,0,4,3,1,0.42419881955720484,,980.1
11725,-5.4,0,5,4,1,0.42419881955720484,,980.3
11726,5.7,1,4,3,1,0.42419881955720484,,980.3
11727,-0.30000000000000004,0,4,3,1,0.42419881955720484,,980.4
11728,5.7,1,4,3,1,0.42419881955720484,,980.4
11729,-5.4,0,5,4,1,0.42419881955720484,,980.5
11730,-2.3000000000000003,0,4,3,1,0.42419881955720484,,980.6
11731,-4.300000000000001,0,4,3,1,0.42419881955720484,,980.7
11732,-4.300000000000001,0,4,3,1,0.42419881955720484,,980.8
11733,-4.300000000000001,0,4,3,1,0.42419881955720484,,980.8
11734,5.7,1,4,3,1,0.42419881955720484,,980.8
11735,5.7,1,4,3,1,0.42419881955720484,,980.9
11736,-2.3000000000000003,0,4,3,1,0.42419881955720484,,981.0
11737,-4.300000000000001,0,4,3,1,0.42419881955720484,,981.1
11738,-4.300000000000001,0,4,3,1,0.42419881955720484,,981.1
11739,-4.300000000000001,0,4,3,1,0.42419881955720484,,981.2
11740,-4.300000000000001,0,4,3,1,0.42419881955720484,,981.3
11741,-4.300000000000001,0,4,3,1,0.42419881955720484,,981.4
11742,-4.300000000000001,0,4,3,1,0.42419881955720484,,981.4
11743,-0.30000000000000004,0,4,3,1,0.42419881955720484,,981.4
11744,-4.300000000000001,0,4,3,1,0.42419881955720484,,981.5
11745,-0.30000000000000004,0,4,3,1,0.42419881955720484,,981.5
11746,-4.300000000000001,0,4,3,1,0.42419881955720484,,981.6
11747,-2.3000000000000003,0,4,3,1,0.42419881955720484,,981.7
11748,-0.30000000000000004,0,4,3,1,0.42419881955720484,,981.7
11749,-4.300000000000001,0,4,3,1,0.42419881955720484,,981.8
11750,-4.300000000000001,0,4,3,1,0.42419881955720484,,981.8
11751,-3.6000000000000005,0,6,3,1,0.42419881955720484,,981.8
11752,-4.300000000000001,0,4,3,1,0.42419881955720484,,981.9
11753,-4.300000000000001,0,4,3,1,0.42419881955720484,,982.0
11754,-4.300000000000001,0,4,3,1,0.42419881955720484,,982.0
11755,-4.300000000000001,0,4,3,1,0.42419881955720484,,982.1
11756,-4.300000000000001,0,4,3,1,0.42419881955720484,,982.1
11757,-2.3000000000000003,0,4,3,1,0.42419881955720484,,982.1
11758,-2.3000000000000003,0,4,3,1,0.42419881955720484,,982.2
11759,-4.300000000000001,0,4,3,1,0.42419881955720484,,982.3
11760,-0.30000000000000004,0,4,3,1,0.42419881955720484,,982.3
11761,-2.3000000000000003,0,4,3,1,0.42419881955720484,,982.4
11762,-4.300000000000001,0,4,3,1,0.42419881955720484,,982.4
11763,-0.30000000000000004,0,4,3,1,0.42419881955720484,,982.5
11764,5.7,1,4,3,1,0.42419881955720484,,982.6
11765,-4.300000000000001,0,4,3,1,0.42419881955720484,,982.6
11766,-0.30000000000000004,0,4,3,1,0.42419881955720484,,982.7
11767,-4.300000000000001,0,4,3,1,0.42419881955720484,,982.8
11768,-4.300000000000001,0,4,3,1,0.42419881955720484,,982.9
11769,-4.300000000000001,0,4,3,1,0.42419881955720484,,982.9
11770,-4.300000000000001,0,4,3,1,0.42419881955720484,,983.0
11771,5.7,1,4,3,1,0.42419881955720484,,983.1
11772,-2.3000000000000003,0,4,3,1,0.42419881955720484,,983.2
11773,5.7,1,4,3,1,0.42419881955720484,,983.2
11774,-4.6000000000000005,0,6,3,1,0.42419881955720484,,983.3
11775,-5.4,0,5,4,1,0.42419881955720484,,983.3
11776,-5.4,0,5,4,1,0.42419881955720484,,983.4
11777,-2.3000000000000003,0,4,3,1,0.42419881955720484,,983.4
11778,-2.3000000000000003,0,4,3,1,0.42419881955720484,,983.5
11779,-4.300000000000001,0,4,3,1,0.42419881955720484,,983.6
11780,-4.300000000000001,0,4,3,1,0.42419881955720484,,983.6
11781,-4.300000000000001,0,4,3,1,0.42419881955720484,,983.7
11782,-0.30000000000000004,0,4,3,1,0.42419881955720484,,983.8
11783,-4.300000000000001,0,4,3,1,0.42419881955720484,,983.8
11784,-0.30000000000000004,0,4,3,1,0.42419881955720484,,983.9
11785,-4.300000000000001,0,4,3,1,0.42419881955720484,,984.0
11786,-4.300000000000001,0,4,3,1,0.42419881955720484,,984.0
11787,-4.300000000000001,0,4,3,1,0.42419881955720484,,984.1
11788,-4.300000000000001,0,4,3,1,0.42419881955720484,,984.2
11789,-2.3000000000000003,0,4,3,1,0.42419881955720484,,984.2
11790,-4.300000000000001,0,4,3,1,0.42419881955720484,,984.3
11791,5.7,1,4,3,1,0.42419881955720484,,984.4
11792,-2.3000000000000003,0,4,3,1,0.42419881955720484,,984.4
11793,-4.300000000000001,0,4,3,1,0.42419881955720484,,984.5
11794,5.7,1,4,3,1,0.42419881955720484,,984.5
11795,-4.300000000000001,0,4,3,1,0.42419881955720484,,984.6
11796,-4.300000000000001,0,4,3,1,0.42419881955720484,,984.7
11797,-2.3000000000000003,0,4,3,1,0.42419881955720484,,984.7
11798,-4.300000000000001,0,4,3,1,0.42419881955720484,,984.8
11799,-0.30000000000000004,0,4,3,1,0.42419881955720484,,984.8
11800,-4.300000000000001,0,4,3,1,0.42419881955720484,,984.8
11801,-4.300000000000001,0,4,3,1,0.42419881955720484,,984.9
11802,-4.300000000000001,0,4,3,1,0.42419881955720484,,985.0
11803,5.7,1,4,3,1,0.42419881955720484,,985.0
11804,-5.4,0,5,4,1,0.42419881955720484,,985.1
11805,-4.300000000000001,0,4,3,1,0.42419881955720484,,985.2
11806,-4.300000000000001,0,4,3,1,0.42419881955720484,,985.3
11807,-4.300000000000001,0,4,3,1,0.42419881955720484,,985.3
11808,-4.300000000000001,0,4,3,1,0.42419881955720484,,985.4
11809,-4.300000000000001,0,4,3,1,0.42419881955720484,,985.4
11810,-0.30000000000000004,0,4,3,1,0.42419881955720484,,985.5
11811,5.7,1,4,3,1,0.42419881955720484,,985.6
11812,-2.3000000000000003,0,4,3,1,0.42419881955720484,,985.6
11813,-4.300000000000001,0,4,3,1,0.42419881955720484,,985.7
11814,-0.30000000000000004,0,4,3,1,0.42419881955720484,,985.8
11815,-4.300000000000001,0,4,3,1,0.42419881955720484,,985.8
11816,-0.30000000000000004,0,4,3,1,0.42419881955720484,,985.9
11817,-2.3000000000000003,0,4,3,1,0.42419881955720484,,985.9
11818,-4.300000000000001,0,4,3,1,0.42419881955720484,,985.9
11819,-4.300000000000001,0,4,3,1,0.42419881955720484,,986.0
11820,-4.300000000000001,0,4,3,1,0.42419881955720484,,986.1
11821,-2.6,0,6,3,1,0.42419881955720484,,986.1
11822,-2.3000000000000003,0,4,3,1,0.42419881955720484,,986.2
11823,-4.300000000000001,0,4,3,1,0.42419881955720484,,986.3
11824,-4.300000000000001,0,4,3,1,0.42419881955720484,,986.3
11825,-4.300000000000001,0,4,3,1,0.42419881955720484,,986.4
11826,-4.300000000000001,0,4,3,1,0.42419881955720484,,986.4
11827,-2.3000000000000003,0,4,3,1,0.42419881955720484,,986.5
11828,5.7,1,4,3,1,0.42419881955720484,,986.6
11829,-4.300000000000001,0,4,3,1,0.42419881955720484,,986.6
11830,5.7,1,4,3,1,0.42419881955720484,,986.7
11831,-4.300000000000001,0,4,3,1,0.42419881955720484,,986.8
11832,-4.300000000000001,0,4,3,1,0.42419881955720484,,986.8
11833,-4.300000000000001,0,4,3,1,0.42419881955720484,,986.9
11834,5.7,1,4,3,1,0.42419881955720484,,987.0
11835,-4.300000000000001,0,4,3,1,0.42419881955720484,,987.1
11836,-0.30000000000000004,0,4,3,1,0.42419881955720484,,987.2
11837,-4.300000000000001,0,4,3,1,0.42419881955720484,,987.2
11838,-4.300000000000001,0,4,3,1,0.42419881955720484,,987.3
11839,5.7,1,4,3,1,0.42419881955720484,,987.4
11840,-4.300000000000001,0,4,3,1,0.42419881955720484,,987.4
11841,5.7,1,4,3,1,0.42419881955720484,,987.5
11842,5.7,1,4,3,1,0.42419881955720484,,987.5
11843,5.7,1,4,3,1,0.42419881955720484,,987.6
11844,-4.300000000000001,0,4,3,1,0.42419881955720484,,987.6
11845,-4.300000000000001,0,4,3,1,0.42419881955720484,,987.7
11846,-4.300000000000001,0,4,3,1,0.42419881955720484,,987.8
11847,5.7,1,4,3,1,0.42419881955720484,,987.8
11848,5.7,1,4,3,1,0.42419881955720484,,987.9
11849,-2.3000000000000003,0,4,3,1,0.42419881955720484,,988.0
11850,-4.300000000000001,0,4,3,1,0.42419881955720484,,988.0
11851,-4.300000000000001,0,4,3,1,0.42419881955720484,,988.1
11852,-4.300000000000001,0,4,3,1,0.42419881955720484,,988.2
11853,-4.300000000000001,0,4,3,1,0.42419881955720484,,988.2
11854,-4.300000000000001,0,4,3,1,0.42419881955720484,,988.3
11855,-4.300000000000001,0,4,3,1,0.42419881955720484,,988.4
11856,-4.300000000000001,0,4,3,1,0.42419881955720484,,988.4
11857,-4.300000000000001,0,4,3,1,0.42419881955720484,,988.5
11858,-4.300000000000001,0,4,3,1,0.42419881955720484,,988.5
11859,-4.300000000000001,0,4,3,1,0.42419881955720484,,988.6
11860,-4.300000000000001,0,4,3,1,0.42419881955720484,,988.6
11861,5.7,1,4,3,1,0.42419881955720484,,988.7
11862,-4.300000000000001,0,4,3,1,0.42419881955720484,,988.7
11863,-4.300000000000001,0,4,3,1,0.42419881955720484,,988.7
11864,-4.300000000000001,0,4,3,1,0.42419881955720484,,988.8
11865,-4.300000000000001,0,4,3,1,0.42419881955720484,,988.9
11866,-2.3000000000000003,0,4,3,1,0.42419881955720484,,989.0
11867,-2.3000000000000003,0,4,3,1,0.42419881955720484,,989.0
11868,-4.300000000000001,0,4,3,1,0.42419881955720484,,989.1
11869,-4.300000000000001,0,4,3,1,0.42419881955720484,,989.1
11870,-4.300000000000001,0,4,3,1,0.42419881955720484,,989.2
11871,-4.300000000000001,0,4,3,1,0.42419881955720484,,989.3
11872,5.7,1,4,3,1,0.42419881955720484,,989.3
11873,-4.300000000000001,0,4,3,1,0.42419881955720484,,989.4
11874,-4.300000000000001,0,4,3,1,0.42419881955720484,,989.4
11875,-2.3000000000000003,0,4,3,1,0.42419881955720484,,989.5
11876,-4.300000000000001,0,4,3,1,0.42419881955720484,,989.5
11877,5.7,1,4,3,1,0.42419881955720484,,989.6
11878,-4.300000000000001,0,4,3,1,0.42419881955720484,,989.6
11879,-0.30000000000000004,0,4,3,1,0.42419881955720484,,989.7
11880,-4.300000000000001,0,4,3,1,0.42419881955720484,,989.7
11881,5.7,1,4,3,1,0.42419881955720484,,989.8
11882,-4.300000000000001,0,4,3,1,0.42419881955720484,,989.9
11883,-4.300000000000001,0,4,3,1,0.42419881955720484,,990.0
11884,-4.300000000000001,0,4,3,1,0.42419881955720484,,990.0
11885,-4.300000000000001,0,4,3,1,0.42419881955720484,,990.1
11886,-4.6000000000000005,0,6,3,1,0.42419881955720484,,990.1
11887,-2.3000000000000003,0,4,3,1,0.42419881955720484,,990.2
11888,-4.300000000000001,0,4,3,1,0.42419881955720484,,990.2
11889,5.7,1,4,3,1,0.42419881955720484,,990.3
11890,-4.300000000000001,0,4,3,1,0.42419881955720484,,990.4
11891,-4.300000000000001,0,4,3,1,0.42419881955720484,,990.4
11892,-4.300000000000001,0,4,3,1,0.42419881955720484,,990.5
11893,-4.300000000000001,0,4,3,1,0.42419881955720484,,990.5
11894,-4.300000000000001,0,4,3,1,0.42419881955720484,,990.7
11895,-4.300000000000001,0,4,3,1,0.42419881955720484,,990.7
11896,-4.300000000000001,0,4,3,1,0.42419881955720484,,990.7
11897,-4.300000000000001,0,4,3,1,0.42419881955720484,,990.8
11898,-4.300000000000001,0,4,3,1,0.42419881955720484,,990.9
11899,-0.30000000000000004,0,4,3,1,0.42419881955720484,,991.0
11900,-4.300000000000001,0,4,3,1,0.42419881955720484,,991.1
11901,-4.300000000000001,0,4,3,1,0.42419881955720484,,991.1
11902,5.7,1,4,3,1,0.42419881955720484,,991.2
11903,-0.30000000000000004,0,4,3,1,0.42419881955720484,,991.2
11904,-4.300000000000001,0,4,3,1,0.42419881955720484,,991.3
11905,-4.300000000000001,0,4,3,1,0.42419881955720484,,991.3
11906,-4.300000000000001,0,4,3,1,0.42419881955720484,,991.4
11907,-4.300000000000001,0,4,3,1,0.42419881955720484,,991.5
11908,5.7,1,4,3,1,0.42419881955720484,,991.5
11909,5.7,1,4,3,1,0.42419881955720484,,991.6
11910,-4.300000000000001,0,4,3,1,0.42419881955720484,,991.7
11911,-2.3000000000000003,0,4,3,1,0.42419881955720484,,991.7
11912,-4.300000000000001,0,4,3,1,0.42419881955720484,,991.8
11913,5.7,1,4,3,1,0.42419881955720484,,991.8
11914,-4.300000000000001,0,4,3,1,0.42419881955720484,,991.9
11915,-4.300000000000001,0,4,3,1,0.42419881955720484,,992.0
11916,-0.30000000000000004,0,4,3,1,0.42419881955720484,,992.1
11917,-5.6000000000000005,0,6,3,1,0.42419881955720484,,992.1
11918,-4.300000000000001,0,4,3,1,0.42419881955720484,,992.2
11919,5.7,1,4,3,1,0.42419881955720484,,992.2
11920,-4.300000000000001,0,4,3,1,0.42419881955720484,,992.3
11921,5.7,1,4,3,1,0.42419881955720484,,992.4
11922,-4.300000000000001,0,4,3,1,0.42419881955720484,,992.5
11923,-0.30000000000000004,0,4,3,1,0.42419881955720484,,992.5
11924,-2.6,0,6,3,1,0.42419881955720484,,992.6
11925,5.7,1,4,3,1,0.42419881955720484,,992.6
11926,-4.300000000000001,0,4,3,1,0.42419881955720484,,992.7
11927,5.7,1,4,3,1,0.42419881955720484,,992.7
11928,-4.6000000000000005,0,6,3,1,0.42419881955720484,,992.8
11929,-4.300000000000001,0,4,3,1,0.42419881955720484,,992.9
11930,-4.300000000000001,0,4,3,1,0.42419881955720484,,992.9
11931,-0.30000000000000004,0,4,3,1,0.42419881955720484,,992.9
11932,-4.300000000000001,0,4,3,1,0.42419881955720484,,993.0
11933,-2.3000000000000003,0,4,3,1,0.42419881955720484,,993.0
11934,-4.300000000000001,0,4,3,1,0.42419881955720484,,993.1
11935,-4.300000000000001,0,4,3,1,0.42419881955720484,,993.1
11936,-2.3000000000000003,0,4,3,1,0.42419881955720484,,993.2
11937,-4.300000000000001,0,4,3,1,0.42419881955720484,,993.3
11938,-4.300000000000001,0,4,3,1,0.42419881955720484,,993.3
11939,-4.300000000000001,0,4,3,1,0.42419881955720484,,993.4
11940,5.7,1,4,3,1,0.42419881955720484,,993.5
11941,-4.300000000000001,0,4,3,1,0.42419881955720484,,993.6
11942,-4.300000000000001,0,4,3,1,0.42419881955720484,,993.7
11943,-4.300000000000001,0,4,3,1,0.42419881955720484,,993.7
11944,-4.300000000000001,0,4,3,1,0.42419881955720484,,993.8
11945,-4.300000000000001,0,4,3,1,0.42419881955720484,,993.8
11946,-4.300000000000001,0,4,3,1,0.42419881955720484,,993.9
11947,-2.3000000000000003,0,4,3,1,0.42419881955720484,,994.0
11948,-4.300000000000001,0,4,3,1,0.42419881955720484,,994.0
11949,-4.300000000000001,0,4,3,1,0.42419881955720484,,994.1
11950,-4.300000000000001,0,4,3,1,0.42419881955720484,,994.1
11951,-4.300000000000001,0,4,3,1,0.42419881955720484,,994.2
11952,-4.300000000000001,0,4,3,1,0.42419881955720484,,994.2
11953,5.7,1,4,3,1,0.42419881955720484,,994.3
11954,-4.300000000000001,0,4,3,1,0.42419881955720484,,994.4
11955,-4.300000000000001,0,4,3,1,0.42419881955720484,,994.5
11956,-4.300000000000001,0,4,3,1,0.42419881955720484,,994.5
11957,-0.30000000000000004,0,4,3,1,0.42419881955720484,,994.6
11958,-4.300000000000001,0,4,3,1,0.42419881955720484,,994.7
11959,-2.3000000000000003,0,4,3,1,0.42419881955720484,,994.8
11960,-4.300000000000001,0,4,3,1,0.42419881955720484,,994.9
11961,-4.300000000000001,0,4,3,1,0.42419881955720484,,994.9
11962,-4.300000000000001,0,4,3,1,0.42419881955720484,,995.0
11963,-4.300000000000001,0,4,3,1,0.42419881955720484,,995.1
11964,-0.30000000000000004,0,4,3,1,0.42419881955720484,,995.2
11965,-4.300000000000001,0,4,3,1,0.42419881955720484,,995.2
11966,-4.300000000000001,0,4,3,1,0.42419881955720484,,995.3
11967,-4.300000000000001,0,4,3,1,0.42419881955720484,,995.3
11968,-1.6,0,6,3,1,0.42419881955720484,,995.4
11969,5.7,1,4,3,1,0.42419881955720484,,995.4
11970,-5.4,0,5,4,1,0.42419881955720484,,995.5
11971,-0.30000000000000004,0,4,3,1,0.42419881955720484,,995.6
11972,-2.3000000000000003,0,4,3,1,0.42419881955720484,,995.6
11973,-5.6000000000000005,0,6,3,1,0.42419881955720484,,995.7
11974,5.7,1,4,3,1,0.42419881955720484,,995.7
11975,-4.300000000000001,0,4,3,1,0.42419881955720484,,995.8
11976,0.6000000000000001,0,5,4,1,0.42419881955720484,,995.9
11977,-4.300000000000001,0,4,3,1,0.42419881955720484,,996.0
11978,-4.300000000000001,0,4,3,1,0.42419881955720484,,996.0
11979,5.7,1,4,3,1,0.42419881955720484,,996.1
11980,-4.300000000000001,0,4,3,1,0.42419881955720484,,996.2
11981,-4.300000000000001,0,4,3,1,0.42419881955720484,,996.2
11982,-2.3000000000000003,0,4,3,1,0.42419881955720484,,996.3
11983,5.7,1,4,3,1,0.42419881955720484,,996.3
11984,-4.300000000000001,0,4,3,1,0.42419881955720484,,996.4
11985,-4.300000000000001,0,4,3,1,0.42419881955720484,,996.5
11986,5.7,1,4,3,1,0.42419881955720484,,996.5
11987,-4.300000000000001,0,4,3,1,0.42419881955720484,,996.5
11988,5.7,1,4,3,1,0.42419881955720484,,996.6
11989,-4.300000000000001,0,4,3,1,0.42419881955720484,,996.7
11990,5.7,1,4,3,1,0.42419881955720484,,996.8
11991,-4.6,0,6,3,1,0.42419881955720484,,996.8
11992,-4.300000000000001,0,4,3,1,0.42419881955720484,,996.9
11993,-4.300000000000001,0,4,3,1,0.42419881955720484,,996.9
11994,-4.300000000000001,0,4,3,1,0.42419881955720484,,997.0
11995,-0.30000000000000004,0,4,3,1,0.42419881955720484,,997.1
11996,-4.300000000000001,0,4,3,1,0.42419881955720484,,997.2
11997,5.7,1,4,3,1,0.42419881955720484,,997.2
11998,5.7,1,4,3,1,0.42419881955720484,,997.3
11999,-4.300000000000001,0,4,3,1,0.42419881955720484,,997.4
