episode,return,success,steps,final_depth,committed,explore,loss,wall
0,-5.6000000000000005,0,6,3,1,0.0,,0.7
1,-2.7,0,7,4,1,0.0,,0.8
2,-6.700000000000001,0,7,4,1,0.0,,0.9
3,-6.800000000000001,0,12,0,0,0.0,,1.1
4,-6.700000000000001,0,7,4,1,0.0,,1.2
5,-11.6,0,12,4,0,0.0,,1.3
6,-6.700000000000001,0,7,4,1,0.0,,1.4
7,-5.4,0,5,4,1,0.0,,1.5
8,-1.4000000000000001,0,5,4,1,0.0,,1.5
9,-4.300000000000001,0,4,3,1,0.0,,1.6
10,-5.4,0,5,4,1,0.0,,1.7
11,-6.700000000000001,0,7,4,1,0.0,,1.8
12,-8.000000000000002,0,9,4,1,0.0,,1.9
13,-3.6,0,6,3,1,0.0,,2.0
14,-1.7000000000000002,0,7,4,1,0.0,,2.1
15,-4.300000000000001,0,4,3,1,0.0,,2.1
16,-7.299999999999999,0,11,4,1,0.0,,2.3
17,-5.300000000000001,0,11,4,1,0.0,,2.3
18,-4.300000000000001,0,4,3,1,0.0,,2.4
19,-3.7,0,7,4,1,0.0,,2.5
20,-7.000000000000001,0,9,4,1,0.0,,2.6
21,-6.9,0,8,3,1,0.0,,2.7
22,-8.300000000000002,0,11,4,1,0.0,,2.8
23,-3.4000000000000004,0,5,4,1,0.0,,2.8
24,-10.600000000000001,0,12,4,0,0.0,,3.0
25,-8.0,0,9,4,1,0.0,,3.0
26,-9.3,0,11,4,1,0.0,,3.2
27,-8.600000000000001,0,12,4,0,0.0,,3.3
28,-7.300000000000001,0,11,4,1,0.0,,3.4
29,-4.9,0,8,3,1,0.0,,3.5
30,-4.6000000000000005,0,6,3,1,0.0,,3.6
31,-7.0,0,9,4,1,0.0,,3.7
32,-5.4,0,5,4,1,0.0,,3.8
33,-5.4,0,5,4,1,0.0,,3.9
34,-2.000000000000001,0,9,4,1,0.0,,4.0
35,-5.4,0,5,4,1,0.0,,4.1
36,-5.4,0,5,4,1,0.0,,4.2
37,-4.6000000000000005,0,6,3,1,0.0,,4.3
38,-7.300000000000001,0,11,4,1,0.0,,4.4
39,4.1,1,8,3,1,0.0,,4.5
40,-5.4,0,5,4,1,0.0,,4.6
41,-12.600000000000001,0,12,4,0,0.0,,4.7
42,-4.300000000000001,0,4,3,1,0.0,,4.8
43,-2.7,0,7,4,1,0.0,,4.9
44,-6.000000000000001,0,9,4,1,0.0,,5.0
45,-8.700000000000001,0,12,2,0,0.0,,5.1
46,-5.4,0,5,4,1,0.0,,5.1
47,-4.700000000000001,0,7,4,1,0.0,,5.3
48,-5.6000000000000005,0,6,3,1,0.0,,5.3
49,-8.3,0,11,4,1,0.0,,5.5
50,-5.4,0,5,4,1,0.0,,5.6
51,-5.4,0,5,4,1,0.0,,5.7
52,-5.4,0,5,4,1,0.0,,5.7
53,-12.600000000000001,0,12,4,0,0.0,,5.9
54,-8.0,0,9,4,1,0.0,,6.0
55,-1.4000000000000001,0,5,4,1,0.0,,6.1
56,-7.0,0,9,4,1,0.0,,6.2
57,-6.700000000000001,0,7,4,1,0.0,,6.3
58,-5.4,0,5,4,1,0.0,,6.3
59,-5.000000000000001,0,9,4,1,0.0,,6.5
60,-6.300000000000001,0,11,4,1,0.0,,6.5
61,-8.200000000000001,0,10,3,1,0.0,,6.7
62,-1.4000000000000001,0,5,4,1,0.0,,6.7
63,-3.6000000000000005,0,6,3,1,0.0,,6.8
64,-5.4,0,5,4,1,0.0,,6.9
65,-5.4,0,5,4,1,0.0,,7.0
66,-9.500000000000002,0,12,3,1,0.0,,7.1
67,-6.3,0,11,4,1,0.0,,7.2
68,-5.4,0,5,4,1,0.0,,7.3
69,-4.6,0,6,3,1,0.0,,7.4
70,-9.6,0,12,4,0,0.0,,7.5
71,-5.4,0,5,4,1,0.0,,7.6
72,-6.700000000000001,0,7,4,1,0.0,,7.6
73,-4.700000000000001,0,7,4,1,0.0,,7.7
74,-8.3,0,11,4,1,0.0,,7.8
75,-5.9,0,8,3,1,0.0,,7.9
76,-5.4,0,5,4,1,0.0,,8.0
77,-6.700000000000001,0,7,4,1,0.0,,8.1
78,-4.700000000000001,0,7,4,1,0.0,,8.2
79,-5.700000000000001,0,7,4,1,0.0,,8.3
80,-5.4,0,5,4,1,0.0,,8.4
81,-6.700000000000001,0,7,4,1,0.0,,8.5
82,-4.6000000000000005,0,6,3,1,0.0,,8.6
83,-7.500000000000001,0,12,3,1,0.0,,8.7
84,-4.2,0,10,3,1,0.0,,8.8
85,-4.6000000000000005,0,6,3,1,0.0,,8.9
86,-6.700000000000001,0,7,4,1,0.0,,9.0
87,-9.3,0,11,4,1,0.0,,9.1
88,-7.000000000000001,0,9,4,1,0.0,,9.2
89,-9.600000000000001,0,12,4,0,0.0,,9.3
90,-6.900000000000001,0,8,3,1,0.0,,9.4
91,-6.700000000000001,0,7,4,1,0.0,,9.5
92,-7.500000000000001,0,12,3,1,0.0,,9.6
93,-8.0,0,9,4,1,0.0,,9.7
94,-7.0,0,9,4,1,0.0,,9.8
95,-5.4,0,5,4,1,0.0,,9.9
96,-5.4,0,5,4,1,0.0,,10.0
97,-5.4,0,5,4,1,0.0,,10.1
98,-3.6000000000000005,0,6,3,1,0.0,,10.1
99,-3.5000000000000004,0,12,3,1,0.0,,10.3
100,-4.700000000000001,0,7,4,1,0.0,,10.4
101,-10.700000000000001,0,12,2,0,0.0,,10.5
102,-3.0,0,9,4,1,0.0,,10.5
103,-12.6,0,12,4,0,0.0,,10.7
104,-7.3,0,11,4,1,0.0,,10.8
105,-8.700000000000003,0,12,2,0,0.0,,10.9
106,-4.300000000000001,0,4,3,1,0.0,,11.0
107,-5.4,0,5,4,1,0.0,,11.0
108,-5.4,0,5,4,1,0.0,,11.1
109,-7.000000000000002,0,9,4,1,0.0,,11.2
110,-11.6,0,12,4,0,0.0,,11.3
111,-7.000000000000001,0,9,4,1,0.0,,11.4
112,-9.6,0,12,4,0,0.0,,11.5
113,-0.30000000000000004,0,4,3,1,0.0,,11.6
114,-5.6000000000000005,0,6,3,1,0.0,,11.7
115,-11.7,0,12,2,0,0.0,,11.8
116,-4.300000000000001,0,4,3,1,0.0,,11.9
117,-10.6,0,12,4,0,0.0,,12.0
118,-6.700000000000001,0,7,4,1,0.0,,12.1
119,-9.3,0,11,4,1,0.0,,12.2
120,-8.600000000000001,0,12,4,0,0.0,,12.3
121,-8.5,0,12,3,1,0.0,,12.4
122,-9.3,0,11,4,1,0.0,,12.6
123,-6.500000000000001,0,12,3,1,0.0,,12.7
124,-7.0,0,9,4,1,0.0,,12.8
125,-9.5,0,12,3,1,0.0,,12.9
126,-2.3000000000000003,0,4,3,1,0.0,,13.0
127,-11.600000000000001,0,12,4,0,0.0,,13.1
128,-5.4,0,5,4,1,0.0,,13.1
129,-5.4,0,5,4,1,0.0,,13.2
130,-2.3000000000000003,0,4,3,1,0.0,,13.3
131,-5.6000000000000005,0,6,3,1,0.0,,13.4
132,-10.6,0,12,4,0,0.0,,13.5
133,-5.4,0,5,4,1,0.0,,13.6
134,-5.4,0,5,4,1,0.0,,13.7
135,-5.700000000000001,0,7,4,1,0.0,,13.8
136,-6.200000000000001,0,10,3,1,0.0,,13.9
137,-10.600000000000001,0,12,4,0,0.0,,14.0
138,-5.4,0,5,4,1,0.0,,14.1
139,-6.700000000000001,0,7,4,1,0.0,,14.2
140,-9.700000000000001,0,12,2,0,0.0,,14.3
141,-2.6,0,6,3,1,0.0,,14.4
142,-4.300000000000001,0,4,3,1,0.0,,14.5
143,-5.4,0,5,4,1,0.0,,14.5
144,-6.700000000000001,0,7,4,1,0.0,,14.6
145,-8.0,0,9,4,1,0.0,,14.8
146,-6.700000000000001,0,7,4,1,0.0,,14.9
147,-3.4000000000000004,0,5,4,1,0.0,,14.9
148,-5.0,0,9,4,1,0.0,,15.0
149,-5.200000000000001,0,10,3,1,0.0,,15.1
150,-4.700000000000001,0,7,4,1,0.0,,15.2
151,-2.7,0,7,4,1,0.0,,15.3
152,-6.000000000000001,0,9,4,1,0.0,,15.4
153,-6.700000000000001,0,7,4,1,0.0,,15.5
154,-11.600000000000001,0,12,4,0,0.0,,15.7
155,-6.700000000000001,0,7,4,1,0.0,,15.8
156,-4.300000000000001,0,4,3,1,0.0,,15.9
157,-7.300000000000001,0,11,4,1,0.0,,16.0
158,-7.000000000000001,0,9,4,1,0.0,,16.1
159,-5.4,0,5,4,1,0.0,,16.2
160,-4.700000000000001,0,7,4,1,0.0,,16.3
161,-4.700000000000001,0,7,4,1,0.0,,16.4
162,-6.700000000000001,0,7,4,1,0.0,,16.5
163,-6.700000000000001,0,7,4,1,0.0,,16.5
164,-5.4,0,5,4,1,0.0,,16.6
165,-6.900000000000001,0,8,3,1,0.0,,16.7
166,-8.6,0,12,4,0,0.0,,16.8
167,-6.700000000000001,0,7,4,1,0.0,,16.9
168,-8.3,0,11,4,1,0.0,,17.1
169,-6.700000000000001,0,7,4,1,0.0,,17.2
170,-9.5,0,12,3,1,0.0,,17.3
171,-5.700000000000001,0,7,4,1,0.0,,17.3
172,-5.4,0,5,4,1,0.0,,17.4
173,-4.700000000000001,0,7,4,1,0.0,,17.5
174,-9.3,0,11,4,1,0.0,,17.6
175,-8.7,0,12,2,0,0.0,,17.8
176,-5.4,0,5,4,1,0.0,,17.8
177,-6.000000000000001,0,9,4,1,0.0,,18.0
178,-2.3000000000000003,0,4,3,1,0.0,,18.0
179,-5.4,0,5,4,1,0.0,,18.1
180,-7.0,0,9,4,1,0.0,,18.2
181,-9.5,0,12,3,1,0.0,,18.3
182,-5.4,0,5,4,1,0.0,,18.4
183,-4.7,0,7,4,1,0.0,,18.5
184,-4.0,0,9,4,1,0.0,,18.6
185,-9.600000000000001,0,12,4,0,0.0,,18.8
186,-2.0,0,9,4,1,0.0,,18.9
187,-5.4,0,5,4,1,0.0,,19.0
188,-5.4,0,5,4,1,0.0,,19.1
189,-4.300000000000001,0,4,3,1,0.0,,19.2
190,-11.600000000000001,0,12,4,0,0.0,,19.3
191,-8.3,0,11,4,1,0.0,,19.4
192,-9.500000000000002,0,12,3,1,0.0,,19.5
193,-8.000000000000002,0,9,4,1,0.0,,19.6
194,-4.700000000000001,0,7,4,1,0.0,,19.7
195,-5.4,0,5,4,1,0.0,,19.8
196,-5.4,0,5,4,1,0.0,,19.9
197,-5.4,0,5,4,1,0.0,,20.0
198,-5.700000000000001,0,7,4,1,0.0,,20.0
199,-6.700000000000001,0,7,4,1,0.0,,20.1
200,-8.200000000000003,0,10,3,1,0.0,,20.2
201,-2.0,0,9,4,1,0.0,,20.3
202,-9.600000000000001,0,12,4,0,0.0,,20.5
203,-3.4000000000000004,0,5,4,1,0.0,,20.6
204,-9.700000000000001,0,12,2,0,0.0,,20.7
205,-6.6,0,12,4,0,0.0,,20.7
206,-3.7,0,7,4,1,0.0,,20.8
207,-3.9000000000000004,0,8,3,1,0.0,,20.9
208,-4.300000000000001,0,4,3,1,0.0,,21.0
209,-5.700000000000001,0,7,4,1,0.0,,21.1
210,-11.7,0,12,2,0,0.0,,21.2
211,-8.5,0,12,3,1,0.0,,21.3
212,-4.9,0,8,3,1,0.0,,21.4
213,-6.700000000000001,0,7,4,1,0.0,,21.5
214,-11.6,0,12,4,0,0.0,,21.7
215,-5.4,0,5,4,1,0.0,,21.8
216,-8.700000000000003,0,12,2,0,0.0,,21.9
217,-9.600000000000001,0,12,4,0,0.0,,22.0
218,-9.7,0,12,2,0,0.0,,22.1
219,-9.700000000000001,0,12,2,0,0.0,,22.3
220,-6.700000000000001,0,7,4,1,0.0,,22.4
221,-5.500000000000001,0,12,3,1,0.0,,22.5
222,-9.300000000000002,0,11,4,1,0.0,,22.6
223,-7.0,0,9,4,1,0.0,,22.7
224,-5.4,0,5,4,1,0.0,,22.8
225,-2.7,0,7,4,1,0.0,,22.9
226,-9.5,0,12,3,1,0.0,,23.0
227,-7.6,0,12,4,0,0.0,,23.1
228,-12.600000000000001,0,12,4,0,0.0,,23.2
229,-5.6000000000000005,0,6,3,1,0.0,,23.3
230,-6.900000000000001,0,8,3,1,0.0,,23.5
231,-4.300000000000001,0,4,3,1,0.0,,23.6
232,-3.4000000000000004,0,5,4,1,0.0,,23.7
233,-8.600000000000001,0,12,4,0,0.0,,23.8
234,-4.6,0,6,3,1,0.0,,23.9
235,-4.300000000000001,0,4,3,1,0.0,,23.9
236,-5.4,0,5,4,1,0.0,,24.0
237,-5.300000000000001,0,11,4,1,0.0,,24.2
238,-7.0,0,9,4,1,0.0,,24.2
239,-4.700000000000001,0,7,4,1,0.0,,24.4
240,-10.600000000000001,0,12,4,0,0.0,,24.5
241,-10.600000000000001,0,12,4,0,0.0,,24.6
242,-5.4,0,5,4,1,0.0,,24.7
243,-4.9,0,8,3,1,0.0,,24.9
244,-5.300000000000001,0,11,4,1,0.0,,25.0
245,-4.700000000000001,0,7,4,1,0.0,,25.1
246,-5.4,0,5,4,1,0.0,,25.2
247,-5.6000000000000005,0,6,3,1,0.0,,25.3
248,-7.6,0,12,4,0,0.0,,25.3
249,-6.900000000000001,0,8,3,1,0.0,,25.4
250,-5.4,0,5,4,1,0.0,,25.5
251,-7.0,0,9,4,1,0.0,,25.6
252,-7.700000000000001,0,12,2,0,0.0,,25.7
253,-8.000000000000002,0,9,4,1,1.447210724465549,0.8193100306671113,26.7
254,-5.4,0,5,4,1,1.447210724465549,,26.8
255,-5.4,0,5,4,1,1.447210724465549,,26.9
256,-5.200000000000001,0,10,3,1,1.447210724465549,,26.9
257,-6.700000000000001,0,7,4,1,1.447210724465549,,27.0
258,-5.6000000000000005,0,6,3,1,1.447210724465549,,27.1
259,-4.9,0,8,3,1,1.447210724465549,,27.2
260,-7.700000000000001,0,12,2,0,1.447210724465549,,27.3
261,-5.6000000000000005,0,6,3,1,1.447210724465549,,27.4
262,-6.0,0,9,4,1,1.447210724465549,,27.5
263,-10.7,0,12,2,0,1.447210724465549,,27.7
264,-5.4,0,5,4,1,1.447210724465549,,27.8
265,-7.700000000000001,0,12,2,0,1.447210724465549,,27.9
266,-10.600000000000001,0,12,4,0,1.447210724465549,,28.0
267,-5.4,0,5,4,1,1.447210724465549,,28.1
268,-5.4,0,5,4,1,1.447210724465549,,28.2
269,-5.4,0,5,4,1,1.447210724465549,,28.3
270,-3.4000000000000004,0,5,4,1,1.447210724465549,,28.4
271,-4.200000000000001,0,10,3,1,1.447210724465549,,28.5
272,-3.4000000000000004,0,5,4,1,1.447210724465549,,28.6
273,-5.4,0,5,4,1,1.447210724465549,,28.6
274,-3.4000000000000004,0,5,4,1,1.447210724465549,,28.7
275,-6.0,0,9,4,1,1.447210724465549,,28.8
276,5.7,1,4,3,1,1.447210724465549,,28.9
277,-4.300000000000001,0,4,3,1,1.447210724465549,,29.0
278,-5.6000000000000005,0,6,3,1,1.447210724465549,,29.0
279,-6.900000000000001,0,8,3,1,1.447210724465549,,29.2
280,-4.300000000000001,0,4,3,1,1.447210724465549,,29.3
281,-9.600000000000001,0,12,4,0,1.447210724465549,,29.4
282,-5.4,0,5,4,1,1.447210724465549,,29.5
283,-5.4,0,5,4,1,1.447210724465549,,29.6
284,-8.0,0,9,4,1,1.447210724465549,,29.7
285,-6.900000000000001,0,8,3,1,1.447210724465549,,29.8
286,-5.9,0,8,3,1,1.447210724465549,,29.9
287,-12.600000000000001,0,12,4,0,1.447210724465549,,30.0
288,-8.0,0,9,4,1,1.447210724465549,,30.1
289,-7.5,0,12,3,1,1.447210724465549,,30.3
290,-8.700000000000001,0,12,2,0,1.447210724465549,,30.4
291,-7.200000000000001,0,10,3,1,1.447210724465549,,30.5
292,-11.700000000000003,0,12,2,0,1.447210724465549,,30.6
293,-7.200000000000001,0,10,3,1,1.447210724465549,,30.7
294,-2.7,0,7,4,1,1.447210724465549,,30.8
295,-5.4,0,5,4,1,1.447210724465549,,30.9
296,-6.700000000000001,0,7,4,1,1.447210724465549,,30.9
297,-5.4,0,5,4,1,1.447210724465549,,31.0
298,-3.4000000000000004,0,5,4,1,1.447210724465549,,31.2
299,-5.4,0,5,4,1,1.447210724465549,,31.2
300,-5.4,0,5,4,1,1.447210724465549,,31.3
301,-7.700000000000001,0,12,2,0,1.447210724465549,,31.5
302,-8.0,0,9,4,1,1.447210724465549,,31.6
303,-3.7,0,7,4,1,1.447210724465549,,31.7
304,-5.4,0,5,4,1,1.447210724465549,,31.7
305,-4.300000000000001,0,4,3,1,1.447210724465549,,31.8
306,-8.000000000000002,0,9,4,1,1.447210724465549,,31.9
307,-2.9000000000000004,0,8,3,1,1.447210724465549,,32.0
308,-4.300000000000001,0,4,3,1,1.447210724465549,,32.1
309,-7.000000000000001,0,9,4,1,1.447210724465549,,32.2
310,-4.700000000000001,0,7,4,1,1.447210724465549,,32.3
311,-8.5,0,12,3,1,1.447210724465549,,32.4
312,-6.700000000000001,0,7,4,1,1.447210724465549,,32.5
313,-5.0,0,9,4,1,1.447210724465549,,32.6
314,-9.600000000000001,0,12,4,0,1.447210724465549,,32.7
315,-5.4,0,5,4,1,1.447210724465549,,32.8
316,-5.4,0,5,4,1,1.447210724465549,,32.9
317,-3.6000000000000005,0,6,3,1,1.447210724465549,,32.9
318,-8.5,0,12,3,1,1.447210724465549,,33.1
319,-7.000000000000001,0,9,4,1,1.447210724465549,,33.2
320,-3.4000000000000004,0,5,4,1,1.447210724465549,,33.3
321,-5.9,0,8,3,1,1.447210724465549,,33.3
322,-5.4,0,5,4,1,1.447210724465549,,33.4
323,-6.700000000000001,0,7,4,1,1.447210724465549,,33.5
324,-6.700000000000001,0,7,4,1,1.447210724465549,,33.6
325,-5.300000000000001,0,11,4,1,1.447210724465549,,33.8
326,-5.4,0,5,4,1,1.447210724465549,,33.9
327,-4.300000000000001,0,4,3,1,1.447210724465549,,33.9
328,-6.700000000000001,0,7,4,1,1.447210724465549,,34.1
329,-5.4,0,5,4,1,1.447210724465549,,34.1
330,-5.000000000000001,0,9,4,1,1.447210724465549,,34.2
331,-7.0,0,9,4,1,1.447210724465549,,34.3
332,-8.500000000000002,0,12,3,1,1.447210724465549,,34.4
333,-4.300000000000001,0,4,3,1,1.447210724465549,,34.5
334,-6.700000000000001,0,7,4,1,1.447210724465549,,34.6
335,0.6000000000000001,0,5,4,1,1.447210724465549,,34.7
336,-3.7,0,7,4,1,1.447210724465549,,34.8
337,-5.4,0,5,4,1,1.447210724465549,,34.8
338,-3.4000000000000004,0,5,4,1,1.447210724465549,,34.9
339,-2.6000000000000005,0,6,3,1,1.447210724465549,,35.0
340,-5.7,0,7,4,1,1.447210724465549,,35.0
341,-7.000000000000001,0,9,4,1,1.447210724465549,,35.2
342,-5.4,0,5,4,1,1.447210724465549,,35.2
343,-4.300000000000001,0,4,3,1,1.447210724465549,,35.3
344,-5.4,0,5,4,1,1.447210724465549,,35.4
345,-4.6,0,6,3,1,1.447210724465549,,35.5
346,-1.6,0,6,3,1,1.447210724465549,,35.6
347,-8.3,0,11,4,1,1.447210724465549,,35.7
348,-5.4,0,5,4,1,1.447210724465549,,35.8
349,-4.300000000000001,0,4,3,1,1.447210724465549,,35.8
350,-2.3,0,11,4,1,1.447210724465549,,36.0
351,-6.900000000000001,0,8,3,1,1.447210724465549,,36.1
352,-8.5,0,12,3,1,1.447210724465549,,36.2
353,-10.600000000000001,0,12,4,0,1.447210724465549,,36.3
354,-4.300000000000001,0,4,3,1,1.447210724465549,,36.3
355,-6.000000000000001,0,9,4,1,1.447210724465549,,36.4
356,-4.700000000000001,0,7,4,1,1.447210724465549,,36.5
357,-5.6000000000000005,0,6,3,1,1.447210724465549,,36.6
358,-5.6000000000000005,0,6,3,1,1.447210724465549,,36.7
359,-6.700000000000001,0,7,4,1,1.447210724465549,,36.8
360,-5.4,0,5,4,1,1.447210724465549,,36.9
361,-3.4000000000000004,0,5,4,1,1.447210724465549,,37.0
362,-5.6000000000000005,0,6,3,1,1.447210724465549,,37.1
363,-7.0,0,9,4,1,1.447210724465549,,37.2
364,-5.4,0,5,4,1,1.447210724465549,,37.3
365,-3.6000000000000005,0,6,3,1,1.447210724465549,,37.4
366,-5.4,0,5,4,1,1.447210724465549,,37.5
367,-1.4000000000000001,0,5,4,1,1.447210724465549,,37.6
368,-5.700000000000001,0,7,4,1,1.447210724465549,,37.6
369,-5.6000000000000005,0,6,3,1,1.447210724465549,,37.7
370,-3.4000000000000004,0,5,4,1,1.447210724465549,,37.8
371,-8.3,0,11,4,1,1.447210724465549,,37.9
372,-9.6,0,12,4,0,1.447210724465549,,38.0
373,-6.9,0,8,3,1,1.447210724465549,,38.1
374,-6.700000000000001,0,12,2,0,1.447210724465549,,38.2
375,-5.7,0,7,4,1,1.447210724465549,,38.3
376,-4.200000000000001,0,10,3,1,1.447210724465549,,38.5
377,-8.7,0,12,2,0,1.447210724465549,,38.6
378,-5.6000000000000005,0,6,3,1,1.447210724465549,,38.7
379,-5.700000000000001,0,7,4,1,1.447210724465549,,38.8
380,-6.300000000000001,0,11,4,1,1.447210724465549,,38.9
381,-4.7,0,7,4,1,1.447210724465549,,39.0
382,-8.3,0,11,4,1,1.447210724465549,,39.1
383,-8.3,0,11,4,1,1.447210724465549,,39.2
384,-6.700000000000001,0,7,4,1,1.447210724465549,,39.3
385,-2.6,0,6,3,1,1.447210724465549,,39.3
386,-5.4,0,5,4,1,1.447210724465549,,39.5
387,-8.600000000000001,0,12,4,0,1.447210724465549,,39.6
388,-12.6,0,12,4,0,1.447210724465549,,39.7
389,-7.0,0,9,4,1,1.447210724465549,,39.8
390,-5.6000000000000005,0,6,3,1,1.447210724465549,,39.9
391,-6.700000000000001,0,7,4,1,1.447210724465549,,40.0
392,-5.0,0,9,4,1,1.447210724465549,,40.0
393,-5.4,0,5,4,1,1.447210724465549,,40.1
394,-4.300000000000001,0,4,3,1,1.447210724465549,,40.2
395,-5.6000000000000005,0,6,3,1,1.447210724465549,,40.3
396,-5.4,0,5,4,1,1.447210724465549,,40.4
397,-10.600000000000001,0,12,4,0,1.447210724465549,,40.6
398,-5.4,0,5,4,1,1.447210724465549,,40.7
399,-10.7,0,12,2,0,1.447210724465549,,40.8
400,-4.300000000000001,0,4,3,1,1.447210724465549,,40.8
401,-5.4,0,5,4,1,1.447210724465549,,40.9
402,-6.9,0,8,3,1,1.447210724465549,,41.0
403,-5.4,0,5,4,1,1.447210724465549,,41.1
404,-2.3000000000000003,0,4,3,1,1.447210724465549,,41.1
405,-10.6,0,12,4,0,1.447210724465549,,41.3
406,-5.4,0,5,4,1,1.447210724465549,,41.4
407,-6.2,0,10,3,1,1.447210724465549,,41.4
408,-7.0,0,9,4,1,1.447210724465549,,41.6
409,-3.5000000000000004,0,12,3,1,1.447210724465549,,41.7
410,-6.700000000000001,0,7,4,1,1.447210724465549,,41.7
411,-6.700000000000001,0,7,4,1,1.447210724465549,,41.8
412,-5.4,0,5,4,1,1.447210724465549,,41.9
413,-0.30000000000000004,0,4,3,1,1.447210724465549,,42.0
414,-4.300000000000001,0,4,3,1,1.447210724465549,,42.2
415,-6.700000000000001,0,7,4,1,1.447210724465549,,42.3
416,-4.300000000000001,0,4,3,1,1.447210724465549,,42.4
417,-6.700000000000001,0,7,4,1,1.447210724465549,,42.5
418,-5.4,0,5,4,1,1.447210724465549,,42.6
419,-4.300000000000001,0,4,3,1,1.447210724465549,,42.7
420,-6.700000000000001,0,7,4,1,1.447210724465549,,42.8
421,-3.4000000000000004,0,5,4,1,1.447210724465549,,42.9
422,-8.200000000000003,0,10,3,1,1.447210724465549,,43.0
423,-10.6,0,12,4,0,1.447210724465549,,43.1
424,-4.6000000000000005,0,6,3,1,1.447210724465549,,43.2
425,-5.4,0,5,4,1,1.447210724465549,,43.3
426,-6.700000000000001,0,7,4,1,1.447210724465549,,43.4
427,-2.900000000000001,0,8,3,1,1.447210724465549,,43.5
428,-6.0,0,9,4,1,1.447210724465549,,43.6
429,-5.4,0,5,4,1,1.447210724465549,,43.7
430,-4.300000000000001,0,4,3,1,1.447210724465549,,43.8
431,-5.4,0,5,4,1,1.447210724465549,,43.8
432,-4.6000000000000005,0,6,3,1,1.447210724465549,,43.9
433,-4.300000000000001,0,4,3,1,1.447210724465549,,44.0
434,-5.6000000000000005,0,6,3,1,1.447210724465549,,44.1
435,-5.700000000000001,0,7,4,1,1.447210724465549,,44.2
436,-3.4000000000000004,0,5,4,1,1.447210724465549,,44.3
437,-6.700000000000001,0,7,4,1,1.447210724465549,,44.4
438,-5.7,0,7,4,1,1.447210724465549,,44.5
439,-4.300000000000001,0,4,3,1,1.447210724465549,,44.6
440,-5.4,0,5,4,1,1.447210724465549,,44.6
441,-4.300000000000001,0,4,3,1,1.447210724465549,,44.7
442,-5.6000000000000005,0,6,3,1,1.447210724465549,,44.8
443,-4.300000000000001,0,4,3,1,1.447210724465549,,44.9
444,-8.0,0,9,4,1,1.447210724465549,,45.0
445,-4.700000000000001,0,7,4,1,1.447210724465549,,45.1
446,-6.900000000000001,0,8,3,1,1.447210724465549,,45.3
447,-5.4,0,5,4,1,1.447210724465549,,45.4
448,-1.0000000000000002,0,9,4,1,1.447210724465549,,45.5
449,-5.4,0,5,4,1,1.447210724465549,,45.6
450,-6.700000000000001,0,7,4,1,1.447210724465549,,45.7
451,-4.9,0,8,3,1,1.447210724465549,,45.8
452,-4.9,0,8,3,1,1.447210724465549,,45.9
453,-4.300000000000001,0,4,3,1,1.447210724465549,,46.0
454,-4.300000000000001,0,4,3,1,1.447210724465549,,46.1
455,-5.700000000000001,0,12,2,0,1.447210724465549,,46.2
456,-3.4000000000000004,0,5,4,1,1.447210724465549,,46.3
457,-4.2,0,10,3,1,1.447210724465549,,46.4
458,-5.5,0,12,3,1,1.447210724465549,,46.5
459,-4.300000000000001,0,4,3,1,1.447210724465549,,46.5
460,-9.700000000000001,0,12,2,0,1.447210724465549,,46.6
461,-6.000000000000001,0,9,4,1,1.447210724465549,,46.7
462,-6.700000000000001,0,7,4,1,1.447210724465549,,46.9
463,-3.4000000000000004,0,5,4,1,1.447210724465549,,46.9
464,-9.500000000000002,0,12,3,1,1.447210724465549,,47.0
465,-8.3,0,11,4,1,1.447210724465549,,47.2
466,-5.200000000000001,0,10,3,1,1.447210724465549,,47.3
467,-6.0,0,9,4,1,1.447210724465549,,47.4
468,-5.6000000000000005,0,6,3,1,1.447210724465549,,47.5
469,-3.4000000000000004,0,5,4,1,1.447210724465549,,47.6
470,-8.000000000000002,0,9,4,1,1.447210724465549,,47.7
471,-4.300000000000001,0,4,3,1,1.447210724465549,,47.7
472,-4.300000000000001,0,4,3,1,1.447210724465549,,47.9
473,-10.599999999999998,0,12,4,0,1.447210724465549,,48.0
474,-5.0,0,9,4,1,1.447210724465549,,48.1
475,-6.700000000000001,0,7,4,1,1.447210724465549,,48.2
476,-3.4000000000000004,0,5,4,1,1.447210724465549,,48.3
477,-4.300000000000001,0,4,3,1,1.447210724465549,,48.4
478,-6.700000000000001,0,7,4,1,1.447210724465549,,48.4
479,-6.700000000000001,0,7,4,1,1.447210724465549,,48.5
480,-6.700000000000001,0,7,4,1,1.447210724465549,,48.6
481,-1.4000000000000001,0,5,4,1,1.447210724465549,,48.7
482,-6.0,0,9,4,1,1.447210724465549,,48.8
483,-3.4000000000000004,0,5,4,1,1.447210724465549,,48.9
484,-5.4,0,5,4,1,1.447210724465549,,49.0
485,-5.4,0,5,4,1,1.447210724465549,,49.0
486,-4.7,0,7,4,1,1.447210724465549,,49.1
487,-5.4,0,5,4,1,1.447210724465549,,49.2
488,-1.4000000000000001,0,5,4,1,1.447210724465549,,49.3
489,-7.800000000000002,0,12,0,0,1.447210724465549,,49.4
490,-5.4,0,5,4,1,1.447210724465549,,49.5
491,-6.700000000000001,0,7,4,1,1.447210724465549,,49.6
492,-5.200000000000001,0,10,3,1,1.447210724465549,,49.7
493,-9.300000000000002,0,11,4,1,1.447210724465549,,49.8
494,-6.700000000000001,0,7,4,1,1.447210724465549,,49.9
495,-5.4,0,5,4,1,1.447210724465549,,50.0
496,-5.4,0,5,4,1,1.447210724465549,,50.1
497,-3.4000000000000004,0,5,4,1,1.447210724465549,,50.2
498,-4.300000000000001,0,4,3,1,1.447210724465549,,50.3
499,-11.7,0,12,2,0,1.447210724465549,,50.4
500,-12.600000000000001,0,12,4,0,1.447210724465549,,50.5
501,-5.6000000000000005,0,6,3,1,1.447210724465549,,58.9
502,-4.300000000000001,0,4,3,1,1.447210724465549,,59.0
503,-10.6,0,12,4,0,1.447210724465549,,59.1
504,-5.4,0,5,4,1,1.447210724465549,,59.2
505,-4.700000000000001,0,7,4,1,1.447210724465549,,59.3
506,-6.000000000000001,0,9,4,1,1.447210724465549,,59.5
507,-6.700000000000001,0,7,4,1,1.447210724465549,,59.5
508,-3.4000000000000004,0,5,4,1,1.447210724465549,,59.6
509,-3.7,0,7,4,1,1.447210724465549,,59.7
510,-4.300000000000001,0,11,4,1,1.447210724465549,,59.8
511,-5.9,0,8,3,1,1.447210724465549,,59.9
512,-4.300000000000001,0,4,3,1,1.447210724465549,,59.9
513,6.6,1,5,4,1,1.447210724465549,,60.0
514,-7.0,0,9,4,1,1.447210724465549,,60.1
515,-6.700000000000001,0,7,4,1,1.447210724465549,,60.2
516,-3.4000000000000004,0,5,4,1,1.447210724465549,,60.3
517,-6.700000000000001,0,7,4,1,1.447210724465549,,60.4
518,-6.0,0,9,4,1,1.447210724465549,,60.5
519,-6.9,0,8,3,1,1.447210724465549,,60.6
520,-7.000000000000001,0,9,4,1,1.447210724465549,,60.7
521,-5.6000000000000005,0,6,3,1,1.447210724465549,,60.8
522,-4.300000000000001,0,4,3,1,1.447210724465549,,60.8
523,-5.4,0,5,4,1,1.447210724465549,,60.9
524,-5.6000000000000005,0,6,3,1,1.447210724465549,,61.0
525,-3.4000000000000004,0,5,4,1,1.447210724465549,,61.1
526,-5.7,0,7,4,1,1.447210724465549,,61.2
527,-4.300000000000001,0,4,3,1,1.447210724465549,,61.3
528,-5.6000000000000005,0,6,3,1,1.447210724465549,,61.4
529,-6.700000000000001,0,7,4,1,1.447210724465549,,61.5
530,-6.700000000000001,0,7,4,1,1.447210724465549,,61.6
531,-5.9,0,8,3,1,1.447210724465549,,61.6
532,-3.0,0,9,4,1,1.447210724465549,,61.7
533,-5.4,0,5,4,1,1.447210724465549,,61.8
534,-10.600000000000001,0,12,4,0,1.447210724465549,,61.9
535,-3.4000000000000004,0,5,4,1,1.447210724465549,,62.0
536,-5.6000000000000005,0,6,3,1,1.447210724465549,,62.1
537,-2.9000000000000004,0,8,3,1,1.447210724465549,,62.1
538,-9.600000000000001,0,12,4,0,1.4299499802291393,0.7429429211188108,62.8
539,-5.000000000000001,0,9,4,1,1.4299499802291393,,63.0
540,-0.6000000000000001,0,6,3,1,1.4299499802291393,,63.1
541,-5.4,0,5,4,1,1.4299499802291393,,63.2
542,-5.4,0,5,4,1,1.4299499802291393,,63.3
543,-6.700000000000001,0,7,4,1,1.4299499802291393,,63.4
544,-3.4000000000000004,0,5,4,1,1.4299499802291393,,63.5
545,-4.9,0,8,3,1,1.4299499802291393,,63.6
546,-5.4,0,5,4,1,1.4299499802291393,,63.7
547,-9.600000000000001,0,12,4,0,1.4299499802291393,,63.8
548,-5.4,0,5,4,1,1.4299499802291393,,63.9
549,-3.6000000000000005,0,6,3,1,1.4299499802291393,,64.0
550,-4.300000000000001,0,4,3,1,1.4299499802291393,,64.1
551,-5.4,0,5,4,1,1.4299499802291393,,64.1
552,-5.6000000000000005,0,6,3,1,1.4299499802291393,,64.2
553,-4.0,0,9,4,1,1.4299499802291393,,64.3
554,-4.300000000000001,0,4,3,1,1.4299499802291393,,64.4
555,-5.4,0,5,4,1,1.4299499802291393,,64.5
556,-5.4,0,5,4,1,1.4299499802291393,,64.6
557,-5.4,0,5,4,1,1.4299499802291393,,64.7
558,-5.000000000000001,0,9,4,1,1.4299499802291393,,64.8
559,-5.4,0,5,4,1,1.4299499802291393,,64.9
560,-5.4,0,5,4,1,1.4299499802291393,,65.0
561,-5.4,0,5,4,1,1.4299499802291393,,65.0
562,-5.4,0,5,4,1,1.4299499802291393,,65.2
563,-6.700000000000001,0,7,4,1,1.4299499802291393,,65.3
564,-6.0,0,9,4,1,1.4299499802291393,,65.4
565,-5.4,0,5,4,1,1.4299499802291393,,65.4
566,-3.6,0,6,3,1,1.4299499802291393,,65.6
567,-11.700000000000001,0,12,2,0,1.4299499802291393,,65.7
568,-9.600000000000001,0,12,4,0,1.4299499802291393,,65.8
569,-6.0,0,9,4,1,1.4299499802291393,,65.8
570,-4.0,0,9,4,1,1.4299499802291393,,66.0
571,-4.700000000000001,0,7,4,1,1.4299499802291393,,66.1
572,-5.4,0,5,4,1,1.4299499802291393,,66.2
573,-4.9,0,8,3,1,1.4299499802291393,,66.3
574,-3.6000000000000005,0,6,3,1,1.4299499802291393,,66.3
575,-1.4000000000000001,0,5,4,1,1.4299499802291393,,66.4
576,-5.4,0,5,4,1,1.4299499802291393,,66.5
577,-5.6000000000000005,0,6,3,1,1.4299499802291393,,66.6
578,-4.6000000000000005,0,6,3,1,1.4299499802291393,,66.8
579,-5.4,0,5,4,1,1.4299499802291393,,66.9
580,-4.300000000000001,0,4,3,1,1.4299499802291393,,67.0
581,-8.6,0,12,4,0,1.4299499802291393,,67.1
582,-5.6000000000000005,0,6,3,1,1.4299499802291393,,67.2
583,-12.600000000000001,0,12,4,0,1.4299499802291393,,67.3
584,-7.200000000000001,0,10,3,1,1.4299499802291393,,67.4
585,-5.7,0,7,4,1,1.4299499802291393,,67.5
586,-9.5,0,12,3,1,1.4299499802291393,,67.6
587,-3.9000000000000004,0,8,3,1,1.4299499802291393,,67.7
588,-4.300000000000001,0,4,3,1,1.4299499802291393,,67.8
589,-6.700000000000001,0,7,4,1,1.4299499802291393,,67.9
590,-3.4000000000000004,0,5,4,1,1.4299499802291393,,68.0
591,-7.300000000000001,0,11,4,1,1.4299499802291393,,68.1
592,-4.700000000000001,0,7,4,1,1.4299499802291393,,68.1
593,-5.7,0,7,4,1,1.4299499802291393,,68.2
594,-6.700000000000001,0,7,4,1,1.4299499802291393,,68.3
595,-9.600000000000001,0,12,4,0,1.4299499802291393,,68.4
596,-3.4000000000000004,0,5,4,1,1.4299499802291393,,68.5
597,-8.0,0,9,4,1,1.4299499802291393,,68.6
598,-4.700000000000001,0,7,4,1,1.4299499802291393,,68.7
599,-4.300000000000001,0,4,3,1,1.4299499802291393,,68.8
600,-4.300000000000001,0,4,3,1,1.4299499802291393,,68.8
601,-5.4,0,5,4,1,1.4299499802291393,,69.0
602,-6.700000000000001,0,7,4,1,1.4299499802291393,,69.1
603,-5.4,0,5,4,1,1.4299499802291393,,69.2
604,-4.300000000000001,0,4,3,1,1.4299499802291393,,69.2
605,-5.000000000000001,0,9,4,1,1.4299499802291393,,69.4
606,-4.700000000000001,0,7,4,1,1.4299499802291393,,69.5
607,-5.200000000000001,0,10,3,1,1.4299499802291393,,69.6
608,-6.300000000000001,0,11,4,1,1.4299499802291393,,69.7
609,-5.4,0,5,4,1,1.4299499802291393,,69.7
610,-5.4,0,5,4,1,1.4299499802291393,,69.8
611,-6.700000000000001,0,7,4,1,1.4299499802291393,,69.9
612,-5.4,0,5,4,1,1.4299499802291393,,70.0
613,-6.700000000000001,0,7,4,1,1.4299499802291393,,70.0
614,-6.700000000000001,0,7,4,1,1.4299499802291393,,70.1
615,-5.6000000000000005,0,6,3,1,1.4299499802291393,,70.2
616,-6.700000000000001,0,7,4,1,1.4299499802291393,,70.3
617,-5.4,0,5,4,1,1.4299499802291393,,70.3
618,-5.4,0,5,4,1,1.4299499802291393,,70.4
619,-8.3,0,11,4,1,1.4299499802291393,,70.6
620,-5.4,0,5,4,1,1.4299499802291393,,70.6
621,-10.6,0,12,4,0,1.4299499802291393,,70.8
622,-3.0,0,9,4,1,1.4299499802291393,,70.9
623,-5.700000000000001,0,7,4,1,1.4299499802291393,,71.0
624,-8.5,0,12,3,1,1.4299499802291393,,71.1
625,-5.4,0,5,4,1,1.4299499802291393,,71.2
626,-3.4000000000000004,0,5,4,1,1.4299499802291393,,71.3
627,-6.700000000000001,0,7,4,1,1.4299499802291393,,71.4
628,-5.4,0,5,4,1,1.4299499802291393,,71.4
629,-5.7,0,7,4,1,1.4299499802291393,,71.5
630,-5.4,0,5,4,1,1.4299499802291393,,71.6
631,-5.4,0,5,4,1,1.4299499802291393,,71.7
632,-3.4000000000000004,0,5,4,1,1.4299499802291393,,71.8
633,-8.0,0,9,4,1,1.4299499802291393,,71.9
634,-5.4,0,5,4,1,1.4299499802291393,,72.0
635,-4.300000000000001,0,4,3,1,1.4299499802291393,,72.2
636,-5.6000000000000005,0,6,3,1,1.4299499802291393,,72.2
637,-4.700000000000001,0,7,4,1,1.4299499802291393,,72.4
638,-4.300000000000001,0,4,3,1,1.4299499802291393,,72.5
639,-4.300000000000001,0,4,3,1,1.4299499802291393,,72.5
640,-5.4,0,5,4,1,1.4299499802291393,,72.6
641,-5.4,0,5,4,1,1.4299499802291393,,72.7
642,-5.7,0,7,4,1,1.4299499802291393,,72.8
643,-1.4000000000000001,0,5,4,1,1.4299499802291393,,72.8
644,-5.4,0,5,4,1,1.4299499802291393,,72.9
645,-5.4,0,5,4,1,1.4299499802291393,,73.0
646,-5.7,0,7,4,1,1.4299499802291393,,73.1
647,-5.4,0,5,4,1,1.4299499802291393,,73.3
648,-5.300000000000001,0,11,4,1,1.4299499802291393,,73.4
649,0.6000000000000001,0,5,4,1,1.4299499802291393,,73.5
650,-2.3000000000000003,0,4,3,1,1.4299499802291393,,73.6
651,-1.4000000000000001,0,5,4,1,1.4299499802291393,,73.7
652,-3.7,0,7,4,1,1.4299499802291393,,73.8
653,-5.4,0,5,4,1,1.4299499802291393,,73.9
654,-5.4,0,5,4,1,1.4299499802291393,,74.0
655,-8.0,0,9,4,1,1.4299499802291393,,74.1
656,-2.3000000000000003,0,4,3,1,1.4299499802291393,,74.1
657,-7.0,0,9,4,1,1.4299499802291393,,74.2
658,-6.700000000000001,0,7,4,1,1.4299499802291393,,74.3
659,-3.6000000000000005,0,6,3,1,1.4299499802291393,,74.4
660,-5.4,0,5,4,1,1.4299499802291393,,74.5
661,-3.4000000000000004,0,5,4,1,1.4299499802291393,,74.6
662,-8.7,0,12,2,0,1.4299499802291393,,74.7
663,-5.4,0,5,4,1,1.4299499802291393,,74.8
664,-2.3000000000000003,0,4,3,1,1.4299499802291393,,74.9
665,-6.700000000000001,0,7,4,1,1.4299499802291393,,75.0
666,-4.300000000000001,0,4,3,1,1.4299499802291393,,75.1
667,-6.000000000000001,0,9,4,1,1.4299499802291393,,75.2
668,-6.700000000000001,0,7,4,1,1.4299499802291393,,75.3
669,-3.4000000000000004,0,5,4,1,1.4299499802291393,,75.4
670,-5.900000000000001,0,8,3,1,1.4299499802291393,,75.5
671,-0.30000000000000004,0,4,3,1,1.4299499802291393,,75.5
672,-5.4,0,5,4,1,1.4299499802291393,,75.6
673,-5.7,0,7,4,1,1.4299499802291393,,75.7
674,-4.300000000000001,0,4,3,1,1.4299499802291393,,75.8
675,-7.2,0,10,3,1,1.4299499802291393,,75.9
676,-2.3000000000000003,0,4,3,1,1.4299499802291393,,75.9
677,-5.4,0,5,4,1,1.4299499802291393,,76.0
678,-2.6000000000000005,0,6,3,1,1.4299499802291393,,76.1
679,-2.3000000000000003,0,4,3,1,1.4299499802291393,,76.2
680,-6.900000000000001,0,8,3,1,1.4299499802291393,,76.2
681,-6.700000000000001,0,7,4,1,1.4299499802291393,,76.3
682,-5.4,0,5,4,1,1.4299499802291393,,76.4
683,-6.700000000000001,0,7,4,1,1.4299499802291393,,76.5
684,-8.000000000000002,0,9,4,1,1.4299499802291393,,76.6
685,-4.300000000000001,0,4,3,1,1.4299499802291393,,76.7
686,-5.4,0,5,4,1,1.4299499802291393,,76.8
687,-4.300000000000001,0,4,3,1,1.4299499802291393,,76.9
688,-5.0,0,9,4,1,1.4299499802291393,,77.0
689,-4.300000000000001,0,4,3,1,1.4299499802291393,,77.0
690,-3.6000000000000005,0,6,3,1,1.4299499802291393,,77.1
691,-4.300000000000001,0,4,3,1,1.4299499802291393,,77.2
692,-5.4,0,5,4,1,1.4299499802291393,,77.3
693,-6.700000000000001,0,7,4,1,1.4299499802291393,,77.3
694,-4.700000000000001,0,7,4,1,1.4299499802291393,,77.4
695,-5.500000000000001,0,12,3,1,1.4299499802291393,,77.5
696,-4.300000000000001,0,4,3,1,1.4299499802291393,,77.6
697,-4.300000000000001,0,4,3,1,1.4299499802291393,,77.7
698,-4.300000000000001,0,4,3,1,1.4299499802291393,,77.8
699,-2.3000000000000003,0,4,3,1,1.4299499802291393,,77.9
700,-5.4,0,5,4,1,1.4299499802291393,,78.0
701,-0.30000000000000004,0,4,3,1,1.4299499802291393,,78.1
702,-4.300000000000001,0,4,3,1,1.4299499802291393,,78.1
703,-4.300000000000001,0,4,3,1,1.4299499802291393,,78.2
704,-4.300000000000001,0,4,3,1,1.4299499802291393,,78.3
705,-3.6,0,6,3,1,1.4299499802291393,,78.4
706,-7.6,0,12,4,0,1.4299499802291393,,78.5
707,-10.600000000000001,0,12,4,0,1.4299499802291393,,78.6
708,-2.7,0,7,4,1,1.4299499802291393,,78.7
709,-5.4,0,5,4,1,1.4299499802291393,,78.8
710,-4.300000000000001,0,4,3,1,1.4299499802291393,,78.9
711,-4.6000000000000005,0,6,3,1,1.4299499802291393,,79.0
712,-5.4,0,5,4,1,1.4299499802291393,,79.0
713,-5.7,0,7,4,1,1.4299499802291393,,79.1
714,-8.3,0,11,4,1,1.4299499802291393,,79.2
715,-8.3,0,11,4,1,1.4299499802291393,,79.3
716,-6.700000000000001,0,7,4,1,1.4299499802291393,,79.4
717,-3.4000000000000004,0,5,4,1,1.4299499802291393,,79.5
718,-6.700000000000001,0,7,4,1,1.4299499802291393,,79.6
719,-8.0,0,9,4,1,1.4299499802291393,,79.7
720,-1.6,0,6,3,1,1.4299499802291393,,79.8
721,-5.6000000000000005,0,6,3,1,1.4299499802291393,,79.8
722,-4.300000000000001,0,4,3,1,1.4299499802291393,,79.9
723,-0.7000000000000002,0,7,4,1,1.4299499802291393,,80.0
724,-10.6,0,12,4,0,1.4299499802291393,,80.2
725,-4.300000000000001,0,11,4,1,1.4299499802291393,,80.3
726,-5.4,0,5,4,1,1.4299499802291393,,80.4
727,-8.000000000000002,0,9,4,1,1.4299499802291393,,80.5
728,-5.9,0,8,3,1,1.4299499802291393,,80.6
729,-5.4,0,5,4,1,1.4299499802291393,,80.7
730,-8.0,0,9,4,1,1.4299499802291393,,80.8
731,-5.4,0,5,4,1,1.4299499802291393,,80.9
732,-3.4000000000000004,0,5,4,1,1.4299499802291393,,81.0
733,-10.600000000000001,0,12,4,0,1.4299499802291393,,81.1
734,-5.4,0,5,4,1,1.4299499802291393,,81.2
735,-4.300000000000001,0,4,3,1,1.4299499802291393,,81.2
736,-5.4,0,5,4,1,1.4299499802291393,,81.3
737,-7.000000000000001,0,9,4,1,1.4299499802291393,,81.4
738,-3.0,0,9,4,1,1.4299499802291393,,81.5
739,-5.4,0,5,4,1,1.4299499802291393,,81.6
740,-3.4000000000000004,0,5,4,1,1.4299499802291393,,81.6
741,-8.3,0,11,4,1,1.4299499802291393,,81.7
742,-6.700000000000001,0,7,4,1,1.4299499802291393,,81.8
743,-5.7,0,7,4,1,1.4299499802291393,,81.8
744,-7.300000000000001,0,11,4,1,1.4299499802291393,,81.9
745,-5.6000000000000005,0,6,3,1,1.4299499802291393,,82.0
746,-7.0,0,9,4,1,1.4299499802291393,,82.1
747,-5.7,0,7,4,1,1.4299499802291393,,82.2
748,-4.6,0,6,3,1,1.4299499802291393,,82.3
749,-4.9,0,8,3,1,1.4299499802291393,,82.3
750,-5.7,0,7,4,1,1.4299499802291393,,82.4
751,-1.4000000000000001,0,5,4,1,1.4299499802291393,,82.5
752,-4.7,0,7,4,1,1.4299499802291393,,82.6
753,-5.7,0,7,4,1,1.4299499802291393,,82.7
754,-1.4000000000000001,0,5,4,1,1.4299499802291393,,82.8
755,-6.700000000000001,0,7,4,1,1.4299499802291393,,82.9
756,-5.4,0,5,4,1,1.4299499802291393,,83.1
757,-1.4000000000000001,0,5,4,1,1.4299499802291393,,83.2
758,-6.700000000000001,0,7,4,1,1.4299499802291393,,83.2
759,-5.4,0,5,4,1,1.4299499802291393,,83.4
760,-5.4,0,5,4,1,1.4299499802291393,,83.5
761,-6.700000000000001,0,7,4,1,1.4299499802291393,,83.6
762,-6.900000000000001,0,8,3,1,1.4299499802291393,,83.7
763,-8.0,0,9,4,1,1.4299499802291393,,83.8
764,-11.700000000000003,0,12,2,0,1.4299499802291393,,83.9
765,-8.0,0,9,4,1,1.4299499802291393,,84.0
766,-7.0,0,9,4,1,1.4299499802291393,,84.2
767,-0.30000000000000004,0,4,3,1,1.4299499802291393,,84.2
768,-3.6000000000000005,0,6,3,1,1.4299499802291393,,84.3
769,-5.4,0,5,4,1,1.4299499802291393,,84.4
770,-5.4,0,5,4,1,1.4299499802291393,,84.5
771,-4.300000000000001,0,4,3,1,1.4299499802291393,,84.6
772,-4.300000000000001,0,4,3,1,1.4299499802291393,,84.6
773,-5.4,0,5,4,1,1.4299499802291393,,84.7
774,-4.9,0,8,3,1,1.4299499802291393,,84.8
775,-4.9,0,8,3,1,1.4299499802291393,,84.9
776,-4.0,0,9,4,1,1.4299499802291393,,85.1
777,-7.300000000000001,0,11,4,1,1.4299499802291393,,85.2
778,-5.4,0,5,4,1,1.4299499802291393,,85.3
779,-3.4000000000000004,0,5,4,1,1.4299499802291393,,85.4
780,-5.4,0,5,4,1,1.4299499802291393,,85.4
781,-5.4,0,5,4,1,1.4299499802291393,,85.5
782,-4.9,0,8,3,1,1.4299499802291393,,85.6
783,-5.6000000000000005,0,6,3,1,1.4299499802291393,,85.7
784,-5.700000000000001,0,7,4,1,1.4299499802291393,,85.8
785,-5.7,0,7,4,1,1.4299499802291393,,85.9
786,-2.3000000000000003,0,4,3,1,1.4299499802291393,,86.0
787,-4.300000000000001,0,4,3,1,1.4299499802291393,,86.1
788,-3.6000000000000005,0,6,3,1,1.4299499802291393,,86.2
789,-2.3000000000000003,0,4,3,1,1.4299499802291393,,86.2
790,-4.300000000000001,0,4,3,1,1.4299499802291393,,86.3
791,-5.6000000000000005,0,6,3,1,1.4299499802291393,,86.4
792,-5.7,0,7,4,1,1.4299499802291393,,86.5
793,-3.7,0,7,4,1,1.4299499802291393,,86.5
794,-4.300000000000001,0,4,3,1,1.4299499802291393,,86.6
795,-0.30000000000000004,0,4,3,1,1.4299499802291393,,86.7
796,-7.0,0,9,4,1,1.4299499802291393,,86.8
797,-3.6,0,6,3,1,1.4299499802291393,,86.9
798,-4.300000000000001,0,4,3,1,1.4299499802291393,,86.9
799,-4.300000000000001,0,4,3,1,1.4299499802291393,,87.0
800,-6.700000000000001,0,7,4,1,1.4299499802291393,,87.1
801,-6.700000000000001,0,7,4,1,1.4299499802291393,,87.2
802,-3.7000000000000006,0,7,4,1,1.4299499802291393,,87.3
803,-5.4,0,5,4,1,1.4299499802291393,,87.4
804,-3.4000000000000004,0,5,4,1,1.4299499802291393,,87.4
805,-4.300000000000001,0,4,3,1,1.4299499802291393,,87.5
806,-5.6000000000000005,0,6,3,1,1.4299499802291393,,87.6
807,-5.3,0,11,4,1,1.4299499802291393,,87.8
808,-5.4,0,5,4,1,1.4299499802291393,,87.8
809,-4.300000000000001,0,4,3,1,1.4299499802291393,,87.9
810,-5.4,0,5,4,1,1.4299499802291393,,87.9
811,-5.4,0,5,4,1,1.4299499802291393,,88.1
812,-5.4,0,5,4,1,1.4299499802291393,,88.2
813,-8.000000000000002,0,9,4,1,1.4299499802291393,,88.3
814,-4.700000000000001,0,7,4,1,1.4299499802291393,,88.3
815,-3.6000000000000005,0,6,3,1,1.4299499802291393,,88.4
816,-5.4,0,5,4,1,1.4299499802291393,,88.5
817,-5.4,0,5,4,1,1.4299499802291393,,88.6
818,-4.300000000000001,0,4,3,1,1.4299499802291393,,88.7
819,-3.4000000000000004,0,5,4,1,1.4299499802291393,,88.8
820,0.30000000000000004,0,7,4,1,1.4299499802291393,,88.9
821,-5.6000000000000005,0,6,3,1,1.4299499802291393,,89.0
822,-8.2,0,10,3,1,1.4299499802291393,,89.1
823,-4.700000000000001,0,7,4,1,1.4299499802291393,,89.1
824,-7.0,0,9,4,1,1.4299499802291393,,89.2
825,-5.6000000000000005,0,6,3,1,1.4299499802291393,,89.3
826,-4.300000000000001,0,4,3,1,1.4299499802291393,,89.4
827,-4.300000000000001,0,4,3,1,1.4299499802291393,,89.5
828,-5.4,0,5,4,1,1.4299499802291393,,89.6
829,-4.300000000000001,0,4,3,1,1.4299499802291393,,89.7
830,-5.4,0,5,4,1,1.4299499802291393,,89.8
831,-7.0,0,9,4,1,1.4299499802291393,,89.9
832,-2.3000000000000003,0,4,3,1,1.4299499802291393,,90.0
833,-5.4,0,5,4,1,1.4299499802291393,,90.0
834,-6.700000000000001,0,7,4,1,1.4299499802291393,,90.1
835,-3.4000000000000004,0,5,4,1,1.4299499802291393,,90.1
836,-4.300000000000001,0,4,3,1,1.4299499802291393,,90.3
837,-3.6000000000000005,0,6,3,1,1.4299499802291393,,90.4
838,-5.6000000000000005,0,6,3,1,1.4299499802291393,,90.4
839,-4.300000000000001,0,4,3,1,1.4299499802291393,,90.5
840,-9.500000000000002,0,12,3,1,1.4299499802291393,,90.6
841,-6.0,0,9,4,1,1.4299499802291393,,90.7
842,-6.700000000000001,0,7,4,1,1.4299499802291393,,90.8
843,-6.700000000000001,0,7,4,1,1.4299499802291393,,90.8
844,-3.6000000000000005,0,6,3,1,1.4299499802291393,,90.9
845,-3.7,0,7,4,1,1.4299499802291393,,91.0
846,-4.300000000000001,0,4,3,1,1.4299499802291393,,91.1
847,-2.3000000000000003,0,4,3,1,1.4299499802291393,,91.2
848,-5.4,0,5,4,1,1.4299499802291393,,91.3
849,-3.6,0,6,3,1,1.4299499802291393,,91.4
850,-8.000000000000002,0,9,4,1,1.4299499802291393,,91.5
851,-4.300000000000001,0,4,3,1,1.4299499802291393,,91.6
852,-5.4,0,5,4,1,1.4299499802291393,,91.7
853,-5.700000000000001,0,7,4,1,1.4299499802291393,,91.7
854,-5.3,0,11,4,1,1.359060887247324,0.5225257114507258,92.4
855,-4.300000000000001,0,4,3,1,1.359060887247324,,92.5
856,-4.300000000000001,0,4,3,1,1.359060887247324,,92.6
857,-1.4000000000000001,0,5,4,1,1.359060887247324,,92.7
858,-5.0,0,9,4,1,1.359060887247324,,92.8
859,-3.4000000000000004,0,5,4,1,1.359060887247324,,92.9
860,-4.300000000000001,0,4,3,1,1.359060887247324,,92.9
861,-4.300000000000001,0,4,3,1,1.359060887247324,,93.0
862,-7.2,0,10,3,1,1.359060887247324,,93.1
863,0.6000000000000001,0,5,4,1,1.359060887247324,,93.2
864,-5.4,0,5,4,1,1.359060887247324,,93.3
865,-3.4000000000000004,0,5,4,1,1.359060887247324,,93.4
866,-5.4,0,5,4,1,1.359060887247324,,93.5
867,-6.700000000000001,0,7,4,1,1.359060887247324,,93.6
868,-5.4,0,5,4,1,1.359060887247324,,93.7
869,-6.700000000000001,0,7,4,1,1.359060887247324,,93.8
870,-3.4000000000000004,0,5,4,1,1.359060887247324,,93.8
871,-4.300000000000001,0,4,3,1,1.359060887247324,,93.9
872,-6.700000000000001,0,7,4,1,1.359060887247324,,93.9
873,-3.4000000000000004,0,5,4,1,1.359060887247324,,94.0
874,-5.4,0,5,4,1,1.359060887247324,,94.1
875,-5.6000000000000005,0,6,3,1,1.359060887247324,,94.2
876,-5.4,0,5,4,1,1.359060887247324,,94.3
877,-3.6000000000000005,0,6,3,1,1.359060887247324,,94.4
878,-6.700000000000001,0,7,4,1,1.359060887247324,,94.5
879,-5.4,0,5,4,1,1.359060887247324,,94.5
880,-3.4000000000000004,0,5,4,1,1.359060887247324,,94.6
881,-4.300000000000001,0,4,3,1,1.359060887247324,,94.7
882,-12.600000000000001,0,12,4,0,1.359060887247324,,94.8
883,-9.3,0,11,4,1,1.359060887247324,,95.0
884,-5.4,0,5,4,1,1.359060887247324,,95.1
885,-4.300000000000001,0,4,3,1,1.359060887247324,,95.1
886,-7.0,0,9,4,1,1.359060887247324,,95.2
887,-0.30000000000000004,0,4,3,1,1.359060887247324,,95.3
888,-4.300000000000001,0,4,3,1,1.359060887247324,,95.4
889,-4.300000000000001,0,4,3,1,1.359060887247324,,95.4
890,-3.4000000000000004,0,5,4,1,1.359060887247324,,95.5
891,-1.4000000000000001,0,5,4,1,1.359060887247324,,95.6
892,-4.300000000000001,0,4,3,1,1.359060887247324,,95.6
893,-5.6000000000000005,0,6,3,1,1.359060887247324,,95.7
894,-5.4,0,5,4,1,1.359060887247324,,95.8
895,-5.4,0,5,4,1,1.359060887247324,,95.9
896,-4.300000000000001,0,4,3,1,1.359060887247324,,96.0
897,-5.4,0,5,4,1,1.359060887247324,,96.1
898,-5.4,0,5,4,1,1.359060887247324,,96.1
899,-3.4000000000000004,0,5,4,1,1.359060887247324,,96.2
900,-5.6000000000000005,0,6,3,1,1.359060887247324,,96.3
901,-4.300000000000001,0,4,3,1,1.359060887247324,,96.4
902,-2.3000000000000003,0,4,3,1,1.359060887247324,,96.5
903,-5.4,0,5,4,1,1.359060887247324,,96.6
904,-4.300000000000001,0,4,3,1,1.359060887247324,,96.7
905,-5.9,0,8,3,1,1.359060887247324,,96.7
906,5.7,1,4,3,1,1.359060887247324,,96.8
907,-4.9,0,8,3,1,1.359060887247324,,96.9
908,-4.300000000000001,0,4,3,1,1.359060887247324,,97.0
909,-4.300000000000001,0,4,3,1,1.359060887247324,,97.1
910,-5.4,0,5,4,1,1.359060887247324,,97.2
911,-5.4,0,5,4,1,1.359060887247324,,97.3
912,-5.6000000000000005,0,6,3,1,1.359060887247324,,97.4
913,-5.4,0,5,4,1,1.359060887247324,,97.5
914,-4.9,0,8,3,1,1.359060887247324,,97.6
915,-5.7,0,7,4,1,1.359060887247324,,97.7
916,-5.4,0,5,4,1,1.359060887247324,,97.8
917,-5.4,0,5,4,1,1.359060887247324,,97.9
918,-3.6000000000000005,0,6,3,1,1.359060887247324,,98.0
919,-5.700000000000001,0,7,4,1,1.359060887247324,,98.1
920,-6.700000000000001,0,7,4,1,1.359060887247324,,98.2
921,-2.3000000000000003,0,4,3,1,1.359060887247324,,98.3
922,-5.4,0,5,4,1,1.359060887247324,,98.3
923,-6.700000000000001,0,7,4,1,1.359060887247324,,98.4
924,-5.4,0,5,4,1,1.359060887247324,,98.5
925,-5.4,0,5,4,1,1.359060887247324,,98.6
926,-4.300000000000001,0,4,3,1,1.359060887247324,,98.7
927,-3.6000000000000005,0,6,3,1,1.359060887247324,,98.8
928,-6.700000000000001,0,7,4,1,1.359060887247324,,98.9
929,-5.4,0,5,4,1,1.359060887247324,,99.0
930,-5.4,0,5,4,1,1.359060887247324,,99.1
931,-4.300000000000001,0,4,3,1,1.359060887247324,,99.1
932,-5.4,0,5,4,1,1.359060887247324,,99.2
933,-6.700000000000001,0,7,4,1,1.359060887247324,,99.3
934,-1.6,0,6,3,1,1.359060887247324,,99.4
935,-3.4000000000000004,0,5,4,1,1.359060887247324,,99.5
936,-4.300000000000001,0,4,3,1,1.359060887247324,,99.6
937,-1.4000000000000001,0,5,4,1,1.359060887247324,,99.7
938,-5.7,0,7,4,1,1.359060887247324,,99.8
939,-5.4,0,5,4,1,1.359060887247324,,99.9
940,-2.3000000000000003,0,4,3,1,1.359060887247324,,99.9
941,-5.6000000000000005,0,6,3,1,1.359060887247324,,100.0
942,-5.6000000000000005,0,6,3,1,1.359060887247324,,100.1
943,-8.0,0,9,4,1,1.359060887247324,,100.2
944,-5.4,0,5,4,1,1.359060887247324,,100.3
945,-4.700000000000001,0,7,4,1,1.359060887247324,,100.3
946,-2.3000000000000003,0,4,3,1,1.359060887247324,,100.4
947,-3.4000000000000004,0,5,4,1,1.359060887247324,,100.5
948,-5.4,0,5,4,1,1.359060887247324,,100.6
949,-4.300000000000001,0,4,3,1,1.359060887247324,,100.7
950,-2.3000000000000003,0,4,3,1,1.359060887247324,,100.8
951,-5.6000000000000005,0,6,3,1,1.359060887247324,,100.9
952,-3.0,0,9,4,1,1.359060887247324,,100.9
953,-5.4,0,5,4,1,1.359060887247324,,101.0
954,-3.4000000000000004,0,5,4,1,1.359060887247324,,101.1
955,-4.700000000000001,0,7,4,1,1.359060887247324,,101.2
956,-6.700000000000001,0,7,4,1,1.359060887247324,,101.3
957,-6.700000000000001,0,7,4,1,1.359060887247324,,101.4
958,-5.4,0,5,4,1,1.359060887247324,,101.5
959,-4.700000000000001,0,7,4,1,1.359060887247324,,101.6
960,-5.6000000000000005,0,6,3,1,1.359060887247324,,101.7
961,-6.700000000000001,0,7,4,1,1.359060887247324,,101.8
962,-5.4,0,5,4,1,1.359060887247324,,101.9
963,-4.700000000000001,0,7,4,1,1.359060887247324,,102.0
964,-6.0,0,9,4,1,1.359060887247324,,102.1
965,-6.9,0,8,3,1,1.359060887247324,,102.2
966,-6.700000000000001,0,7,4,1,1.359060887247324,,102.3
967,-4.300000000000001,0,4,3,1,1.359060887247324,,102.3
968,-2.7,0,7,4,1,1.359060887247324,,102.4
969,-4.300000000000001,0,4,3,1,1.359060887247324,,102.5
970,5.7,1,4,3,1,1.359060887247324,,102.6
971,-4.300000000000001,0,4,3,1,1.359060887247324,,102.7
972,-3.7000000000000006,0,7,4,1,1.359060887247324,,102.8
973,-6.700000000000001,0,7,4,1,1.359060887247324,,102.9
974,-2.3000000000000003,0,4,3,1,1.359060887247324,,103.0
975,-4.300000000000001,0,4,3,1,1.359060887247324,,103.0
976,-5.6000000000000005,0,6,3,1,1.359060887247324,,103.1
977,-8.000000000000002,0,9,4,1,1.359060887247324,,103.2
978,-4.300000000000001,0,4,3,1,1.359060887247324,,103.3
979,-6.700000000000001,0,7,4,1,1.359060887247324,,103.4
980,-5.4,0,5,4,1,1.359060887247324,,103.4
981,-5.4,0,5,4,1,1.359060887247324,,103.6
982,-5.6000000000000005,0,6,3,1,1.359060887247324,,103.7
983,-4.300000000000001,0,4,3,1,1.359060887247324,,103.7
984,-5.4,0,5,4,1,1.359060887247324,,103.9
985,-2.0,0,9,4,1,1.359060887247324,,103.9
986,-3.4000000000000004,0,5,4,1,1.359060887247324,,104.0
987,-6.900000000000001,0,8,3,1,1.359060887247324,,104.1
988,-5.4,0,5,4,1,1.359060887247324,,104.2
989,-6.200000000000001,0,10,3,1,1.359060887247324,,104.3
990,-5.4,0,5,4,1,1.359060887247324,,104.4
991,-4.300000000000001,0,4,3,1,1.359060887247324,,104.4
992,-5.6000000000000005,0,6,3,1,1.359060887247324,,104.5
993,-4.300000000000001,0,4,3,1,1.359060887247324,,104.6
994,-5.4,0,5,4,1,1.359060887247324,,104.7
995,-4.300000000000001,0,4,3,1,1.359060887247324,,104.8
996,-4.300000000000001,0,4,3,1,1.359060887247324,,104.9
997,-5.0,0,9,4,1,1.359060887247324,,105.0
998,-3.4000000000000004,0,5,4,1,1.359060887247324,,105.1
999,-4.300000000000001,0,4,3,1,1.359060887247324,,105.1
1000,-5.4,0,5,4,1,1.359060887247324,,105.2
1001,-2.3000000000000003,0,4,3,1,1.359060887247324,,111.3
1002,-3.4000000000000004,0,5,4,1,1.359060887247324,,111.4
1003,-5.9,0,8,3,1,1.359060887247324,,111.5
1004,-3.4000000000000004,0,5,4,1,1.359060887247324,,111.5
1005,-5.4,0,5,4,1,1.359060887247324,,111.6
1006,-5.4,0,5,4,1,1.359060887247324,,111.7
1007,-5.4,0,5,4,1,1.359060887247324,,111.8
1008,-2.3000000000000003,0,4,3,1,1.359060887247324,,111.9
1009,-4.300000000000001,0,4,3,1,1.359060887247324,,112.0
1010,5.7,1,4,3,1,1.359060887247324,,112.1
1011,-5.4,0,5,4,1,1.359060887247324,,112.1
1012,-3.4000000000000004,0,5,4,1,1.359060887247324,,112.2
1013,-4.300000000000001,0,4,3,1,1.359060887247324,,112.3
1014,-2.7,0,7,4,1,1.359060887247324,,112.4
1015,-5.4,0,5,4,1,1.359060887247324,,112.5
1016,-8.200000000000003,0,10,3,1,1.359060887247324,,112.6
1017,-3.4000000000000004,0,5,4,1,1.359060887247324,,112.6
1018,-4.300000000000001,0,4,3,1,1.359060887247324,,112.7
1019,-4.300000000000001,0,4,3,1,1.359060887247324,,112.8
1020,-3.4000000000000004,0,5,4,1,1.359060887247324,,112.9
1021,-3.4000000000000004,0,5,4,1,1.359060887247324,,113.0
1022,-8.0,0,9,4,1,1.359060887247324,,113.1
1023,-3.4000000000000004,0,5,4,1,1.359060887247324,,113.2
1024,-4.300000000000001,0,4,3,1,1.359060887247324,,113.3
1025,-6.700000000000001,0,7,4,1,1.359060887247324,,113.4
1026,-5.4,0,5,4,1,1.359060887247324,,113.5
1027,-4.300000000000001,0,4,3,1,1.359060887247324,,113.6
1028,-3.4000000000000004,0,5,4,1,1.359060887247324,,113.7
1029,-5.7,0,7,4,1,1.359060887247324,,113.8
1030,-4.300000000000001,0,4,3,1,1.359060887247324,,113.8
1031,-4.300000000000001,0,4,3,1,1.359060887247324,,113.9
1032,0.6000000000000001,0,5,4,1,1.359060887247324,,114.0
1033,-5.4,0,5,4,1,1.359060887247324,,114.1
1034,-5.4,0,5,4,1,1.359060887247324,,114.2
1035,-5.9,0,8,3,1,1.359060887247324,,114.3
1036,-4.300000000000001,0,4,3,1,1.359060887247324,,114.4
1037,-2.3000000000000003,0,4,3,1,1.359060887247324,,114.5
1038,-8.0,0,9,4,1,1.359060887247324,,114.6
1039,-5.900000000000001,0,8,3,1,1.359060887247324,,114.7
1040,-6.0,0,9,4,1,1.359060887247324,,114.8
1041,-5.4,0,5,4,1,1.359060887247324,,114.8
1042,-5.4,0,5,4,1,1.359060887247324,,114.9
1043,-4.700000000000001,0,7,4,1,1.359060887247324,,115.0
1044,-5.4,0,5,4,1,1.359060887247324,,115.1
1045,-3.4000000000000004,0,5,4,1,1.359060887247324,,115.2
1046,-5.700000000000001,0,7,4,1,1.359060887247324,,115.3
1047,-5.4,0,5,4,1,1.359060887247324,,115.4
1048,-6.700000000000001,0,7,4,1,1.359060887247324,,115.5
1049,-0.30000000000000004,0,4,3,1,1.359060887247324,,115.5
1050,-0.30000000000000004,0,4,3,1,1.359060887247324,,115.6
1051,-5.4,0,5,4,1,1.359060887247324,,115.7
1052,-3.4000000000000004,0,5,4,1,1.359060887247324,,115.8
1053,-5.4,0,5,4,1,1.359060887247324,,116.0
1054,-5.700000000000001,0,7,4,1,1.359060887247324,,116.0
1055,-7.0,0,9,4,1,1.359060887247324,,116.1
1056,-5.4,0,5,4,1,1.359060887247324,,116.2
1057,-5.4,0,5,4,1,1.359060887247324,,116.2
1058,-3.4000000000000004,0,5,4,1,1.359060887247324,,116.3
1059,-4.300000000000001,0,4,3,1,1.359060887247324,,116.4
1060,-5.7,0,7,4,1,1.359060887247324,,116.5
1061,-2.3000000000000003,0,4,3,1,1.359060887247324,,116.6
1062,-5.4,0,5,4,1,1.359060887247324,,116.7
1063,-3.6000000000000005,0,6,3,1,1.359060887247324,,116.7
1064,-5.4,0,5,4,1,1.359060887247324,,116.8
1065,-6.700000000000001,0,7,4,1,1.359060887247324,,116.9
1066,-5.6000000000000005,0,6,3,1,1.359060887247324,,117.0
1067,-5.6000000000000005,0,6,3,1,1.359060887247324,,117.1
1068,-4.300000000000001,0,4,3,1,1.359060887247324,,117.2
1069,-4.300000000000001,0,4,3,1,1.359060887247324,,117.2
1070,-5.4,0,5,4,1,1.359060887247324,,117.3
1071,-5.4,0,5,4,1,1.359060887247324,,117.4
1072,-5.4,0,5,4,1,1.359060887247324,,117.5
1073,-2.3000000000000003,0,4,3,1,1.359060887247324,,117.5
1074,-2.3000000000000003,0,4,3,1,1.359060887247324,,117.6
1075,-5.4,0,5,4,1,1.359060887247324,,117.7
1076,-2.3000000000000003,0,4,3,1,1.359060887247324,,117.8
1077,-5.6000000000000005,0,6,3,1,1.359060887247324,,117.9
1078,-4.300000000000001,0,4,3,1,1.359060887247324,,118.0
1079,-5.6000000000000005,0,6,3,1,1.359060887247324,,118.1
1080,-3.4000000000000004,0,5,4,1,1.359060887247324,,118.2
1081,-3.4000000000000004,0,5,4,1,1.359060887247324,,118.2
1082,-5.4,0,5,4,1,1.359060887247324,,118.3
1083,-4.300000000000001,0,4,3,1,1.359060887247324,,118.4
1084,-4.700000000000001,0,7,4,1,1.359060887247324,,118.5
1085,-5.4,0,5,4,1,1.359060887247324,,118.6
1086,-4.300000000000001,0,4,3,1,1.359060887247324,,118.7
1087,-4.300000000000001,0,4,3,1,1.359060887247324,,118.7
1088,-4.300000000000001,0,4,3,1,1.359060887247324,,118.8
1089,-5.700000000000001,0,7,4,1,1.359060887247324,,118.8
1090,-5.4,0,5,4,1,1.359060887247324,,118.9
1091,-2.6000000000000005,0,6,3,1,1.359060887247324,,119.0
1092,-5.4,0,5,4,1,1.359060887247324,,119.1
1093,-4.300000000000001,0,4,3,1,1.359060887247324,,119.2
1094,-7.0,0,9,4,1,1.359060887247324,,119.2
1095,-4.300000000000001,0,4,3,1,1.359060887247324,,119.4
1096,-2.3000000000000003,0,4,3,1,1.359060887247324,,119.4
1097,-5.4,0,5,4,1,1.359060887247324,,119.5
1098,-3.4000000000000004,0,5,4,1,1.359060887247324,,119.6
1099,-1.4000000000000001,0,5,4,1,1.359060887247324,,119.7
1100,-7.300000000000001,0,11,4,1,1.359060887247324,,119.8
1101,-5.4,0,5,4,1,1.359060887247324,,120.0
1102,-5.4,0,5,4,1,1.359060887247324,,120.1
1103,-5.4,0,5,4,1,1.359060887247324,,120.2
1104,-1.4000000000000001,0,5,4,1,1.359060887247324,,120.2
1105,-1.6,0,6,3,1,1.359060887247324,,120.3
1106,-2.3000000000000003,0,4,3,1,1.359060887247324,,120.4
1107,-3.4000000000000004,0,5,4,1,1.359060887247324,,120.5
1108,-4.300000000000001,0,4,3,1,1.359060887247324,,120.5
1109,-6.0,0,9,4,1,1.359060887247324,,120.6
1110,-4.300000000000001,0,4,3,1,1.359060887247324,,120.7
1111,-4.700000000000001,0,7,4,1,1.359060887247324,,120.8
1112,-4.300000000000001,0,4,3,1,1.359060887247324,,120.9
1113,-4.300000000000001,0,4,3,1,1.359060887247324,,120.9
1114,-4.300000000000001,0,4,3,1,1.359060887247324,,121.0
1115,-5.4,0,5,4,1,1.359060887247324,,121.1
1116,-2.7,0,7,4,1,1.359060887247324,,121.2
1117,-4.700000000000001,0,7,4,1,1.359060887247324,,121.3
1118,-4.300000000000001,0,4,3,1,1.359060887247324,,121.3
1119,-4.300000000000001,0,4,3,1,1.359060887247324,,121.4
1120,-3.6000000000000005,0,6,3,1,1.359060887247324,,121.5
1121,-4.700000000000001,0,7,4,1,1.359060887247324,,121.6
1122,-5.4,0,5,4,1,1.359060887247324,,121.7
1123,-1.4000000000000001,0,5,4,1,1.359060887247324,,121.8
1124,-5.4,0,5,4,1,1.359060887247324,,121.9
1125,-4.300000000000001,0,4,3,1,1.359060887247324,,121.9
1126,-3.4000000000000004,0,5,4,1,1.359060887247324,,122.0
1127,-6.700000000000001,0,7,4,1,1.359060887247324,,122.1
1128,-4.300000000000001,0,4,3,1,1.359060887247324,,122.2
1129,-4.300000000000001,0,4,3,1,1.359060887247324,,122.3
1130,-5.4,0,5,4,1,1.359060887247324,,122.4
1131,-5.4,0,5,4,1,1.359060887247324,,122.5
1132,-2.3000000000000003,0,4,3,1,1.359060887247324,,122.6
1133,-3.6000000000000005,0,6,3,1,1.359060887247324,,122.7
1134,-4.300000000000001,0,4,3,1,1.359060887247324,,122.7
1135,-4.300000000000001,0,4,3,1,1.359060887247324,,122.8
1136,-5.4,0,5,4,1,1.359060887247324,,122.9
1137,-5.4,0,5,4,1,1.359060887247324,,122.9
1138,-4.300000000000001,0,4,3,1,1.359060887247324,,123.0
1139,-6.000000000000001,0,9,4,1,1.359060887247324,,123.1
1140,-5.4,0,5,4,1,1.359060887247324,,123.2
1141,-5.4,0,5,4,1,1.359060887247324,,123.3
1142,-4.300000000000001,0,4,3,1,1.359060887247324,,123.4
1143,-4.300000000000001,0,4,3,1,1.359060887247324,,123.5
1144,-3.4000000000000004,0,5,4,1,1.359060887247324,,123.6
1145,-5.4,0,5,4,1,1.359060887247324,,123.7
1146,-5.4,0,5,4,1,1.359060887247324,,123.8
1147,-3.4000000000000004,0,5,4,1,1.359060887247324,,123.9
1148,-3.6000000000000005,0,6,3,1,1.359060887247324,,124.0
1149,-5.4,0,5,4,1,1.359060887247324,,124.0
1150,-3.7,0,7,4,1,1.359060887247324,,124.1
1151,-4.300000000000001,0,4,3,1,1.359060887247324,,124.2
1152,-5.0,0,9,4,1,1.359060887247324,,124.3
1153,-4.300000000000001,0,4,3,1,1.359060887247324,,124.4
1154,-5.6000000000000005,0,6,3,1,1.359060887247324,,124.4
1155,-5.6000000000000005,0,6,3,1,1.359060887247324,,124.5
1156,-6.700000000000001,0,7,4,1,1.359060887247324,,124.6
1157,-8.0,0,9,4,1,1.359060887247324,,124.7
1158,-5.6000000000000005,0,6,3,1,1.359060887247324,,124.8
1159,-4.300000000000001,0,4,3,1,1.359060887247324,,124.9
1160,-5.4,0,5,4,1,1.359060887247324,,125.0
1161,-2.3000000000000003,0,4,3,1,1.359060887247324,,125.1
1162,-5.4,0,5,4,1,1.359060887247324,,125.1
1163,-6.700000000000001,0,7,4,1,1.359060887247324,,125.2
1164,-5.4,0,5,4,1,1.359060887247324,,125.3
1165,-6.700000000000001,0,7,4,1,1.359060887247324,,125.4
1166,-5.4,0,5,4,1,1.359060887247324,,125.5
1167,-6.700000000000001,0,7,4,1,1.359060887247324,,125.6
1168,-5.6000000000000005,0,6,3,1,1.359060887247324,,125.6
1169,-4.300000000000001,0,4,3,1,1.359060887247324,,125.7
1170,-5.6000000000000005,0,6,3,1,1.359060887247324,,125.8
1171,-5.700000000000001,0,7,4,1,1.359060887247324,,125.8
1172,-2.3000000000000003,0,4,3,1,1.359060887247324,,125.9
1173,-4.300000000000001,0,4,3,1,1.359060887247324,,126.0
1174,-5.4,0,5,4,1,1.359060887247324,,126.1
1175,-5.6000000000000005,0,6,3,1,1.359060887247324,,126.2
1176,-3.7,0,7,4,1,1.359060887247324,,126.2
1177,-3.4000000000000004,0,5,4,1,1.359060887247324,,126.3
1178,-4.300000000000001,0,4,3,1,1.359060887247324,,126.4
1179,-4.7,0,7,4,1,1.359060887247324,,126.5
1180,-3.4000000000000004,0,5,4,1,1.359060887247324,,126.5
1181,-4.300000000000001,0,4,3,1,1.359060887247324,,126.6
1182,-5.4,0,5,4,1,1.359060887247324,,126.7
1183,-2.3000000000000003,0,4,3,1,1.359060887247324,,126.8
1184,-5.4,0,5,4,1,1.359060887247324,,126.9
1185,-5.4,0,5,4,1,1.359060887247324,,127.0
1186,-4.300000000000001,0,4,3,1,1.359060887247324,,127.1
1187,-5.4,0,5,4,1,1.359060887247324,,127.2
1188,-5.4,0,5,4,1,1.359060887247324,,127.3
1189,-5.9,0,8,3,1,1.359060887247324,,127.4
1190,-5.4,0,5,4,1,1.359060887247324,,127.4
1191,-4.300000000000001,0,4,3,1,1.359060887247324,,127.5
1192,-8.0,0,9,4,1,1.359060887247324,,127.6
1193,-5.4,0,5,4,1,1.359060887247324,,127.7
1194,-4.300000000000001,0,4,3,1,1.359060887247324,,127.7
1195,-3.4000000000000004,0,5,4,1,1.359060887247324,,127.8
1196,-6.9,0,8,3,1,1.359060887247324,,128.0
1197,-5.4,0,5,4,1,1.359060887247324,,128.1
1198,-5.4,0,5,4,1,1.359060887247324,,128.2
1199,0.6000000000000001,0,5,4,1,1.359060887247324,,128.2
1200,-0.30000000000000004,0,4,3,1,1.359060887247324,,128.3
1201,-1.4000000000000001,0,5,4,1,1.359060887247324,,128.3
1202,-5.4,0,5,4,1,1.359060887247324,,128.4
1203,-4.700000000000001,0,7,4,1,1.359060887247324,,128.5
1204,-6.700000000000001,0,7,4,1,1.359060887247324,,128.6
1205,-6.700000000000001,0,7,4,1,1.359060887247324,,128.7
1206,-5.4,0,5,4,1,1.359060887247324,,128.8
1207,-5.4,0,5,4,1,1.359060887247324,,128.8
1208,-5.6000000000000005,0,6,3,1,1.359060887247324,,128.9
1209,-5.4,0,5,4,1,1.359060887247324,,129.0
1210,-5.4,0,5,4,1,1.359060887247324,,129.1
1211,-0.30000000000000004,0,4,3,1,1.359060887247324,,129.1
1212,-3.6000000000000005,0,6,3,1,1.359060887247324,,129.2
1213,-4.700000000000001,0,7,4,1,1.359060887247324,,129.3
1214,-5.4,0,5,4,1,1.359060887247324,,129.4
1215,-5.4,0,5,4,1,1.359060887247324,,129.5
1216,-4.300000000000001,0,4,3,1,1.359060887247324,,129.6
1217,4.4,1,6,3,1,1.359060887247324,,129.6
1218,-4.300000000000001,0,4,3,1,1.359060887247324,,129.7
1219,-5.4,0,5,4,1,1.359060887247324,,129.8
1220,-4.300000000000001,0,4,3,1,1.359060887247324,,129.9
1221,-2.3000000000000003,0,4,3,1,1.359060887247324,,129.9
1222,-6.000000000000001,0,9,4,1,1.359060887247324,,130.1
1223,-5.700000000000001,0,7,4,1,1.359060887247324,,130.1
1224,-4.700000000000001,0,7,4,1,1.359060887247324,,130.3
1225,-4.300000000000001,0,4,3,1,1.359060887247324,,130.3
1226,-5.4,0,5,4,1,1.359060887247324,,130.4
1227,-1.4000000000000001,0,5,4,1,1.359060887247324,,130.5
1228,-1.4000000000000001,0,5,4,1,1.359060887247324,,130.6
1229,-4.300000000000001,0,4,3,1,1.2583221411332488,0.5221784629393369,131.2
1230,-5.6000000000000005,0,6,3,1,1.2583221411332488,,131.3
1231,-5.6000000000000005,0,6,3,1,1.2583221411332488,,131.4
1232,-5.4,0,5,4,1,1.2583221411332488,,131.5
1233,-5.4,0,5,4,1,1.2583221411332488,,131.5
1234,-3.7,0,7,4,1,1.2583221411332488,,131.6
1235,-2.3000000000000003,0,4,3,1,1.2583221411332488,,131.7
1236,-4.700000000000001,0,7,4,1,1.2583221411332488,,131.8
1237,-4.300000000000001,0,4,3,1,1.2583221411332488,,131.8
1238,-4.300000000000001,0,4,3,1,1.2583221411332488,,131.9
1239,-4.300000000000001,0,4,3,1,1.2583221411332488,,132.0
1240,-3.4000000000000004,0,5,4,1,1.2583221411332488,,132.1
1241,-4.300000000000001,0,4,3,1,1.2583221411332488,,132.2
1242,-5.4,0,5,4,1,1.2583221411332488,,132.3
1243,-5.4,0,5,4,1,1.2583221411332488,,132.4
1244,-1.6,0,6,3,1,1.2583221411332488,,132.5
1245,-2.3000000000000003,0,4,3,1,1.2583221411332488,,132.6
1246,-5.700000000000001,0,7,4,1,1.2583221411332488,,132.6
1247,-4.7,0,7,4,1,1.2583221411332488,,132.7
1248,-3.4000000000000004,0,5,4,1,1.2583221411332488,,132.9
1249,-3.7,0,7,4,1,1.2583221411332488,,133.0
1250,-4.300000000000001,0,4,3,1,1.2583221411332488,,133.1
1251,-2.3000000000000003,0,4,3,1,1.2583221411332488,,133.1
1252,-5.4,0,5,4,1,1.2583221411332488,,133.2
1253,-4.300000000000001,0,4,3,1,1.2583221411332488,,133.3
1254,-4.6000000000000005,0,6,3,1,1.2583221411332488,,133.4
1255,-5.6000000000000005,0,6,3,1,1.2583221411332488,,133.5
1256,-4.300000000000001,0,4,3,1,1.2583221411332488,,133.6
1257,-4.300000000000001,0,4,3,1,1.2583221411332488,,133.6
1258,-5.4,0,5,4,1,1.2583221411332488,,133.7
1259,-4.300000000000001,0,4,3,1,1.2583221411332488,,133.8
1260,-4.300000000000001,0,4,3,1,1.2583221411332488,,133.9
1261,-1.4000000000000001,0,5,4,1,1.2583221411332488,,134.0
1262,-3.6000000000000005,0,6,3,1,1.2583221411332488,,134.0
1263,-4.300000000000001,0,4,3,1,1.2583221411332488,,134.1
1264,-5.4,0,5,4,1,1.2583221411332488,,134.2
1265,-5.4,0,5,4,1,1.2583221411332488,,134.3
1266,-5.6000000000000005,0,6,3,1,1.2583221411332488,,134.3
1267,-5.700000000000001,0,7,4,1,1.2583221411332488,,134.4
1268,-2.3000000000000003,0,4,3,1,1.2583221411332488,,134.5
1269,-5.7,0,7,4,1,1.2583221411332488,,134.6
1270,-5.6000000000000005,0,6,3,1,1.2583221411332488,,134.7
1271,-4.300000000000001,0,4,3,1,1.2583221411332488,,134.7
1272,-4.300000000000001,0,4,3,1,1.2583221411332488,,134.8
1273,-5.4,0,5,4,1,1.2583221411332488,,134.9
1274,-0.30000000000000004,0,4,3,1,1.2583221411332488,,135.0
1275,-5.4,0,5,4,1,1.2583221411332488,,135.1
1276,-2.3000000000000003,0,4,3,1,1.2583221411332488,,135.2
1277,-5.4,0,5,4,1,1.2583221411332488,,135.2
1278,-5.4,0,5,4,1,1.2583221411332488,,135.3
1279,-5.6000000000000005,0,6,3,1,1.2583221411332488,,135.3
1280,-5.4,0,5,4,1,1.2583221411332488,,135.4
1281,-5.4,0,5,4,1,1.2583221411332488,,135.5
1282,-5.4,0,5,4,1,1.2583221411332488,,135.6
1283,-3.4000000000000004,0,5,4,1,1.2583221411332488,,135.7
1284,-4.300000000000001,0,4,3,1,1.2583221411332488,,135.7
1285,-4.300000000000001,0,4,3,1,1.2583221411332488,,135.8
1286,-2.3000000000000003,0,4,3,1,1.2583221411332488,,135.9
1287,-1.6,0,6,3,1,1.2583221411332488,,136.0
1288,-4.300000000000001,0,4,3,1,1.2583221411332488,,136.1
1289,-4.300000000000001,0,4,3,1,1.2583221411332488,,136.2
1290,-4.300000000000001,0,4,3,1,1.2583221411332488,,136.2
1291,-3.4000000000000004,0,5,4,1,1.2583221411332488,,136.3
1292,-5.4,0,5,4,1,1.2583221411332488,,136.5
1293,-5.4,0,5,4,1,1.2583221411332488,,136.6
1294,-4.300000000000001,0,4,3,1,1.2583221411332488,,136.6
1295,-3.4000000000000004,0,5,4,1,1.2583221411332488,,136.7
1296,-5.4,0,5,4,1,1.2583221411332488,,136.8
1297,5.7,1,4,3,1,1.2583221411332488,,136.8
1298,-3.6,0,6,3,1,1.2583221411332488,,136.9
1299,-4.300000000000001,0,4,3,1,1.2583221411332488,,137.0
1300,-2.7,0,7,4,1,1.2583221411332488,,137.0
1301,-5.4,0,5,4,1,1.2583221411332488,,137.1
1302,-4.300000000000001,0,4,3,1,1.2583221411332488,,137.2
1303,-8.200000000000001,0,10,3,1,1.2583221411332488,,137.3
1304,-5.4,0,5,4,1,1.2583221411332488,,137.4
1305,-4.300000000000001,0,4,3,1,1.2583221411332488,,137.5
1306,-4.300000000000001,0,4,3,1,1.2583221411332488,,137.6
1307,-5.4,0,5,4,1,1.2583221411332488,,137.7
1308,-4.300000000000001,0,4,3,1,1.2583221411332488,,137.7
1309,-2.3000000000000003,0,4,3,1,1.2583221411332488,,137.8
1310,5.7,1,4,3,1,1.2583221411332488,,137.9
1311,-5.4,0,5,4,1,1.2583221411332488,,138.0
1312,-4.300000000000001,0,4,3,1,1.2583221411332488,,138.1
1313,-3.4000000000000004,0,5,4,1,1.2583221411332488,,138.2
1314,-5.6000000000000005,0,6,3,1,1.2583221411332488,,138.3
1315,-4.300000000000001,0,4,3,1,1.2583221411332488,,138.4
1316,-5.4,0,5,4,1,1.2583221411332488,,138.5
1317,-3.4000000000000004,0,5,4,1,1.2583221411332488,,138.5
1318,-5.6000000000000005,0,6,3,1,1.2583221411332488,,138.6
1319,-4.300000000000001,0,4,3,1,1.2583221411332488,,138.7
1320,-2.3000000000000003,0,4,3,1,1.2583221411332488,,138.7
1321,-4.300000000000001,0,4,3,1,1.2583221411332488,,138.9
1322,-2.3000000000000003,0,4,3,1,1.2583221411332488,,138.9
1323,-5.4,0,5,4,1,1.2583221411332488,,139.0
1324,-5.4,0,5,4,1,1.2583221411332488,,139.1
1325,-2.3000000000000003,0,4,3,1,1.2583221411332488,,139.1
1326,-4.300000000000001,0,4,3,1,1.2583221411332488,,139.2
1327,-5.4,0,5,4,1,1.2583221411332488,,139.3
1328,-4.300000000000001,0,4,3,1,1.2583221411332488,,139.4
1329,-5.4,0,5,4,1,1.2583221411332488,,139.5
1330,-6.700000000000001,0,7,4,1,1.2583221411332488,,139.6
1331,-7.6,0,12,4,0,1.2583221411332488,,139.7
1332,-4.6000000000000005,0,6,3,1,1.2583221411332488,,139.8
1333,-6.700000000000001,0,7,4,1,1.2583221411332488,,139.9
1334,-5.4,0,5,4,1,1.2583221411332488,,140.0
1335,-4.300000000000001,0,4,3,1,1.2583221411332488,,140.1
1336,-4.300000000000001,0,4,3,1,1.2583221411332488,,140.2
1337,-4.300000000000001,0,4,3,1,1.2583221411332488,,140.3
1338,-3.4000000000000004,0,5,4,1,1.2583221411332488,,140.3
1339,-0.30000000000000004,0,4,3,1,1.2583221411332488,,140.4
1340,-0.30000000000000004,0,4,3,1,1.2583221411332488,,140.4
1341,-0.30000000000000004,0,4,3,1,1.2583221411332488,,140.5
1342,-5.4,0,5,4,1,1.2583221411332488,,140.6
1343,-3.4000000000000004,0,5,4,1,1.2583221411332488,,140.7
1344,-4.300000000000001,0,4,3,1,1.2583221411332488,,140.8
1345,-4.300000000000001,0,4,3,1,1.2583221411332488,,140.9
1346,-6.700000000000001,0,7,4,1,1.2583221411332488,,141.0
1347,-0.30000000000000004,0,4,3,1,1.2583221411332488,,141.1
1348,-6.700000000000001,0,7,4,1,1.2583221411332488,,141.2
1349,-3.4000000000000004,0,5,4,1,1.2583221411332488,,141.2
1350,-5.6000000000000005,0,6,3,1,1.2583221411332488,,141.3
1351,-4.300000000000001,0,4,3,1,1.2583221411332488,,141.4
1352,-4.300000000000001,0,4,3,1,1.2583221411332488,,141.5
1353,-5.4,0,5,4,1,1.2583221411332488,,141.6
1354,-5.4,0,5,4,1,1.2583221411332488,,141.7
1355,-3.4000000000000004,0,5,4,1,1.2583221411332488,,141.7
1356,-5.4,0,5,4,1,1.2583221411332488,,141.8
1357,-2.3000000000000003,0,4,3,1,1.2583221411332488,,141.9
1358,-6.700000000000001,0,7,4,1,1.2583221411332488,,142.0
1359,-6.700000000000001,0,7,4,1,1.2583221411332488,,142.1
1360,-3.4000000000000004,0,5,4,1,1.2583221411332488,,142.2
1361,-5.4,0,5,4,1,1.2583221411332488,,142.3
1362,-5.4,0,5,4,1,1.2583221411332488,,142.3
1363,-4.300000000000001,0,4,3,1,1.2583221411332488,,142.4
1364,-4.300000000000001,0,4,3,1,1.2583221411332488,,142.5
1365,-5.4,0,5,4,1,1.2583221411332488,,142.6
1366,-2.3000000000000003,0,4,3,1,1.2583221411332488,,142.7
1367,-4.300000000000001,0,4,3,1,1.2583221411332488,,142.8
1368,-2.3000000000000003,0,4,3,1,1.2583221411332488,,142.8
1369,-5.4,0,5,4,1,1.2583221411332488,,143.0
1370,-6.700000000000001,0,7,4,1,1.2583221411332488,,143.1
1371,-2.3000000000000003,0,4,3,1,1.2583221411332488,,143.1
1372,-4.300000000000001,0,4,3,1,1.2583221411332488,,143.2
1373,-5.4,0,5,4,1,1.2583221411332488,,143.3
1374,-5.4,0,5,4,1,1.2583221411332488,,143.4
1375,-5.4,0,5,4,1,1.2583221411332488,,143.4
1376,-3.4000000000000004,0,5,4,1,1.2583221411332488,,143.5
1377,-5.4,0,5,4,1,1.2583221411332488,,143.6
1378,-4.300000000000001,0,4,3,1,1.2583221411332488,,143.7
1379,-5.4,0,5,4,1,1.2583221411332488,,143.8
1380,-5.4,0,5,4,1,1.2583221411332488,,143.8
1381,-0.7000000000000002,0,7,4,1,1.2583221411332488,,143.9
1382,-2.3000000000000003,0,4,3,1,1.2583221411332488,,144.0
1383,-4.300000000000001,0,4,3,1,1.2583221411332488,,144.1
1384,-4.300000000000001,0,4,3,1,1.2583221411332488,,144.2
1385,-1.4000000000000001,0,5,4,1,1.2583221411332488,,144.3
1386,-4.300000000000001,0,4,3,1,1.2583221411332488,,144.4
1387,-6.700000000000001,0,7,4,1,1.2583221411332488,,144.5
1388,-2.3000000000000003,0,4,3,1,1.2583221411332488,,144.6
1389,-3.4000000000000004,0,5,4,1,1.2583221411332488,,144.7
1390,-4.300000000000001,0,4,3,1,1.2583221411332488,,144.8
1391,-3.4000000000000004,0,5,4,1,1.2583221411332488,,144.9
1392,-4.300000000000001,0,4,3,1,1.2583221411332488,,145.0
1393,-5.6000000000000005,0,6,3,1,1.2583221411332488,,145.0
1394,-5.4,0,5,4,1,1.2583221411332488,,145.1
1395,-4.9,0,8,3,1,1.2583221411332488,,145.2
1396,-5.4,0,5,4,1,1.2583221411332488,,145.3
1397,-3.4000000000000004,0,5,4,1,1.2583221411332488,,145.4
1398,-5.4,0,5,4,1,1.2583221411332488,,145.4
1399,-4.300000000000001,0,4,3,1,1.2583221411332488,,145.5
1400,-5.4,0,5,4,1,1.2583221411332488,,145.6
1401,-6.700000000000001,0,7,4,1,1.2583221411332488,,145.7
1402,-3.4000000000000004,0,5,4,1,1.2583221411332488,,145.8
1403,-6.700000000000001,0,7,4,1,1.2583221411332488,,145.9
1404,-5.4,0,5,4,1,1.2583221411332488,,145.9
1405,-5.4,0,5,4,1,1.2583221411332488,,146.0
1406,-1.6,0,6,3,1,1.2583221411332488,,146.1
1407,-5.4,0,5,4,1,1.2583221411332488,,146.2
1408,-4.6000000000000005,0,6,3,1,1.2583221411332488,,146.3
1409,-0.30000000000000004,0,4,3,1,1.2583221411332488,,146.3
1410,-4.300000000000001,0,4,3,1,1.2583221411332488,,146.4
1411,-5.4,0,5,4,1,1.2583221411332488,,146.5
1412,-4.300000000000001,0,4,3,1,1.2583221411332488,,146.6
1413,-4.300000000000001,0,4,3,1,1.2583221411332488,,146.6
1414,-4.300000000000001,0,4,3,1,1.2583221411332488,,146.7
1415,-4.300000000000001,0,4,3,1,1.2583221411332488,,146.8
1416,-5.4,0,5,4,1,1.2583221411332488,,146.9
1417,-5.6000000000000005,0,6,3,1,1.2583221411332488,,146.9
1418,-4.300000000000001,0,4,3,1,1.2583221411332488,,147.0
1419,-5.6000000000000005,0,6,3,1,1.2583221411332488,,147.1
1420,-4.300000000000001,0,4,3,1,1.2583221411332488,,147.2
1421,-3.4000000000000004,0,5,4,1,1.2583221411332488,,147.3
1422,-3.4000000000000004,0,5,4,1,1.2583221411332488,,147.3
1423,-3.4000000000000004,0,5,4,1,1.2583221411332488,,147.4
1424,-5.4,0,5,4,1,1.2583221411332488,,147.5
1425,-4.300000000000001,0,4,3,1,1.2583221411332488,,147.6
1426,-4.300000000000001,0,4,3,1,1.2583221411332488,,147.6
1427,-4.300000000000001,0,4,3,1,1.2583221411332488,,147.7
1428,-1.6,0,6,3,1,1.2583221411332488,,147.7
1429,-5.4,0,5,4,1,1.2583221411332488,,147.8
1430,-5.4,0,5,4,1,1.2583221411332488,,147.9
1431,-3.7,0,7,4,1,1.2583221411332488,,148.0
1432,6.6,1,5,4,1,1.2583221411332488,,148.1
1433,-4.300000000000001,0,4,3,1,1.2583221411332488,,148.1
1434,-3.6000000000000005,0,6,3,1,1.2583221411332488,,148.2
1435,-5.9,0,8,3,1,1.2583221411332488,,148.3
1436,-5.9,0,8,3,1,1.2583221411332488,,148.4
1437,-2.3000000000000003,0,4,3,1,1.2583221411332488,,148.5
1438,-5.4,0,5,4,1,1.2583221411332488,,148.5
1439,-5.4,0,5,4,1,1.2583221411332488,,148.6
1440,-4.300000000000001,0,4,3,1,1.2583221411332488,,148.7
1441,-5.4,0,5,4,1,1.2583221411332488,,148.8
1442,-5.4,0,5,4,1,1.2583221411332488,,148.9
1443,-4.300000000000001,0,4,3,1,1.2583221411332488,,149.0
1444,-5.4,0,5,4,1,1.2583221411332488,,149.1
1445,-1.4000000000000001,0,5,4,1,1.2583221411332488,,149.2
1446,-5.4,0,5,4,1,1.2583221411332488,,149.2
1447,-5.000000000000001,0,9,4,1,1.2583221411332488,,149.3
1448,-2.3000000000000003,0,4,3,1,1.2583221411332488,,149.4
1449,-5.700000000000001,0,7,4,1,1.2583221411332488,,149.4
1450,-3.6000000000000005,0,6,3,1,1.2583221411332488,,149.5
1451,-6.9,0,8,3,1,1.2583221411332488,,149.6
1452,-2.3000000000000003,0,4,3,1,1.2583221411332488,,149.7
1453,-4.300000000000001,0,4,3,1,1.2583221411332488,,149.8
1454,-0.30000000000000004,0,4,3,1,1.2583221411332488,,149.9
1455,-3.4000000000000004,0,5,4,1,1.2583221411332488,,149.9
1456,-5.4,0,5,4,1,1.2583221411332488,,150.0
1457,-4.300000000000001,0,4,3,1,1.2583221411332488,,150.1
1458,-6.700000000000001,0,7,4,1,1.2583221411332488,,150.2
1459,-4.300000000000001,0,4,3,1,1.2583221411332488,,150.3
1460,-5.4,0,5,4,1,1.2583221411332488,,150.4
1461,-5.4,0,5,4,1,1.2583221411332488,,150.4
1462,-5.6000000000000005,0,6,3,1,1.2583221411332488,,150.5
1463,-4.300000000000001,0,4,3,1,1.2583221411332488,,150.6
1464,-2.3000000000000003,0,4,3,1,1.2583221411332488,,150.6
1465,-4.300000000000001,0,4,3,1,1.2583221411332488,,150.7
1466,-4.300000000000001,0,4,3,1,1.2583221411332488,,150.8
1467,-5.200000000000001,0,10,3,1,1.2583221411332488,,150.9
1468,-4.300000000000001,0,4,3,1,1.2583221411332488,,151.0
1469,-5.4,0,5,4,1,1.2583221411332488,,151.0
1470,-5.6000000000000005,0,6,3,1,1.2583221411332488,,151.1
1471,-2.3000000000000003,0,4,3,1,1.2583221411332488,,151.2
1472,-5.4,0,5,4,1,1.2583221411332488,,151.3
1473,-5.4,0,5,4,1,1.2583221411332488,,151.4
1474,-5.6000000000000005,0,6,3,1,1.2583221411332488,,151.5
1475,-2.3000000000000003,0,4,3,1,1.2583221411332488,,151.6
1476,-3.4000000000000004,0,5,4,1,1.2583221411332488,,151.6
1477,-4.300000000000001,0,4,3,1,1.2583221411332488,,151.7
1478,-4.300000000000001,0,4,3,1,1.2583221411332488,,151.8
1479,-3.4000000000000004,0,5,4,1,1.2583221411332488,,152.0
1480,-4.300000000000001,0,4,3,1,1.2583221411332488,,152.1
1481,-3.4000000000000004,0,5,4,1,1.2583221411332488,,152.2
1482,-5.4,0,5,4,1,1.2583221411332488,,152.2
1483,-2.7,0,7,4,1,1.2583221411332488,,152.3
1484,-4.300000000000001,0,4,3,1,1.2583221411332488,,152.4
1485,-5.4,0,5,4,1,1.2583221411332488,,152.5
1486,-3.4000000000000004,0,5,4,1,1.2583221411332488,,152.6
1487,-4.300000000000001,0,4,3,1,1.2583221411332488,,152.7
1488,-5.4,0,5,4,1,1.2583221411332488,,152.8
1489,-0.30000000000000004,0,4,3,1,1.2583221411332488,,152.8
1490,-2.3000000000000003,0,4,3,1,1.2583221411332488,,152.9
1491,-7.299999999999999,0,11,4,1,1.2583221411332488,,153.0
1492,-4.300000000000001,0,4,3,1,1.2583221411332488,,153.0
1493,-2.3000000000000003,0,4,3,1,1.2583221411332488,,153.1
1494,-5.4,0,5,4,1,1.2583221411332488,,153.2
1495,-4.7,0,7,4,1,1.2583221411332488,,153.3
1496,-1.4000000000000001,0,5,4,1,1.2583221411332488,,153.4
1497,-6.700000000000001,0,7,4,1,1.2583221411332488,,153.5
1498,-4.300000000000001,0,4,3,1,1.2583221411332488,,153.6
1499,-5.4,0,5,4,1,1.2583221411332488,,153.7
1500,-5.4,0,5,4,1,1.2583221411332488,,153.8
1501,-5.4,0,5,4,1,1.2583221411332488,,159.7
1502,-5.4,0,5,4,1,1.2583221411332488,,159.8
1503,-5.4,0,5,4,1,1.2583221411332488,,159.8
1504,-5.4,0,5,4,1,1.2583221411332488,,159.9
1505,-2.3000000000000003,0,4,3,1,1.2583221411332488,,160.0
1506,-5.4,0,5,4,1,1.2583221411332488,,160.1
1507,-1.4000000000000001,0,5,4,1,1.2583221411332488,,160.2
1508,-6.700000000000001,0,7,4,1,1.2583221411332488,,160.3
1509,-4.300000000000001,0,4,3,1,1.2583221411332488,,160.4
1510,-5.4,0,5,4,1,1.2583221411332488,,160.5
1511,-5.4,0,5,4,1,1.2583221411332488,,160.6
1512,-4.6000000000000005,0,6,3,1,1.2583221411332488,,160.7
1513,-3.6,0,6,3,1,1.2583221411332488,,160.8
1514,-4.6000000000000005,0,6,3,1,1.2583221411332488,,160.9
1515,-4.300000000000001,0,4,3,1,1.2583221411332488,,160.9
1516,-4.300000000000001,0,4,3,1,1.2583221411332488,,161.0
1517,-4.300000000000001,0,4,3,1,1.2583221411332488,,161.1
1518,-5.4,0,5,4,1,1.2583221411332488,,161.1
1519,-2.7,0,7,4,1,1.2583221411332488,,161.2
1520,-5.4,0,5,4,1,1.2583221411332488,,161.3
1521,-5.6000000000000005,0,6,3,1,1.2583221411332488,,161.4
1522,-4.300000000000001,0,4,3,1,1.2583221411332488,,161.4
1523,-1.4000000000000001,0,5,4,1,1.2583221411332488,,161.5
1524,-5.4,0,5,4,1,1.2583221411332488,,161.7
1525,-4.300000000000001,0,4,3,1,1.2583221411332488,,161.7
1526,-4.300000000000001,0,4,3,1,1.2583221411332488,,161.8
1527,-5.4,0,5,4,1,1.2583221411332488,,161.9
1528,-4.300000000000001,0,4,3,1,1.2583221411332488,,161.9
1529,-2.6,0,6,3,1,1.2583221411332488,,162.0
1530,-5.4,0,5,4,1,1.2583221411332488,,162.1
1531,-4.300000000000001,0,4,3,1,1.2583221411332488,,162.2
1532,-6.700000000000001,0,7,4,1,1.2583221411332488,,162.3
1533,-4.700000000000001,0,7,4,1,1.2583221411332488,,162.4
1534,-2.3000000000000003,0,4,3,1,1.2583221411332488,,162.5
1535,-4.300000000000001,0,4,3,1,1.2583221411332488,,162.5
1536,-3.4000000000000004,0,5,4,1,1.2583221411332488,,162.7
1537,-4.300000000000001,0,4,3,1,1.2583221411332488,,162.8
1538,-5.4,0,5,4,1,1.2583221411332488,,162.9
1539,-0.30000000000000004,0,4,3,1,1.2583221411332488,,163.0
1540,-6.700000000000001,0,7,4,1,1.2583221411332488,,163.0
1541,-4.300000000000001,0,4,3,1,1.2583221411332488,,163.1
1542,-4.300000000000001,0,4,3,1,1.2583221411332488,,163.2
1543,-5.4,0,5,4,1,1.2583221411332488,,163.3
1544,-4.300000000000001,0,4,3,1,1.2583221411332488,,163.3
1545,-1.4000000000000001,0,5,4,1,1.2583221411332488,,163.4
1546,-5.4,0,5,4,1,1.2583221411332488,,163.4
1547,-4.9,0,8,3,1,1.2583221411332488,,163.5
1548,-4.300000000000001,0,4,3,1,1.2583221411332488,,163.6
1549,-5.4,0,5,4,1,1.2583221411332488,,163.7
1550,0.6000000000000001,0,5,4,1,1.2583221411332488,,163.8
1551,-6.700000000000001,0,7,4,1,1.2583221411332488,,163.9
1552,-5.4,0,5,4,1,1.2583221411332488,,164.0
1553,-4.300000000000001,0,4,3,1,1.2583221411332488,,164.0
1554,-4.300000000000001,0,4,3,1,1.2583221411332488,,164.1
1555,-3.4000000000000004,0,5,4,1,1.2583221411332488,,164.2
1556,-4.300000000000001,0,4,3,1,1.2583221411332488,,164.3
1557,-5.4,0,5,4,1,1.2583221411332488,,164.4
1558,-5.4,0,5,4,1,1.2583221411332488,,164.4
1559,-5.4,0,5,4,1,1.2583221411332488,,164.5
1560,-3.4000000000000004,0,5,4,1,1.2583221411332488,,164.6
1561,-3.4000000000000004,0,5,4,1,1.2583221411332488,,164.6
1562,-5.4,0,5,4,1,1.2583221411332488,,164.7
1563,-5.4,0,5,4,1,1.2583221411332488,,164.8
1564,-5.4,0,5,4,1,1.2583221411332488,,164.9
1565,-3.6000000000000005,0,6,3,1,1.2583221411332488,,165.0
1566,-5.4,0,5,4,1,1.2583221411332488,,165.1
1567,-2.3000000000000003,0,4,3,1,1.2583221411332488,,165.2
1568,-0.30000000000000004,0,4,3,1,1.2583221411332488,,165.2
1569,-3.4000000000000004,0,5,4,1,1.2583221411332488,,165.3
1570,-3.6000000000000005,0,6,3,1,1.2583221411332488,,165.4
1571,-5.4,0,5,4,1,1.2583221411332488,,165.5
1572,-4.300000000000001,0,4,3,1,1.2583221411332488,,165.6
1573,-6.700000000000001,0,7,4,1,1.2583221411332488,,165.7
1574,-4.300000000000001,0,4,3,1,1.2583221411332488,,165.8
1575,-2.3000000000000003,0,4,3,1,1.2583221411332488,,165.8
1576,-4.300000000000001,0,4,3,1,1.2583221411332488,,165.9
1577,-4.300000000000001,0,4,3,1,1.2583221411332488,,166.0
1578,-4.300000000000001,0,4,3,1,1.2583221411332488,,166.1
1579,-2.3000000000000003,0,4,3,1,1.2583221411332488,,166.1
1580,-5.4,0,5,4,1,1.2583221411332488,,166.2
1581,-4.300000000000001,0,4,3,1,1.2583221411332488,,166.3
1582,-2.6,0,6,3,1,1.2583221411332488,,166.4
1583,-5.4,0,5,4,1,1.2583221411332488,,166.5
1584,-5.4,0,5,4,1,1.2583221411332488,,166.6
1585,-4.300000000000001,0,4,3,1,1.2583221411332488,,166.7
1586,-4.300000000000001,0,4,3,1,1.2583221411332488,,166.8
1587,-5.4,0,5,4,1,1.2583221411332488,,166.8
1588,-3.6,0,6,3,1,1.2583221411332488,,166.9
1589,-4.6000000000000005,0,6,3,1,1.2583221411332488,,167.0
1590,-5.4,0,5,4,1,1.2583221411332488,,167.1
1591,-4.300000000000001,0,4,3,1,1.2583221411332488,,167.2
1592,-4.300000000000001,0,4,3,1,1.2583221411332488,,167.2
1593,-5.6000000000000005,0,6,3,1,1.2583221411332488,,167.3
1594,-5.4,0,5,4,1,1.2583221411332488,,167.4
1595,-4.300000000000001,0,4,3,1,1.2583221411332488,,167.4
1596,-4.300000000000001,0,4,3,1,1.2583221411332488,,167.5
1597,-3.4000000000000004,0,5,4,1,1.2583221411332488,,167.6
1598,-4.300000000000001,0,4,3,1,1.2583221411332488,,167.7
1599,-4.300000000000001,0,4,3,1,1.2583221411332488,,167.8
1600,-5.6000000000000005,0,6,3,1,1.2583221411332488,,167.9
1601,-5.4,0,5,4,1,1.2583221411332488,,167.9
1602,-4.300000000000001,0,4,3,1,1.2583221411332488,,168.0
1603,-1.4000000000000001,0,5,4,1,1.2583221411332488,,168.1
1604,-4.300000000000001,0,4,3,1,1.2583221411332488,,168.1
1605,-4.300000000000001,0,4,3,1,1.2583221411332488,,168.2
1606,-4.300000000000001,0,4,3,1,1.2583221411332488,,168.3
1607,-5.4,0,5,4,1,1.2583221411332488,,168.4
1608,-5.6000000000000005,0,6,3,1,1.2583221411332488,,168.5
1609,-4.300000000000001,0,4,3,1,1.2583221411332488,,168.6
1610,-2.3000000000000003,0,4,3,1,1.2583221411332488,,168.7
1611,-2.3000000000000003,0,4,3,1,1.2583221411332488,,168.8
1612,-5.4,0,5,4,1,1.2583221411332488,,168.9
1613,-5.6000000000000005,0,6,3,1,1.2583221411332488,,169.0
1614,-4.300000000000001,0,4,3,1,1.2583221411332488,,169.0
1615,-5.4,0,5,4,1,1.2583221411332488,,169.1
1616,-4.300000000000001,0,4,3,1,1.2583221411332488,,169.2
1617,-4.300000000000001,0,4,3,1,1.2583221411332488,,169.3
1618,-5.4,0,5,4,1,1.2583221411332488,,169.4
1619,-5.4,0,5,4,1,1.2583221411332488,,169.4
1620,-1.6,0,6,3,1,1.2583221411332488,,169.5
1621,-1.6,0,6,3,1,1.2583221411332488,,169.6
1622,-5.4,0,5,4,1,1.2583221411332488,,169.7
1623,-2.3000000000000003,0,4,3,1,1.2583221411332488,,169.7
1624,-5.4,0,5,4,1,1.2583221411332488,,169.8
1625,-5.4,0,5,4,1,1.2583221411332488,,169.9
1626,-2.3000000000000003,0,4,3,1,1.2583221411332488,,169.9
1627,-4.300000000000001,0,4,3,1,1.2583221411332488,,170.0
1628,-5.4,0,5,4,1,1.2583221411332488,,170.1
1629,-2.3000000000000003,0,4,3,1,1.2583221411332488,,170.2
1630,-2.3000000000000003,0,4,3,1,1.2583221411332488,,170.3
1631,-4.300000000000001,0,4,3,1,1.2583221411332488,,170.3
1632,-5.4,0,5,4,1,1.2583221411332488,,170.4
1633,-3.4000000000000004,0,5,4,1,1.2583221411332488,,170.5
1634,-5.4,0,5,4,1,1.2583221411332488,,170.6
1635,-4.300000000000001,0,4,3,1,1.2583221411332488,,170.7
1636,-0.30000000000000004,0,4,3,1,1.2583221411332488,,170.7
1637,-1.4000000000000001,0,5,4,1,1.2583221411332488,,170.8
1638,-4.300000000000001,0,4,3,1,1.2583221411332488,,170.9
1639,-4.300000000000001,0,4,3,1,1.2583221411332488,,170.9
1640,-3.4000000000000004,0,5,4,1,1.2583221411332488,,171.0
1641,-2.3000000000000003,0,4,3,1,1.2583221411332488,,171.1
1642,-5.4,0,5,4,1,1.2583221411332488,,171.2
1643,-4.300000000000001,0,4,3,1,1.1764062931761146,0.43562781083164737,171.8
1644,-2.3000000000000003,0,4,3,1,1.1764062931761146,,171.8
1645,-4.300000000000001,0,4,3,1,1.1764062931761146,,171.9
1646,-5.4,0,5,4,1,1.1764062931761146,,172.0
1647,-4.300000000000001,0,4,3,1,1.1764062931761146,,172.0
1648,-4.300000000000001,0,4,3,1,1.1764062931761146,,172.1
1649,-4.300000000000001,0,4,3,1,1.1764062931761146,,172.2
1650,-4.300000000000001,0,4,3,1,1.1764062931761146,,172.3
1651,-4.300000000000001,0,4,3,1,1.1764062931761146,,172.3
1652,-2.3000000000000003,0,4,3,1,1.1764062931761146,,172.4
1653,-4.300000000000001,0,4,3,1,1.1764062931761146,,172.5
1654,-4.300000000000001,0,4,3,1,1.1764062931761146,,172.6
1655,-5.4,0,5,4,1,1.1764062931761146,,172.7
1656,-4.300000000000001,0,4,3,1,1.1764062931761146,,172.8
1657,-0.30000000000000004,0,4,3,1,1.1764062931761146,,172.9
1658,-4.300000000000001,0,4,3,1,1.1764062931761146,,173.0
1659,-4.300000000000001,0,4,3,1,1.1764062931761146,,173.0
1660,-4.300000000000001,0,4,3,1,1.1764062931761146,,173.1
1661,-4.300000000000001,0,4,3,1,1.1764062931761146,,173.2
1662,-4.300000000000001,0,4,3,1,1.1764062931761146,,173.3
1663,-4.300000000000001,0,4,3,1,1.1764062931761146,,173.4
1664,-2.3000000000000003,0,4,3,1,1.1764062931761146,,173.4
1665,-4.300000000000001,0,4,3,1,1.1764062931761146,,173.5
1666,-5.6000000000000005,0,6,3,1,1.1764062931761146,,173.6
1667,-4.300000000000001,0,4,3,1,1.1764062931761146,,173.7
1668,-4.300000000000001,0,4,3,1,1.1764062931761146,,173.8
1669,-4.300000000000001,0,4,3,1,1.1764062931761146,,173.8
1670,-4.300000000000001,0,4,3,1,1.1764062931761146,,173.9
1671,-5.6000000000000005,0,6,3,1,1.1764062931761146,,174.0
1672,-4.300000000000001,0,4,3,1,1.1764062931761146,,174.1
1673,-0.30000000000000004,0,4,3,1,1.1764062931761146,,174.2
1674,-4.300000000000001,0,4,3,1,1.1764062931761146,,174.3
1675,-2.3000000000000003,0,4,3,1,1.1764062931761146,,174.3
1676,-4.300000000000001,0,4,3,1,1.1764062931761146,,174.4
1677,-5.4,0,5,4,1,1.1764062931761146,,174.5
1678,-4.300000000000001,0,4,3,1,1.1764062931761146,,174.6
1679,-4.300000000000001,0,4,3,1,1.1764062931761146,,174.7
1680,-5.4,0,5,4,1,1.1764062931761146,,174.7
1681,-4.300000000000001,0,4,3,1,1.1764062931761146,,174.8
1682,-3.6000000000000005,0,6,3,1,1.1764062931761146,,174.8
1683,-4.300000000000001,0,4,3,1,1.1764062931761146,,174.9
1684,-3.6000000000000005,0,6,3,1,1.1764062931761146,,175.0
1685,-1.4000000000000001,0,5,4,1,1.1764062931761146,,175.1
1686,-4.300000000000001,0,4,3,1,1.1764062931761146,,175.2
1687,-5.6000000000000005,0,6,3,1,1.1764062931761146,,175.3
1688,-4.300000000000001,0,4,3,1,1.1764062931761146,,175.3
1689,-5.4,0,5,4,1,1.1764062931761146,,175.4
1690,-4.300000000000001,0,4,3,1,1.1764062931761146,,175.5
1691,-4.300000000000001,0,4,3,1,1.1764062931761146,,175.5
1692,-5.4,0,5,4,1,1.1764062931761146,,175.6
1693,-4.300000000000001,0,4,3,1,1.1764062931761146,,175.7
1694,-5.4,0,5,4,1,1.1764062931761146,,175.7
1695,-5.4,0,5,4,1,1.1764062931761146,,175.8
1696,-4.300000000000001,0,4,3,1,1.1764062931761146,,175.9
1697,-4.300000000000001,0,4,3,1,1.1764062931761146,,176.0
1698,-2.3000000000000003,0,4,3,1,1.1764062931761146,,176.0
1699,-0.30000000000000004,0,4,3,1,1.1764062931761146,,176.1
1700,-4.300000000000001,0,4,3,1,1.1764062931761146,,176.2
1701,-4.300000000000001,0,4,3,1,1.1764062931761146,,176.2
1702,-7.0,0,9,4,1,1.1764062931761146,,176.3
1703,5.7,1,4,3,1,1.1764062931761146,,176.4
1704,-5.6000000000000005,0,6,3,1,1.1764062931761146,,176.4
1705,-4.6,0,6,3,1,1.1764062931761146,,176.5
1706,-5.4,0,5,4,1,1.1764062931761146,,176.6
1707,-4.300000000000001,0,4,3,1,1.1764062931761146,,176.7
1708,5.7,1,4,3,1,1.1764062931761146,,176.8
1709,-2.3000000000000003,0,4,3,1,1.1764062931761146,,176.8
1710,-4.300000000000001,0,4,3,1,1.1764062931761146,,176.9
1711,-2.3000000000000003,0,4,3,1,1.1764062931761146,,177.0
1712,-4.300000000000001,0,4,3,1,1.1764062931761146,,177.0
1713,-5.4,0,5,4,1,1.1764062931761146,,177.2
1714,-2.3000000000000003,0,4,3,1,1.1764062931761146,,177.2
1715,-4.300000000000001,0,4,3,1,1.1764062931761146,,177.3
1716,-0.30000000000000004,0,4,3,1,1.1764062931761146,,177.4
1717,-4.300000000000001,0,4,3,1,1.1764062931761146,,177.5
1718,-4.300000000000001,0,4,3,1,1.1764062931761146,,177.5
1719,-3.4000000000000004,0,5,4,1,1.1764062931761146,,177.6
1720,-4.300000000000001,0,4,3,1,1.1764062931761146,,177.7
1721,-5.9,0,8,3,1,1.1764062931761146,,177.7
1722,-4.300000000000001,0,4,3,1,1.1764062931761146,,177.8
1723,-4.300000000000001,0,4,3,1,1.1764062931761146,,177.9
1724,-4.700000000000001,0,7,4,1,1.1764062931761146,,178.0
1725,-6.700000000000001,0,7,4,1,1.1764062931761146,,178.1
1726,-3.2,0,10,3,1,1.1764062931761146,,178.2
1727,-4.300000000000001,0,4,3,1,1.1764062931761146,,178.3
1728,-5.4,0,5,4,1,1.1764062931761146,,178.3
1729,-2.3000000000000003,0,4,3,1,1.1764062931761146,,178.4
1730,-5.4,0,5,4,1,1.1764062931761146,,178.5
1731,-0.6000000000000001,0,6,3,1,1.1764062931761146,,178.6
1732,-4.300000000000001,0,4,3,1,1.1764062931761146,,178.7
1733,-6.700000000000001,0,7,4,1,1.1764062931761146,,178.8
1734,-1.4000000000000001,0,5,4,1,1.1764062931761146,,178.8
1735,-4.300000000000001,0,4,3,1,1.1764062931761146,,178.9
1736,-2.3000000000000003,0,4,3,1,1.1764062931761146,,179.0
1737,-4.300000000000001,0,4,3,1,1.1764062931761146,,179.0
1738,-4.300000000000001,0,4,3,1,1.1764062931761146,,179.1
1739,-2.3000000000000003,0,4,3,1,1.1764062931761146,,179.2
1740,-5.4,0,5,4,1,1.1764062931761146,,179.2
1741,-4.300000000000001,0,4,3,1,1.1764062931761146,,179.3
1742,-5.4,0,5,4,1,1.1764062931761146,,179.4
1743,-4.300000000000001,0,4,3,1,1.1764062931761146,,179.5
1744,-4.300000000000001,0,4,3,1,1.1764062931761146,,179.6
1745,-2.3000000000000003,0,4,3,1,1.1764062931761146,,179.7
1746,-4.300000000000001,0,4,3,1,1.1764062931761146,,179.7
1747,-4.300000000000001,0,4,3,1,1.1764062931761146,,179.9
1748,-4.300000000000001,0,4,3,1,1.1764062931761146,,179.9
1749,-4.300000000000001,0,4,3,1,1.1764062931761146,,180.0
1750,-4.300000000000001,0,4,3,1,1.1764062931761146,,180.1
1751,-6.700000000000001,0,7,4,1,1.1764062931761146,,180.1
1752,-2.3000000000000003,0,4,3,1,1.1764062931761146,,180.2
1753,-5.4,0,5,4,1,1.1764062931761146,,180.3
1754,-5.4,0,5,4,1,1.1764062931761146,,180.3
1755,-5.4,0,5,4,1,1.1764062931761146,,180.4
1756,-2.3000000000000003,0,4,3,1,1.1764062931761146,,180.5
1757,-2.9000000000000004,0,8,3,1,1.1764062931761146,,180.6
1758,-5.6000000000000005,0,6,3,1,1.1764062931761146,,180.7
1759,-2.3000000000000003,0,4,3,1,1.1764062931761146,,180.8
1760,-4.300000000000001,0,4,3,1,1.1764062931761146,,180.8
1761,-4.300000000000001,0,4,3,1,1.1764062931761146,,180.9
1762,-2.3000000000000003,0,4,3,1,1.1764062931761146,,181.0
1763,-1.4000000000000001,0,5,4,1,1.1764062931761146,,181.1
1764,-5.4,0,5,4,1,1.1764062931761146,,181.1
1765,-4.300000000000001,0,4,3,1,1.1764062931761146,,181.2
1766,-4.300000000000001,0,4,3,1,1.1764062931761146,,181.3
1767,-4.300000000000001,0,4,3,1,1.1764062931761146,,181.4
1768,-5.4,0,5,4,1,1.1764062931761146,,181.5
1769,-6.700000000000001,0,7,4,1,1.1764062931761146,,181.6
1770,-0.30000000000000004,0,4,3,1,1.1764062931761146,,181.6
1771,-4.300000000000001,0,4,3,1,1.1764062931761146,,181.7
1772,-4.300000000000001,0,4,3,1,1.1764062931761146,,181.8
1773,-4.300000000000001,0,4,3,1,1.1764062931761146,,181.9
1774,-4.300000000000001,0,4,3,1,1.1764062931761146,,182.0
1775,-5.4,0,5,4,1,1.1764062931761146,,182.0
1776,-5.4,0,5,4,1,1.1764062931761146,,182.1
1777,-5.4,0,5,4,1,1.1764062931761146,,182.2
1778,-5.4,0,5,4,1,1.1764062931761146,,182.3
1779,-1.4000000000000001,0,5,4,1,1.1764062931761146,,182.4
1780,-4.300000000000001,0,4,3,1,1.1764062931761146,,182.4
1781,-4.300000000000001,0,4,3,1,1.1764062931761146,,182.5
1782,-2.3000000000000003,0,4,3,1,1.1764062931761146,,182.5
1783,-4.300000000000001,0,4,3,1,1.1764062931761146,,182.6
1784,-4.300000000000001,0,4,3,1,1.1764062931761146,,182.7
1785,-4.300000000000001,0,4,3,1,1.1764062931761146,,182.7
1786,-4.6000000000000005,0,6,3,1,1.1764062931761146,,182.8
1787,-0.30000000000000004,0,4,3,1,1.1764062931761146,,182.9
1788,-4.6000000000000005,0,6,3,1,1.1764062931761146,,183.0
1789,-4.300000000000001,0,4,3,1,1.1764062931761146,,183.0
1790,-0.30000000000000004,0,4,3,1,1.1764062931761146,,183.1
1791,-4.300000000000001,0,4,3,1,1.1764062931761146,,183.2
1792,-5.6000000000000005,0,6,3,1,1.1764062931761146,,183.3
1793,-4.300000000000001,0,4,3,1,1.1764062931761146,,183.3
1794,-4.300000000000001,0,4,3,1,1.1764062931761146,,183.4
1795,-4.700000000000001,0,7,4,1,1.1764062931761146,,183.5
1796,-4.300000000000001,0,4,3,1,1.1764062931761146,,183.6
1797,-5.6000000000000005,0,6,3,1,1.1764062931761146,,183.6
1798,-3.6000000000000005,0,6,3,1,1.1764062931761146,,183.8
1799,-4.300000000000001,0,4,3,1,1.1764062931761146,,183.9
1800,-5.4,0,5,4,1,1.1764062931761146,,184.0
1801,-1.4000000000000001,0,5,4,1,1.1764062931761146,,184.0
1802,-4.300000000000001,0,4,3,1,1.1764062931761146,,184.1
1803,-4.300000000000001,0,4,3,1,1.1764062931761146,,184.1
1804,-5.6000000000000005,0,6,3,1,1.1764062931761146,,184.2
1805,-4.300000000000001,0,4,3,1,1.1764062931761146,,184.3
1806,-2.3000000000000003,0,4,3,1,1.1764062931761146,,184.4
1807,-5.4,0,5,4,1,1.1764062931761146,,184.5
1808,-4.300000000000001,0,4,3,1,1.1764062931761146,,184.6
1809,-2.3000000000000003,0,4,3,1,1.1764062931761146,,184.7
1810,-3.4000000000000004,0,5,4,1,1.1764062931761146,,184.8
1811,-4.300000000000001,0,4,3,1,1.1764062931761146,,184.8
1812,-2.6,0,6,3,1,1.1764062931761146,,184.9
1813,-4.300000000000001,0,4,3,1,1.1764062931761146,,185.0
1814,-4.300000000000001,0,4,3,1,1.1764062931761146,,185.1
1815,-4.300000000000001,0,4,3,1,1.1764062931761146,,185.2
1816,-5.4,0,5,4,1,1.1764062931761146,,185.2
1817,-5.6000000000000005,0,6,3,1,1.1764062931761146,,185.3
1818,-4.700000000000001,0,7,4,1,1.1764062931761146,,185.4
1819,-2.3000000000000003,0,4,3,1,1.1764062931761146,,185.5
1820,-5.6000000000000005,0,6,3,1,1.1764062931761146,,185.6
1821,-4.300000000000001,0,4,3,1,1.1764062931761146,,185.6
1822,-2.3000000000000003,0,4,3,1,1.1764062931761146,,185.7
1823,-4.300000000000001,0,4,3,1,1.1764062931761146,,185.8
1824,-4.300000000000001,0,4,3,1,1.1764062931761146,,185.9
1825,-5.6000000000000005,0,6,3,1,1.1764062931761146,,185.9
1826,-4.7,0,7,4,1,1.1764062931761146,,186.0
1827,-3.7,0,7,4,1,1.1764062931761146,,186.1
1828,-4.300000000000001,0,4,3,1,1.1764062931761146,,186.2
1829,-4.300000000000001,0,4,3,1,1.1764062931761146,,186.3
1830,-4.300000000000001,0,4,3,1,1.1764062931761146,,186.4
1831,-5.4,0,5,4,1,1.1764062931761146,,186.5
1832,-4.300000000000001,0,4,3,1,1.1764062931761146,,186.6
1833,-4.300000000000001,0,4,3,1,1.1764062931761146,,186.6
1834,-4.300000000000001,0,4,3,1,1.1764062931761146,,186.7
1835,-4.300000000000001,0,4,3,1,1.1764062931761146,,186.8
1836,-0.30000000000000004,0,4,3,1,1.1764062931761146,,186.9
1837,-4.300000000000001,0,4,3,1,1.1764062931761146,,187.0
1838,-5.4,0,5,4,1,1.1764062931761146,,187.1
1839,-5.4,0,5,4,1,1.1764062931761146,,187.2
1840,-4.300000000000001,0,4,3,1,1.1764062931761146,,187.2
1841,-5.4,0,5,4,1,1.1764062931761146,,187.4
1842,-4.300000000000001,0,4,3,1,1.1764062931761146,,187.4
1843,-5.4,0,5,4,1,1.1764062931761146,,187.5
1844,-4.300000000000001,0,4,3,1,1.1764062931761146,,187.6
1845,-2.3000000000000003,0,4,3,1,1.1764062931761146,,187.6
1846,-4.300000000000001,0,4,3,1,1.1764062931761146,,187.7
1847,-4.300000000000001,0,4,3,1,1.1764062931761146,,187.8
1848,-4.300000000000001,0,4,3,1,1.1764062931761146,,187.8
1849,-4.300000000000001,0,4,3,1,1.1764062931761146,,187.9
1850,-4.300000000000001,0,4,3,1,1.1764062931761146,,188.0
1851,-5.4,0,5,4,1,1.1764062931761146,,188.1
1852,-2.3000000000000003,0,4,3,1,1.1764062931761146,,188.1
1853,-3.4000000000000004,0,5,4,1,1.1764062931761146,,188.2
1854,-5.6000000000000005,0,6,3,1,1.1764062931761146,,188.3
1855,-2.3000000000000003,0,4,3,1,1.1764062931761146,,188.3
1856,-4.300000000000001,0,4,3,1,1.1764062931761146,,188.4
1857,-3.4000000000000004,0,5,4,1,1.1764062931761146,,188.5
1858,-2.3000000000000003,0,4,3,1,1.1764062931761146,,188.6
1859,-4.300000000000001,0,4,3,1,1.1764062931761146,,188.6
1860,-5.4,0,5,4,1,1.1764062931761146,,188.7
1861,-4.300000000000001,0,4,3,1,1.1764062931761146,,188.8
1862,5.7,1,4,3,1,1.1764062931761146,,188.9
1863,-1.4000000000000001,0,5,4,1,1.1764062931761146,,189.0
1864,-4.300000000000001,0,4,3,1,1.1764062931761146,,189.0
1865,-4.300000000000001,0,4,3,1,1.1764062931761146,,189.1
1866,-3.4000000000000004,0,5,4,1,1.1764062931761146,,189.1
1867,-4.300000000000001,0,4,3,1,1.1764062931761146,,189.2
1868,-5.4,0,5,4,1,1.1764062931761146,,189.3
1869,-1.4000000000000001,0,5,4,1,1.1764062931761146,,189.4
1870,-3.4000000000000004,0,5,4,1,1.1764062931761146,,189.5
1871,-5.4,0,5,4,1,1.1764062931761146,,189.6
1872,-4.300000000000001,0,4,3,1,1.1764062931761146,,189.7
1873,-4.300000000000001,0,4,3,1,1.1764062931761146,,189.7
1874,-0.30000000000000004,0,4,3,1,1.1764062931761146,,189.8
1875,-4.300000000000001,0,4,3,1,1.1764062931761146,,189.8
1876,-4.300000000000001,0,4,3,1,1.1764062931761146,,189.9
1877,-4.300000000000001,0,4,3,1,1.1764062931761146,,190.0
1878,-4.300000000000001,0,4,3,1,1.1764062931761146,,190.0
1879,-4.300000000000001,0,4,3,1,1.1764062931761146,,190.1
1880,-5.4,0,5,4,1,1.1764062931761146,,190.2
1881,5.7,1,4,3,1,1.1764062931761146,,190.3
1882,-5.4,0,5,4,1,1.1764062931761146,,190.4
1883,-5.4,0,5,4,1,1.1764062931761146,,190.4
1884,-5.4,0,5,4,1,1.1764062931761146,,190.6
1885,-4.300000000000001,0,4,3,1,1.1764062931761146,,190.6
1886,-4.300000000000001,0,4,3,1,1.1764062931761146,,190.7
1887,-5.700000000000001,0,7,4,1,1.1764062931761146,,190.8
1888,-5.4,0,5,4,1,1.1764062931761146,,190.9
1889,-5.4,0,5,4,1,1.1764062931761146,,191.0
1890,-4.300000000000001,0,4,3,1,1.1764062931761146,,191.1
1891,-4.300000000000001,0,4,3,1,1.1764062931761146,,191.1
1892,-2.3000000000000003,0,4,3,1,1.1764062931761146,,191.2
1893,-5.4,0,5,4,1,1.1764062931761146,,191.3
1894,-4.300000000000001,0,4,3,1,1.1764062931761146,,191.4
1895,-4.300000000000001,0,4,3,1,1.1764062931761146,,191.4
1896,-3.4000000000000004,0,5,4,1,1.1764062931761146,,191.5
1897,-4.300000000000001,0,4,3,1,1.1764062931761146,,191.6
1898,-4.300000000000001,0,4,3,1,1.1764062931761146,,191.7
1899,-2.3000000000000003,0,4,3,1,1.1764062931761146,,191.8
1900,-5.9,0,8,3,1,1.1764062931761146,,191.9
1901,-4.300000000000001,0,4,3,1,1.1764062931761146,,192.0
1902,-0.7000000000000002,0,7,4,1,1.1764062931761146,,192.1
1903,-5.4,0,5,4,1,1.1764062931761146,,192.1
1904,-2.3000000000000003,0,4,3,1,1.1764062931761146,,192.3
1905,-4.300000000000001,0,4,3,1,1.1764062931761146,,192.4
1906,5.7,1,4,3,1,1.1764062931761146,,192.5
1907,-4.300000000000001,0,4,3,1,1.1764062931761146,,192.5
1908,-4.300000000000001,0,4,3,1,1.1764062931761146,,192.6
1909,-4.300000000000001,0,4,3,1,1.1764062931761146,,192.6
1910,-2.3000000000000003,0,4,3,1,1.1764062931761146,,192.7
1911,-2.3000000000000003,0,4,3,1,1.1764062931761146,,192.8
1912,-4.300000000000001,0,4,3,1,1.1764062931761146,,192.8
1913,-2.3000000000000003,0,4,3,1,1.1764062931761146,,192.9
1914,-4.300000000000001,0,4,3,1,1.1764062931761146,,192.9
1915,-5.6000000000000005,0,6,3,1,1.1764062931761146,,193.0
1916,-4.300000000000001,0,4,3,1,1.1764062931761146,,193.1
1917,-3.4000000000000004,0,5,4,1,1.1764062931761146,,193.2
1918,-3.4000000000000004,0,5,4,1,1.1764062931761146,,193.3
1919,-0.30000000000000004,0,4,3,1,1.1764062931761146,,193.3
1920,-2.3000000000000003,0,4,3,1,1.1764062931761146,,193.4
1921,-0.30000000000000004,0,4,3,1,1.1764062931761146,,193.5
1922,-4.300000000000001,0,4,3,1,1.1764062931761146,,193.5
1923,-3.4000000000000004,0,5,4,1,1.1764062931761146,,193.6
1924,-0.30000000000000004,0,4,3,1,1.1764062931761146,,193.7
1925,-4.300000000000001,0,4,3,1,1.1764062931761146,,193.8
1926,-4.300000000000001,0,4,3,1,1.1764062931761146,,193.9
1927,-4.300000000000001,0,4,3,1,1.1764062931761146,,194.0
1928,-3.6000000000000005,0,6,3,1,1.1764062931761146,,194.1
1929,-4.300000000000001,0,4,3,1,1.1764062931761146,,194.1
1930,-5.4,0,5,4,1,1.1764062931761146,,194.2
1931,-4.300000000000001,0,4,3,1,1.1764062931761146,,194.3
1932,-4.6000000000000005,0,6,3,1,1.1764062931761146,,194.4
1933,-5.4,0,5,4,1,1.1764062931761146,,194.5
1934,-4.300000000000001,0,4,3,1,1.1764062931761146,,194.6
1935,-5.4,0,5,4,1,1.1764062931761146,,194.6
1936,-4.300000000000001,0,4,3,1,1.1764062931761146,,194.8
1937,-4.300000000000001,0,4,3,1,1.1764062931761146,,194.8
1938,-5.4,0,5,4,1,1.1764062931761146,,195.0
1939,-4.300000000000001,0,4,3,1,1.1764062931761146,,195.0
1940,-5.4,0,5,4,1,1.1764062931761146,,195.1
1941,-4.300000000000001,0,4,3,1,1.1764062931761146,,195.2
1942,-4.300000000000001,0,4,3,1,1.1764062931761146,,195.3
1943,-5.4,0,5,4,1,1.1764062931761146,,195.3
1944,-4.300000000000001,0,4,3,1,1.1764062931761146,,195.4
1945,-5.6000000000000005,0,6,3,1,1.1764062931761146,,195.5
1946,-5.9,0,8,3,1,1.1764062931761146,,195.6
1947,-0.30000000000000004,0,4,3,1,1.1764062931761146,,195.7
1948,-5.4,0,5,4,1,1.1764062931761146,,195.8
1949,-0.30000000000000004,0,4,3,1,1.1764062931761146,,195.9
1950,-4.300000000000001,0,4,3,1,1.1764062931761146,,195.9
1951,-6.700000000000001,0,7,4,1,1.1764062931761146,,196.0
1952,-4.300000000000001,0,4,3,1,1.1764062931761146,,196.1
1953,-4.300000000000001,0,4,3,1,1.1764062931761146,,196.1
1954,-4.300000000000001,0,4,3,1,1.1764062931761146,,196.2
1955,-2.3000000000000003,0,4,3,1,1.1764062931761146,,196.3
1956,-2.3000000000000003,0,4,3,1,1.1764062931761146,,196.4
1957,-5.700000000000001,0,7,4,1,1.1764062931761146,,196.4
1958,-3.6,0,6,3,1,1.1764062931761146,,196.5
1959,-5.4,0,5,4,1,1.1764062931761146,,196.6
1960,-1.4000000000000001,0,5,4,1,1.1764062931761146,,196.7
1961,-5.6000000000000005,0,6,3,1,1.1764062931761146,,196.8
1962,-5.4,0,5,4,1,1.1764062931761146,,196.9
1963,-5.6000000000000005,0,6,3,1,1.1764062931761146,,197.0
1964,-5.6000000000000005,0,6,3,1,1.1764062931761146,,197.1
1965,-4.300000000000001,0,4,3,1,1.1764062931761146,,197.1
1966,-4.300000000000001,0,4,3,1,1.1764062931761146,,197.2
1967,-4.300000000000001,0,4,3,1,1.1764062931761146,,197.3
1968,-4.300000000000001,0,4,3,1,1.1764062931761146,,197.4
1969,-4.300000000000001,0,4,3,1,1.1764062931761146,,197.5
1970,-2.3000000000000003,0,4,3,1,1.1764062931761146,,197.5
1971,-6.700000000000001,0,7,4,1,1.1764062931761146,,197.6
1972,-2.3000000000000003,0,4,3,1,1.1764062931761146,,197.7
1973,-4.300000000000001,0,4,3,1,1.1764062931761146,,197.8
1974,-6.700000000000001,0,7,4,1,1.1764062931761146,,197.9
1975,-4.300000000000001,0,4,3,1,1.1764062931761146,,197.9
1976,-5.4,0,5,4,1,1.1764062931761146,,198.0
1977,-4.300000000000001,0,4,3,1,1.1764062931761146,,198.1
1978,-4.300000000000001,0,4,3,1,1.1764062931761146,,198.2
1979,5.7,1,4,3,1,1.1764062931761146,,198.2
1980,-4.300000000000001,0,4,3,1,1.1764062931761146,,198.2
1981,-4.300000000000001,0,4,3,1,1.1764062931761146,,198.3
1982,-2.3000000000000003,0,4,3,1,1.1764062931761146,,198.4
1983,-4.300000000000001,0,4,3,1,1.1764062931761146,,198.4
1984,-5.4,0,5,4,1,1.1764062931761146,,198.5
1985,-4.300000000000001,0,4,3,1,1.1764062931761146,,198.6
1986,-5.6000000000000005,0,6,3,1,1.1764062931761146,,198.6
1987,-4.300000000000001,0,4,3,1,1.1764062931761146,,198.7
1988,-4.300000000000001,0,4,3,1,1.1764062931761146,,198.7
1989,-4.300000000000001,0,4,3,1,1.1764062931761146,,198.8
1990,-4.300000000000001,0,4,3,1,1.1764062931761146,,198.9
1991,-4.300000000000001,0,4,3,1,1.1764062931761146,,198.9
1992,-4.300000000000001,0,4,3,1,1.1764062931761146,,199.0
1993,-4.300000000000001,0,4,3,1,1.1764062931761146,,199.1
1994,-6.700000000000001,0,7,4,1,1.1764062931761146,,199.2
1995,-3.6,0,6,3,1,1.1764062931761146,,199.3
1996,-2.3000000000000003,0,4,3,1,1.1764062931761146,,199.3
1997,-4.300000000000001,0,4,3,1,1.1764062931761146,,199.4
1998,-4.300000000000001,0,4,3,1,1.1764062931761146,,199.5
1999,-5.4,0,5,4,1,1.1764062931761146,,199.6
2000,-4.300000000000001,0,4,3,1,1.1764062931761146,,199.7
2001,-4.300000000000001,0,4,3,1,1.1764062931761146,,205.3
2002,-5.4,0,5,4,1,1.1764062931761146,,205.4
2003,-3.7,0,7,4,1,1.1764062931761146,,205.5
2004,-5.4,0,5,4,1,1.1764062931761146,,205.6
2005,-4.300000000000001,0,4,3,1,1.1764062931761146,,205.7
2006,-4.300000000000001,0,4,3,1,1.1764062931761146,,205.7
2007,-3.4000000000000004,0,5,4,1,1.1764062931761146,,205.8
2008,-4.300000000000001,0,4,3,1,1.1764062931761146,,205.8
2009,-5.4,0,5,4,1,1.1764062931761146,,205.9
2010,-5.700000000000001,0,7,4,1,1.1764062931761146,,206.0
2011,-4.300000000000001,0,4,3,1,1.1764062931761146,,206.1
2012,-4.300000000000001,0,4,3,1,1.1764062931761146,,206.2
2013,-4.300000000000001,0,4,3,1,1.1764062931761146,,206.3
2014,-5.6000000000000005,0,6,3,1,1.1764062931761146,,206.4
2015,-5.4,0,5,4,1,1.1764062931761146,,206.4
2016,-2.3000000000000003,0,4,3,1,1.1764062931761146,,206.5
2017,-4.700000000000001,0,7,4,1,1.1764062931761146,,206.6
2018,-0.6000000000000001,0,6,3,1,1.1764062931761146,,206.7
2019,-4.6000000000000005,0,6,3,1,1.1764062931761146,,206.8
2020,-4.300000000000001,0,4,3,1,1.1764062931761146,,206.9
2021,-5.4,0,5,4,1,1.1764062931761146,,206.9
2022,-4.300000000000001,0,4,3,1,1.1764062931761146,,207.0
2023,-1.4000000000000001,0,5,4,1,1.1764062931761146,,207.1
2024,-5.4,0,5,4,1,1.1764062931761146,,207.1
2025,-4.300000000000001,0,4,3,1,1.1764062931761146,,207.2
2026,-2.3000000000000003,0,4,3,1,1.1764062931761146,,207.3
2027,-5.4,0,5,4,1,1.1764062931761146,,207.4
2028,-2.3000000000000003,0,4,3,1,1.1764062931761146,,207.5
2029,-5.4,0,5,4,1,1.1764062931761146,,207.6
2030,-4.300000000000001,0,4,3,1,1.1764062931761146,,207.6
2031,-4.300000000000001,0,4,3,1,1.1764062931761146,,207.7
2032,-4.300000000000001,0,4,3,1,1.1764062931761146,,207.7
2033,-3.4000000000000004,0,5,4,1,1.1764062931761146,,207.8
2034,-2.7,0,7,4,1,1.1764062931761146,,207.9
2035,-4.300000000000001,0,4,3,1,1.1764062931761146,,208.0
2036,-5.4,0,5,4,1,1.1764062931761146,,208.1
2037,-4.300000000000001,0,4,3,1,1.1764062931761146,,208.2
2038,-2.3000000000000003,0,4,3,1,1.1764062931761146,,208.2
2039,-0.30000000000000004,0,4,3,1,1.1764062931761146,,208.2
2040,-5.700000000000001,0,7,4,1,1.1764062931761146,,208.3
2041,-2.3000000000000003,0,4,3,1,1.1764062931761146,,208.4
2042,-3.4000000000000004,0,5,4,1,1.1764062931761146,,208.5
2043,-0.30000000000000004,0,4,3,1,1.1764062931761146,,208.6
2044,5.7,1,4,3,1,1.1764062931761146,,208.7
2045,-4.300000000000001,0,4,3,1,1.1764062931761146,,208.8
2046,-4.300000000000001,0,4,3,1,1.1764062931761146,,208.8
2047,-4.300000000000001,0,4,3,1,1.1764062931761146,,208.9
2048,-5.7,0,7,4,1,1.1764062931761146,,209.0
2049,-4.300000000000001,0,4,3,1,1.1764062931761146,,209.0
2050,-2.3000000000000003,0,4,3,1,1.1764062931761146,,209.1
2051,-4.300000000000001,0,4,3,1,1.1764062931761146,,209.1
2052,-4.300000000000001,0,4,3,1,1.1764062931761146,,209.2
2053,-4.7,0,7,4,1,1.1764062931761146,,209.4
2054,-2.3000000000000003,0,4,3,1,1.1764062931761146,,209.4
2055,-4.300000000000001,0,4,3,1,1.1764062931761146,,209.5
2056,-4.300000000000001,0,4,3,1,1.1764062931761146,,209.5
2057,-4.300000000000001,0,4,3,1,1.1764062931761146,,209.6
2058,-6.9,0,8,3,1,1.1764062931761146,,209.7
2059,-4.300000000000001,0,4,3,1,1.1764062931761146,,209.8
2060,-4.300000000000001,0,4,3,1,1.1764062931761146,,209.9
2061,-5.4,0,5,4,1,1.1764062931761146,,209.9
2062,-4.300000000000001,0,4,3,1,1.1764062931761146,,210.0
2063,-5.4,0,5,4,1,1.1764062931761146,,210.1
2064,-4.300000000000001,0,4,3,1,1.1764062931761146,,210.2
2065,-1.6,0,6,3,1,1.1764062931761146,,210.3
2066,-5.4,0,5,4,1,1.1764062931761146,,210.3
2067,-4.300000000000001,0,4,3,1,1.1764062931761146,,210.4
2068,-5.4,0,5,4,1,1.1764062931761146,,210.5
2069,-4.300000000000001,0,4,3,1,1.1764062931761146,,210.5
2070,-2.3000000000000003,0,4,3,1,1.1764062931761146,,210.6
2071,-4.300000000000001,0,4,3,1,1.1764062931761146,,210.7
2072,-5.4,0,5,4,1,1.1764062931761146,,210.8
2073,-5.4,0,5,4,1,1.1764062931761146,,210.8
2074,-5.6000000000000005,0,6,3,1,1.1764062931761146,,210.9
2075,-4.300000000000001,0,4,3,1,1.1764062931761146,,211.0
2076,-4.300000000000001,0,4,3,1,1.1764062931761146,,211.0
2077,-4.300000000000001,0,4,3,1,1.1764062931761146,,211.1
2078,-1.4000000000000001,0,5,4,1,1.1764062931761146,,211.2
2079,-5.4,0,5,4,1,1.1764062931761146,,211.3
2080,-5.6000000000000005,0,6,3,1,1.1764062931761146,,211.4
2081,-0.30000000000000004,0,4,3,1,1.1764062931761146,,211.5
2082,-5.4,0,5,4,1,1.1764062931761146,,211.5
2083,-4.700000000000001,0,7,4,1,1.1764062931761146,,211.6
2084,-4.300000000000001,0,4,3,1,1.1764062931761146,,211.7
2085,-2.3000000000000003,0,4,3,1,1.1764062931761146,,211.7
2086,-4.9,0,8,3,1,1.0591873349621892,0.5519757748115808,212.4
2087,-4.300000000000001,0,4,3,1,1.0591873349621892,,212.4
2088,-5.7,0,7,4,1,1.0591873349621892,,212.5
2089,-4.300000000000001,0,4,3,1,1.0591873349621892,,212.6
2090,-2.3000000000000003,0,4,3,1,1.0591873349621892,,212.7
2091,-4.300000000000001,0,4,3,1,1.0591873349621892,,212.8
2092,-4.300000000000001,0,4,3,1,1.0591873349621892,,212.8
2093,-4.300000000000001,0,4,3,1,1.0591873349621892,,212.9
2094,-2.3000000000000003,0,4,3,1,1.0591873349621892,,213.0
2095,-4.300000000000001,0,4,3,1,1.0591873349621892,,213.1
2096,-5.4,0,5,4,1,1.0591873349621892,,213.2
2097,-4.300000000000001,0,4,3,1,1.0591873349621892,,213.3
2098,-4.300000000000001,0,4,3,1,1.0591873349621892,,213.4
2099,-4.300000000000001,0,4,3,1,1.0591873349621892,,213.5
2100,-5.6000000000000005,0,6,3,1,1.0591873349621892,,213.5
2101,-4.300000000000001,0,4,3,1,1.0591873349621892,,213.6
2102,-4.6000000000000005,0,6,3,1,1.0591873349621892,,213.7
2103,-4.300000000000001,0,4,3,1,1.0591873349621892,,213.8
2104,-4.300000000000001,0,4,3,1,1.0591873349621892,,213.9
2105,-4.6,0,6,3,1,1.0591873349621892,,214.0
2106,-4.300000000000001,0,4,3,1,1.0591873349621892,,214.1
2107,-4.300000000000001,0,4,3,1,1.0591873349621892,,214.2
2108,-4.300000000000001,0,4,3,1,1.0591873349621892,,214.2
2109,-4.300000000000001,0,4,3,1,1.0591873349621892,,214.3
2110,-0.30000000000000004,0,4,3,1,1.0591873349621892,,214.3
2111,-4.300000000000001,0,4,3,1,1.0591873349621892,,214.4
2112,-2.3000000000000003,0,4,3,1,1.0591873349621892,,214.5
2113,-0.30000000000000004,0,4,3,1,1.0591873349621892,,214.6
2114,-4.9,0,8,3,1,1.0591873349621892,,214.7
2115,-4.300000000000001,0,4,3,1,1.0591873349621892,,214.8
2116,-4.300000000000001,0,4,3,1,1.0591873349621892,,214.8
2117,-4.300000000000001,0,4,3,1,1.0591873349621892,,214.9
2118,-2.3000000000000003,0,4,3,1,1.0591873349621892,,215.0
2119,-2.3000000000000003,0,4,3,1,1.0591873349621892,,215.1
2120,-4.300000000000001,0,4,3,1,1.0591873349621892,,215.1
2121,-5.4,0,5,4,1,1.0591873349621892,,215.2
2122,5.7,1,4,3,1,1.0591873349621892,,215.3
2123,-4.300000000000001,0,4,3,1,1.0591873349621892,,215.4
2124,-5.4,0,5,4,1,1.0591873349621892,,215.5
2125,-5.4,0,5,4,1,1.0591873349621892,,215.6
2126,-0.30000000000000004,0,4,3,1,1.0591873349621892,,215.6
2127,-4.300000000000001,0,4,3,1,1.0591873349621892,,215.7
2128,-2.3000000000000003,0,4,3,1,1.0591873349621892,,215.7
2129,-4.300000000000001,0,4,3,1,1.0591873349621892,,215.8
2130,-0.30000000000000004,0,4,3,1,1.0591873349621892,,215.9
2131,-4.300000000000001,0,4,3,1,1.0591873349621892,,216.0
2132,-4.300000000000001,0,4,3,1,1.0591873349621892,,216.0
2133,-4.300000000000001,0,4,3,1,1.0591873349621892,,216.1
2134,-4.300000000000001,0,4,3,1,1.0591873349621892,,216.2
2135,-5.6000000000000005,0,6,3,1,1.0591873349621892,,216.3
2136,-4.6,0,6,3,1,1.0591873349621892,,216.4
2137,-4.300000000000001,0,4,3,1,1.0591873349621892,,216.4
2138,-4.300000000000001,0,4,3,1,1.0591873349621892,,216.5
2139,-5.4,0,5,4,1,1.0591873349621892,,216.6
2140,-4.300000000000001,0,4,3,1,1.0591873349621892,,216.7
2141,-6.700000000000001,0,7,4,1,1.0591873349621892,,216.8
2142,-4.300000000000001,0,4,3,1,1.0591873349621892,,216.8
2143,-4.300000000000001,0,4,3,1,1.0591873349621892,,216.9
2144,-4.300000000000001,0,4,3,1,1.0591873349621892,,217.0
2145,-2.3000000000000003,0,4,3,1,1.0591873349621892,,217.1
2146,-5.4,0,5,4,1,1.0591873349621892,,217.2
2147,-4.300000000000001,0,4,3,1,1.0591873349621892,,217.3
2148,5.7,1,4,3,1,1.0591873349621892,,217.4
2149,-2.3000000000000003,0,4,3,1,1.0591873349621892,,217.5
2150,-4.300000000000001,0,4,3,1,1.0591873349621892,,217.6
2151,-2.3000000000000003,0,4,3,1,1.0591873349621892,,217.6
2152,-5.4,0,5,4,1,1.0591873349621892,,217.7
2153,-2.3000000000000003,0,4,3,1,1.0591873349621892,,217.7
2154,-2.3000000000000003,0,4,3,1,1.0591873349621892,,217.8
2155,-5.4,0,5,4,1,1.0591873349621892,,217.9
2156,-2.3000000000000003,0,4,3,1,1.0591873349621892,,218.0
2157,-4.300000000000001,0,4,3,1,1.0591873349621892,,218.1
2158,-4.300000000000001,0,4,3,1,1.0591873349621892,,218.1
2159,-2.3000000000000003,0,4,3,1,1.0591873349621892,,218.2
2160,0.6000000000000001,0,5,4,1,1.0591873349621892,,218.3
2161,-4.300000000000001,0,4,3,1,1.0591873349621892,,218.4
2162,-4.300000000000001,0,4,3,1,1.0591873349621892,,218.5
2163,5.7,1,4,3,1,1.0591873349621892,,218.5
2164,-2.3000000000000003,0,4,3,1,1.0591873349621892,,218.6
2165,-4.300000000000001,0,4,3,1,1.0591873349621892,,218.7
2166,-4.300000000000001,0,4,3,1,1.0591873349621892,,218.8
2167,-2.3000000000000003,0,4,3,1,1.0591873349621892,,218.8
2168,-5.9,0,8,3,1,1.0591873349621892,,219.0
2169,-4.300000000000001,0,4,3,1,1.0591873349621892,,219.1
2170,-4.6000000000000005,0,6,3,1,1.0591873349621892,,219.1
2171,5.7,1,4,3,1,1.0591873349621892,,219.2
2172,-4.300000000000001,0,4,3,1,1.0591873349621892,,219.4
2173,-5.6000000000000005,0,6,3,1,1.0591873349621892,,219.4
2174,-1.6,0,6,3,1,1.0591873349621892,,219.5
2175,-4.300000000000001,0,4,3,1,1.0591873349621892,,219.6
2176,-4.300000000000001,0,4,3,1,1.0591873349621892,,219.7
2177,-1.6,0,6,3,1,1.0591873349621892,,219.7
2178,-5.4,0,5,4,1,1.0591873349621892,,219.8
2179,-4.300000000000001,0,4,3,1,1.0591873349621892,,219.9
2180,-4.300000000000001,0,4,3,1,1.0591873349621892,,220.0
2181,-3.4000000000000004,0,5,4,1,1.0591873349621892,,220.1
2182,-4.300000000000001,0,4,3,1,1.0591873349621892,,220.2
2183,-3.4000000000000004,0,5,4,1,1.0591873349621892,,220.3
2184,-2.3000000000000003,0,4,3,1,1.0591873349621892,,220.4
2185,-3.6000000000000005,0,6,3,1,1.0591873349621892,,220.4
2186,-4.300000000000001,0,4,3,1,1.0591873349621892,,220.5
2187,-2.3000000000000003,0,4,3,1,1.0591873349621892,,220.6
2188,-4.300000000000001,0,4,3,1,1.0591873349621892,,220.7
2189,-2.3000000000000003,0,4,3,1,1.0591873349621892,,220.8
2190,-1.6,0,6,3,1,1.0591873349621892,,220.9
2191,-2.3000000000000003,0,4,3,1,1.0591873349621892,,221.0
2192,-4.300000000000001,0,4,3,1,1.0591873349621892,,221.1
2193,-4.300000000000001,0,4,3,1,1.0591873349621892,,221.1
2194,-3.4000000000000004,0,5,4,1,1.0591873349621892,,221.2
2195,-4.300000000000001,0,4,3,1,1.0591873349621892,,221.3
2196,-4.300000000000001,0,4,3,1,1.0591873349621892,,221.4
2197,-2.3000000000000003,0,4,3,1,1.0591873349621892,,221.4
2198,-0.30000000000000004,0,4,3,1,1.0591873349621892,,221.6
2199,-4.300000000000001,0,4,3,1,1.0591873349621892,,221.6
2200,-4.300000000000001,0,4,3,1,1.0591873349621892,,221.7
2201,-4.300000000000001,0,4,3,1,1.0591873349621892,,221.8
2202,-1.6,0,6,3,1,1.0591873349621892,,221.9
2203,-4.300000000000001,0,4,3,1,1.0591873349621892,,222.0
2204,-4.300000000000001,0,4,3,1,1.0591873349621892,,222.1
2205,-4.300000000000001,0,4,3,1,1.0591873349621892,,222.1
2206,-2.3000000000000003,0,4,3,1,1.0591873349621892,,222.2
2207,-5.4,0,5,4,1,1.0591873349621892,,222.3
2208,-5.6000000000000005,0,6,3,1,1.0591873349621892,,222.3
2209,-0.30000000000000004,0,4,3,1,1.0591873349621892,,222.4
2210,-4.300000000000001,0,4,3,1,1.0591873349621892,,222.5
2211,-4.300000000000001,0,4,3,1,1.0591873349621892,,222.6
2212,-3.6000000000000005,0,6,3,1,1.0591873349621892,,222.7
2213,-5.4,0,5,4,1,1.0591873349621892,,222.7
2214,-4.300000000000001,0,4,3,1,1.0591873349621892,,222.8
2215,-4.300000000000001,0,4,3,1,1.0591873349621892,,222.9
2216,-4.300000000000001,0,4,3,1,1.0591873349621892,,222.9
2217,-4.700000000000001,0,7,4,1,1.0591873349621892,,223.0
2218,-4.300000000000001,0,4,3,1,1.0591873349621892,,223.1
2219,6.6,1,5,4,1,1.0591873349621892,,223.2
2220,-2.3000000000000003,0,4,3,1,1.0591873349621892,,223.3
2221,-4.300000000000001,0,4,3,1,1.0591873349621892,,223.4
2222,-4.300000000000001,0,4,3,1,1.0591873349621892,,223.5
2223,-4.300000000000001,0,4,3,1,1.0591873349621892,,223.6
2224,-4.6000000000000005,0,6,3,1,1.0591873349621892,,223.7
2225,-4.300000000000001,0,4,3,1,1.0591873349621892,,223.7
2226,-5.6000000000000005,0,6,3,1,1.0591873349621892,,223.8
2227,-2.3000000000000003,0,4,3,1,1.0591873349621892,,223.9
2228,-4.300000000000001,0,4,3,1,1.0591873349621892,,224.0
2229,-4.300000000000001,0,4,3,1,1.0591873349621892,,224.1
2230,-2.3000000000000003,0,4,3,1,1.0591873349621892,,224.1
2231,-4.300000000000001,0,4,3,1,1.0591873349621892,,224.2
2232,-4.300000000000001,0,4,3,1,1.0591873349621892,,224.2
2233,-2.3000000000000003,0,4,3,1,1.0591873349621892,,224.3
2234,-4.300000000000001,0,4,3,1,1.0591873349621892,,224.4
2235,-4.300000000000001,0,4,3,1,1.0591873349621892,,224.5
2236,-2.3000000000000003,0,4,3,1,1.0591873349621892,,224.6
2237,-0.30000000000000004,0,4,3,1,1.0591873349621892,,224.7
2238,-2.3000000000000003,0,4,3,1,1.0591873349621892,,224.7
2239,-4.300000000000001,0,4,3,1,1.0591873349621892,,224.8
2240,-4.300000000000001,0,4,3,1,1.0591873349621892,,224.9
2241,-4.300000000000001,0,4,3,1,1.0591873349621892,,224.9
2242,-4.300000000000001,0,4,3,1,1.0591873349621892,,225.0
2243,-4.300000000000001,0,4,3,1,1.0591873349621892,,225.0
2244,-2.3000000000000003,0,4,3,1,1.0591873349621892,,225.1
2245,4.4,1,6,3,1,1.0591873349621892,,225.2
2246,-0.30000000000000004,0,4,3,1,1.0591873349621892,,225.3
2247,-4.300000000000001,0,4,3,1,1.0591873349621892,,225.4
2248,-4.300000000000001,0,4,3,1,1.0591873349621892,,225.4
2249,-2.3000000000000003,0,4,3,1,1.0591873349621892,,225.5
2250,-4.300000000000001,0,4,3,1,1.0591873349621892,,225.5
2251,-5.4,0,5,4,1,1.0591873349621892,,225.6
2252,-4.300000000000001,0,4,3,1,1.0591873349621892,,225.7
2253,-4.300000000000001,0,4,3,1,1.0591873349621892,,225.8
2254,-4.300000000000001,0,4,3,1,1.0591873349621892,,225.8
2255,-3.4000000000000004,0,5,4,1,1.0591873349621892,,225.9
2256,-4.300000000000001,0,4,3,1,1.0591873349621892,,226.0
2257,-5.6000000000000005,0,6,3,1,1.0591873349621892,,226.1
2258,-4.300000000000001,0,4,3,1,1.0591873349621892,,226.1
2259,-4.300000000000001,0,4,3,1,1.0591873349621892,,226.2
2260,-2.3000000000000003,0,4,3,1,1.0591873349621892,,226.3
2261,-4.300000000000001,0,4,3,1,1.0591873349621892,,226.4
2262,-2.3000000000000003,0,4,3,1,1.0591873349621892,,226.5
2263,-4.300000000000001,0,4,3,1,1.0591873349621892,,226.6
2264,-4.300000000000001,0,4,3,1,1.0591873349621892,,226.6
2265,-4.300000000000001,0,4,3,1,1.0591873349621892,,226.7
2266,-0.30000000000000004,0,4,3,1,1.0591873349621892,,226.8
2267,-2.3000000000000003,0,4,3,1,1.0591873349621892,,226.9
2268,-4.300000000000001,0,4,3,1,1.0591873349621892,,226.9
2269,-3.6000000000000005,0,6,3,1,1.0591873349621892,,227.0
2270,-4.300000000000001,0,4,3,1,1.0591873349621892,,227.1
2271,-4.300000000000001,0,4,3,1,1.0591873349621892,,227.1
2272,5.7,1,4,3,1,1.0591873349621892,,227.2
2273,-2.3000000000000003,0,4,3,1,1.0591873349621892,,227.3
2274,-0.30000000000000004,0,4,3,1,1.0591873349621892,,227.4
2275,-4.300000000000001,0,4,3,1,1.0591873349621892,,227.4
2276,-4.300000000000001,0,4,3,1,1.0591873349621892,,227.5
2277,-0.30000000000000004,0,4,3,1,1.0591873349621892,,227.6
2278,5.7,1,4,3,1,1.0591873349621892,,227.7
2279,-4.300000000000001,0,4,3,1,1.0591873349621892,,227.7
2280,-0.30000000000000004,0,4,3,1,1.0591873349621892,,227.8
2281,-4.300000000000001,0,4,3,1,1.0591873349621892,,227.8
2282,-4.300000000000001,0,4,3,1,1.0591873349621892,,227.8
2283,-4.300000000000001,0,4,3,1,1.0591873349621892,,227.9
2284,-2.3000000000000003,0,4,3,1,1.0591873349621892,,228.0
2285,-3.4000000000000004,0,5,4,1,1.0591873349621892,,228.1
2286,-3.4000000000000004,0,5,4,1,1.0591873349621892,,228.2
2287,-2.3000000000000003,0,4,3,1,1.0591873349621892,,228.2
2288,-5.4,0,5,4,1,1.0591873349621892,,228.3
2289,-4.300000000000001,0,4,3,1,1.0591873349621892,,228.4
2290,-4.300000000000001,0,4,3,1,1.0591873349621892,,228.4
2291,-4.300000000000001,0,4,3,1,1.0591873349621892,,228.5
2292,-4.300000000000001,0,4,3,1,1.0591873349621892,,228.6
2293,-4.300000000000001,0,4,3,1,1.0591873349621892,,228.7
2294,-4.300000000000001,0,4,3,1,1.0591873349621892,,228.7
2295,-0.30000000000000004,0,4,3,1,1.0591873349621892,,228.7
2296,-4.300000000000001,0,4,3,1,1.0591873349621892,,228.8
2297,-2.3000000000000003,0,4,3,1,1.0591873349621892,,228.9
2298,-4.300000000000001,0,4,3,1,1.0591873349621892,,228.9
2299,-4.300000000000001,0,4,3,1,1.0591873349621892,,229.0
2300,-6.900000000000001,0,8,3,1,1.0591873349621892,,229.1
2301,-2.3000000000000003,0,4,3,1,1.0591873349621892,,229.2
2302,-4.300000000000001,0,4,3,1,1.0591873349621892,,229.3
2303,-4.300000000000001,0,4,3,1,1.0591873349621892,,229.4
2304,-6.9,0,8,3,1,1.0591873349621892,,229.4
2305,-4.300000000000001,0,4,3,1,1.0591873349621892,,229.5
2306,-2.3000000000000003,0,4,3,1,1.0591873349621892,,229.6
2307,-4.300000000000001,0,4,3,1,1.0591873349621892,,229.6
2308,-4.300000000000001,0,4,3,1,1.0591873349621892,,229.7
2309,-4.300000000000001,0,4,3,1,1.0591873349621892,,229.8
2310,-4.300000000000001,0,4,3,1,1.0591873349621892,,229.9
2311,-4.300000000000001,0,4,3,1,1.0591873349621892,,229.9
2312,-4.300000000000001,0,4,3,1,1.0591873349621892,,230.0
2313,-5.4,0,5,4,1,1.0591873349621892,,230.1
2314,4.4,1,6,3,1,1.0591873349621892,,230.1
2315,-2.3000000000000003,0,4,3,1,1.0591873349621892,,230.2
2316,-4.300000000000001,0,4,3,1,1.0591873349621892,,230.3
2317,-0.30000000000000004,0,4,3,1,1.0591873349621892,,230.4
2318,-4.300000000000001,0,4,3,1,1.0591873349621892,,230.5
2319,-4.300000000000001,0,4,3,1,1.0591873349621892,,230.6
2320,-4.300000000000001,0,4,3,1,1.0591873349621892,,230.7
2321,-2.3000000000000003,0,4,3,1,1.0591873349621892,,230.7
2322,-4.300000000000001,0,4,3,1,1.0591873349621892,,230.8
2323,-5.6000000000000005,0,6,3,1,1.0591873349621892,,230.9
2324,-4.300000000000001,0,4,3,1,1.0591873349621892,,231.0
2325,-5.4,0,5,4,1,1.0591873349621892,,231.0
2326,-6.9,0,8,3,1,1.0591873349621892,,231.1
2327,-1.6,0,6,3,1,1.0591873349621892,,231.2
2328,-2.3000000000000003,0,4,3,1,1.0591873349621892,,231.2
2329,-4.300000000000001,0,4,3,1,1.0591873349621892,,231.3
2330,-4.300000000000001,0,4,3,1,1.0591873349621892,,231.4
2331,5.7,1,4,3,1,1.0591873349621892,,231.4
2332,-4.300000000000001,0,4,3,1,1.0591873349621892,,231.5
2333,-3.6,0,6,3,1,1.0591873349621892,,231.6
2334,-1.4000000000000001,0,5,4,1,1.0591873349621892,,231.6
2335,-5.700000000000001,0,7,4,1,1.0591873349621892,,231.7
2336,-4.300000000000001,0,4,3,1,1.0591873349621892,,231.8
2337,-4.300000000000001,0,4,3,1,1.0591873349621892,,231.9
2338,-3.6000000000000005,0,6,3,1,1.0591873349621892,,232.0
2339,-4.300000000000001,0,4,3,1,1.0591873349621892,,232.1
2340,-6.9,0,8,3,1,1.0591873349621892,,232.2
2341,-5.4,0,5,4,1,1.0591873349621892,,232.2
2342,-2.3000000000000003,0,4,3,1,1.0591873349621892,,232.3
2343,-4.300000000000001,0,4,3,1,1.0591873349621892,,232.4
2344,-4.300000000000001,0,4,3,1,1.0591873349621892,,232.5
2345,-2.3000000000000003,0,4,3,1,1.0591873349621892,,232.5
2346,-5.4,0,5,4,1,1.0591873349621892,,232.6
2347,-4.300000000000001,0,4,3,1,1.0591873349621892,,232.7
2348,-5.4,0,5,4,1,1.0591873349621892,,232.8
2349,-4.300000000000001,0,4,3,1,1.0591873349621892,,232.8
2350,-4.300000000000001,0,4,3,1,1.0591873349621892,,232.9
2351,-3.6,0,6,3,1,1.0591873349621892,,233.0
2352,-4.300000000000001,0,4,3,1,1.0591873349621892,,233.1
2353,-1.4000000000000001,0,5,4,1,1.0591873349621892,,233.2
2354,-4.300000000000001,0,4,3,1,1.0591873349621892,,233.3
2355,-4.300000000000001,0,4,3,1,1.0591873349621892,,233.3
2356,-4.300000000000001,0,4,3,1,1.0591873349621892,,233.4
2357,-3.4000000000000004,0,5,4,1,1.0591873349621892,,233.5
2358,-3.4000000000000004,0,5,4,1,1.0591873349621892,,233.6
2359,-4.300000000000001,0,4,3,1,1.0591873349621892,,233.7
2360,-4.300000000000001,0,4,3,1,1.0591873349621892,,233.8
2361,-2.3000000000000003,0,4,3,1,1.0591873349621892,,233.9
2362,-5.4,0,5,4,1,1.0591873349621892,,233.9
2363,-4.300000000000001,0,4,3,1,1.0591873349621892,,234.0
2364,-4.300000000000001,0,4,3,1,1.0591873349621892,,234.1
2365,-4.300000000000001,0,4,3,1,1.0591873349621892,,234.2
2366,-5.4,0,5,4,1,1.0591873349621892,,234.2
2367,-4.6,0,6,3,1,1.0591873349621892,,234.3
2368,-4.300000000000001,0,4,3,1,1.0591873349621892,,234.4
2369,-4.300000000000001,0,4,3,1,1.0591873349621892,,234.5
2370,-4.300000000000001,0,4,3,1,1.0591873349621892,,234.6
2371,-4.300000000000001,0,4,3,1,1.0591873349621892,,234.6
2372,-3.6,0,6,3,1,1.0591873349621892,,234.7
2373,-4.300000000000001,0,4,3,1,1.0591873349621892,,234.8
2374,-2.7,0,7,4,1,1.0591873349621892,,234.9
2375,-4.300000000000001,0,4,3,1,1.0591873349621892,,235.0
2376,-4.300000000000001,0,4,3,1,1.0591873349621892,,235.1
2377,-4.6,0,6,3,1,1.0591873349621892,,235.1
2378,-4.300000000000001,0,4,3,1,1.0591873349621892,,235.2
2379,-4.300000000000001,0,4,3,1,1.0591873349621892,,235.2
2380,-4.300000000000001,0,4,3,1,1.0591873349621892,,235.3
2381,-4.300000000000001,0,4,3,1,1.0591873349621892,,235.4
2382,-4.300000000000001,0,4,3,1,1.0591873349621892,,235.4
2383,-2.3000000000000003,0,4,3,1,1.0591873349621892,,235.5
2384,-4.300000000000001,0,4,3,1,1.0591873349621892,,235.6
2385,-4.300000000000001,0,4,3,1,1.0591873349621892,,235.6
2386,5.7,1,4,3,1,1.0591873349621892,,235.7
2387,-5.4,0,5,4,1,1.0591873349621892,,235.8
2388,-4.300000000000001,0,4,3,1,1.0591873349621892,,235.9
2389,-4.300000000000001,0,4,3,1,1.0591873349621892,,235.9
2390,-4.300000000000001,0,4,3,1,1.0591873349621892,,236.0
2391,-4.6000000000000005,0,6,3,1,1.0591873349621892,,236.1
2392,-4.300000000000001,0,4,3,1,1.0591873349621892,,236.2
2393,-0.30000000000000004,0,4,3,1,1.0591873349621892,,236.3
2394,-4.300000000000001,0,4,3,1,1.0591873349621892,,236.3
2395,-4.300000000000001,0,4,3,1,1.0591873349621892,,236.4
2396,-4.300000000000001,0,4,3,1,1.0591873349621892,,236.5
2397,4.4,1,6,3,1,1.0591873349621892,,236.6
2398,-4.300000000000001,0,4,3,1,1.0591873349621892,,236.6
2399,-4.300000000000001,0,4,3,1,1.0591873349621892,,236.7
2400,-4.300000000000001,0,4,3,1,1.0591873349621892,,236.8
2401,-1.6,0,6,3,1,1.0591873349621892,,236.9
2402,-0.30000000000000004,0,4,3,1,1.0591873349621892,,236.9
2403,-6.9,0,8,3,1,1.0591873349621892,,237.1
2404,-4.300000000000001,0,4,3,1,1.0591873349621892,,237.1
2405,-4.300000000000001,0,4,3,1,1.0591873349621892,,237.2
2406,-4.300000000000001,0,4,3,1,1.0591873349621892,,237.3
2407,-4.300000000000001,0,4,3,1,1.0591873349621892,,237.4
2408,-4.300000000000001,0,4,3,1,1.0591873349621892,,237.5
2409,5.7,1,4,3,1,1.0591873349621892,,237.6
2410,-2.3000000000000003,0,4,3,1,1.0591873349621892,,237.7
2411,-4.6,0,6,3,1,1.0591873349621892,,237.8
2412,-4.300000000000001,0,4,3,1,1.0591873349621892,,237.8
2413,-2.3000000000000003,0,4,3,1,1.0591873349621892,,237.9
2414,-5.4,0,5,4,1,1.0591873349621892,,238.0
2415,-2.3000000000000003,0,4,3,1,1.0591873349621892,,238.0
2416,-4.300000000000001,0,4,3,1,1.0591873349621892,,238.1
2417,-2.3000000000000003,0,4,3,1,1.0591873349621892,,238.2
2418,-4.300000000000001,0,4,3,1,1.0591873349621892,,238.3
2419,-4.300000000000001,0,4,3,1,1.0591873349621892,,238.4
2420,-4.300000000000001,0,4,3,1,1.0591873349621892,,238.4
2421,-4.300000000000001,0,4,3,1,1.0591873349621892,,238.5
2422,-4.300000000000001,0,4,3,1,1.0591873349621892,,238.6
2423,-4.300000000000001,0,4,3,1,1.0591873349621892,,238.6
2424,-4.300000000000001,0,4,3,1,1.0591873349621892,,238.7
2425,-4.300000000000001,0,4,3,1,1.0591873349621892,,238.8
2426,-4.6,0,6,3,1,1.0591873349621892,,238.9
2427,-4.300000000000001,0,4,3,1,1.0591873349621892,,239.0
2428,5.7,1,4,3,1,1.0591873349621892,,239.0
2429,-2.3000000000000003,0,4,3,1,1.0591873349621892,,239.2
2430,-5.9,0,8,3,1,1.0591873349621892,,239.2
2431,-5.4,0,5,4,1,1.0591873349621892,,239.3
2432,-4.6,0,6,3,1,1.0591873349621892,,239.3
2433,-0.30000000000000004,0,4,3,1,1.0591873349621892,,239.4
2434,-4.300000000000001,0,4,3,1,1.0591873349621892,,239.5
2435,-4.300000000000001,0,4,3,1,1.0591873349621892,,239.5
2436,-4.300000000000001,0,4,3,1,1.0591873349621892,,239.6
2437,-4.300000000000001,0,4,3,1,1.0591873349621892,,239.7
2438,5.7,1,4,3,1,1.0591873349621892,,239.7
2439,-2.3000000000000003,0,4,3,1,1.0591873349621892,,239.8
2440,-3.4000000000000004,0,5,4,1,1.0591873349621892,,239.9
2441,-3.4000000000000004,0,5,4,1,1.0591873349621892,,239.9
2442,-4.300000000000001,0,4,3,1,1.0591873349621892,,240.0
2443,-4.300000000000001,0,4,3,1,1.0591873349621892,,240.1
2444,-5.4,0,5,4,1,1.0591873349621892,,240.2
2445,-4.300000000000001,0,4,3,1,1.0591873349621892,,240.2
2446,-4.300000000000001,0,4,3,1,1.0591873349621892,,240.3
2447,-3.4000000000000004,0,5,4,1,1.0591873349621892,,240.4
2448,-0.30000000000000004,0,4,3,1,1.0591873349621892,,240.4
2449,-4.300000000000001,0,4,3,1,1.0591873349621892,,240.5
2450,-4.300000000000001,0,4,3,1,1.0591873349621892,,240.6
2451,-4.300000000000001,0,4,3,1,1.0591873349621892,,240.7
2452,-4.300000000000001,0,4,3,1,1.0591873349621892,,240.8
2453,-5.4,0,5,4,1,1.0591873349621892,,240.8
2454,-4.300000000000001,0,4,3,1,1.0591873349621892,,240.9
2455,-4.300000000000001,0,4,3,1,1.0591873349621892,,241.0
2456,-4.300000000000001,0,4,3,1,1.0591873349621892,,241.1
2457,5.7,1,4,3,1,1.0591873349621892,,241.2
2458,-4.300000000000001,0,4,3,1,1.0591873349621892,,241.3
2459,-4.300000000000001,0,4,3,1,1.0591873349621892,,241.4
2460,-3.6000000000000005,0,6,3,1,1.0591873349621892,,241.4
2461,-4.300000000000001,0,4,3,1,1.0591873349621892,,241.5
2462,-0.30000000000000004,0,4,3,1,1.0591873349621892,,241.6
2463,-4.300000000000001,0,4,3,1,1.0591873349621892,,241.7
2464,-4.300000000000001,0,4,3,1,1.0591873349621892,,241.8
2465,-5.4,0,5,4,1,1.0591873349621892,,241.8
2466,-2.3000000000000003,0,4,3,1,1.0591873349621892,,241.9
2467,-4.300000000000001,0,4,3,1,1.0591873349621892,,242.0
2468,-2.3000000000000003,0,4,3,1,1.0591873349621892,,242.0
2469,-4.300000000000001,0,4,3,1,1.0591873349621892,,242.1
2470,-4.300000000000001,0,4,3,1,1.0591873349621892,,242.2
2471,-3.4000000000000004,0,5,4,1,1.0591873349621892,,242.2
2472,-4.300000000000001,0,4,3,1,1.0591873349621892,,242.3
2473,-4.300000000000001,0,4,3,1,1.0591873349621892,,242.4
2474,-5.6000000000000005,0,6,3,1,1.0591873349621892,,242.5
2475,-4.300000000000001,0,4,3,1,1.0591873349621892,,242.5
2476,-4.300000000000001,0,4,3,1,1.0591873349621892,,242.6
2477,-4.6,0,6,3,1,1.0591873349621892,,242.7
2478,-4.300000000000001,0,4,3,1,1.0591873349621892,,242.8
2479,-4.300000000000001,0,4,3,1,1.0591873349621892,,242.9
2480,-4.300000000000001,0,4,3,1,1.0591873349621892,,243.0
2481,-4.300000000000001,0,4,3,1,1.0591873349621892,,243.1
2482,-4.300000000000001,0,4,3,1,1.0591873349621892,,243.1
2483,-4.300000000000001,0,4,3,1,1.0591873349621892,,243.2
2484,-2.6,0,6,3,1,1.0591873349621892,,243.3
2485,-4.300000000000001,0,4,3,1,1.0591873349621892,,243.4
2486,-4.300000000000001,0,4,3,1,1.0591873349621892,,243.5
2487,-2.3000000000000003,0,4,3,1,1.0591873349621892,,243.6
2488,-4.300000000000001,0,4,3,1,1.0591873349621892,,243.7
2489,5.7,1,4,3,1,1.0591873349621892,,243.8
2490,-3.6000000000000005,0,6,3,1,1.0591873349621892,,243.8
2491,-4.300000000000001,0,4,3,1,1.0591873349621892,,243.9
2492,-0.30000000000000004,0,4,3,1,1.0591873349621892,,243.9
2493,5.7,1,4,3,1,1.0591873349621892,,244.0
2494,-2.3000000000000003,0,4,3,1,1.0591873349621892,,244.1
2495,-4.300000000000001,0,4,3,1,1.0591873349621892,,244.1
2496,-4.300000000000001,0,4,3,1,1.0591873349621892,,244.2
2497,-4.300000000000001,0,4,3,1,1.0591873349621892,,244.3
2498,-4.300000000000001,0,4,3,1,1.0591873349621892,,244.4
2499,-4.6000000000000005,0,6,3,1,1.0591873349621892,,244.5
2500,-4.300000000000001,0,4,3,1,1.0591873349621892,,244.5
2501,-4.300000000000001,0,4,3,1,1.0591873349621892,,250.0
2502,-4.300000000000001,0,4,3,1,1.0591873349621892,,250.1
2503,-5.6000000000000005,0,6,3,1,1.0591873349621892,,250.2
2504,-4.300000000000001,0,4,3,1,1.0591873349621892,,250.2
2505,-5.6000000000000005,0,6,3,1,1.0591873349621892,,250.3
2506,-4.6000000000000005,0,6,3,1,1.0591873349621892,,250.3
2507,-4.300000000000001,0,4,3,1,1.0591873349621892,,250.4
2508,-5.4,0,5,4,1,1.0591873349621892,,250.5
2509,-4.300000000000001,0,4,3,1,1.0591873349621892,,250.6
2510,-0.30000000000000004,0,4,3,1,1.0591873349621892,,250.6
2511,-4.300000000000001,0,4,3,1,1.0591873349621892,,250.7
2512,-4.300000000000001,0,4,3,1,1.0591873349621892,,250.7
2513,-2.3000000000000003,0,4,3,1,1.0591873349621892,,250.8
2514,-4.300000000000001,0,4,3,1,1.0591873349621892,,250.9
2515,-4.300000000000001,0,4,3,1,1.0591873349621892,,250.9
2516,-4.300000000000001,0,4,3,1,1.0591873349621892,,251.0
2517,-0.30000000000000004,0,4,3,1,1.0591873349621892,,251.0
2518,-2.3000000000000003,0,4,3,1,1.0591873349621892,,251.1
2519,-4.300000000000001,0,4,3,1,1.0591873349621892,,251.2
2520,-4.300000000000001,0,4,3,1,1.0591873349621892,,251.3
2521,-4.300000000000001,0,4,3,1,1.0591873349621892,,251.3
2522,-4.300000000000001,0,4,3,1,1.0591873349621892,,251.4
2523,-4.300000000000001,0,4,3,1,1.0591873349621892,,251.5
2524,-4.300000000000001,0,4,3,1,1.0591873349621892,,251.5
2525,-4.300000000000001,0,4,3,1,1.0591873349621892,,251.6
2526,-4.300000000000001,0,4,3,1,1.0591873349621892,,251.6
2527,-4.300000000000001,0,4,3,1,1.0591873349621892,,251.7
2528,-4.300000000000001,0,4,3,1,1.0591873349621892,,251.8
2529,-2.3000000000000003,0,4,3,1,1.0591873349621892,,251.8
2530,-4.300000000000001,0,4,3,1,1.0591873349621892,,251.9
2531,-4.300000000000001,0,4,3,1,1.0591873349621892,,252.0
2532,-2.3000000000000003,0,4,3,1,1.0591873349621892,,252.0
2533,-1.6,0,6,3,1,1.0591873349621892,,252.1
2534,-4.300000000000001,0,4,3,1,1.0591873349621892,,252.2
2535,-4.300000000000001,0,4,3,1,1.0591873349621892,,252.3
2536,-2.3000000000000003,0,4,3,1,1.0591873349621892,,252.4
2537,-5.6000000000000005,0,6,3,1,1.0591873349621892,,252.5
2538,-5.6000000000000005,0,6,3,1,1.0591873349621892,,252.6
2539,-4.300000000000001,0,4,3,1,1.0591873349621892,,252.7
2540,-4.300000000000001,0,4,3,1,1.0591873349621892,,252.8
2541,-4.300000000000001,0,4,3,1,1.0591873349621892,,252.8
2542,-4.300000000000001,0,4,3,1,1.0591873349621892,,252.9
2543,-5.4,0,5,4,1,1.0591873349621892,,252.9
2544,-4.300000000000001,0,4,3,1,1.0591873349621892,,253.0
2545,-1.4000000000000001,0,5,4,1,1.0591873349621892,,253.1
2546,-3.6000000000000005,0,6,3,1,1.0591873349621892,,253.2
2547,-2.3000000000000003,0,4,3,1,1.0591873349621892,,253.2
2548,-2.3000000000000003,0,4,3,1,1.0591873349621892,,253.3
2549,-5.4,0,5,4,1,1.0591873349621892,,253.4
2550,-1.6,0,6,3,1,1.0591873349621892,,253.5
2551,-0.30000000000000004,0,4,3,1,1.0034804618917406,0.899115736479871,254.2
2552,-2.3000000000000003,0,4,3,1,1.0034804618917406,,254.3
2553,-4.300000000000001,0,4,3,1,1.0034804618917406,,254.4
2554,-5.6000000000000005,0,6,3,1,1.0034804618917406,,254.5
2555,-0.30000000000000004,0,4,3,1,1.0034804618917406,,254.5
2556,-0.30000000000000004,0,4,3,1,1.0034804618917406,,254.6
2557,-4.300000000000001,0,4,3,1,1.0034804618917406,,254.7
2558,-0.30000000000000004,0,4,3,1,1.0034804618917406,,254.8
2559,-4.300000000000001,0,4,3,1,1.0034804618917406,,254.8
2560,-0.6000000000000001,0,6,3,1,1.0034804618917406,,254.9
2561,-4.300000000000001,0,4,3,1,1.0034804618917406,,254.9
2562,-4.300000000000001,0,4,3,1,1.0034804618917406,,255.0
2563,-4.300000000000001,0,4,3,1,1.0034804618917406,,255.1
2564,-4.300000000000001,0,4,3,1,1.0034804618917406,,255.2
2565,-4.300000000000001,0,4,3,1,1.0034804618917406,,255.2
2566,0.6000000000000001,0,5,4,1,1.0034804618917406,,255.3
2567,-4.300000000000001,0,4,3,1,1.0034804618917406,,255.4
2568,-4.300000000000001,0,4,3,1,1.0034804618917406,,255.5
2569,-5.4,0,5,4,1,1.0034804618917406,,255.5
2570,-2.3000000000000003,0,4,3,1,1.0034804618917406,,255.6
2571,-2.3000000000000003,0,4,3,1,1.0034804618917406,,255.7
2572,-4.300000000000001,0,4,3,1,1.0034804618917406,,255.7
2573,-4.300000000000001,0,4,3,1,1.0034804618917406,,255.8
2574,-2.3000000000000003,0,4,3,1,1.0034804618917406,,255.9
2575,-4.300000000000001,0,4,3,1,1.0034804618917406,,256.0
2576,-4.300000000000001,0,4,3,1,1.0034804618917406,,256.0
2577,-4.300000000000001,0,4,3,1,1.0034804618917406,,256.1
2578,-4.300000000000001,0,4,3,1,1.0034804618917406,,256.2
2579,-0.30000000000000004,0,4,3,1,1.0034804618917406,,256.3
2580,-4.300000000000001,0,4,3,1,1.0034804618917406,,256.4
2581,-4.300000000000001,0,4,3,1,1.0034804618917406,,256.5
2582,-2.3000000000000003,0,4,3,1,1.0034804618917406,,256.5
2583,-0.30000000000000004,0,4,3,1,1.0034804618917406,,256.6
2584,-2.3000000000000003,0,4,3,1,1.0034804618917406,,256.7
2585,-0.30000000000000004,0,4,3,1,1.0034804618917406,,256.8
2586,-4.300000000000001,0,4,3,1,1.0034804618917406,,256.8
2587,-4.300000000000001,0,4,3,1,1.0034804618917406,,256.9
2588,-4.300000000000001,0,4,3,1,1.0034804618917406,,257.0
2589,-4.300000000000001,0,4,3,1,1.0034804618917406,,257.1
2590,-5.4,0,5,4,1,1.0034804618917406,,257.2
2591,-0.30000000000000004,0,4,3,1,1.0034804618917406,,257.3
2592,-4.300000000000001,0,4,3,1,1.0034804618917406,,257.4
2593,-3.4000000000000004,0,5,4,1,1.0034804618917406,,257.4
2594,-0.30000000000000004,0,4,3,1,1.0034804618917406,,257.5
2595,-4.300000000000001,0,4,3,1,1.0034804618917406,,257.6
2596,-4.300000000000001,0,4,3,1,1.0034804618917406,,257.7
2597,-5.4,0,5,4,1,1.0034804618917406,,257.8
2598,-2.3000000000000003,0,4,3,1,1.0034804618917406,,257.8
2599,-4.300000000000001,0,4,3,1,1.0034804618917406,,257.9
2600,-2.3000000000000003,0,4,3,1,1.0034804618917406,,258.0
2601,-2.3000000000000003,0,4,3,1,1.0034804618917406,,258.1
2602,-4.300000000000001,0,4,3,1,1.0034804618917406,,258.2
2603,-2.3000000000000003,0,4,3,1,1.0034804618917406,,258.2
2604,-5.4,0,5,4,1,1.0034804618917406,,258.3
2605,-4.300000000000001,0,4,3,1,1.0034804618917406,,258.4
2606,-4.300000000000001,0,4,3,1,1.0034804618917406,,258.4
2607,-4.300000000000001,0,4,3,1,1.0034804618917406,,258.5
2608,-4.300000000000001,0,4,3,1,1.0034804618917406,,258.6
2609,-4.300000000000001,0,4,3,1,1.0034804618917406,,258.6
2610,-4.300000000000001,0,4,3,1,1.0034804618917406,,258.7
2611,-2.3000000000000003,0,4,3,1,1.0034804618917406,,258.8
2612,-4.300000000000001,0,4,3,1,1.0034804618917406,,258.9
2613,-4.300000000000001,0,4,3,1,1.0034804618917406,,259.0
2614,-2.3000000000000003,0,4,3,1,1.0034804618917406,,259.0
2615,-5.4,0,5,4,1,1.0034804618917406,,259.1
2616,-4.300000000000001,0,4,3,1,1.0034804618917406,,259.2
2617,-2.3000000000000003,0,4,3,1,1.0034804618917406,,259.3
2618,-4.300000000000001,0,4,3,1,1.0034804618917406,,259.3
2619,-0.6000000000000001,0,6,3,1,1.0034804618917406,,259.4
2620,-2.3000000000000003,0,4,3,1,1.0034804618917406,,259.5
2621,-4.300000000000001,0,4,3,1,1.0034804618917406,,259.6
2622,5.7,1,4,3,1,1.0034804618917406,,259.6
2623,-0.30000000000000004,0,4,3,1,1.0034804618917406,,259.7
2624,-6.700000000000001,0,7,4,1,1.0034804618917406,,259.7
2625,-0.30000000000000004,0,4,3,1,1.0034804618917406,,259.8
2626,-2.3000000000000003,0,4,3,1,1.0034804618917406,,259.9
2627,5.7,1,4,3,1,1.0034804618917406,,260.0
2628,-4.300000000000001,0,4,3,1,1.0034804618917406,,260.1
2629,-1.6,0,6,3,1,1.0034804618917406,,260.2
2630,-3.4000000000000004,0,5,4,1,1.0034804618917406,,260.3
2631,-4.300000000000001,0,4,3,1,1.0034804618917406,,260.3
2632,-4.300000000000001,0,4,3,1,1.0034804618917406,,260.4
2633,-4.300000000000001,0,4,3,1,1.0034804618917406,,260.5
2634,-4.300000000000001,0,4,3,1,1.0034804618917406,,260.5
2635,-2.3000000000000003,0,4,3,1,1.0034804618917406,,260.6
2636,-0.6000000000000001,0,6,3,1,1.0034804618917406,,260.7
2637,-4.300000000000001,0,4,3,1,1.0034804618917406,,260.8
2638,-4.300000000000001,0,4,3,1,1.0034804618917406,,260.8
2639,-0.30000000000000004,0,4,3,1,1.0034804618917406,,260.9
2640,-4.300000000000001,0,4,3,1,1.0034804618917406,,261.0
2641,-4.300000000000001,0,4,3,1,1.0034804618917406,,261.1
2642,4.4,1,6,3,1,1.0034804618917406,,261.2
2643,-2.3000000000000003,0,4,3,1,1.0034804618917406,,261.3
2644,-0.30000000000000004,0,4,3,1,1.0034804618917406,,261.3
2645,-2.3000000000000003,0,4,3,1,1.0034804618917406,,261.4
2646,-4.6,0,6,3,1,1.0034804618917406,,261.4
2647,-4.300000000000001,0,4,3,1,1.0034804618917406,,261.5
2648,-4.300000000000001,0,4,3,1,1.0034804618917406,,261.6
2649,-4.300000000000001,0,4,3,1,1.0034804618917406,,261.6
2650,-5.7,0,7,4,1,1.0034804618917406,,261.6
2651,-4.300000000000001,0,4,3,1,1.0034804618917406,,261.7
2652,-4.300000000000001,0,4,3,1,1.0034804618917406,,261.8
2653,-4.300000000000001,0,4,3,1,1.0034804618917406,,261.9
2654,-2.9000000000000004,0,8,3,1,1.0034804618917406,,262.0
2655,-4.300000000000001,0,4,3,1,1.0034804618917406,,262.0
2656,-4.300000000000001,0,4,3,1,1.0034804618917406,,262.1
2657,-4.300000000000001,0,4,3,1,1.0034804618917406,,262.2
2658,-5.9,0,8,3,1,1.0034804618917406,,262.2
2659,5.7,1,4,3,1,1.0034804618917406,,262.3
2660,-4.300000000000001,0,4,3,1,1.0034804618917406,,262.4
2661,-2.6,0,6,3,1,1.0034804618917406,,262.5
2662,-4.300000000000001,0,4,3,1,1.0034804618917406,,262.5
2663,-4.300000000000001,0,4,3,1,1.0034804618917406,,262.6
2664,-2.3000000000000003,0,4,3,1,1.0034804618917406,,262.8
2665,-3.6000000000000005,0,6,3,1,1.0034804618917406,,262.9
2666,-4.300000000000001,0,4,3,1,1.0034804618917406,,262.9
2667,-4.300000000000001,0,4,3,1,1.0034804618917406,,263.1
2668,-4.300000000000001,0,4,3,1,1.0034804618917406,,263.2
2669,-4.300000000000001,0,4,3,1,1.0034804618917406,,263.3
2670,-0.30000000000000004,0,4,3,1,1.0034804618917406,,263.4
2671,-2.3000000000000003,0,4,3,1,1.0034804618917406,,263.4
2672,-2.3000000000000003,0,4,3,1,1.0034804618917406,,263.5
2673,-0.30000000000000004,0,4,3,1,1.0034804618917406,,263.5
2674,-4.300000000000001,0,4,3,1,1.0034804618917406,,263.6
2675,5.7,1,4,3,1,1.0034804618917406,,263.7
2676,-4.300000000000001,0,4,3,1,1.0034804618917406,,263.8
2677,-2.3000000000000003,0,4,3,1,1.0034804618917406,,263.8
2678,-4.300000000000001,0,4,3,1,1.0034804618917406,,263.9
2679,-4.300000000000001,0,4,3,1,1.0034804618917406,,263.9
2680,-2.3000000000000003,0,4,3,1,1.0034804618917406,,264.0
2681,-4.300000000000001,0,4,3,1,1.0034804618917406,,264.0
2682,-4.300000000000001,0,4,3,1,1.0034804618917406,,264.1
2683,-4.300000000000001,0,4,3,1,1.0034804618917406,,264.2
2684,-2.3000000000000003,0,4,3,1,1.0034804618917406,,264.3
2685,0.6000000000000001,0,5,4,1,1.0034804618917406,,264.3
2686,-0.30000000000000004,0,4,3,1,1.0034804618917406,,264.4
2687,-4.300000000000001,0,4,3,1,1.0034804618917406,,264.4
2688,-4.300000000000001,0,4,3,1,1.0034804618917406,,264.5
2689,-4.300000000000001,0,4,3,1,1.0034804618917406,,264.6
2690,-4.300000000000001,0,4,3,1,1.0034804618917406,,264.6
2691,-1.6,0,6,3,1,1.0034804618917406,,264.7
2692,-4.300000000000001,0,4,3,1,1.0034804618917406,,264.8
2693,-4.300000000000001,0,4,3,1,1.0034804618917406,,264.8
2694,-4.300000000000001,0,4,3,1,1.0034804618917406,,264.9
2695,-4.300000000000001,0,4,3,1,1.0034804618917406,,265.0
2696,-2.3000000000000003,0,4,3,1,1.0034804618917406,,265.0
2697,-0.30000000000000004,0,4,3,1,1.0034804618917406,,265.1
2698,-0.30000000000000004,0,4,3,1,1.0034804618917406,,265.2
2699,-4.300000000000001,0,4,3,1,1.0034804618917406,,265.3
2700,-2.3000000000000003,0,4,3,1,1.0034804618917406,,265.3
2701,-5.4,0,5,4,1,1.0034804618917406,,265.4
2702,-4.300000000000001,0,4,3,1,1.0034804618917406,,265.5
2703,-4.300000000000001,0,4,3,1,1.0034804618917406,,265.6
2704,-2.3000000000000003,0,4,3,1,1.0034804618917406,,265.6
2705,-2.3000000000000003,0,4,3,1,1.0034804618917406,,265.7
2706,-4.300000000000001,0,4,3,1,1.0034804618917406,,265.8
2707,-5.6000000000000005,0,6,3,1,1.0034804618917406,,265.9
2708,-2.3000000000000003,0,4,3,1,1.0034804618917406,,266.0
2709,-4.300000000000001,0,4,3,1,1.0034804618917406,,266.1
2710,-4.300000000000001,0,4,3,1,1.0034804618917406,,266.2
2711,-4.300000000000001,0,4,3,1,1.0034804618917406,,266.3
2712,-4.300000000000001,0,4,3,1,1.0034804618917406,,266.4
2713,-0.30000000000000004,0,4,3,1,1.0034804618917406,,266.4
2714,-4.300000000000001,0,4,3,1,1.0034804618917406,,266.5
2715,-2.3000000000000003,0,4,3,1,1.0034804618917406,,266.6
2716,-4.300000000000001,0,4,3,1,1.0034804618917406,,266.7
2717,-4.300000000000001,0,4,3,1,1.0034804618917406,,266.7
2718,-0.30000000000000004,0,4,3,1,1.0034804618917406,,266.8
2719,-0.30000000000000004,0,4,3,1,1.0034804618917406,,266.9
2720,-0.30000000000000004,0,4,3,1,1.0034804618917406,,266.9
2721,5.7,1,4,3,1,1.0034804618917406,,267.1
2722,-4.300000000000001,0,4,3,1,1.0034804618917406,,267.1
2723,-4.300000000000001,0,4,3,1,1.0034804618917406,,267.2
2724,-4.300000000000001,0,4,3,1,1.0034804618917406,,267.3
2725,-2.3000000000000003,0,4,3,1,1.0034804618917406,,267.3
2726,-4.300000000000001,0,4,3,1,1.0034804618917406,,267.4
2727,-4.300000000000001,0,4,3,1,1.0034804618917406,,267.6
2728,-4.300000000000001,0,4,3,1,1.0034804618917406,,267.6
2729,-2.3000000000000003,0,4,3,1,1.0034804618917406,,267.7
2730,-2.3000000000000003,0,4,3,1,1.0034804618917406,,267.8
2731,-4.300000000000001,0,4,3,1,1.0034804618917406,,267.9
2732,-0.30000000000000004,0,4,3,1,1.0034804618917406,,267.9
2733,-4.300000000000001,0,4,3,1,1.0034804618917406,,268.0
2734,-2.3000000000000003,0,4,3,1,1.0034804618917406,,268.1
2735,-4.300000000000001,0,4,3,1,1.0034804618917406,,268.2
2736,-4.300000000000001,0,4,3,1,1.0034804618917406,,268.3
2737,-4.300000000000001,0,4,3,1,1.0034804618917406,,268.4
2738,-4.300000000000001,0,4,3,1,1.0034804618917406,,268.4
2739,-4.300000000000001,0,4,3,1,1.0034804618917406,,268.5
2740,-4.300000000000001,0,4,3,1,1.0034804618917406,,268.6
2741,-4.300000000000001,0,4,3,1,1.0034804618917406,,268.6
2742,-4.300000000000001,0,4,3,1,1.0034804618917406,,268.7
2743,-4.300000000000001,0,4,3,1,1.0034804618917406,,268.8
2744,-4.300000000000001,0,4,3,1,1.0034804618917406,,268.9
2745,-4.300000000000001,0,4,3,1,1.0034804618917406,,268.9
2746,-4.6,0,6,3,1,1.0034804618917406,,269.0
2747,-4.300000000000001,0,4,3,1,1.0034804618917406,,269.1
2748,-4.300000000000001,0,4,3,1,1.0034804618917406,,269.1
2749,-4.300000000000001,0,4,3,1,1.0034804618917406,,269.2
2750,-4.300000000000001,0,4,3,1,1.0034804618917406,,269.3
2751,-4.300000000000001,0,4,3,1,1.0034804618917406,,269.4
2752,-4.300000000000001,0,4,3,1,1.0034804618917406,,269.4
2753,-4.300000000000001,0,4,3,1,1.0034804618917406,,269.5
2754,-4.300000000000001,0,4,3,1,1.0034804618917406,,269.6
2755,-2.3000000000000003,0,4,3,1,1.0034804618917406,,269.7
2756,-4.300000000000001,0,4,3,1,1.0034804618917406,,269.8
2757,-8.0,0,9,4,1,1.0034804618917406,,269.9
2758,-4.300000000000001,0,4,3,1,1.0034804618917406,,269.9
2759,-4.300000000000001,0,4,3,1,1.0034804618917406,,270.0
2760,-0.30000000000000004,0,4,3,1,1.0034804618917406,,270.0
2761,-3.4000000000000004,0,5,4,1,1.0034804618917406,,270.1
2762,-4.300000000000001,0,4,3,1,1.0034804618917406,,270.2
2763,-4.300000000000001,0,4,3,1,1.0034804618917406,,270.2
2764,5.7,1,4,3,1,1.0034804618917406,,270.3
2765,5.7,1,4,3,1,1.0034804618917406,,270.4
2766,-0.30000000000000004,0,4,3,1,1.0034804618917406,,270.5
2767,-4.300000000000001,0,4,3,1,1.0034804618917406,,270.6
2768,-4.300000000000001,0,4,3,1,1.0034804618917406,,270.6
2769,-2.3000000000000003,0,4,3,1,1.0034804618917406,,270.7
2770,-0.30000000000000004,0,4,3,1,1.0034804618917406,,270.8
2771,-4.300000000000001,0,4,3,1,1.0034804618917406,,270.9
2772,-4.300000000000001,0,4,3,1,1.0034804618917406,,271.0
2773,-2.3000000000000003,0,4,3,1,1.0034804618917406,,271.1
2774,-4.300000000000001,0,4,3,1,1.0034804618917406,,271.2
2775,-2.3000000000000003,0,4,3,1,1.0034804618917406,,271.2
2776,-0.30000000000000004,0,4,3,1,1.0034804618917406,,271.3
2777,-2.3000000000000003,0,4,3,1,1.0034804618917406,,271.4
2778,-4.300000000000001,0,4,3,1,1.0034804618917406,,271.5
2779,-2.3000000000000003,0,4,3,1,1.0034804618917406,,271.6
2780,-4.300000000000001,0,4,3,1,1.0034804618917406,,271.6
2781,-4.300000000000001,0,4,3,1,1.0034804618917406,,271.7
2782,-4.300000000000001,0,4,3,1,1.0034804618917406,,271.8
2783,-0.30000000000000004,0,4,3,1,1.0034804618917406,,271.8
2784,-4.300000000000001,0,4,3,1,1.0034804618917406,,271.9
2785,-4.300000000000001,0,4,3,1,1.0034804618917406,,272.0
2786,-4.300000000000001,0,4,3,1,1.0034804618917406,,272.1
2787,-4.300000000000001,0,4,3,1,1.0034804618917406,,272.2
2788,-4.300000000000001,0,4,3,1,1.0034804618917406,,272.2
2789,-4.300000000000001,0,4,3,1,1.0034804618917406,,272.3
2790,-2.3000000000000003,0,4,3,1,1.0034804618917406,,272.4
2791,-4.300000000000001,0,4,3,1,1.0034804618917406,,272.4
2792,-4.300000000000001,0,4,3,1,1.0034804618917406,,272.5
2793,5.7,1,4,3,1,1.0034804618917406,,272.5
2794,-0.30000000000000004,0,4,3,1,1.0034804618917406,,272.6
2795,-4.300000000000001,0,4,3,1,1.0034804618917406,,272.7
2796,-2.3000000000000003,0,4,3,1,1.0034804618917406,,272.8
2797,-4.300000000000001,0,4,3,1,1.0034804618917406,,272.8
2798,-4.300000000000001,0,4,3,1,1.0034804618917406,,272.9
2799,-4.300000000000001,0,4,3,1,1.0034804618917406,,273.0
2800,-4.300000000000001,0,4,3,1,1.0034804618917406,,273.0
2801,5.7,1,4,3,1,1.0034804618917406,,273.1
2802,-4.300000000000001,0,4,3,1,1.0034804618917406,,273.1
2803,-0.30000000000000004,0,4,3,1,1.0034804618917406,,273.2
2804,-4.300000000000001,0,4,3,1,1.0034804618917406,,273.3
2805,-2.3000000000000003,0,4,3,1,1.0034804618917406,,273.4
2806,-4.300000000000001,0,4,3,1,1.0034804618917406,,273.5
2807,-4.300000000000001,0,4,3,1,1.0034804618917406,,273.5
2808,-0.30000000000000004,0,4,3,1,1.0034804618917406,,273.7
2809,-2.3000000000000003,0,4,3,1,1.0034804618917406,,273.7
2810,-4.300000000000001,0,4,3,1,1.0034804618917406,,273.8
2811,-4.300000000000001,0,4,3,1,1.0034804618917406,,273.8
2812,-2.3000000000000003,0,4,3,1,1.0034804618917406,,273.9
2813,-5.4,0,5,4,1,1.0034804618917406,,274.0
2814,-2.3000000000000003,0,4,3,1,1.0034804618917406,,274.1
2815,-4.300000000000001,0,4,3,1,1.0034804618917406,,274.2
2816,-4.300000000000001,0,4,3,1,1.0034804618917406,,274.3
2817,-0.30000000000000004,0,4,3,1,1.0034804618917406,,274.3
2818,-4.300000000000001,0,4,3,1,1.0034804618917406,,274.4
2819,-4.300000000000001,0,4,3,1,1.0034804618917406,,274.5
2820,-2.3000000000000003,0,4,3,1,1.0034804618917406,,274.5
2821,-2.3000000000000003,0,4,3,1,1.0034804618917406,,274.6
2822,-4.300000000000001,0,4,3,1,1.0034804618917406,,274.7
2823,-2.3000000000000003,0,4,3,1,1.0034804618917406,,274.8
2824,-2.3000000000000003,0,4,3,1,1.0034804618917406,,274.9
2825,-4.300000000000001,0,4,3,1,1.0034804618917406,,275.0
2826,-4.300000000000001,0,4,3,1,1.0034804618917406,,275.0
2827,-5.4,0,5,4,1,1.0034804618917406,,275.1
2828,-4.300000000000001,0,4,3,1,1.0034804618917406,,275.2
2829,5.7,1,4,3,1,1.0034804618917406,,275.3
2830,-4.300000000000001,0,4,3,1,1.0034804618917406,,275.4
2831,-6.9,0,8,3,1,1.0034804618917406,,275.5
2832,-4.300000000000001,0,4,3,1,1.0034804618917406,,275.5
2833,-4.300000000000001,0,4,3,1,1.0034804618917406,,275.6
2834,5.7,1,4,3,1,1.0034804618917406,,275.7
2835,-4.300000000000001,0,4,3,1,1.0034804618917406,,275.8
2836,-4.300000000000001,0,4,3,1,1.0034804618917406,,275.8
2837,-4.300000000000001,0,4,3,1,1.0034804618917406,,275.9
2838,-4.300000000000001,0,4,3,1,1.0034804618917406,,276.0
2839,-4.300000000000001,0,4,3,1,1.0034804618917406,,276.1
2840,-0.30000000000000004,0,4,3,1,1.0034804618917406,,276.2
2841,5.7,1,4,3,1,1.0034804618917406,,276.3
2842,-4.300000000000001,0,4,3,1,1.0034804618917406,,276.3
2843,-4.300000000000001,0,4,3,1,1.0034804618917406,,276.4
2844,-5.6000000000000005,0,6,3,1,1.0034804618917406,,276.5
2845,-4.300000000000001,0,4,3,1,1.0034804618917406,,276.6
2846,-4.300000000000001,0,4,3,1,1.0034804618917406,,276.7
2847,-4.300000000000001,0,4,3,1,1.0034804618917406,,276.8
2848,-2.3000000000000003,0,4,3,1,1.0034804618917406,,276.8
2849,-4.300000000000001,0,4,3,1,1.0034804618917406,,276.9
2850,-0.30000000000000004,0,4,3,1,1.0034804618917406,,277.0
2851,-4.300000000000001,0,4,3,1,1.0034804618917406,,277.1
2852,-0.30000000000000004,0,4,3,1,1.0034804618917406,,277.2
2853,-4.300000000000001,0,4,3,1,1.0034804618917406,,277.2
2854,-4.300000000000001,0,4,3,1,1.0034804618917406,,277.3
2855,-4.300000000000001,0,4,3,1,1.0034804618917406,,277.3
2856,-2.3000000000000003,0,4,3,1,1.0034804618917406,,277.4
2857,-4.300000000000001,0,4,3,1,1.0034804618917406,,277.5
2858,-0.30000000000000004,0,4,3,1,1.0034804618917406,,277.5
2859,-4.300000000000001,0,4,3,1,1.0034804618917406,,277.6
2860,-5.4,0,5,4,1,1.0034804618917406,,277.7
2861,-4.300000000000001,0,4,3,1,1.0034804618917406,,277.8
2862,5.7,1,4,3,1,1.0034804618917406,,277.8
2863,-4.300000000000001,0,4,3,1,1.0034804618917406,,277.9
2864,-2.3000000000000003,0,4,3,1,1.0034804618917406,,278.0
2865,-4.300000000000001,0,4,3,1,1.0034804618917406,,278.0
2866,-5.4,0,5,4,1,1.0034804618917406,,278.1
2867,-2.3000000000000003,0,4,3,1,1.0034804618917406,,278.2
2868,-4.300000000000001,0,4,3,1,1.0034804618917406,,278.3
2869,-2.3000000000000003,0,4,3,1,1.0034804618917406,,278.4
2870,-4.300000000000001,0,4,3,1,1.0034804618917406,,278.5
2871,-0.30000000000000004,0,4,3,1,1.0034804618917406,,278.5
2872,-4.300000000000001,0,4,3,1,1.0034804618917406,,278.6
2873,-4.6,0,6,3,1,1.0034804618917406,,278.7
2874,-4.6,0,6,3,1,1.0034804618917406,,278.8
2875,-5.6000000000000005,0,6,3,1,1.0034804618917406,,278.9
2876,-5.6000000000000005,0,6,3,1,1.0034804618917406,,278.9
2877,-4.300000000000001,0,4,3,1,1.0034804618917406,,279.0
2878,-4.300000000000001,0,4,3,1,1.0034804618917406,,279.1
2879,-4.300000000000001,0,4,3,1,1.0034804618917406,,279.2
2880,-4.300000000000001,0,4,3,1,1.0034804618917406,,279.3
2881,-4.300000000000001,0,4,3,1,1.0034804618917406,,279.4
2882,-4.300000000000001,0,4,3,1,1.0034804618917406,,279.5
2883,-4.300000000000001,0,4,3,1,1.0034804618917406,,279.6
2884,-0.30000000000000004,0,4,3,1,1.0034804618917406,,279.6
2885,-4.300000000000001,0,4,3,1,1.0034804618917406,,279.7
2886,-3.4000000000000004,0,5,4,1,1.0034804618917406,,279.8
2887,-4.300000000000001,0,4,3,1,1.0034804618917406,,279.9
2888,-4.300000000000001,0,4,3,1,1.0034804618917406,,280.0
2889,-4.300000000000001,0,4,3,1,1.0034804618917406,,280.1
2890,-4.300000000000001,0,4,3,1,1.0034804618917406,,280.2
2891,-3.6,0,6,3,1,1.0034804618917406,,280.3
2892,-4.300000000000001,0,4,3,1,1.0034804618917406,,280.3
2893,-4.300000000000001,0,4,3,1,1.0034804618917406,,280.4
2894,-2.3000000000000003,0,4,3,1,1.0034804618917406,,280.5
2895,-4.300000000000001,0,4,3,1,1.0034804618917406,,280.5
2896,-5.6000000000000005,0,6,3,1,1.0034804618917406,,280.6
2897,-4.300000000000001,0,4,3,1,1.0034804618917406,,280.7
2898,-2.3000000000000003,0,4,3,1,1.0034804618917406,,280.8
2899,-0.30000000000000004,0,4,3,1,1.0034804618917406,,280.8
2900,-4.300000000000001,0,4,3,1,1.0034804618917406,,280.9
2901,-4.300000000000001,0,4,3,1,1.0034804618917406,,281.0
2902,-2.3000000000000003,0,4,3,1,1.0034804618917406,,281.1
2903,-4.300000000000001,0,4,3,1,1.0034804618917406,,281.1
2904,-2.3000000000000003,0,4,3,1,1.0034804618917406,,281.2
2905,-4.300000000000001,0,4,3,1,1.0034804618917406,,281.3
2906,-2.3000000000000003,0,4,3,1,1.0034804618917406,,281.4
2907,-2.3000000000000003,0,4,3,1,1.0034804618917406,,281.4
2908,-4.300000000000001,0,4,3,1,1.0034804618917406,,281.5
2909,-0.30000000000000004,0,4,3,1,1.0034804618917406,,281.6
2910,-4.300000000000001,0,4,3,1,1.0034804618917406,,281.7
2911,-4.300000000000001,0,4,3,1,1.0034804618917406,,281.8
2912,-4.300000000000001,0,4,3,1,1.0034804618917406,,281.8
2913,-0.30000000000000004,0,4,3,1,1.0034804618917406,,281.9
2914,-4.300000000000001,0,4,3,1,1.0034804618917406,,281.9
2915,-4.300000000000001,0,4,3,1,1.0034804618917406,,282.0
2916,-5.4,0,5,4,1,1.0034804618917406,,282.1
2917,-2.3000000000000003,0,4,3,1,1.0034804618917406,,282.2
2918,-4.300000000000001,0,4,3,1,1.0034804618917406,,282.2
2919,-2.3000000000000003,0,4,3,1,1.0034804618917406,,282.3
2920,-0.6000000000000001,0,6,3,1,1.0034804618917406,,282.4
2921,-5.6000000000000005,0,6,3,1,1.0034804618917406,,282.5
2922,-4.6000000000000005,0,6,3,1,1.0034804618917406,,282.6
2923,-4.300000000000001,0,4,3,1,1.0034804618917406,,282.7
2924,-4.300000000000001,0,4,3,1,1.0034804618917406,,282.8
2925,-4.300000000000001,0,4,3,1,1.0034804618917406,,282.9
2926,-4.300000000000001,0,4,3,1,1.0034804618917406,,282.9
2927,-2.3000000000000003,0,4,3,1,1.0034804618917406,,282.9
2928,-4.300000000000001,0,4,3,1,1.0034804618917406,,283.0
2929,-4.300000000000001,0,4,3,1,1.0034804618917406,,283.1
2930,-4.300000000000001,0,4,3,1,1.0034804618917406,,283.2
2931,-4.300000000000001,0,4,3,1,1.0034804618917406,,283.3
2932,-4.300000000000001,0,4,3,1,1.0034804618917406,,283.3
2933,-2.3000000000000003,0,4,3,1,1.0034804618917406,,283.4
2934,-4.300000000000001,0,4,3,1,1.0034804618917406,,283.5
2935,-4.300000000000001,0,4,3,1,1.0034804618917406,,283.6
2936,-4.300000000000001,0,4,3,1,1.0034804618917406,,283.7
2937,-4.300000000000001,0,4,3,1,1.0034804618917406,,283.7
2938,-4.300000000000001,0,4,3,1,1.0034804618917406,,283.8
2939,-4.300000000000001,0,4,3,1,1.0034804618917406,,283.9
2940,-2.3000000000000003,0,4,3,1,1.0034804618917406,,284.0
2941,-5.6000000000000005,0,6,3,1,1.0034804618917406,,284.0
2942,-4.300000000000001,0,4,3,1,1.0034804618917406,,284.1
2943,-4.300000000000001,0,4,3,1,1.0034804618917406,,284.1
2944,-4.300000000000001,0,4,3,1,1.0034804618917406,,284.2
2945,-4.300000000000001,0,4,3,1,1.0034804618917406,,284.3
2946,-4.300000000000001,0,4,3,1,1.0034804618917406,,284.4
2947,-4.300000000000001,0,4,3,1,1.0034804618917406,,284.4
2948,-4.300000000000001,0,4,3,1,1.0034804618917406,,284.5
2949,-4.300000000000001,0,4,3,1,1.0034804618917406,,284.6
2950,-2.3000000000000003,0,4,3,1,1.0034804618917406,,284.7
2951,-4.300000000000001,0,4,3,1,1.0034804618917406,,284.7
2952,-5.6000000000000005,0,6,3,1,1.0034804618917406,,284.9
2953,-4.300000000000001,0,4,3,1,1.0034804618917406,,284.9
2954,-4.300000000000001,0,4,3,1,1.0034804618917406,,285.0
2955,5.7,1,4,3,1,1.0034804618917406,,285.1
2956,-0.6000000000000001,0,6,3,1,1.0034804618917406,,285.2
2957,-4.300000000000001,0,4,3,1,1.0034804618917406,,285.3
2958,-2.3000000000000003,0,4,3,1,1.0034804618917406,,285.4
2959,-2.3000000000000003,0,4,3,1,1.0034804618917406,,285.4
2960,-0.30000000000000004,0,4,3,1,1.0034804618917406,,285.5
2961,-4.300000000000001,0,4,3,1,1.0034804618917406,,285.5
2962,-4.300000000000001,0,4,3,1,1.0034804618917406,,285.6
2963,-4.300000000000001,0,4,3,1,1.0034804618917406,,285.8
2964,-4.300000000000001,0,4,3,1,1.0034804618917406,,285.8
2965,-2.3000000000000003,0,4,3,1,1.0034804618917406,,285.9
2966,-4.300000000000001,0,4,3,1,1.0034804618917406,,285.9
2967,-4.300000000000001,0,4,3,1,1.0034804618917406,,286.0
2968,-4.300000000000001,0,4,3,1,1.0034804618917406,,286.1
2969,-4.300000000000001,0,4,3,1,1.0034804618917406,,286.2
2970,-4.300000000000001,0,4,3,1,1.0034804618917406,,286.2
2971,-4.300000000000001,0,4,3,1,1.0034804618917406,,286.3
2972,-0.30000000000000004,0,4,3,1,1.0034804618917406,,286.3
2973,-5.6000000000000005,0,6,3,1,1.0034804618917406,,286.4
2974,-4.300000000000001,0,4,3,1,1.0034804618917406,,286.4
2975,-4.300000000000001,0,4,3,1,1.0034804618917406,,286.5
2976,-0.30000000000000004,0,4,3,1,1.0034804618917406,,286.6
2977,-4.300000000000001,0,4,3,1,1.0034804618917406,,286.7
2978,-4.300000000000001,0,4,3,1,1.0034804618917406,,286.8
2979,-4.300000000000001,0,4,3,1,1.0034804618917406,,286.8
2980,-4.300000000000001,0,4,3,1,1.0034804618917406,,286.9
2981,-2.3000000000000003,0,4,3,1,1.0034804618917406,,287.0
2982,-0.30000000000000004,0,4,3,1,1.0034804618917406,,287.1
2983,-2.3000000000000003,0,4,3,1,1.0034804618917406,,287.1
2984,-4.300000000000001,0,4,3,1,1.0034804618917406,,287.2
2985,-4.300000000000001,0,4,3,1,1.0034804618917406,,287.3
2986,-4.300000000000001,0,4,3,1,1.0034804618917406,,287.4
2987,-4.300000000000001,0,4,3,1,1.0034804618917406,,287.5
2988,-0.30000000000000004,0,4,3,1,1.0034804618917406,,287.5
2989,-4.300000000000001,0,4,3,1,1.0034804618917406,,287.6
2990,-0.30000000000000004,0,4,3,1,1.0034804618917406,,287.7
2991,-4.300000000000001,0,4,3,1,1.0034804618917406,,287.7
2992,-5.6000000000000005,0,6,3,1,1.0034804618917406,,287.8
2993,-4.300000000000001,0,4,3,1,1.0034804618917406,,287.9
2994,-4.300000000000001,0,4,3,1,1.0034804618917406,,288.0
2995,-0.30000000000000004,0,4,3,1,1.0034804618917406,,288.0
2996,5.7,1,4,3,1,1.0034804618917406,,288.1
2997,5.7,1,4,3,1,1.0034804618917406,,288.2
2998,-4.300000000000001,0,4,3,1,1.0034804618917406,,288.3
2999,-4.300000000000001,0,4,3,1,1.0034804618917406,,288.4
3000,-4.300000000000001,0,4,3,1,1.0034804618917406,,288.4
3001,-4.300000000000001,0,4,3,1,1.0034804618917406,,293.9
3002,-5.6000000000000005,0,6,3,1,1.0034804618917406,,293.9
3003,-4.300000000000001,0,4,3,1,1.0034804618917406,,294.0
3004,-2.3000000000000003,0,4,3,1,1.0034804618917406,,294.1
3005,-4.300000000000001,0,4,3,1,1.0034804618917406,,294.1
3006,-4.300000000000001,0,4,3,1,1.0034804618917406,,294.2
3007,-4.300000000000001,0,4,3,1,1.0034804618917406,,294.3
3008,-4.300000000000001,0,4,3,1,1.0034804618917406,,294.4
3009,-3.4000000000000004,0,5,4,1,1.0034804618917406,,294.5
3010,-2.3000000000000003,0,4,3,1,1.0034804618917406,,294.6
3011,-4.300000000000001,0,4,3,1,1.0034804618917406,,294.7
3012,-4.300000000000001,0,4,3,1,1.0034804618917406,,294.8
3013,-2.3000000000000003,0,4,3,1,1.0034804618917406,,294.9
3014,-4.300000000000001,0,4,3,1,1.0034804618917406,,295.0
3015,-2.3000000000000003,0,4,3,1,1.0034804618917406,,295.0
3016,-4.300000000000001,0,4,3,1,1.0034804618917406,,295.1
3017,-5.4,0,5,4,1,1.0034804618917406,,295.2
3018,-4.300000000000001,0,4,3,1,1.0034804618917406,,295.3
3019,5.7,1,4,3,1,1.0034804618917406,,295.4
3020,5.7,1,4,3,1,1.0034804618917406,,295.5
3021,-4.300000000000001,0,4,3,1,1.0034804618917406,,295.5
3022,-0.30000000000000004,0,4,3,1,1.0034804618917406,,295.6
3023,-2.3000000000000003,0,4,3,1,1.0034804618917406,,295.6
3024,-4.300000000000001,0,4,3,1,1.0034804618917406,,295.7
3025,5.7,1,4,3,1,1.0034804618917406,,295.8
3026,-4.300000000000001,0,4,3,1,1.0034804618917406,,295.9
3027,-2.3000000000000003,0,4,3,1,1.0034804618917406,,295.9
3028,-2.3000000000000003,0,4,3,1,1.0034804618917406,,296.0
3029,-4.300000000000001,0,4,3,1,1.0034804618917406,,296.0
3030,-4.300000000000001,0,4,3,1,1.0034804618917406,,296.1
3031,-4.300000000000001,0,4,3,1,1.0034804618917406,,296.2
3032,-4.300000000000001,0,4,3,1,1.0034804618917406,,296.3
3033,-4.300000000000001,0,4,3,1,1.0034804618917406,,296.4
3034,-3.4000000000000004,0,5,4,1,1.0034804618917406,,296.5
3035,-4.300000000000001,0,4,3,1,1.0034804618917406,,296.5
3036,-0.30000000000000004,0,4,3,1,1.0034804618917406,,296.6
3037,-4.300000000000001,0,4,3,1,1.0034804618917406,,296.7
3038,-2.3000000000000003,0,4,3,1,0.9504573126323521,0.9783052175771445,297.4
3039,-2.3000000000000003,0,4,3,1,0.9504573126323521,,297.4
3040,-4.300000000000001,0,4,3,1,0.9504573126323521,,297.5
3041,-4.300000000000001,0,4,3,1,0.9504573126323521,,297.5
3042,-2.3000000000000003,0,4,3,1,0.9504573126323521,,297.6
3043,-4.300000000000001,0,4,3,1,0.9504573126323521,,297.7
3044,-4.300000000000001,0,4,3,1,0.9504573126323521,,297.7
3045,-3.9000000000000004,0,8,3,1,0.9504573126323521,,297.8
3046,-2.3000000000000003,0,4,3,1,0.9504573126323521,,297.9
3047,5.7,1,4,3,1,0.9504573126323521,,298.0
3048,-4.300000000000001,0,4,3,1,0.9504573126323521,,298.1
3049,-2.3000000000000003,0,4,3,1,0.9504573126323521,,298.2
3050,-4.6000000000000005,0,6,3,1,0.9504573126323521,,298.3
3051,-2.3000000000000003,0,4,3,1,0.9504573126323521,,298.3
3052,-4.300000000000001,0,4,3,1,0.9504573126323521,,298.4
3053,-4.300000000000001,0,4,3,1,0.9504573126323521,,298.5
3054,-4.300000000000001,0,4,3,1,0.9504573126323521,,298.5
3055,4.4,1,6,3,1,0.9504573126323521,,298.6
3056,-4.300000000000001,0,4,3,1,0.9504573126323521,,298.7
3057,-4.300000000000001,0,4,3,1,0.9504573126323521,,298.7
3058,-2.3000000000000003,0,4,3,1,0.9504573126323521,,298.8
3059,-4.300000000000001,0,4,3,1,0.9504573126323521,,298.8
3060,-4.300000000000001,0,4,3,1,0.9504573126323521,,298.9
3061,-4.300000000000001,0,4,3,1,0.9504573126323521,,298.9
3062,-0.30000000000000004,0,4,3,1,0.9504573126323521,,299.0
3063,-4.300000000000001,0,4,3,1,0.9504573126323521,,299.1
3064,5.7,1,4,3,1,0.9504573126323521,,299.2
3065,-5.4,0,5,4,1,0.9504573126323521,,299.2
3066,-4.6000000000000005,0,6,3,1,0.9504573126323521,,299.3
3067,-4.300000000000001,0,4,3,1,0.9504573126323521,,299.4
3068,-0.30000000000000004,0,4,3,1,0.9504573126323521,,299.4
3069,-4.300000000000001,0,4,3,1,0.9504573126323521,,299.5
3070,-4.300000000000001,0,4,3,1,0.9504573126323521,,299.5
3071,-4.300000000000001,0,4,3,1,0.9504573126323521,,299.6
3072,-4.300000000000001,0,4,3,1,0.9504573126323521,,299.6
3073,-2.3000000000000003,0,4,3,1,0.9504573126323521,,299.7
3074,-4.300000000000001,0,4,3,1,0.9504573126323521,,299.8
3075,-4.300000000000001,0,4,3,1,0.9504573126323521,,299.9
3076,-2.3000000000000003,0,4,3,1,0.9504573126323521,,300.0
3077,-0.30000000000000004,0,4,3,1,0.9504573126323521,,300.0
3078,-4.300000000000001,0,4,3,1,0.9504573126323521,,300.1
3079,-0.30000000000000004,0,4,3,1,0.9504573126323521,,300.1
3080,-2.3000000000000003,0,4,3,1,0.9504573126323521,,300.2
3081,-2.3000000000000003,0,4,3,1,0.9504573126323521,,300.3
3082,-4.300000000000001,0,4,3,1,0.9504573126323521,,300.4
3083,-4.300000000000001,0,4,3,1,0.9504573126323521,,300.4
3084,-4.300000000000001,0,4,3,1,0.9504573126323521,,300.5
3085,-4.300000000000001,0,4,3,1,0.9504573126323521,,300.6
3086,-0.30000000000000004,0,4,3,1,0.9504573126323521,,300.6
3087,-2.3000000000000003,0,4,3,1,0.9504573126323521,,300.7
3088,-4.300000000000001,0,4,3,1,0.9504573126323521,,300.7
3089,-4.300000000000001,0,4,3,1,0.9504573126323521,,300.8
3090,5.7,1,4,3,1,0.9504573126323521,,300.9
3091,-2.3000000000000003,0,4,3,1,0.9504573126323521,,300.9
3092,-4.300000000000001,0,4,3,1,0.9504573126323521,,301.0
3093,-0.30000000000000004,0,4,3,1,0.9504573126323521,,301.1
3094,-4.300000000000001,0,4,3,1,0.9504573126323521,,301.1
3095,-2.3000000000000003,0,4,3,1,0.9504573126323521,,301.2
3096,-2.3000000000000003,0,4,3,1,0.9504573126323521,,301.3
3097,-4.300000000000001,0,4,3,1,0.9504573126323521,,301.3
3098,-4.300000000000001,0,4,3,1,0.9504573126323521,,301.4
3099,-4.300000000000001,0,4,3,1,0.9504573126323521,,301.5
3100,-0.30000000000000004,0,4,3,1,0.9504573126323521,,301.6
3101,-4.300000000000001,0,4,3,1,0.9504573126323521,,301.7
3102,-4.300000000000001,0,4,3,1,0.9504573126323521,,301.8
3103,-0.30000000000000004,0,4,3,1,0.9504573126323521,,301.8
3104,-2.3000000000000003,0,4,3,1,0.9504573126323521,,301.9
3105,-4.300000000000001,0,4,3,1,0.9504573126323521,,302.0
3106,-4.300000000000001,0,4,3,1,0.9504573126323521,,302.0
3107,-4.300000000000001,0,4,3,1,0.9504573126323521,,302.1
3108,-4.300000000000001,0,4,3,1,0.9504573126323521,,302.2
3109,5.7,1,4,3,1,0.9504573126323521,,302.3
3110,-2.3000000000000003,0,4,3,1,0.9504573126323521,,302.3
3111,-2.3000000000000003,0,4,3,1,0.9504573126323521,,302.4
3112,-4.300000000000001,0,4,3,1,0.9504573126323521,,302.5
3113,-0.30000000000000004,0,4,3,1,0.9504573126323521,,302.5
3114,-4.300000000000001,0,4,3,1,0.9504573126323521,,302.6
3115,-2.3000000000000003,0,4,3,1,0.9504573126323521,,302.7
3116,-2.3000000000000003,0,4,3,1,0.9504573126323521,,302.7
3117,-0.6000000000000001,0,6,3,1,0.9504573126323521,,302.8
3118,-2.3000000000000003,0,4,3,1,0.9504573126323521,,302.9
3119,-4.300000000000001,0,4,3,1,0.9504573126323521,,302.9
3120,-4.300000000000001,0,4,3,1,0.9504573126323521,,303.0
3121,-5.4,0,5,4,1,0.9504573126323521,,303.1
3122,-4.300000000000001,0,4,3,1,0.9504573126323521,,303.1
3123,5.7,1,4,3,1,0.9504573126323521,,303.2
3124,-2.3000000000000003,0,4,3,1,0.9504573126323521,,303.2
3125,-2.3000000000000003,0,4,3,1,0.9504573126323521,,303.3
3126,5.7,1,4,3,1,0.9504573126323521,,303.3
3127,-4.300000000000001,0,4,3,1,0.9504573126323521,,303.4
3128,-3.6000000000000005,0,6,3,1,0.9504573126323521,,303.6
3129,-4.300000000000001,0,4,3,1,0.9504573126323521,,303.7
3130,-4.300000000000001,0,4,3,1,0.9504573126323521,,303.7
3131,-4.300000000000001,0,4,3,1,0.9504573126323521,,303.8
3132,-4.300000000000001,0,4,3,1,0.9504573126323521,,303.9
3133,5.7,1,4,3,1,0.9504573126323521,,303.9
3134,-4.300000000000001,0,4,3,1,0.9504573126323521,,304.0
3135,-4.300000000000001,0,4,3,1,0.9504573126323521,,304.1
3136,-5.4,0,5,4,1,0.9504573126323521,,304.2
3137,-4.300000000000001,0,4,3,1,0.9504573126323521,,304.3
3138,-4.300000000000001,0,4,3,1,0.9504573126323521,,304.3
3139,-4.300000000000001,0,4,3,1,0.9504573126323521,,304.4
3140,-4.300000000000001,0,4,3,1,0.9504573126323521,,304.5
3141,-4.300000000000001,0,4,3,1,0.9504573126323521,,304.5
3142,-4.300000000000001,0,4,3,1,0.9504573126323521,,304.6
3143,-4.300000000000001,0,4,3,1,0.9504573126323521,,304.7
3144,-2.3000000000000003,0,4,3,1,0.9504573126323521,,304.7
3145,-5.6000000000000005,0,6,3,1,0.9504573126323521,,304.8
3146,-2.3000000000000003,0,4,3,1,0.9504573126323521,,304.9
3147,-2.3000000000000003,0,4,3,1,0.9504573126323521,,305.0
3148,5.7,1,4,3,1,0.9504573126323521,,305.0
3149,-4.300000000000001,0,4,3,1,0.9504573126323521,,305.1
3150,-4.300000000000001,0,4,3,1,0.9504573126323521,,305.2
3151,-4.300000000000001,0,4,3,1,0.9504573126323521,,305.2
3152,-4.300000000000001,0,4,3,1,0.9504573126323521,,305.3
3153,-4.300000000000001,0,4,3,1,0.9504573126323521,,305.4
3154,-4.300000000000001,0,4,3,1,0.9504573126323521,,305.5
3155,-2.3000000000000003,0,4,3,1,0.9504573126323521,,305.5
3156,-0.30000000000000004,0,4,3,1,0.9504573126323521,,305.6
3157,-4.300000000000001,0,4,3,1,0.9504573126323521,,305.6
3158,-0.30000000000000004,0,4,3,1,0.9504573126323521,,305.7
3159,5.7,1,4,3,1,0.9504573126323521,,305.7
3160,-2.3000000000000003,0,4,3,1,0.9504573126323521,,305.8
3161,-4.300000000000001,0,4,3,1,0.9504573126323521,,305.9
3162,-4.300000000000001,0,4,3,1,0.9504573126323521,,306.0
3163,-4.300000000000001,0,4,3,1,0.9504573126323521,,306.1
3164,-0.30000000000000004,0,4,3,1,0.9504573126323521,,306.2
3165,-4.300000000000001,0,4,3,1,0.9504573126323521,,306.3
3166,-4.300000000000001,0,4,3,1,0.9504573126323521,,306.3
3167,-2.3000000000000003,0,4,3,1,0.9504573126323521,,306.4
3168,-2.3000000000000003,0,4,3,1,0.9504573126323521,,306.5
3169,-4.300000000000001,0,4,3,1,0.9504573126323521,,306.6
3170,-4.300000000000001,0,4,3,1,0.9504573126323521,,306.6
3171,-4.9,0,8,3,1,0.9504573126323521,,306.7
3172,-0.30000000000000004,0,4,3,1,0.9504573126323521,,306.8
3173,-2.3000000000000003,0,4,3,1,0.9504573126323521,,306.9
3174,-4.300000000000001,0,4,3,1,0.9504573126323521,,307.0
3175,-4.300000000000001,0,4,3,1,0.9504573126323521,,307.1
3176,-1.6,0,6,3,1,0.9504573126323521,,307.2
3177,-0.30000000000000004,0,4,3,1,0.9504573126323521,,307.2
3178,-2.3000000000000003,0,4,3,1,0.9504573126323521,,307.3
3179,-2.3000000000000003,0,4,3,1,0.9504573126323521,,307.3
3180,-4.300000000000001,0,4,3,1,0.9504573126323521,,307.4
3181,-4.300000000000001,0,4,3,1,0.9504573126323521,,307.5
3182,-3.6000000000000005,0,6,3,1,0.9504573126323521,,307.6
3183,-2.3000000000000003,0,4,3,1,0.9504573126323521,,307.6
3184,-2.3000000000000003,0,4,3,1,0.9504573126323521,,307.7
3185,-4.300000000000001,0,4,3,1,0.9504573126323521,,307.8
3186,-4.300000000000001,0,4,3,1,0.9504573126323521,,307.8
3187,5.7,1,4,3,1,0.9504573126323521,,307.9
3188,-4.300000000000001,0,4,3,1,0.9504573126323521,,308.0
3189,-4.300000000000001,0,4,3,1,0.9504573126323521,,308.1
3190,-2.3000000000000003,0,4,3,1,0.9504573126323521,,308.1
3191,-4.300000000000001,0,4,3,1,0.9504573126323521,,308.2
3192,-4.300000000000001,0,4,3,1,0.9504573126323521,,308.3
3193,-4.300000000000001,0,4,3,1,0.9504573126323521,,308.4
3194,-2.3000000000000003,0,4,3,1,0.9504573126323521,,308.5
3195,-2.3000000000000003,0,4,3,1,0.9504573126323521,,308.5
3196,-4.6,0,6,3,1,0.9504573126323521,,308.6
3197,-4.300000000000001,0,4,3,1,0.9504573126323521,,308.6
3198,-4.300000000000001,0,4,3,1,0.9504573126323521,,308.7
3199,-4.300000000000001,0,4,3,1,0.9504573126323521,,308.8
3200,-4.300000000000001,0,4,3,1,0.9504573126323521,,308.9
3201,-4.300000000000001,0,4,3,1,0.9504573126323521,,308.9
3202,-2.3000000000000003,0,4,3,1,0.9504573126323521,,309.0
3203,-2.3000000000000003,0,4,3,1,0.9504573126323521,,309.0
3204,-4.300000000000001,0,4,3,1,0.9504573126323521,,309.1
3205,-2.3000000000000003,0,4,3,1,0.9504573126323521,,309.2
3206,-0.30000000000000004,0,4,3,1,0.9504573126323521,,309.3
3207,-2.3000000000000003,0,4,3,1,0.9504573126323521,,309.3
3208,-4.300000000000001,0,4,3,1,0.9504573126323521,,309.4
3209,-4.300000000000001,0,4,3,1,0.9504573126323521,,309.4
3210,-4.300000000000001,0,4,3,1,0.9504573126323521,,309.5
3211,-0.30000000000000004,0,4,3,1,0.9504573126323521,,309.6
3212,5.7,1,4,3,1,0.9504573126323521,,309.7
3213,-4.300000000000001,0,4,3,1,0.9504573126323521,,309.7
3214,-4.300000000000001,0,4,3,1,0.9504573126323521,,309.8
3215,-4.300000000000001,0,4,3,1,0.9504573126323521,,309.9
3216,-0.30000000000000004,0,4,3,1,0.9504573126323521,,309.9
3217,-4.300000000000001,0,4,3,1,0.9504573126323521,,310.0
3218,-2.3000000000000003,0,4,3,1,0.9504573126323521,,310.1
3219,5.7,1,4,3,1,0.9504573126323521,,310.2
3220,-4.300000000000001,0,4,3,1,0.9504573126323521,,310.2
3221,-2.3000000000000003,0,4,3,1,0.9504573126323521,,310.3
3222,-4.300000000000001,0,4,3,1,0.9504573126323521,,310.4
3223,-4.300000000000001,0,4,3,1,0.9504573126323521,,310.4
3224,-4.300000000000001,0,4,3,1,0.9504573126323521,,310.5
3225,-4.300000000000001,0,4,3,1,0.9504573126323521,,310.5
3226,-0.30000000000000004,0,4,3,1,0.9504573126323521,,310.6
3227,-2.3000000000000003,0,4,3,1,0.9504573126323521,,310.7
3228,-0.30000000000000004,0,4,3,1,0.9504573126323521,,310.7
3229,-4.300000000000001,0,4,3,1,0.9504573126323521,,310.9
3230,-2.3000000000000003,0,4,3,1,0.9504573126323521,,310.9
3231,-4.300000000000001,0,4,3,1,0.9504573126323521,,311.0
3232,-2.3000000000000003,0,4,3,1,0.9504573126323521,,311.1
3233,-4.300000000000001,0,4,3,1,0.9504573126323521,,311.1
3234,-0.30000000000000004,0,4,3,1,0.9504573126323521,,311.2
3235,-4.300000000000001,0,4,3,1,0.9504573126323521,,311.2
3236,-0.30000000000000004,0,4,3,1,0.9504573126323521,,311.3
3237,-4.300000000000001,0,4,3,1,0.9504573126323521,,311.4
3238,-4.300000000000001,0,4,3,1,0.9504573126323521,,311.5
3239,-0.30000000000000004,0,4,3,1,0.9504573126323521,,311.5
3240,-4.300000000000001,0,4,3,1,0.9504573126323521,,311.7
3241,5.7,1,4,3,1,0.9504573126323521,,311.7
3242,-2.3000000000000003,0,4,3,1,0.9504573126323521,,311.8
3243,-2.3000000000000003,0,4,3,1,0.9504573126323521,,311.9
3244,-4.300000000000001,0,4,3,1,0.9504573126323521,,312.0
3245,-2.3000000000000003,0,4,3,1,0.9504573126323521,,312.0
3246,-4.300000000000001,0,4,3,1,0.9504573126323521,,312.1
3247,-4.300000000000001,0,4,3,1,0.9504573126323521,,312.2
3248,-4.300000000000001,0,4,3,1,0.9504573126323521,,312.2
3249,-0.30000000000000004,0,4,3,1,0.9504573126323521,,312.3
3250,-4.300000000000001,0,4,3,1,0.9504573126323521,,312.4
3251,-4.300000000000001,0,4,3,1,0.9504573126323521,,312.5
3252,-4.300000000000001,0,4,3,1,0.9504573126323521,,312.5
3253,-2.3000000000000003,0,4,3,1,0.9504573126323521,,312.6
3254,-4.300000000000001,0,4,3,1,0.9504573126323521,,312.7
3255,-0.30000000000000004,0,4,3,1,0.9504573126323521,,312.7
3256,-4.300000000000001,0,4,3,1,0.9504573126323521,,312.8
3257,-2.3000000000000003,0,4,3,1,0.9504573126323521,,312.8
3258,5.7,1,4,3,1,0.9504573126323521,,312.9
3259,-3.4000000000000004,0,5,4,1,0.9504573126323521,,312.9
3260,-4.300000000000001,0,4,3,1,0.9504573126323521,,313.0
3261,-4.300000000000001,0,4,3,1,0.9504573126323521,,313.1
3262,-4.300000000000001,0,4,3,1,0.9504573126323521,,313.2
3263,-4.300000000000001,0,4,3,1,0.9504573126323521,,313.2
3264,-4.300000000000001,0,4,3,1,0.9504573126323521,,313.3
3265,-4.300000000000001,0,4,3,1,0.9504573126323521,,313.4
3266,-4.300000000000001,0,4,3,1,0.9504573126323521,,313.5
3267,-0.30000000000000004,0,4,3,1,0.9504573126323521,,313.5
3268,-4.300000000000001,0,4,3,1,0.9504573126323521,,313.6
3269,-2.3000000000000003,0,4,3,1,0.9504573126323521,,313.7
3270,-4.300000000000001,0,4,3,1,0.9504573126323521,,313.8
3271,5.7,1,4,3,1,0.9504573126323521,,313.9
3272,-5.6000000000000005,0,6,3,1,0.9504573126323521,,313.9
3273,-4.300000000000001,0,4,3,1,0.9504573126323521,,314.0
3274,-0.30000000000000004,0,4,3,1,0.9504573126323521,,314.1
3275,-4.300000000000001,0,4,3,1,0.9504573126323521,,314.1
3276,-2.3000000000000003,0,4,3,1,0.9504573126323521,,314.3
3277,-4.300000000000001,0,4,3,1,0.9504573126323521,,314.3
3278,-4.300000000000001,0,4,3,1,0.9504573126323521,,314.4
3279,-4.300000000000001,0,4,3,1,0.9504573126323521,,314.5
3280,-0.30000000000000004,0,4,3,1,0.9504573126323521,,314.6
3281,-4.300000000000001,0,4,3,1,0.9504573126323521,,314.6
3282,-4.300000000000001,0,4,3,1,0.9504573126323521,,314.7
3283,-4.300000000000001,0,4,3,1,0.9504573126323521,,314.8
3284,-4.300000000000001,0,4,3,1,0.9504573126323521,,314.9
3285,-1.6,0,6,3,1,0.9504573126323521,,314.9
3286,-4.300000000000001,0,4,3,1,0.9504573126323521,,315.0
3287,-4.300000000000001,0,4,3,1,0.9504573126323521,,315.1
3288,-4.300000000000001,0,4,3,1,0.9504573126323521,,315.2
3289,-4.300000000000001,0,4,3,1,0.9504573126323521,,315.3
3290,-4.300000000000001,0,4,3,1,0.9504573126323521,,315.4
3291,-4.300000000000001,0,4,3,1,0.9504573126323521,,315.5
3292,-4.300000000000001,0,4,3,1,0.9504573126323521,,315.6
3293,-2.3000000000000003,0,4,3,1,0.9504573126323521,,315.7
3294,-4.300000000000001,0,4,3,1,0.9504573126323521,,315.7
3295,-2.3000000000000003,0,4,3,1,0.9504573126323521,,315.8
3296,-4.300000000000001,0,4,3,1,0.9504573126323521,,315.9
3297,-4.300000000000001,0,4,3,1,0.9504573126323521,,316.0
3298,-4.300000000000001,0,4,3,1,0.9504573126323521,,316.0
3299,-4.300000000000001,0,4,3,1,0.9504573126323521,,316.1
3300,5.7,1,4,3,1,0.9504573126323521,,316.1
3301,-4.300000000000001,0,4,3,1,0.9504573126323521,,316.2
3302,-4.300000000000001,0,4,3,1,0.9504573126323521,,316.3
3303,-4.300000000000001,0,4,3,1,0.9504573126323521,,316.3
3304,-2.3000000000000003,0,4,3,1,0.9504573126323521,,316.4
3305,-2.3000000000000003,0,4,3,1,0.9504573126323521,,316.5
3306,-3.6000000000000005,0,6,3,1,0.9504573126323521,,316.5
3307,-1.6,0,6,3,1,0.9504573126323521,,316.6
3308,5.7,1,4,3,1,0.9504573126323521,,316.7
3309,-4.300000000000001,0,4,3,1,0.9504573126323521,,316.7
3310,-4.300000000000001,0,4,3,1,0.9504573126323521,,316.8
3311,-4.300000000000001,0,4,3,1,0.9504573126323521,,316.9
3312,-4.300000000000001,0,4,3,1,0.9504573126323521,,316.9
3313,-4.300000000000001,0,4,3,1,0.9504573126323521,,317.0
3314,-4.300000000000001,0,4,3,1,0.9504573126323521,,317.1
3315,-4.300000000000001,0,4,3,1,0.9504573126323521,,317.2
3316,-4.300000000000001,0,4,3,1,0.9504573126323521,,317.2
3317,-4.300000000000001,0,4,3,1,0.9504573126323521,,317.3
3318,5.7,1,4,3,1,0.9504573126323521,,317.4
3319,-4.300000000000001,0,4,3,1,0.9504573126323521,,317.4
3320,-4.6,0,6,3,1,0.9504573126323521,,317.5
3321,-0.30000000000000004,0,4,3,1,0.9504573126323521,,317.6
3322,5.7,1,4,3,1,0.9504573126323521,,317.6
3323,-4.300000000000001,0,4,3,1,0.9504573126323521,,317.6
3324,-2.3000000000000003,0,4,3,1,0.9504573126323521,,317.7
3325,-4.300000000000001,0,4,3,1,0.9504573126323521,,317.8
3326,-2.3000000000000003,0,4,3,1,0.9504573126323521,,317.9
3327,-4.300000000000001,0,4,3,1,0.9504573126323521,,318.0
3328,-4.300000000000001,0,4,3,1,0.9504573126323521,,318.1
3329,-2.3000000000000003,0,4,3,1,0.9504573126323521,,318.1
3330,-3.6000000000000005,0,6,3,1,0.9504573126323521,,318.2
3331,-4.300000000000001,0,4,3,1,0.9504573126323521,,318.3
3332,-4.300000000000001,0,4,3,1,0.9504573126323521,,318.4
3333,-4.300000000000001,0,4,3,1,0.9504573126323521,,318.5
3334,-2.3000000000000003,0,4,3,1,0.9504573126323521,,318.6
3335,-4.300000000000001,0,4,3,1,0.9504573126323521,,318.6
3336,-2.3000000000000003,0,4,3,1,0.9504573126323521,,318.7
3337,-4.300000000000001,0,4,3,1,0.9504573126323521,,318.8
3338,-4.300000000000001,0,4,3,1,0.9504573126323521,,318.9
3339,5.7,1,4,3,1,0.9504573126323521,,318.9
3340,-4.300000000000001,0,4,3,1,0.9504573126323521,,319.0
3341,-2.3000000000000003,0,4,3,1,0.9504573126323521,,319.1
3342,-4.300000000000001,0,4,3,1,0.9504573126323521,,319.2
3343,-4.300000000000001,0,4,3,1,0.9504573126323521,,319.3
3344,-4.300000000000001,0,4,3,1,0.9504573126323521,,319.3
3345,-0.30000000000000004,0,4,3,1,0.9504573126323521,,319.4
3346,-4.300000000000001,0,4,3,1,0.9504573126323521,,319.5
3347,-4.300000000000001,0,4,3,1,0.9504573126323521,,319.6
3348,-2.3000000000000003,0,4,3,1,0.9504573126323521,,319.7
3349,-2.3000000000000003,0,4,3,1,0.9504573126323521,,319.7
3350,5.7,1,4,3,1,0.9504573126323521,,319.7
3351,-4.300000000000001,0,4,3,1,0.9504573126323521,,319.8
3352,-4.6000000000000005,0,6,3,1,0.9504573126323521,,319.9
3353,-4.300000000000001,0,4,3,1,0.9504573126323521,,320.0
3354,-0.6000000000000001,0,6,3,1,0.9504573126323521,,320.0
3355,-2.3000000000000003,0,4,3,1,0.9504573126323521,,320.0
3356,-4.300000000000001,0,4,3,1,0.9504573126323521,,320.1
3357,-4.300000000000001,0,4,3,1,0.9504573126323521,,320.2
3358,-4.300000000000001,0,4,3,1,0.9504573126323521,,320.3
3359,-4.300000000000001,0,4,3,1,0.9504573126323521,,320.4
3360,-4.300000000000001,0,4,3,1,0.9504573126323521,,320.5
3361,5.7,1,4,3,1,0.9504573126323521,,320.5
3362,-4.300000000000001,0,4,3,1,0.9504573126323521,,320.6
3363,-4.300000000000001,0,4,3,1,0.9504573126323521,,320.7
3364,-4.300000000000001,0,4,3,1,0.9504573126323521,,320.8
3365,-4.300000000000001,0,4,3,1,0.9504573126323521,,320.9
3366,-4.6000000000000005,0,6,3,1,0.9504573126323521,,321.0
3367,-4.300000000000001,0,4,3,1,0.9504573126323521,,321.1
3368,-4.300000000000001,0,4,3,1,0.9504573126323521,,321.2
3369,-4.300000000000001,0,4,3,1,0.9504573126323521,,321.3
3370,-2.3000000000000003,0,4,3,1,0.9504573126323521,,321.3
3371,-0.30000000000000004,0,4,3,1,0.9504573126323521,,321.4
3372,-2.3000000000000003,0,4,3,1,0.9504573126323521,,321.5
3373,-4.300000000000001,0,4,3,1,0.9504573126323521,,321.6
3374,-4.300000000000001,0,4,3,1,0.9504573126323521,,321.6
3375,-2.3000000000000003,0,4,3,1,0.9504573126323521,,321.7
3376,-4.300000000000001,0,4,3,1,0.9504573126323521,,321.7
3377,-4.300000000000001,0,4,3,1,0.9504573126323521,,321.8
3378,-2.3000000000000003,0,4,3,1,0.9504573126323521,,321.9
3379,-4.300000000000001,0,4,3,1,0.9504573126323521,,321.9
3380,-0.30000000000000004,0,4,3,1,0.9504573126323521,,322.0
3381,-1.6,0,6,3,1,0.9504573126323521,,322.0
3382,-4.300000000000001,0,4,3,1,0.9504573126323521,,322.1
3383,-4.300000000000001,0,4,3,1,0.9504573126323521,,322.2
3384,-2.3000000000000003,0,4,3,1,0.9504573126323521,,322.2
3385,5.7,1,4,3,1,0.9504573126323521,,322.3
3386,-4.300000000000001,0,4,3,1,0.9504573126323521,,322.4
3387,-2.3000000000000003,0,4,3,1,0.9504573126323521,,322.4
3388,-2.3000000000000003,0,4,3,1,0.9504573126323521,,322.5
3389,-4.300000000000001,0,4,3,1,0.9504573126323521,,322.5
3390,-2.3000000000000003,0,4,3,1,0.9504573126323521,,322.6
3391,-4.300000000000001,0,4,3,1,0.9504573126323521,,322.7
3392,-4.300000000000001,0,4,3,1,0.9504573126323521,,322.8
3393,-4.6000000000000005,0,6,3,1,0.9504573126323521,,322.9
3394,5.7,1,4,3,1,0.9504573126323521,,323.0
3395,-4.300000000000001,0,4,3,1,0.9504573126323521,,323.1
3396,-4.300000000000001,0,4,3,1,0.9504573126323521,,323.1
3397,-5.6000000000000005,0,6,3,1,0.9504573126323521,,323.2
3398,-4.300000000000001,0,4,3,1,0.9504573126323521,,323.3
3399,-4.300000000000001,0,4,3,1,0.9504573126323521,,323.3
3400,-2.3000000000000003,0,4,3,1,0.9504573126323521,,323.4
3401,-2.3000000000000003,0,4,3,1,0.9504573126323521,,323.5
3402,-4.300000000000001,0,4,3,1,0.9504573126323521,,323.6
3403,-3.4000000000000004,0,5,4,1,0.9504573126323521,,323.7
3404,-4.300000000000001,0,4,3,1,0.9504573126323521,,323.8
3405,-4.300000000000001,0,4,3,1,0.9504573126323521,,323.8
3406,-2.3000000000000003,0,4,3,1,0.9504573126323521,,323.9
3407,-4.300000000000001,0,4,3,1,0.9504573126323521,,324.0
3408,-0.30000000000000004,0,4,3,1,0.9504573126323521,,324.0
3409,-4.300000000000001,0,4,3,1,0.9504573126323521,,324.1
3410,-4.300000000000001,0,4,3,1,0.9504573126323521,,324.2
3411,-2.3000000000000003,0,4,3,1,0.9504573126323521,,324.3
3412,-4.300000000000001,0,4,3,1,0.9504573126323521,,324.3
3413,-4.6000000000000005,0,6,3,1,0.9504573126323521,,324.4
3414,-4.300000000000001,0,4,3,1,0.9504573126323521,,324.5
3415,-4.300000000000001,0,4,3,1,0.9504573126323521,,324.6
3416,-4.300000000000001,0,4,3,1,0.9504573126323521,,324.6
3417,-2.3000000000000003,0,4,3,1,0.9504573126323521,,324.7
3418,-4.300000000000001,0,4,3,1,0.9504573126323521,,324.8
3419,-4.300000000000001,0,4,3,1,0.9504573126323521,,324.8
3420,-5.6000000000000005,0,6,3,1,0.9504573126323521,,324.9
3421,-4.300000000000001,0,4,3,1,0.9504573126323521,,325.0
3422,-4.300000000000001,0,4,3,1,0.9504573126323521,,325.0
3423,-4.300000000000001,0,4,3,1,0.9504573126323521,,325.1
3424,-4.300000000000001,0,4,3,1,0.9504573126323521,,325.2
3425,-0.30000000000000004,0,4,3,1,0.9504573126323521,,325.2
3426,-4.300000000000001,0,4,3,1,0.9504573126323521,,325.3
3427,-4.300000000000001,0,4,3,1,0.9504573126323521,,325.4
3428,-4.300000000000001,0,4,3,1,0.9504573126323521,,325.4
3429,-2.3000000000000003,0,4,3,1,0.9504573126323521,,325.5
3430,-4.300000000000001,0,4,3,1,0.9504573126323521,,325.6
3431,-5.4,0,5,4,1,0.9504573126323521,,325.6
3432,-4.300000000000001,0,4,3,1,0.9504573126323521,,325.7
3433,-3.6000000000000005,0,6,3,1,0.9504573126323521,,325.8
3434,5.7,1,4,3,1,0.9504573126323521,,325.8
3435,5.7,1,4,3,1,0.9504573126323521,,325.9
3436,-4.300000000000001,0,4,3,1,0.9504573126323521,,325.9
3437,-4.300000000000001,0,4,3,1,0.9504573126323521,,326.0
3438,-4.300000000000001,0,4,3,1,0.9504573126323521,,326.1
3439,-4.300000000000001,0,4,3,1,0.9504573126323521,,326.1
3440,-4.300000000000001,0,4,3,1,0.9504573126323521,,326.2
3441,-4.300000000000001,0,4,3,1,0.9504573126323521,,326.3
3442,-4.6,0,6,3,1,0.9504573126323521,,326.4
3443,-4.300000000000001,0,4,3,1,0.9504573126323521,,326.5
3444,-3.4000000000000004,0,5,4,1,0.9504573126323521,,326.5
3445,-4.300000000000001,0,4,3,1,0.9504573126323521,,326.6
3446,-4.300000000000001,0,4,3,1,0.9504573126323521,,326.7
3447,-4.300000000000001,0,4,3,1,0.9504573126323521,,326.7
3448,-5.6000000000000005,0,6,3,1,0.9504573126323521,,326.8
3449,-4.300000000000001,0,4,3,1,0.9504573126323521,,326.8
3450,-2.3000000000000003,0,4,3,1,0.9504573126323521,,326.9
3451,-4.300000000000001,0,4,3,1,0.9504573126323521,,327.0
3452,-2.3000000000000003,0,4,3,1,0.9504573126323521,,327.1
3453,-4.300000000000001,0,4,3,1,0.9504573126323521,,327.1
3454,-2.3000000000000003,0,4,3,1,0.9504573126323521,,327.2
3455,-2.3000000000000003,0,4,3,1,0.9504573126323521,,327.2
3456,-3.6000000000000005,0,6,3,1,0.9504573126323521,,327.3
3457,-4.300000000000001,0,4,3,1,0.9504573126323521,,327.4
3458,-2.3000000000000003,0,4,3,1,0.9504573126323521,,327.5
3459,-2.3000000000000003,0,4,3,1,0.9504573126323521,,327.6
3460,-4.300000000000001,0,4,3,1,0.9504573126323521,,327.6
3461,-4.300000000000001,0,4,3,1,0.9504573126323521,,327.7
3462,-4.300000000000001,0,4,3,1,0.9504573126323521,,327.8
3463,-4.300000000000001,0,4,3,1,0.9504573126323521,,327.9
3464,-5.4,0,5,4,1,0.9504573126323521,,328.0
3465,5.7,1,4,3,1,0.9504573126323521,,328.1
3466,-4.300000000000001,0,4,3,1,0.9504573126323521,,328.2
3467,-4.300000000000001,0,4,3,1,0.9504573126323521,,328.3
3468,-4.300000000000001,0,4,3,1,0.9504573126323521,,328.4
3469,5.7,1,4,3,1,0.9504573126323521,,328.4
3470,-5.4,0,5,4,1,0.9504573126323521,,328.5
3471,-2.3000000000000003,0,4,3,1,0.9504573126323521,,328.6
3472,-4.300000000000001,0,4,3,1,0.9504573126323521,,328.7
3473,-4.300000000000001,0,4,3,1,0.9504573126323521,,328.8
3474,-4.300000000000001,0,4,3,1,0.9504573126323521,,328.8
3475,-4.300000000000001,0,4,3,1,0.9504573126323521,,328.9
3476,-5.6000000000000005,0,6,3,1,0.9504573126323521,,328.9
3477,-4.300000000000001,0,4,3,1,0.9504573126323521,,329.0
3478,-2.3000000000000003,0,4,3,1,0.9504573126323521,,329.1
3479,-4.300000000000001,0,4,3,1,0.9504573126323521,,329.2
3480,-4.300000000000001,0,4,3,1,0.9504573126323521,,329.3
3481,-3.6000000000000005,0,6,3,1,0.9504573126323521,,329.4
3482,-4.300000000000001,0,4,3,1,0.9504573126323521,,329.4
3483,-2.3000000000000003,0,4,3,1,0.9504573126323521,,329.5
3484,-2.3000000000000003,0,4,3,1,0.9504573126323521,,329.5
3485,-5.6000000000000005,0,6,3,1,0.9504573126323521,,329.6
3486,-4.300000000000001,0,4,3,1,0.9504573126323521,,329.7
3487,-4.300000000000001,0,4,3,1,0.9504573126323521,,329.8
3488,-4.300000000000001,0,4,3,1,0.9504573126323521,,329.8
3489,-0.30000000000000004,0,4,3,1,0.9504573126323521,,329.9
3490,-5.6000000000000005,0,6,3,1,0.9504573126323521,,330.0
3491,-4.300000000000001,0,4,3,1,0.9504573126323521,,330.1
3492,-2.3000000000000003,0,4,3,1,0.9504573126323521,,330.1
3493,5.7,1,4,3,1,0.9504573126323521,,330.2
3494,-0.30000000000000004,0,4,3,1,0.9504573126323521,,330.3
3495,-0.30000000000000004,0,4,3,1,0.9504573126323521,,330.4
3496,-2.3000000000000003,0,4,3,1,0.9504573126323521,,330.5
3497,-4.300000000000001,0,4,3,1,0.9504573126323521,,330.5
3498,-4.300000000000001,0,4,3,1,0.9504573126323521,,330.6
3499,5.7,1,4,3,1,0.9504573126323521,,330.7
3500,-4.300000000000001,0,4,3,1,0.9504573126323521,,330.7
3501,-4.300000000000001,0,4,3,1,0.9504573126323521,,336.1
3502,-4.300000000000001,0,4,3,1,0.9504573126323521,,336.2
3503,-4.9,0,8,3,1,0.9504573126323521,,336.3
3504,-5.6000000000000005,0,6,3,1,0.9504573126323521,,336.4
3505,5.7,1,4,3,1,0.9504573126323521,,336.4
3506,-4.6,0,6,3,1,0.9504573126323521,,336.5
3507,-4.300000000000001,0,4,3,1,0.9504573126323521,,336.6
3508,-5.6000000000000005,0,6,3,1,0.9504573126323521,,336.6
3509,-0.30000000000000004,0,4,3,1,0.9504573126323521,,336.7
3510,-4.300000000000001,0,4,3,1,0.9504573126323521,,336.8
3511,-4.300000000000001,0,4,3,1,0.9504573126323521,,336.9
3512,-4.300000000000001,0,4,3,1,0.9504573126323521,,337.0
3513,-4.300000000000001,0,4,3,1,0.9504573126323521,,337.1
3514,-4.300000000000001,0,4,3,1,0.9504573126323521,,337.1
3515,-4.300000000000001,0,4,3,1,0.9504573126323521,,337.2
3516,-2.3000000000000003,0,4,3,1,0.9504573126323521,,337.3
3517,-0.30000000000000004,0,4,3,1,0.9504573126323521,,337.4
3518,-2.3000000000000003,0,4,3,1,0.9504573126323521,,337.4
3519,-4.300000000000001,0,4,3,1,0.9504573126323521,,337.4
3520,-4.300000000000001,0,4,3,1,0.9504573126323521,,337.5
3521,-2.3000000000000003,0,4,3,1,0.9504573126323521,,337.5
3522,5.7,1,4,3,1,0.9504573126323521,,337.6
3523,-4.300000000000001,0,4,3,1,0.9504573126323521,,337.7
3524,-4.300000000000001,0,4,3,1,0.9504573126323521,,337.7
3525,-4.300000000000001,0,4,3,1,0.9504573126323521,,337.8
3526,-4.300000000000001,0,4,3,1,0.9504573126323521,,337.9
3527,-4.300000000000001,0,4,3,1,0.9504573126323521,,338.0
3528,-4.300000000000001,0,4,3,1,0.8725354159250855,1.246434673666954,338.7
3529,-4.300000000000001,0,4,3,1,0.8725354159250855,,338.7
3530,-0.30000000000000004,0,4,3,1,0.8725354159250855,,338.8
3531,-2.3000000000000003,0,4,3,1,0.8725354159250855,,338.9
3532,-2.3000000000000003,0,4,3,1,0.8725354159250855,,338.9
3533,-4.300000000000001,0,4,3,1,0.8725354159250855,,339.0
3534,-5.6000000000000005,0,6,3,1,0.8725354159250855,,339.1
3535,-0.30000000000000004,0,4,3,1,0.8725354159250855,,339.2
3536,-2.3000000000000003,0,4,3,1,0.8725354159250855,,339.3
3537,-4.300000000000001,0,4,3,1,0.8725354159250855,,339.4
3538,-4.300000000000001,0,4,3,1,0.8725354159250855,,339.4
3539,-4.300000000000001,0,4,3,1,0.8725354159250855,,339.5
3540,-4.6000000000000005,0,6,3,1,0.8725354159250855,,339.6
3541,5.7,1,4,3,1,0.8725354159250855,,339.7
3542,-4.300000000000001,0,4,3,1,0.8725354159250855,,339.8
3543,-4.300000000000001,0,4,3,1,0.8725354159250855,,339.9
3544,-4.300000000000001,0,4,3,1,0.8725354159250855,,339.9
3545,-4.300000000000001,0,4,3,1,0.8725354159250855,,340.0
3546,-2.3000000000000003,0,4,3,1,0.8725354159250855,,340.1
3547,-2.3000000000000003,0,4,3,1,0.8725354159250855,,340.1
3548,-4.300000000000001,0,4,3,1,0.8725354159250855,,340.2
3549,4.4,1,6,3,1,0.8725354159250855,,340.3
3550,-4.300000000000001,0,4,3,1,0.8725354159250855,,340.4
3551,-4.300000000000001,0,4,3,1,0.8725354159250855,,340.4
3552,-4.300000000000001,0,4,3,1,0.8725354159250855,,340.5
3553,-2.3000000000000003,0,4,3,1,0.8725354159250855,,340.6
3554,-4.300000000000001,0,4,3,1,0.8725354159250855,,340.7
3555,5.7,1,4,3,1,0.8725354159250855,,340.8
3556,-2.3000000000000003,0,4,3,1,0.8725354159250855,,340.8
3557,-4.300000000000001,0,4,3,1,0.8725354159250855,,340.9
3558,-2.3000000000000003,0,4,3,1,0.8725354159250855,,341.0
3559,-4.300000000000001,0,4,3,1,0.8725354159250855,,341.1
3560,-4.300000000000001,0,4,3,1,0.8725354159250855,,341.1
3561,-4.300000000000001,0,4,3,1,0.8725354159250855,,341.2
3562,5.7,1,4,3,1,0.8725354159250855,,341.3
3563,-4.300000000000001,0,4,3,1,0.8725354159250855,,341.4
3564,-4.300000000000001,0,4,3,1,0.8725354159250855,,341.5
3565,-2.3000000000000003,0,4,3,1,0.8725354159250855,,341.6
3566,-4.300000000000001,0,4,3,1,0.8725354159250855,,341.6
3567,-5.6000000000000005,0,6,3,1,0.8725354159250855,,341.7
3568,-2.3000000000000003,0,4,3,1,0.8725354159250855,,341.8
3569,5.7,1,4,3,1,0.8725354159250855,,341.8
3570,-4.300000000000001,0,4,3,1,0.8725354159250855,,342.0
3571,-2.3000000000000003,0,4,3,1,0.8725354159250855,,342.0
3572,-4.300000000000001,0,4,3,1,0.8725354159250855,,342.1
3573,-4.300000000000001,0,4,3,1,0.8725354159250855,,342.1
3574,-4.300000000000001,0,4,3,1,0.8725354159250855,,342.2
3575,-4.300000000000001,0,4,3,1,0.8725354159250855,,342.3
3576,-4.300000000000001,0,4,3,1,0.8725354159250855,,342.3
3577,-2.3000000000000003,0,4,3,1,0.8725354159250855,,342.4
3578,-4.300000000000001,0,4,3,1,0.8725354159250855,,342.5
3579,-4.300000000000001,0,4,3,1,0.8725354159250855,,342.6
3580,-4.300000000000001,0,4,3,1,0.8725354159250855,,342.6
3581,-4.300000000000001,0,4,3,1,0.8725354159250855,,342.8
3582,-4.300000000000001,0,4,3,1,0.8725354159250855,,342.8
3583,-4.300000000000001,0,4,3,1,0.8725354159250855,,342.9
3584,5.7,1,4,3,1,0.8725354159250855,,342.9
3585,-4.300000000000001,0,4,3,1,0.8725354159250855,,343.0
3586,-4.300000000000001,0,4,3,1,0.8725354159250855,,343.1
3587,-4.300000000000001,0,4,3,1,0.8725354159250855,,343.1
3588,-4.300000000000001,0,4,3,1,0.8725354159250855,,343.1
3589,-4.300000000000001,0,4,3,1,0.8725354159250855,,343.2
3590,-2.3000000000000003,0,4,3,1,0.8725354159250855,,343.4
3591,-2.3000000000000003,0,4,3,1,0.8725354159250855,,343.4
3592,-4.300000000000001,0,4,3,1,0.8725354159250855,,343.5
3593,-2.3000000000000003,0,4,3,1,0.8725354159250855,,343.5
3594,-4.300000000000001,0,4,3,1,0.8725354159250855,,343.6
3595,-4.6000000000000005,0,6,3,1,0.8725354159250855,,343.7
3596,-4.300000000000001,0,4,3,1,0.8725354159250855,,343.8
3597,-4.300000000000001,0,4,3,1,0.8725354159250855,,343.9
3598,-4.300000000000001,0,4,3,1,0.8725354159250855,,343.9
3599,-4.300000000000001,0,4,3,1,0.8725354159250855,,344.0
3600,-2.3000000000000003,0,4,3,1,0.8725354159250855,,344.1
3601,-4.300000000000001,0,4,3,1,0.8725354159250855,,344.1
3602,-4.300000000000001,0,4,3,1,0.8725354159250855,,344.2
3603,-0.30000000000000004,0,4,3,1,0.8725354159250855,,344.3
3604,-4.300000000000001,0,4,3,1,0.8725354159250855,,344.3
3605,-4.300000000000001,0,4,3,1,0.8725354159250855,,344.4
3606,-4.300000000000001,0,4,3,1,0.8725354159250855,,344.5
3607,-4.300000000000001,0,4,3,1,0.8725354159250855,,344.5
3608,-4.300000000000001,0,4,3,1,0.8725354159250855,,344.6
3609,-4.300000000000001,0,4,3,1,0.8725354159250855,,344.7
3610,-0.30000000000000004,0,4,3,1,0.8725354159250855,,344.7
3611,-4.300000000000001,0,4,3,1,0.8725354159250855,,344.8
3612,-4.300000000000001,0,4,3,1,0.8725354159250855,,344.9
3613,-4.300000000000001,0,4,3,1,0.8725354159250855,,345.0
3614,-4.300000000000001,0,4,3,1,0.8725354159250855,,345.1
3615,-2.3000000000000003,0,4,3,1,0.8725354159250855,,345.1
3616,-2.3000000000000003,0,4,3,1,0.8725354159250855,,345.2
3617,-4.300000000000001,0,4,3,1,0.8725354159250855,,345.2
3618,-4.300000000000001,0,4,3,1,0.8725354159250855,,345.3
3619,-4.300000000000001,0,4,3,1,0.8725354159250855,,345.4
3620,-4.300000000000001,0,4,3,1,0.8725354159250855,,345.5
3621,-4.300000000000001,0,4,3,1,0.8725354159250855,,345.6
3622,-2.3000000000000003,0,4,3,1,0.8725354159250855,,345.6
3623,-4.300000000000001,0,4,3,1,0.8725354159250855,,345.7
3624,-4.300000000000001,0,4,3,1,0.8725354159250855,,345.8
3625,-4.300000000000001,0,4,3,1,0.8725354159250855,,345.8
3626,-4.300000000000001,0,4,3,1,0.8725354159250855,,345.9
3627,-4.300000000000001,0,4,3,1,0.8725354159250855,,346.0
3628,-4.300000000000001,0,4,3,1,0.8725354159250855,,346.1
3629,-4.300000000000001,0,4,3,1,0.8725354159250855,,346.2
3630,-4.300000000000001,0,4,3,1,0.8725354159250855,,346.2
3631,-2.3000000000000003,0,4,3,1,0.8725354159250855,,346.3
3632,-4.300000000000001,0,4,3,1,0.8725354159250855,,346.3
3633,-4.300000000000001,0,4,3,1,0.8725354159250855,,346.4
3634,-4.300000000000001,0,4,3,1,0.8725354159250855,,346.5
3635,-2.3000000000000003,0,4,3,1,0.8725354159250855,,346.6
3636,-4.300000000000001,0,4,3,1,0.8725354159250855,,346.6
3637,-4.300000000000001,0,4,3,1,0.8725354159250855,,346.7
3638,-4.300000000000001,0,4,3,1,0.8725354159250855,,346.8
3639,-4.300000000000001,0,4,3,1,0.8725354159250855,,346.9
3640,-2.3000000000000003,0,4,3,1,0.8725354159250855,,346.9
3641,5.7,1,4,3,1,0.8725354159250855,,347.0
3642,-5.6000000000000005,0,6,3,1,0.8725354159250855,,347.1
3643,-4.300000000000001,0,4,3,1,0.8725354159250855,,347.2
3644,-4.300000000000001,0,4,3,1,0.8725354159250855,,347.3
3645,-2.3000000000000003,0,4,3,1,0.8725354159250855,,347.4
3646,-2.3000000000000003,0,4,3,1,0.8725354159250855,,347.4
3647,-0.30000000000000004,0,4,3,1,0.8725354159250855,,347.4
3648,-4.300000000000001,0,4,3,1,0.8725354159250855,,347.5
3649,-4.9,0,8,3,1,0.8725354159250855,,347.6
3650,-4.300000000000001,0,4,3,1,0.8725354159250855,,347.6
3651,-4.6,0,6,3,1,0.8725354159250855,,347.7
3652,-4.300000000000001,0,4,3,1,0.8725354159250855,,347.7
3653,-5.6000000000000005,0,6,3,1,0.8725354159250855,,347.8
3654,-4.300000000000001,0,4,3,1,0.8725354159250855,,347.9
3655,-0.30000000000000004,0,4,3,1,0.8725354159250855,,347.9
3656,-0.30000000000000004,0,4,3,1,0.8725354159250855,,348.0
3657,-4.300000000000001,0,4,3,1,0.8725354159250855,,348.1
3658,-4.300000000000001,0,4,3,1,0.8725354159250855,,348.2
3659,5.7,1,4,3,1,0.8725354159250855,,348.3
3660,-4.300000000000001,0,4,3,1,0.8725354159250855,,348.4
3661,-2.3000000000000003,0,4,3,1,0.8725354159250855,,348.4
3662,5.7,1,4,3,1,0.8725354159250855,,348.5
3663,-2.3000000000000003,0,4,3,1,0.8725354159250855,,348.6
3664,-4.300000000000001,0,4,3,1,0.8725354159250855,,348.6
3665,-4.300000000000001,0,4,3,1,0.8725354159250855,,348.7
3666,-4.300000000000001,0,4,3,1,0.8725354159250855,,348.7
3667,-4.300000000000001,0,4,3,1,0.8725354159250855,,348.8
3668,-4.300000000000001,0,4,3,1,0.8725354159250855,,348.9
3669,-2.3000000000000003,0,4,3,1,0.8725354159250855,,349.0
3670,-4.300000000000001,0,4,3,1,0.8725354159250855,,349.0
3671,-0.30000000000000004,0,4,3,1,0.8725354159250855,,349.1
3672,-2.3000000000000003,0,4,3,1,0.8725354159250855,,349.2
3673,-0.30000000000000004,0,4,3,1,0.8725354159250855,,349.3
3674,-4.300000000000001,0,4,3,1,0.8725354159250855,,349.4
3675,-4.300000000000001,0,4,3,1,0.8725354159250855,,349.4
3676,-4.300000000000001,0,4,3,1,0.8725354159250855,,349.5
3677,-4.300000000000001,0,4,3,1,0.8725354159250855,,349.6
3678,-0.30000000000000004,0,4,3,1,0.8725354159250855,,349.6
3679,-4.300000000000001,0,4,3,1,0.8725354159250855,,349.7
3680,-4.300000000000001,0,4,3,1,0.8725354159250855,,349.8
3681,-2.3000000000000003,0,4,3,1,0.8725354159250855,,349.8
3682,-4.300000000000001,0,4,3,1,0.8725354159250855,,349.9
3683,-2.3000000000000003,0,4,3,1,0.8725354159250855,,350.0
3684,-4.300000000000001,0,4,3,1,0.8725354159250855,,350.1
3685,-0.30000000000000004,0,4,3,1,0.8725354159250855,,350.1
3686,-4.300000000000001,0,4,3,1,0.8725354159250855,,350.2
3687,-4.300000000000001,0,4,3,1,0.8725354159250855,,350.2
3688,-5.4,0,5,4,1,0.8725354159250855,,350.3
3689,-4.300000000000001,0,4,3,1,0.8725354159250855,,350.3
3690,-4.300000000000001,0,4,3,1,0.8725354159250855,,350.4
3691,-4.300000000000001,0,4,3,1,0.8725354159250855,,350.4
3692,-4.300000000000001,0,4,3,1,0.8725354159250855,,350.5
3693,-0.30000000000000004,0,4,3,1,0.8725354159250855,,350.5
3694,-2.3000000000000003,0,4,3,1,0.8725354159250855,,350.6
3695,-4.300000000000001,0,4,3,1,0.8725354159250855,,350.7
3696,-4.300000000000001,0,4,3,1,0.8725354159250855,,350.8
3697,-4.300000000000001,0,4,3,1,0.8725354159250855,,350.9
3698,-2.3000000000000003,0,4,3,1,0.8725354159250855,,350.9
3699,-2.3000000000000003,0,4,3,1,0.8725354159250855,,351.0
3700,-4.300000000000001,0,4,3,1,0.8725354159250855,,351.0
3701,-4.300000000000001,0,4,3,1,0.8725354159250855,,351.1
3702,-4.300000000000001,0,4,3,1,0.8725354159250855,,351.2
3703,-2.3000000000000003,0,4,3,1,0.8725354159250855,,351.2
3704,-2.3000000000000003,0,4,3,1,0.8725354159250855,,351.3
3705,-4.300000000000001,0,4,3,1,0.8725354159250855,,351.4
3706,-4.300000000000001,0,4,3,1,0.8725354159250855,,351.4
3707,-4.300000000000001,0,4,3,1,0.8725354159250855,,351.5
3708,-4.300000000000001,0,4,3,1,0.8725354159250855,,351.6
3709,-5.4,0,5,4,1,0.8725354159250855,,351.7
3710,-4.300000000000001,0,4,3,1,0.8725354159250855,,351.8
3711,-5.6000000000000005,0,6,3,1,0.8725354159250855,,351.8
3712,-4.300000000000001,0,4,3,1,0.8725354159250855,,351.9
3713,-4.300000000000001,0,4,3,1,0.8725354159250855,,352.0
3714,-4.300000000000001,0,4,3,1,0.8725354159250855,,352.1
3715,-2.3000000000000003,0,4,3,1,0.8725354159250855,,352.2
3716,-0.30000000000000004,0,4,3,1,0.8725354159250855,,352.3
3717,-2.3000000000000003,0,4,3,1,0.8725354159250855,,352.3
3718,-4.300000000000001,0,4,3,1,0.8725354159250855,,352.4
3719,-4.300000000000001,0,4,3,1,0.8725354159250855,,352.5
3720,-4.300000000000001,0,4,3,1,0.8725354159250855,,352.6
3721,-5.4,0,5,4,1,0.8725354159250855,,352.7
3722,-4.300000000000001,0,4,3,1,0.8725354159250855,,352.8
3723,-2.3000000000000003,0,4,3,1,0.8725354159250855,,352.9
3724,-4.300000000000001,0,4,3,1,0.8725354159250855,,352.9
3725,-4.300000000000001,0,4,3,1,0.8725354159250855,,353.0
3726,-2.3000000000000003,0,4,3,1,0.8725354159250855,,353.0
3727,-4.300000000000001,0,4,3,1,0.8725354159250855,,353.1
3728,-2.3000000000000003,0,4,3,1,0.8725354159250855,,353.2
3729,-4.300000000000001,0,4,3,1,0.8725354159250855,,353.2
3730,-4.300000000000001,0,4,3,1,0.8725354159250855,,353.3
3731,-2.3000000000000003,0,4,3,1,0.8725354159250855,,353.4
3732,-2.3000000000000003,0,4,3,1,0.8725354159250855,,353.5
3733,5.7,1,4,3,1,0.8725354159250855,,353.5
3734,-4.300000000000001,0,4,3,1,0.8725354159250855,,353.6
3735,-2.3000000000000003,0,4,3,1,0.8725354159250855,,353.7
3736,-4.300000000000001,0,4,3,1,0.8725354159250855,,353.7
3737,-2.3000000000000003,0,4,3,1,0.8725354159250855,,353.8
3738,-2.3000000000000003,0,4,3,1,0.8725354159250855,,353.9
3739,-4.300000000000001,0,4,3,1,0.8725354159250855,,354.0
3740,-4.300000000000001,0,4,3,1,0.8725354159250855,,354.1
3741,-4.300000000000001,0,4,3,1,0.8725354159250855,,354.2
3742,-4.300000000000001,0,4,3,1,0.8725354159250855,,354.2
3743,-5.6000000000000005,0,6,3,1,0.8725354159250855,,354.3
3744,-4.300000000000001,0,4,3,1,0.8725354159250855,,354.4
3745,-4.300000000000001,0,4,3,1,0.8725354159250855,,354.4
3746,-2.3000000000000003,0,4,3,1,0.8725354159250855,,354.5
3747,-4.300000000000001,0,4,3,1,0.8725354159250855,,354.6
3748,5.7,1,4,3,1,0.8725354159250855,,354.6
3749,-2.3000000000000003,0,4,3,1,0.8725354159250855,,354.7
3750,5.7,1,4,3,1,0.8725354159250855,,354.8
3751,-4.300000000000001,0,4,3,1,0.8725354159250855,,354.8
3752,-2.3000000000000003,0,4,3,1,0.8725354159250855,,354.9
3753,-3.6,0,6,3,1,0.8725354159250855,,355.0
3754,-4.300000000000001,0,4,3,1,0.8725354159250855,,355.1
3755,-4.300000000000001,0,4,3,1,0.8725354159250855,,355.1
3756,-4.300000000000001,0,4,3,1,0.8725354159250855,,355.2
3757,-4.300000000000001,0,4,3,1,0.8725354159250855,,355.3
3758,-4.300000000000001,0,4,3,1,0.8725354159250855,,355.4
3759,-4.300000000000001,0,4,3,1,0.8725354159250855,,355.5
3760,-4.300000000000001,0,4,3,1,0.8725354159250855,,355.5
3761,-4.300000000000001,0,4,3,1,0.8725354159250855,,355.6
3762,-5.4,0,5,4,1,0.8725354159250855,,355.7
3763,-2.3000000000000003,0,4,3,1,0.8725354159250855,,355.8
3764,-4.300000000000001,0,4,3,1,0.8725354159250855,,355.9
3765,-2.3000000000000003,0,4,3,1,0.8725354159250855,,355.9
3766,-4.300000000000001,0,4,3,1,0.8725354159250855,,356.0
3767,-2.6,0,6,3,1,0.8725354159250855,,356.1
3768,-0.30000000000000004,0,4,3,1,0.8725354159250855,,356.1
3769,-4.300000000000001,0,4,3,1,0.8725354159250855,,356.2
3770,-2.3000000000000003,0,4,3,1,0.8725354159250855,,356.3
3771,-4.300000000000001,0,4,3,1,0.8725354159250855,,356.4
3772,-5.6000000000000005,0,6,3,1,0.8725354159250855,,356.4
3773,-2.3000000000000003,0,4,3,1,0.8725354159250855,,356.5
3774,-2.3000000000000003,0,4,3,1,0.8725354159250855,,356.6
3775,-3.6000000000000005,0,6,3,1,0.8725354159250855,,356.7
3776,-4.6,0,6,3,1,0.8725354159250855,,356.7
3777,-4.300000000000001,0,4,3,1,0.8725354159250855,,356.8
3778,-3.4000000000000004,0,5,4,1,0.8725354159250855,,356.9
3779,-4.300000000000001,0,4,3,1,0.8725354159250855,,357.0
3780,-4.300000000000001,0,4,3,1,0.8725354159250855,,357.1
3781,-4.300000000000001,0,4,3,1,0.8725354159250855,,357.1
3782,-0.30000000000000004,0,4,3,1,0.8725354159250855,,357.2
3783,-2.3000000000000003,0,4,3,1,0.8725354159250855,,357.3
3784,-0.30000000000000004,0,4,3,1,0.8725354159250855,,357.3
3785,-4.300000000000001,0,4,3,1,0.8725354159250855,,357.4
3786,-0.30000000000000004,0,4,3,1,0.8725354159250855,,357.5
3787,-5.4,0,5,4,1,0.8725354159250855,,357.6
3788,-4.300000000000001,0,4,3,1,0.8725354159250855,,357.7
3789,-4.300000000000001,0,4,3,1,0.8725354159250855,,357.8
3790,-2.3000000000000003,0,4,3,1,0.8725354159250855,,357.9
3791,-4.300000000000001,0,4,3,1,0.8725354159250855,,358.0
3792,-4.300000000000001,0,4,3,1,0.8725354159250855,,358.1
3793,-4.300000000000001,0,4,3,1,0.8725354159250855,,358.1
3794,-2.3000000000000003,0,4,3,1,0.8725354159250855,,358.2
3795,-4.300000000000001,0,4,3,1,0.8725354159250855,,358.3
3796,-4.300000000000001,0,4,3,1,0.8725354159250855,,358.3
3797,-2.3000000000000003,0,4,3,1,0.8725354159250855,,358.4
3798,-4.300000000000001,0,4,3,1,0.8725354159250855,,358.4
3799,-4.300000000000001,0,4,3,1,0.8725354159250855,,358.5
3800,-2.3000000000000003,0,4,3,1,0.8725354159250855,,358.6
3801,-4.300000000000001,0,4,3,1,0.8725354159250855,,358.6
3802,-4.300000000000001,0,4,3,1,0.8725354159250855,,358.7
3803,-4.300000000000001,0,4,3,1,0.8725354159250855,,358.8
3804,-4.300000000000001,0,4,3,1,0.8725354159250855,,358.9
3805,-1.4000000000000001,0,5,4,1,0.8725354159250855,,359.0
3806,-0.30000000000000004,0,4,3,1,0.8725354159250855,,359.0
3807,-4.300000000000001,0,4,3,1,0.8725354159250855,,359.1
3808,-4.300000000000001,0,4,3,1,0.8725354159250855,,359.2
3809,-4.300000000000001,0,4,3,1,0.8725354159250855,,359.3
3810,-4.300000000000001,0,4,3,1,0.8725354159250855,,359.4
3811,-4.300000000000001,0,4,3,1,0.8725354159250855,,359.4
3812,-0.30000000000000004,0,4,3,1,0.8725354159250855,,359.5
3813,-5.4,0,5,4,1,0.8725354159250855,,359.6
3814,-2.3000000000000003,0,4,3,1,0.8725354159250855,,359.6
3815,-4.300000000000001,0,4,3,1,0.8725354159250855,,359.7
3816,-2.3000000000000003,0,4,3,1,0.8725354159250855,,359.8
3817,-4.300000000000001,0,4,3,1,0.8725354159250855,,359.9
3818,-0.30000000000000004,0,4,3,1,0.8725354159250855,,360.0
3819,-4.300000000000001,0,4,3,1,0.8725354159250855,,360.1
3820,-4.300000000000001,0,4,3,1,0.8725354159250855,,360.2
3821,-2.3000000000000003,0,4,3,1,0.8725354159250855,,360.3
3822,-4.300000000000001,0,4,3,1,0.8725354159250855,,360.3
3823,-4.300000000000001,0,4,3,1,0.8725354159250855,,360.4
3824,4.4,1,6,3,1,0.8725354159250855,,360.6
3825,-4.300000000000001,0,4,3,1,0.8725354159250855,,360.6
3826,-4.300000000000001,0,4,3,1,0.8725354159250855,,360.7
3827,-1.9000000000000004,0,8,3,1,0.8725354159250855,,360.8
3828,-4.300000000000001,0,4,3,1,0.8725354159250855,,360.8
3829,-4.300000000000001,0,4,3,1,0.8725354159250855,,360.9
3830,-4.300000000000001,0,4,3,1,0.8725354159250855,,361.0
3831,-2.3000000000000003,0,4,3,1,0.8725354159250855,,361.0
3832,-4.300000000000001,0,4,3,1,0.8725354159250855,,361.1
3833,-4.300000000000001,0,4,3,1,0.8725354159250855,,361.1
3834,-4.300000000000001,0,4,3,1,0.8725354159250855,,361.2
3835,-2.3000000000000003,0,4,3,1,0.8725354159250855,,361.3
3836,-4.300000000000001,0,4,3,1,0.8725354159250855,,361.4
3837,5.7,1,4,3,1,0.8725354159250855,,361.5
3838,-0.30000000000000004,0,4,3,1,0.8725354159250855,,361.5
3839,-4.300000000000001,0,4,3,1,0.8725354159250855,,361.6
3840,-4.300000000000001,0,4,3,1,0.8725354159250855,,361.6
3841,-4.300000000000001,0,4,3,1,0.8725354159250855,,361.7
3842,-4.300000000000001,0,4,3,1,0.8725354159250855,,361.8
3843,-4.300000000000001,0,4,3,1,0.8725354159250855,,361.9
3844,-2.3000000000000003,0,4,3,1,0.8725354159250855,,361.9
3845,-4.300000000000001,0,4,3,1,0.8725354159250855,,362.0
3846,-4.300000000000001,0,4,3,1,0.8725354159250855,,362.0
3847,-4.300000000000001,0,4,3,1,0.8725354159250855,,362.1
3848,-4.300000000000001,0,4,3,1,0.8725354159250855,,362.2
3849,-4.300000000000001,0,4,3,1,0.8725354159250855,,362.2
3850,-2.3000000000000003,0,4,3,1,0.8725354159250855,,362.3
3851,-4.300000000000001,0,4,3,1,0.8725354159250855,,362.4
3852,-4.300000000000001,0,4,3,1,0.8725354159250855,,362.4
3853,-4.300000000000001,0,4,3,1,0.8725354159250855,,362.5
3854,-4.300000000000001,0,4,3,1,0.8725354159250855,,362.6
3855,-4.300000000000001,0,4,3,1,0.8725354159250855,,362.7
3856,5.7,1,4,3,1,0.8725354159250855,,362.7
3857,-4.300000000000001,0,4,3,1,0.8725354159250855,,362.8
3858,5.7,1,4,3,1,0.8725354159250855,,362.9
3859,-4.300000000000001,0,4,3,1,0.8725354159250855,,362.9
3860,-2.3000000000000003,0,4,3,1,0.8725354159250855,,363.0
3861,5.7,1,4,3,1,0.8725354159250855,,363.1
3862,-4.300000000000001,0,4,3,1,0.8725354159250855,,363.2
3863,-4.300000000000001,0,4,3,1,0.8725354159250855,,363.2
3864,5.7,1,4,3,1,0.8725354159250855,,363.3
3865,-5.4,0,5,4,1,0.8725354159250855,,363.4
3866,-4.300000000000001,0,4,3,1,0.8725354159250855,,363.5
3867,-4.300000000000001,0,4,3,1,0.8725354159250855,,363.5
3868,-3.6000000000000005,0,6,3,1,0.8725354159250855,,363.6
3869,-4.300000000000001,0,4,3,1,0.8725354159250855,,363.7
3870,-5.6000000000000005,0,6,3,1,0.8725354159250855,,363.8
3871,5.4,1,6,3,1,0.8725354159250855,,363.8
3872,-3.6000000000000005,0,6,3,1,0.8725354159250855,,363.9
3873,-3.6000000000000005,0,6,3,1,0.8725354159250855,,364.0
3874,-4.300000000000001,0,4,3,1,0.8725354159250855,,364.1
3875,-4.300000000000001,0,4,3,1,0.8725354159250855,,364.2
3876,-4.300000000000001,0,4,3,1,0.8725354159250855,,364.3
3877,-4.300000000000001,0,4,3,1,0.8725354159250855,,364.3
3878,-2.3000000000000003,0,4,3,1,0.8725354159250855,,364.4
3879,-0.30000000000000004,0,4,3,1,0.8725354159250855,,364.5
3880,5.7,1,4,3,1,0.8725354159250855,,364.5
3881,-4.300000000000001,0,4,3,1,0.8725354159250855,,364.6
3882,-4.300000000000001,0,4,3,1,0.8725354159250855,,364.7
3883,-2.3000000000000003,0,4,3,1,0.8725354159250855,,364.8
3884,-4.300000000000001,0,4,3,1,0.8725354159250855,,364.9
3885,-2.3000000000000003,0,4,3,1,0.8725354159250855,,364.9
3886,-4.300000000000001,0,4,3,1,0.8725354159250855,,365.0
3887,-0.30000000000000004,0,4,3,1,0.8725354159250855,,365.1
3888,-2.3000000000000003,0,4,3,1,0.8725354159250855,,365.1
3889,-4.300000000000001,0,4,3,1,0.8725354159250855,,365.2
3890,5.7,1,4,3,1,0.8725354159250855,,365.3
3891,-4.300000000000001,0,4,3,1,0.8725354159250855,,365.4
3892,5.7,1,4,3,1,0.8725354159250855,,365.5
3893,-4.300000000000001,0,4,3,1,0.8725354159250855,,365.6
3894,-2.3000000000000003,0,4,3,1,0.8725354159250855,,365.6
3895,-2.3000000000000003,0,4,3,1,0.8725354159250855,,365.6
3896,-2.3000000000000003,0,4,3,1,0.8725354159250855,,365.7
3897,-4.300000000000001,0,4,3,1,0.8725354159250855,,365.7
3898,-4.300000000000001,0,4,3,1,0.8725354159250855,,365.8
3899,-2.3000000000000003,0,4,3,1,0.8725354159250855,,365.9
3900,-4.300000000000001,0,4,3,1,0.8725354159250855,,366.0
3901,-0.30000000000000004,0,4,3,1,0.8725354159250855,,366.0
3902,-4.300000000000001,0,4,3,1,0.8725354159250855,,366.1
3903,-4.300000000000001,0,4,3,1,0.8725354159250855,,366.2
3904,-5.6000000000000005,0,6,3,1,0.8725354159250855,,366.2
3905,-4.300000000000001,0,4,3,1,0.8725354159250855,,366.3
3906,4.4,1,6,3,1,0.8725354159250855,,366.4
3907,-4.300000000000001,0,4,3,1,0.8725354159250855,,366.5
3908,-5.6000000000000005,0,6,3,1,0.8725354159250855,,366.5
3909,-4.300000000000001,0,4,3,1,0.8725354159250855,,366.6
3910,-4.300000000000001,0,4,3,1,0.8725354159250855,,366.7
3911,-4.300000000000001,0,4,3,1,0.8725354159250855,,366.8
3912,-4.300000000000001,0,4,3,1,0.8725354159250855,,366.8
3913,-4.300000000000001,0,4,3,1,0.8725354159250855,,366.8
3914,-4.300000000000001,0,4,3,1,0.8725354159250855,,366.9
3915,-4.300000000000001,0,4,3,1,0.8725354159250855,,367.0
3916,-4.300000000000001,0,4,3,1,0.8725354159250855,,367.1
3917,-2.3000000000000003,0,4,3,1,0.8725354159250855,,367.2
3918,-5.6000000000000005,0,6,3,1,0.8725354159250855,,367.3
3919,-4.300000000000001,0,4,3,1,0.8725354159250855,,367.3
3920,-0.30000000000000004,0,4,3,1,0.8725354159250855,,367.4
3921,-2.3000000000000003,0,4,3,1,0.8725354159250855,,367.5
3922,-4.300000000000001,0,4,3,1,0.8725354159250855,,367.5
3923,-4.6000000000000005,0,6,3,1,0.8725354159250855,,367.6
3924,-2.3000000000000003,0,4,3,1,0.8725354159250855,,367.7
3925,5.7,1,4,3,1,0.8725354159250855,,367.7
3926,-2.3000000000000003,0,4,3,1,0.8725354159250855,,367.8
3927,-1.6,0,6,3,1,0.8725354159250855,,367.9
3928,-2.3000000000000003,0,4,3,1,0.8725354159250855,,368.0
3929,-0.30000000000000004,0,4,3,1,0.8725354159250855,,368.0
3930,-0.30000000000000004,0,4,3,1,0.8725354159250855,,368.1
3931,-4.300000000000001,0,4,3,1,0.8725354159250855,,368.1
3932,-4.300000000000001,0,4,3,1,0.8725354159250855,,368.2
3933,-4.300000000000001,0,4,3,1,0.8725354159250855,,368.3
3934,-3.6,0,6,3,1,0.8725354159250855,,368.4
3935,-2.3000000000000003,0,4,3,1,0.8725354159250855,,368.4
3936,-2.3000000000000003,0,4,3,1,0.8725354159250855,,368.5
3937,-4.300000000000001,0,4,3,1,0.8725354159250855,,368.5
3938,-2.3000000000000003,0,4,3,1,0.8725354159250855,,368.6
3939,-4.300000000000001,0,4,3,1,0.8725354159250855,,368.7
3940,-2.3000000000000003,0,4,3,1,0.8725354159250855,,368.7
3941,-4.300000000000001,0,4,3,1,0.8725354159250855,,368.8
3942,-4.300000000000001,0,4,3,1,0.8725354159250855,,368.9
3943,-4.300000000000001,0,4,3,1,0.8725354159250855,,369.0
3944,-0.30000000000000004,0,4,3,1,0.8725354159250855,,369.1
3945,-2.6,0,6,3,1,0.8725354159250855,,369.2
3946,-0.30000000000000004,0,4,3,1,0.8725354159250855,,369.2
3947,-4.300000000000001,0,4,3,1,0.8725354159250855,,369.3
3948,-2.3000000000000003,0,4,3,1,0.8725354159250855,,369.3
3949,-4.300000000000001,0,4,3,1,0.8725354159250855,,369.4
3950,-4.300000000000001,0,4,3,1,0.8725354159250855,,369.4
3951,-2.3000000000000003,0,4,3,1,0.8725354159250855,,369.5
3952,-5.6000000000000005,0,6,3,1,0.8725354159250855,,369.6
3953,-4.300000000000001,0,4,3,1,0.8725354159250855,,369.7
3954,-0.30000000000000004,0,4,3,1,0.8725354159250855,,369.8
3955,-4.300000000000001,0,4,3,1,0.8725354159250855,,369.8
3956,-0.30000000000000004,0,4,3,1,0.8725354159250855,,369.9
3957,5.7,1,4,3,1,0.8725354159250855,,370.0
3958,-4.300000000000001,0,4,3,1,0.8725354159250855,,370.0
3959,5.7,1,4,3,1,0.8725354159250855,,370.1
3960,-1.6,0,6,3,1,0.8725354159250855,,370.2
3961,-0.30000000000000004,0,4,3,1,0.8725354159250855,,370.3
3962,-4.300000000000001,0,4,3,1,0.8725354159250855,,370.3
3963,-4.300000000000001,0,4,3,1,0.8725354159250855,,370.4
3964,-4.300000000000001,0,4,3,1,0.8725354159250855,,370.5
3965,-4.300000000000001,0,4,3,1,0.8725354159250855,,370.6
3966,-2.3000000000000003,0,4,3,1,0.8725354159250855,,370.6
3967,-4.300000000000001,0,4,3,1,0.8725354159250855,,370.7
3968,-4.300000000000001,0,4,3,1,0.8725354159250855,,370.8
3969,-4.300000000000001,0,4,3,1,0.8725354159250855,,370.9
3970,-4.300000000000001,0,4,3,1,0.8725354159250855,,371.0
3971,-2.3000000000000003,0,4,3,1,0.8725354159250855,,371.0
3972,-4.300000000000001,0,4,3,1,0.8725354159250855,,371.2
3973,-2.3000000000000003,0,4,3,1,0.8725354159250855,,371.2
3974,0.2999999999999998,0,7,4,1,0.8725354159250855,,371.3
3975,5.7,1,4,3,1,0.8725354159250855,,371.3
3976,-4.300000000000001,0,4,3,1,0.8725354159250855,,371.4
3977,-4.300000000000001,0,4,3,1,0.8725354159250855,,371.5
3978,-4.300000000000001,0,4,3,1,0.8725354159250855,,371.6
3979,-4.300000000000001,0,4,3,1,0.8725354159250855,,371.6
3980,-4.300000000000001,0,4,3,1,0.8725354159250855,,371.6
3981,-4.300000000000001,0,4,3,1,0.8725354159250855,,371.7
3982,-4.300000000000001,0,4,3,1,0.8725354159250855,,371.8
3983,-2.3000000000000003,0,4,3,1,0.8725354159250855,,371.9
3984,-2.3000000000000003,0,4,3,1,0.8725354159250855,,371.9
3985,-4.300000000000001,0,4,3,1,0.8725354159250855,,372.0
3986,-4.300000000000001,0,4,3,1,0.8725354159250855,,372.1
3987,-4.300000000000001,0,4,3,1,0.8725354159250855,,372.1
3988,-2.3000000000000003,0,4,3,1,0.8725354159250855,,372.2
3989,-4.300000000000001,0,4,3,1,0.8725354159250855,,372.3
3990,-4.300000000000001,0,4,3,1,0.8725354159250855,,372.3
3991,-2.3000000000000003,0,4,3,1,0.8725354159250855,,372.4
3992,-2.3000000000000003,0,4,3,1,0.8725354159250855,,372.5
3993,-4.300000000000001,0,4,3,1,0.8725354159250855,,372.6
3994,-4.300000000000001,0,4,3,1,0.8725354159250855,,372.6
3995,-4.300000000000001,0,4,3,1,0.8725354159250855,,372.7
3996,-2.3000000000000003,0,4,3,1,0.8725354159250855,,372.7
3997,-4.300000000000001,0,4,3,1,0.8725354159250855,,372.8
3998,-0.30000000000000004,0,4,3,1,0.8725354159250855,,372.9
3999,5.7,1,4,3,1,0.8725354159250855,,372.9
4000,-0.30000000000000004,0,4,3,1,0.8725354159250855,,373.0
4001,-3.6000000000000005,0,6,3,1,0.8725354159250855,,378.2
4002,-4.300000000000001,0,4,3,1,0.8725354159250855,,378.3
4003,-4.300000000000001,0,4,3,1,0.8725354159250855,,378.4
4004,5.7,1,4,3,1,0.8725354159250855,,378.4
4005,-4.300000000000001,0,4,3,1,0.8725354159250855,,378.5
4006,-5.6000000000000005,0,6,3,1,0.8725354159250855,,378.5
4007,-4.300000000000001,0,4,3,1,0.8725354159250855,,378.6
4008,-4.300000000000001,0,4,3,1,0.8725354159250855,,378.7
4009,-0.30000000000000004,0,4,3,1,0.8725354159250855,,378.7
4010,-0.30000000000000004,0,4,3,1,0.8725354159250855,,378.8
4011,-4.300000000000001,0,4,3,1,0.8725354159250855,,378.9
4012,-0.30000000000000004,0,4,3,1,0.8725354159250855,,378.9
4013,-4.300000000000001,0,4,3,1,0.8725354159250855,,379.0
4014,-2.3000000000000003,0,4,3,1,0.8725354159250855,,379.0
4015,-2.6,0,6,3,1,0.8725354159250855,,379.1
4016,-2.3000000000000003,0,4,3,1,0.8725354159250855,,379.2
4017,-3.6000000000000005,0,6,3,1,0.8246688470244408,1.1103593058651313,379.9
4018,-4.300000000000001,0,4,3,1,0.8246688470244408,,380.0
4019,-4.300000000000001,0,4,3,1,0.8246688470244408,,380.0
4020,-4.300000000000001,0,4,3,1,0.8246688470244408,,380.1
4021,-4.300000000000001,0,4,3,1,0.8246688470244408,,380.2
4022,-4.300000000000001,0,4,3,1,0.8246688470244408,,380.2
4023,-4.300000000000001,0,4,3,1,0.8246688470244408,,380.3
4024,5.7,1,4,3,1,0.8246688470244408,,380.4
4025,-4.300000000000001,0,4,3,1,0.8246688470244408,,380.5
4026,5.7,1,4,3,1,0.8246688470244408,,380.6
4027,-2.3000000000000003,0,4,3,1,0.8246688470244408,,380.6
4028,-4.300000000000001,0,4,3,1,0.8246688470244408,,380.7
4029,-4.300000000000001,0,4,3,1,0.8246688470244408,,380.8
4030,-4.300000000000001,0,4,3,1,0.8246688470244408,,380.8
4031,-4.300000000000001,0,4,3,1,0.8246688470244408,,380.9
4032,-4.300000000000001,0,4,3,1,0.8246688470244408,,380.9
4033,-4.300000000000001,0,4,3,1,0.8246688470244408,,381.0
4034,-2.3000000000000003,0,4,3,1,0.8246688470244408,,381.1
4035,-4.6,0,6,3,1,0.8246688470244408,,381.2
4036,-4.300000000000001,0,4,3,1,0.8246688470244408,,381.3
4037,-4.300000000000001,0,4,3,1,0.8246688470244408,,381.4
4038,-2.3000000000000003,0,4,3,1,0.8246688470244408,,381.4
4039,5.7,1,4,3,1,0.8246688470244408,,381.5
4040,-2.3000000000000003,0,4,3,1,0.8246688470244408,,381.6
4041,-0.30000000000000004,0,4,3,1,0.8246688470244408,,381.6
4042,-4.300000000000001,0,4,3,1,0.8246688470244408,,381.7
4043,-4.300000000000001,0,4,3,1,0.8246688470244408,,381.8
4044,5.7,1,4,3,1,0.8246688470244408,,381.8
4045,-4.300000000000001,0,4,3,1,0.8246688470244408,,381.9
4046,-4.300000000000001,0,4,3,1,0.8246688470244408,,382.0
4047,-4.300000000000001,0,4,3,1,0.8246688470244408,,382.1
4048,-4.300000000000001,0,4,3,1,0.8246688470244408,,382.1
4049,-4.300000000000001,0,4,3,1,0.8246688470244408,,382.2
4050,-2.3000000000000003,0,4,3,1,0.8246688470244408,,382.3
4051,5.7,1,4,3,1,0.8246688470244408,,382.3
4052,5.7,1,4,3,1,0.8246688470244408,,382.4
4053,-4.300000000000001,0,4,3,1,0.8246688470244408,,382.5
4054,5.7,1,4,3,1,0.8246688470244408,,382.5
4055,-4.300000000000001,0,4,3,1,0.8246688470244408,,382.6
4056,-4.300000000000001,0,4,3,1,0.8246688470244408,,382.7
4057,-2.3000000000000003,0,4,3,1,0.8246688470244408,,382.8
4058,-0.30000000000000004,0,4,3,1,0.8246688470244408,,382.9
4059,-2.3000000000000003,0,4,3,1,0.8246688470244408,,382.9
4060,-4.300000000000001,0,4,3,1,0.8246688470244408,,383.0
4061,-2.3000000000000003,0,4,3,1,0.8246688470244408,,383.1
4062,5.7,1,4,3,1,0.8246688470244408,,383.2
4063,-4.300000000000001,0,4,3,1,0.8246688470244408,,383.3
4064,-2.3000000000000003,0,4,3,1,0.8246688470244408,,383.3
4065,5.7,1,4,3,1,0.8246688470244408,,383.4
4066,-4.300000000000001,0,4,3,1,0.8246688470244408,,383.5
4067,-4.300000000000001,0,4,3,1,0.8246688470244408,,383.6
4068,-2.3000000000000003,0,4,3,1,0.8246688470244408,,383.7
4069,-4.300000000000001,0,4,3,1,0.8246688470244408,,383.8
4070,-2.3000000000000003,0,4,3,1,0.8246688470244408,,383.8
4071,-2.3000000000000003,0,4,3,1,0.8246688470244408,,383.9
4072,-4.300000000000001,0,4,3,1,0.8246688470244408,,384.0
4073,-0.30000000000000004,0,4,3,1,0.8246688470244408,,384.1
4074,-4.300000000000001,0,4,3,1,0.8246688470244408,,384.1
4075,-2.3000000000000003,0,4,3,1,0.8246688470244408,,384.2
4076,5.7,1,4,3,1,0.8246688470244408,,384.3
4077,-4.300000000000001,0,4,3,1,0.8246688470244408,,384.3
4078,-2.3000000000000003,0,4,3,1,0.8246688470244408,,384.4
4079,-2.3000000000000003,0,4,3,1,0.8246688470244408,,384.5
4080,-4.300000000000001,0,4,3,1,0.8246688470244408,,384.5
4081,-4.300000000000001,0,4,3,1,0.8246688470244408,,384.6
4082,-4.300000000000001,0,4,3,1,0.8246688470244408,,384.6
4083,-4.300000000000001,0,4,3,1,0.8246688470244408,,384.6
4084,-2.3000000000000003,0,4,3,1,0.8246688470244408,,384.7
4085,5.7,1,4,3,1,0.8246688470244408,,384.7
4086,5.7,1,4,3,1,0.8246688470244408,,384.8
4087,-2.3000000000000003,0,4,3,1,0.8246688470244408,,384.9
4088,-4.300000000000001,0,4,3,1,0.8246688470244408,,384.9
4089,5.7,1,4,3,1,0.8246688470244408,,384.9
4090,-3.4000000000000004,0,5,4,1,0.8246688470244408,,385.0
4091,-4.300000000000001,0,4,3,1,0.8246688470244408,,385.1
4092,-4.300000000000001,0,4,3,1,0.8246688470244408,,385.1
4093,-2.3000000000000003,0,4,3,1,0.8246688470244408,,385.2
4094,-3.6,0,6,3,1,0.8246688470244408,,385.2
4095,-4.300000000000001,0,4,3,1,0.8246688470244408,,385.3
4096,-2.3000000000000003,0,4,3,1,0.8246688470244408,,385.4
4097,5.7,1,4,3,1,0.8246688470244408,,385.4
4098,-4.300000000000001,0,4,3,1,0.8246688470244408,,385.5
4099,-4.300000000000001,0,4,3,1,0.8246688470244408,,385.6
4100,-4.300000000000001,0,4,3,1,0.8246688470244408,,385.7
4101,-4.300000000000001,0,4,3,1,0.8246688470244408,,385.7
4102,-4.300000000000001,0,4,3,1,0.8246688470244408,,385.8
4103,-4.6,0,6,3,1,0.8246688470244408,,385.9
4104,-2.3000000000000003,0,4,3,1,0.8246688470244408,,385.9
4105,-4.300000000000001,0,4,3,1,0.8246688470244408,,386.0
4106,5.7,1,4,3,1,0.8246688470244408,,386.1
4107,-4.300000000000001,0,4,3,1,0.8246688470244408,,386.2
4108,-4.300000000000001,0,4,3,1,0.8246688470244408,,386.2
4109,-0.30000000000000004,0,4,3,1,0.8246688470244408,,386.3
4110,-4.300000000000001,0,4,3,1,0.8246688470244408,,386.4
4111,-3.6,0,6,3,1,0.8246688470244408,,386.5
4112,-4.300000000000001,0,4,3,1,0.8246688470244408,,386.6
4113,-4.300000000000001,0,4,3,1,0.8246688470244408,,386.6
4114,-4.300000000000001,0,4,3,1,0.8246688470244408,,386.7
4115,-4.300000000000001,0,4,3,1,0.8246688470244408,,386.8
4116,-4.300000000000001,0,4,3,1,0.8246688470244408,,386.9
4117,-0.6000000000000001,0,6,3,1,0.8246688470244408,,386.9
4118,-4.300000000000001,0,4,3,1,0.8246688470244408,,387.0
4119,-2.3000000000000003,0,4,3,1,0.8246688470244408,,387.0
4120,-2.3000000000000003,0,4,3,1,0.8246688470244408,,387.1
4121,-4.300000000000001,0,4,3,1,0.8246688470244408,,387.2
4122,-4.300000000000001,0,4,3,1,0.8246688470244408,,387.3
4123,-4.300000000000001,0,4,3,1,0.8246688470244408,,387.4
4124,-4.300000000000001,0,4,3,1,0.8246688470244408,,387.5
4125,-2.3000000000000003,0,4,3,1,0.8246688470244408,,387.6
4126,-4.300000000000001,0,4,3,1,0.8246688470244408,,387.7
4127,-4.300000000000001,0,4,3,1,0.8246688470244408,,387.7
4128,-4.300000000000001,0,4,3,1,0.8246688470244408,,387.8
4129,-2.3000000000000003,0,4,3,1,0.8246688470244408,,387.8
4130,-4.300000000000001,0,4,3,1,0.8246688470244408,,387.9
4131,-2.3000000000000003,0,4,3,1,0.8246688470244408,,388.0
4132,-2.3000000000000003,0,4,3,1,0.8246688470244408,,388.1
4133,-3.6000000000000005,0,6,3,1,0.8246688470244408,,388.2
4134,-4.300000000000001,0,4,3,1,0.8246688470244408,,388.3
4135,-4.300000000000001,0,4,3,1,0.8246688470244408,,388.3
4136,-4.300000000000001,0,4,3,1,0.8246688470244408,,388.4
4137,-4.300000000000001,0,4,3,1,0.8246688470244408,,388.5
4138,-4.300000000000001,0,4,3,1,0.8246688470244408,,388.6
4139,-2.3000000000000003,0,4,3,1,0.8246688470244408,,388.6
4140,-4.300000000000001,0,4,3,1,0.8246688470244408,,388.7
4141,-4.300000000000001,0,4,3,1,0.8246688470244408,,388.8
4142,-4.300000000000001,0,4,3,1,0.8246688470244408,,388.9
4143,-4.300000000000001,0,4,3,1,0.8246688470244408,,388.9
4144,-0.30000000000000004,0,4,3,1,0.8246688470244408,,389.0
4145,-4.300000000000001,0,4,3,1,0.8246688470244408,,389.1
4146,-2.3000000000000003,0,4,3,1,0.8246688470244408,,389.2
4147,-4.300000000000001,0,4,3,1,0.8246688470244408,,389.3
4148,-0.30000000000000004,0,4,3,1,0.8246688470244408,,389.3
4149,-4.300000000000001,0,4,3,1,0.8246688470244408,,389.4
4150,-2.3000000000000003,0,4,3,1,0.8246688470244408,,389.5
4151,-4.300000000000001,0,4,3,1,0.8246688470244408,,389.6
4152,-0.30000000000000004,0,4,3,1,0.8246688470244408,,389.6
4153,-4.9,0,8,3,1,0.8246688470244408,,389.7
4154,-4.300000000000001,0,4,3,1,0.8246688470244408,,389.8
4155,-2.3000000000000003,0,4,3,1,0.8246688470244408,,389.9
4156,5.7,1,4,3,1,0.8246688470244408,,389.9
4157,-2.3000000000000003,0,4,3,1,0.8246688470244408,,390.0
4158,-4.300000000000001,0,4,3,1,0.8246688470244408,,390.1
4159,5.7,1,4,3,1,0.8246688470244408,,390.1
4160,-4.300000000000001,0,4,3,1,0.8246688470244408,,390.2
4161,-2.3000000000000003,0,4,3,1,0.8246688470244408,,390.3
4162,-2.3000000000000003,0,4,3,1,0.8246688470244408,,390.3
4163,-4.300000000000001,0,4,3,1,0.8246688470244408,,390.4
4164,-4.300000000000001,0,4,3,1,0.8246688470244408,,390.5
4165,-0.30000000000000004,0,4,3,1,0.8246688470244408,,390.6
4166,-4.300000000000001,0,4,3,1,0.8246688470244408,,390.6
4167,-4.300000000000001,0,4,3,1,0.8246688470244408,,390.7
4168,-4.300000000000001,0,4,3,1,0.8246688470244408,,390.8
4169,-4.300000000000001,0,4,3,1,0.8246688470244408,,390.9
4170,-4.300000000000001,0,4,3,1,0.8246688470244408,,390.9
4171,-4.300000000000001,0,4,3,1,0.8246688470244408,,391.0
4172,-4.300000000000001,0,4,3,1,0.8246688470244408,,391.1
4173,-2.3000000000000003,0,4,3,1,0.8246688470244408,,391.2
4174,5.7,1,4,3,1,0.8246688470244408,,391.2
4175,-4.300000000000001,0,4,3,1,0.8246688470244408,,391.3
4176,-4.300000000000001,0,4,3,1,0.8246688470244408,,391.3
4177,-4.300000000000001,0,4,3,1,0.8246688470244408,,391.4
4178,-5.4,0,5,4,1,0.8246688470244408,,391.5
4179,-4.300000000000001,0,4,3,1,0.8246688470244408,,391.5
4180,-4.300000000000001,0,4,3,1,0.8246688470244408,,391.6
4181,-0.30000000000000004,0,4,3,1,0.8246688470244408,,391.7
4182,-4.300000000000001,0,4,3,1,0.8246688470244408,,391.8
4183,-4.300000000000001,0,4,3,1,0.8246688470244408,,391.8
4184,-4.300000000000001,0,4,3,1,0.8246688470244408,,391.9
4185,-4.300000000000001,0,4,3,1,0.8246688470244408,,391.9
4186,-4.300000000000001,0,4,3,1,0.8246688470244408,,392.0
4187,-4.300000000000001,0,4,3,1,0.8246688470244408,,392.0
4188,-4.300000000000001,0,4,3,1,0.8246688470244408,,392.1
4189,-0.30000000000000004,0,4,3,1,0.8246688470244408,,392.2
4190,-4.300000000000001,0,4,3,1,0.8246688470244408,,392.2
4191,-2.3000000000000003,0,4,3,1,0.8246688470244408,,392.3
4192,-4.300000000000001,0,4,3,1,0.8246688470244408,,392.3
4193,-4.300000000000001,0,4,3,1,0.8246688470244408,,392.4
4194,-2.3000000000000003,0,4,3,1,0.8246688470244408,,392.5
4195,-2.3000000000000003,0,4,3,1,0.8246688470244408,,392.6
4196,-4.300000000000001,0,4,3,1,0.8246688470244408,,392.7
4197,-4.300000000000001,0,4,3,1,0.8246688470244408,,392.7
4198,-2.3000000000000003,0,4,3,1,0.8246688470244408,,392.8
4199,-4.300000000000001,0,4,3,1,0.8246688470244408,,392.8
4200,-2.3000000000000003,0,4,3,1,0.8246688470244408,,392.9
4201,-4.300000000000001,0,4,3,1,0.8246688470244408,,393.0
4202,-4.300000000000001,0,4,3,1,0.8246688470244408,,393.1
4203,-2.3000000000000003,0,4,3,1,0.8246688470244408,,393.1
4204,-4.300000000000001,0,4,3,1,0.8246688470244408,,393.1
4205,5.7,1,4,3,1,0.8246688470244408,,393.2
4206,-4.300000000000001,0,4,3,1,0.8246688470244408,,393.3
4207,-5.6000000000000005,0,6,3,1,0.8246688470244408,,393.4
4208,-0.30000000000000004,0,4,3,1,0.8246688470244408,,393.5
4209,-0.30000000000000004,0,4,3,1,0.8246688470244408,,393.5
4210,-5.4,0,5,4,1,0.8246688470244408,,393.7
4211,-4.300000000000001,0,4,3,1,0.8246688470244408,,393.7
4212,-4.300000000000001,0,4,3,1,0.8246688470244408,,393.8
4213,-4.300000000000001,0,4,3,1,0.8246688470244408,,393.9
4214,-4.300000000000001,0,4,3,1,0.8246688470244408,,393.9
4215,-4.300000000000001,0,4,3,1,0.8246688470244408,,394.0
4216,-4.300000000000001,0,4,3,1,0.8246688470244408,,394.1
4217,5.7,1,4,3,1,0.8246688470244408,,394.1
4218,-0.30000000000000004,0,4,3,1,0.8246688470244408,,394.2
4219,-4.300000000000001,0,4,3,1,0.8246688470244408,,394.3
4220,-4.300000000000001,0,4,3,1,0.8246688470244408,,394.4
4221,-6.9,0,8,3,1,0.8246688470244408,,394.5
4222,-4.300000000000001,0,4,3,1,0.8246688470244408,,394.5
4223,-2.3000000000000003,0,4,3,1,0.8246688470244408,,394.6
4224,-4.300000000000001,0,4,3,1,0.8246688470244408,,394.7
4225,-4.300000000000001,0,4,3,1,0.8246688470244408,,394.7
4226,-2.3000000000000003,0,4,3,1,0.8246688470244408,,394.8
4227,-0.30000000000000004,0,4,3,1,0.8246688470244408,,394.9
4228,-4.300000000000001,0,4,3,1,0.8246688470244408,,394.9
4229,-4.300000000000001,0,4,3,1,0.8246688470244408,,395.0
4230,-0.30000000000000004,0,4,3,1,0.8246688470244408,,395.1
4231,-4.300000000000001,0,4,3,1,0.8246688470244408,,395.2
4232,-4.300000000000001,0,4,3,1,0.8246688470244408,,395.3
4233,-0.30000000000000004,0,4,3,1,0.8246688470244408,,395.3
4234,-4.300000000000001,0,4,3,1,0.8246688470244408,,395.4
4235,5.7,1,4,3,1,0.8246688470244408,,395.5
4236,-4.300000000000001,0,4,3,1,0.8246688470244408,,395.6
4237,-4.300000000000001,0,4,3,1,0.8246688470244408,,395.7
4238,-2.3000000000000003,0,4,3,1,0.8246688470244408,,395.8
4239,-2.3000000000000003,0,4,3,1,0.8246688470244408,,395.8
4240,-0.30000000000000004,0,4,3,1,0.8246688470244408,,395.9
4241,-4.300000000000001,0,4,3,1,0.8246688470244408,,395.9
4242,-4.300000000000001,0,4,3,1,0.8246688470244408,,395.9
4243,-5.0,0,9,4,1,0.8246688470244408,,396.1
4244,-4.300000000000001,0,4,3,1,0.8246688470244408,,396.1
4245,-2.3000000000000003,0,4,3,1,0.8246688470244408,,396.2
4246,-4.300000000000001,0,4,3,1,0.8246688470244408,,396.3
4247,-2.3000000000000003,0,4,3,1,0.8246688470244408,,396.4
4248,5.7,1,4,3,1,0.8246688470244408,,396.5
4249,-2.3000000000000003,0,4,3,1,0.8246688470244408,,396.5
4250,-3.6000000000000005,0,6,3,1,0.8246688470244408,,396.6
4251,-4.300000000000001,0,4,3,1,0.8246688470244408,,396.6
4252,-4.300000000000001,0,4,3,1,0.8246688470244408,,396.7
4253,-2.3000000000000003,0,4,3,1,0.8246688470244408,,396.7
4254,-4.300000000000001,0,4,3,1,0.8246688470244408,,396.8
4255,-4.300000000000001,0,4,3,1,0.8246688470244408,,396.9
4256,-4.300000000000001,0,4,3,1,0.8246688470244408,,397.0
4257,-4.300000000000001,0,4,3,1,0.8246688470244408,,397.0
4258,-4.300000000000001,0,4,3,1,0.8246688470244408,,397.1
4259,-4.300000000000001,0,4,3,1,0.8246688470244408,,397.2
4260,-4.300000000000001,0,4,3,1,0.8246688470244408,,397.2
4261,-4.300000000000001,0,4,3,1,0.8246688470244408,,397.3
4262,-4.6000000000000005,0,6,3,1,0.8246688470244408,,397.4
4263,-3.6000000000000005,0,6,3,1,0.8246688470244408,,397.4
4264,-0.30000000000000004,0,4,3,1,0.8246688470244408,,397.5
4265,-2.3000000000000003,0,4,3,1,0.8246688470244408,,397.6
4266,-4.300000000000001,0,4,3,1,0.8246688470244408,,397.6
4267,-4.6,0,6,3,1,0.8246688470244408,,397.7
4268,-4.300000000000001,0,4,3,1,0.8246688470244408,,397.7
4269,-4.300000000000001,0,4,3,1,0.8246688470244408,,397.8
4270,-4.300000000000001,0,4,3,1,0.8246688470244408,,397.9
4271,-4.300000000000001,0,4,3,1,0.8246688470244408,,397.9
4272,-0.30000000000000004,0,4,3,1,0.8246688470244408,,398.0
4273,-4.6000000000000005,0,6,3,1,0.8246688470244408,,398.0
4274,-4.300000000000001,0,4,3,1,0.8246688470244408,,398.1
4275,-4.300000000000001,0,4,3,1,0.8246688470244408,,398.2
4276,-4.300000000000001,0,4,3,1,0.8246688470244408,,398.2
4277,-4.6000000000000005,0,6,3,1,0.8246688470244408,,398.3
4278,-4.300000000000001,0,4,3,1,0.8246688470244408,,398.4
4279,-2.3000000000000003,0,4,3,1,0.8246688470244408,,398.5
4280,-2.3000000000000003,0,4,3,1,0.8246688470244408,,398.5
4281,-4.300000000000001,0,4,3,1,0.8246688470244408,,398.6
4282,-4.300000000000001,0,4,3,1,0.8246688470244408,,398.6
4283,-2.3000000000000003,0,4,3,1,0.8246688470244408,,398.7
4284,-2.3000000000000003,0,4,3,1,0.8246688470244408,,398.7
4285,-4.300000000000001,0,4,3,1,0.8246688470244408,,398.8
4286,-0.30000000000000004,0,4,3,1,0.8246688470244408,,398.9
4287,5.7,1,4,3,1,0.8246688470244408,,399.0
4288,5.7,1,4,3,1,0.8246688470244408,,399.1
4289,-4.300000000000001,0,4,3,1,0.8246688470244408,,399.1
4290,-4.300000000000001,0,4,3,1,0.8246688470244408,,399.2
4291,-4.300000000000001,0,4,3,1,0.8246688470244408,,399.3
4292,-4.300000000000001,0,4,3,1,0.8246688470244408,,399.4
4293,-4.300000000000001,0,4,3,1,0.8246688470244408,,399.5
4294,-4.300000000000001,0,4,3,1,0.8246688470244408,,399.6
4295,-4.300000000000001,0,4,3,1,0.8246688470244408,,399.6
4296,-0.30000000000000004,0,4,3,1,0.8246688470244408,,399.7
4297,-4.300000000000001,0,4,3,1,0.8246688470244408,,399.7
4298,-4.300000000000001,0,4,3,1,0.8246688470244408,,399.8
4299,-4.300000000000001,0,4,3,1,0.8246688470244408,,399.9
4300,-4.300000000000001,0,4,3,1,0.8246688470244408,,399.9
4301,-0.30000000000000004,0,4,3,1,0.8246688470244408,,399.9
4302,-4.300000000000001,0,4,3,1,0.8246688470244408,,400.0
4303,-4.300000000000001,0,4,3,1,0.8246688470244408,,400.1
4304,-4.300000000000001,0,4,3,1,0.8246688470244408,,400.2
4305,-4.300000000000001,0,4,3,1,0.8246688470244408,,400.3
4306,-4.300000000000001,0,4,3,1,0.8246688470244408,,400.3
4307,-4.300000000000001,0,4,3,1,0.8246688470244408,,400.4
4308,-4.300000000000001,0,4,3,1,0.8246688470244408,,400.4
4309,-0.30000000000000004,0,4,3,1,0.8246688470244408,,400.5
4310,-4.300000000000001,0,4,3,1,0.8246688470244408,,400.5
4311,-4.300000000000001,0,4,3,1,0.8246688470244408,,400.6
4312,-2.3000000000000003,0,4,3,1,0.8246688470244408,,400.7
4313,-4.300000000000001,0,4,3,1,0.8246688470244408,,400.8
4314,-2.3000000000000003,0,4,3,1,0.8246688470244408,,400.9
4315,-4.300000000000001,0,4,3,1,0.8246688470244408,,400.9
4316,-2.3000000000000003,0,4,3,1,0.8246688470244408,,401.0
4317,-2.3000000000000003,0,4,3,1,0.8246688470244408,,401.0
4318,-4.300000000000001,0,4,3,1,0.8246688470244408,,401.1
4319,-4.300000000000001,0,4,3,1,0.8246688470244408,,401.2
4320,0.6000000000000001,0,5,4,1,0.8246688470244408,,401.3
4321,5.7,1,4,3,1,0.8246688470244408,,401.3
4322,-2.3000000000000003,0,4,3,1,0.8246688470244408,,401.4
4323,-0.30000000000000004,0,4,3,1,0.8246688470244408,,401.4
4324,-2.3000000000000003,0,4,3,1,0.8246688470244408,,401.5
4325,-4.300000000000001,0,4,3,1,0.8246688470244408,,401.6
4326,-2.3000000000000003,0,4,3,1,0.8246688470244408,,401.6
4327,-4.300000000000001,0,4,3,1,0.8246688470244408,,401.7
4328,-2.3000000000000003,0,4,3,1,0.8246688470244408,,401.7
4329,-4.300000000000001,0,4,3,1,0.8246688470244408,,401.8
4330,-4.300000000000001,0,4,3,1,0.8246688470244408,,401.9
4331,-4.300000000000001,0,4,3,1,0.8246688470244408,,401.9
4332,-4.300000000000001,0,4,3,1,0.8246688470244408,,402.0
4333,-4.300000000000001,0,4,3,1,0.8246688470244408,,402.1
4334,-4.300000000000001,0,4,3,1,0.8246688470244408,,402.2
4335,-4.300000000000001,0,4,3,1,0.8246688470244408,,402.2
4336,-2.3000000000000003,0,4,3,1,0.8246688470244408,,402.3
4337,-4.300000000000001,0,4,3,1,0.8246688470244408,,402.4
4338,-2.3000000000000003,0,4,3,1,0.8246688470244408,,402.5
4339,-4.300000000000001,0,4,3,1,0.8246688470244408,,402.6
4340,-0.6000000000000001,0,6,3,1,0.8246688470244408,,402.6
4341,-4.300000000000001,0,4,3,1,0.8246688470244408,,402.7
4342,-4.300000000000001,0,4,3,1,0.8246688470244408,,402.8
4343,-4.300000000000001,0,4,3,1,0.8246688470244408,,402.9
4344,-4.300000000000001,0,4,3,1,0.8246688470244408,,402.9
4345,5.7,1,4,3,1,0.8246688470244408,,403.0
4346,5.7,1,4,3,1,0.8246688470244408,,403.0
4347,-4.300000000000001,0,4,3,1,0.8246688470244408,,403.1
4348,-2.3000000000000003,0,4,3,1,0.8246688470244408,,403.1
4349,-5.4,0,5,4,1,0.8246688470244408,,403.2
4350,0.6000000000000001,0,5,4,1,0.8246688470244408,,403.3
4351,5.7,1,4,3,1,0.8246688470244408,,403.4
4352,-4.300000000000001,0,4,3,1,0.8246688470244408,,403.5
4353,-4.300000000000001,0,4,3,1,0.8246688470244408,,403.6
4354,5.7,1,4,3,1,0.8246688470244408,,403.6
4355,-2.3000000000000003,0,4,3,1,0.8246688470244408,,403.7
4356,-2.3000000000000003,0,4,3,1,0.8246688470244408,,403.8
4357,-0.30000000000000004,0,4,3,1,0.8246688470244408,,403.9
4358,-4.300000000000001,0,4,3,1,0.8246688470244408,,404.0
4359,-0.30000000000000004,0,4,3,1,0.8246688470244408,,404.0
4360,-2.3000000000000003,0,4,3,1,0.8246688470244408,,404.1
4361,-2.3000000000000003,0,4,3,1,0.8246688470244408,,404.2
4362,-0.30000000000000004,0,4,3,1,0.8246688470244408,,404.3
4363,-4.300000000000001,0,4,3,1,0.8246688470244408,,404.4
4364,-4.300000000000001,0,4,3,1,0.8246688470244408,,404.5
4365,-4.300000000000001,0,4,3,1,0.8246688470244408,,404.6
4366,-4.300000000000001,0,4,3,1,0.8246688470244408,,404.7
4367,6.6,1,5,4,1,0.8246688470244408,,404.7
4368,-4.300000000000001,0,4,3,1,0.8246688470244408,,404.8
4369,-4.300000000000001,0,4,3,1,0.8246688470244408,,404.8
4370,-4.300000000000001,0,4,3,1,0.8246688470244408,,404.9
4371,-4.300000000000001,0,4,3,1,0.8246688470244408,,405.0
4372,-4.300000000000001,0,4,3,1,0.8246688470244408,,405.0
4373,-4.300000000000001,0,4,3,1,0.8246688470244408,,405.1
4374,-4.300000000000001,0,4,3,1,0.8246688470244408,,405.2
4375,-4.300000000000001,0,4,3,1,0.8246688470244408,,405.3
4376,5.7,1,4,3,1,0.8246688470244408,,405.3
4377,5.7,1,4,3,1,0.8246688470244408,,405.4
4378,-4.300000000000001,0,4,3,1,0.8246688470244408,,405.4
4379,-4.300000000000001,0,4,3,1,0.8246688470244408,,405.5
4380,-4.300000000000001,0,4,3,1,0.8246688470244408,,405.5
4381,5.7,1,4,3,1,0.8246688470244408,,405.6
4382,-4.300000000000001,0,4,3,1,0.8246688470244408,,405.7
4383,-2.3000000000000003,0,4,3,1,0.8246688470244408,,405.8
4384,-4.300000000000001,0,4,3,1,0.8246688470244408,,405.9
4385,-4.300000000000001,0,4,3,1,0.8246688470244408,,406.0
4386,-4.300000000000001,0,4,3,1,0.8246688470244408,,406.0
4387,-5.6000000000000005,0,6,3,1,0.8246688470244408,,406.1
4388,-4.300000000000001,0,4,3,1,0.8246688470244408,,406.2
4389,-4.300000000000001,0,4,3,1,0.8246688470244408,,406.2
4390,-4.300000000000001,0,4,3,1,0.8246688470244408,,406.3
4391,-2.3000000000000003,0,4,3,1,0.8246688470244408,,406.4
4392,-4.300000000000001,0,4,3,1,0.8246688470244408,,406.4
4393,-4.300000000000001,0,4,3,1,0.8246688470244408,,406.5
4394,-2.3000000000000003,0,4,3,1,0.8246688470244408,,406.6
4395,-4.300000000000001,0,4,3,1,0.8246688470244408,,406.6
4396,-4.300000000000001,0,4,3,1,0.8246688470244408,,406.7
4397,-4.300000000000001,0,4,3,1,0.8246688470244408,,406.7
4398,-2.3000000000000003,0,4,3,1,0.8246688470244408,,406.8
4399,-4.300000000000001,0,4,3,1,0.8246688470244408,,406.9
4400,-4.300000000000001,0,4,3,1,0.8246688470244408,,407.0
4401,-4.300000000000001,0,4,3,1,0.8246688470244408,,407.0
4402,-2.3000000000000003,0,4,3,1,0.8246688470244408,,407.1
4403,-3.4000000000000004,0,5,4,1,0.8246688470244408,,407.2
4404,-2.3000000000000003,0,4,3,1,0.8246688470244408,,407.2
4405,-4.300000000000001,0,4,3,1,0.8246688470244408,,407.3
4406,-4.300000000000001,0,4,3,1,0.8246688470244408,,407.4
4407,-4.300000000000001,0,4,3,1,0.8246688470244408,,407.5
4408,-2.3000000000000003,0,4,3,1,0.8246688470244408,,407.5
4409,-4.300000000000001,0,4,3,1,0.8246688470244408,,407.6
4410,-0.30000000000000004,0,4,3,1,0.8246688470244408,,407.6
4411,-4.300000000000001,0,4,3,1,0.8246688470244408,,407.7
4412,-4.300000000000001,0,4,3,1,0.8246688470244408,,407.8
4413,-4.300000000000001,0,4,3,1,0.8246688470244408,,407.8
4414,-4.300000000000001,0,4,3,1,0.8246688470244408,,407.8
4415,-2.3000000000000003,0,4,3,1,0.8246688470244408,,407.9
4416,-0.30000000000000004,0,4,3,1,0.8246688470244408,,408.0
4417,-0.30000000000000004,0,4,3,1,0.8246688470244408,,408.0
4418,-2.3000000000000003,0,4,3,1,0.8246688470244408,,408.1
4419,-2.3000000000000003,0,4,3,1,0.8246688470244408,,408.1
4420,-5.4,0,5,4,1,0.8246688470244408,,408.2
4421,-4.300000000000001,0,4,3,1,0.8246688470244408,,408.3
4422,-0.30000000000000004,0,4,3,1,0.8246688470244408,,408.4
4423,-4.300000000000001,0,4,3,1,0.8246688470244408,,408.4
4424,-5.6000000000000005,0,6,3,1,0.8246688470244408,,408.5
4425,-4.300000000000001,0,4,3,1,0.8246688470244408,,408.6
4426,5.7,1,4,3,1,0.8246688470244408,,408.7
4427,-4.300000000000001,0,4,3,1,0.8246688470244408,,408.8
4428,-4.300000000000001,0,4,3,1,0.8246688470244408,,408.9
4429,-0.30000000000000004,0,4,3,1,0.8246688470244408,,408.9
4430,-4.300000000000001,0,4,3,1,0.8246688470244408,,409.0
4431,-4.300000000000001,0,4,3,1,0.8246688470244408,,409.1
4432,-4.300000000000001,0,4,3,1,0.8246688470244408,,409.2
4433,-4.300000000000001,0,4,3,1,0.8246688470244408,,409.2
4434,-4.300000000000001,0,4,3,1,0.8246688470244408,,409.3
4435,-2.3000000000000003,0,4,3,1,0.8246688470244408,,409.3
4436,-2.3000000000000003,0,4,3,1,0.8246688470244408,,409.4
4437,-2.3000000000000003,0,4,3,1,0.8246688470244408,,409.5
4438,-4.300000000000001,0,4,3,1,0.8246688470244408,,409.5
4439,-2.3000000000000003,0,4,3,1,0.8246688470244408,,409.6
4440,-4.300000000000001,0,4,3,1,0.8246688470244408,,409.7
4441,-4.300000000000001,0,4,3,1,0.8246688470244408,,409.8
4442,-2.3000000000000003,0,4,3,1,0.8246688470244408,,409.8
4443,-4.300000000000001,0,4,3,1,0.8246688470244408,,409.9
4444,-5.4,0,5,4,1,0.8246688470244408,,409.9
4445,-4.300000000000001,0,4,3,1,0.8246688470244408,,410.1
4446,-4.300000000000001,0,4,3,1,0.8246688470244408,,410.1
4447,-4.300000000000001,0,4,3,1,0.8246688470244408,,410.2
4448,-4.300000000000001,0,4,3,1,0.8246688470244408,,410.3
4449,-0.30000000000000004,0,4,3,1,0.8246688470244408,,410.3
4450,-4.300000000000001,0,4,3,1,0.8246688470244408,,410.4
4451,-2.3000000000000003,0,4,3,1,0.8246688470244408,,410.5
4452,-2.3000000000000003,0,4,3,1,0.8246688470244408,,410.5
4453,-4.300000000000001,0,4,3,1,0.8246688470244408,,410.6
4454,-4.300000000000001,0,4,3,1,0.8246688470244408,,410.7
4455,5.7,1,4,3,1,0.8246688470244408,,410.7
4456,-4.300000000000001,0,4,3,1,0.8246688470244408,,410.8
4457,-2.3000000000000003,0,4,3,1,0.8246688470244408,,410.9
4458,-4.300000000000001,0,4,3,1,0.8246688470244408,,411.0
4459,-4.300000000000001,0,4,3,1,0.8246688470244408,,411.0
4460,-4.300000000000001,0,4,3,1,0.8246688470244408,,411.1
4461,-4.300000000000001,0,4,3,1,0.8246688470244408,,411.2
4462,-4.300000000000001,0,4,3,1,0.8246688470244408,,411.2
4463,5.7,1,4,3,1,0.8246688470244408,,411.3
4464,-4.300000000000001,0,4,3,1,0.8246688470244408,,411.3
4465,-2.3000000000000003,0,4,3,1,0.8246688470244408,,411.4
4466,-4.300000000000001,0,4,3,1,0.8246688470244408,,411.4
4467,5.7,1,4,3,1,0.8246688470244408,,411.5
4468,-4.300000000000001,0,4,3,1,0.8246688470244408,,411.6
4469,-4.300000000000001,0,4,3,1,0.8246688470244408,,411.6
4470,-2.3000000000000003,0,4,3,1,0.8246688470244408,,411.7
4471,-2.3000000000000003,0,4,3,1,0.8246688470244408,,411.8
4472,-4.300000000000001,0,4,3,1,0.8246688470244408,,411.8
4473,5.7,1,4,3,1,0.8246688470244408,,412.0
4474,5.7,1,4,3,1,0.8246688470244408,,412.0
4475,-5.6000000000000005,0,6,3,1,0.8246688470244408,,412.1
4476,-4.300000000000001,0,4,3,1,0.8246688470244408,,412.2
4477,-4.300000000000001,0,4,3,1,0.8246688470244408,,412.2
4478,-4.300000000000001,0,4,3,1,0.8246688470244408,,412.3
4479,-0.30000000000000004,0,4,3,1,0.8246688470244408,,412.3
4480,5.7,1,4,3,1,0.8246688470244408,,412.4
4481,-2.3000000000000003,0,4,3,1,0.8246688470244408,,412.5
4482,-4.300000000000001,0,4,3,1,0.8246688470244408,,412.5
4483,5.7,1,4,3,1,0.8246688470244408,,412.6
4484,-4.300000000000001,0,4,3,1,0.8246688470244408,,412.7
4485,-4.300000000000001,0,4,3,1,0.8246688470244408,,412.7
4486,5.7,1,4,3,1,0.8246688470244408,,412.8
4487,4.4,1,6,3,1,0.8246688470244408,,412.9
4488,-4.300000000000001,0,4,3,1,0.8246688470244408,,412.9
4489,-4.300000000000001,0,4,3,1,0.8246688470244408,,413.0
4490,5.7,1,4,3,1,0.8246688470244408,,413.1
4491,-1.6,0,6,3,1,0.8246688470244408,,413.2
4492,-4.300000000000001,0,4,3,1,0.8246688470244408,,413.3
4493,-4.300000000000001,0,4,3,1,0.8246688470244408,,413.4
4494,-4.300000000000001,0,4,3,1,0.8246688470244408,,413.4
4495,-4.300000000000001,0,4,3,1,0.8246688470244408,,413.5
4496,-0.30000000000000004,0,4,3,1,0.8246688470244408,,413.6
4497,5.7,1,4,3,1,0.8246688470244408,,413.7
4498,-4.300000000000001,0,4,3,1,0.8246688470244408,,413.8
4499,-4.300000000000001,0,4,3,1,0.8246688470244408,,413.9
4500,-2.9000000000000004,0,8,3,1,0.8246688470244408,,413.9
4501,-4.300000000000001,0,4,3,1,0.8246688470244408,,419.0
4502,-4.300000000000001,0,4,3,1,0.8246688470244408,,419.1
4503,-4.300000000000001,0,4,3,1,0.8246688470244408,,419.2
4504,-4.300000000000001,0,4,3,1,0.8246688470244408,,419.2
4505,-4.300000000000001,0,4,3,1,0.8246688470244408,,419.3
4506,-4.300000000000001,0,4,3,1,0.8246688470244408,,419.4
4507,-3.6,0,6,3,1,0.8246688470244408,,419.4
4508,-4.300000000000001,0,4,3,1,0.8246688470244408,,419.5
4509,-4.300000000000001,0,4,3,1,0.8246688470244408,,419.5
4510,-0.30000000000000004,0,4,3,1,0.8246688470244408,,419.6
4511,-4.300000000000001,0,4,3,1,0.8246688470244408,,419.7
4512,-4.300000000000001,0,4,3,1,0.8246688470244408,,419.8
4513,-4.300000000000001,0,4,3,1,0.7606286727823317,1.569488639710471,420.4
4514,-2.3000000000000003,0,4,3,1,0.7606286727823317,,420.5
4515,-4.300000000000001,0,4,3,1,0.7606286727823317,,420.6
4516,-3.4000000000000004,0,5,4,1,0.7606286727823317,,420.6
4517,-2.3000000000000003,0,4,3,1,0.7606286727823317,,420.7
4518,-4.300000000000001,0,4,3,1,0.7606286727823317,,420.8
4519,-4.6,0,6,3,1,0.7606286727823317,,420.8
4520,-4.300000000000001,0,4,3,1,0.7606286727823317,,420.9
4521,-4.300000000000001,0,4,3,1,0.7606286727823317,,421.0
4522,-4.300000000000001,0,4,3,1,0.7606286727823317,,421.0
4523,-4.300000000000001,0,4,3,1,0.7606286727823317,,421.1
4524,-5.4,0,5,4,1,0.7606286727823317,,421.2
4525,-4.300000000000001,0,4,3,1,0.7606286727823317,,421.2
4526,-0.30000000000000004,0,4,3,1,0.7606286727823317,,421.3
4527,-4.300000000000001,0,4,3,1,0.7606286727823317,,421.4
4528,-4.300000000000001,0,4,3,1,0.7606286727823317,,421.5
4529,-4.300000000000001,0,4,3,1,0.7606286727823317,,421.5
4530,-0.30000000000000004,0,4,3,1,0.7606286727823317,,421.6
4531,-4.300000000000001,0,4,3,1,0.7606286727823317,,421.7
4532,-2.3000000000000003,0,4,3,1,0.7606286727823317,,421.8
4533,-2.3000000000000003,0,4,3,1,0.7606286727823317,,421.9
4534,-0.30000000000000004,0,4,3,1,0.7606286727823317,,422.0
4535,-4.300000000000001,0,4,3,1,0.7606286727823317,,422.0
4536,-4.300000000000001,0,4,3,1,0.7606286727823317,,422.1
4537,-4.300000000000001,0,4,3,1,0.7606286727823317,,422.2
4538,-2.3000000000000003,0,4,3,1,0.7606286727823317,,422.2
4539,-4.300000000000001,0,4,3,1,0.7606286727823317,,422.3
4540,-4.300000000000001,0,4,3,1,0.7606286727823317,,422.4
4541,-4.300000000000001,0,4,3,1,0.7606286727823317,,422.4
4542,-4.300000000000001,0,4,3,1,0.7606286727823317,,422.5
4543,-2.3000000000000003,0,4,3,1,0.7606286727823317,,422.5
4544,-4.300000000000001,0,4,3,1,0.7606286727823317,,422.6
4545,-5.4,0,5,4,1,0.7606286727823317,,422.7
4546,-4.300000000000001,0,4,3,1,0.7606286727823317,,422.8
4547,-4.300000000000001,0,4,3,1,0.7606286727823317,,422.8
4548,-0.30000000000000004,0,4,3,1,0.7606286727823317,,422.9
4549,-2.3000000000000003,0,4,3,1,0.7606286727823317,,422.9
4550,-4.300000000000001,0,4,3,1,0.7606286727823317,,423.0
4551,-4.300000000000001,0,4,3,1,0.7606286727823317,,423.1
4552,-4.300000000000001,0,4,3,1,0.7606286727823317,,423.1
4553,-2.3000000000000003,0,4,3,1,0.7606286727823317,,423.2
4554,-2.3000000000000003,0,4,3,1,0.7606286727823317,,423.3
4555,5.7,1,4,3,1,0.7606286727823317,,423.4
4556,-4.300000000000001,0,4,3,1,0.7606286727823317,,423.4
4557,-4.300000000000001,0,4,3,1,0.7606286727823317,,423.5
4558,-4.300000000000001,0,4,3,1,0.7606286727823317,,423.6
4559,-4.300000000000001,0,4,3,1,0.7606286727823317,,423.7
4560,-1.6,0,6,3,1,0.7606286727823317,,423.8
4561,-4.300000000000001,0,4,3,1,0.7606286727823317,,423.9
4562,-0.30000000000000004,0,4,3,1,0.7606286727823317,,423.9
4563,-0.30000000000000004,0,4,3,1,0.7606286727823317,,424.0
4564,-0.30000000000000004,0,4,3,1,0.7606286727823317,,424.1
4565,-4.300000000000001,0,4,3,1,0.7606286727823317,,424.2
4566,-4.300000000000001,0,4,3,1,0.7606286727823317,,424.2
4567,-4.300000000000001,0,4,3,1,0.7606286727823317,,424.3
4568,-4.300000000000001,0,4,3,1,0.7606286727823317,,424.3
4569,-4.300000000000001,0,4,3,1,0.7606286727823317,,424.4
4570,-4.300000000000001,0,4,3,1,0.7606286727823317,,424.4
4571,-2.3000000000000003,0,4,3,1,0.7606286727823317,,424.5
4572,-2.3000000000000003,0,4,3,1,0.7606286727823317,,424.5
4573,-0.30000000000000004,0,4,3,1,0.7606286727823317,,424.7
4574,-5.6000000000000005,0,6,3,1,0.7606286727823317,,424.7
4575,-4.300000000000001,0,4,3,1,0.7606286727823317,,424.8
4576,-2.3000000000000003,0,4,3,1,0.7606286727823317,,424.8
4577,-4.300000000000001,0,4,3,1,0.7606286727823317,,424.9
4578,-4.300000000000001,0,4,3,1,0.7606286727823317,,424.9
4579,-4.300000000000001,0,4,3,1,0.7606286727823317,,425.0
4580,-4.300000000000001,0,4,3,1,0.7606286727823317,,425.1
4581,-5.4,0,5,4,1,0.7606286727823317,,425.2
4582,-4.300000000000001,0,4,3,1,0.7606286727823317,,425.2
4583,-4.300000000000001,0,4,3,1,0.7606286727823317,,425.3
4584,-0.30000000000000004,0,4,3,1,0.7606286727823317,,425.4
4585,-4.6000000000000005,0,6,3,1,0.7606286727823317,,425.5
4586,-0.30000000000000004,0,4,3,1,0.7606286727823317,,425.6
4587,-4.300000000000001,0,4,3,1,0.7606286727823317,,425.6
4588,-4.300000000000001,0,4,3,1,0.7606286727823317,,425.7
4589,-0.30000000000000004,0,4,3,1,0.7606286727823317,,425.7
4590,4.4,1,6,3,1,0.7606286727823317,,425.8
4591,-4.300000000000001,0,4,3,1,0.7606286727823317,,425.9
4592,-4.300000000000001,0,4,3,1,0.7606286727823317,,426.0
4593,-4.300000000000001,0,4,3,1,0.7606286727823317,,426.0
4594,-4.300000000000001,0,4,3,1,0.7606286727823317,,426.1
4595,-5.6000000000000005,0,6,3,1,0.7606286727823317,,426.2
4596,-4.300000000000001,0,4,3,1,0.7606286727823317,,426.2
4597,-4.300000000000001,0,4,3,1,0.7606286727823317,,426.3
4598,-3.6000000000000005,0,6,3,1,0.7606286727823317,,426.4
4599,-4.300000000000001,0,4,3,1,0.7606286727823317,,426.5
4600,-2.3000000000000003,0,4,3,1,0.7606286727823317,,426.5
4601,-2.3000000000000003,0,4,3,1,0.7606286727823317,,426.6
4602,-4.300000000000001,0,4,3,1,0.7606286727823317,,426.7
4603,-2.3000000000000003,0,4,3,1,0.7606286727823317,,426.7
4604,-0.30000000000000004,0,4,3,1,0.7606286727823317,,426.8
4605,5.4,1,6,3,1,0.7606286727823317,,426.9
4606,-2.3000000000000003,0,4,3,1,0.7606286727823317,,426.9
4607,-4.300000000000001,0,4,3,1,0.7606286727823317,,427.0
4608,-4.300000000000001,0,4,3,1,0.7606286727823317,,427.1
4609,-4.300000000000001,0,4,3,1,0.7606286727823317,,427.2
4610,-2.3000000000000003,0,4,3,1,0.7606286727823317,,427.2
4611,-4.300000000000001,0,4,3,1,0.7606286727823317,,427.2
4612,5.7,1,4,3,1,0.7606286727823317,,427.3
4613,-4.300000000000001,0,4,3,1,0.7606286727823317,,427.4
4614,-4.300000000000001,0,4,3,1,0.7606286727823317,,427.4
4615,-4.300000000000001,0,4,3,1,0.7606286727823317,,427.5
4616,-2.3000000000000003,0,4,3,1,0.7606286727823317,,427.6
4617,-2.3000000000000003,0,4,3,1,0.7606286727823317,,427.6
4618,-4.300000000000001,0,4,3,1,0.7606286727823317,,427.6
4619,5.7,1,4,3,1,0.7606286727823317,,427.7
4620,-4.300000000000001,0,4,3,1,0.7606286727823317,,427.8
4621,5.7,1,4,3,1,0.7606286727823317,,427.8
4622,-0.30000000000000004,0,4,3,1,0.7606286727823317,,427.9
4623,-2.3000000000000003,0,4,3,1,0.7606286727823317,,427.9
4624,5.7,1,4,3,1,0.7606286727823317,,428.0
4625,-4.300000000000001,0,4,3,1,0.7606286727823317,,428.1
4626,-2.3000000000000003,0,4,3,1,0.7606286727823317,,428.1
4627,-4.6,0,6,3,1,0.7606286727823317,,428.2
4628,-4.300000000000001,0,4,3,1,0.7606286727823317,,428.2
4629,-4.300000000000001,0,4,3,1,0.7606286727823317,,428.3
4630,-4.300000000000001,0,4,3,1,0.7606286727823317,,428.3
4631,-0.30000000000000004,0,4,3,1,0.7606286727823317,,428.4
4632,-4.300000000000001,0,4,3,1,0.7606286727823317,,428.5
4633,-4.300000000000001,0,4,3,1,0.7606286727823317,,428.6
4634,-4.300000000000001,0,4,3,1,0.7606286727823317,,428.7
4635,-4.300000000000001,0,4,3,1,0.7606286727823317,,428.7
4636,5.7,1,4,3,1,0.7606286727823317,,428.8
4637,-2.3000000000000003,0,4,3,1,0.7606286727823317,,428.9
4638,-2.3000000000000003,0,4,3,1,0.7606286727823317,,429.0
4639,-4.300000000000001,0,4,3,1,0.7606286727823317,,429.0
4640,-4.300000000000001,0,4,3,1,0.7606286727823317,,429.1
4641,-4.300000000000001,0,4,3,1,0.7606286727823317,,429.2
4642,-0.30000000000000004,0,4,3,1,0.7606286727823317,,429.2
4643,5.7,1,4,3,1,0.7606286727823317,,429.3
4644,-2.3000000000000003,0,4,3,1,0.7606286727823317,,429.4
4645,-4.300000000000001,0,4,3,1,0.7606286727823317,,429.5
4646,-4.300000000000001,0,4,3,1,0.7606286727823317,,429.5
4647,-2.3000000000000003,0,4,3,1,0.7606286727823317,,429.6
4648,-4.300000000000001,0,4,3,1,0.7606286727823317,,429.6
4649,-4.300000000000001,0,4,3,1,0.7606286727823317,,429.7
4650,-4.300000000000001,0,4,3,1,0.7606286727823317,,429.7
4651,-4.300000000000001,0,4,3,1,0.7606286727823317,,429.8
4652,-2.3000000000000003,0,4,3,1,0.7606286727823317,,429.9
4653,-4.300000000000001,0,4,3,1,0.7606286727823317,,430.0
4654,-4.300000000000001,0,4,3,1,0.7606286727823317,,430.0
4655,-4.300000000000001,0,4,3,1,0.7606286727823317,,430.1
4656,5.7,1,4,3,1,0.7606286727823317,,430.2
4657,-2.3000000000000003,0,4,3,1,0.7606286727823317,,430.3
4658,-4.300000000000001,0,4,3,1,0.7606286727823317,,430.3
4659,-4.300000000000001,0,4,3,1,0.7606286727823317,,430.4
4660,-2.3000000000000003,0,4,3,1,0.7606286727823317,,430.5
4661,-4.300000000000001,0,4,3,1,0.7606286727823317,,430.6
4662,5.7,1,4,3,1,0.7606286727823317,,430.6
4663,-4.300000000000001,0,4,3,1,0.7606286727823317,,430.7
4664,-4.300000000000001,0,4,3,1,0.7606286727823317,,430.7
4665,-4.300000000000001,0,4,3,1,0.7606286727823317,,430.8
4666,-4.300000000000001,0,4,3,1,0.7606286727823317,,430.9
4667,5.7,1,4,3,1,0.7606286727823317,,430.9
4668,-4.300000000000001,0,4,3,1,0.7606286727823317,,431.0
4669,-4.300000000000001,0,4,3,1,0.7606286727823317,,431.1
4670,5.7,1,4,3,1,0.7606286727823317,,431.1
4671,5.7,1,4,3,1,0.7606286727823317,,431.2
4672,-2.3000000000000003,0,4,3,1,0.7606286727823317,,431.2
4673,5.7,1,4,3,1,0.7606286727823317,,431.3
4674,-0.30000000000000004,0,4,3,1,0.7606286727823317,,431.4
4675,-3.6,0,6,3,1,0.7606286727823317,,431.5
4676,-0.30000000000000004,0,4,3,1,0.7606286727823317,,431.5
4677,-0.30000000000000004,0,4,3,1,0.7606286727823317,,431.5
4678,-4.300000000000001,0,4,3,1,0.7606286727823317,,431.6
4679,-4.300000000000001,0,4,3,1,0.7606286727823317,,431.7
4680,-4.300000000000001,0,4,3,1,0.7606286727823317,,431.7
4681,-2.3000000000000003,0,4,3,1,0.7606286727823317,,431.8
4682,5.7,1,4,3,1,0.7606286727823317,,431.9
4683,-2.3000000000000003,0,4,3,1,0.7606286727823317,,432.0
4684,-2.3000000000000003,0,4,3,1,0.7606286727823317,,432.1
4685,-4.300000000000001,0,4,3,1,0.7606286727823317,,432.1
4686,-4.300000000000001,0,4,3,1,0.7606286727823317,,432.1
4687,-4.300000000000001,0,4,3,1,0.7606286727823317,,432.2
4688,-4.300000000000001,0,4,3,1,0.7606286727823317,,432.3
4689,-4.300000000000001,0,4,3,1,0.7606286727823317,,432.3
4690,-4.300000000000001,0,4,3,1,0.7606286727823317,,432.4
4691,-2.3000000000000003,0,4,3,1,0.7606286727823317,,432.5
4692,-4.6000000000000005,0,6,3,1,0.7606286727823317,,432.5
4693,-2.3000000000000003,0,4,3,1,0.7606286727823317,,432.6
4694,-4.300000000000001,0,4,3,1,0.7606286727823317,,432.6
4695,5.7,1,4,3,1,0.7606286727823317,,432.7
4696,-2.3000000000000003,0,4,3,1,0.7606286727823317,,432.8
4697,-2.3000000000000003,0,4,3,1,0.7606286727823317,,432.9
4698,-4.300000000000001,0,4,3,1,0.7606286727823317,,432.9
4699,-4.300000000000001,0,4,3,1,0.7606286727823317,,433.0
4700,-4.300000000000001,0,4,3,1,0.7606286727823317,,433.0
4701,-3.6000000000000005,0,6,3,1,0.7606286727823317,,433.1
4702,-4.300000000000001,0,4,3,1,0.7606286727823317,,433.1
4703,5.7,1,4,3,1,0.7606286727823317,,433.2
4704,-2.3000000000000003,0,4,3,1,0.7606286727823317,,433.3
4705,-4.300000000000001,0,4,3,1,0.7606286727823317,,433.4
4706,-0.30000000000000004,0,4,3,1,0.7606286727823317,,433.4
4707,-4.300000000000001,0,4,3,1,0.7606286727823317,,433.5
4708,-4.300000000000001,0,4,3,1,0.7606286727823317,,433.6
4709,-4.300000000000001,0,4,3,1,0.7606286727823317,,433.6
4710,-4.300000000000001,0,4,3,1,0.7606286727823317,,433.7
4711,-4.300000000000001,0,4,3,1,0.7606286727823317,,433.8
4712,-0.30000000000000004,0,4,3,1,0.7606286727823317,,433.9
4713,-4.300000000000001,0,4,3,1,0.7606286727823317,,433.9
4714,-4.300000000000001,0,4,3,1,0.7606286727823317,,434.0
4715,-4.300000000000001,0,4,3,1,0.7606286727823317,,434.0
4716,-4.6,0,6,3,1,0.7606286727823317,,434.1
4717,-2.3000000000000003,0,4,3,1,0.7606286727823317,,434.2
4718,-0.30000000000000004,0,4,3,1,0.7606286727823317,,434.2
4719,-4.6,0,6,3,1,0.7606286727823317,,434.3
4720,-4.300000000000001,0,4,3,1,0.7606286727823317,,434.4
4721,-5.6000000000000005,0,6,3,1,0.7606286727823317,,434.5
4722,-0.30000000000000004,0,4,3,1,0.7606286727823317,,434.6
4723,-2.3000000000000003,0,4,3,1,0.7606286727823317,,434.6
4724,-2.3000000000000003,0,4,3,1,0.7606286727823317,,434.7
4725,5.7,1,4,3,1,0.7606286727823317,,434.7
4726,-2.3000000000000003,0,4,3,1,0.7606286727823317,,434.8
4727,-4.300000000000001,0,4,3,1,0.7606286727823317,,434.9
4728,5.7,1,4,3,1,0.7606286727823317,,435.0
4729,-4.300000000000001,0,4,3,1,0.7606286727823317,,435.1
4730,-4.300000000000001,0,4,3,1,0.7606286727823317,,435.1
4731,-4.300000000000001,0,4,3,1,0.7606286727823317,,435.2
4732,-2.3000000000000003,0,4,3,1,0.7606286727823317,,435.3
4733,-4.300000000000001,0,4,3,1,0.7606286727823317,,435.3
4734,-3.6000000000000005,0,6,3,1,0.7606286727823317,,435.4
4735,-4.300000000000001,0,4,3,1,0.7606286727823317,,435.5
4736,-4.300000000000001,0,4,3,1,0.7606286727823317,,435.5
4737,-4.300000000000001,0,4,3,1,0.7606286727823317,,435.6
4738,-0.30000000000000004,0,4,3,1,0.7606286727823317,,435.7
4739,-4.300000000000001,0,4,3,1,0.7606286727823317,,435.7
4740,-4.300000000000001,0,4,3,1,0.7606286727823317,,435.8
4741,-4.300000000000001,0,4,3,1,0.7606286727823317,,435.9
4742,-5.9,0,8,3,1,0.7606286727823317,,435.9
4743,-0.30000000000000004,0,4,3,1,0.7606286727823317,,436.0
4744,-3.6000000000000005,0,6,3,1,0.7606286727823317,,436.1
4745,-4.300000000000001,0,4,3,1,0.7606286727823317,,436.1
4746,-4.300000000000001,0,4,3,1,0.7606286727823317,,436.2
4747,-2.3000000000000003,0,4,3,1,0.7606286727823317,,436.3
4748,-4.300000000000001,0,4,3,1,0.7606286727823317,,436.3
4749,-4.300000000000001,0,4,3,1,0.7606286727823317,,436.4
4750,-4.300000000000001,0,4,3,1,0.7606286727823317,,436.5
4751,-4.300000000000001,0,4,3,1,0.7606286727823317,,436.5
4752,-4.300000000000001,0,4,3,1,0.7606286727823317,,436.6
4753,-4.300000000000001,0,4,3,1,0.7606286727823317,,436.6
4754,-4.300000000000001,0,4,3,1,0.7606286727823317,,436.7
4755,-4.300000000000001,0,4,3,1,0.7606286727823317,,436.8
4756,-4.300000000000001,0,4,3,1,0.7606286727823317,,436.9
4757,-2.3000000000000003,0,4,3,1,0.7606286727823317,,436.9
4758,-4.300000000000001,0,4,3,1,0.7606286727823317,,437.0
4759,-4.300000000000001,0,4,3,1,0.7606286727823317,,437.0
4760,-4.300000000000001,0,4,3,1,0.7606286727823317,,437.1
4761,-4.300000000000001,0,4,3,1,0.7606286727823317,,437.1
4762,-4.300000000000001,0,4,3,1,0.7606286727823317,,437.2
4763,-4.300000000000001,0,4,3,1,0.7606286727823317,,437.3
4764,-4.300000000000001,0,4,3,1,0.7606286727823317,,437.4
4765,5.7,1,4,3,1,0.7606286727823317,,437.4
4766,-4.300000000000001,0,4,3,1,0.7606286727823317,,437.5
4767,-4.300000000000001,0,4,3,1,0.7606286727823317,,437.5
4768,-4.300000000000001,0,4,3,1,0.7606286727823317,,437.6
4769,-2.3000000000000003,0,4,3,1,0.7606286727823317,,437.7
4770,-4.300000000000001,0,4,3,1,0.7606286727823317,,437.8
4771,-4.300000000000001,0,4,3,1,0.7606286727823317,,437.9
4772,-4.300000000000001,0,4,3,1,0.7606286727823317,,438.0
4773,-4.300000000000001,0,4,3,1,0.7606286727823317,,438.0
4774,-4.300000000000001,0,4,3,1,0.7606286727823317,,438.1
4775,-4.300000000000001,0,4,3,1,0.7606286727823317,,438.2
4776,-4.300000000000001,0,4,3,1,0.7606286727823317,,438.3
4777,5.7,1,4,3,1,0.7606286727823317,,438.4
4778,-4.300000000000001,0,4,3,1,0.7606286727823317,,438.5
4779,5.7,1,4,3,1,0.7606286727823317,,438.5
4780,-4.300000000000001,0,4,3,1,0.7606286727823317,,438.5
4781,-4.300000000000001,0,4,3,1,0.7606286727823317,,438.6
4782,-2.3000000000000003,0,4,3,1,0.7606286727823317,,438.7
4783,-4.300000000000001,0,4,3,1,0.7606286727823317,,438.8
4784,-4.300000000000001,0,4,3,1,0.7606286727823317,,438.8
4785,-4.300000000000001,0,4,3,1,0.7606286727823317,,438.9
4786,-2.3000000000000003,0,4,3,1,0.7606286727823317,,439.0
4787,-4.300000000000001,0,4,3,1,0.7606286727823317,,439.1
4788,-4.300000000000001,0,4,3,1,0.7606286727823317,,439.2
4789,-4.300000000000001,0,4,3,1,0.7606286727823317,,439.3
4790,-4.300000000000001,0,4,3,1,0.7606286727823317,,439.3
4791,-4.300000000000001,0,4,3,1,0.7606286727823317,,439.4
4792,-4.300000000000001,0,4,3,1,0.7606286727823317,,439.5
4793,-0.30000000000000004,0,4,3,1,0.7606286727823317,,439.6
4794,-4.300000000000001,0,4,3,1,0.7606286727823317,,439.7
4795,-2.3000000000000003,0,4,3,1,0.7606286727823317,,439.8
4796,-4.300000000000001,0,4,3,1,0.7606286727823317,,439.9
4797,5.7,1,4,3,1,0.7606286727823317,,439.9
4798,-4.300000000000001,0,4,3,1,0.7606286727823317,,440.0
4799,-4.300000000000001,0,4,3,1,0.7606286727823317,,440.0
4800,-0.30000000000000004,0,4,3,1,0.7606286727823317,,440.1
4801,-0.30000000000000004,0,4,3,1,0.7606286727823317,,440.2
4802,-2.3000000000000003,0,4,3,1,0.7606286727823317,,440.2
4803,-0.30000000000000004,0,4,3,1,0.7606286727823317,,440.3
4804,-4.300000000000001,0,4,3,1,0.7606286727823317,,440.4
4805,-4.300000000000001,0,4,3,1,0.7606286727823317,,440.5
4806,-3.4000000000000004,0,5,4,1,0.7606286727823317,,440.6
4807,-4.300000000000001,0,4,3,1,0.7606286727823317,,440.6
4808,-0.30000000000000004,0,4,3,1,0.7606286727823317,,440.7
4809,-4.6,0,6,3,1,0.7606286727823317,,440.8
4810,-2.3000000000000003,0,4,3,1,0.7606286727823317,,440.8
4811,-4.300000000000001,0,4,3,1,0.7606286727823317,,440.9
4812,-2.3000000000000003,0,4,3,1,0.7606286727823317,,441.0
4813,-2.3000000000000003,0,4,3,1,0.7606286727823317,,441.0
4814,-5.4,0,5,4,1,0.7606286727823317,,441.1
4815,5.7,1,4,3,1,0.7606286727823317,,441.2
4816,5.7,1,4,3,1,0.7606286727823317,,441.2
4817,-0.30000000000000004,0,4,3,1,0.7606286727823317,,441.3
4818,-4.300000000000001,0,4,3,1,0.7606286727823317,,441.4
4819,-4.300000000000001,0,4,3,1,0.7606286727823317,,441.5
4820,-2.3000000000000003,0,4,3,1,0.7606286727823317,,441.5
4821,-0.30000000000000004,0,4,3,1,0.7606286727823317,,441.6
4822,-4.300000000000001,0,4,3,1,0.7606286727823317,,441.7
4823,-4.300000000000001,0,4,3,1,0.7606286727823317,,441.8
4824,-4.300000000000001,0,4,3,1,0.7606286727823317,,441.9
4825,-3.6,0,6,3,1,0.7606286727823317,,442.0
4826,-4.300000000000001,0,4,3,1,0.7606286727823317,,442.0
4827,-4.300000000000001,0,4,3,1,0.7606286727823317,,442.1
4828,-4.300000000000001,0,4,3,1,0.7606286727823317,,442.1
4829,-4.300000000000001,0,4,3,1,0.7606286727823317,,442.2
4830,-2.6,0,6,3,1,0.7606286727823317,,442.3
4831,5.7,1,4,3,1,0.7606286727823317,,442.3
4832,-4.300000000000001,0,4,3,1,0.7606286727823317,,442.4
4833,-2.3000000000000003,0,4,3,1,0.7606286727823317,,442.5
4834,-4.300000000000001,0,4,3,1,0.7606286727823317,,442.5
4835,-0.30000000000000004,0,4,3,1,0.7606286727823317,,442.6
4836,-2.3000000000000003,0,4,3,1,0.7606286727823317,,442.7
4837,-4.300000000000001,0,4,3,1,0.7606286727823317,,442.7
4838,-2.3000000000000003,0,4,3,1,0.7606286727823317,,442.8
4839,-4.300000000000001,0,4,3,1,0.7606286727823317,,442.9
4840,-2.6,0,6,3,1,0.7606286727823317,,442.9
4841,5.7,1,4,3,1,0.7606286727823317,,443.0
4842,-2.3000000000000003,0,4,3,1,0.7606286727823317,,443.1
4843,-4.300000000000001,0,4,3,1,0.7606286727823317,,443.2
4844,-4.300000000000001,0,4,3,1,0.7606286727823317,,443.2
4845,-2.3000000000000003,0,4,3,1,0.7606286727823317,,443.3
4846,-1.6,0,6,3,1,0.7606286727823317,,443.4
4847,-0.30000000000000004,0,4,3,1,0.7606286727823317,,443.4
4848,-0.30000000000000004,0,4,3,1,0.7606286727823317,,443.5
4849,-4.300000000000001,0,4,3,1,0.7606286727823317,,443.6
4850,-4.300000000000001,0,4,3,1,0.7606286727823317,,443.7
4851,-4.300000000000001,0,4,3,1,0.7606286727823317,,443.7
4852,-5.6000000000000005,0,6,3,1,0.7606286727823317,,443.8
4853,-4.300000000000001,0,4,3,1,0.7606286727823317,,443.9
4854,-4.300000000000001,0,4,3,1,0.7606286727823317,,444.0
4855,-4.300000000000001,0,4,3,1,0.7606286727823317,,444.1
4856,-4.300000000000001,0,4,3,1,0.7606286727823317,,444.1
4857,-4.6000000000000005,0,6,3,1,0.7606286727823317,,444.2
4858,-4.300000000000001,0,4,3,1,0.7606286727823317,,444.3
4859,-0.30000000000000004,0,4,3,1,0.7606286727823317,,444.3
4860,-0.30000000000000004,0,4,3,1,0.7606286727823317,,444.4
4861,-4.300000000000001,0,4,3,1,0.7606286727823317,,444.5
4862,-4.300000000000001,0,4,3,1,0.7606286727823317,,444.5
4863,-4.300000000000001,0,4,3,1,0.7606286727823317,,444.6
4864,-4.300000000000001,0,4,3,1,0.7606286727823317,,444.7
4865,-4.300000000000001,0,4,3,1,0.7606286727823317,,444.8
4866,5.7,1,4,3,1,0.7606286727823317,,444.9
4867,-4.300000000000001,0,4,3,1,0.7606286727823317,,444.9
4868,-4.300000000000001,0,4,3,1,0.7606286727823317,,445.0
4869,5.7,1,4,3,1,0.7606286727823317,,445.1
4870,-4.300000000000001,0,4,3,1,0.7606286727823317,,445.2
4871,-4.300000000000001,0,4,3,1,0.7606286727823317,,445.3
4872,-4.300000000000001,0,4,3,1,0.7606286727823317,,445.4
4873,5.7,1,4,3,1,0.7606286727823317,,445.5
4874,-4.300000000000001,0,4,3,1,0.7606286727823317,,445.6
4875,-0.30000000000000004,0,4,3,1,0.7606286727823317,,445.6
4876,-4.300000000000001,0,4,3,1,0.7606286727823317,,445.7
4877,-3.6000000000000005,0,6,3,1,0.7606286727823317,,445.7
4878,-2.3000000000000003,0,4,3,1,0.7606286727823317,,445.8
4879,5.7,1,4,3,1,0.7606286727823317,,445.8
4880,-2.3000000000000003,0,4,3,1,0.7606286727823317,,445.9
4881,5.7,1,4,3,1,0.7606286727823317,,446.0
4882,-2.3000000000000003,0,4,3,1,0.7606286727823317,,446.1
4883,-4.300000000000001,0,4,3,1,0.7606286727823317,,446.1
4884,-0.30000000000000004,0,4,3,1,0.7606286727823317,,446.2
4885,-4.300000000000001,0,4,3,1,0.7606286727823317,,446.3
4886,-2.3000000000000003,0,4,3,1,0.7606286727823317,,446.3
4887,-4.300000000000001,0,4,3,1,0.7606286727823317,,446.4
4888,-4.300000000000001,0,4,3,1,0.7606286727823317,,446.5
4889,-3.7,0,7,4,1,0.7606286727823317,,446.6
4890,-4.300000000000001,0,4,3,1,0.7606286727823317,,446.6
4891,-2.3000000000000003,0,4,3,1,0.7606286727823317,,446.7
4892,-4.300000000000001,0,4,3,1,0.7606286727823317,,446.8
4893,5.7,1,4,3,1,0.7606286727823317,,446.8
4894,-0.6000000000000001,0,6,3,1,0.7606286727823317,,446.9
4895,-4.300000000000001,0,4,3,1,0.7606286727823317,,447.0
4896,-4.300000000000001,0,4,3,1,0.7606286727823317,,447.0
4897,-4.300000000000001,0,4,3,1,0.7606286727823317,,447.1
4898,-4.300000000000001,0,4,3,1,0.7606286727823317,,447.1
4899,-4.300000000000001,0,4,3,1,0.7606286727823317,,447.2
4900,-4.300000000000001,0,4,3,1,0.7606286727823317,,447.2
4901,-4.300000000000001,0,4,3,1,0.7606286727823317,,447.3
4902,-4.300000000000001,0,4,3,1,0.7606286727823317,,447.3
4903,-4.300000000000001,0,4,3,1,0.7606286727823317,,447.4
4904,-4.300000000000001,0,4,3,1,0.7606286727823317,,447.4
4905,-4.300000000000001,0,4,3,1,0.7606286727823317,,447.5
4906,-2.3000000000000003,0,4,3,1,0.7606286727823317,,447.5
4907,-0.30000000000000004,0,4,3,1,0.7606286727823317,,447.6
4908,-4.300000000000001,0,4,3,1,0.7606286727823317,,447.6
4909,5.7,1,4,3,1,0.7606286727823317,,447.7
4910,-4.300000000000001,0,4,3,1,0.7606286727823317,,447.8
4911,-4.300000000000001,0,4,3,1,0.7606286727823317,,447.9
4912,5.7,1,4,3,1,0.7606286727823317,,447.9
4913,5.7,1,4,3,1,0.7606286727823317,,448.0
4914,-4.300000000000001,0,4,3,1,0.7606286727823317,,448.1
4915,-4.6000000000000005,0,6,3,1,0.7606286727823317,,448.2
4916,-4.300000000000001,0,4,3,1,0.7606286727823317,,448.2
4917,-0.30000000000000004,0,4,3,1,0.7606286727823317,,448.3
4918,-4.300000000000001,0,4,3,1,0.7606286727823317,,448.4
4919,-4.300000000000001,0,4,3,1,0.7606286727823317,,448.4
4920,-0.30000000000000004,0,4,3,1,0.7606286727823317,,448.5
4921,5.7,1,4,3,1,0.7606286727823317,,448.6
4922,-4.300000000000001,0,4,3,1,0.7606286727823317,,448.7
4923,-4.300000000000001,0,4,3,1,0.7606286727823317,,448.7
4924,-2.6,0,6,3,1,0.7606286727823317,,448.8
4925,-2.3000000000000003,0,4,3,1,0.7606286727823317,,448.9
4926,-4.300000000000001,0,4,3,1,0.7606286727823317,,448.9
4927,-4.6000000000000005,0,6,3,1,0.7606286727823317,,449.0
4928,-4.300000000000001,0,4,3,1,0.7606286727823317,,449.1
4929,-2.3000000000000003,0,4,3,1,0.7606286727823317,,449.2
4930,-4.300000000000001,0,4,3,1,0.7606286727823317,,449.3
4931,-4.300000000000001,0,4,3,1,0.7606286727823317,,449.3
4932,-4.300000000000001,0,4,3,1,0.7606286727823317,,449.4
4933,-2.3000000000000003,0,4,3,1,0.7606286727823317,,449.4
4934,-2.3000000000000003,0,4,3,1,0.7606286727823317,,449.5
4935,-4.300000000000001,0,4,3,1,0.7606286727823317,,449.6
4936,-4.300000000000001,0,4,3,1,0.7606286727823317,,449.7
4937,-2.3000000000000003,0,4,3,1,0.7606286727823317,,449.8
4938,-4.300000000000001,0,4,3,1,0.7606286727823317,,449.9
4939,-5.6000000000000005,0,6,3,1,0.7606286727823317,,450.0
4940,-4.300000000000001,0,4,3,1,0.7606286727823317,,450.1
4941,-2.3000000000000003,0,4,3,1,0.7606286727823317,,450.1
4942,-4.6000000000000005,0,6,3,1,0.7606286727823317,,450.2
4943,5.7,1,4,3,1,0.7606286727823317,,450.2
4944,-4.300000000000001,0,4,3,1,0.7606286727823317,,450.3
4945,-4.300000000000001,0,4,3,1,0.7606286727823317,,450.4
4946,-4.300000000000001,0,4,3,1,0.7606286727823317,,450.5
4947,-4.300000000000001,0,4,3,1,0.7606286727823317,,450.5
4948,-4.300000000000001,0,4,3,1,0.7606286727823317,,450.6
4949,5.7,1,4,3,1,0.7606286727823317,,450.7
4950,-4.300000000000001,0,4,3,1,0.7606286727823317,,450.7
4951,-4.300000000000001,0,4,3,1,0.7606286727823317,,450.8
4952,-5.6000000000000005,0,6,3,1,0.7606286727823317,,450.9
4953,5.7,1,4,3,1,0.7606286727823317,,450.9
4954,-4.300000000000001,0,4,3,1,0.7606286727823317,,451.0
4955,-2.3000000000000003,0,4,3,1,0.7606286727823317,,451.1
4956,-4.300000000000001,0,4,3,1,0.7606286727823317,,451.2
4957,-4.300000000000001,0,4,3,1,0.7606286727823317,,451.3
4958,-4.300000000000001,0,4,3,1,0.7606286727823317,,451.4
4959,5.7,1,4,3,1,0.7606286727823317,,451.4
4960,-0.30000000000000004,0,4,3,1,0.7606286727823317,,451.5
4961,-2.3000000000000003,0,4,3,1,0.7606286727823317,,451.5
4962,-4.300000000000001,0,4,3,1,0.7606286727823317,,451.6
4963,-4.300000000000001,0,4,3,1,0.7606286727823317,,451.7
4964,-2.3000000000000003,0,4,3,1,0.7606286727823317,,451.7
4965,-2.3000000000000003,0,4,3,1,0.7606286727823317,,451.8
4966,-4.300000000000001,0,4,3,1,0.7606286727823317,,451.9
4967,-0.30000000000000004,0,4,3,1,0.7606286727823317,,451.9
4968,-4.300000000000001,0,4,3,1,0.7606286727823317,,452.0
4969,-4.300000000000001,0,4,3,1,0.7606286727823317,,452.0
4970,-5.4,0,5,4,1,0.7606286727823317,,452.1
4971,5.7,1,4,3,1,0.7606286727823317,,452.2
4972,-2.3000000000000003,0,4,3,1,0.7606286727823317,,452.2
4973,-4.300000000000001,0,4,3,1,0.7606286727823317,,452.3
4974,-2.3000000000000003,0,4,3,1,0.7606286727823317,,452.4
4975,-4.300000000000001,0,4,3,1,0.7606286727823317,,452.4
4976,-2.3000000000000003,0,4,3,1,0.7606286727823317,,452.5
4977,5.7,1,4,3,1,0.7606286727823317,,452.6
4978,-4.300000000000001,0,4,3,1,0.7606286727823317,,452.7
4979,-4.300000000000001,0,4,3,1,0.7606286727823317,,452.7
4980,-4.300000000000001,0,4,3,1,0.7606286727823317,,452.8
4981,5.7,1,4,3,1,0.7606286727823317,,452.8
4982,-2.3000000000000003,0,4,3,1,0.7606286727823317,,452.9
4983,-4.6000000000000005,0,6,3,1,0.7606286727823317,,452.9
4984,-4.300000000000001,0,4,3,1,0.7606286727823317,,453.0
4985,-4.300000000000001,0,4,3,1,0.7606286727823317,,453.1
4986,-4.300000000000001,0,4,3,1,0.7606286727823317,,453.2
4987,-4.300000000000001,0,4,3,1,0.7606286727823317,,453.3
4988,5.4,1,6,3,1,0.7606286727823317,,453.3
4989,-4.300000000000001,0,4,3,1,0.7606286727823317,,453.4
4990,-4.300000000000001,0,4,3,1,0.7606286727823317,,453.5
4991,5.7,1,4,3,1,0.7606286727823317,,453.6
4992,-4.300000000000001,0,4,3,1,0.7606286727823317,,453.7
4993,-4.300000000000001,0,4,3,1,0.7606286727823317,,453.8
4994,-4.300000000000001,0,4,3,1,0.7606286727823317,,453.8
4995,5.7,1,4,3,1,0.7606286727823317,,453.8
4996,-2.3000000000000003,0,4,3,1,0.7606286727823317,,453.9
4997,-4.300000000000001,0,4,3,1,0.7606286727823317,,453.9
4998,-4.300000000000001,0,4,3,1,0.7606286727823317,,453.9
4999,-4.300000000000001,0,4,3,1,0.7606286727823317,,454.0
5000,-4.300000000000001,0,4,3,1,0.7606286727823317,,454.1
5001,-4.300000000000001,0,4,3,1,0.7606286727823317,,459.2
5002,-4.300000000000001,0,4,3,1,0.7606286727823317,,459.2
5003,-4.300000000000001,0,4,3,1,0.7606286727823317,,459.3
5004,-3.4000000000000004,0,5,4,1,0.715026693418622,1.5710513533558697,460.0
5005,-4.300000000000001,0,4,3,1,0.715026693418622,,460.1
5006,-4.300000000000001,0,4,3,1,0.715026693418622,,460.1
5007,-2.3000000000000003,0,4,3,1,0.715026693418622,,460.1
5008,-2.3000000000000003,0,4,3,1,0.715026693418622,,460.2
5009,-4.300000000000001,0,4,3,1,0.715026693418622,,460.2
5010,-5.4,0,5,4,1,0.715026693418622,,460.3
5011,-4.300000000000001,0,4,3,1,0.715026693418622,,460.4
5012,-0.6000000000000001,0,6,3,1,0.715026693418622,,460.4
5013,-4.300000000000001,0,4,3,1,0.715026693418622,,460.5
5014,-2.3000000000000003,0,4,3,1,0.715026693418622,,460.6
5015,5.7,1,4,3,1,0.715026693418622,,460.6
5016,-4.300000000000001,0,4,3,1,0.715026693418622,,460.7
5017,-4.300000000000001,0,4,3,1,0.715026693418622,,460.8
5018,-4.300000000000001,0,4,3,1,0.715026693418622,,460.9
5019,-1.4000000000000001,0,5,4,1,0.715026693418622,,461.0
5020,-5.4,0,5,4,1,0.715026693418622,,461.1
5021,-4.300000000000001,0,4,3,1,0.715026693418622,,461.1
5022,5.7,1,4,3,1,0.715026693418622,,461.2
5023,-4.300000000000001,0,4,3,1,0.715026693418622,,461.3
5024,-4.300000000000001,0,4,3,1,0.715026693418622,,461.3
5025,-2.3000000000000003,0,4,3,1,0.715026693418622,,461.4
5026,-4.300000000000001,0,4,3,1,0.715026693418622,,461.4
5027,-4.300000000000001,0,4,3,1,0.715026693418622,,461.5
5028,-4.300000000000001,0,4,3,1,0.715026693418622,,461.6
5029,-4.300000000000001,0,4,3,1,0.715026693418622,,461.7
5030,-4.300000000000001,0,4,3,1,0.715026693418622,,461.7
5031,-2.3000000000000003,0,4,3,1,0.715026693418622,,461.8
5032,-2.3000000000000003,0,4,3,1,0.715026693418622,,461.9
5033,-4.300000000000001,0,4,3,1,0.715026693418622,,461.9
5034,5.7,1,4,3,1,0.715026693418622,,462.0
5035,-4.300000000000001,0,4,3,1,0.715026693418622,,462.0
5036,-0.30000000000000004,0,4,3,1,0.715026693418622,,462.1
5037,5.7,1,4,3,1,0.715026693418622,,462.1
5038,-0.30000000000000004,0,4,3,1,0.715026693418622,,462.2
5039,-4.300000000000001,0,4,3,1,0.715026693418622,,462.3
5040,-4.300000000000001,0,4,3,1,0.715026693418622,,462.3
5041,-4.300000000000001,0,4,3,1,0.715026693418622,,462.4
5042,-4.300000000000001,0,4,3,1,0.715026693418622,,462.5
5043,-4.300000000000001,0,4,3,1,0.715026693418622,,462.5
5044,5.7,1,4,3,1,0.715026693418622,,462.6
5045,-4.300000000000001,0,4,3,1,0.715026693418622,,462.7
5046,-0.30000000000000004,0,4,3,1,0.715026693418622,,462.8
5047,-0.30000000000000004,0,4,3,1,0.715026693418622,,462.9
5048,-4.300000000000001,0,4,3,1,0.715026693418622,,463.0
5049,5.7,1,4,3,1,0.715026693418622,,463.0
5050,-4.300000000000001,0,4,3,1,0.715026693418622,,463.1
5051,-4.300000000000001,0,4,3,1,0.715026693418622,,463.1
5052,5.7,1,4,3,1,0.715026693418622,,463.2
5053,-0.30000000000000004,0,4,3,1,0.715026693418622,,463.3
5054,-2.3000000000000003,0,4,3,1,0.715026693418622,,463.3
5055,-2.3000000000000003,0,4,3,1,0.715026693418622,,463.4
5056,-2.3000000000000003,0,4,3,1,0.715026693418622,,463.5
5057,-4.300000000000001,0,4,3,1,0.715026693418622,,463.6
5058,-0.30000000000000004,0,4,3,1,0.715026693418622,,463.6
5059,-4.300000000000001,0,4,3,1,0.715026693418622,,463.7
5060,-2.3000000000000003,0,4,3,1,0.715026693418622,,463.8
5061,-0.30000000000000004,0,4,3,1,0.715026693418622,,463.8
5062,-0.30000000000000004,0,4,3,1,0.715026693418622,,463.9
5063,-0.30000000000000004,0,4,3,1,0.715026693418622,,463.9
5064,-4.300000000000001,0,4,3,1,0.715026693418622,,464.0
5065,-4.300000000000001,0,4,3,1,0.715026693418622,,464.1
5066,5.7,1,4,3,1,0.715026693418622,,464.2
5067,-2.6,0,6,3,1,0.715026693418622,,464.2
5068,-4.300000000000001,0,4,3,1,0.715026693418622,,464.3
5069,-4.300000000000001,0,4,3,1,0.715026693418622,,464.4
5070,-4.300000000000001,0,4,3,1,0.715026693418622,,464.4
5071,-4.300000000000001,0,4,3,1,0.715026693418622,,464.5
5072,-4.300000000000001,0,4,3,1,0.715026693418622,,464.6
5073,-4.300000000000001,0,4,3,1,0.715026693418622,,464.7
5074,-4.300000000000001,0,4,3,1,0.715026693418622,,464.8
5075,-4.300000000000001,0,4,3,1,0.715026693418622,,464.9
5076,-2.3000000000000003,0,4,3,1,0.715026693418622,,464.9
5077,5.7,1,4,3,1,0.715026693418622,,465.0
5078,-5.4,0,5,4,1,0.715026693418622,,465.0
5079,-2.3000000000000003,0,4,3,1,0.715026693418622,,465.1
5080,-4.300000000000001,0,4,3,1,0.715026693418622,,465.2
5081,-0.30000000000000004,0,4,3,1,0.715026693418622,,465.3
5082,-4.300000000000001,0,4,3,1,0.715026693418622,,465.3
5083,-4.300000000000001,0,4,3,1,0.715026693418622,,465.3
5084,-2.3000000000000003,0,4,3,1,0.715026693418622,,465.4
5085,5.7,1,4,3,1,0.715026693418622,,465.5
5086,-4.300000000000001,0,4,3,1,0.715026693418622,,465.6
5087,-4.300000000000001,0,4,3,1,0.715026693418622,,465.7
5088,-4.300000000000001,0,4,3,1,0.715026693418622,,465.8
5089,-4.300000000000001,0,4,3,1,0.715026693418622,,465.9
5090,-0.30000000000000004,0,4,3,1,0.715026693418622,,465.9
5091,-4.300000000000001,0,4,3,1,0.715026693418622,,466.0
5092,-4.300000000000001,0,4,3,1,0.715026693418622,,466.1
5093,-0.30000000000000004,0,4,3,1,0.715026693418622,,466.1
5094,-4.300000000000001,0,4,3,1,0.715026693418622,,466.2
5095,-2.3000000000000003,0,4,3,1,0.715026693418622,,466.3
5096,-4.300000000000001,0,4,3,1,0.715026693418622,,466.3
5097,-4.300000000000001,0,4,3,1,0.715026693418622,,466.4
5098,-4.300000000000001,0,4,3,1,0.715026693418622,,466.5
5099,-2.3000000000000003,0,4,3,1,0.715026693418622,,466.5
5100,-4.300000000000001,0,4,3,1,0.715026693418622,,466.6
5101,-4.300000000000001,0,4,3,1,0.715026693418622,,466.7
5102,-4.6000000000000005,0,6,3,1,0.715026693418622,,466.8
5103,-5.4,0,5,4,1,0.715026693418622,,466.8
5104,5.4,1,6,3,1,0.715026693418622,,466.9
5105,-4.300000000000001,0,4,3,1,0.715026693418622,,467.0
5106,-2.6,0,6,3,1,0.715026693418622,,467.1
5107,-4.300000000000001,0,4,3,1,0.715026693418622,,467.2
5108,-2.3000000000000003,0,4,3,1,0.715026693418622,,467.2
5109,-4.300000000000001,0,4,3,1,0.715026693418622,,467.3
5110,-4.300000000000001,0,4,3,1,0.715026693418622,,467.4
5111,-4.300000000000001,0,4,3,1,0.715026693418622,,467.5
5112,-4.300000000000001,0,4,3,1,0.715026693418622,,467.5
5113,-5.6000000000000005,0,6,3,1,0.715026693418622,,467.6
5114,-4.300000000000001,0,4,3,1,0.715026693418622,,467.7
5115,-4.300000000000001,0,4,3,1,0.715026693418622,,467.7
5116,5.7,1,4,3,1,0.715026693418622,,467.8
5117,-0.30000000000000004,0,4,3,1,0.715026693418622,,467.9
5118,-4.300000000000001,0,4,3,1,0.715026693418622,,467.9
5119,5.7,1,4,3,1,0.715026693418622,,468.0
5120,-0.30000000000000004,0,4,3,1,0.715026693418622,,468.1
5121,-4.300000000000001,0,4,3,1,0.715026693418622,,468.2
5122,-2.3000000000000003,0,4,3,1,0.715026693418622,,468.2
5123,-4.300000000000001,0,4,3,1,0.715026693418622,,468.3
5124,-4.300000000000001,0,4,3,1,0.715026693418622,,468.4
5125,-4.300000000000001,0,4,3,1,0.715026693418622,,468.5
5126,-4.300000000000001,0,4,3,1,0.715026693418622,,468.5
5127,-5.4,0,5,4,1,0.715026693418622,,468.6
5128,5.7,1,4,3,1,0.715026693418622,,468.7
5129,-4.300000000000001,0,4,3,1,0.715026693418622,,468.7
5130,-4.300000000000001,0,4,3,1,0.715026693418622,,468.8
5131,-4.300000000000001,0,4,3,1,0.715026693418622,,468.9
5132,-4.300000000000001,0,4,3,1,0.715026693418622,,469.0
5133,-4.300000000000001,0,4,3,1,0.715026693418622,,469.0
5134,-2.3000000000000003,0,4,3,1,0.715026693418622,,469.1
5135,-4.300000000000001,0,4,3,1,0.715026693418622,,469.1
5136,-4.300000000000001,0,4,3,1,0.715026693418622,,469.2
5137,5.7,1,4,3,1,0.715026693418622,,469.3
5138,-4.300000000000001,0,4,3,1,0.715026693418622,,469.3
5139,-0.30000000000000004,0,4,3,1,0.715026693418622,,469.4
5140,5.7,1,4,3,1,0.715026693418622,,469.4
5141,-4.300000000000001,0,4,3,1,0.715026693418622,,469.5
5142,-0.30000000000000004,0,4,3,1,0.715026693418622,,469.6
5143,5.7,1,4,3,1,0.715026693418622,,469.7
5144,-4.300000000000001,0,4,3,1,0.715026693418622,,469.8
5145,-4.300000000000001,0,4,3,1,0.715026693418622,,469.8
5146,-4.300000000000001,0,4,3,1,0.715026693418622,,469.9
5147,-2.3000000000000003,0,4,3,1,0.715026693418622,,470.0
5148,-2.3000000000000003,0,4,3,1,0.715026693418622,,470.1
5149,-4.300000000000001,0,4,3,1,0.715026693418622,,470.1
5150,-4.300000000000001,0,4,3,1,0.715026693418622,,470.2
5151,5.7,1,4,3,1,0.715026693418622,,470.2
5152,-5.6000000000000005,0,6,3,1,0.715026693418622,,470.3
5153,-0.30000000000000004,0,4,3,1,0.715026693418622,,470.4
5154,-4.300000000000001,0,4,3,1,0.715026693418622,,470.4
5155,-4.300000000000001,0,4,3,1,0.715026693418622,,470.5
5156,-4.300000000000001,0,4,3,1,0.715026693418622,,470.5
5157,-2.3000000000000003,0,4,3,1,0.715026693418622,,470.6
5158,-4.300000000000001,0,4,3,1,0.715026693418622,,470.7
5159,-0.30000000000000004,0,4,3,1,0.715026693418622,,470.8
5160,-4.300000000000001,0,4,3,1,0.715026693418622,,470.8
5161,-0.30000000000000004,0,4,3,1,0.715026693418622,,470.9
5162,-4.300000000000001,0,4,3,1,0.715026693418622,,471.0
5163,5.7,1,4,3,1,0.715026693418622,,471.0
5164,-3.6000000000000005,0,6,3,1,0.715026693418622,,471.1
5165,5.7,1,4,3,1,0.715026693418622,,471.2
5166,-4.300000000000001,0,4,3,1,0.715026693418622,,471.3
5167,-5.4,0,5,4,1,0.715026693418622,,471.4
5168,-3.6000000000000005,0,6,3,1,0.715026693418622,,471.5
5169,-0.30000000000000004,0,4,3,1,0.715026693418622,,471.5
5170,-4.300000000000001,0,4,3,1,0.715026693418622,,471.6
5171,-4.300000000000001,0,4,3,1,0.715026693418622,,471.7
5172,-0.30000000000000004,0,4,3,1,0.715026693418622,,471.8
5173,-2.3000000000000003,0,4,3,1,0.715026693418622,,471.8
5174,-4.300000000000001,0,4,3,1,0.715026693418622,,471.9
5175,-4.300000000000001,0,4,3,1,0.715026693418622,,471.9
5176,-4.300000000000001,0,4,3,1,0.715026693418622,,472.0
5177,-4.300000000000001,0,4,3,1,0.715026693418622,,472.1
5178,-4.300000000000001,0,4,3,1,0.715026693418622,,472.1
5179,-4.300000000000001,0,4,3,1,0.715026693418622,,472.2
5180,-3.6,0,6,3,1,0.715026693418622,,472.3
5181,-2.3000000000000003,0,4,3,1,0.715026693418622,,472.4
5182,-4.300000000000001,0,4,3,1,0.715026693418622,,472.4
5183,-4.300000000000001,0,4,3,1,0.715026693418622,,472.5
5184,-4.300000000000001,0,4,3,1,0.715026693418622,,472.5
5185,-4.300000000000001,0,4,3,1,0.715026693418622,,472.6
5186,-4.300000000000001,0,4,3,1,0.715026693418622,,472.7
5187,-4.300000000000001,0,4,3,1,0.715026693418622,,472.8
5188,-2.3000000000000003,0,4,3,1,0.715026693418622,,472.9
5189,-4.300000000000001,0,4,3,1,0.715026693418622,,472.9
5190,-4.300000000000001,0,4,3,1,0.715026693418622,,473.0
5191,-4.300000000000001,0,4,3,1,0.715026693418622,,473.0
5192,-0.30000000000000004,0,4,3,1,0.715026693418622,,473.1
5193,-4.300000000000001,0,4,3,1,0.715026693418622,,473.2
5194,-4.300000000000001,0,4,3,1,0.715026693418622,,473.3
5195,-4.300000000000001,0,4,3,1,0.715026693418622,,473.3
5196,5.7,1,4,3,1,0.715026693418622,,473.4
5197,-0.30000000000000004,0,4,3,1,0.715026693418622,,473.4
5198,-4.300000000000001,0,4,3,1,0.715026693418622,,473.5
5199,-4.300000000000001,0,4,3,1,0.715026693418622,,473.6
5200,-4.300000000000001,0,4,3,1,0.715026693418622,,473.6
5201,-4.300000000000001,0,4,3,1,0.715026693418622,,473.7
5202,-2.3000000000000003,0,4,3,1,0.715026693418622,,473.7
5203,-4.300000000000001,0,4,3,1,0.715026693418622,,473.8
5204,-4.300000000000001,0,4,3,1,0.715026693418622,,473.9
5205,5.7,1,4,3,1,0.715026693418622,,474.0
5206,-4.300000000000001,0,4,3,1,0.715026693418622,,474.0
5207,-4.300000000000001,0,4,3,1,0.715026693418622,,474.1
5208,5.7,1,4,3,1,0.715026693418622,,474.1
5209,5.7,1,4,3,1,0.715026693418622,,474.2
5210,-4.300000000000001,0,4,3,1,0.715026693418622,,474.3
5211,-0.6000000000000001,0,6,3,1,0.715026693418622,,474.4
5212,-2.3000000000000003,0,4,3,1,0.715026693418622,,474.4
5213,-4.300000000000001,0,4,3,1,0.715026693418622,,474.5
5214,-4.300000000000001,0,4,3,1,0.715026693418622,,474.6
5215,-4.300000000000001,0,4,3,1,0.715026693418622,,474.6
5216,-1.6,0,6,3,1,0.715026693418622,,474.7
5217,-3.6000000000000005,0,6,3,1,0.715026693418622,,474.8
5218,-4.300000000000001,0,4,3,1,0.715026693418622,,474.9
5219,-4.300000000000001,0,4,3,1,0.715026693418622,,475.0
5220,-4.300000000000001,0,4,3,1,0.715026693418622,,475.0
5221,-4.300000000000001,0,4,3,1,0.715026693418622,,475.1
5222,-4.300000000000001,0,4,3,1,0.715026693418622,,475.2
5223,-2.3000000000000003,0,4,3,1,0.715026693418622,,475.3
5224,-0.6000000000000001,0,6,3,1,0.715026693418622,,475.4
5225,-5.6000000000000005,0,6,3,1,0.715026693418622,,475.5
5226,-0.30000000000000004,0,4,3,1,0.715026693418622,,475.6
5227,-4.300000000000001,0,4,3,1,0.715026693418622,,475.7
5228,-4.300000000000001,0,4,3,1,0.715026693418622,,475.8
5229,-4.300000000000001,0,4,3,1,0.715026693418622,,475.9
5230,-4.300000000000001,0,4,3,1,0.715026693418622,,476.0
5231,-2.3000000000000003,0,4,3,1,0.715026693418622,,476.0
5232,-5.6000000000000005,0,6,3,1,0.715026693418622,,476.1
5233,-4.300000000000001,0,4,3,1,0.715026693418622,,476.2
5234,-0.30000000000000004,0,4,3,1,0.715026693418622,,476.3
5235,-4.300000000000001,0,4,3,1,0.715026693418622,,476.3
5236,-4.300000000000001,0,4,3,1,0.715026693418622,,476.4
5237,-4.300000000000001,0,4,3,1,0.715026693418622,,476.5
5238,-2.3000000000000003,0,4,3,1,0.715026693418622,,476.5
5239,-2.3000000000000003,0,4,3,1,0.715026693418622,,476.6
5240,-2.3000000000000003,0,4,3,1,0.715026693418622,,476.7
5241,5.7,1,4,3,1,0.715026693418622,,476.8
5242,-4.300000000000001,0,4,3,1,0.715026693418622,,476.8
5243,-4.300000000000001,0,4,3,1,0.715026693418622,,476.9
5244,-4.300000000000001,0,4,3,1,0.715026693418622,,477.0
5245,-3.6000000000000005,0,6,3,1,0.715026693418622,,477.1
5246,-0.30000000000000004,0,4,3,1,0.715026693418622,,477.1
5247,-4.300000000000001,0,4,3,1,0.715026693418622,,477.2
5248,-4.300000000000001,0,4,3,1,0.715026693418622,,477.3
5249,-1.4000000000000001,0,5,4,1,0.715026693418622,,477.4
5250,-4.300000000000001,0,4,3,1,0.715026693418622,,477.4
5251,-4.300000000000001,0,4,3,1,0.715026693418622,,477.5
5252,-4.300000000000001,0,4,3,1,0.715026693418622,,477.5
5253,5.7,1,4,3,1,0.715026693418622,,477.6
5254,-4.300000000000001,0,4,3,1,0.715026693418622,,477.6
5255,-5.6000000000000005,0,6,3,1,0.715026693418622,,477.7
5256,-2.3000000000000003,0,4,3,1,0.715026693418622,,477.8
5257,-4.300000000000001,0,4,3,1,0.715026693418622,,477.8
5258,-4.300000000000001,0,4,3,1,0.715026693418622,,477.9
5259,-4.300000000000001,0,4,3,1,0.715026693418622,,478.0
5260,-4.300000000000001,0,4,3,1,0.715026693418622,,478.0
5261,-4.300000000000001,0,4,3,1,0.715026693418622,,478.1
5262,-4.300000000000001,0,4,3,1,0.715026693418622,,478.1
5263,-0.30000000000000004,0,4,3,1,0.715026693418622,,478.2
5264,-4.300000000000001,0,4,3,1,0.715026693418622,,478.2
5265,-4.300000000000001,0,4,3,1,0.715026693418622,,478.3
5266,-4.300000000000001,0,4,3,1,0.715026693418622,,478.3
5267,-4.300000000000001,0,4,3,1,0.715026693418622,,478.4
5268,-0.30000000000000004,0,4,3,1,0.715026693418622,,478.5
5269,-4.300000000000001,0,4,3,1,0.715026693418622,,478.6
5270,-4.300000000000001,0,4,3,1,0.715026693418622,,478.7
5271,-4.6,0,6,3,1,0.715026693418622,,478.7
5272,-4.300000000000001,0,4,3,1,0.715026693418622,,478.8
5273,-4.300000000000001,0,4,3,1,0.715026693418622,,478.9
5274,-0.30000000000000004,0,4,3,1,0.715026693418622,,479.0
5275,-4.300000000000001,0,4,3,1,0.715026693418622,,479.0
5276,-0.30000000000000004,0,4,3,1,0.715026693418622,,479.1
5277,-4.300000000000001,0,4,3,1,0.715026693418622,,479.2
5278,-4.300000000000001,0,4,3,1,0.715026693418622,,479.2
5279,5.7,1,4,3,1,0.715026693418622,,479.3
5280,-4.300000000000001,0,4,3,1,0.715026693418622,,479.3
5281,-0.30000000000000004,0,4,3,1,0.715026693418622,,479.4
5282,-4.300000000000001,0,4,3,1,0.715026693418622,,479.5
5283,-2.3000000000000003,0,4,3,1,0.715026693418622,,479.5
5284,-4.300000000000001,0,4,3,1,0.715026693418622,,479.6
5285,-2.3000000000000003,0,4,3,1,0.715026693418622,,479.7
5286,-4.300000000000001,0,4,3,1,0.715026693418622,,479.8
5287,-4.300000000000001,0,4,3,1,0.715026693418622,,479.9
5288,-4.300000000000001,0,4,3,1,0.715026693418622,,479.9
5289,-4.300000000000001,0,4,3,1,0.715026693418622,,480.0
5290,-4.300000000000001,0,4,3,1,0.715026693418622,,480.1
5291,-4.300000000000001,0,4,3,1,0.715026693418622,,480.1
5292,-4.300000000000001,0,4,3,1,0.715026693418622,,480.2
5293,-2.3000000000000003,0,4,3,1,0.715026693418622,,480.2
5294,-4.300000000000001,0,4,3,1,0.715026693418622,,480.3
5295,-4.6,0,6,3,1,0.715026693418622,,480.3
5296,5.7,1,4,3,1,0.715026693418622,,480.4
5297,-2.3000000000000003,0,4,3,1,0.715026693418622,,480.5
5298,-4.300000000000001,0,4,3,1,0.715026693418622,,480.6
5299,-2.3000000000000003,0,4,3,1,0.715026693418622,,480.6
5300,-4.300000000000001,0,4,3,1,0.715026693418622,,480.7
5301,-2.3000000000000003,0,4,3,1,0.715026693418622,,480.8
5302,-4.300000000000001,0,4,3,1,0.715026693418622,,480.9
5303,-2.6,0,6,3,1,0.715026693418622,,481.0
5304,5.7,1,4,3,1,0.715026693418622,,481.0
5305,-0.30000000000000004,0,4,3,1,0.715026693418622,,481.1
5306,-4.300000000000001,0,4,3,1,0.715026693418622,,481.1
5307,-4.300000000000001,0,4,3,1,0.715026693418622,,481.2
5308,-4.300000000000001,0,4,3,1,0.715026693418622,,481.3
5309,-4.300000000000001,0,4,3,1,0.715026693418622,,481.4
5310,-0.30000000000000004,0,4,3,1,0.715026693418622,,481.4
5311,5.7,1,4,3,1,0.715026693418622,,481.5
5312,-0.30000000000000004,0,4,3,1,0.715026693418622,,481.5
5313,-4.300000000000001,0,4,3,1,0.715026693418622,,481.6
5314,-4.300000000000001,0,4,3,1,0.715026693418622,,481.7
5315,-4.300000000000001,0,4,3,1,0.715026693418622,,481.8
5316,-4.300000000000001,0,4,3,1,0.715026693418622,,481.8
5317,-4.300000000000001,0,4,3,1,0.715026693418622,,481.8
5318,-4.300000000000001,0,4,3,1,0.715026693418622,,481.9
5319,-4.300000000000001,0,4,3,1,0.715026693418622,,482.0
5320,-5.6000000000000005,0,6,3,1,0.715026693418622,,482.1
5321,-4.300000000000001,0,4,3,1,0.715026693418622,,482.2
5322,-4.300000000000001,0,4,3,1,0.715026693418622,,482.2
5323,-4.300000000000001,0,4,3,1,0.715026693418622,,482.3
5324,-0.30000000000000004,0,4,3,1,0.715026693418622,,482.3
5325,-2.6,0,6,3,1,0.715026693418622,,482.4
5326,-4.300000000000001,0,4,3,1,0.715026693418622,,482.5
5327,-0.30000000000000004,0,4,3,1,0.715026693418622,,482.6
5328,-4.300000000000001,0,4,3,1,0.715026693418622,,482.7
5329,-4.300000000000001,0,4,3,1,0.715026693418622,,482.7
5330,-0.30000000000000004,0,4,3,1,0.715026693418622,,482.8
5331,-2.3000000000000003,0,4,3,1,0.715026693418622,,482.9
5332,-0.30000000000000004,0,4,3,1,0.715026693418622,,482.9
5333,-0.30000000000000004,0,4,3,1,0.715026693418622,,483.0
5334,-2.3000000000000003,0,4,3,1,0.715026693418622,,483.1
5335,-4.300000000000001,0,4,3,1,0.715026693418622,,483.1
5336,-4.300000000000001,0,4,3,1,0.715026693418622,,483.2
5337,-2.3000000000000003,0,4,3,1,0.715026693418622,,483.3
5338,-2.3000000000000003,0,4,3,1,0.715026693418622,,483.4
5339,5.7,1,4,3,1,0.715026693418622,,483.5
5340,-0.30000000000000004,0,4,3,1,0.715026693418622,,483.6
5341,-2.3000000000000003,0,4,3,1,0.715026693418622,,483.7
5342,-4.300000000000001,0,4,3,1,0.715026693418622,,483.7
5343,-4.300000000000001,0,4,3,1,0.715026693418622,,483.7
5344,-4.300000000000001,0,4,3,1,0.715026693418622,,483.8
5345,-4.300000000000001,0,4,3,1,0.715026693418622,,483.9
5346,-4.300000000000001,0,4,3,1,0.715026693418622,,483.9
5347,-4.300000000000001,0,4,3,1,0.715026693418622,,484.0
5348,-2.3000000000000003,0,4,3,1,0.715026693418622,,484.0
5349,-4.300000000000001,0,4,3,1,0.715026693418622,,484.1
5350,-4.300000000000001,0,4,3,1,0.715026693418622,,484.1
5351,-4.300000000000001,0,4,3,1,0.715026693418622,,484.2
5352,5.7,1,4,3,1,0.715026693418622,,484.3
5353,-4.300000000000001,0,4,3,1,0.715026693418622,,484.3
5354,-4.300000000000001,0,4,3,1,0.715026693418622,,484.4
5355,-0.30000000000000004,0,4,3,1,0.715026693418622,,484.4
5356,-0.30000000000000004,0,4,3,1,0.715026693418622,,484.5
5357,-4.300000000000001,0,4,3,1,0.715026693418622,,484.6
5358,5.7,1,4,3,1,0.715026693418622,,484.7
5359,-4.300000000000001,0,4,3,1,0.715026693418622,,484.7
5360,-4.300000000000001,0,4,3,1,0.715026693418622,,484.8
5361,-4.300000000000001,0,4,3,1,0.715026693418622,,484.8
5362,-4.300000000000001,0,4,3,1,0.715026693418622,,484.9
5363,-4.300000000000001,0,4,3,1,0.715026693418622,,485.0
5364,-4.300000000000001,0,4,3,1,0.715026693418622,,485.0
5365,-4.300000000000001,0,4,3,1,0.715026693418622,,485.1
5366,-2.3000000000000003,0,4,3,1,0.715026693418622,,485.2
5367,-2.3000000000000003,0,4,3,1,0.715026693418622,,485.2
5368,-4.300000000000001,0,4,3,1,0.715026693418622,,485.3
5369,-4.300000000000001,0,4,3,1,0.715026693418622,,485.4
5370,-4.300000000000001,0,4,3,1,0.715026693418622,,485.5
5371,-5.6000000000000005,0,6,3,1,0.715026693418622,,485.5
5372,-0.30000000000000004,0,4,3,1,0.715026693418622,,485.6
5373,5.7,1,4,3,1,0.715026693418622,,485.6
5374,-4.300000000000001,0,4,3,1,0.715026693418622,,485.7
5375,-0.30000000000000004,0,4,3,1,0.715026693418622,,485.8
5376,-0.30000000000000004,0,4,3,1,0.715026693418622,,485.8
5377,-0.30000000000000004,0,4,3,1,0.715026693418622,,485.9
5378,-0.30000000000000004,0,4,3,1,0.715026693418622,,485.9
5379,-4.300000000000001,0,4,3,1,0.715026693418622,,486.0
5380,-2.3000000000000003,0,4,3,1,0.715026693418622,,486.1
5381,-4.6000000000000005,0,6,3,1,0.715026693418622,,486.1
5382,-5.4,0,5,4,1,0.715026693418622,,486.2
5383,-4.300000000000001,0,4,3,1,0.715026693418622,,486.2
5384,-4.300000000000001,0,4,3,1,0.715026693418622,,486.3
5385,-2.3000000000000003,0,4,3,1,0.715026693418622,,486.3
5386,5.7,1,4,3,1,0.715026693418622,,486.4
5387,-4.300000000000001,0,4,3,1,0.715026693418622,,486.5
5388,-4.300000000000001,0,4,3,1,0.715026693418622,,486.6
5389,-2.3000000000000003,0,4,3,1,0.715026693418622,,486.6
5390,-4.300000000000001,0,4,3,1,0.715026693418622,,486.7
5391,-4.300000000000001,0,4,3,1,0.715026693418622,,486.8
5392,-4.300000000000001,0,4,3,1,0.715026693418622,,486.9
5393,-4.300000000000001,0,4,3,1,0.715026693418622,,487.0
5394,-4.300000000000001,0,4,3,1,0.715026693418622,,487.0
5395,-4.300000000000001,0,4,3,1,0.715026693418622,,487.1
5396,-4.300000000000001,0,4,3,1,0.715026693418622,,487.1
5397,-0.30000000000000004,0,4,3,1,0.715026693418622,,487.2
5398,-4.300000000000001,0,4,3,1,0.715026693418622,,487.3
5399,-4.300000000000001,0,4,3,1,0.715026693418622,,487.4
5400,-4.300000000000001,0,4,3,1,0.715026693418622,,487.5
5401,-4.300000000000001,0,4,3,1,0.715026693418622,,487.5
5402,-4.300000000000001,0,4,3,1,0.715026693418622,,487.6
5403,-0.30000000000000004,0,4,3,1,0.715026693418622,,487.6
5404,-4.300000000000001,0,4,3,1,0.715026693418622,,487.7
5405,-4.300000000000001,0,4,3,1,0.715026693418622,,487.8
5406,-4.300000000000001,0,4,3,1,0.715026693418622,,487.8
5407,-2.3000000000000003,0,4,3,1,0.715026693418622,,487.9
5408,-2.3000000000000003,0,4,3,1,0.715026693418622,,487.9
5409,-4.300000000000001,0,4,3,1,0.715026693418622,,488.0
5410,-2.3000000000000003,0,4,3,1,0.715026693418622,,488.1
5411,-4.300000000000001,0,4,3,1,0.715026693418622,,488.2
5412,-4.300000000000001,0,4,3,1,0.715026693418622,,488.2
5413,-4.300000000000001,0,4,3,1,0.715026693418622,,488.3
5414,-7.200000000000001,0,10,3,1,0.715026693418622,,488.4
5415,-4.300000000000001,0,4,3,1,0.715026693418622,,488.4
5416,-4.300000000000001,0,4,3,1,0.715026693418622,,488.5
5417,-4.300000000000001,0,4,3,1,0.715026693418622,,488.6
5418,-2.3000000000000003,0,4,3,1,0.715026693418622,,488.6
5419,-4.300000000000001,0,4,3,1,0.715026693418622,,488.7
5420,-4.300000000000001,0,4,3,1,0.715026693418622,,488.7
5421,-5.4,0,5,4,1,0.715026693418622,,488.8
5422,-4.300000000000001,0,4,3,1,0.715026693418622,,488.9
5423,5.7,1,4,3,1,0.715026693418622,,489.0
5424,-4.300000000000001,0,4,3,1,0.715026693418622,,489.0
5425,-2.3000000000000003,0,4,3,1,0.715026693418622,,489.1
5426,5.7,1,4,3,1,0.715026693418622,,489.2
5427,-2.3000000000000003,0,4,3,1,0.715026693418622,,489.3
5428,-4.300000000000001,0,4,3,1,0.715026693418622,,489.3
5429,-4.300000000000001,0,4,3,1,0.715026693418622,,489.4
5430,-4.300000000000001,0,4,3,1,0.715026693418622,,489.5
5431,-2.3000000000000003,0,4,3,1,0.715026693418622,,489.5
5432,-0.30000000000000004,0,4,3,1,0.715026693418622,,489.6
5433,-4.300000000000001,0,4,3,1,0.715026693418622,,489.6
5434,-4.300000000000001,0,4,3,1,0.715026693418622,,489.7
5435,-4.300000000000001,0,4,3,1,0.715026693418622,,489.8
5436,-2.3000000000000003,0,4,3,1,0.715026693418622,,489.8
5437,-4.300000000000001,0,4,3,1,0.715026693418622,,489.9
5438,-4.300000000000001,0,4,3,1,0.715026693418622,,490.0
5439,-4.300000000000001,0,4,3,1,0.715026693418622,,490.0
5440,-2.3000000000000003,0,4,3,1,0.715026693418622,,490.1
5441,-4.300000000000001,0,4,3,1,0.715026693418622,,490.2
5442,-0.30000000000000004,0,4,3,1,0.715026693418622,,490.3
5443,-2.6,0,6,3,1,0.715026693418622,,490.4
5444,-4.300000000000001,0,4,3,1,0.715026693418622,,490.5
5445,-2.3000000000000003,0,4,3,1,0.715026693418622,,490.6
5446,5.7,1,4,3,1,0.715026693418622,,490.6
5447,-0.30000000000000004,0,4,3,1,0.715026693418622,,490.7
5448,-4.300000000000001,0,4,3,1,0.715026693418622,,490.7
5449,5.7,1,4,3,1,0.715026693418622,,490.8
5450,-4.300000000000001,0,4,3,1,0.715026693418622,,490.9
5451,-4.300000000000001,0,4,3,1,0.715026693418622,,490.9
5452,-0.30000000000000004,0,4,3,1,0.715026693418622,,491.0
5453,-4.300000000000001,0,4,3,1,0.715026693418622,,491.1
5454,-4.300000000000001,0,4,3,1,0.715026693418622,,491.1
5455,-4.300000000000001,0,4,3,1,0.715026693418622,,491.2
5456,-4.300000000000001,0,4,3,1,0.715026693418622,,491.3
5457,-4.300000000000001,0,4,3,1,0.715026693418622,,491.3
5458,-4.300000000000001,0,4,3,1,0.715026693418622,,491.4
5459,-4.6,0,6,3,1,0.715026693418622,,491.4
5460,-4.300000000000001,0,4,3,1,0.715026693418622,,491.5
5461,-5.6000000000000005,0,6,3,1,0.715026693418622,,491.6
5462,-4.300000000000001,0,4,3,1,0.715026693418622,,491.7
5463,-4.300000000000001,0,4,3,1,0.715026693418622,,491.7
5464,-4.300000000000001,0,4,3,1,0.715026693418622,,491.8
5465,-4.300000000000001,0,4,3,1,0.715026693418622,,491.9
5466,-4.300000000000001,0,4,3,1,0.715026693418622,,492.0
5467,-0.30000000000000004,0,4,3,1,0.715026693418622,,492.0
5468,-4.300000000000001,0,4,3,1,0.715026693418622,,492.1
5469,-4.300000000000001,0,4,3,1,0.715026693418622,,492.2
5470,-4.300000000000001,0,4,3,1,0.715026693418622,,492.3
5471,-0.30000000000000004,0,4,3,1,0.715026693418622,,492.4
5472,-0.30000000000000004,0,4,3,1,0.715026693418622,,492.4
5473,-4.300000000000001,0,4,3,1,0.715026693418622,,492.5
5474,-4.300000000000001,0,4,3,1,0.715026693418622,,492.6
5475,-5.6000000000000005,0,6,3,1,0.715026693418622,,492.7
5476,-0.30000000000000004,0,4,3,1,0.715026693418622,,492.8
5477,5.7,1,4,3,1,0.715026693418622,,492.8
5478,5.7,1,4,3,1,0.715026693418622,,492.9
5479,-4.300000000000001,0,4,3,1,0.715026693418622,,492.9
5480,-4.300000000000001,0,4,3,1,0.715026693418622,,493.0
5481,-4.300000000000001,0,4,3,1,0.715026693418622,,493.1
5482,5.7,1,4,3,1,0.715026693418622,,493.1
5483,-4.300000000000001,0,4,3,1,0.715026693418622,,493.2
5484,5.7,1,4,3,1,0.715026693418622,,493.2
5485,-4.300000000000001,0,4,3,1,0.715026693418622,,493.3
5486,-0.30000000000000004,0,4,3,1,0.715026693418622,,493.4
5487,-5.4,0,5,4,1,0.715026693418622,,493.5
5488,-0.30000000000000004,0,4,3,1,0.715026693418622,,493.5
5489,-2.3000000000000003,0,4,3,1,0.715026693418622,,493.6
5490,-4.300000000000001,0,4,3,1,0.715026693418622,,493.7
5491,-4.300000000000001,0,4,3,1,0.715026693418622,,493.7
5492,-4.300000000000001,0,4,3,1,0.715026693418622,,493.8
5493,5.7,1,4,3,1,0.715026693418622,,493.9
5494,-4.300000000000001,0,4,3,1,0.715026693418622,,494.0
5495,-4.300000000000001,0,4,3,1,0.715026693418622,,494.1
5496,-4.300000000000001,0,4,3,1,0.715026693418622,,494.1
5497,-4.300000000000001,0,4,3,1,0.6615731292404234,1.4321266212500632,494.8
5498,-2.3000000000000003,0,4,3,1,0.6615731292404234,,494.9
5499,-2.3000000000000003,0,4,3,1,0.6615731292404234,,495.0
5500,-4.300000000000001,0,4,3,1,0.6615731292404234,,495.1
5501,-0.30000000000000004,0,4,3,1,0.6615731292404234,,500.0
5502,-4.300000000000001,0,4,3,1,0.6615731292404234,,500.1
5503,-5.6000000000000005,0,6,3,1,0.6615731292404234,,500.2
5504,-4.300000000000001,0,4,3,1,0.6615731292404234,,500.3
5505,-4.300000000000001,0,4,3,1,0.6615731292404234,,500.4
5506,-2.3000000000000003,0,4,3,1,0.6615731292404234,,500.5
5507,-2.3000000000000003,0,4,3,1,0.6615731292404234,,500.6
5508,-4.300000000000001,0,4,3,1,0.6615731292404234,,500.7
5509,-4.300000000000001,0,4,3,1,0.6615731292404234,,500.7
5510,-4.300000000000001,0,4,3,1,0.6615731292404234,,500.8
5511,5.7,1,4,3,1,0.6615731292404234,,500.9
5512,-2.3000000000000003,0,4,3,1,0.6615731292404234,,500.9
5513,-2.3000000000000003,0,4,3,1,0.6615731292404234,,501.0
5514,-2.3000000000000003,0,4,3,1,0.6615731292404234,,501.1
5515,-4.300000000000001,0,4,3,1,0.6615731292404234,,501.2
5516,-4.300000000000001,0,4,3,1,0.6615731292404234,,501.2
5517,-4.300000000000001,0,4,3,1,0.6615731292404234,,501.3
5518,-2.3000000000000003,0,4,3,1,0.6615731292404234,,501.4
5519,-4.300000000000001,0,4,3,1,0.6615731292404234,,501.4
5520,-2.3000000000000003,0,4,3,1,0.6615731292404234,,501.5
5521,5.7,1,4,3,1,0.6615731292404234,,501.6
5522,-4.300000000000001,0,4,3,1,0.6615731292404234,,501.6
5523,-4.300000000000001,0,4,3,1,0.6615731292404234,,501.7
5524,-2.3000000000000003,0,4,3,1,0.6615731292404234,,501.8
5525,-0.30000000000000004,0,4,3,1,0.6615731292404234,,501.9
5526,-4.300000000000001,0,4,3,1,0.6615731292404234,,501.9
5527,-4.300000000000001,0,4,3,1,0.6615731292404234,,502.0
5528,-4.300000000000001,0,4,3,1,0.6615731292404234,,502.1
5529,-4.300000000000001,0,4,3,1,0.6615731292404234,,502.1
5530,-4.300000000000001,0,4,3,1,0.6615731292404234,,502.2
5531,-4.300000000000001,0,4,3,1,0.6615731292404234,,502.3
5532,-4.300000000000001,0,4,3,1,0.6615731292404234,,502.3
5533,-1.4000000000000001,0,5,4,1,0.6615731292404234,,502.3
5534,-4.300000000000001,0,4,3,1,0.6615731292404234,,502.4
5535,-4.300000000000001,0,4,3,1,0.6615731292404234,,502.5
5536,-4.300000000000001,0,4,3,1,0.6615731292404234,,502.6
5537,-4.300000000000001,0,4,3,1,0.6615731292404234,,502.6
5538,-2.3000000000000003,0,4,3,1,0.6615731292404234,,502.7
5539,-2.3000000000000003,0,4,3,1,0.6615731292404234,,502.7
5540,-2.3000000000000003,0,4,3,1,0.6615731292404234,,502.8
5541,-4.300000000000001,0,4,3,1,0.6615731292404234,,502.8
5542,5.7,1,4,3,1,0.6615731292404234,,502.9
5543,-5.6000000000000005,0,6,3,1,0.6615731292404234,,503.0
5544,-4.300000000000001,0,4,3,1,0.6615731292404234,,503.1
5545,-4.300000000000001,0,4,3,1,0.6615731292404234,,503.1
5546,5.7,1,4,3,1,0.6615731292404234,,503.1
5547,-4.300000000000001,0,4,3,1,0.6615731292404234,,503.2
5548,-4.300000000000001,0,4,3,1,0.6615731292404234,,503.3
5549,-4.300000000000001,0,4,3,1,0.6615731292404234,,503.4
5550,5.7,1,4,3,1,0.6615731292404234,,503.5
5551,5.7,1,4,3,1,0.6615731292404234,,503.5
5552,-4.300000000000001,0,4,3,1,0.6615731292404234,,503.6
5553,-2.3000000000000003,0,4,3,1,0.6615731292404234,,503.7
5554,-4.300000000000001,0,4,3,1,0.6615731292404234,,503.7
5555,-2.3000000000000003,0,4,3,1,0.6615731292404234,,503.8
5556,-4.300000000000001,0,4,3,1,0.6615731292404234,,503.9
5557,-4.300000000000001,0,4,3,1,0.6615731292404234,,504.0
5558,5.7,1,4,3,1,0.6615731292404234,,504.0
5559,-0.30000000000000004,0,4,3,1,0.6615731292404234,,504.1
5560,-4.300000000000001,0,4,3,1,0.6615731292404234,,504.2
5561,-4.300000000000001,0,4,3,1,0.6615731292404234,,504.2
5562,-0.30000000000000004,0,4,3,1,0.6615731292404234,,504.3
5563,-2.6,0,6,3,1,0.6615731292404234,,504.3
5564,-0.30000000000000004,0,4,3,1,0.6615731292404234,,504.4
5565,-4.300000000000001,0,4,3,1,0.6615731292404234,,504.5
5566,-4.300000000000001,0,4,3,1,0.6615731292404234,,504.6
5567,-4.300000000000001,0,4,3,1,0.6615731292404234,,504.7
5568,-4.300000000000001,0,4,3,1,0.6615731292404234,,504.8
5569,5.7,1,4,3,1,0.6615731292404234,,504.8
5570,5.7,1,4,3,1,0.6615731292404234,,504.9
5571,-5.4,0,5,4,1,0.6615731292404234,,504.9
5572,-4.300000000000001,0,4,3,1,0.6615731292404234,,505.0
5573,-0.30000000000000004,0,4,3,1,0.6615731292404234,,505.1
5574,-2.3000000000000003,0,4,3,1,0.6615731292404234,,505.2
5575,-4.300000000000001,0,4,3,1,0.6615731292404234,,505.2
5576,-4.300000000000001,0,4,3,1,0.6615731292404234,,505.3
5577,-0.30000000000000004,0,4,3,1,0.6615731292404234,,505.4
5578,-4.300000000000001,0,4,3,1,0.6615731292404234,,505.4
5579,-4.300000000000001,0,4,3,1,0.6615731292404234,,505.5
5580,-0.30000000000000004,0,4,3,1,0.6615731292404234,,505.5
5581,-4.300000000000001,0,4,3,1,0.6615731292404234,,505.6
5582,-4.300000000000001,0,4,3,1,0.6615731292404234,,505.7
5583,5.7,1,4,3,1,0.6615731292404234,,505.7
5584,-2.3000000000000003,0,4,3,1,0.6615731292404234,,505.8
5585,-4.300000000000001,0,4,3,1,0.6615731292404234,,505.9
5586,-2.3000000000000003,0,4,3,1,0.6615731292404234,,506.0
5587,-4.300000000000001,0,4,3,1,0.6615731292404234,,506.1
5588,-4.300000000000001,0,4,3,1,0.6615731292404234,,506.1
5589,5.7,1,4,3,1,0.6615731292404234,,506.2
5590,-4.300000000000001,0,4,3,1,0.6615731292404234,,506.2
5591,-4.300000000000001,0,4,3,1,0.6615731292404234,,506.3
5592,-4.300000000000001,0,4,3,1,0.6615731292404234,,506.4
5593,-2.3000000000000003,0,4,3,1,0.6615731292404234,,506.4
5594,-4.300000000000001,0,4,3,1,0.6615731292404234,,506.5
5595,-4.300000000000001,0,4,3,1,0.6615731292404234,,506.6
5596,5.7,1,4,3,1,0.6615731292404234,,506.6
5597,-0.30000000000000004,0,4,3,1,0.6615731292404234,,506.7
5598,-4.300000000000001,0,4,3,1,0.6615731292404234,,506.7
5599,-4.300000000000001,0,4,3,1,0.6615731292404234,,506.8
5600,-0.30000000000000004,0,4,3,1,0.6615731292404234,,506.9
5601,-4.300000000000001,0,4,3,1,0.6615731292404234,,506.9
5602,-2.3000000000000003,0,4,3,1,0.6615731292404234,,507.0
5603,-4.300000000000001,0,4,3,1,0.6615731292404234,,507.0
5604,-4.6,0,6,3,1,0.6615731292404234,,507.1
5605,-4.300000000000001,0,4,3,1,0.6615731292404234,,507.2
5606,-2.3000000000000003,0,4,3,1,0.6615731292404234,,507.3
5607,-0.30000000000000004,0,4,3,1,0.6615731292404234,,507.3
5608,-4.300000000000001,0,4,3,1,0.6615731292404234,,507.4
5609,-4.300000000000001,0,4,3,1,0.6615731292404234,,507.4
5610,-2.3000000000000003,0,4,3,1,0.6615731292404234,,507.5
5611,-4.300000000000001,0,4,3,1,0.6615731292404234,,507.6
5612,-5.6000000000000005,0,6,3,1,0.6615731292404234,,507.7
5613,-4.300000000000001,0,4,3,1,0.6615731292404234,,507.7
5614,-4.300000000000001,0,4,3,1,0.6615731292404234,,507.7
5615,-4.300000000000001,0,4,3,1,0.6615731292404234,,507.8
5616,-2.3000000000000003,0,4,3,1,0.6615731292404234,,507.9
5617,-3.6000000000000005,0,6,3,1,0.6615731292404234,,507.9
5618,-4.300000000000001,0,4,3,1,0.6615731292404234,,508.0
5619,-2.3000000000000003,0,4,3,1,0.6615731292404234,,508.1
5620,-4.300000000000001,0,4,3,1,0.6615731292404234,,508.2
5621,-2.3000000000000003,0,4,3,1,0.6615731292404234,,508.2
5622,-5.200000000000001,0,10,3,1,0.6615731292404234,,508.3
5623,-4.300000000000001,0,4,3,1,0.6615731292404234,,508.4
5624,-2.3000000000000003,0,4,3,1,0.6615731292404234,,508.4
5625,-4.300000000000001,0,4,3,1,0.6615731292404234,,508.5
5626,-4.300000000000001,0,4,3,1,0.6615731292404234,,508.6
5627,-4.300000000000001,0,4,3,1,0.6615731292404234,,508.6
5628,-2.3000000000000003,0,4,3,1,0.6615731292404234,,508.7
5629,-4.300000000000001,0,4,3,1,0.6615731292404234,,508.8
5630,-4.300000000000001,0,4,3,1,0.6615731292404234,,508.9
5631,-4.300000000000001,0,4,3,1,0.6615731292404234,,508.9
5632,-4.300000000000001,0,4,3,1,0.6615731292404234,,509.0
5633,5.7,1,4,3,1,0.6615731292404234,,509.0
5634,-0.30000000000000004,0,4,3,1,0.6615731292404234,,509.1
5635,-4.300000000000001,0,4,3,1,0.6615731292404234,,509.1
5636,-4.300000000000001,0,4,3,1,0.6615731292404234,,509.2
5637,-4.300000000000001,0,4,3,1,0.6615731292404234,,509.2
5638,-4.300000000000001,0,4,3,1,0.6615731292404234,,509.3
5639,-4.300000000000001,0,4,3,1,0.6615731292404234,,509.4
5640,-4.300000000000001,0,4,3,1,0.6615731292404234,,509.5
5641,-4.300000000000001,0,4,3,1,0.6615731292404234,,509.6
5642,-2.3000000000000003,0,4,3,1,0.6615731292404234,,509.6
5643,5.7,1,4,3,1,0.6615731292404234,,509.7
5644,-4.300000000000001,0,4,3,1,0.6615731292404234,,509.8
5645,-4.300000000000001,0,4,3,1,0.6615731292404234,,509.9
5646,5.7,1,4,3,1,0.6615731292404234,,509.9
5647,-4.300000000000001,0,4,3,1,0.6615731292404234,,510.0
5648,-0.30000000000000004,0,4,3,1,0.6615731292404234,,510.0
5649,-4.300000000000001,0,4,3,1,0.6615731292404234,,510.1
5650,-4.300000000000001,0,4,3,1,0.6615731292404234,,510.2
5651,-2.3000000000000003,0,4,3,1,0.6615731292404234,,510.2
5652,-4.300000000000001,0,4,3,1,0.6615731292404234,,510.3
5653,-0.30000000000000004,0,4,3,1,0.6615731292404234,,510.3
5654,-2.3000000000000003,0,4,3,1,0.6615731292404234,,510.4
5655,-5.4,0,5,4,1,0.6615731292404234,,510.5
5656,-2.3000000000000003,0,4,3,1,0.6615731292404234,,510.5
5657,-2.3000000000000003,0,4,3,1,0.6615731292404234,,510.5
5658,-4.300000000000001,0,4,3,1,0.6615731292404234,,510.6
5659,-2.3000000000000003,0,4,3,1,0.6615731292404234,,510.7
5660,-2.3000000000000003,0,4,3,1,0.6615731292404234,,510.8
5661,-0.30000000000000004,0,4,3,1,0.6615731292404234,,510.8
5662,-4.300000000000001,0,4,3,1,0.6615731292404234,,510.9
5663,5.7,1,4,3,1,0.6615731292404234,,510.9
5664,-2.3000000000000003,0,4,3,1,0.6615731292404234,,511.0
5665,-0.30000000000000004,0,4,3,1,0.6615731292404234,,511.1
5666,-4.300000000000001,0,4,3,1,0.6615731292404234,,511.2
5667,-4.300000000000001,0,4,3,1,0.6615731292404234,,511.2
5668,-4.300000000000001,0,4,3,1,0.6615731292404234,,511.2
5669,-4.300000000000001,0,4,3,1,0.6615731292404234,,511.3
5670,-4.300000000000001,0,4,3,1,0.6615731292404234,,511.3
5671,-4.300000000000001,0,4,3,1,0.6615731292404234,,511.4
5672,-4.300000000000001,0,4,3,1,0.6615731292404234,,511.5
5673,-4.300000000000001,0,4,3,1,0.6615731292404234,,511.6
5674,-2.3000000000000003,0,4,3,1,0.6615731292404234,,511.6
5675,-2.3000000000000003,0,4,3,1,0.6615731292404234,,511.7
5676,-4.300000000000001,0,4,3,1,0.6615731292404234,,511.8
5677,-0.30000000000000004,0,4,3,1,0.6615731292404234,,511.9
5678,5.7,1,4,3,1,0.6615731292404234,,511.9
5679,-0.30000000000000004,0,4,3,1,0.6615731292404234,,512.0
5680,-0.30000000000000004,0,4,3,1,0.6615731292404234,,512.0
5681,-4.300000000000001,0,4,3,1,0.6615731292404234,,512.1
5682,-4.300000000000001,0,4,3,1,0.6615731292404234,,512.2
5683,-2.3000000000000003,0,4,3,1,0.6615731292404234,,512.2
5684,-2.3000000000000003,0,4,3,1,0.6615731292404234,,512.3
5685,-2.3000000000000003,0,4,3,1,0.6615731292404234,,512.4
5686,-0.30000000000000004,0,4,3,1,0.6615731292404234,,512.5
5687,5.7,1,4,3,1,0.6615731292404234,,512.5
5688,5.7,1,4,3,1,0.6615731292404234,,512.5
5689,-4.300000000000001,0,4,3,1,0.6615731292404234,,512.6
5690,-4.300000000000001,0,4,3,1,0.6615731292404234,,512.7
5691,-2.3000000000000003,0,4,3,1,0.6615731292404234,,512.7
5692,-4.300000000000001,0,4,3,1,0.6615731292404234,,512.8
5693,-2.3000000000000003,0,4,3,1,0.6615731292404234,,512.9
5694,5.7,1,4,3,1,0.6615731292404234,,512.9
5695,-4.300000000000001,0,4,3,1,0.6615731292404234,,513.0
5696,5.7,1,4,3,1,0.6615731292404234,,513.1
5697,-4.300000000000001,0,4,3,1,0.6615731292404234,,513.1
5698,-4.300000000000001,0,4,3,1,0.6615731292404234,,513.2
5699,-4.300000000000001,0,4,3,1,0.6615731292404234,,513.3
5700,-4.300000000000001,0,4,3,1,0.6615731292404234,,513.4
5701,-4.300000000000001,0,4,3,1,0.6615731292404234,,513.4
5702,-4.300000000000001,0,4,3,1,0.6615731292404234,,513.4
5703,-4.300000000000001,0,4,3,1,0.6615731292404234,,513.5
5704,-4.300000000000001,0,4,3,1,0.6615731292404234,,513.6
5705,-4.300000000000001,0,4,3,1,0.6615731292404234,,513.6
5706,-4.300000000000001,0,4,3,1,0.6615731292404234,,513.7
5707,-4.300000000000001,0,4,3,1,0.6615731292404234,,513.8
5708,-4.300000000000001,0,4,3,1,0.6615731292404234,,513.9
5709,-2.3000000000000003,0,4,3,1,0.6615731292404234,,513.9
5710,-4.300000000000001,0,4,3,1,0.6615731292404234,,514.0
5711,-2.3000000000000003,0,4,3,1,0.6615731292404234,,514.1
5712,-2.3000000000000003,0,4,3,1,0.6615731292404234,,514.1
5713,-4.300000000000001,0,4,3,1,0.6615731292404234,,514.2
5714,-2.3000000000000003,0,4,3,1,0.6615731292404234,,514.3
5715,-2.3000000000000003,0,4,3,1,0.6615731292404234,,514.3
5716,-4.300000000000001,0,4,3,1,0.6615731292404234,,514.4
5717,-4.300000000000001,0,4,3,1,0.6615731292404234,,514.5
5718,-5.6000000000000005,0,6,3,1,0.6615731292404234,,514.6
5719,-0.6000000000000001,0,6,3,1,0.6615731292404234,,514.6
5720,5.7,1,4,3,1,0.6615731292404234,,514.7
5721,-4.300000000000001,0,4,3,1,0.6615731292404234,,514.7
5722,-4.300000000000001,0,4,3,1,0.6615731292404234,,514.8
5723,-4.300000000000001,0,4,3,1,0.6615731292404234,,514.8
5724,-4.300000000000001,0,4,3,1,0.6615731292404234,,514.9
5725,5.7,1,4,3,1,0.6615731292404234,,514.9
5726,-4.300000000000001,0,4,3,1,0.6615731292404234,,515.0
5727,-4.300000000000001,0,4,3,1,0.6615731292404234,,515.0
5728,-4.300000000000001,0,4,3,1,0.6615731292404234,,515.1
5729,-2.3000000000000003,0,4,3,1,0.6615731292404234,,515.2
5730,-4.300000000000001,0,4,3,1,0.6615731292404234,,515.2
5731,-0.30000000000000004,0,4,3,1,0.6615731292404234,,515.3
5732,-5.6000000000000005,0,6,3,1,0.6615731292404234,,515.4
5733,-4.300000000000001,0,4,3,1,0.6615731292404234,,515.4
5734,-4.300000000000001,0,4,3,1,0.6615731292404234,,515.5
5735,-4.300000000000001,0,4,3,1,0.6615731292404234,,515.6
5736,-4.300000000000001,0,4,3,1,0.6615731292404234,,515.7
5737,-0.30000000000000004,0,4,3,1,0.6615731292404234,,515.7
5738,-4.300000000000001,0,4,3,1,0.6615731292404234,,515.8
5739,-4.300000000000001,0,4,3,1,0.6615731292404234,,515.9
5740,-2.3000000000000003,0,4,3,1,0.6615731292404234,,515.9
5741,-4.300000000000001,0,4,3,1,0.6615731292404234,,516.0
5742,-2.3000000000000003,0,4,3,1,0.6615731292404234,,516.0
5743,-4.300000000000001,0,4,3,1,0.6615731292404234,,516.1
5744,-5.6000000000000005,0,6,3,1,0.6615731292404234,,516.1
5745,-4.300000000000001,0,4,3,1,0.6615731292404234,,516.2
5746,-0.30000000000000004,0,4,3,1,0.6615731292404234,,516.3
5747,-4.300000000000001,0,4,3,1,0.6615731292404234,,516.3
5748,-4.300000000000001,0,4,3,1,0.6615731292404234,,516.4
5749,-5.6000000000000005,0,6,3,1,0.6615731292404234,,516.5
5750,-2.3000000000000003,0,4,3,1,0.6615731292404234,,516.6
5751,-4.300000000000001,0,4,3,1,0.6615731292404234,,516.6
5752,-4.300000000000001,0,4,3,1,0.6615731292404234,,516.7
5753,-4.300000000000001,0,4,3,1,0.6615731292404234,,516.8
5754,-4.300000000000001,0,4,3,1,0.6615731292404234,,516.8
5755,-4.300000000000001,0,4,3,1,0.6615731292404234,,516.9
5756,-2.3000000000000003,0,4,3,1,0.6615731292404234,,516.9
5757,-4.300000000000001,0,4,3,1,0.6615731292404234,,517.0
5758,-2.3000000000000003,0,4,3,1,0.6615731292404234,,517.1
5759,-2.3000000000000003,0,4,3,1,0.6615731292404234,,517.2
5760,-2.3000000000000003,0,4,3,1,0.6615731292404234,,517.2
5761,-2.3000000000000003,0,4,3,1,0.6615731292404234,,517.2
5762,-4.300000000000001,0,4,3,1,0.6615731292404234,,517.3
5763,-4.300000000000001,0,4,3,1,0.6615731292404234,,517.3
5764,-0.30000000000000004,0,4,3,1,0.6615731292404234,,517.4
5765,-2.3000000000000003,0,4,3,1,0.6615731292404234,,517.4
5766,-4.300000000000001,0,4,3,1,0.6615731292404234,,517.5
5767,-0.30000000000000004,0,4,3,1,0.6615731292404234,,517.6
5768,-4.300000000000001,0,4,3,1,0.6615731292404234,,517.7
5769,-4.300000000000001,0,4,3,1,0.6615731292404234,,517.7
5770,-2.3000000000000003,0,4,3,1,0.6615731292404234,,517.8
5771,-4.300000000000001,0,4,3,1,0.6615731292404234,,517.9
5772,-4.300000000000001,0,4,3,1,0.6615731292404234,,517.9
5773,5.7,1,4,3,1,0.6615731292404234,,518.0
5774,-4.300000000000001,0,4,3,1,0.6615731292404234,,518.1
5775,-4.300000000000001,0,4,3,1,0.6615731292404234,,518.1
5776,-4.300000000000001,0,4,3,1,0.6615731292404234,,518.2
5777,-4.300000000000001,0,4,3,1,0.6615731292404234,,518.3
5778,5.7,1,4,3,1,0.6615731292404234,,518.3
5779,-4.300000000000001,0,4,3,1,0.6615731292404234,,518.4
5780,5.7,1,4,3,1,0.6615731292404234,,518.5
5781,-4.300000000000001,0,4,3,1,0.6615731292404234,,518.5
5782,-4.300000000000001,0,4,3,1,0.6615731292404234,,518.6
5783,-4.300000000000001,0,4,3,1,0.6615731292404234,,518.7
5784,-4.300000000000001,0,4,3,1,0.6615731292404234,,518.8
5785,-4.300000000000001,0,4,3,1,0.6615731292404234,,518.8
5786,-4.300000000000001,0,4,3,1,0.6615731292404234,,518.9
5787,-4.300000000000001,0,4,3,1,0.6615731292404234,,519.0
5788,-4.300000000000001,0,4,3,1,0.6615731292404234,,519.0
5789,-4.300000000000001,0,4,3,1,0.6615731292404234,,519.1
5790,-4.300000000000001,0,4,3,1,0.6615731292404234,,519.2
5791,-2.3000000000000003,0,4,3,1,0.6615731292404234,,519.3
5792,-4.300000000000001,0,4,3,1,0.6615731292404234,,519.4
5793,-2.3000000000000003,0,4,3,1,0.6615731292404234,,519.4
5794,-4.300000000000001,0,4,3,1,0.6615731292404234,,519.5
5795,-4.300000000000001,0,4,3,1,0.6615731292404234,,519.6
5796,-4.300000000000001,0,4,3,1,0.6615731292404234,,519.7
5797,-4.300000000000001,0,4,3,1,0.6615731292404234,,519.7
5798,-0.30000000000000004,0,4,3,1,0.6615731292404234,,519.8
5799,-4.300000000000001,0,4,3,1,0.6615731292404234,,519.8
5800,-4.300000000000001,0,4,3,1,0.6615731292404234,,519.9
5801,-4.300000000000001,0,4,3,1,0.6615731292404234,,520.0
5802,-4.300000000000001,0,4,3,1,0.6615731292404234,,520.0
5803,5.7,1,4,3,1,0.6615731292404234,,520.1
5804,-2.3000000000000003,0,4,3,1,0.6615731292404234,,520.2
5805,-2.3000000000000003,0,4,3,1,0.6615731292404234,,520.3
5806,-4.300000000000001,0,4,3,1,0.6615731292404234,,520.3
5807,-2.3000000000000003,0,4,3,1,0.6615731292404234,,520.4
5808,-4.300000000000001,0,4,3,1,0.6615731292404234,,520.4
5809,-4.300000000000001,0,4,3,1,0.6615731292404234,,520.5
5810,-4.300000000000001,0,4,3,1,0.6615731292404234,,520.6
5811,-4.300000000000001,0,4,3,1,0.6615731292404234,,520.6
5812,5.7,1,4,3,1,0.6615731292404234,,520.7
5813,-0.30000000000000004,0,4,3,1,0.6615731292404234,,520.8
5814,-4.300000000000001,0,4,3,1,0.6615731292404234,,520.8
5815,-0.30000000000000004,0,4,3,1,0.6615731292404234,,520.9
5816,-0.30000000000000004,0,4,3,1,0.6615731292404234,,520.9
5817,-2.3000000000000003,0,4,3,1,0.6615731292404234,,521.0
5818,-0.30000000000000004,0,4,3,1,0.6615731292404234,,521.0
5819,-4.6,0,6,3,1,0.6615731292404234,,521.1
5820,-4.300000000000001,0,4,3,1,0.6615731292404234,,521.2
5821,5.7,1,4,3,1,0.6615731292404234,,521.3
5822,-2.3000000000000003,0,4,3,1,0.6615731292404234,,521.4
5823,-2.3000000000000003,0,4,3,1,0.6615731292404234,,521.4
5824,-4.300000000000001,0,4,3,1,0.6615731292404234,,521.5
5825,-3.4000000000000004,0,5,4,1,0.6615731292404234,,521.6
5826,-2.3000000000000003,0,4,3,1,0.6615731292404234,,521.6
5827,-4.300000000000001,0,4,3,1,0.6615731292404234,,521.7
5828,-4.300000000000001,0,4,3,1,0.6615731292404234,,521.8
5829,-4.300000000000001,0,4,3,1,0.6615731292404234,,521.9
5830,-2.3000000000000003,0,4,3,1,0.6615731292404234,,522.0
5831,-2.3000000000000003,0,4,3,1,0.6615731292404234,,522.0
5832,-2.3000000000000003,0,4,3,1,0.6615731292404234,,522.1
5833,-4.300000000000001,0,4,3,1,0.6615731292404234,,522.2
5834,-4.300000000000001,0,4,3,1,0.6615731292404234,,522.2
5835,-4.300000000000001,0,4,3,1,0.6615731292404234,,522.3
5836,-2.3000000000000003,0,4,3,1,0.6615731292404234,,522.4
5837,-4.300000000000001,0,4,3,1,0.6615731292404234,,522.5
5838,-4.300000000000001,0,4,3,1,0.6615731292404234,,522.6
5839,-3.6,0,6,3,1,0.6615731292404234,,522.6
5840,-4.300000000000001,0,4,3,1,0.6615731292404234,,522.7
5841,-2.3000000000000003,0,4,3,1,0.6615731292404234,,522.8
5842,-4.300000000000001,0,4,3,1,0.6615731292404234,,522.8
5843,-4.300000000000001,0,4,3,1,0.6615731292404234,,522.9
5844,-4.300000000000001,0,4,3,1,0.6615731292404234,,523.0
5845,-0.30000000000000004,0,4,3,1,0.6615731292404234,,523.1
5846,-4.300000000000001,0,4,3,1,0.6615731292404234,,523.1
5847,-4.300000000000001,0,4,3,1,0.6615731292404234,,523.2
5848,-4.300000000000001,0,4,3,1,0.6615731292404234,,523.3
5849,-2.3000000000000003,0,4,3,1,0.6615731292404234,,523.3
5850,-2.3000000000000003,0,4,3,1,0.6615731292404234,,523.4
5851,-4.300000000000001,0,4,3,1,0.6615731292404234,,523.5
5852,-4.6,0,6,3,1,0.6615731292404234,,523.6
5853,-4.300000000000001,0,4,3,1,0.6615731292404234,,523.7
5854,-0.30000000000000004,0,4,3,1,0.6615731292404234,,523.7
5855,-4.300000000000001,0,4,3,1,0.6615731292404234,,523.8
5856,-4.300000000000001,0,4,3,1,0.6615731292404234,,523.9
5857,-4.300000000000001,0,4,3,1,0.6615731292404234,,523.9
5858,-4.300000000000001,0,4,3,1,0.6615731292404234,,524.0
5859,-4.6000000000000005,0,6,3,1,0.6615731292404234,,524.1
5860,-4.300000000000001,0,4,3,1,0.6615731292404234,,524.2
5861,-4.300000000000001,0,4,3,1,0.6615731292404234,,524.2
5862,-0.30000000000000004,0,4,3,1,0.6615731292404234,,524.3
5863,-4.300000000000001,0,4,3,1,0.6615731292404234,,524.4
5864,-4.300000000000001,0,4,3,1,0.6615731292404234,,524.4
5865,-4.300000000000001,0,4,3,1,0.6615731292404234,,524.5
5866,-4.300000000000001,0,4,3,1,0.6615731292404234,,524.6
5867,-4.300000000000001,0,4,3,1,0.6615731292404234,,524.7
5868,-4.300000000000001,0,4,3,1,0.6615731292404234,,524.7
5869,-4.300000000000001,0,4,3,1,0.6615731292404234,,524.8
5870,-4.300000000000001,0,4,3,1,0.6615731292404234,,524.8
5871,-4.300000000000001,0,4,3,1,0.6615731292404234,,524.9
5872,5.7,1,4,3,1,0.6615731292404234,,525.0
5873,-0.30000000000000004,0,4,3,1,0.6615731292404234,,525.0
5874,-4.300000000000001,0,4,3,1,0.6615731292404234,,525.1
5875,-4.300000000000001,0,4,3,1,0.6615731292404234,,525.2
5876,-4.300000000000001,0,4,3,1,0.6615731292404234,,525.3
5877,5.7,1,4,3,1,0.6615731292404234,,525.3
5878,-0.6000000000000001,0,6,3,1,0.6615731292404234,,525.4
5879,0.6000000000000001,0,5,4,1,0.6615731292404234,,525.5
5880,-0.30000000000000004,0,4,3,1,0.6615731292404234,,525.5
5881,-4.300000000000001,0,4,3,1,0.6615731292404234,,525.6
5882,-4.300000000000001,0,4,3,1,0.6615731292404234,,525.6
5883,-4.300000000000001,0,4,3,1,0.6615731292404234,,525.7
5884,5.7,1,4,3,1,0.6615731292404234,,525.8
5885,-4.300000000000001,0,4,3,1,0.6615731292404234,,525.9
5886,-2.3000000000000003,0,4,3,1,0.6615731292404234,,525.9
5887,-4.300000000000001,0,4,3,1,0.6615731292404234,,526.0
5888,-4.300000000000001,0,4,3,1,0.6615731292404234,,526.1
5889,-3.6,0,6,3,1,0.6615731292404234,,526.1
5890,-4.300000000000001,0,4,3,1,0.6615731292404234,,526.1
5891,-4.300000000000001,0,4,3,1,0.6615731292404234,,526.2
5892,-0.30000000000000004,0,4,3,1,0.6615731292404234,,526.2
5893,-2.3000000000000003,0,4,3,1,0.6615731292404234,,526.3
5894,-2.3000000000000003,0,4,3,1,0.6615731292404234,,526.4
5895,-2.6,0,6,3,1,0.6615731292404234,,526.5
5896,-4.300000000000001,0,4,3,1,0.6615731292404234,,526.5
5897,-4.300000000000001,0,4,3,1,0.6615731292404234,,526.6
5898,-2.3000000000000003,0,4,3,1,0.6615731292404234,,526.7
5899,-2.3000000000000003,0,4,3,1,0.6615731292404234,,526.7
5900,-5.6000000000000005,0,6,3,1,0.6615731292404234,,526.8
5901,5.7,1,4,3,1,0.6615731292404234,,526.9
5902,-0.30000000000000004,0,4,3,1,0.6615731292404234,,526.9
5903,-4.300000000000001,0,4,3,1,0.6615731292404234,,527.0
5904,-0.30000000000000004,0,4,3,1,0.6615731292404234,,527.1
5905,-4.300000000000001,0,4,3,1,0.6615731292404234,,527.1
5906,-2.3000000000000003,0,4,3,1,0.6615731292404234,,527.2
5907,-5.4,0,5,4,1,0.6615731292404234,,527.2
5908,5.7,1,4,3,1,0.6615731292404234,,527.3
5909,-4.300000000000001,0,4,3,1,0.6615731292404234,,527.3
5910,-4.300000000000001,0,4,3,1,0.6615731292404234,,527.4
5911,-4.300000000000001,0,4,3,1,0.6615731292404234,,527.5
5912,-0.30000000000000004,0,4,3,1,0.6615731292404234,,527.5
5913,-0.30000000000000004,0,4,3,1,0.6615731292404234,,527.6
5914,-2.3000000000000003,0,4,3,1,0.6615731292404234,,527.6
5915,-4.300000000000001,0,4,3,1,0.6615731292404234,,527.7
5916,-0.30000000000000004,0,4,3,1,0.6615731292404234,,527.7
5917,-4.6000000000000005,0,6,3,1,0.6615731292404234,,527.8
5918,-4.300000000000001,0,4,3,1,0.6615731292404234,,527.9
5919,-4.6,0,6,3,1,0.6615731292404234,,527.9
5920,-2.3000000000000003,0,4,3,1,0.6615731292404234,,528.0
5921,-4.300000000000001,0,4,3,1,0.6615731292404234,,528.0
5922,5.7,1,4,3,1,0.6615731292404234,,528.1
5923,-4.300000000000001,0,4,3,1,0.6615731292404234,,528.2
5924,-4.300000000000001,0,4,3,1,0.6615731292404234,,528.3
5925,-4.300000000000001,0,4,3,1,0.6615731292404234,,528.3
5926,-2.3000000000000003,0,4,3,1,0.6615731292404234,,528.4
5927,-0.30000000000000004,0,4,3,1,0.6615731292404234,,528.5
5928,-4.300000000000001,0,4,3,1,0.6615731292404234,,528.5
5929,-4.300000000000001,0,4,3,1,0.6615731292404234,,528.6
5930,-2.3000000000000003,0,4,3,1,0.6615731292404234,,528.7
5931,-4.300000000000001,0,4,3,1,0.6615731292404234,,528.7
5932,-4.300000000000001,0,4,3,1,0.6615731292404234,,528.8
5933,-0.6000000000000001,0,6,3,1,0.6615731292404234,,528.8
5934,-4.300000000000001,0,4,3,1,0.6615731292404234,,528.9
5935,-3.6,0,6,3,1,0.6615731292404234,,529.0
5936,-4.300000000000001,0,4,3,1,0.6615731292404234,,529.1
5937,5.7,1,4,3,1,0.6615731292404234,,529.2
5938,5.7,1,4,3,1,0.6615731292404234,,529.2
5939,-2.3000000000000003,0,4,3,1,0.6615731292404234,,529.3
5940,-4.300000000000001,0,4,3,1,0.6615731292404234,,529.3
5941,-5.9,0,8,3,1,0.6615731292404234,,529.4
5942,-4.300000000000001,0,4,3,1,0.6615731292404234,,529.4
5943,-4.300000000000001,0,4,3,1,0.6615731292404234,,529.5
5944,-4.300000000000001,0,4,3,1,0.6615731292404234,,529.6
5945,-0.30000000000000004,0,4,3,1,0.6615731292404234,,529.6
5946,5.7,1,4,3,1,0.6615731292404234,,529.7
5947,-4.300000000000001,0,4,3,1,0.6615731292404234,,529.8
5948,-3.6,0,6,3,1,0.6615731292404234,,529.9
5949,-4.300000000000001,0,4,3,1,0.6615731292404234,,529.9
5950,-4.300000000000001,0,4,3,1,0.6615731292404234,,530.0
5951,-4.300000000000001,0,4,3,1,0.6615731292404234,,530.1
5952,-4.300000000000001,0,4,3,1,0.6615731292404234,,530.2
5953,-0.30000000000000004,0,4,3,1,0.6615731292404234,,530.2
5954,-0.30000000000000004,0,4,3,1,0.6615731292404234,,530.3
5955,-4.300000000000001,0,4,3,1,0.6615731292404234,,530.4
5956,-4.300000000000001,0,4,3,1,0.6615731292404234,,530.4
5957,-4.300000000000001,0,4,3,1,0.6615731292404234,,530.5
5958,5.7,1,4,3,1,0.6615731292404234,,530.6
5959,-4.300000000000001,0,4,3,1,0.6615731292404234,,530.7
5960,-0.30000000000000004,0,4,3,1,0.6615731292404234,,530.7
5961,-4.300000000000001,0,4,3,1,0.6615731292404234,,530.7
5962,-4.300000000000001,0,4,3,1,0.6615731292404234,,530.9
5963,-4.300000000000001,0,4,3,1,0.6615731292404234,,530.9
5964,-4.300000000000001,0,4,3,1,0.6615731292404234,,530.9
5965,5.7,1,4,3,1,0.6615731292404234,,531.0
5966,-4.300000000000001,0,4,3,1,0.6615731292404234,,531.1
5967,-2.3000000000000003,0,4,3,1,0.6615731292404234,,531.2
5968,-5.6000000000000005,0,6,3,1,0.6615731292404234,,531.2
5969,-0.30000000000000004,0,4,3,1,0.6615731292404234,,531.3
5970,-2.3000000000000003,0,4,3,1,0.6615731292404234,,531.3
5971,-4.300000000000001,0,4,3,1,0.6615731292404234,,531.4
5972,5.7,1,4,3,1,0.6615731292404234,,531.4
5973,-5.4,0,5,4,1,0.6615731292404234,,531.5
5974,-4.300000000000001,0,4,3,1,0.6615731292404234,,531.5
5975,-2.3000000000000003,0,4,3,1,0.6615731292404234,,531.6
5976,5.7,1,4,3,1,0.6615731292404234,,531.6
5977,-4.300000000000001,0,4,3,1,0.6615731292404234,,531.7
5978,-0.30000000000000004,0,4,3,1,0.6615731292404234,,531.8
5979,5.7,1,4,3,1,0.6615731292404234,,531.8
5980,-4.300000000000001,0,4,3,1,0.6615731292404234,,531.9
5981,-4.300000000000001,0,4,3,1,0.6615731292404234,,532.0
5982,-4.300000000000001,0,4,3,1,0.6615731292404234,,532.0
5983,-3.6000000000000005,0,6,3,1,0.6615731292404234,,532.1
5984,5.7,1,4,3,1,0.6615731292404234,,532.1
5985,-4.300000000000001,0,4,3,1,0.6615731292404234,,532.2
5986,-4.300000000000001,0,4,3,1,0.6615731292404234,,532.2
5987,-4.300000000000001,0,4,3,1,0.6615731292404234,,532.3
5988,-2.3000000000000003,0,4,3,1,0.6615731292404234,,532.4
5989,-2.3000000000000003,0,4,3,1,0.6615731292404234,,532.4
5990,-2.3000000000000003,0,4,3,1,0.6615731292404234,,532.5
5991,-2.3000000000000003,0,4,3,1,0.6615731292404234,,532.6
5992,-4.300000000000001,0,4,3,1,0.6447797773871571,1.2742330082692206,533.3
5993,-4.300000000000001,0,4,3,1,0.6447797773871571,,533.3
5994,-4.300000000000001,0,4,3,1,0.6447797773871571,,533.4
5995,-2.3000000000000003,0,4,3,1,0.6447797773871571,,533.4
5996,-2.3000000000000003,0,4,3,1,0.6447797773871571,,533.5
5997,5.7,1,4,3,1,0.6447797773871571,,533.6
5998,5.7,1,4,3,1,0.6447797773871571,,533.7
5999,-4.300000000000001,0,4,3,1,0.6447797773871571,,533.7
6000,-4.300000000000001,0,4,3,1,0.6447797773871571,,533.8
6001,-4.300000000000001,0,4,3,1,0.6447797773871571,,539.0
6002,-0.30000000000000004,0,4,3,1,0.6447797773871571,,539.1
6003,-4.300000000000001,0,4,3,1,0.6447797773871571,,539.1
6004,-4.300000000000001,0,4,3,1,0.6447797773871571,,539.2
6005,5.7,1,4,3,1,0.6447797773871571,,539.3
6006,5.7,1,4,3,1,0.6447797773871571,,539.3
6007,-4.300000000000001,0,4,3,1,0.6447797773871571,,539.4
6008,-4.300000000000001,0,4,3,1,0.6447797773871571,,539.5
6009,-4.300000000000001,0,4,3,1,0.6447797773871571,,539.5
6010,5.7,1,4,3,1,0.6447797773871571,,539.6
6011,-4.300000000000001,0,4,3,1,0.6447797773871571,,539.7
6012,-4.300000000000001,0,4,3,1,0.6447797773871571,,539.7
6013,5.7,1,4,3,1,0.6447797773871571,,539.8
6014,-4.300000000000001,0,4,3,1,0.6447797773871571,,539.8
6015,-4.300000000000001,0,4,3,1,0.6447797773871571,,539.9
6016,-2.3000000000000003,0,4,3,1,0.6447797773871571,,540.0
6017,-4.300000000000001,0,4,3,1,0.6447797773871571,,540.0
6018,-4.300000000000001,0,4,3,1,0.6447797773871571,,540.1
6019,-0.30000000000000004,0,4,3,1,0.6447797773871571,,540.2
6020,-4.300000000000001,0,4,3,1,0.6447797773871571,,540.2
6021,5.7,1,4,3,1,0.6447797773871571,,540.3
6022,-4.300000000000001,0,4,3,1,0.6447797773871571,,540.4
6023,-0.30000000000000004,0,4,3,1,0.6447797773871571,,540.4
6024,-4.300000000000001,0,4,3,1,0.6447797773871571,,540.5
6025,-0.30000000000000004,0,4,3,1,0.6447797773871571,,540.6
6026,-4.300000000000001,0,4,3,1,0.6447797773871571,,540.7
6027,-2.3000000000000003,0,4,3,1,0.6447797773871571,,540.7
6028,-0.30000000000000004,0,4,3,1,0.6447797773871571,,540.7
6029,-4.300000000000001,0,4,3,1,0.6447797773871571,,540.8
6030,-2.3000000000000003,0,4,3,1,0.6447797773871571,,540.9
6031,-2.6,0,6,3,1,0.6447797773871571,,541.0
6032,-4.300000000000001,0,4,3,1,0.6447797773871571,,541.1
6033,-0.30000000000000004,0,4,3,1,0.6447797773871571,,541.1
6034,-0.30000000000000004,0,4,3,1,0.6447797773871571,,541.1
6035,-4.300000000000001,0,4,3,1,0.6447797773871571,,541.2
6036,-4.300000000000001,0,4,3,1,0.6447797773871571,,541.3
6037,-0.30000000000000004,0,4,3,1,0.6447797773871571,,541.3
6038,-4.300000000000001,0,4,3,1,0.6447797773871571,,541.4
6039,-2.3000000000000003,0,4,3,1,0.6447797773871571,,541.4
6040,-0.30000000000000004,0,4,3,1,0.6447797773871571,,541.5
6041,-4.300000000000001,0,4,3,1,0.6447797773871571,,541.5
6042,-2.3000000000000003,0,4,3,1,0.6447797773871571,,541.6
6043,5.7,1,4,3,1,0.6447797773871571,,541.7
6044,-4.300000000000001,0,4,3,1,0.6447797773871571,,541.8
6045,-4.300000000000001,0,4,3,1,0.6447797773871571,,541.8
6046,-4.300000000000001,0,4,3,1,0.6447797773871571,,541.9
6047,-4.300000000000001,0,4,3,1,0.6447797773871571,,541.9
6048,-4.300000000000001,0,4,3,1,0.6447797773871571,,542.0
6049,-0.30000000000000004,0,4,3,1,0.6447797773871571,,542.0
6050,-0.30000000000000004,0,4,3,1,0.6447797773871571,,542.1
6051,-4.300000000000001,0,4,3,1,0.6447797773871571,,542.2
6052,-4.300000000000001,0,4,3,1,0.6447797773871571,,542.2
6053,5.7,1,4,3,1,0.6447797773871571,,542.3
6054,-4.300000000000001,0,4,3,1,0.6447797773871571,,542.4
6055,-4.300000000000001,0,4,3,1,0.6447797773871571,,542.4
6056,-0.30000000000000004,0,4,3,1,0.6447797773871571,,542.5
6057,-4.300000000000001,0,4,3,1,0.6447797773871571,,542.6
6058,-0.30000000000000004,0,4,3,1,0.6447797773871571,,542.6
6059,-4.300000000000001,0,4,3,1,0.6447797773871571,,542.7
6060,-4.300000000000001,0,4,3,1,0.6447797773871571,,542.8
6061,-4.300000000000001,0,4,3,1,0.6447797773871571,,542.8
6062,-4.300000000000001,0,4,3,1,0.6447797773871571,,542.9
6063,-2.3000000000000003,0,4,3,1,0.6447797773871571,,543.0
6064,-4.300000000000001,0,4,3,1,0.6447797773871571,,543.0
6065,-4.300000000000001,0,4,3,1,0.6447797773871571,,543.1
6066,-4.300000000000001,0,4,3,1,0.6447797773871571,,543.2
6067,-4.300000000000001,0,4,3,1,0.6447797773871571,,543.2
6068,-4.300000000000001,0,4,3,1,0.6447797773871571,,543.3
6069,-2.3000000000000003,0,4,3,1,0.6447797773871571,,543.4
6070,-4.300000000000001,0,4,3,1,0.6447797773871571,,543.4
6071,-0.30000000000000004,0,4,3,1,0.6447797773871571,,543.5
6072,-4.300000000000001,0,4,3,1,0.6447797773871571,,543.6
6073,-4.300000000000001,0,4,3,1,0.6447797773871571,,543.7
6074,-0.30000000000000004,0,4,3,1,0.6447797773871571,,543.7
6075,-4.300000000000001,0,4,3,1,0.6447797773871571,,543.8
6076,-4.300000000000001,0,4,3,1,0.6447797773871571,,543.9
6077,-0.6000000000000001,0,6,3,1,0.6447797773871571,,544.0
6078,-4.300000000000001,0,4,3,1,0.6447797773871571,,544.0
6079,-4.300000000000001,0,4,3,1,0.6447797773871571,,544.1
6080,-4.300000000000001,0,4,3,1,0.6447797773871571,,544.2
6081,-4.300000000000001,0,4,3,1,0.6447797773871571,,544.3
6082,-4.300000000000001,0,4,3,1,0.6447797773871571,,544.3
6083,5.7,1,4,3,1,0.6447797773871571,,544.4
6084,-2.3000000000000003,0,4,3,1,0.6447797773871571,,544.5
6085,-4.300000000000001,0,4,3,1,0.6447797773871571,,544.5
6086,-4.300000000000001,0,4,3,1,0.6447797773871571,,544.5
6087,5.7,1,4,3,1,0.6447797773871571,,544.6
6088,-4.300000000000001,0,4,3,1,0.6447797773871571,,544.7
6089,-4.300000000000001,0,4,3,1,0.6447797773871571,,544.7
6090,-4.300000000000001,0,4,3,1,0.6447797773871571,,544.7
6091,5.7,1,4,3,1,0.6447797773871571,,544.8
6092,-2.3000000000000003,0,4,3,1,0.6447797773871571,,544.9
6093,-4.300000000000001,0,4,3,1,0.6447797773871571,,544.9
6094,-4.300000000000001,0,4,3,1,0.6447797773871571,,545.0
6095,5.7,1,4,3,1,0.6447797773871571,,545.1
6096,-4.300000000000001,0,4,3,1,0.6447797773871571,,545.2
6097,-4.300000000000001,0,4,3,1,0.6447797773871571,,545.2
6098,-2.3000000000000003,0,4,3,1,0.6447797773871571,,545.3
6099,-4.300000000000001,0,4,3,1,0.6447797773871571,,545.4
6100,-4.300000000000001,0,4,3,1,0.6447797773871571,,545.5
6101,-1.6,0,6,3,1,0.6447797773871571,,545.6
6102,-4.300000000000001,0,4,3,1,0.6447797773871571,,545.6
6103,5.7,1,4,3,1,0.6447797773871571,,545.7
6104,-4.300000000000001,0,4,3,1,0.6447797773871571,,545.8
6105,-4.300000000000001,0,4,3,1,0.6447797773871571,,545.9
6106,-4.6000000000000005,0,6,3,1,0.6447797773871571,,545.9
6107,-2.3000000000000003,0,4,3,1,0.6447797773871571,,546.0
6108,5.7,1,4,3,1,0.6447797773871571,,546.0
6109,-2.3000000000000003,0,4,3,1,0.6447797773871571,,546.1
6110,-4.6000000000000005,0,6,3,1,0.6447797773871571,,546.2
6111,-4.300000000000001,0,4,3,1,0.6447797773871571,,546.2
6112,-2.3000000000000003,0,4,3,1,0.6447797773871571,,546.3
6113,-0.30000000000000004,0,4,3,1,0.6447797773871571,,546.4
6114,-2.3000000000000003,0,4,3,1,0.6447797773871571,,546.4
6115,-4.300000000000001,0,4,3,1,0.6447797773871571,,546.5
6116,-4.300000000000001,0,4,3,1,0.6447797773871571,,546.6
6117,-4.300000000000001,0,4,3,1,0.6447797773871571,,546.7
6118,-2.3000000000000003,0,4,3,1,0.6447797773871571,,546.8
6119,-4.300000000000001,0,4,3,1,0.6447797773871571,,546.8
6120,-2.3000000000000003,0,4,3,1,0.6447797773871571,,546.9
6121,5.7,1,4,3,1,0.6447797773871571,,547.0
6122,-2.3000000000000003,0,4,3,1,0.6447797773871571,,547.1
6123,-4.300000000000001,0,4,3,1,0.6447797773871571,,547.2
6124,-4.300000000000001,0,4,3,1,0.6447797773871571,,547.2
6125,-4.300000000000001,0,4,3,1,0.6447797773871571,,547.3
6126,-4.300000000000001,0,4,3,1,0.6447797773871571,,547.4
6127,-4.300000000000001,0,4,3,1,0.6447797773871571,,547.5
6128,-2.6,0,6,3,1,0.6447797773871571,,547.5
6129,-4.300000000000001,0,4,3,1,0.6447797773871571,,547.5
6130,-2.3000000000000003,0,4,3,1,0.6447797773871571,,547.6
6131,-4.300000000000001,0,4,3,1,0.6447797773871571,,547.7
6132,-0.30000000000000004,0,4,3,1,0.6447797773871571,,547.7
6133,-4.300000000000001,0,4,3,1,0.6447797773871571,,547.8
6134,-4.300000000000001,0,4,3,1,0.6447797773871571,,547.9
6135,-4.300000000000001,0,4,3,1,0.6447797773871571,,548.0
6136,-4.300000000000001,0,4,3,1,0.6447797773871571,,548.1
6137,-0.30000000000000004,0,4,3,1,0.6447797773871571,,548.2
6138,-4.300000000000001,0,4,3,1,0.6447797773871571,,548.2
6139,-4.300000000000001,0,4,3,1,0.6447797773871571,,548.3
6140,-4.300000000000001,0,4,3,1,0.6447797773871571,,548.4
6141,-4.300000000000001,0,4,3,1,0.6447797773871571,,548.4
6142,-4.300000000000001,0,4,3,1,0.6447797773871571,,548.5
6143,-4.300000000000001,0,4,3,1,0.6447797773871571,,548.6
6144,-4.300000000000001,0,4,3,1,0.6447797773871571,,548.6
6145,-1.6,0,6,3,1,0.6447797773871571,,548.7
6146,5.7,1,4,3,1,0.6447797773871571,,548.8
6147,-4.300000000000001,0,4,3,1,0.6447797773871571,,548.8
6148,-2.3000000000000003,0,4,3,1,0.6447797773871571,,548.9
6149,-5.6000000000000005,0,6,3,1,0.6447797773871571,,549.0
6150,-4.300000000000001,0,4,3,1,0.6447797773871571,,549.0
6151,-4.300000000000001,0,4,3,1,0.6447797773871571,,549.1
6152,-4.300000000000001,0,4,3,1,0.6447797773871571,,549.2
6153,-4.300000000000001,0,4,3,1,0.6447797773871571,,549.3
6154,5.7,1,4,3,1,0.6447797773871571,,549.3
6155,-4.300000000000001,0,4,3,1,0.6447797773871571,,549.4
6156,-4.300000000000001,0,4,3,1,0.6447797773871571,,549.5
6157,-4.300000000000001,0,4,3,1,0.6447797773871571,,549.6
6158,-0.6000000000000001,0,6,3,1,0.6447797773871571,,549.7
6159,-4.300000000000001,0,4,3,1,0.6447797773871571,,549.7
6160,-4.300000000000001,0,4,3,1,0.6447797773871571,,549.8
6161,-4.300000000000001,0,4,3,1,0.6447797773871571,,549.9
6162,-5.4,0,5,4,1,0.6447797773871571,,550.0
6163,-2.3000000000000003,0,4,3,1,0.6447797773871571,,550.1
6164,-2.3000000000000003,0,4,3,1,0.6447797773871571,,550.1
6165,-4.300000000000001,0,4,3,1,0.6447797773871571,,550.2
6166,-4.300000000000001,0,4,3,1,0.6447797773871571,,550.3
6167,-4.300000000000001,0,4,3,1,0.6447797773871571,,550.3
6168,-0.30000000000000004,0,4,3,1,0.6447797773871571,,550.4
6169,-4.300000000000001,0,4,3,1,0.6447797773871571,,550.5
6170,-2.3000000000000003,0,4,3,1,0.6447797773871571,,550.5
6171,-4.300000000000001,0,4,3,1,0.6447797773871571,,550.6
6172,-0.30000000000000004,0,4,3,1,0.6447797773871571,,550.7
6173,-0.30000000000000004,0,4,3,1,0.6447797773871571,,550.7
6174,-4.300000000000001,0,4,3,1,0.6447797773871571,,550.9
6175,-4.300000000000001,0,4,3,1,0.6447797773871571,,550.9
6176,-4.300000000000001,0,4,3,1,0.6447797773871571,,551.0
6177,-4.300000000000001,0,4,3,1,0.6447797773871571,,551.1
6178,-4.300000000000001,0,4,3,1,0.6447797773871571,,551.2
6179,-2.3000000000000003,0,4,3,1,0.6447797773871571,,551.3
6180,-2.3000000000000003,0,4,3,1,0.6447797773871571,,551.3
6181,-4.300000000000001,0,4,3,1,0.6447797773871571,,551.4
6182,5.7,1,4,3,1,0.6447797773871571,,551.5
6183,-4.300000000000001,0,4,3,1,0.6447797773871571,,551.6
6184,-4.300000000000001,0,4,3,1,0.6447797773871571,,551.6
6185,-2.3000000000000003,0,4,3,1,0.6447797773871571,,551.7
6186,-4.300000000000001,0,4,3,1,0.6447797773871571,,551.8
6187,-2.3000000000000003,0,4,3,1,0.6447797773871571,,551.9
6188,-0.30000000000000004,0,4,3,1,0.6447797773871571,,551.9
6189,5.7,1,4,3,1,0.6447797773871571,,551.9
6190,4.4,1,6,3,1,0.6447797773871571,,552.0
6191,5.7,1,4,3,1,0.6447797773871571,,552.1
6192,-4.300000000000001,0,4,3,1,0.6447797773871571,,552.1
6193,-4.300000000000001,0,4,3,1,0.6447797773871571,,552.2
6194,-4.300000000000001,0,4,3,1,0.6447797773871571,,552.3
6195,-4.300000000000001,0,4,3,1,0.6447797773871571,,552.3
6196,-4.300000000000001,0,4,3,1,0.6447797773871571,,552.4
6197,5.7,1,4,3,1,0.6447797773871571,,552.5
6198,-2.3000000000000003,0,4,3,1,0.6447797773871571,,552.5
6199,-4.300000000000001,0,4,3,1,0.6447797773871571,,552.6
6200,-2.3000000000000003,0,4,3,1,0.6447797773871571,,552.6
6201,-4.300000000000001,0,4,3,1,0.6447797773871571,,552.7
6202,-0.30000000000000004,0,4,3,1,0.6447797773871571,,552.8
6203,-4.300000000000001,0,4,3,1,0.6447797773871571,,552.8
6204,-4.300000000000001,0,4,3,1,0.6447797773871571,,552.9
6205,5.7,1,4,3,1,0.6447797773871571,,553.0
6206,-0.6000000000000001,0,6,3,1,0.6447797773871571,,553.0
6207,-4.300000000000001,0,4,3,1,0.6447797773871571,,553.1
6208,-4.300000000000001,0,4,3,1,0.6447797773871571,,553.2
6209,5.7,1,4,3,1,0.6447797773871571,,553.2
6210,-2.3000000000000003,0,4,3,1,0.6447797773871571,,553.3
6211,-4.300000000000001,0,4,3,1,0.6447797773871571,,553.3
6212,5.7,1,4,3,1,0.6447797773871571,,553.4
6213,-4.300000000000001,0,4,3,1,0.6447797773871571,,553.5
6214,-4.300000000000001,0,4,3,1,0.6447797773871571,,553.5
6215,-4.300000000000001,0,4,3,1,0.6447797773871571,,553.6
6216,-2.3000000000000003,0,4,3,1,0.6447797773871571,,553.7
6217,-4.300000000000001,0,4,3,1,0.6447797773871571,,553.7
6218,-2.3000000000000003,0,4,3,1,0.6447797773871571,,553.8
6219,-4.300000000000001,0,4,3,1,0.6447797773871571,,553.9
6220,-0.30000000000000004,0,4,3,1,0.6447797773871571,,553.9
6221,-4.300000000000001,0,4,3,1,0.6447797773871571,,554.0
6222,-4.300000000000001,0,4,3,1,0.6447797773871571,,554.0
6223,-4.300000000000001,0,4,3,1,0.6447797773871571,,554.1
6224,-4.6000000000000005,0,6,3,1,0.6447797773871571,,554.2
6225,-4.300000000000001,0,4,3,1,0.6447797773871571,,554.3
6226,-4.300000000000001,0,4,3,1,0.6447797773871571,,554.4
6227,-2.3000000000000003,0,4,3,1,0.6447797773871571,,554.4
6228,-5.6000000000000005,0,6,3,1,0.6447797773871571,,554.5
6229,-4.300000000000001,0,4,3,1,0.6447797773871571,,554.5
6230,-2.3000000000000003,0,4,3,1,0.6447797773871571,,554.6
6231,-4.300000000000001,0,4,3,1,0.6447797773871571,,554.7
6232,-2.3000000000000003,0,4,3,1,0.6447797773871571,,554.8
6233,-4.300000000000001,0,4,3,1,0.6447797773871571,,554.8
6234,-0.30000000000000004,0,4,3,1,0.6447797773871571,,554.8
6235,-4.300000000000001,0,4,3,1,0.6447797773871571,,554.9
6236,-2.3000000000000003,0,4,3,1,0.6447797773871571,,555.0
6237,-4.300000000000001,0,4,3,1,0.6447797773871571,,555.0
6238,-2.3000000000000003,0,4,3,1,0.6447797773871571,,555.0
6239,-2.3000000000000003,0,4,3,1,0.6447797773871571,,555.1
6240,-4.300000000000001,0,4,3,1,0.6447797773871571,,555.2
6241,-4.300000000000001,0,4,3,1,0.6447797773871571,,555.2
6242,-4.300000000000001,0,4,3,1,0.6447797773871571,,555.3
6243,-2.3000000000000003,0,4,3,1,0.6447797773871571,,555.3
6244,-4.300000000000001,0,4,3,1,0.6447797773871571,,555.4
6245,-2.3000000000000003,0,4,3,1,0.6447797773871571,,555.5
6246,5.7,1,4,3,1,0.6447797773871571,,555.6
6247,-4.300000000000001,0,4,3,1,0.6447797773871571,,555.7
6248,5.7,1,4,3,1,0.6447797773871571,,555.7
6249,-0.30000000000000004,0,4,3,1,0.6447797773871571,,555.8
6250,-0.30000000000000004,0,4,3,1,0.6447797773871571,,555.9
6251,-4.300000000000001,0,4,3,1,0.6447797773871571,,556.0
6252,-2.3000000000000003,0,4,3,1,0.6447797773871571,,556.0
6253,5.7,1,4,3,1,0.6447797773871571,,556.1
6254,-4.300000000000001,0,4,3,1,0.6447797773871571,,556.2
6255,-4.300000000000001,0,4,3,1,0.6447797773871571,,556.3
6256,-4.300000000000001,0,4,3,1,0.6447797773871571,,556.3
6257,-2.3000000000000003,0,4,3,1,0.6447797773871571,,556.4
6258,-2.3000000000000003,0,4,3,1,0.6447797773871571,,556.4
6259,5.7,1,4,3,1,0.6447797773871571,,556.4
6260,-4.300000000000001,0,4,3,1,0.6447797773871571,,556.5
6261,5.7,1,4,3,1,0.6447797773871571,,556.6
6262,-4.300000000000001,0,4,3,1,0.6447797773871571,,556.7
6263,-0.30000000000000004,0,4,3,1,0.6447797773871571,,556.8
6264,-0.30000000000000004,0,4,3,1,0.6447797773871571,,556.8
6265,-0.30000000000000004,0,4,3,1,0.6447797773871571,,556.9
6266,-4.300000000000001,0,4,3,1,0.6447797773871571,,556.9
6267,-4.300000000000001,0,4,3,1,0.6447797773871571,,557.0
6268,-4.300000000000001,0,4,3,1,0.6447797773871571,,557.1
6269,-4.300000000000001,0,4,3,1,0.6447797773871571,,557.2
6270,-4.6,0,6,3,1,0.6447797773871571,,557.2
6271,-4.300000000000001,0,4,3,1,0.6447797773871571,,557.3
6272,-4.300000000000001,0,4,3,1,0.6447797773871571,,557.4
6273,-2.3000000000000003,0,4,3,1,0.6447797773871571,,557.4
6274,-4.300000000000001,0,4,3,1,0.6447797773871571,,557.5
6275,-4.300000000000001,0,4,3,1,0.6447797773871571,,557.6
6276,-4.300000000000001,0,4,3,1,0.6447797773871571,,557.7
6277,-5.6000000000000005,0,6,3,1,0.6447797773871571,,557.7
6278,-2.3000000000000003,0,4,3,1,0.6447797773871571,,557.8
6279,-4.300000000000001,0,4,3,1,0.6447797773871571,,557.9
6280,5.7,1,4,3,1,0.6447797773871571,,557.9
6281,-4.300000000000001,0,4,3,1,0.6447797773871571,,558.0
6282,-4.300000000000001,0,4,3,1,0.6447797773871571,,558.1
6283,5.7,1,4,3,1,0.6447797773871571,,558.2
6284,-4.300000000000001,0,4,3,1,0.6447797773871571,,558.2
6285,-4.300000000000001,0,4,3,1,0.6447797773871571,,558.3
6286,-4.300000000000001,0,4,3,1,0.6447797773871571,,558.4
6287,-4.300000000000001,0,4,3,1,0.6447797773871571,,558.5
6288,-4.300000000000001,0,4,3,1,0.6447797773871571,,558.6
6289,-0.30000000000000004,0,4,3,1,0.6447797773871571,,558.6
6290,-0.30000000000000004,0,4,3,1,0.6447797773871571,,558.7
6291,-4.300000000000001,0,4,3,1,0.6447797773871571,,558.7
6292,-4.300000000000001,0,4,3,1,0.6447797773871571,,558.8
6293,-4.300000000000001,0,4,3,1,0.6447797773871571,,558.8
6294,-4.300000000000001,0,4,3,1,0.6447797773871571,,558.9
6295,5.7,1,4,3,1,0.6447797773871571,,559.0
6296,-4.6000000000000005,0,6,3,1,0.6447797773871571,,559.0
6297,-4.300000000000001,0,4,3,1,0.6447797773871571,,559.1
6298,-3.6000000000000005,0,6,3,1,0.6447797773871571,,559.2
6299,-2.3000000000000003,0,4,3,1,0.6447797773871571,,559.3
6300,-0.30000000000000004,0,4,3,1,0.6447797773871571,,559.4
6301,-0.30000000000000004,0,4,3,1,0.6447797773871571,,559.5
6302,-2.3000000000000003,0,4,3,1,0.6447797773871571,,559.5
6303,-4.300000000000001,0,4,3,1,0.6447797773871571,,559.6
6304,-0.30000000000000004,0,4,3,1,0.6447797773871571,,559.7
6305,-2.3000000000000003,0,4,3,1,0.6447797773871571,,559.7
6306,-4.300000000000001,0,4,3,1,0.6447797773871571,,559.8
6307,5.7,1,4,3,1,0.6447797773871571,,559.8
6308,-4.300000000000001,0,4,3,1,0.6447797773871571,,559.9
6309,-0.30000000000000004,0,4,3,1,0.6447797773871571,,560.0
6310,5.7,1,4,3,1,0.6447797773871571,,560.1
6311,-2.3000000000000003,0,4,3,1,0.6447797773871571,,560.1
6312,-4.300000000000001,0,4,3,1,0.6447797773871571,,560.2
6313,-2.3000000000000003,0,4,3,1,0.6447797773871571,,560.2
6314,-4.6000000000000005,0,6,3,1,0.6447797773871571,,560.3
6315,-4.300000000000001,0,4,3,1,0.6447797773871571,,560.4
6316,-4.300000000000001,0,4,3,1,0.6447797773871571,,560.4
6317,-2.3000000000000003,0,4,3,1,0.6447797773871571,,560.5
6318,-4.300000000000001,0,4,3,1,0.6447797773871571,,560.6
6319,-4.300000000000001,0,4,3,1,0.6447797773871571,,560.6
6320,-4.300000000000001,0,4,3,1,0.6447797773871571,,560.7
6321,-4.300000000000001,0,4,3,1,0.6447797773871571,,560.7
6322,-4.300000000000001,0,4,3,1,0.6447797773871571,,560.8
6323,5.7,1,4,3,1,0.6447797773871571,,560.9
6324,5.7,1,4,3,1,0.6447797773871571,,560.9
6325,-2.3000000000000003,0,4,3,1,0.6447797773871571,,561.0
6326,-4.300000000000001,0,4,3,1,0.6447797773871571,,561.1
6327,-4.300000000000001,0,4,3,1,0.6447797773871571,,561.1
6328,-4.300000000000001,0,4,3,1,0.6447797773871571,,561.2
6329,-4.300000000000001,0,4,3,1,0.6447797773871571,,561.3
6330,-2.3000000000000003,0,4,3,1,0.6447797773871571,,561.3
6331,-4.300000000000001,0,4,3,1,0.6447797773871571,,561.4
6332,-0.30000000000000004,0,4,3,1,0.6447797773871571,,561.4
6333,-4.300000000000001,0,4,3,1,0.6447797773871571,,561.5
6334,-5.4,0,5,4,1,0.6447797773871571,,561.6
6335,-0.30000000000000004,0,4,3,1,0.6447797773871571,,561.7
6336,4.4,1,6,3,1,0.6447797773871571,,561.7
6337,-4.300000000000001,0,4,3,1,0.6447797773871571,,561.8
6338,-4.300000000000001,0,4,3,1,0.6447797773871571,,561.9
6339,-2.3000000000000003,0,4,3,1,0.6447797773871571,,561.9
6340,-4.300000000000001,0,4,3,1,0.6447797773871571,,562.0
6341,-4.300000000000001,0,4,3,1,0.6447797773871571,,562.0
6342,-2.3000000000000003,0,4,3,1,0.6447797773871571,,562.1
6343,5.7,1,4,3,1,0.6447797773871571,,562.1
6344,-4.300000000000001,0,4,3,1,0.6447797773871571,,562.2
6345,-4.300000000000001,0,4,3,1,0.6447797773871571,,562.3
6346,-0.30000000000000004,0,4,3,1,0.6447797773871571,,562.3
6347,-4.300000000000001,0,4,3,1,0.6447797773871571,,562.4
6348,-4.300000000000001,0,4,3,1,0.6447797773871571,,562.5
6349,-4.300000000000001,0,4,3,1,0.6447797773871571,,562.5
6350,-2.3000000000000003,0,4,3,1,0.6447797773871571,,562.6
6351,5.7,1,4,3,1,0.6447797773871571,,562.7
6352,-4.300000000000001,0,4,3,1,0.6447797773871571,,562.8
6353,-4.300000000000001,0,4,3,1,0.6447797773871571,,562.8
6354,-5.6000000000000005,0,6,3,1,0.6447797773871571,,562.9
6355,-2.3000000000000003,0,4,3,1,0.6447797773871571,,563.0
6356,-4.300000000000001,0,4,3,1,0.6447797773871571,,563.0
6357,-4.300000000000001,0,4,3,1,0.6447797773871571,,563.0
6358,-2.3000000000000003,0,4,3,1,0.6447797773871571,,563.1
6359,-4.300000000000001,0,4,3,1,0.6447797773871571,,563.2
6360,-4.300000000000001,0,4,3,1,0.6447797773871571,,563.3
6361,-2.3000000000000003,0,4,3,1,0.6447797773871571,,563.3
6362,-2.3000000000000003,0,4,3,1,0.6447797773871571,,563.4
6363,-4.300000000000001,0,4,3,1,0.6447797773871571,,563.5
6364,-0.30000000000000004,0,4,3,1,0.6447797773871571,,563.6
6365,-4.300000000000001,0,4,3,1,0.6447797773871571,,563.6
6366,5.7,1,4,3,1,0.6447797773871571,,563.7
6367,5.7,1,4,3,1,0.6447797773871571,,563.7
6368,-4.300000000000001,0,4,3,1,0.6447797773871571,,563.8
6369,-4.300000000000001,0,4,3,1,0.6447797773871571,,563.9
6370,-4.300000000000001,0,4,3,1,0.6447797773871571,,563.9
6371,-4.300000000000001,0,4,3,1,0.6447797773871571,,564.0
6372,-4.300000000000001,0,4,3,1,0.6447797773871571,,564.1
6373,-4.300000000000001,0,4,3,1,0.6447797773871571,,564.2
6374,-4.300000000000001,0,4,3,1,0.6447797773871571,,564.2
6375,-4.300000000000001,0,4,3,1,0.6447797773871571,,564.3
6376,-2.3000000000000003,0,4,3,1,0.6447797773871571,,564.4
6377,-2.3000000000000003,0,4,3,1,0.6447797773871571,,564.4
6378,-2.3000000000000003,0,4,3,1,0.6447797773871571,,564.5
6379,-4.300000000000001,0,4,3,1,0.6447797773871571,,564.5
6380,-4.300000000000001,0,4,3,1,0.6447797773871571,,564.6
6381,-0.30000000000000004,0,4,3,1,0.6447797773871571,,564.6
6382,-4.300000000000001,0,4,3,1,0.6447797773871571,,564.7
6383,-4.300000000000001,0,4,3,1,0.6447797773871571,,564.8
6384,-0.30000000000000004,0,4,3,1,0.6447797773871571,,564.8
6385,-4.300000000000001,0,4,3,1,0.6447797773871571,,564.9
6386,-1.6,0,6,3,1,0.6447797773871571,,564.9
6387,-4.300000000000001,0,4,3,1,0.6447797773871571,,565.0
6388,-4.300000000000001,0,4,3,1,0.6447797773871571,,565.1
6389,-4.300000000000001,0,4,3,1,0.6447797773871571,,565.2
6390,-2.3000000000000003,0,4,3,1,0.6447797773871571,,565.2
6391,-4.300000000000001,0,4,3,1,0.6447797773871571,,565.2
6392,-4.300000000000001,0,4,3,1,0.6447797773871571,,565.3
6393,-4.300000000000001,0,4,3,1,0.6447797773871571,,565.4
6394,-2.3000000000000003,0,4,3,1,0.6447797773871571,,565.4
6395,-5.4,0,5,4,1,0.6447797773871571,,565.5
6396,-2.3000000000000003,0,4,3,1,0.6447797773871571,,565.6
6397,-4.300000000000001,0,4,3,1,0.6447797773871571,,565.6
6398,-4.300000000000001,0,4,3,1,0.6447797773871571,,565.7
6399,-4.300000000000001,0,4,3,1,0.6447797773871571,,565.7
6400,-0.30000000000000004,0,4,3,1,0.6447797773871571,,565.8
6401,-4.300000000000001,0,4,3,1,0.6447797773871571,,565.9
6402,-4.300000000000001,0,4,3,1,0.6447797773871571,,565.9
6403,-4.300000000000001,0,4,3,1,0.6447797773871571,,566.0
6404,5.7,1,4,3,1,0.6447797773871571,,566.0
6405,-4.300000000000001,0,4,3,1,0.6447797773871571,,566.1
6406,-4.300000000000001,0,4,3,1,0.6447797773871571,,566.1
6407,-4.300000000000001,0,4,3,1,0.6447797773871571,,566.2
6408,-4.300000000000001,0,4,3,1,0.6447797773871571,,566.3
6409,-2.3000000000000003,0,4,3,1,0.6447797773871571,,566.3
6410,-4.300000000000001,0,4,3,1,0.6447797773871571,,566.4
6411,-4.300000000000001,0,4,3,1,0.6447797773871571,,566.4
6412,-4.300000000000001,0,4,3,1,0.6447797773871571,,566.5
6413,-4.300000000000001,0,4,3,1,0.6447797773871571,,566.5
6414,-4.300000000000001,0,4,3,1,0.6447797773871571,,566.6
6415,-4.300000000000001,0,4,3,1,0.6447797773871571,,566.7
6416,-4.300000000000001,0,4,3,1,0.6447797773871571,,566.8
6417,-4.300000000000001,0,4,3,1,0.6447797773871571,,566.9
6418,-4.300000000000001,0,4,3,1,0.6447797773871571,,566.9
6419,-0.30000000000000004,0,4,3,1,0.6447797773871571,,567.0
6420,-4.300000000000001,0,4,3,1,0.6447797773871571,,567.0
6421,-4.300000000000001,0,4,3,1,0.6447797773871571,,567.1
6422,-4.300000000000001,0,4,3,1,0.6447797773871571,,567.2
6423,-4.300000000000001,0,4,3,1,0.6447797773871571,,567.3
6424,-2.3000000000000003,0,4,3,1,0.6447797773871571,,567.3
6425,-4.300000000000001,0,4,3,1,0.6447797773871571,,567.4
6426,-4.6,0,6,3,1,0.6447797773871571,,567.4
6427,-2.3000000000000003,0,4,3,1,0.6447797773871571,,567.4
6428,5.4,1,6,3,1,0.6447797773871571,,567.5
6429,-2.3000000000000003,0,4,3,1,0.6447797773871571,,567.5
6430,-2.3000000000000003,0,4,3,1,0.6447797773871571,,567.6
6431,-4.300000000000001,0,4,3,1,0.6447797773871571,,567.7
6432,-4.300000000000001,0,4,3,1,0.6447797773871571,,567.8
6433,-4.300000000000001,0,4,3,1,0.6447797773871571,,567.8
6434,-0.30000000000000004,0,4,3,1,0.6447797773871571,,567.9
6435,-4.300000000000001,0,4,3,1,0.6447797773871571,,567.9
6436,-4.300000000000001,0,4,3,1,0.6447797773871571,,567.9
6437,5.7,1,4,3,1,0.6447797773871571,,568.0
6438,-0.30000000000000004,0,4,3,1,0.6447797773871571,,568.1
6439,-4.300000000000001,0,4,3,1,0.6447797773871571,,568.1
6440,-4.300000000000001,0,4,3,1,0.6447797773871571,,568.1
6441,-0.30000000000000004,0,4,3,1,0.6447797773871571,,568.2
6442,-2.3000000000000003,0,4,3,1,0.6447797773871571,,568.3
6443,-2.3000000000000003,0,4,3,1,0.6447797773871571,,568.4
6444,-4.300000000000001,0,4,3,1,0.6447797773871571,,568.4
6445,-4.300000000000001,0,4,3,1,0.6447797773871571,,568.4
6446,-2.3000000000000003,0,4,3,1,0.6447797773871571,,568.5
6447,-4.300000000000001,0,4,3,1,0.6447797773871571,,568.6
6448,-4.300000000000001,0,4,3,1,0.6447797773871571,,568.7
6449,-4.300000000000001,0,4,3,1,0.6447797773871571,,568.7
6450,-4.300000000000001,0,4,3,1,0.6447797773871571,,568.8
6451,-4.300000000000001,0,4,3,1,0.6447797773871571,,568.9
6452,-2.3000000000000003,0,4,3,1,0.6447797773871571,,568.9
6453,-4.300000000000001,0,4,3,1,0.6447797773871571,,569.0
6454,-4.300000000000001,0,4,3,1,0.6447797773871571,,569.0
6455,-4.300000000000001,0,4,3,1,0.6447797773871571,,569.1
6456,-2.3000000000000003,0,4,3,1,0.6447797773871571,,569.2
6457,-4.300000000000001,0,4,3,1,0.6447797773871571,,569.2
6458,-5.6000000000000005,0,6,3,1,0.6447797773871571,,569.4
6459,-4.300000000000001,0,4,3,1,0.6447797773871571,,569.4
6460,-4.300000000000001,0,4,3,1,0.6447797773871571,,569.5
6461,-4.300000000000001,0,4,3,1,0.6447797773871571,,569.5
6462,-4.300000000000001,0,4,3,1,0.6447797773871571,,569.6
6463,-4.300000000000001,0,4,3,1,0.6447797773871571,,569.7
6464,-4.300000000000001,0,4,3,1,0.6447797773871571,,569.7
6465,-2.3000000000000003,0,4,3,1,0.6447797773871571,,569.8
6466,-2.3000000000000003,0,4,3,1,0.6447797773871571,,569.9
6467,-2.6,0,6,3,1,0.6447797773871571,,570.0
6468,-4.300000000000001,0,4,3,1,0.6447797773871571,,570.0
6469,-4.300000000000001,0,4,3,1,0.6447797773871571,,570.1
6470,-4.300000000000001,0,4,3,1,0.6447797773871571,,570.1
6471,-4.300000000000001,0,4,3,1,0.6447797773871571,,570.2
6472,-2.6,0,6,3,1,0.6447797773871571,,570.3
6473,-0.30000000000000004,0,4,3,1,0.6447797773871571,,570.4
6474,-4.300000000000001,0,4,3,1,0.6447797773871571,,570.4
6475,-4.300000000000001,0,4,3,1,0.6447797773871571,,570.5
6476,-4.300000000000001,0,4,3,1,0.6447797773871571,,570.5
6477,-2.3000000000000003,0,4,3,1,0.6447797773871571,,570.5
6478,-2.3000000000000003,0,4,3,1,0.6447797773871571,,570.6
6479,-0.30000000000000004,0,4,3,1,0.6447797773871571,,570.7
6480,-4.300000000000001,0,4,3,1,0.6447797773871571,,570.8
6481,-4.300000000000001,0,4,3,1,0.6447797773871571,,570.9
6482,-4.300000000000001,0,4,3,1,0.6447797773871571,,571.0
6483,-4.300000000000001,0,4,3,1,0.6447797773871571,,571.0
6484,-4.300000000000001,0,4,3,1,0.6447797773871571,,571.1
6485,-0.30000000000000004,0,4,3,1,0.6447797773871571,,571.1
6486,-4.300000000000001,0,4,3,1,0.6447797773871571,,571.2
6487,-2.3000000000000003,0,4,3,1,0.6447797773871571,,571.3
6488,-4.300000000000001,0,4,3,1,0.6447797773871571,,571.4
6489,-4.300000000000001,0,4,3,1,0.6447797773871571,,571.5
6490,-4.300000000000001,0,4,3,1,0.6147351711988449,1.4616773389279842,572.1
6491,-4.300000000000001,0,4,3,1,0.6147351711988449,,572.2
6492,-2.3000000000000003,0,4,3,1,0.6147351711988449,,572.3
6493,5.7,1,4,3,1,0.6147351711988449,,572.3
6494,-0.30000000000000004,0,4,3,1,0.6147351711988449,,572.4
6495,-0.30000000000000004,0,4,3,1,0.6147351711988449,,572.5
6496,-4.300000000000001,0,4,3,1,0.6147351711988449,,572.5
6497,-4.300000000000001,0,4,3,1,0.6147351711988449,,572.6
6498,-2.3000000000000003,0,4,3,1,0.6147351711988449,,572.6
6499,-5.4,0,5,4,1,0.6147351711988449,,572.7
6500,-4.300000000000001,0,4,3,1,0.6147351711988449,,572.8
6501,-2.3000000000000003,0,4,3,1,0.6147351711988449,,577.8
6502,-4.300000000000001,0,4,3,1,0.6147351711988449,,577.8
6503,-4.300000000000001,0,4,3,1,0.6147351711988449,,577.8
6504,-2.3000000000000003,0,4,3,1,0.6147351711988449,,577.9
6505,-4.300000000000001,0,4,3,1,0.6147351711988449,,578.0
6506,5.7,1,4,3,1,0.6147351711988449,,578.1
6507,-4.300000000000001,0,4,3,1,0.6147351711988449,,578.2
6508,-5.6000000000000005,0,6,3,1,0.6147351711988449,,578.3
6509,-4.300000000000001,0,4,3,1,0.6147351711988449,,578.3
6510,-4.300000000000001,0,4,3,1,0.6147351711988449,,578.4
6511,-4.300000000000001,0,4,3,1,0.6147351711988449,,578.4
6512,-4.300000000000001,0,4,3,1,0.6147351711988449,,578.5
6513,-4.300000000000001,0,4,3,1,0.6147351711988449,,578.6
6514,-2.3000000000000003,0,4,3,1,0.6147351711988449,,578.7
6515,-0.30000000000000004,0,4,3,1,0.6147351711988449,,578.7
6516,-4.300000000000001,0,4,3,1,0.6147351711988449,,578.8
6517,-2.3000000000000003,0,4,3,1,0.6147351711988449,,578.9
6518,-0.30000000000000004,0,4,3,1,0.6147351711988449,,578.9
6519,-2.3000000000000003,0,4,3,1,0.6147351711988449,,579.0
6520,-2.3000000000000003,0,4,3,1,0.6147351711988449,,579.1
6521,-0.30000000000000004,0,4,3,1,0.6147351711988449,,579.1
6522,-4.300000000000001,0,4,3,1,0.6147351711988449,,579.2
6523,-4.300000000000001,0,4,3,1,0.6147351711988449,,579.3
6524,-4.300000000000001,0,4,3,1,0.6147351711988449,,579.3
6525,5.7,1,4,3,1,0.6147351711988449,,579.4
6526,-4.300000000000001,0,4,3,1,0.6147351711988449,,579.4
6527,-3.6000000000000005,0,6,3,1,0.6147351711988449,,579.5
6528,5.7,1,4,3,1,0.6147351711988449,,579.6
6529,-2.3000000000000003,0,4,3,1,0.6147351711988449,,579.6
6530,-0.30000000000000004,0,4,3,1,0.6147351711988449,,579.7
6531,-4.300000000000001,0,4,3,1,0.6147351711988449,,579.8
6532,-4.300000000000001,0,4,3,1,0.6147351711988449,,579.8
6533,-4.300000000000001,0,4,3,1,0.6147351711988449,,579.9
6534,-2.3000000000000003,0,4,3,1,0.6147351711988449,,580.0
6535,-4.300000000000001,0,4,3,1,0.6147351711988449,,580.0
6536,-4.300000000000001,0,4,3,1,0.6147351711988449,,580.1
6537,-0.30000000000000004,0,4,3,1,0.6147351711988449,,580.2
6538,-4.300000000000001,0,4,3,1,0.6147351711988449,,580.2
6539,-4.300000000000001,0,4,3,1,0.6147351711988449,,580.3
6540,-2.3000000000000003,0,4,3,1,0.6147351711988449,,580.4
6541,-4.300000000000001,0,4,3,1,0.6147351711988449,,580.4
6542,-4.300000000000001,0,4,3,1,0.6147351711988449,,580.5
6543,-4.300000000000001,0,4,3,1,0.6147351711988449,,580.6
6544,-4.300000000000001,0,4,3,1,0.6147351711988449,,580.7
6545,-4.300000000000001,0,4,3,1,0.6147351711988449,,580.8
6546,5.7,1,4,3,1,0.6147351711988449,,580.8
6547,-2.3000000000000003,0,4,3,1,0.6147351711988449,,580.9
6548,-4.300000000000001,0,4,3,1,0.6147351711988449,,581.0
6549,-4.300000000000001,0,4,3,1,0.6147351711988449,,581.0
6550,-4.300000000000001,0,4,3,1,0.6147351711988449,,581.1
6551,-4.300000000000001,0,4,3,1,0.6147351711988449,,581.2
6552,-4.300000000000001,0,4,3,1,0.6147351711988449,,581.3
6553,-4.300000000000001,0,4,3,1,0.6147351711988449,,581.3
6554,-4.300000000000001,0,4,3,1,0.6147351711988449,,581.4
6555,5.7,1,4,3,1,0.6147351711988449,,581.5
6556,-4.300000000000001,0,4,3,1,0.6147351711988449,,581.5
6557,-2.3000000000000003,0,4,3,1,0.6147351711988449,,581.6
6558,-4.300000000000001,0,4,3,1,0.6147351711988449,,581.7
6559,-4.300000000000001,0,4,3,1,0.6147351711988449,,581.7
6560,-4.300000000000001,0,4,3,1,0.6147351711988449,,581.8
6561,-2.3000000000000003,0,4,3,1,0.6147351711988449,,581.9
6562,-2.3000000000000003,0,4,3,1,0.6147351711988449,,582.0
6563,-4.300000000000001,0,4,3,1,0.6147351711988449,,582.1
6564,-0.30000000000000004,0,4,3,1,0.6147351711988449,,582.1
6565,-0.30000000000000004,0,4,3,1,0.6147351711988449,,582.2
6566,-4.300000000000001,0,4,3,1,0.6147351711988449,,582.3
6567,-4.300000000000001,0,4,3,1,0.6147351711988449,,582.3
6568,-2.3000000000000003,0,4,3,1,0.6147351711988449,,582.4
6569,-2.3000000000000003,0,4,3,1,0.6147351711988449,,582.5
6570,-4.300000000000001,0,4,3,1,0.6147351711988449,,582.5
6571,-4.300000000000001,0,4,3,1,0.6147351711988449,,582.6
6572,-4.300000000000001,0,4,3,1,0.6147351711988449,,582.7
6573,-4.300000000000001,0,4,3,1,0.6147351711988449,,582.8
6574,-0.30000000000000004,0,4,3,1,0.6147351711988449,,582.8
6575,-4.300000000000001,0,4,3,1,0.6147351711988449,,583.0
6576,-4.300000000000001,0,4,3,1,0.6147351711988449,,583.0
6577,-4.300000000000001,0,4,3,1,0.6147351711988449,,583.1
6578,-2.3000000000000003,0,4,3,1,0.6147351711988449,,583.2
6579,-4.300000000000001,0,4,3,1,0.6147351711988449,,583.2
6580,-2.3000000000000003,0,4,3,1,0.6147351711988449,,583.3
6581,5.7,1,4,3,1,0.6147351711988449,,583.3
6582,-4.300000000000001,0,4,3,1,0.6147351711988449,,583.4
6583,-4.300000000000001,0,4,3,1,0.6147351711988449,,583.4
6584,-2.3000000000000003,0,4,3,1,0.6147351711988449,,583.5
6585,-2.3000000000000003,0,4,3,1,0.6147351711988449,,583.6
6586,-4.300000000000001,0,4,3,1,0.6147351711988449,,583.7
6587,-4.300000000000001,0,4,3,1,0.6147351711988449,,583.7
6588,-4.300000000000001,0,4,3,1,0.6147351711988449,,583.8
6589,-2.3000000000000003,0,4,3,1,0.6147351711988449,,583.9
6590,5.7,1,4,3,1,0.6147351711988449,,583.9
6591,0.6000000000000001,0,5,4,1,0.6147351711988449,,584.0
6592,-2.3000000000000003,0,4,3,1,0.6147351711988449,,584.0
6593,-2.3000000000000003,0,4,3,1,0.6147351711988449,,584.1
6594,-0.30000000000000004,0,4,3,1,0.6147351711988449,,584.2
6595,-4.300000000000001,0,4,3,1,0.6147351711988449,,584.2
6596,-4.300000000000001,0,4,3,1,0.6147351711988449,,584.3
6597,-4.6000000000000005,0,6,3,1,0.6147351711988449,,584.4
6598,-4.300000000000001,0,4,3,1,0.6147351711988449,,584.5
6599,-4.300000000000001,0,4,3,1,0.6147351711988449,,584.5
6600,5.7,1,4,3,1,0.6147351711988449,,584.6
6601,-4.300000000000001,0,4,3,1,0.6147351711988449,,584.7
6602,-1.9000000000000001,0,8,3,1,0.6147351711988449,,584.8
6603,-2.3000000000000003,0,4,3,1,0.6147351711988449,,584.8
6604,-4.300000000000001,0,4,3,1,0.6147351711988449,,584.9
6605,-4.300000000000001,0,4,3,1,0.6147351711988449,,584.9
6606,-4.300000000000001,0,4,3,1,0.6147351711988449,,585.0
6607,-4.300000000000001,0,4,3,1,0.6147351711988449,,585.0
6608,5.4,1,6,3,1,0.6147351711988449,,585.1
6609,-2.3000000000000003,0,4,3,1,0.6147351711988449,,585.1
6610,-2.3000000000000003,0,4,3,1,0.6147351711988449,,585.2
6611,-4.300000000000001,0,4,3,1,0.6147351711988449,,585.3
6612,5.7,1,4,3,1,0.6147351711988449,,585.3
6613,5.7,1,4,3,1,0.6147351711988449,,585.4
6614,-2.3000000000000003,0,4,3,1,0.6147351711988449,,585.5
6615,-4.300000000000001,0,4,3,1,0.6147351711988449,,585.6
6616,-4.300000000000001,0,4,3,1,0.6147351711988449,,585.6
6617,-4.300000000000001,0,4,3,1,0.6147351711988449,,585.7
6618,-0.30000000000000004,0,4,3,1,0.6147351711988449,,585.8
6619,-4.300000000000001,0,4,3,1,0.6147351711988449,,585.9
6620,-4.300000000000001,0,4,3,1,0.6147351711988449,,586.0
6621,-4.300000000000001,0,4,3,1,0.6147351711988449,,586.0
6622,-2.3000000000000003,0,4,3,1,0.6147351711988449,,586.1
6623,-0.30000000000000004,0,4,3,1,0.6147351711988449,,586.1
6624,-4.300000000000001,0,4,3,1,0.6147351711988449,,586.2
6625,-4.300000000000001,0,4,3,1,0.6147351711988449,,586.2
6626,-4.300000000000001,0,4,3,1,0.6147351711988449,,586.3
6627,-2.3000000000000003,0,4,3,1,0.6147351711988449,,586.4
6628,-1.4000000000000001,0,5,4,1,0.6147351711988449,,586.5
6629,-4.300000000000001,0,4,3,1,0.6147351711988449,,586.5
6630,-4.300000000000001,0,4,3,1,0.6147351711988449,,586.6
6631,-4.300000000000001,0,4,3,1,0.6147351711988449,,586.7
6632,-4.300000000000001,0,4,3,1,0.6147351711988449,,586.7
6633,-4.300000000000001,0,4,3,1,0.6147351711988449,,586.8
6634,-4.300000000000001,0,4,3,1,0.6147351711988449,,586.9
6635,-4.300000000000001,0,4,3,1,0.6147351711988449,,586.9
6636,5.7,1,4,3,1,0.6147351711988449,,587.0
6637,-3.4000000000000004,0,5,4,1,0.6147351711988449,,587.1
6638,-2.3000000000000003,0,4,3,1,0.6147351711988449,,587.1
6639,-2.3000000000000003,0,4,3,1,0.6147351711988449,,587.2
6640,-2.3000000000000003,0,4,3,1,0.6147351711988449,,587.3
6641,-1.6,0,6,3,1,0.6147351711988449,,587.4
6642,-0.30000000000000004,0,4,3,1,0.6147351711988449,,587.4
6643,-4.300000000000001,0,4,3,1,0.6147351711988449,,587.5
6644,5.7,1,4,3,1,0.6147351711988449,,587.5
6645,-2.3000000000000003,0,4,3,1,0.6147351711988449,,587.6
6646,-4.300000000000001,0,4,3,1,0.6147351711988449,,587.6
6647,-0.30000000000000004,0,4,3,1,0.6147351711988449,,587.7
6648,-2.3000000000000003,0,4,3,1,0.6147351711988449,,587.8
6649,-2.3000000000000003,0,4,3,1,0.6147351711988449,,587.9
6650,-4.300000000000001,0,4,3,1,0.6147351711988449,,587.9
6651,-4.300000000000001,0,4,3,1,0.6147351711988449,,588.0
6652,-0.30000000000000004,0,4,3,1,0.6147351711988449,,588.0
6653,-4.300000000000001,0,4,3,1,0.6147351711988449,,588.1
6654,-0.30000000000000004,0,4,3,1,0.6147351711988449,,588.2
6655,-4.300000000000001,0,4,3,1,0.6147351711988449,,588.3
6656,-4.300000000000001,0,4,3,1,0.6147351711988449,,588.3
6657,-2.3000000000000003,0,4,3,1,0.6147351711988449,,588.4
6658,-4.300000000000001,0,4,3,1,0.6147351711988449,,588.5
6659,-4.300000000000001,0,4,3,1,0.6147351711988449,,588.5
6660,-4.300000000000001,0,4,3,1,0.6147351711988449,,588.6
6661,-4.300000000000001,0,4,3,1,0.6147351711988449,,588.7
6662,-2.3000000000000003,0,4,3,1,0.6147351711988449,,588.7
6663,-2.3000000000000003,0,4,3,1,0.6147351711988449,,588.8
6664,-4.300000000000001,0,4,3,1,0.6147351711988449,,588.9
6665,-3.4000000000000004,0,5,4,1,0.6147351711988449,,589.0
6666,-4.300000000000001,0,4,3,1,0.6147351711988449,,589.0
6667,-0.30000000000000004,0,4,3,1,0.6147351711988449,,589.1
6668,-4.300000000000001,0,4,3,1,0.6147351711988449,,589.2
6669,5.7,1,4,3,1,0.6147351711988449,,589.2
6670,-2.3000000000000003,0,4,3,1,0.6147351711988449,,589.3
6671,5.7,1,4,3,1,0.6147351711988449,,589.3
6672,-2.3000000000000003,0,4,3,1,0.6147351711988449,,589.4
6673,-4.300000000000001,0,4,3,1,0.6147351711988449,,589.4
6674,-4.300000000000001,0,4,3,1,0.6147351711988449,,589.5
6675,5.7,1,4,3,1,0.6147351711988449,,589.5
6676,-4.300000000000001,0,4,3,1,0.6147351711988449,,589.6
6677,-2.3000000000000003,0,4,3,1,0.6147351711988449,,589.7
6678,-4.300000000000001,0,4,3,1,0.6147351711988449,,589.7
6679,5.7,1,4,3,1,0.6147351711988449,,589.8
6680,-0.30000000000000004,0,4,3,1,0.6147351711988449,,589.9
6681,-4.300000000000001,0,4,3,1,0.6147351711988449,,589.9
6682,-4.300000000000001,0,4,3,1,0.6147351711988449,,590.0
6683,-2.3000000000000003,0,4,3,1,0.6147351711988449,,590.1
6684,-2.3000000000000003,0,4,3,1,0.6147351711988449,,590.2
6685,-4.300000000000001,0,4,3,1,0.6147351711988449,,590.2
6686,-5.4,0,5,4,1,0.6147351711988449,,590.3
6687,-4.300000000000001,0,4,3,1,0.6147351711988449,,590.4
6688,5.7,1,4,3,1,0.6147351711988449,,590.4
6689,-2.3000000000000003,0,4,3,1,0.6147351711988449,,590.5
6690,-4.300000000000001,0,4,3,1,0.6147351711988449,,590.6
6691,5.7,1,4,3,1,0.6147351711988449,,590.6
6692,-4.300000000000001,0,4,3,1,0.6147351711988449,,590.7
6693,-0.30000000000000004,0,4,3,1,0.6147351711988449,,590.7
6694,-4.300000000000001,0,4,3,1,0.6147351711988449,,590.8
6695,-4.300000000000001,0,4,3,1,0.6147351711988449,,590.9
6696,-4.300000000000001,0,4,3,1,0.6147351711988449,,590.9
6697,-4.300000000000001,0,4,3,1,0.6147351711988449,,591.0
6698,5.7,1,4,3,1,0.6147351711988449,,591.1
6699,-4.300000000000001,0,4,3,1,0.6147351711988449,,591.1
6700,-4.300000000000001,0,4,3,1,0.6147351711988449,,591.2
6701,-2.3000000000000003,0,4,3,1,0.6147351711988449,,591.3
6702,-0.30000000000000004,0,4,3,1,0.6147351711988449,,591.3
6703,-2.3000000000000003,0,4,3,1,0.6147351711988449,,591.4
6704,-4.300000000000001,0,4,3,1,0.6147351711988449,,591.5
6705,-0.30000000000000004,0,4,3,1,0.6147351711988449,,591.5
6706,-2.3000000000000003,0,4,3,1,0.6147351711988449,,591.6
6707,-2.3000000000000003,0,4,3,1,0.6147351711988449,,591.7
6708,-4.300000000000001,0,4,3,1,0.6147351711988449,,591.8
6709,5.7,1,4,3,1,0.6147351711988449,,591.8
6710,-4.300000000000001,0,4,3,1,0.6147351711988449,,591.9
6711,-4.300000000000001,0,4,3,1,0.6147351711988449,,592.0
6712,-4.300000000000001,0,4,3,1,0.6147351711988449,,592.0
6713,-2.3000000000000003,0,4,3,1,0.6147351711988449,,592.1
6714,-4.300000000000001,0,4,3,1,0.6147351711988449,,592.2
6715,-2.3000000000000003,0,4,3,1,0.6147351711988449,,592.2
6716,-4.300000000000001,0,4,3,1,0.6147351711988449,,592.3
6717,-0.30000000000000004,0,4,3,1,0.6147351711988449,,592.4
6718,5.7,1,4,3,1,0.6147351711988449,,592.5
6719,-4.300000000000001,0,4,3,1,0.6147351711988449,,592.5
6720,5.7,1,4,3,1,0.6147351711988449,,592.6
6721,-4.300000000000001,0,4,3,1,0.6147351711988449,,592.7
6722,-4.300000000000001,0,4,3,1,0.6147351711988449,,592.7
6723,-4.300000000000001,0,4,3,1,0.6147351711988449,,592.8
6724,5.7,1,4,3,1,0.6147351711988449,,592.9
6725,-4.300000000000001,0,4,3,1,0.6147351711988449,,593.0
6726,-2.3000000000000003,0,4,3,1,0.6147351711988449,,593.0
6727,-2.3000000000000003,0,4,3,1,0.6147351711988449,,593.1
6728,5.7,1,4,3,1,0.6147351711988449,,593.2
6729,-4.300000000000001,0,4,3,1,0.6147351711988449,,593.3
6730,-4.300000000000001,0,4,3,1,0.6147351711988449,,593.3
6731,-4.300000000000001,0,4,3,1,0.6147351711988449,,593.4
6732,-2.3000000000000003,0,4,3,1,0.6147351711988449,,593.5
6733,-2.3000000000000003,0,4,3,1,0.6147351711988449,,593.5
6734,-4.300000000000001,0,4,3,1,0.6147351711988449,,593.6
6735,5.7,1,4,3,1,0.6147351711988449,,593.7
6736,-5.6000000000000005,0,6,3,1,0.6147351711988449,,593.8
6737,-4.300000000000001,0,4,3,1,0.6147351711988449,,593.9
6738,-2.3000000000000003,0,4,3,1,0.6147351711988449,,593.9
6739,5.7,1,4,3,1,0.6147351711988449,,593.9
6740,-2.3000000000000003,0,4,3,1,0.6147351711988449,,594.0
6741,-4.300000000000001,0,4,3,1,0.6147351711988449,,594.1
6742,-4.300000000000001,0,4,3,1,0.6147351711988449,,594.2
6743,-2.3000000000000003,0,4,3,1,0.6147351711988449,,594.2
6744,5.7,1,4,3,1,0.6147351711988449,,594.3
6745,-4.300000000000001,0,4,3,1,0.6147351711988449,,594.4
6746,-4.300000000000001,0,4,3,1,0.6147351711988449,,594.4
6747,5.7,1,4,3,1,0.6147351711988449,,594.5
6748,-4.300000000000001,0,4,3,1,0.6147351711988449,,594.6
6749,-0.30000000000000004,0,4,3,1,0.6147351711988449,,594.6
6750,-4.300000000000001,0,4,3,1,0.6147351711988449,,594.7
6751,-1.6,0,6,3,1,0.6147351711988449,,594.8
6752,-2.3000000000000003,0,4,3,1,0.6147351711988449,,594.9
6753,-4.300000000000001,0,4,3,1,0.6147351711988449,,594.9
6754,-2.3000000000000003,0,4,3,1,0.6147351711988449,,595.0
6755,-2.3000000000000003,0,4,3,1,0.6147351711988449,,595.0
6756,-2.3000000000000003,0,4,3,1,0.6147351711988449,,595.1
6757,-2.3000000000000003,0,4,3,1,0.6147351711988449,,595.2
6758,5.7,1,4,3,1,0.6147351711988449,,595.2
6759,-0.30000000000000004,0,4,3,1,0.6147351711988449,,595.3
6760,-4.300000000000001,0,4,3,1,0.6147351711988449,,595.4
6761,-4.300000000000001,0,4,3,1,0.6147351711988449,,595.5
6762,-4.300000000000001,0,4,3,1,0.6147351711988449,,595.6
6763,-0.30000000000000004,0,4,3,1,0.6147351711988449,,595.6
6764,-4.300000000000001,0,4,3,1,0.6147351711988449,,595.7
6765,5.7,1,4,3,1,0.6147351711988449,,595.7
6766,-4.300000000000001,0,4,3,1,0.6147351711988449,,595.8
6767,-4.300000000000001,0,4,3,1,0.6147351711988449,,595.9
6768,-4.300000000000001,0,4,3,1,0.6147351711988449,,595.9
6769,-4.300000000000001,0,4,3,1,0.6147351711988449,,596.0
6770,-2.3000000000000003,0,4,3,1,0.6147351711988449,,596.1
6771,-4.300000000000001,0,4,3,1,0.6147351711988449,,596.1
6772,-4.300000000000001,0,4,3,1,0.6147351711988449,,596.2
6773,-2.3000000000000003,0,4,3,1,0.6147351711988449,,596.2
6774,-2.3000000000000003,0,4,3,1,0.6147351711988449,,596.3
6775,-4.300000000000001,0,4,3,1,0.6147351711988449,,596.3
6776,-4.300000000000001,0,4,3,1,0.6147351711988449,,596.4
6777,-2.3000000000000003,0,4,3,1,0.6147351711988449,,596.5
6778,-4.300000000000001,0,4,3,1,0.6147351711988449,,596.5
6779,5.7,1,4,3,1,0.6147351711988449,,596.6
6780,-4.300000000000001,0,4,3,1,0.6147351711988449,,596.7
6781,-4.300000000000001,0,4,3,1,0.6147351711988449,,596.7
6782,5.4,1,6,3,1,0.6147351711988449,,596.8
6783,5.7,1,4,3,1,0.6147351711988449,,596.9
6784,-4.300000000000001,0,4,3,1,0.6147351711988449,,596.9
6785,-4.300000000000001,0,4,3,1,0.6147351711988449,,597.0
6786,-4.300000000000001,0,4,3,1,0.6147351711988449,,597.0
6787,-2.3000000000000003,0,4,3,1,0.6147351711988449,,597.1
6788,-4.300000000000001,0,4,3,1,0.6147351711988449,,597.1
6789,-4.300000000000001,0,4,3,1,0.6147351711988449,,597.1
6790,-4.300000000000001,0,4,3,1,0.6147351711988449,,597.2
6791,-0.30000000000000004,0,4,3,1,0.6147351711988449,,597.3
6792,-0.30000000000000004,0,4,3,1,0.6147351711988449,,597.3
6793,-4.300000000000001,0,4,3,1,0.6147351711988449,,597.4
6794,-0.30000000000000004,0,4,3,1,0.6147351711988449,,597.4
6795,-4.6,0,6,3,1,0.6147351711988449,,597.5
6796,5.7,1,4,3,1,0.6147351711988449,,597.6
6797,-2.3000000000000003,0,4,3,1,0.6147351711988449,,597.7
6798,5.7,1,4,3,1,0.6147351711988449,,597.7
6799,-5.4,0,5,4,1,0.6147351711988449,,597.8
6800,5.7,1,4,3,1,0.6147351711988449,,597.9
6801,-4.300000000000001,0,4,3,1,0.6147351711988449,,597.9
6802,-4.300000000000001,0,4,3,1,0.6147351711988449,,598.0
6803,-0.30000000000000004,0,4,3,1,0.6147351711988449,,598.1
6804,-4.300000000000001,0,4,3,1,0.6147351711988449,,598.1
6805,-4.300000000000001,0,4,3,1,0.6147351711988449,,598.2
6806,5.7,1,4,3,1,0.6147351711988449,,598.2
6807,-4.300000000000001,0,4,3,1,0.6147351711988449,,598.3
6808,-4.300000000000001,0,4,3,1,0.6147351711988449,,598.4
6809,-2.3000000000000003,0,4,3,1,0.6147351711988449,,598.5
6810,-2.3000000000000003,0,4,3,1,0.6147351711988449,,598.5
6811,-4.300000000000001,0,4,3,1,0.6147351711988449,,598.6
6812,-5.4,0,5,4,1,0.6147351711988449,,598.7
6813,5.7,1,4,3,1,0.6147351711988449,,598.7
6814,-0.30000000000000004,0,4,3,1,0.6147351711988449,,598.8
6815,-4.300000000000001,0,4,3,1,0.6147351711988449,,598.9
6816,-4.300000000000001,0,4,3,1,0.6147351711988449,,598.9
6817,-0.30000000000000004,0,4,3,1,0.6147351711988449,,599.0
6818,-0.30000000000000004,0,4,3,1,0.6147351711988449,,599.1
6819,-0.30000000000000004,0,4,3,1,0.6147351711988449,,599.2
6820,-4.300000000000001,0,4,3,1,0.6147351711988449,,599.3
6821,-0.30000000000000004,0,4,3,1,0.6147351711988449,,599.3
6822,5.4,1,6,3,1,0.6147351711988449,,599.4
6823,-4.300000000000001,0,4,3,1,0.6147351711988449,,599.5
6824,-4.300000000000001,0,4,3,1,0.6147351711988449,,599.5
6825,5.7,1,4,3,1,0.6147351711988449,,599.6
6826,-3.6,0,6,3,1,0.6147351711988449,,599.7
6827,-4.300000000000001,0,4,3,1,0.6147351711988449,,599.7
6828,-0.30000000000000004,0,4,3,1,0.6147351711988449,,599.8
6829,-2.3000000000000003,0,4,3,1,0.6147351711988449,,599.8
6830,5.7,1,4,3,1,0.6147351711988449,,599.9
6831,-2.3000000000000003,0,4,3,1,0.6147351711988449,,600.0
6832,-2.3000000000000003,0,4,3,1,0.6147351711988449,,600.0
6833,-4.300000000000001,0,4,3,1,0.6147351711988449,,600.1
6834,-4.300000000000001,0,4,3,1,0.6147351711988449,,600.2
6835,-2.3000000000000003,0,4,3,1,0.6147351711988449,,600.3
6836,-4.300000000000001,0,4,3,1,0.6147351711988449,,600.3
6837,-4.300000000000001,0,4,3,1,0.6147351711988449,,600.4
6838,-4.300000000000001,0,4,3,1,0.6147351711988449,,600.4
6839,-4.300000000000001,0,4,3,1,0.6147351711988449,,600.5
6840,-4.300000000000001,0,4,3,1,0.6147351711988449,,600.6
6841,-0.30000000000000004,0,4,3,1,0.6147351711988449,,600.7
6842,-4.300000000000001,0,4,3,1,0.6147351711988449,,600.7
6843,-4.300000000000001,0,4,3,1,0.6147351711988449,,600.8
6844,5.7,1,4,3,1,0.6147351711988449,,600.9
6845,-4.9,0,8,3,1,0.6147351711988449,,600.9
6846,-2.3000000000000003,0,4,3,1,0.6147351711988449,,601.0
6847,-2.3000000000000003,0,4,3,1,0.6147351711988449,,601.0
6848,-4.300000000000001,0,4,3,1,0.6147351711988449,,601.1
6849,5.7,1,4,3,1,0.6147351711988449,,601.1
6850,-4.300000000000001,0,4,3,1,0.6147351711988449,,601.2
6851,-4.300000000000001,0,4,3,1,0.6147351711988449,,601.3
6852,-4.300000000000001,0,4,3,1,0.6147351711988449,,601.3
6853,5.7,1,4,3,1,0.6147351711988449,,601.4
6854,-0.30000000000000004,0,4,3,1,0.6147351711988449,,601.5
6855,-2.3000000000000003,0,4,3,1,0.6147351711988449,,601.6
6856,-4.300000000000001,0,4,3,1,0.6147351711988449,,601.6
6857,-4.300000000000001,0,4,3,1,0.6147351711988449,,601.7
6858,-4.300000000000001,0,4,3,1,0.6147351711988449,,601.7
6859,-2.6,0,6,3,1,0.6147351711988449,,601.8
6860,-4.300000000000001,0,4,3,1,0.6147351711988449,,601.9
6861,5.7,1,4,3,1,0.6147351711988449,,601.9
6862,5.7,1,4,3,1,0.6147351711988449,,602.0
6863,-4.300000000000001,0,4,3,1,0.6147351711988449,,602.0
6864,-4.300000000000001,0,4,3,1,0.6147351711988449,,602.1
6865,-4.300000000000001,0,4,3,1,0.6147351711988449,,602.2
6866,-4.300000000000001,0,4,3,1,0.6147351711988449,,602.2
6867,-4.300000000000001,0,4,3,1,0.6147351711988449,,602.3
6868,-4.300000000000001,0,4,3,1,0.6147351711988449,,602.4
6869,-2.3000000000000003,0,4,3,1,0.6147351711988449,,602.4
6870,-4.300000000000001,0,4,3,1,0.6147351711988449,,602.4
6871,-4.300000000000001,0,4,3,1,0.6147351711988449,,602.5
6872,5.7,1,4,3,1,0.6147351711988449,,602.6
6873,-4.300000000000001,0,4,3,1,0.6147351711988449,,602.7
6874,-4.300000000000001,0,4,3,1,0.6147351711988449,,602.7
6875,-4.300000000000001,0,4,3,1,0.6147351711988449,,602.8
6876,-4.300000000000001,0,4,3,1,0.6147351711988449,,602.8
6877,-4.300000000000001,0,4,3,1,0.6147351711988449,,602.9
6878,-4.300000000000001,0,4,3,1,0.6147351711988449,,603.0
6879,-4.300000000000001,0,4,3,1,0.6147351711988449,,603.1
6880,-4.300000000000001,0,4,3,1,0.6147351711988449,,603.1
6881,-4.300000000000001,0,4,3,1,0.6147351711988449,,603.2
6882,5.7,1,4,3,1,0.6147351711988449,,603.2
6883,-4.300000000000001,0,4,3,1,0.6147351711988449,,603.3
6884,-4.300000000000001,0,4,3,1,0.6147351711988449,,603.4
6885,-2.3000000000000003,0,4,3,1,0.6147351711988449,,603.4
6886,-5.4,0,5,4,1,0.6147351711988449,,603.5
6887,-4.300000000000001,0,4,3,1,0.6147351711988449,,603.6
6888,-4.300000000000001,0,4,3,1,0.6147351711988449,,603.7
6889,-4.300000000000001,0,4,3,1,0.6147351711988449,,603.8
6890,-5.6000000000000005,0,6,3,1,0.6147351711988449,,603.9
6891,-0.30000000000000004,0,4,3,1,0.6147351711988449,,603.9
6892,5.7,1,4,3,1,0.6147351711988449,,604.0
6893,-4.300000000000001,0,4,3,1,0.6147351711988449,,604.1
6894,-0.30000000000000004,0,4,3,1,0.6147351711988449,,604.2
6895,-4.300000000000001,0,4,3,1,0.6147351711988449,,604.3
6896,-4.300000000000001,0,4,3,1,0.6147351711988449,,604.3
6897,-4.300000000000001,0,4,3,1,0.6147351711988449,,604.4
6898,-0.30000000000000004,0,4,3,1,0.6147351711988449,,604.5
6899,-4.300000000000001,0,4,3,1,0.6147351711988449,,604.5
6900,-2.3000000000000003,0,4,3,1,0.6147351711988449,,604.6
6901,-4.300000000000001,0,4,3,1,0.6147351711988449,,604.7
6902,-4.300000000000001,0,4,3,1,0.6147351711988449,,604.7
6903,-0.30000000000000004,0,4,3,1,0.6147351711988449,,604.8
6904,-4.300000000000001,0,4,3,1,0.6147351711988449,,604.8
6905,-0.30000000000000004,0,4,3,1,0.6147351711988449,,604.8
6906,-2.3000000000000003,0,4,3,1,0.6147351711988449,,604.9
6907,-4.300000000000001,0,4,3,1,0.6147351711988449,,605.0
6908,5.7,1,4,3,1,0.6147351711988449,,605.1
6909,-2.3000000000000003,0,4,3,1,0.6147351711988449,,605.1
6910,-4.300000000000001,0,4,3,1,0.6147351711988449,,605.2
6911,-4.300000000000001,0,4,3,1,0.6147351711988449,,605.3
6912,-4.300000000000001,0,4,3,1,0.6147351711988449,,605.4
6913,-4.300000000000001,0,4,3,1,0.6147351711988449,,605.4
6914,-4.300000000000001,0,4,3,1,0.6147351711988449,,605.5
6915,-4.300000000000001,0,4,3,1,0.6147351711988449,,605.6
6916,-4.300000000000001,0,4,3,1,0.6147351711988449,,605.7
6917,-4.300000000000001,0,4,3,1,0.6147351711988449,,605.7
6918,-4.300000000000001,0,4,3,1,0.6147351711988449,,605.8
6919,-4.300000000000001,0,4,3,1,0.6147351711988449,,605.9
6920,-4.300000000000001,0,4,3,1,0.6147351711988449,,606.0
6921,-4.300000000000001,0,4,3,1,0.6147351711988449,,606.0
6922,-4.300000000000001,0,4,3,1,0.6147351711988449,,606.1
6923,-2.3000000000000003,0,4,3,1,0.6147351711988449,,606.2
6924,-4.300000000000001,0,4,3,1,0.6147351711988449,,606.3
6925,-4.300000000000001,0,4,3,1,0.6147351711988449,,606.3
6926,-4.300000000000001,0,4,3,1,0.6147351711988449,,606.4
6927,-3.6,0,6,3,1,0.6147351711988449,,606.5
6928,-4.300000000000001,0,4,3,1,0.6147351711988449,,606.5
6929,-4.300000000000001,0,4,3,1,0.6147351711988449,,606.6
6930,5.7,1,4,3,1,0.6147351711988449,,606.7
6931,-4.300000000000001,0,4,3,1,0.6147351711988449,,606.7
6932,-4.300000000000001,0,4,3,1,0.6147351711988449,,606.8
6933,-4.300000000000001,0,4,3,1,0.6147351711988449,,606.9
6934,-4.300000000000001,0,4,3,1,0.6147351711988449,,606.9
6935,-4.300000000000001,0,4,3,1,0.6147351711988449,,607.0
6936,-4.300000000000001,0,4,3,1,0.6147351711988449,,607.0
6937,-2.3000000000000003,0,4,3,1,0.6147351711988449,,607.1
6938,-2.3000000000000003,0,4,3,1,0.6147351711988449,,607.2
6939,-0.30000000000000004,0,4,3,1,0.6147351711988449,,607.2
6940,5.7,1,4,3,1,0.6147351711988449,,607.3
6941,-2.3000000000000003,0,4,3,1,0.6147351711988449,,607.3
6942,-4.300000000000001,0,4,3,1,0.6147351711988449,,607.4
6943,-4.300000000000001,0,4,3,1,0.6147351711988449,,607.5
6944,-0.30000000000000004,0,4,3,1,0.6147351711988449,,607.5
6945,5.7,1,4,3,1,0.6147351711988449,,607.6
6946,-2.3000000000000003,0,4,3,1,0.6147351711988449,,607.7
6947,-5.4,0,5,4,1,0.6147351711988449,,607.7
6948,-4.300000000000001,0,4,3,1,0.6147351711988449,,607.8
6949,-4.300000000000001,0,4,3,1,0.6147351711988449,,607.9
6950,-4.300000000000001,0,4,3,1,0.6147351711988449,,607.9
6951,-4.300000000000001,0,4,3,1,0.6147351711988449,,608.0
6952,-4.300000000000001,0,4,3,1,0.6147351711988449,,608.1
6953,-4.300000000000001,0,4,3,1,0.6147351711988449,,608.2
6954,-2.3000000000000003,0,4,3,1,0.6147351711988449,,608.2
6955,-0.30000000000000004,0,4,3,1,0.6147351711988449,,608.3
6956,-4.300000000000001,0,4,3,1,0.6147351711988449,,608.4
6957,-2.3000000000000003,0,4,3,1,0.6147351711988449,,608.5
6958,-2.3000000000000003,0,4,3,1,0.6147351711988449,,608.5
6959,-4.300000000000001,0,4,3,1,0.6147351711988449,,608.6
6960,-4.300000000000001,0,4,3,1,0.6147351711988449,,608.7
6961,-4.300000000000001,0,4,3,1,0.6147351711988449,,608.8
6962,-4.300000000000001,0,4,3,1,0.6147351711988449,,608.9
6963,-4.300000000000001,0,4,3,1,0.6147351711988449,,609.0
6964,5.7,1,4,3,1,0.6147351711988449,,609.0
6965,-4.300000000000001,0,4,3,1,0.6147351711988449,,609.1
6966,-4.300000000000001,0,4,3,1,0.6147351711988449,,609.2
6967,-0.30000000000000004,0,4,3,1,0.6147351711988449,,609.2
6968,-4.300000000000001,0,4,3,1,0.6147351711988449,,609.3
6969,-4.300000000000001,0,4,3,1,0.6147351711988449,,609.4
6970,-4.300000000000001,0,4,3,1,0.6147351711988449,,609.5
6971,-2.3000000000000003,0,4,3,1,0.6147351711988449,,609.5
6972,5.7,1,4,3,1,0.6147351711988449,,609.6
6973,-4.300000000000001,0,4,3,1,0.6147351711988449,,609.6
6974,-0.30000000000000004,0,4,3,1,0.6147351711988449,,609.6
6975,-4.300000000000001,0,4,3,1,0.6147351711988449,,609.7
6976,-4.300000000000001,0,4,3,1,0.6147351711988449,,609.7
6977,-4.300000000000001,0,4,3,1,0.6147351711988449,,609.8
6978,-4.300000000000001,0,4,3,1,0.6147351711988449,,609.9
6979,-2.3000000000000003,0,4,3,1,0.6147351711988449,,610.0
6980,-4.300000000000001,0,4,3,1,0.6147351711988449,,610.0
6981,5.7,1,4,3,1,0.6147351711988449,,610.1
6982,-0.30000000000000004,0,4,3,1,0.6147351711988449,,610.1
6983,-2.3000000000000003,0,4,3,1,0.6147351711988449,,610.2
6984,-4.300000000000001,0,4,3,1,0.6147351711988449,,610.2
6985,-4.300000000000001,0,4,3,1,0.6147351711988449,,610.3
6986,-0.30000000000000004,0,4,3,1,0.6147351711988449,,610.3
6987,-2.3000000000000003,0,4,3,1,0.6147351711988449,,610.4
6988,-4.300000000000001,0,4,3,1,0.6147351711988449,,610.5
6989,-0.30000000000000004,0,4,3,1,0.6147351711988449,,610.5
6990,5.7,1,4,3,1,0.6147351711988449,,610.6
6991,-0.30000000000000004,0,4,3,1,0.6437643524259329,1.6518487753346562,611.2
6992,-4.300000000000001,0,4,3,1,0.6437643524259329,,611.3
6993,-4.300000000000001,0,4,3,1,0.6437643524259329,,611.4
6994,-2.3000000000000003,0,4,3,1,0.6437643524259329,,611.4
6995,-4.300000000000001,0,4,3,1,0.6437643524259329,,611.5
6996,5.7,1,4,3,1,0.6437643524259329,,611.5
6997,-0.30000000000000004,0,4,3,1,0.6437643524259329,,611.6
6998,-4.300000000000001,0,4,3,1,0.6437643524259329,,611.7
6999,-4.300000000000001,0,4,3,1,0.6437643524259329,,611.8
7000,-2.3000000000000003,0,4,3,1,0.6437643524259329,,611.8
7001,-4.300000000000001,0,4,3,1,0.6437643524259329,,616.8
7002,-2.3000000000000003,0,4,3,1,0.6437643524259329,,616.9
7003,-2.3000000000000003,0,4,3,1,0.6437643524259329,,616.9
7004,-4.300000000000001,0,4,3,1,0.6437643524259329,,617.0
7005,-2.3000000000000003,0,4,3,1,0.6437643524259329,,617.1
7006,-4.300000000000001,0,4,3,1,0.6437643524259329,,617.2
7007,-4.300000000000001,0,4,3,1,0.6437643524259329,,617.2
7008,-2.3000000000000003,0,4,3,1,0.6437643524259329,,617.3
7009,-0.30000000000000004,0,4,3,1,0.6437643524259329,,617.3
7010,-4.300000000000001,0,4,3,1,0.6437643524259329,,617.3
7011,-4.300000000000001,0,4,3,1,0.6437643524259329,,617.4
7012,-4.300000000000001,0,4,3,1,0.6437643524259329,,617.5
7013,-4.300000000000001,0,4,3,1,0.6437643524259329,,617.6
7014,-2.3000000000000003,0,4,3,1,0.6437643524259329,,617.6
7015,-4.300000000000001,0,4,3,1,0.6437643524259329,,617.7
7016,-4.300000000000001,0,4,3,1,0.6437643524259329,,617.8
7017,-4.300000000000001,0,4,3,1,0.6437643524259329,,617.8
7018,-0.30000000000000004,0,4,3,1,0.6437643524259329,,617.9
7019,-4.300000000000001,0,4,3,1,0.6437643524259329,,617.9
7020,-4.300000000000001,0,4,3,1,0.6437643524259329,,618.0
7021,-4.300000000000001,0,4,3,1,0.6437643524259329,,618.1
7022,-0.30000000000000004,0,4,3,1,0.6437643524259329,,618.1
7023,-4.300000000000001,0,4,3,1,0.6437643524259329,,618.2
7024,-1.6,0,6,3,1,0.6437643524259329,,618.3
7025,-4.300000000000001,0,4,3,1,0.6437643524259329,,618.3
7026,-2.3000000000000003,0,4,3,1,0.6437643524259329,,618.4
7027,5.7,1,4,3,1,0.6437643524259329,,618.4
7028,-4.300000000000001,0,4,3,1,0.6437643524259329,,618.5
7029,5.7,1,4,3,1,0.6437643524259329,,618.6
7030,-4.300000000000001,0,4,3,1,0.6437643524259329,,618.6
7031,-2.3000000000000003,0,4,3,1,0.6437643524259329,,618.7
7032,-4.300000000000001,0,4,3,1,0.6437643524259329,,618.7
7033,-4.300000000000001,0,4,3,1,0.6437643524259329,,618.8
7034,-4.300000000000001,0,4,3,1,0.6437643524259329,,618.9
7035,-4.300000000000001,0,4,3,1,0.6437643524259329,,619.0
7036,-0.30000000000000004,0,4,3,1,0.6437643524259329,,619.0
7037,-2.3000000000000003,0,4,3,1,0.6437643524259329,,619.1
7038,-4.300000000000001,0,4,3,1,0.6437643524259329,,619.1
7039,5.7,1,4,3,1,0.6437643524259329,,619.2
7040,-4.300000000000001,0,4,3,1,0.6437643524259329,,619.2
7041,-2.3000000000000003,0,4,3,1,0.6437643524259329,,619.3
7042,-4.300000000000001,0,4,3,1,0.6437643524259329,,619.3
7043,5.7,1,4,3,1,0.6437643524259329,,619.4
7044,5.7,1,4,3,1,0.6437643524259329,,619.5
7045,5.7,1,4,3,1,0.6437643524259329,,619.6
7046,-4.300000000000001,0,4,3,1,0.6437643524259329,,619.6
7047,-2.3000000000000003,0,4,3,1,0.6437643524259329,,619.7
7048,-0.30000000000000004,0,4,3,1,0.6437643524259329,,619.7
7049,-4.300000000000001,0,4,3,1,0.6437643524259329,,619.8
7050,-4.300000000000001,0,4,3,1,0.6437643524259329,,619.9
7051,-4.300000000000001,0,4,3,1,0.6437643524259329,,619.9
7052,-4.300000000000001,0,4,3,1,0.6437643524259329,,620.0
7053,-4.300000000000001,0,4,3,1,0.6437643524259329,,620.0
7054,5.7,1,4,3,1,0.6437643524259329,,620.1
7055,-2.3000000000000003,0,4,3,1,0.6437643524259329,,620.2
7056,5.7,1,4,3,1,0.6437643524259329,,620.2
7057,-2.3000000000000003,0,4,3,1,0.6437643524259329,,620.3
7058,-2.3000000000000003,0,4,3,1,0.6437643524259329,,620.3
7059,-0.30000000000000004,0,4,3,1,0.6437643524259329,,620.4
7060,-0.30000000000000004,0,4,3,1,0.6437643524259329,,620.4
7061,-4.300000000000001,0,4,3,1,0.6437643524259329,,620.4
7062,-4.300000000000001,0,4,3,1,0.6437643524259329,,620.5
7063,-0.30000000000000004,0,4,3,1,0.6437643524259329,,620.6
7064,-4.300000000000001,0,4,3,1,0.6437643524259329,,620.6
7065,-0.30000000000000004,0,4,3,1,0.6437643524259329,,620.7
7066,-4.300000000000001,0,4,3,1,0.6437643524259329,,620.7
7067,-0.30000000000000004,0,4,3,1,0.6437643524259329,,620.8
7068,-4.9,0,8,3,1,0.6437643524259329,,620.9
7069,-4.300000000000001,0,4,3,1,0.6437643524259329,,620.9
7070,5.7,1,4,3,1,0.6437643524259329,,620.9
7071,-2.3000000000000003,0,4,3,1,0.6437643524259329,,621.0
7072,-4.300000000000001,0,4,3,1,0.6437643524259329,,621.0
7073,5.7,1,4,3,1,0.6437643524259329,,621.1
7074,-4.300000000000001,0,4,3,1,0.6437643524259329,,621.2
7075,-4.300000000000001,0,4,3,1,0.6437643524259329,,621.3
7076,5.7,1,4,3,1,0.6437643524259329,,621.3
7077,-4.300000000000001,0,4,3,1,0.6437643524259329,,621.4
7078,-4.300000000000001,0,4,3,1,0.6437643524259329,,621.5
7079,-5.6000000000000005,0,6,3,1,0.6437643524259329,,621.5
7080,5.7,1,4,3,1,0.6437643524259329,,621.6
7081,-4.300000000000001,0,4,3,1,0.6437643524259329,,621.7
7082,-4.300000000000001,0,4,3,1,0.6437643524259329,,621.7
7083,5.7,1,4,3,1,0.6437643524259329,,621.7
7084,-4.300000000000001,0,4,3,1,0.6437643524259329,,621.8
7085,-4.300000000000001,0,4,3,1,0.6437643524259329,,621.8
7086,-0.30000000000000004,0,4,3,1,0.6437643524259329,,621.9
7087,-4.300000000000001,0,4,3,1,0.6437643524259329,,622.0
7088,5.7,1,4,3,1,0.6437643524259329,,622.0
7089,-4.300000000000001,0,4,3,1,0.6437643524259329,,622.0
7090,-2.3000000000000003,0,4,3,1,0.6437643524259329,,622.1
7091,-4.300000000000001,0,4,3,1,0.6437643524259329,,622.2
7092,5.7,1,4,3,1,0.6437643524259329,,622.3
7093,-4.300000000000001,0,4,3,1,0.6437643524259329,,622.3
7094,-4.300000000000001,0,4,3,1,0.6437643524259329,,622.4
7095,-2.3000000000000003,0,4,3,1,0.6437643524259329,,622.5
7096,-0.30000000000000004,0,4,3,1,0.6437643524259329,,622.6
7097,5.7,1,4,3,1,0.6437643524259329,,622.7
7098,5.7,1,4,3,1,0.6437643524259329,,622.7
7099,-2.3000000000000003,0,4,3,1,0.6437643524259329,,622.8
7100,-4.300000000000001,0,4,3,1,0.6437643524259329,,622.9
7101,-4.300000000000001,0,4,3,1,0.6437643524259329,,622.9
7102,-4.300000000000001,0,4,3,1,0.6437643524259329,,623.0
7103,-2.3000000000000003,0,4,3,1,0.6437643524259329,,623.0
7104,-2.6,0,6,3,1,0.6437643524259329,,623.1
7105,-2.3000000000000003,0,4,3,1,0.6437643524259329,,623.1
7106,-5.6000000000000005,0,6,3,1,0.6437643524259329,,623.2
7107,-0.30000000000000004,0,4,3,1,0.6437643524259329,,623.3
7108,-4.300000000000001,0,4,3,1,0.6437643524259329,,623.4
7109,-4.300000000000001,0,4,3,1,0.6437643524259329,,623.4
7110,-0.30000000000000004,0,4,3,1,0.6437643524259329,,623.5
7111,-4.300000000000001,0,4,3,1,0.6437643524259329,,623.6
7112,5.7,1,4,3,1,0.6437643524259329,,623.6
7113,-4.300000000000001,0,4,3,1,0.6437643524259329,,623.7
7114,-2.3000000000000003,0,4,3,1,0.6437643524259329,,623.8
7115,-4.300000000000001,0,4,3,1,0.6437643524259329,,623.9
7116,-4.300000000000001,0,4,3,1,0.6437643524259329,,624.0
7117,-2.3000000000000003,0,4,3,1,0.6437643524259329,,624.0
7118,-2.3000000000000003,0,4,3,1,0.6437643524259329,,624.0
7119,-4.300000000000001,0,4,3,1,0.6437643524259329,,624.1
7120,-2.3000000000000003,0,4,3,1,0.6437643524259329,,624.1
7121,-4.300000000000001,0,4,3,1,0.6437643524259329,,624.2
7122,-4.300000000000001,0,4,3,1,0.6437643524259329,,624.2
7123,-4.300000000000001,0,4,3,1,0.6437643524259329,,624.3
7124,-4.300000000000001,0,4,3,1,0.6437643524259329,,624.3
7125,-0.30000000000000004,0,4,3,1,0.6437643524259329,,624.4
7126,-4.300000000000001,0,4,3,1,0.6437643524259329,,624.4
7127,-4.300000000000001,0,4,3,1,0.6437643524259329,,624.5
7128,-4.300000000000001,0,4,3,1,0.6437643524259329,,624.6
7129,5.7,1,4,3,1,0.6437643524259329,,624.6
7130,5.7,1,4,3,1,0.6437643524259329,,624.7
7131,-4.300000000000001,0,4,3,1,0.6437643524259329,,624.8
7132,-4.300000000000001,0,4,3,1,0.6437643524259329,,624.8
7133,-4.300000000000001,0,4,3,1,0.6437643524259329,,624.9
7134,-2.3000000000000003,0,4,3,1,0.6437643524259329,,625.0
7135,-2.3000000000000003,0,4,3,1,0.6437643524259329,,625.0
7136,-4.300000000000001,0,4,3,1,0.6437643524259329,,625.1
7137,-2.3000000000000003,0,4,3,1,0.6437643524259329,,625.2
7138,-4.300000000000001,0,4,3,1,0.6437643524259329,,625.2
7139,-2.3000000000000003,0,4,3,1,0.6437643524259329,,625.3
7140,-1.6,0,6,3,1,0.6437643524259329,,625.4
7141,-2.3000000000000003,0,4,3,1,0.6437643524259329,,625.5
7142,-0.6000000000000001,0,6,3,1,0.6437643524259329,,625.6
7143,-4.300000000000001,0,4,3,1,0.6437643524259329,,625.6
7144,-4.300000000000001,0,4,3,1,0.6437643524259329,,625.7
7145,-2.3000000000000003,0,4,3,1,0.6437643524259329,,625.8
7146,-0.30000000000000004,0,4,3,1,0.6437643524259329,,625.8
7147,-0.30000000000000004,0,4,3,1,0.6437643524259329,,625.9
7148,5.7,1,4,3,1,0.6437643524259329,,625.9
7149,-4.300000000000001,0,4,3,1,0.6437643524259329,,626.0
7150,-2.3000000000000003,0,4,3,1,0.6437643524259329,,626.0
7151,-2.3000000000000003,0,4,3,1,0.6437643524259329,,626.1
7152,-4.300000000000001,0,4,3,1,0.6437643524259329,,626.2
7153,-4.300000000000001,0,4,3,1,0.6437643524259329,,626.2
7154,-4.300000000000001,0,4,3,1,0.6437643524259329,,626.3
7155,-0.30000000000000004,0,4,3,1,0.6437643524259329,,626.4
7156,-2.3000000000000003,0,4,3,1,0.6437643524259329,,626.5
7157,-4.300000000000001,0,4,3,1,0.6437643524259329,,626.5
7158,-4.300000000000001,0,4,3,1,0.6437643524259329,,626.6
7159,-4.300000000000001,0,4,3,1,0.6437643524259329,,626.7
7160,-4.300000000000001,0,4,3,1,0.6437643524259329,,626.7
7161,-4.300000000000001,0,4,3,1,0.6437643524259329,,626.8
7162,-4.300000000000001,0,4,3,1,0.6437643524259329,,626.9
7163,-4.300000000000001,0,4,3,1,0.6437643524259329,,626.9
7164,-4.300000000000001,0,4,3,1,0.6437643524259329,,627.0
7165,-4.300000000000001,0,4,3,1,0.6437643524259329,,627.0
7166,-4.300000000000001,0,4,3,1,0.6437643524259329,,627.1
7167,-4.300000000000001,0,4,3,1,0.6437643524259329,,627.1
7168,-0.30000000000000004,0,4,3,1,0.6437643524259329,,627.2
7169,-4.300000000000001,0,4,3,1,0.6437643524259329,,627.3
7170,-5.4,0,5,4,1,0.6437643524259329,,627.4
7171,-4.300000000000001,0,4,3,1,0.6437643524259329,,627.5
7172,-4.300000000000001,0,4,3,1,0.6437643524259329,,627.5
7173,-5.4,0,5,4,1,0.6437643524259329,,627.6
7174,-4.300000000000001,0,4,3,1,0.6437643524259329,,627.7
7175,-4.300000000000001,0,4,3,1,0.6437643524259329,,627.8
7176,-4.300000000000001,0,4,3,1,0.6437643524259329,,627.9
7177,-0.30000000000000004,0,4,3,1,0.6437643524259329,,628.0
7178,-4.6,0,6,3,1,0.6437643524259329,,628.0
7179,-3.9000000000000004,0,8,3,1,0.6437643524259329,,628.1
7180,-0.30000000000000004,0,4,3,1,0.6437643524259329,,628.2
7181,5.7,1,4,3,1,0.6437643524259329,,628.2
7182,-2.3000000000000003,0,4,3,1,0.6437643524259329,,628.2
7183,5.7,1,4,3,1,0.6437643524259329,,628.3
7184,-2.3000000000000003,0,4,3,1,0.6437643524259329,,628.4
7185,5.7,1,4,3,1,0.6437643524259329,,628.4
7186,-0.30000000000000004,0,4,3,1,0.6437643524259329,,628.5
7187,-4.300000000000001,0,4,3,1,0.6437643524259329,,628.5
7188,-0.6000000000000001,0,6,3,1,0.6437643524259329,,628.6
7189,-2.3000000000000003,0,4,3,1,0.6437643524259329,,628.6
7190,-4.300000000000001,0,4,3,1,0.6437643524259329,,628.7
7191,-4.300000000000001,0,4,3,1,0.6437643524259329,,628.8
7192,-2.3000000000000003,0,4,3,1,0.6437643524259329,,628.8
7193,-0.30000000000000004,0,4,3,1,0.6437643524259329,,628.9
7194,-4.300000000000001,0,4,3,1,0.6437643524259329,,628.9
7195,-0.30000000000000004,0,4,3,1,0.6437643524259329,,629.0
7196,-4.300000000000001,0,4,3,1,0.6437643524259329,,629.1
7197,-4.300000000000001,0,4,3,1,0.6437643524259329,,629.1
7198,-5.4,0,5,4,1,0.6437643524259329,,629.2
7199,-4.300000000000001,0,4,3,1,0.6437643524259329,,629.3
7200,-4.300000000000001,0,4,3,1,0.6437643524259329,,629.3
7201,-4.300000000000001,0,4,3,1,0.6437643524259329,,629.4
7202,-4.300000000000001,0,4,3,1,0.6437643524259329,,629.5
7203,-4.300000000000001,0,4,3,1,0.6437643524259329,,629.6
7204,-4.6,0,6,3,1,0.6437643524259329,,629.6
7205,-4.300000000000001,0,4,3,1,0.6437643524259329,,629.7
7206,-4.300000000000001,0,4,3,1,0.6437643524259329,,629.7
7207,-4.300000000000001,0,4,3,1,0.6437643524259329,,629.8
7208,-2.3000000000000003,0,4,3,1,0.6437643524259329,,629.9
7209,-4.300000000000001,0,4,3,1,0.6437643524259329,,630.0
7210,-4.300000000000001,0,4,3,1,0.6437643524259329,,630.0
7211,-4.300000000000001,0,4,3,1,0.6437643524259329,,630.1
7212,-4.300000000000001,0,4,3,1,0.6437643524259329,,630.1
7213,-2.3000000000000003,0,4,3,1,0.6437643524259329,,630.2
7214,-4.300000000000001,0,4,3,1,0.6437643524259329,,630.2
7215,-4.300000000000001,0,4,3,1,0.6437643524259329,,630.3
7216,-4.300000000000001,0,4,3,1,0.6437643524259329,,630.4
7217,-2.3000000000000003,0,4,3,1,0.6437643524259329,,630.5
7218,-2.3000000000000003,0,4,3,1,0.6437643524259329,,630.5
7219,-4.300000000000001,0,4,3,1,0.6437643524259329,,630.6
7220,-4.300000000000001,0,4,3,1,0.6437643524259329,,630.7
7221,5.7,1,4,3,1,0.6437643524259329,,630.8
7222,-4.300000000000001,0,4,3,1,0.6437643524259329,,630.8
7223,-2.6,0,6,3,1,0.6437643524259329,,630.9
7224,-4.300000000000001,0,4,3,1,0.6437643524259329,,630.9
7225,-4.300000000000001,0,4,3,1,0.6437643524259329,,631.0
7226,-2.3000000000000003,0,4,3,1,0.6437643524259329,,631.1
7227,-4.300000000000001,0,4,3,1,0.6437643524259329,,631.2
7228,-4.300000000000001,0,4,3,1,0.6437643524259329,,631.2
7229,-4.300000000000001,0,4,3,1,0.6437643524259329,,631.3
7230,-4.300000000000001,0,4,3,1,0.6437643524259329,,631.3
7231,-4.300000000000001,0,4,3,1,0.6437643524259329,,631.4
7232,-5.4,0,5,4,1,0.6437643524259329,,631.5
7233,-4.300000000000001,0,4,3,1,0.6437643524259329,,631.6
7234,-2.3000000000000003,0,4,3,1,0.6437643524259329,,631.6
7235,-4.300000000000001,0,4,3,1,0.6437643524259329,,631.7
7236,5.7,1,4,3,1,0.6437643524259329,,631.7
7237,-2.3000000000000003,0,4,3,1,0.6437643524259329,,631.8
7238,-4.300000000000001,0,4,3,1,0.6437643524259329,,631.9
7239,-4.300000000000001,0,4,3,1,0.6437643524259329,,632.0
7240,-4.300000000000001,0,4,3,1,0.6437643524259329,,632.0
7241,-0.30000000000000004,0,4,3,1,0.6437643524259329,,632.1
7242,-4.300000000000001,0,4,3,1,0.6437643524259329,,632.2
7243,-4.300000000000001,0,4,3,1,0.6437643524259329,,632.2
7244,5.7,1,4,3,1,0.6437643524259329,,632.3
7245,-2.3000000000000003,0,4,3,1,0.6437643524259329,,632.3
7246,-4.300000000000001,0,4,3,1,0.6437643524259329,,632.4
7247,-4.300000000000001,0,4,3,1,0.6437643524259329,,632.4
7248,5.7,1,4,3,1,0.6437643524259329,,632.5
7249,-2.3000000000000003,0,4,3,1,0.6437643524259329,,632.5
7250,5.7,1,4,3,1,0.6437643524259329,,632.6
7251,-4.300000000000001,0,4,3,1,0.6437643524259329,,632.7
7252,-4.300000000000001,0,4,3,1,0.6437643524259329,,632.7
7253,-2.3000000000000003,0,4,3,1,0.6437643524259329,,632.8
7254,-4.300000000000001,0,4,3,1,0.6437643524259329,,632.9
7255,-2.3000000000000003,0,4,3,1,0.6437643524259329,,632.9
7256,-0.30000000000000004,0,4,3,1,0.6437643524259329,,633.0
7257,-4.300000000000001,0,4,3,1,0.6437643524259329,,633.0
7258,-4.300000000000001,0,4,3,1,0.6437643524259329,,633.1
7259,5.7,1,4,3,1,0.6437643524259329,,633.2
7260,-4.300000000000001,0,4,3,1,0.6437643524259329,,633.2
7261,-2.3000000000000003,0,4,3,1,0.6437643524259329,,633.3
7262,-4.300000000000001,0,4,3,1,0.6437643524259329,,633.3
7263,-4.6,0,6,3,1,0.6437643524259329,,633.4
7264,-2.3000000000000003,0,4,3,1,0.6437643524259329,,633.4
7265,-4.300000000000001,0,4,3,1,0.6437643524259329,,633.5
7266,-4.300000000000001,0,4,3,1,0.6437643524259329,,633.6
7267,-0.30000000000000004,0,4,3,1,0.6437643524259329,,633.7
7268,5.7,1,4,3,1,0.6437643524259329,,633.8
7269,-4.300000000000001,0,4,3,1,0.6437643524259329,,633.9
7270,5.7,1,4,3,1,0.6437643524259329,,633.9
7271,-2.3000000000000003,0,4,3,1,0.6437643524259329,,634.0
7272,-5.6000000000000005,0,6,3,1,0.6437643524259329,,634.0
7273,-4.300000000000001,0,4,3,1,0.6437643524259329,,634.1
7274,5.7,1,4,3,1,0.6437643524259329,,634.2
7275,-0.30000000000000004,0,4,3,1,0.6437643524259329,,634.2
7276,-4.300000000000001,0,4,3,1,0.6437643524259329,,634.3
7277,-0.30000000000000004,0,4,3,1,0.6437643524259329,,634.3
7278,-5.4,0,5,4,1,0.6437643524259329,,634.4
7279,-4.6,0,6,3,1,0.6437643524259329,,634.5
7280,-4.300000000000001,0,4,3,1,0.6437643524259329,,634.6
7281,-5.4,0,5,4,1,0.6437643524259329,,634.7
7282,-4.300000000000001,0,4,3,1,0.6437643524259329,,634.7
7283,-4.300000000000001,0,4,3,1,0.6437643524259329,,634.8
7284,5.7,1,4,3,1,0.6437643524259329,,634.9
7285,-4.300000000000001,0,4,3,1,0.6437643524259329,,634.9
7286,-0.30000000000000004,0,4,3,1,0.6437643524259329,,635.0
7287,-4.300000000000001,0,4,3,1,0.6437643524259329,,635.1
7288,-2.3000000000000003,0,4,3,1,0.6437643524259329,,635.1
7289,-0.30000000000000004,0,4,3,1,0.6437643524259329,,635.2
7290,4.4,1,6,3,1,0.6437643524259329,,635.3
7291,-4.300000000000001,0,4,3,1,0.6437643524259329,,635.4
7292,-4.300000000000001,0,4,3,1,0.6437643524259329,,635.4
7293,-4.300000000000001,0,4,3,1,0.6437643524259329,,635.5
7294,-2.3000000000000003,0,4,3,1,0.6437643524259329,,635.6
7295,-4.300000000000001,0,4,3,1,0.6437643524259329,,635.6
7296,-5.6000000000000005,0,6,3,1,0.6437643524259329,,635.7
7297,5.7,1,4,3,1,0.6437643524259329,,635.8
7298,5.7,1,4,3,1,0.6437643524259329,,635.8
7299,-4.300000000000001,0,4,3,1,0.6437643524259329,,635.9
7300,5.7,1,4,3,1,0.6437643524259329,,636.0
7301,-4.300000000000001,0,4,3,1,0.6437643524259329,,636.0
7302,-4.300000000000001,0,4,3,1,0.6437643524259329,,636.1
7303,-4.300000000000001,0,4,3,1,0.6437643524259329,,636.1
7304,-2.3000000000000003,0,4,3,1,0.6437643524259329,,636.2
7305,-0.30000000000000004,0,4,3,1,0.6437643524259329,,636.2
7306,-4.300000000000001,0,4,3,1,0.6437643524259329,,636.2
7307,-4.300000000000001,0,4,3,1,0.6437643524259329,,636.3
7308,-4.300000000000001,0,4,3,1,0.6437643524259329,,636.4
7309,-4.300000000000001,0,4,3,1,0.6437643524259329,,636.4
7310,-4.300000000000001,0,4,3,1,0.6437643524259329,,636.5
7311,-2.3000000000000003,0,4,3,1,0.6437643524259329,,636.6
7312,5.7,1,4,3,1,0.6437643524259329,,636.7
7313,5.7,1,4,3,1,0.6437643524259329,,636.8
7314,-4.300000000000001,0,4,3,1,0.6437643524259329,,636.8
7315,5.7,1,4,3,1,0.6437643524259329,,636.9
7316,-0.30000000000000004,0,4,3,1,0.6437643524259329,,636.9
7317,-2.3000000000000003,0,4,3,1,0.6437643524259329,,637.0
7318,-4.6000000000000005,0,6,3,1,0.6437643524259329,,637.1
7319,-4.300000000000001,0,4,3,1,0.6437643524259329,,637.2
7320,-4.300000000000001,0,4,3,1,0.6437643524259329,,637.2
7321,5.7,1,4,3,1,0.6437643524259329,,637.3
7322,-2.3000000000000003,0,4,3,1,0.6437643524259329,,637.4
7323,-4.300000000000001,0,4,3,1,0.6437643524259329,,637.5
7324,-2.3000000000000003,0,4,3,1,0.6437643524259329,,637.5
7325,-4.300000000000001,0,4,3,1,0.6437643524259329,,637.6
7326,-4.300000000000001,0,4,3,1,0.6437643524259329,,637.7
7327,-4.300000000000001,0,4,3,1,0.6437643524259329,,637.7
7328,-4.300000000000001,0,4,3,1,0.6437643524259329,,637.8
7329,-4.300000000000001,0,4,3,1,0.6437643524259329,,637.9
7330,-4.300000000000001,0,4,3,1,0.6437643524259329,,638.0
7331,5.7,1,4,3,1,0.6437643524259329,,638.0
7332,-2.3000000000000003,0,4,3,1,0.6437643524259329,,638.1
7333,-0.30000000000000004,0,4,3,1,0.6437643524259329,,638.1
7334,-2.3000000000000003,0,4,3,1,0.6437643524259329,,638.2
7335,5.7,1,4,3,1,0.6437643524259329,,638.2
7336,-4.300000000000001,0,4,3,1,0.6437643524259329,,638.3
7337,-4.300000000000001,0,4,3,1,0.6437643524259329,,638.3
7338,-4.300000000000001,0,4,3,1,0.6437643524259329,,638.4
7339,-4.300000000000001,0,4,3,1,0.6437643524259329,,638.5
7340,-2.3000000000000003,0,4,3,1,0.6437643524259329,,638.5
7341,-4.300000000000001,0,4,3,1,0.6437643524259329,,638.6
7342,-4.300000000000001,0,4,3,1,0.6437643524259329,,638.7
7343,-4.300000000000001,0,4,3,1,0.6437643524259329,,638.7
7344,5.7,1,4,3,1,0.6437643524259329,,638.8
7345,-4.300000000000001,0,4,3,1,0.6437643524259329,,638.9
7346,-4.300000000000001,0,4,3,1,0.6437643524259329,,638.9
7347,-4.300000000000001,0,4,3,1,0.6437643524259329,,639.0
7348,5.7,1,4,3,1,0.6437643524259329,,639.0
7349,-4.300000000000001,0,4,3,1,0.6437643524259329,,639.1
7350,5.4,1,6,3,1,0.6437643524259329,,639.2
7351,-4.300000000000001,0,4,3,1,0.6437643524259329,,639.2
7352,5.7,1,4,3,1,0.6437643524259329,,639.3
7353,5.7,1,4,3,1,0.6437643524259329,,639.3
7354,-4.300000000000001,0,4,3,1,0.6437643524259329,,639.4
7355,-4.300000000000001,0,4,3,1,0.6437643524259329,,639.4
7356,-2.3000000000000003,0,4,3,1,0.6437643524259329,,639.5
7357,-4.300000000000001,0,4,3,1,0.6437643524259329,,639.6
7358,-2.3000000000000003,0,4,3,1,0.6437643524259329,,639.6
7359,-4.300000000000001,0,4,3,1,0.6437643524259329,,639.7
7360,5.7,1,4,3,1,0.6437643524259329,,639.8
7361,-2.3000000000000003,0,4,3,1,0.6437643524259329,,639.8
7362,-4.300000000000001,0,4,3,1,0.6437643524259329,,639.9
7363,-4.300000000000001,0,4,3,1,0.6437643524259329,,639.9
7364,5.7,1,4,3,1,0.6437643524259329,,640.0
7365,-0.30000000000000004,0,4,3,1,0.6437643524259329,,640.1
7366,-2.3000000000000003,0,4,3,1,0.6437643524259329,,640.1
7367,-4.300000000000001,0,4,3,1,0.6437643524259329,,640.2
7368,-4.300000000000001,0,4,3,1,0.6437643524259329,,640.2
7369,-0.30000000000000004,0,4,3,1,0.6437643524259329,,640.3
7370,-2.3000000000000003,0,4,3,1,0.6437643524259329,,640.3
7371,-2.3000000000000003,0,4,3,1,0.6437643524259329,,640.3
7372,-4.300000000000001,0,4,3,1,0.6437643524259329,,640.4
7373,-4.300000000000001,0,4,3,1,0.6437643524259329,,640.5
7374,-0.30000000000000004,0,4,3,1,0.6437643524259329,,640.5
7375,-4.300000000000001,0,4,3,1,0.6437643524259329,,640.6
7376,-4.300000000000001,0,4,3,1,0.6437643524259329,,640.6
7377,5.7,1,4,3,1,0.6437643524259329,,640.7
7378,-4.300000000000001,0,4,3,1,0.6437643524259329,,640.8
7379,-4.300000000000001,0,4,3,1,0.6437643524259329,,640.8
7380,-2.3000000000000003,0,4,3,1,0.6437643524259329,,640.9
7381,-4.300000000000001,0,4,3,1,0.6437643524259329,,641.0
7382,-2.3000000000000003,0,4,3,1,0.6437643524259329,,641.0
7383,-0.30000000000000004,0,4,3,1,0.6437643524259329,,641.1
7384,5.7,1,4,3,1,0.6437643524259329,,641.1
7385,-4.300000000000001,0,4,3,1,0.6437643524259329,,641.2
7386,-4.300000000000001,0,4,3,1,0.6437643524259329,,641.2
7387,-4.300000000000001,0,4,3,1,0.6437643524259329,,641.3
7388,-2.3000000000000003,0,4,3,1,0.6437643524259329,,641.4
7389,-4.300000000000001,0,4,3,1,0.6437643524259329,,641.5
7390,-2.3000000000000003,0,4,3,1,0.6437643524259329,,641.5
7391,-4.300000000000001,0,4,3,1,0.6437643524259329,,641.6
7392,-4.300000000000001,0,4,3,1,0.6437643524259329,,641.6
7393,-2.3000000000000003,0,4,3,1,0.6437643524259329,,641.7
7394,-4.300000000000001,0,4,3,1,0.6437643524259329,,641.8
7395,-0.30000000000000004,0,4,3,1,0.6437643524259329,,641.8
7396,-5.4,0,5,4,1,0.6437643524259329,,641.9
7397,-0.30000000000000004,0,4,3,1,0.6437643524259329,,642.0
7398,-4.300000000000001,0,4,3,1,0.6437643524259329,,642.0
7399,-4.300000000000001,0,4,3,1,0.6437643524259329,,642.1
7400,-0.30000000000000004,0,4,3,1,0.6437643524259329,,642.2
7401,-2.3000000000000003,0,4,3,1,0.6437643524259329,,642.2
7402,-4.300000000000001,0,4,3,1,0.6437643524259329,,642.3
7403,-5.6000000000000005,0,6,3,1,0.6437643524259329,,642.4
7404,-4.300000000000001,0,4,3,1,0.6437643524259329,,642.4
7405,5.7,1,4,3,1,0.6437643524259329,,642.4
7406,-4.300000000000001,0,4,3,1,0.6437643524259329,,642.5
7407,-4.300000000000001,0,4,3,1,0.6437643524259329,,642.5
7408,-2.6,0,6,3,1,0.6437643524259329,,642.6
7409,-4.300000000000001,0,4,3,1,0.6437643524259329,,642.7
7410,5.7,1,4,3,1,0.6437643524259329,,642.8
7411,-4.300000000000001,0,4,3,1,0.6437643524259329,,642.9
7412,5.7,1,4,3,1,0.6437643524259329,,643.0
7413,5.7,1,4,3,1,0.6437643524259329,,643.0
7414,-4.300000000000001,0,4,3,1,0.6437643524259329,,643.1
7415,-2.3000000000000003,0,4,3,1,0.6437643524259329,,643.2
7416,-0.30000000000000004,0,4,3,1,0.6437643524259329,,643.3
7417,-0.30000000000000004,0,4,3,1,0.6437643524259329,,643.3
7418,-4.300000000000001,0,4,3,1,0.6437643524259329,,643.4
7419,5.7,1,4,3,1,0.6437643524259329,,643.5
7420,5.7,1,4,3,1,0.6437643524259329,,643.6
7421,-5.4,0,5,4,1,0.6437643524259329,,643.7
7422,-4.300000000000001,0,4,3,1,0.6437643524259329,,643.8
7423,-4.300000000000001,0,4,3,1,0.6437643524259329,,643.9
7424,-4.300000000000001,0,4,3,1,0.6437643524259329,,643.9
7425,-4.300000000000001,0,4,3,1,0.6437643524259329,,644.0
7426,-2.3000000000000003,0,4,3,1,0.6437643524259329,,644.1
7427,-4.300000000000001,0,4,3,1,0.6437643524259329,,644.1
7428,-4.9,0,8,3,1,0.6437643524259329,,644.2
7429,-2.3000000000000003,0,4,3,1,0.6437643524259329,,644.3
7430,-4.300000000000001,0,4,3,1,0.6437643524259329,,644.4
7431,-0.30000000000000004,0,4,3,1,0.6437643524259329,,644.4
7432,-4.300000000000001,0,4,3,1,0.6437643524259329,,644.5
7433,-4.300000000000001,0,4,3,1,0.6437643524259329,,644.6
7434,-4.300000000000001,0,4,3,1,0.6437643524259329,,644.7
7435,-4.300000000000001,0,4,3,1,0.6437643524259329,,644.7
7436,-4.300000000000001,0,4,3,1,0.6437643524259329,,644.8
7437,-0.30000000000000004,0,4,3,1,0.6437643524259329,,644.9
7438,-4.300000000000001,0,4,3,1,0.6437643524259329,,645.0
7439,-0.30000000000000004,0,4,3,1,0.6437643524259329,,645.0
7440,-4.6,0,6,3,1,0.6437643524259329,,645.1
7441,5.7,1,4,3,1,0.6437643524259329,,645.2
7442,-4.300000000000001,0,4,3,1,0.6437643524259329,,645.2
7443,-4.300000000000001,0,4,3,1,0.6437643524259329,,645.3
7444,-2.3000000000000003,0,4,3,1,0.6437643524259329,,645.4
7445,-2.3000000000000003,0,4,3,1,0.6437643524259329,,645.4
7446,5.7,1,4,3,1,0.6437643524259329,,645.5
7447,-2.3000000000000003,0,4,3,1,0.6437643524259329,,645.5
7448,5.7,1,4,3,1,0.6437643524259329,,645.6
7449,-0.6000000000000001,0,6,3,1,0.6437643524259329,,645.6
7450,5.7,1,4,3,1,0.6437643524259329,,645.7
7451,-2.3000000000000003,0,4,3,1,0.6437643524259329,,645.8
7452,-4.6000000000000005,0,6,3,1,0.6437643524259329,,645.8
7453,-4.300000000000001,0,4,3,1,0.6437643524259329,,645.9
7454,-2.6,0,6,3,1,0.6437643524259329,,646.0
7455,-4.300000000000001,0,4,3,1,0.6437643524259329,,646.1
7456,-4.300000000000001,0,4,3,1,0.6437643524259329,,646.1
7457,-2.3000000000000003,0,4,3,1,0.6437643524259329,,646.1
7458,-4.300000000000001,0,4,3,1,0.6437643524259329,,646.2
7459,-4.300000000000001,0,4,3,1,0.6437643524259329,,646.3
7460,-0.30000000000000004,0,4,3,1,0.6437643524259329,,646.4
7461,-2.3000000000000003,0,4,3,1,0.6437643524259329,,646.4
7462,-4.300000000000001,0,4,3,1,0.6437643524259329,,646.5
7463,-2.3000000000000003,0,4,3,1,0.6437643524259329,,646.6
7464,-4.300000000000001,0,4,3,1,0.6437643524259329,,646.7
7465,-4.300000000000001,0,4,3,1,0.6437643524259329,,646.7
7466,-4.300000000000001,0,4,3,1,0.6437643524259329,,646.8
7467,-4.300000000000001,0,4,3,1,0.6437643524259329,,646.8
7468,-4.300000000000001,0,4,3,1,0.6437643524259329,,646.9
7469,-4.300000000000001,0,4,3,1,0.6437643524259329,,647.0
7470,-2.3000000000000003,0,4,3,1,0.6437643524259329,,647.0
7471,-4.300000000000001,0,4,3,1,0.6437643524259329,,647.1
7472,-4.300000000000001,0,4,3,1,0.6437643524259329,,647.2
7473,5.7,1,4,3,1,0.6437643524259329,,647.2
7474,-2.3000000000000003,0,4,3,1,0.6437643524259329,,647.3
7475,5.7,1,4,3,1,0.6437643524259329,,647.4
7476,5.7,1,4,3,1,0.6437643524259329,,647.4
7477,5.7,1,4,3,1,0.6437643524259329,,647.5
7478,-4.300000000000001,0,4,3,1,0.6437643524259329,,647.6
7479,-4.300000000000001,0,4,3,1,0.6437643524259329,,647.6
7480,-4.300000000000001,0,4,3,1,0.6437643524259329,,647.7
7481,-4.300000000000001,0,4,3,1,0.6437643524259329,,647.8
7482,-4.300000000000001,0,4,3,1,0.6437643524259329,,647.8
7483,-4.300000000000001,0,4,3,1,0.6437643524259329,,647.9
7484,-4.300000000000001,0,4,3,1,0.6437643524259329,,648.0
7485,-4.300000000000001,0,4,3,1,0.6437643524259329,,648.0
7486,-4.300000000000001,0,4,3,1,0.609753004508093,1.7242626377847046,648.7
7487,-4.300000000000001,0,4,3,1,0.609753004508093,,648.8
7488,-2.3000000000000003,0,4,3,1,0.609753004508093,,648.8
7489,-4.300000000000001,0,4,3,1,0.609753004508093,,648.9
7490,-4.300000000000001,0,4,3,1,0.609753004508093,,649.0
7491,-4.300000000000001,0,4,3,1,0.609753004508093,,649.0
7492,5.7,1,4,3,1,0.609753004508093,,649.1
7493,-4.300000000000001,0,4,3,1,0.609753004508093,,649.1
7494,-2.3000000000000003,0,4,3,1,0.609753004508093,,649.2
7495,-2.3000000000000003,0,4,3,1,0.609753004508093,,649.3
7496,-4.300000000000001,0,4,3,1,0.609753004508093,,649.3
7497,-4.300000000000001,0,4,3,1,0.609753004508093,,649.4
7498,-0.30000000000000004,0,4,3,1,0.609753004508093,,649.5
7499,5.7,1,4,3,1,0.609753004508093,,649.5
7500,-4.300000000000001,0,4,3,1,0.609753004508093,,649.6
7501,-4.300000000000001,0,4,3,1,0.609753004508093,,654.6
7502,-2.3000000000000003,0,4,3,1,0.609753004508093,,654.7
7503,-4.300000000000001,0,4,3,1,0.609753004508093,,654.7
7504,-4.300000000000001,0,4,3,1,0.609753004508093,,654.8
7505,-4.300000000000001,0,4,3,1,0.609753004508093,,654.9
7506,-5.6000000000000005,0,6,3,1,0.609753004508093,,655.0
7507,-4.300000000000001,0,4,3,1,0.609753004508093,,655.0
7508,-0.30000000000000004,0,4,3,1,0.609753004508093,,655.1
7509,-0.30000000000000004,0,4,3,1,0.609753004508093,,655.1
7510,-4.6000000000000005,0,6,3,1,0.609753004508093,,655.2
7511,-4.300000000000001,0,4,3,1,0.609753004508093,,655.2
7512,-2.3000000000000003,0,4,3,1,0.609753004508093,,655.3
7513,-4.300000000000001,0,4,3,1,0.609753004508093,,655.3
7514,5.7,1,4,3,1,0.609753004508093,,655.4
7515,-4.300000000000001,0,4,3,1,0.609753004508093,,655.4
7516,5.7,1,4,3,1,0.609753004508093,,655.5
7517,-4.300000000000001,0,4,3,1,0.609753004508093,,655.6
7518,-4.300000000000001,0,4,3,1,0.609753004508093,,655.6
7519,-4.300000000000001,0,4,3,1,0.609753004508093,,655.7
7520,-4.300000000000001,0,4,3,1,0.609753004508093,,655.8
7521,-3.6,0,6,3,1,0.609753004508093,,655.8
7522,-2.3000000000000003,0,4,3,1,0.609753004508093,,655.9
7523,5.7,1,4,3,1,0.609753004508093,,655.9
7524,-2.6,0,6,3,1,0.609753004508093,,656.0
7525,-4.300000000000001,0,4,3,1,0.609753004508093,,656.0
7526,-4.300000000000001,0,4,3,1,0.609753004508093,,656.1
7527,-2.3000000000000003,0,4,3,1,0.609753004508093,,656.1
7528,-5.4,0,5,4,1,0.609753004508093,,656.2
7529,5.7,1,4,3,1,0.609753004508093,,656.3
7530,-2.3000000000000003,0,4,3,1,0.609753004508093,,656.3
7531,5.7,1,4,3,1,0.609753004508093,,656.4
7532,-3.6000000000000005,0,6,3,1,0.609753004508093,,656.5
7533,-0.30000000000000004,0,4,3,1,0.609753004508093,,656.5
7534,-4.300000000000001,0,4,3,1,0.609753004508093,,656.6
7535,5.7,1,4,3,1,0.609753004508093,,656.7
7536,-4.300000000000001,0,4,3,1,0.609753004508093,,656.7
7537,-4.300000000000001,0,4,3,1,0.609753004508093,,656.8
7538,-4.300000000000001,0,4,3,1,0.609753004508093,,656.9
7539,-4.300000000000001,0,4,3,1,0.609753004508093,,657.0
7540,-4.300000000000001,0,4,3,1,0.609753004508093,,657.0
7541,-2.3000000000000003,0,4,3,1,0.609753004508093,,657.1
7542,-4.300000000000001,0,4,3,1,0.609753004508093,,657.2
7543,-4.300000000000001,0,4,3,1,0.609753004508093,,657.2
7544,5.7,1,4,3,1,0.609753004508093,,657.3
7545,-2.3000000000000003,0,4,3,1,0.609753004508093,,657.3
7546,-0.30000000000000004,0,4,3,1,0.609753004508093,,657.4
7547,-4.300000000000001,0,4,3,1,0.609753004508093,,657.5
7548,-4.300000000000001,0,4,3,1,0.609753004508093,,657.5
7549,-4.300000000000001,0,4,3,1,0.609753004508093,,657.6
7550,-2.3000000000000003,0,4,3,1,0.609753004508093,,657.6
7551,-4.6,0,6,3,1,0.609753004508093,,657.7
7552,-0.30000000000000004,0,4,3,1,0.609753004508093,,657.7
7553,-2.3000000000000003,0,4,3,1,0.609753004508093,,657.8
7554,-4.300000000000001,0,4,3,1,0.609753004508093,,657.9
7555,-4.300000000000001,0,4,3,1,0.609753004508093,,658.0
7556,-4.300000000000001,0,4,3,1,0.609753004508093,,658.1
7557,-4.300000000000001,0,4,3,1,0.609753004508093,,658.2
7558,5.7,1,4,3,1,0.609753004508093,,658.2
7559,-4.300000000000001,0,4,3,1,0.609753004508093,,658.3
7560,-4.300000000000001,0,4,3,1,0.609753004508093,,658.4
7561,-4.300000000000001,0,4,3,1,0.609753004508093,,658.4
7562,5.7,1,4,3,1,0.609753004508093,,658.5
7563,-4.300000000000001,0,4,3,1,0.609753004508093,,658.6
7564,-4.300000000000001,0,4,3,1,0.609753004508093,,658.6
7565,-2.3000000000000003,0,4,3,1,0.609753004508093,,658.7
7566,-4.300000000000001,0,4,3,1,0.609753004508093,,658.8
7567,-4.300000000000001,0,4,3,1,0.609753004508093,,658.8
7568,-4.300000000000001,0,4,3,1,0.609753004508093,,658.9
7569,-4.300000000000001,0,4,3,1,0.609753004508093,,659.0
7570,-4.300000000000001,0,4,3,1,0.609753004508093,,659.0
7571,-2.3000000000000003,0,4,3,1,0.609753004508093,,659.1
7572,5.7,1,4,3,1,0.609753004508093,,659.1
7573,-4.300000000000001,0,4,3,1,0.609753004508093,,659.2
7574,-4.300000000000001,0,4,3,1,0.609753004508093,,659.3
7575,5.7,1,4,3,1,0.609753004508093,,659.3
7576,4.4,1,6,3,1,0.609753004508093,,659.4
7577,-2.3000000000000003,0,4,3,1,0.609753004508093,,659.5
7578,-4.300000000000001,0,4,3,1,0.609753004508093,,659.5
7579,-2.3000000000000003,0,4,3,1,0.609753004508093,,659.6
7580,-4.300000000000001,0,4,3,1,0.609753004508093,,659.6
7581,5.7,1,4,3,1,0.609753004508093,,659.7
7582,-0.30000000000000004,0,4,3,1,0.609753004508093,,659.7
7583,-5.6000000000000005,0,6,3,1,0.609753004508093,,659.8
7584,-0.30000000000000004,0,4,3,1,0.609753004508093,,659.8
7585,-0.30000000000000004,0,4,3,1,0.609753004508093,,659.9
7586,-4.300000000000001,0,4,3,1,0.609753004508093,,660.0
7587,-4.300000000000001,0,4,3,1,0.609753004508093,,660.1
7588,5.7,1,4,3,1,0.609753004508093,,660.1
7589,-4.300000000000001,0,4,3,1,0.609753004508093,,660.2
7590,-4.300000000000001,0,4,3,1,0.609753004508093,,660.3
7591,-2.3000000000000003,0,4,3,1,0.609753004508093,,660.3
7592,-4.300000000000001,0,4,3,1,0.609753004508093,,660.3
7593,-2.3000000000000003,0,4,3,1,0.609753004508093,,660.4
7594,-2.3000000000000003,0,4,3,1,0.609753004508093,,660.4
7595,-4.300000000000001,0,4,3,1,0.609753004508093,,660.5
7596,5.7,1,4,3,1,0.609753004508093,,660.5
7597,-4.300000000000001,0,4,3,1,0.609753004508093,,660.6
7598,-0.30000000000000004,0,4,3,1,0.609753004508093,,660.6
7599,-4.300000000000001,0,4,3,1,0.609753004508093,,660.7
7600,-4.300000000000001,0,4,3,1,0.609753004508093,,660.8
7601,-4.300000000000001,0,4,3,1,0.609753004508093,,660.8
7602,-2.3000000000000003,0,4,3,1,0.609753004508093,,660.9
7603,-4.300000000000001,0,4,3,1,0.609753004508093,,660.9
7604,-0.30000000000000004,0,4,3,1,0.609753004508093,,661.0
7605,-4.300000000000001,0,4,3,1,0.609753004508093,,661.1
7606,-4.300000000000001,0,4,3,1,0.609753004508093,,661.1
7607,-4.300000000000001,0,4,3,1,0.609753004508093,,661.2
7608,5.7,1,4,3,1,0.609753004508093,,661.3
7609,-4.300000000000001,0,4,3,1,0.609753004508093,,661.3
7610,-4.300000000000001,0,4,3,1,0.609753004508093,,661.4
7611,-4.300000000000001,0,4,3,1,0.609753004508093,,661.4
7612,-2.3000000000000003,0,4,3,1,0.609753004508093,,661.5
7613,-0.30000000000000004,0,4,3,1,0.609753004508093,,661.5
7614,-2.3000000000000003,0,4,3,1,0.609753004508093,,661.6
7615,-0.30000000000000004,0,4,3,1,0.609753004508093,,661.6
7616,-4.300000000000001,0,4,3,1,0.609753004508093,,661.7
7617,-2.3000000000000003,0,4,3,1,0.609753004508093,,661.7
7618,-2.3000000000000003,0,4,3,1,0.609753004508093,,661.8
7619,-2.3000000000000003,0,4,3,1,0.609753004508093,,661.9
7620,-2.3000000000000003,0,4,3,1,0.609753004508093,,662.0
7621,-0.30000000000000004,0,4,3,1,0.609753004508093,,662.1
7622,-4.300000000000001,0,4,3,1,0.609753004508093,,662.1
7623,5.7,1,4,3,1,0.609753004508093,,662.2
7624,-4.300000000000001,0,4,3,1,0.609753004508093,,662.3
7625,5.7,1,4,3,1,0.609753004508093,,662.3
7626,-4.300000000000001,0,4,3,1,0.609753004508093,,662.4
7627,-4.300000000000001,0,4,3,1,0.609753004508093,,662.5
7628,-4.300000000000001,0,4,3,1,0.609753004508093,,662.5
7629,-4.300000000000001,0,4,3,1,0.609753004508093,,662.6
7630,-5.6000000000000005,0,6,3,1,0.609753004508093,,662.7
7631,-4.300000000000001,0,4,3,1,0.609753004508093,,662.8
7632,-2.3000000000000003,0,4,3,1,0.609753004508093,,662.8
7633,-2.3000000000000003,0,4,3,1,0.609753004508093,,662.9
7634,-0.30000000000000004,0,4,3,1,0.609753004508093,,663.0
7635,-4.300000000000001,0,4,3,1,0.609753004508093,,663.1
7636,-4.300000000000001,0,4,3,1,0.609753004508093,,663.1
7637,-4.300000000000001,0,4,3,1,0.609753004508093,,663.1
7638,5.7,1,4,3,1,0.609753004508093,,663.2
7639,-4.300000000000001,0,4,3,1,0.609753004508093,,663.2
7640,-0.30000000000000004,0,4,3,1,0.609753004508093,,663.3
7641,-4.300000000000001,0,4,3,1,0.609753004508093,,663.4
7642,-4.300000000000001,0,4,3,1,0.609753004508093,,663.4
7643,-0.30000000000000004,0,4,3,1,0.609753004508093,,663.5
7644,5.7,1,4,3,1,0.609753004508093,,663.6
7645,-4.300000000000001,0,4,3,1,0.609753004508093,,663.7
7646,5.7,1,4,3,1,0.609753004508093,,663.7
7647,-4.300000000000001,0,4,3,1,0.609753004508093,,663.8
7648,5.7,1,4,3,1,0.609753004508093,,663.9
7649,-2.3000000000000003,0,4,3,1,0.609753004508093,,663.9
7650,-0.30000000000000004,0,4,3,1,0.609753004508093,,664.0
7651,-4.300000000000001,0,4,3,1,0.609753004508093,,664.0
7652,5.7,1,4,3,1,0.609753004508093,,664.1
7653,-4.300000000000001,0,4,3,1,0.609753004508093,,664.1
7654,-0.30000000000000004,0,4,3,1,0.609753004508093,,664.2
7655,-4.300000000000001,0,4,3,1,0.609753004508093,,664.3
7656,-4.300000000000001,0,4,3,1,0.609753004508093,,664.4
7657,-4.300000000000001,0,4,3,1,0.609753004508093,,664.4
7658,-4.300000000000001,0,4,3,1,0.609753004508093,,664.5
7659,-4.300000000000001,0,4,3,1,0.609753004508093,,664.6
7660,-4.300000000000001,0,4,3,1,0.609753004508093,,664.6
7661,-2.3000000000000003,0,4,3,1,0.609753004508093,,664.7
7662,-4.300000000000001,0,4,3,1,0.609753004508093,,664.7
7663,-4.300000000000001,0,4,3,1,0.609753004508093,,664.8
7664,-4.300000000000001,0,4,3,1,0.609753004508093,,664.9
7665,-4.300000000000001,0,4,3,1,0.609753004508093,,665.0
7666,-4.300000000000001,0,4,3,1,0.609753004508093,,665.0
7667,-4.300000000000001,0,4,3,1,0.609753004508093,,665.1
7668,-4.300000000000001,0,4,3,1,0.609753004508093,,665.1
7669,-2.3000000000000003,0,4,3,1,0.609753004508093,,665.2
7670,-4.300000000000001,0,4,3,1,0.609753004508093,,665.2
7671,-4.300000000000001,0,4,3,1,0.609753004508093,,665.3
7672,-4.300000000000001,0,4,3,1,0.609753004508093,,665.3
7673,-2.3000000000000003,0,4,3,1,0.609753004508093,,665.4
7674,-4.300000000000001,0,4,3,1,0.609753004508093,,665.4
7675,-4.300000000000001,0,4,3,1,0.609753004508093,,665.5
7676,-2.3000000000000003,0,4,3,1,0.609753004508093,,665.6
7677,-4.300000000000001,0,4,3,1,0.609753004508093,,665.6
7678,-2.3000000000000003,0,4,3,1,0.609753004508093,,665.6
7679,-0.30000000000000004,0,4,3,1,0.609753004508093,,665.7
7680,-2.3000000000000003,0,4,3,1,0.609753004508093,,665.8
7681,-4.300000000000001,0,4,3,1,0.609753004508093,,665.8
7682,-4.300000000000001,0,4,3,1,0.609753004508093,,665.8
7683,-2.3000000000000003,0,4,3,1,0.609753004508093,,665.9
7684,-4.300000000000001,0,4,3,1,0.609753004508093,,666.0
7685,-0.30000000000000004,0,4,3,1,0.609753004508093,,666.0
7686,-4.300000000000001,0,4,3,1,0.609753004508093,,666.1
7687,-4.300000000000001,0,4,3,1,0.609753004508093,,666.2
7688,-2.3000000000000003,0,4,3,1,0.609753004508093,,666.2
7689,-0.30000000000000004,0,4,3,1,0.609753004508093,,666.2
7690,-4.300000000000001,0,4,3,1,0.609753004508093,,666.3
7691,-4.300000000000001,0,4,3,1,0.609753004508093,,666.4
7692,-4.300000000000001,0,4,3,1,0.609753004508093,,666.4
7693,-0.30000000000000004,0,4,3,1,0.609753004508093,,666.5
7694,-4.300000000000001,0,4,3,1,0.609753004508093,,666.6
7695,-4.300000000000001,0,4,3,1,0.609753004508093,,666.6
7696,-4.300000000000001,0,4,3,1,0.609753004508093,,666.7
7697,5.7,1,4,3,1,0.609753004508093,,666.8
7698,-4.300000000000001,0,4,3,1,0.609753004508093,,666.8
7699,-4.300000000000001,0,4,3,1,0.609753004508093,,666.9
7700,-4.300000000000001,0,4,3,1,0.609753004508093,,666.9
7701,-4.300000000000001,0,4,3,1,0.609753004508093,,666.9
7702,-4.300000000000001,0,4,3,1,0.609753004508093,,667.1
7703,-4.300000000000001,0,4,3,1,0.609753004508093,,667.1
7704,-0.30000000000000004,0,4,3,1,0.609753004508093,,667.2
7705,-4.300000000000001,0,4,3,1,0.609753004508093,,667.3
7706,-4.300000000000001,0,4,3,1,0.609753004508093,,667.4
7707,-2.3000000000000003,0,4,3,1,0.609753004508093,,667.4
7708,-4.300000000000001,0,4,3,1,0.609753004508093,,667.4
7709,-2.3000000000000003,0,4,3,1,0.609753004508093,,667.5
7710,-4.300000000000001,0,4,3,1,0.609753004508093,,667.6
7711,-4.300000000000001,0,4,3,1,0.609753004508093,,667.6
7712,-4.300000000000001,0,4,3,1,0.609753004508093,,667.7
7713,5.7,1,4,3,1,0.609753004508093,,667.7
7714,-4.300000000000001,0,4,3,1,0.609753004508093,,667.7
7715,-4.300000000000001,0,4,3,1,0.609753004508093,,667.8
7716,5.7,1,4,3,1,0.609753004508093,,667.8
7717,-2.3000000000000003,0,4,3,1,0.609753004508093,,667.9
7718,-4.300000000000001,0,4,3,1,0.609753004508093,,668.0
7719,-2.3000000000000003,0,4,3,1,0.609753004508093,,668.0
7720,-4.300000000000001,0,4,3,1,0.609753004508093,,668.1
7721,-4.300000000000001,0,4,3,1,0.609753004508093,,668.2
7722,-2.6,0,6,3,1,0.609753004508093,,668.3
7723,5.7,1,4,3,1,0.609753004508093,,668.4
7724,-2.3000000000000003,0,4,3,1,0.609753004508093,,668.4
7725,-4.300000000000001,0,4,3,1,0.609753004508093,,668.5
7726,-0.30000000000000004,0,4,3,1,0.609753004508093,,668.6
7727,-4.300000000000001,0,4,3,1,0.609753004508093,,668.7
7728,-4.300000000000001,0,4,3,1,0.609753004508093,,668.7
7729,-2.6,0,6,3,1,0.609753004508093,,668.8
7730,-4.300000000000001,0,4,3,1,0.609753004508093,,668.9
7731,-4.300000000000001,0,4,3,1,0.609753004508093,,669.0
7732,-4.300000000000001,0,4,3,1,0.609753004508093,,669.0
7733,-4.300000000000001,0,4,3,1,0.609753004508093,,669.1
7734,-4.300000000000001,0,4,3,1,0.609753004508093,,669.2
7735,-4.300000000000001,0,4,3,1,0.609753004508093,,669.2
7736,-4.300000000000001,0,4,3,1,0.609753004508093,,669.3
7737,-2.3000000000000003,0,4,3,1,0.609753004508093,,669.3
7738,5.7,1,4,3,1,0.609753004508093,,669.4
7739,-4.300000000000001,0,4,3,1,0.609753004508093,,669.5
7740,-4.300000000000001,0,4,3,1,0.609753004508093,,669.5
7741,-4.300000000000001,0,4,3,1,0.609753004508093,,669.5
7742,-2.3000000000000003,0,4,3,1,0.609753004508093,,669.6
7743,-0.30000000000000004,0,4,3,1,0.609753004508093,,669.7
7744,-2.3000000000000003,0,4,3,1,0.609753004508093,,669.7
7745,5.7,1,4,3,1,0.609753004508093,,669.8
7746,-4.300000000000001,0,4,3,1,0.609753004508093,,669.9
7747,-4.300000000000001,0,4,3,1,0.609753004508093,,669.9
7748,-2.3000000000000003,0,4,3,1,0.609753004508093,,669.9
7749,-4.300000000000001,0,4,3,1,0.609753004508093,,670.0
7750,-2.3000000000000003,0,4,3,1,0.609753004508093,,670.0
7751,-4.300000000000001,0,4,3,1,0.609753004508093,,670.1
7752,5.7,1,4,3,1,0.609753004508093,,670.2
7753,-2.3000000000000003,0,4,3,1,0.609753004508093,,670.2
7754,-4.300000000000001,0,4,3,1,0.609753004508093,,670.3
7755,-4.300000000000001,0,4,3,1,0.609753004508093,,670.4
7756,-4.300000000000001,0,4,3,1,0.609753004508093,,670.5
7757,-4.300000000000001,0,4,3,1,0.609753004508093,,670.5
7758,-0.30000000000000004,0,4,3,1,0.609753004508093,,670.6
7759,-4.300000000000001,0,4,3,1,0.609753004508093,,670.7
7760,5.7,1,4,3,1,0.609753004508093,,670.7
7761,-4.300000000000001,0,4,3,1,0.609753004508093,,670.8
7762,-4.300000000000001,0,4,3,1,0.609753004508093,,670.8
7763,-4.300000000000001,0,4,3,1,0.609753004508093,,670.9
7764,-5.6000000000000005,0,6,3,1,0.609753004508093,,670.9
7765,-4.300000000000001,0,4,3,1,0.609753004508093,,671.0
7766,5.7,1,4,3,1,0.609753004508093,,671.1
7767,-4.300000000000001,0,4,3,1,0.609753004508093,,671.1
7768,-4.300000000000001,0,4,3,1,0.609753004508093,,671.2
7769,-0.30000000000000004,0,4,3,1,0.609753004508093,,671.2
7770,-4.300000000000001,0,4,3,1,0.609753004508093,,671.3
7771,-4.300000000000001,0,4,3,1,0.609753004508093,,671.4
7772,-4.300000000000001,0,4,3,1,0.609753004508093,,671.4
7773,-2.3000000000000003,0,4,3,1,0.609753004508093,,671.5
7774,5.7,1,4,3,1,0.609753004508093,,671.6
7775,5.7,1,4,3,1,0.609753004508093,,671.7
7776,-5.6000000000000005,0,6,3,1,0.609753004508093,,671.8
7777,5.7,1,4,3,1,0.609753004508093,,671.8
7778,-4.300000000000001,0,4,3,1,0.609753004508093,,671.9
7779,-0.30000000000000004,0,4,3,1,0.609753004508093,,671.9
7780,-4.300000000000001,0,4,3,1,0.609753004508093,,672.0
7781,-4.300000000000001,0,4,3,1,0.609753004508093,,672.0
7782,-2.3000000000000003,0,4,3,1,0.609753004508093,,672.0
7783,-4.300000000000001,0,4,3,1,0.609753004508093,,672.1
7784,-4.300000000000001,0,4,3,1,0.609753004508093,,672.1
7785,-4.300000000000001,0,4,3,1,0.609753004508093,,672.2
7786,-5.6000000000000005,0,6,3,1,0.609753004508093,,672.3
7787,-4.300000000000001,0,4,3,1,0.609753004508093,,672.3
7788,-4.300000000000001,0,4,3,1,0.609753004508093,,672.4
7789,-4.6,0,6,3,1,0.609753004508093,,672.4
7790,5.7,1,4,3,1,0.609753004508093,,672.5
7791,5.7,1,4,3,1,0.609753004508093,,672.6
7792,5.7,1,4,3,1,0.609753004508093,,672.7
7793,-0.30000000000000004,0,4,3,1,0.609753004508093,,672.7
7794,-4.300000000000001,0,4,3,1,0.609753004508093,,672.8
7795,-4.6000000000000005,0,6,3,1,0.609753004508093,,672.8
7796,-2.3000000000000003,0,4,3,1,0.609753004508093,,672.9
7797,-1.4000000000000001,0,5,4,1,0.609753004508093,,673.0
7798,-4.300000000000001,0,4,3,1,0.609753004508093,,673.0
7799,-4.300000000000001,0,4,3,1,0.609753004508093,,673.1
7800,5.4,1,6,3,1,0.609753004508093,,673.2
7801,-4.300000000000001,0,4,3,1,0.609753004508093,,673.2
7802,-4.300000000000001,0,4,3,1,0.609753004508093,,673.2
7803,-4.300000000000001,0,4,3,1,0.609753004508093,,673.3
7804,-4.300000000000001,0,4,3,1,0.609753004508093,,673.4
7805,-4.300000000000001,0,4,3,1,0.609753004508093,,673.5
7806,-2.3000000000000003,0,4,3,1,0.609753004508093,,673.5
7807,5.7,1,4,3,1,0.609753004508093,,673.6
7808,-0.30000000000000004,0,4,3,1,0.609753004508093,,673.6
7809,-4.300000000000001,0,4,3,1,0.609753004508093,,673.7
7810,-2.3000000000000003,0,4,3,1,0.609753004508093,,673.7
7811,-0.30000000000000004,0,4,3,1,0.609753004508093,,673.8
7812,-4.300000000000001,0,4,3,1,0.609753004508093,,673.9
7813,-4.300000000000001,0,4,3,1,0.609753004508093,,673.9
7814,-0.30000000000000004,0,4,3,1,0.609753004508093,,674.0
7815,5.7,1,4,3,1,0.609753004508093,,674.0
7816,-4.300000000000001,0,4,3,1,0.609753004508093,,674.1
7817,-4.300000000000001,0,4,3,1,0.609753004508093,,674.2
7818,-4.300000000000001,0,4,3,1,0.609753004508093,,674.3
7819,-4.300000000000001,0,4,3,1,0.609753004508093,,674.4
7820,-4.300000000000001,0,4,3,1,0.609753004508093,,674.5
7821,-4.300000000000001,0,4,3,1,0.609753004508093,,674.5
7822,-4.300000000000001,0,4,3,1,0.609753004508093,,674.5
7823,-0.30000000000000004,0,4,3,1,0.609753004508093,,674.6
7824,-4.300000000000001,0,4,3,1,0.609753004508093,,674.7
7825,-4.300000000000001,0,4,3,1,0.609753004508093,,674.7
7826,-4.300000000000001,0,4,3,1,0.609753004508093,,674.8
7827,-2.3000000000000003,0,4,3,1,0.609753004508093,,674.8
7828,-4.300000000000001,0,4,3,1,0.609753004508093,,674.9
7829,-0.30000000000000004,0,4,3,1,0.609753004508093,,674.9
7830,-4.300000000000001,0,4,3,1,0.609753004508093,,675.0
7831,-2.3000000000000003,0,4,3,1,0.609753004508093,,675.1
7832,5.7,1,4,3,1,0.609753004508093,,675.1
7833,-2.3000000000000003,0,4,3,1,0.609753004508093,,675.2
7834,-4.300000000000001,0,4,3,1,0.609753004508093,,675.3
7835,-4.300000000000001,0,4,3,1,0.609753004508093,,675.4
7836,-2.6,0,6,3,1,0.609753004508093,,675.4
7837,5.7,1,4,3,1,0.609753004508093,,675.5
7838,-2.3000000000000003,0,4,3,1,0.609753004508093,,675.6
7839,-4.300000000000001,0,4,3,1,0.609753004508093,,675.7
7840,-2.3000000000000003,0,4,3,1,0.609753004508093,,675.7
7841,-0.30000000000000004,0,4,3,1,0.609753004508093,,675.8
7842,-2.3000000000000003,0,4,3,1,0.609753004508093,,675.8
7843,-0.30000000000000004,0,4,3,1,0.609753004508093,,675.9
7844,-4.300000000000001,0,4,3,1,0.609753004508093,,676.0
7845,-4.300000000000001,0,4,3,1,0.609753004508093,,676.0
7846,-0.30000000000000004,0,4,3,1,0.609753004508093,,676.1
7847,5.7,1,4,3,1,0.609753004508093,,676.2
7848,-4.300000000000001,0,4,3,1,0.609753004508093,,676.2
7849,-4.300000000000001,0,4,3,1,0.609753004508093,,676.3
7850,-2.3000000000000003,0,4,3,1,0.609753004508093,,676.3
7851,-4.300000000000001,0,4,3,1,0.609753004508093,,676.4
7852,5.7,1,4,3,1,0.609753004508093,,676.4
7853,-4.300000000000001,0,4,3,1,0.609753004508093,,676.5
7854,-4.300000000000001,0,4,3,1,0.609753004508093,,676.6
7855,-2.3000000000000003,0,4,3,1,0.609753004508093,,676.6
7856,-4.300000000000001,0,4,3,1,0.609753004508093,,676.6
7857,-4.300000000000001,0,4,3,1,0.609753004508093,,676.7
7858,-2.3000000000000003,0,4,3,1,0.609753004508093,,676.8
7859,-4.300000000000001,0,4,3,1,0.609753004508093,,676.8
7860,-4.300000000000001,0,4,3,1,0.609753004508093,,676.9
7861,-4.300000000000001,0,4,3,1,0.609753004508093,,677.0
7862,-2.3000000000000003,0,4,3,1,0.609753004508093,,677.1
7863,-4.6,0,6,3,1,0.609753004508093,,677.1
7864,-4.300000000000001,0,4,3,1,0.609753004508093,,677.2
7865,-4.300000000000001,0,4,3,1,0.609753004508093,,677.2
7866,-2.3000000000000003,0,4,3,1,0.609753004508093,,677.3
7867,-4.300000000000001,0,4,3,1,0.609753004508093,,677.3
7868,-4.300000000000001,0,4,3,1,0.609753004508093,,677.4
7869,-4.300000000000001,0,4,3,1,0.609753004508093,,677.4
7870,-4.300000000000001,0,4,3,1,0.609753004508093,,677.5
7871,-2.3000000000000003,0,4,3,1,0.609753004508093,,677.5
7872,-4.300000000000001,0,4,3,1,0.609753004508093,,677.6
7873,-4.300000000000001,0,4,3,1,0.609753004508093,,677.7
7874,-0.30000000000000004,0,4,3,1,0.609753004508093,,677.7
7875,-4.300000000000001,0,4,3,1,0.609753004508093,,677.8
7876,-2.3000000000000003,0,4,3,1,0.609753004508093,,677.8
7877,-4.300000000000001,0,4,3,1,0.609753004508093,,677.9
7878,-4.300000000000001,0,4,3,1,0.609753004508093,,677.9
7879,-0.30000000000000004,0,4,3,1,0.609753004508093,,678.0
7880,-4.300000000000001,0,4,3,1,0.609753004508093,,678.1
7881,-4.300000000000001,0,4,3,1,0.609753004508093,,678.1
7882,-2.3000000000000003,0,4,3,1,0.609753004508093,,678.2
7883,-4.300000000000001,0,4,3,1,0.609753004508093,,678.2
7884,-4.300000000000001,0,4,3,1,0.609753004508093,,678.3
7885,-4.300000000000001,0,4,3,1,0.609753004508093,,678.3
7886,-4.300000000000001,0,4,3,1,0.609753004508093,,678.4
7887,-4.300000000000001,0,4,3,1,0.609753004508093,,678.5
7888,-4.300000000000001,0,4,3,1,0.609753004508093,,678.5
7889,5.7,1,4,3,1,0.609753004508093,,678.6
7890,-4.300000000000001,0,4,3,1,0.609753004508093,,678.6
7891,5.7,1,4,3,1,0.609753004508093,,678.7
7892,5.7,1,4,3,1,0.609753004508093,,678.7
7893,-2.3000000000000003,0,4,3,1,0.609753004508093,,678.8
7894,-0.30000000000000004,0,4,3,1,0.609753004508093,,678.8
7895,-2.3000000000000003,0,4,3,1,0.609753004508093,,678.9
7896,-4.300000000000001,0,4,3,1,0.609753004508093,,679.0
7897,-4.300000000000001,0,4,3,1,0.609753004508093,,679.0
7898,-0.30000000000000004,0,4,3,1,0.609753004508093,,679.1
7899,-0.30000000000000004,0,4,3,1,0.609753004508093,,679.2
7900,-0.30000000000000004,0,4,3,1,0.609753004508093,,679.2
7901,-4.300000000000001,0,4,3,1,0.609753004508093,,679.3
7902,-4.300000000000001,0,4,3,1,0.609753004508093,,679.4
7903,-2.3000000000000003,0,4,3,1,0.609753004508093,,679.5
7904,-2.3000000000000003,0,4,3,1,0.609753004508093,,679.5
7905,-4.300000000000001,0,4,3,1,0.609753004508093,,679.6
7906,-4.300000000000001,0,4,3,1,0.609753004508093,,679.7
7907,-2.3000000000000003,0,4,3,1,0.609753004508093,,679.8
7908,-4.300000000000001,0,4,3,1,0.609753004508093,,679.8
7909,-2.3000000000000003,0,4,3,1,0.609753004508093,,679.8
7910,5.7,1,4,3,1,0.609753004508093,,679.9
7911,-4.300000000000001,0,4,3,1,0.609753004508093,,680.0
7912,-0.30000000000000004,0,4,3,1,0.609753004508093,,680.1
7913,-4.300000000000001,0,4,3,1,0.609753004508093,,680.1
7914,-4.300000000000001,0,4,3,1,0.609753004508093,,680.2
7915,-2.3000000000000003,0,4,3,1,0.609753004508093,,680.2
7916,-0.30000000000000004,0,4,3,1,0.609753004508093,,680.3
7917,5.7,1,4,3,1,0.609753004508093,,680.3
7918,-4.300000000000001,0,4,3,1,0.609753004508093,,680.4
7919,-4.300000000000001,0,4,3,1,0.609753004508093,,680.5
7920,5.7,1,4,3,1,0.609753004508093,,680.5
7921,-4.300000000000001,0,4,3,1,0.609753004508093,,680.6
7922,5.7,1,4,3,1,0.609753004508093,,680.7
7923,-4.300000000000001,0,4,3,1,0.609753004508093,,680.7
7924,5.7,1,4,3,1,0.609753004508093,,680.8
7925,-4.300000000000001,0,4,3,1,0.609753004508093,,680.9
7926,-4.300000000000001,0,4,3,1,0.609753004508093,,681.0
7927,-4.6000000000000005,0,6,3,1,0.609753004508093,,681.0
7928,-4.300000000000001,0,4,3,1,0.609753004508093,,681.1
7929,-4.300000000000001,0,4,3,1,0.609753004508093,,681.1
7930,-2.3000000000000003,0,4,3,1,0.609753004508093,,681.2
7931,-2.6,0,6,3,1,0.609753004508093,,681.3
7932,-2.3000000000000003,0,4,3,1,0.609753004508093,,681.3
7933,-4.300000000000001,0,4,3,1,0.609753004508093,,681.4
7934,-4.300000000000001,0,4,3,1,0.609753004508093,,681.4
7935,-4.300000000000001,0,4,3,1,0.609753004508093,,681.4
7936,-4.300000000000001,0,4,3,1,0.609753004508093,,681.5
7937,-2.3000000000000003,0,4,3,1,0.609753004508093,,681.5
7938,-0.30000000000000004,0,4,3,1,0.609753004508093,,681.6
7939,-4.300000000000001,0,4,3,1,0.609753004508093,,681.6
7940,5.7,1,4,3,1,0.609753004508093,,681.7
7941,-4.300000000000001,0,4,3,1,0.609753004508093,,681.7
7942,-4.300000000000001,0,4,3,1,0.609753004508093,,681.8
7943,-4.300000000000001,0,4,3,1,0.609753004508093,,681.9
7944,-4.300000000000001,0,4,3,1,0.609753004508093,,681.9
7945,-2.6,0,6,3,1,0.609753004508093,,682.0
7946,-2.3000000000000003,0,4,3,1,0.609753004508093,,682.0
7947,5.7,1,4,3,1,0.609753004508093,,682.1
7948,-2.3000000000000003,0,4,3,1,0.609753004508093,,682.2
7949,-2.3000000000000003,0,4,3,1,0.609753004508093,,682.2
7950,-0.30000000000000004,0,4,3,1,0.609753004508093,,682.3
7951,-4.300000000000001,0,4,3,1,0.609753004508093,,682.3
7952,5.7,1,4,3,1,0.609753004508093,,682.4
7953,-4.300000000000001,0,4,3,1,0.609753004508093,,682.5
7954,-0.30000000000000004,0,4,3,1,0.609753004508093,,682.5
7955,-4.300000000000001,0,4,3,1,0.609753004508093,,682.7
7956,-4.300000000000001,0,4,3,1,0.609753004508093,,682.7
7957,-2.3000000000000003,0,4,3,1,0.609753004508093,,682.8
7958,5.7,1,4,3,1,0.609753004508093,,682.8
7959,-4.300000000000001,0,4,3,1,0.609753004508093,,682.9
7960,-4.300000000000001,0,4,3,1,0.609753004508093,,682.9
7961,-0.30000000000000004,0,4,3,1,0.609753004508093,,683.0
7962,5.7,1,4,3,1,0.609753004508093,,683.1
7963,-0.30000000000000004,0,4,3,1,0.609753004508093,,683.1
7964,-2.3000000000000003,0,4,3,1,0.609753004508093,,683.2
7965,-2.3000000000000003,0,4,3,1,0.609753004508093,,683.3
7966,-4.300000000000001,0,4,3,1,0.609753004508093,,683.3
7967,-0.30000000000000004,0,4,3,1,0.609753004508093,,683.4
7968,-4.300000000000001,0,4,3,1,0.609753004508093,,683.5
7969,-2.3000000000000003,0,4,3,1,0.609753004508093,,683.5
7970,-2.6,0,6,3,1,0.609753004508093,,683.6
7971,-4.300000000000001,0,4,3,1,0.609753004508093,,683.7
7972,-0.30000000000000004,0,4,3,1,0.609753004508093,,683.8
7973,-4.300000000000001,0,4,3,1,0.609753004508093,,683.8
7974,-4.300000000000001,0,4,3,1,0.609753004508093,,683.9
7975,-4.300000000000001,0,4,3,1,0.609753004508093,,683.9
7976,5.7,1,4,3,1,0.609753004508093,,684.0
7977,-0.30000000000000004,0,4,3,1,0.609753004508093,,684.1
7978,5.7,1,4,3,1,0.609753004508093,,684.1
7979,-0.30000000000000004,0,4,3,1,0.609753004508093,,684.2
7980,-4.300000000000001,0,4,3,1,0.609753004508093,,684.3
7981,-0.30000000000000004,0,4,3,1,0.609753004508093,,684.4
7982,-4.300000000000001,0,4,3,1,0.609753004508093,,684.4
7983,-2.3000000000000003,0,4,3,1,0.609753004508093,,684.5
7984,-0.30000000000000004,0,4,3,1,0.609753004508093,,684.5
7985,-4.300000000000001,0,4,3,1,0.609753004508093,,684.6
7986,-4.300000000000001,0,4,3,1,0.5821252097375691,1.6184981190599501,685.3
7987,-0.30000000000000004,0,4,3,1,0.5821252097375691,,685.3
7988,-4.300000000000001,0,4,3,1,0.5821252097375691,,685.4
7989,-4.300000000000001,0,4,3,1,0.5821252097375691,,685.5
7990,-0.30000000000000004,0,4,3,1,0.5821252097375691,,685.5
7991,-2.3000000000000003,0,4,3,1,0.5821252097375691,,685.6
7992,-4.300000000000001,0,4,3,1,0.5821252097375691,,685.7
7993,-2.3000000000000003,0,4,3,1,0.5821252097375691,,685.7
7994,-0.30000000000000004,0,4,3,1,0.5821252097375691,,685.8
7995,-4.300000000000001,0,4,3,1,0.5821252097375691,,685.8
7996,-5.6000000000000005,0,6,3,1,0.5821252097375691,,685.9
7997,-2.3000000000000003,0,4,3,1,0.5821252097375691,,685.9
7998,-2.3000000000000003,0,4,3,1,0.5821252097375691,,686.0
7999,5.7,1,4,3,1,0.5821252097375691,,686.0
8000,-4.300000000000001,0,4,3,1,0.5821252097375691,,686.1
8001,-4.300000000000001,0,4,3,1,0.5821252097375691,,691.1
8002,-0.30000000000000004,0,4,3,1,0.5821252097375691,,691.1
8003,-4.300000000000001,0,4,3,1,0.5821252097375691,,691.1
8004,-4.300000000000001,0,4,3,1,0.5821252097375691,,691.2
8005,5.7,1,4,3,1,0.5821252097375691,,691.3
8006,-4.300000000000001,0,4,3,1,0.5821252097375691,,691.3
8007,-4.300000000000001,0,4,3,1,0.5821252097375691,,691.4
8008,-0.30000000000000004,0,4,3,1,0.5821252097375691,,691.5
8009,-4.300000000000001,0,4,3,1,0.5821252097375691,,691.5
8010,-4.300000000000001,0,4,3,1,0.5821252097375691,,691.6
8011,-4.300000000000001,0,4,3,1,0.5821252097375691,,691.6
8012,-4.300000000000001,0,4,3,1,0.5821252097375691,,691.7
8013,5.7,1,4,3,1,0.5821252097375691,,691.8
8014,-4.300000000000001,0,4,3,1,0.5821252097375691,,691.9
8015,-4.300000000000001,0,4,3,1,0.5821252097375691,,692.0
8016,-4.300000000000001,0,4,3,1,0.5821252097375691,,692.0
8017,-0.30000000000000004,0,4,3,1,0.5821252097375691,,692.1
8018,-2.3000000000000003,0,4,3,1,0.5821252097375691,,692.1
8019,-4.300000000000001,0,4,3,1,0.5821252097375691,,692.1
8020,-4.300000000000001,0,4,3,1,0.5821252097375691,,692.2
8021,-4.300000000000001,0,4,3,1,0.5821252097375691,,692.3
8022,-4.300000000000001,0,4,3,1,0.5821252097375691,,692.3
8023,-2.3000000000000003,0,4,3,1,0.5821252097375691,,692.4
8024,-0.30000000000000004,0,4,3,1,0.5821252097375691,,692.4
8025,-4.300000000000001,0,4,3,1,0.5821252097375691,,692.5
8026,-0.30000000000000004,0,4,3,1,0.5821252097375691,,692.5
8027,5.7,1,4,3,1,0.5821252097375691,,692.6
8028,-4.300000000000001,0,4,3,1,0.5821252097375691,,692.7
8029,-0.30000000000000004,0,4,3,1,0.5821252097375691,,692.8
8030,-4.300000000000001,0,4,3,1,0.5821252097375691,,692.8
8031,-4.300000000000001,0,4,3,1,0.5821252097375691,,692.9
8032,-0.30000000000000004,0,4,3,1,0.5821252097375691,,693.0
8033,5.7,1,4,3,1,0.5821252097375691,,693.0
8034,-4.300000000000001,0,4,3,1,0.5821252097375691,,693.1
8035,-4.300000000000001,0,4,3,1,0.5821252097375691,,693.1
8036,5.7,1,4,3,1,0.5821252097375691,,693.2
8037,-2.3000000000000003,0,4,3,1,0.5821252097375691,,693.2
8038,-0.30000000000000004,0,4,3,1,0.5821252097375691,,693.3
8039,-4.300000000000001,0,4,3,1,0.5821252097375691,,693.4
8040,-4.6,0,6,3,1,0.5821252097375691,,693.4
8041,-3.6,0,6,3,1,0.5821252097375691,,693.5
8042,-4.300000000000001,0,4,3,1,0.5821252097375691,,693.6
8043,-4.300000000000001,0,4,3,1,0.5821252097375691,,693.7
8044,-2.3000000000000003,0,4,3,1,0.5821252097375691,,693.7
8045,-2.3000000000000003,0,4,3,1,0.5821252097375691,,693.8
8046,-2.3000000000000003,0,4,3,1,0.5821252097375691,,693.8
8047,-0.30000000000000004,0,4,3,1,0.5821252097375691,,693.9
8048,-0.30000000000000004,0,4,3,1,0.5821252097375691,,694.0
8049,-4.300000000000001,0,4,3,1,0.5821252097375691,,694.0
8050,5.7,1,4,3,1,0.5821252097375691,,694.1
8051,-4.300000000000001,0,4,3,1,0.5821252097375691,,694.1
8052,5.7,1,4,3,1,0.5821252097375691,,694.2
8053,-4.300000000000001,0,4,3,1,0.5821252097375691,,694.3
8054,-4.300000000000001,0,4,3,1,0.5821252097375691,,694.3
8055,-2.3000000000000003,0,4,3,1,0.5821252097375691,,694.4
8056,-2.3000000000000003,0,4,3,1,0.5821252097375691,,694.4
8057,-4.300000000000001,0,4,3,1,0.5821252097375691,,694.5
8058,-4.300000000000001,0,4,3,1,0.5821252097375691,,694.5
8059,5.7,1,4,3,1,0.5821252097375691,,694.6
8060,-4.6000000000000005,0,6,3,1,0.5821252097375691,,694.6
8061,-2.3000000000000003,0,4,3,1,0.5821252097375691,,694.7
8062,-4.300000000000001,0,4,3,1,0.5821252097375691,,694.8
8063,-0.30000000000000004,0,4,3,1,0.5821252097375691,,694.8
8064,-0.6000000000000001,0,6,3,1,0.5821252097375691,,694.9
8065,-0.30000000000000004,0,4,3,1,0.5821252097375691,,694.9
8066,-4.300000000000001,0,4,3,1,0.5821252097375691,,695.0
8067,-2.3000000000000003,0,4,3,1,0.5821252097375691,,695.1
8068,5.7,1,4,3,1,0.5821252097375691,,695.1
8069,-4.300000000000001,0,4,3,1,0.5821252097375691,,695.2
8070,-4.300000000000001,0,4,3,1,0.5821252097375691,,695.2
8071,-2.3000000000000003,0,4,3,1,0.5821252097375691,,695.3
8072,-4.300000000000001,0,4,3,1,0.5821252097375691,,695.4
8073,-4.300000000000001,0,4,3,1,0.5821252097375691,,695.4
8074,-4.300000000000001,0,4,3,1,0.5821252097375691,,695.5
8075,-0.30000000000000004,0,4,3,1,0.5821252097375691,,695.5
8076,-4.300000000000001,0,4,3,1,0.5821252097375691,,695.5
8077,-4.300000000000001,0,4,3,1,0.5821252097375691,,695.6
8078,-4.300000000000001,0,4,3,1,0.5821252097375691,,695.7
8079,-0.30000000000000004,0,4,3,1,0.5821252097375691,,695.7
8080,-2.3000000000000003,0,4,3,1,0.5821252097375691,,695.8
8081,-4.300000000000001,0,4,3,1,0.5821252097375691,,695.8
8082,-4.300000000000001,0,4,3,1,0.5821252097375691,,695.8
8083,-4.300000000000001,0,4,3,1,0.5821252097375691,,695.9
8084,-2.3000000000000003,0,4,3,1,0.5821252097375691,,696.0
8085,-2.3000000000000003,0,4,3,1,0.5821252097375691,,696.1
8086,-4.300000000000001,0,4,3,1,0.5821252097375691,,696.2
8087,-4.300000000000001,0,4,3,1,0.5821252097375691,,696.2
8088,5.7,1,4,3,1,0.5821252097375691,,696.3
8089,-4.300000000000001,0,4,3,1,0.5821252097375691,,696.4
8090,-0.30000000000000004,0,4,3,1,0.5821252097375691,,696.4
8091,-4.300000000000001,0,4,3,1,0.5821252097375691,,696.4
8092,-0.30000000000000004,0,4,3,1,0.5821252097375691,,696.5
8093,-2.3000000000000003,0,4,3,1,0.5821252097375691,,696.5
8094,-4.300000000000001,0,4,3,1,0.5821252097375691,,696.6
8095,-4.300000000000001,0,4,3,1,0.5821252097375691,,696.7
8096,5.7,1,4,3,1,0.5821252097375691,,696.8
8097,-0.30000000000000004,0,4,3,1,0.5821252097375691,,696.8
8098,-4.300000000000001,0,4,3,1,0.5821252097375691,,696.9
8099,5.7,1,4,3,1,0.5821252097375691,,697.0
8100,-4.300000000000001,0,4,3,1,0.5821252097375691,,697.0
8101,-4.300000000000001,0,4,3,1,0.5821252097375691,,697.1
8102,-4.300000000000001,0,4,3,1,0.5821252097375691,,697.2
8103,5.7,1,4,3,1,0.5821252097375691,,697.2
8104,-4.300000000000001,0,4,3,1,0.5821252097375691,,697.3
8105,-4.300000000000001,0,4,3,1,0.5821252097375691,,697.3
8106,-0.30000000000000004,0,4,3,1,0.5821252097375691,,697.4
8107,-4.300000000000001,0,4,3,1,0.5821252097375691,,697.5
8108,-0.30000000000000004,0,4,3,1,0.5821252097375691,,697.5
8109,-4.300000000000001,0,4,3,1,0.5821252097375691,,697.6
8110,-2.3000000000000003,0,4,3,1,0.5821252097375691,,697.7
8111,-4.300000000000001,0,4,3,1,0.5821252097375691,,697.8
8112,-4.300000000000001,0,4,3,1,0.5821252097375691,,697.8
8113,-4.300000000000001,0,4,3,1,0.5821252097375691,,697.9
8114,-4.300000000000001,0,4,3,1,0.5821252097375691,,698.0
8115,-0.30000000000000004,0,4,3,1,0.5821252097375691,,698.0
8116,-0.30000000000000004,0,4,3,1,0.5821252097375691,,698.1
8117,-4.300000000000001,0,4,3,1,0.5821252097375691,,698.1
8118,-0.30000000000000004,0,4,3,1,0.5821252097375691,,698.2
8119,5.7,1,4,3,1,0.5821252097375691,,698.2
8120,-4.300000000000001,0,4,3,1,0.5821252097375691,,698.3
8121,5.7,1,4,3,1,0.5821252097375691,,698.4
8122,-4.300000000000001,0,4,3,1,0.5821252097375691,,698.4
8123,-2.6,0,6,3,1,0.5821252097375691,,698.4
8124,-0.30000000000000004,0,4,3,1,0.5821252097375691,,698.5
8125,-4.300000000000001,0,4,3,1,0.5821252097375691,,698.5
8126,-2.3000000000000003,0,4,3,1,0.5821252097375691,,698.6
8127,-4.300000000000001,0,4,3,1,0.5821252097375691,,698.7
8128,-4.300000000000001,0,4,3,1,0.5821252097375691,,698.8
8129,-3.4000000000000004,0,5,4,1,0.5821252097375691,,698.9
8130,-0.30000000000000004,0,4,3,1,0.5821252097375691,,698.9
8131,-4.300000000000001,0,4,3,1,0.5821252097375691,,699.0
8132,5.7,1,4,3,1,0.5821252097375691,,699.1
8133,-4.300000000000001,0,4,3,1,0.5821252097375691,,699.1
8134,-4.300000000000001,0,4,3,1,0.5821252097375691,,699.2
8135,-2.3000000000000003,0,4,3,1,0.5821252097375691,,699.3
8136,-4.300000000000001,0,4,3,1,0.5821252097375691,,699.3
8137,-4.300000000000001,0,4,3,1,0.5821252097375691,,699.4
8138,-2.3000000000000003,0,4,3,1,0.5821252097375691,,699.5
8139,-0.30000000000000004,0,4,3,1,0.5821252097375691,,699.5
8140,-4.300000000000001,0,4,3,1,0.5821252097375691,,699.6
8141,4.4,1,6,3,1,0.5821252097375691,,699.7
8142,-2.6,0,6,3,1,0.5821252097375691,,699.7
8143,-3.4000000000000004,0,5,4,1,0.5821252097375691,,699.7
8144,5.7,1,4,3,1,0.5821252097375691,,699.8
8145,-2.3000000000000003,0,4,3,1,0.5821252097375691,,699.9
8146,5.7,1,4,3,1,0.5821252097375691,,700.0
8147,-4.300000000000001,0,4,3,1,0.5821252097375691,,700.0
8148,-4.300000000000001,0,4,3,1,0.5821252097375691,,700.1
8149,5.7,1,4,3,1,0.5821252097375691,,700.1
8150,-4.300000000000001,0,4,3,1,0.5821252097375691,,700.2
8151,-4.300000000000001,0,4,3,1,0.5821252097375691,,700.3
8152,-4.6,0,6,3,1,0.5821252097375691,,700.3
8153,5.7,1,4,3,1,0.5821252097375691,,700.4
8154,-4.300000000000001,0,4,3,1,0.5821252097375691,,700.5
8155,-4.300000000000001,0,4,3,1,0.5821252097375691,,700.5
8156,-4.300000000000001,0,4,3,1,0.5821252097375691,,700.6
8157,5.7,1,4,3,1,0.5821252097375691,,700.6
8158,-2.6,0,6,3,1,0.5821252097375691,,700.7
8159,-4.300000000000001,0,4,3,1,0.5821252097375691,,700.7
8160,5.7,1,4,3,1,0.5821252097375691,,700.8
8161,-2.3000000000000003,0,4,3,1,0.5821252097375691,,700.8
8162,-2.3000000000000003,0,4,3,1,0.5821252097375691,,700.9
8163,-2.3000000000000003,0,4,3,1,0.5821252097375691,,701.0
8164,-0.30000000000000004,0,4,3,1,0.5821252097375691,,701.1
8165,-0.30000000000000004,0,4,3,1,0.5821252097375691,,701.1
8166,-4.300000000000001,0,4,3,1,0.5821252097375691,,701.2
8167,-0.30000000000000004,0,4,3,1,0.5821252097375691,,701.2
8168,-0.30000000000000004,0,4,3,1,0.5821252097375691,,701.3
8169,-4.300000000000001,0,4,3,1,0.5821252097375691,,701.4
8170,5.7,1,4,3,1,0.5821252097375691,,701.6
8171,-4.300000000000001,0,4,3,1,0.5821252097375691,,701.7
8172,5.7,1,4,3,1,0.5821252097375691,,701.7
8173,-4.300000000000001,0,4,3,1,0.5821252097375691,,701.8
8174,-2.3000000000000003,0,4,3,1,0.5821252097375691,,701.8
8175,-5.6000000000000005,0,6,3,1,0.5821252097375691,,701.9
8176,-4.300000000000001,0,4,3,1,0.5821252097375691,,701.9
8177,5.4,1,6,3,1,0.5821252097375691,,702.0
8178,-4.300000000000001,0,4,3,1,0.5821252097375691,,702.0
8179,5.7,1,4,3,1,0.5821252097375691,,702.1
8180,-5.6000000000000005,0,6,3,1,0.5821252097375691,,702.2
8181,-2.3000000000000003,0,4,3,1,0.5821252097375691,,702.2
8182,-4.300000000000001,0,4,3,1,0.5821252097375691,,702.3
8183,-0.30000000000000004,0,4,3,1,0.5821252097375691,,702.4
8184,5.7,1,4,3,1,0.5821252097375691,,702.4
8185,-2.3000000000000003,0,4,3,1,0.5821252097375691,,702.4
8186,-4.300000000000001,0,4,3,1,0.5821252097375691,,702.5
8187,-0.30000000000000004,0,4,3,1,0.5821252097375691,,702.6
8188,-2.6,0,6,3,1,0.5821252097375691,,702.6
8189,-2.3000000000000003,0,4,3,1,0.5821252097375691,,702.7
8190,-2.3000000000000003,0,4,3,1,0.5821252097375691,,702.7
8191,-4.300000000000001,0,4,3,1,0.5821252097375691,,702.8
8192,-4.300000000000001,0,4,3,1,0.5821252097375691,,702.9
8193,-4.300000000000001,0,4,3,1,0.5821252097375691,,703.0
8194,-2.3000000000000003,0,4,3,1,0.5821252097375691,,703.0
8195,-0.30000000000000004,0,4,3,1,0.5821252097375691,,703.1
8196,-4.300000000000001,0,4,3,1,0.5821252097375691,,703.1
8197,-4.6,0,6,3,1,0.5821252097375691,,703.2
8198,-4.300000000000001,0,4,3,1,0.5821252097375691,,703.3
8199,-4.300000000000001,0,4,3,1,0.5821252097375691,,703.4
8200,-4.300000000000001,0,4,3,1,0.5821252097375691,,703.5
8201,5.7,1,4,3,1,0.5821252097375691,,703.5
8202,-4.300000000000001,0,4,3,1,0.5821252097375691,,703.6
8203,-2.3000000000000003,0,4,3,1,0.5821252097375691,,703.6
8204,-2.3000000000000003,0,4,3,1,0.5821252097375691,,703.7
8205,-4.300000000000001,0,4,3,1,0.5821252097375691,,703.7
8206,-2.3000000000000003,0,4,3,1,0.5821252097375691,,703.8
8207,-4.300000000000001,0,4,3,1,0.5821252097375691,,703.8
8208,-4.300000000000001,0,4,3,1,0.5821252097375691,,703.9
8209,5.7,1,4,3,1,0.5821252097375691,,704.0
8210,-4.300000000000001,0,4,3,1,0.5821252097375691,,704.1
8211,-4.300000000000001,0,4,3,1,0.5821252097375691,,704.1
8212,-4.300000000000001,0,4,3,1,0.5821252097375691,,704.1
8213,-4.300000000000001,0,4,3,1,0.5821252097375691,,704.2
8214,5.7,1,4,3,1,0.5821252097375691,,704.3
8215,-4.300000000000001,0,4,3,1,0.5821252097375691,,704.3
8216,-4.6000000000000005,0,6,3,1,0.5821252097375691,,704.4
8217,-4.300000000000001,0,4,3,1,0.5821252097375691,,704.4
8218,-4.300000000000001,0,4,3,1,0.5821252097375691,,704.5
8219,-4.300000000000001,0,4,3,1,0.5821252097375691,,704.6
8220,-4.300000000000001,0,4,3,1,0.5821252097375691,,704.7
8221,5.7,1,4,3,1,0.5821252097375691,,704.7
8222,-4.300000000000001,0,4,3,1,0.5821252097375691,,704.8
8223,-2.3000000000000003,0,4,3,1,0.5821252097375691,,704.9
8224,-4.300000000000001,0,4,3,1,0.5821252097375691,,704.9
8225,-4.300000000000001,0,4,3,1,0.5821252097375691,,705.0
8226,5.7,1,4,3,1,0.5821252097375691,,705.1
8227,-0.30000000000000004,0,4,3,1,0.5821252097375691,,705.1
8228,-4.300000000000001,0,4,3,1,0.5821252097375691,,705.2
8229,-2.3000000000000003,0,4,3,1,0.5821252097375691,,705.2
8230,-4.300000000000001,0,4,3,1,0.5821252097375691,,705.3
8231,-4.300000000000001,0,4,3,1,0.5821252097375691,,705.4
8232,-4.300000000000001,0,4,3,1,0.5821252097375691,,705.4
8233,-5.4,0,5,4,1,0.5821252097375691,,705.5
8234,5.7,1,4,3,1,0.5821252097375691,,705.6
8235,-1.6,0,6,3,1,0.5821252097375691,,705.7
8236,-2.3000000000000003,0,4,3,1,0.5821252097375691,,705.8
8237,5.7,1,4,3,1,0.5821252097375691,,705.8
8238,-4.300000000000001,0,4,3,1,0.5821252097375691,,705.9
8239,-2.3000000000000003,0,4,3,1,0.5821252097375691,,706.0
8240,-0.30000000000000004,0,4,3,1,0.5821252097375691,,706.1
8241,-4.300000000000001,0,4,3,1,0.5821252097375691,,706.1
8242,5.4,1,6,3,1,0.5821252097375691,,706.2
8243,-2.3000000000000003,0,4,3,1,0.5821252097375691,,706.3
8244,-4.300000000000001,0,4,3,1,0.5821252097375691,,706.3
8245,-4.300000000000001,0,4,3,1,0.5821252097375691,,706.4
8246,-4.300000000000001,0,4,3,1,0.5821252097375691,,706.4
8247,-4.300000000000001,0,4,3,1,0.5821252097375691,,706.5
8248,5.7,1,4,3,1,0.5821252097375691,,706.6
8249,-4.300000000000001,0,4,3,1,0.5821252097375691,,706.6
8250,-3.4000000000000004,0,5,4,1,0.5821252097375691,,706.7
8251,5.4,1,6,3,1,0.5821252097375691,,706.7
8252,-4.300000000000001,0,4,3,1,0.5821252097375691,,706.8
8253,-4.300000000000001,0,4,3,1,0.5821252097375691,,706.9
8254,-0.30000000000000004,0,4,3,1,0.5821252097375691,,707.0
8255,-0.30000000000000004,0,4,3,1,0.5821252097375691,,707.0
8256,-0.30000000000000004,0,4,3,1,0.5821252097375691,,707.1
8257,-2.3000000000000003,0,4,3,1,0.5821252097375691,,707.1
8258,-4.300000000000001,0,4,3,1,0.5821252097375691,,707.2
8259,-4.300000000000001,0,4,3,1,0.5821252097375691,,707.2
8260,-2.3000000000000003,0,4,3,1,0.5821252097375691,,707.3
8261,-4.300000000000001,0,4,3,1,0.5821252097375691,,707.4
8262,-2.3000000000000003,0,4,3,1,0.5821252097375691,,707.5
8263,-4.300000000000001,0,4,3,1,0.5821252097375691,,707.5
8264,5.7,1,4,3,1,0.5821252097375691,,707.6
8265,5.7,1,4,3,1,0.5821252097375691,,707.7
8266,-4.300000000000001,0,4,3,1,0.5821252097375691,,707.7
8267,-4.300000000000001,0,4,3,1,0.5821252097375691,,707.8
8268,-4.300000000000001,0,4,3,1,0.5821252097375691,,707.9
8269,5.7,1,4,3,1,0.5821252097375691,,708.0
8270,-4.300000000000001,0,4,3,1,0.5821252097375691,,708.0
8271,-2.3000000000000003,0,4,3,1,0.5821252097375691,,708.1
8272,-2.3000000000000003,0,4,3,1,0.5821252097375691,,708.1
8273,-4.300000000000001,0,4,3,1,0.5821252097375691,,708.2
8274,-4.300000000000001,0,4,3,1,0.5821252097375691,,708.2
8275,-4.300000000000001,0,4,3,1,0.5821252097375691,,708.3
8276,-2.3000000000000003,0,4,3,1,0.5821252097375691,,708.3
8277,-2.3000000000000003,0,4,3,1,0.5821252097375691,,708.4
8278,5.7,1,4,3,1,0.5821252097375691,,708.4
8279,5.7,1,4,3,1,0.5821252097375691,,708.5
8280,-4.300000000000001,0,4,3,1,0.5821252097375691,,708.6
8281,5.7,1,4,3,1,0.5821252097375691,,708.6
8282,-4.300000000000001,0,4,3,1,0.5821252097375691,,708.7
8283,-0.30000000000000004,0,4,3,1,0.5821252097375691,,708.8
8284,5.7,1,4,3,1,0.5821252097375691,,708.9
8285,-4.300000000000001,0,4,3,1,0.5821252097375691,,708.9
8286,4.4,1,6,3,1,0.5821252097375691,,709.0
8287,-4.300000000000001,0,4,3,1,0.5821252097375691,,709.0
8288,-4.300000000000001,0,4,3,1,0.5821252097375691,,709.1
8289,-1.4000000000000001,0,5,4,1,0.5821252097375691,,709.2
8290,-0.30000000000000004,0,4,3,1,0.5821252097375691,,709.3
8291,-0.30000000000000004,0,4,3,1,0.5821252097375691,,709.3
8292,-0.30000000000000004,0,4,3,1,0.5821252097375691,,709.4
8293,-2.3000000000000003,0,4,3,1,0.5821252097375691,,709.4
8294,-4.300000000000001,0,4,3,1,0.5821252097375691,,709.5
8295,-2.3000000000000003,0,4,3,1,0.5821252097375691,,709.5
8296,-4.300000000000001,0,4,3,1,0.5821252097375691,,709.6
8297,5.7,1,4,3,1,0.5821252097375691,,709.7
8298,-4.300000000000001,0,4,3,1,0.5821252097375691,,709.8
8299,-4.300000000000001,0,4,3,1,0.5821252097375691,,709.8
8300,-2.3000000000000003,0,4,3,1,0.5821252097375691,,709.8
8301,-4.300000000000001,0,4,3,1,0.5821252097375691,,709.9
8302,-4.300000000000001,0,4,3,1,0.5821252097375691,,710.0
8303,-4.300000000000001,0,4,3,1,0.5821252097375691,,710.0
8304,5.7,1,4,3,1,0.5821252097375691,,710.1
8305,5.7,1,4,3,1,0.5821252097375691,,710.2
8306,-4.300000000000001,0,4,3,1,0.5821252097375691,,710.2
8307,-2.3000000000000003,0,4,3,1,0.5821252097375691,,710.3
8308,5.7,1,4,3,1,0.5821252097375691,,710.4
8309,-2.3000000000000003,0,4,3,1,0.5821252097375691,,710.4
8310,-4.300000000000001,0,4,3,1,0.5821252097375691,,710.5
8311,-4.300000000000001,0,4,3,1,0.5821252097375691,,710.5
8312,-4.300000000000001,0,4,3,1,0.5821252097375691,,710.6
8313,5.7,1,4,3,1,0.5821252097375691,,710.7
8314,-4.300000000000001,0,4,3,1,0.5821252097375691,,710.7
8315,-4.300000000000001,0,4,3,1,0.5821252097375691,,710.8
8316,-4.300000000000001,0,4,3,1,0.5821252097375691,,710.8
8317,5.7,1,4,3,1,0.5821252097375691,,710.8
8318,5.7,1,4,3,1,0.5821252097375691,,710.9
8319,5.7,1,4,3,1,0.5821252097375691,,711.0
8320,-2.3000000000000003,0,4,3,1,0.5821252097375691,,711.0
8321,-4.300000000000001,0,4,3,1,0.5821252097375691,,711.1
8322,-2.3000000000000003,0,4,3,1,0.5821252097375691,,711.2
8323,-4.300000000000001,0,4,3,1,0.5821252097375691,,711.2
8324,5.7,1,4,3,1,0.5821252097375691,,711.3
8325,-4.300000000000001,0,4,3,1,0.5821252097375691,,711.4
8326,-4.300000000000001,0,4,3,1,0.5821252097375691,,711.4
8327,-4.300000000000001,0,4,3,1,0.5821252097375691,,711.5
8328,-4.300000000000001,0,4,3,1,0.5821252097375691,,711.5
8329,-4.300000000000001,0,4,3,1,0.5821252097375691,,711.6
8330,-0.30000000000000004,0,4,3,1,0.5821252097375691,,711.7
8331,-2.3000000000000003,0,4,3,1,0.5821252097375691,,711.7
8332,-4.300000000000001,0,4,3,1,0.5821252097375691,,711.8
8333,5.7,1,4,3,1,0.5821252097375691,,711.9
8334,-4.300000000000001,0,4,3,1,0.5821252097375691,,712.0
8335,-4.300000000000001,0,4,3,1,0.5821252097375691,,712.0
8336,-4.300000000000001,0,4,3,1,0.5821252097375691,,712.1
8337,-4.300000000000001,0,4,3,1,0.5821252097375691,,712.2
8338,-2.3000000000000003,0,4,3,1,0.5821252097375691,,712.2
8339,-4.300000000000001,0,4,3,1,0.5821252097375691,,712.3
8340,-4.300000000000001,0,4,3,1,0.5821252097375691,,712.3
8341,-0.30000000000000004,0,4,3,1,0.5821252097375691,,712.4
8342,-3.6000000000000005,0,6,3,1,0.5821252097375691,,712.5
8343,-4.300000000000001,0,4,3,1,0.5821252097375691,,712.6
8344,-4.300000000000001,0,4,3,1,0.5821252097375691,,712.6
8345,-0.30000000000000004,0,4,3,1,0.5821252097375691,,712.7
8346,-4.300000000000001,0,4,3,1,0.5821252097375691,,712.7
8347,-0.30000000000000004,0,4,3,1,0.5821252097375691,,712.8
8348,5.7,1,4,3,1,0.5821252097375691,,712.9
8349,-2.3000000000000003,0,4,3,1,0.5821252097375691,,712.9
8350,-4.300000000000001,0,4,3,1,0.5821252097375691,,713.0
8351,-4.300000000000001,0,4,3,1,0.5821252097375691,,713.1
8352,-4.300000000000001,0,4,3,1,0.5821252097375691,,713.1
8353,-2.3000000000000003,0,4,3,1,0.5821252097375691,,713.2
8354,5.7,1,4,3,1,0.5821252097375691,,713.3
8355,-0.30000000000000004,0,4,3,1,0.5821252097375691,,713.3
8356,-0.30000000000000004,0,4,3,1,0.5821252097375691,,713.4
8357,5.7,1,4,3,1,0.5821252097375691,,713.5
8358,-4.300000000000001,0,4,3,1,0.5821252097375691,,713.6
8359,-4.300000000000001,0,4,3,1,0.5821252097375691,,713.7
8360,-4.300000000000001,0,4,3,1,0.5821252097375691,,713.7
8361,-4.300000000000001,0,4,3,1,0.5821252097375691,,713.8
8362,-2.3000000000000003,0,4,3,1,0.5821252097375691,,713.8
8363,-2.3000000000000003,0,4,3,1,0.5821252097375691,,713.9
8364,-2.3000000000000003,0,4,3,1,0.5821252097375691,,713.9
8365,5.7,1,4,3,1,0.5821252097375691,,714.0
8366,-4.300000000000001,0,4,3,1,0.5821252097375691,,714.1
8367,-2.3000000000000003,0,4,3,1,0.5821252097375691,,714.1
8368,-0.30000000000000004,0,4,3,1,0.5821252097375691,,714.2
8369,-4.300000000000001,0,4,3,1,0.5821252097375691,,714.2
8370,-2.3000000000000003,0,4,3,1,0.5821252097375691,,714.3
8371,-0.30000000000000004,0,4,3,1,0.5821252097375691,,714.4
8372,-0.30000000000000004,0,4,3,1,0.5821252097375691,,714.4
8373,-4.300000000000001,0,4,3,1,0.5821252097375691,,714.5
8374,5.7,1,4,3,1,0.5821252097375691,,714.6
8375,-4.300000000000001,0,4,3,1,0.5821252097375691,,714.6
8376,-4.300000000000001,0,4,3,1,0.5821252097375691,,714.7
8377,-4.300000000000001,0,4,3,1,0.5821252097375691,,714.7
8378,-4.6000000000000005,0,6,3,1,0.5821252097375691,,714.8
8379,-4.300000000000001,0,4,3,1,0.5821252097375691,,714.9
8380,-4.300000000000001,0,4,3,1,0.5821252097375691,,715.0
8381,-0.30000000000000004,0,4,3,1,0.5821252097375691,,715.1
8382,-4.300000000000001,0,4,3,1,0.5821252097375691,,715.1
8383,5.7,1,4,3,1,0.5821252097375691,,715.2
8384,-0.30000000000000004,0,4,3,1,0.5821252097375691,,715.3
8385,-4.6000000000000005,0,6,3,1,0.5821252097375691,,715.3
8386,-2.3000000000000003,0,4,3,1,0.5821252097375691,,715.3
8387,-4.300000000000001,0,4,3,1,0.5821252097375691,,715.4
8388,-4.300000000000001,0,4,3,1,0.5821252097375691,,715.5
8389,5.7,1,4,3,1,0.5821252097375691,,715.5
8390,-0.30000000000000004,0,4,3,1,0.5821252097375691,,715.5
8391,-5.6000000000000005,0,6,3,1,0.5821252097375691,,715.6
8392,-4.300000000000001,0,4,3,1,0.5821252097375691,,715.7
8393,-2.3000000000000003,0,4,3,1,0.5821252097375691,,715.7
8394,-4.300000000000001,0,4,3,1,0.5821252097375691,,715.8
8395,-4.300000000000001,0,4,3,1,0.5821252097375691,,715.8
8396,-4.300000000000001,0,4,3,1,0.5821252097375691,,715.9
8397,-2.3000000000000003,0,4,3,1,0.5821252097375691,,716.0
8398,-4.300000000000001,0,4,3,1,0.5821252097375691,,716.1
8399,5.7,1,4,3,1,0.5821252097375691,,716.2
8400,-5.4,0,5,4,1,0.5821252097375691,,716.2
8401,-4.300000000000001,0,4,3,1,0.5821252097375691,,716.3
8402,-2.3000000000000003,0,4,3,1,0.5821252097375691,,716.4
8403,5.7,1,4,3,1,0.5821252097375691,,716.4
8404,-2.3000000000000003,0,4,3,1,0.5821252097375691,,716.5
8405,-2.3000000000000003,0,4,3,1,0.5821252097375691,,716.5
8406,-4.300000000000001,0,4,3,1,0.5821252097375691,,716.6
8407,-4.300000000000001,0,4,3,1,0.5821252097375691,,716.6
8408,5.7,1,4,3,1,0.5821252097375691,,716.7
8409,-4.300000000000001,0,4,3,1,0.5821252097375691,,716.7
8410,5.7,1,4,3,1,0.5821252097375691,,716.8
8411,5.7,1,4,3,1,0.5821252097375691,,716.8
8412,-4.300000000000001,0,4,3,1,0.5821252097375691,,716.9
8413,5.7,1,4,3,1,0.5821252097375691,,716.9
8414,-2.3000000000000003,0,4,3,1,0.5821252097375691,,717.0
8415,-4.300000000000001,0,4,3,1,0.5821252097375691,,717.1
8416,-4.300000000000001,0,4,3,1,0.5821252097375691,,717.2
8417,-4.300000000000001,0,4,3,1,0.5821252097375691,,717.2
8418,-4.300000000000001,0,4,3,1,0.5821252097375691,,717.3
8419,-4.300000000000001,0,4,3,1,0.5821252097375691,,717.4
8420,-4.300000000000001,0,4,3,1,0.5821252097375691,,717.4
8421,-4.300000000000001,0,4,3,1,0.5821252097375691,,717.5
8422,-4.300000000000001,0,4,3,1,0.5821252097375691,,717.6
8423,-0.30000000000000004,0,4,3,1,0.5821252097375691,,717.7
8424,5.7,1,4,3,1,0.5821252097375691,,717.8
8425,-4.300000000000001,0,4,3,1,0.5821252097375691,,717.8
8426,-4.300000000000001,0,4,3,1,0.5821252097375691,,717.9
8427,-4.300000000000001,0,4,3,1,0.5821252097375691,,717.9
8428,-0.30000000000000004,0,4,3,1,0.5821252097375691,,717.9
8429,5.7,1,4,3,1,0.5821252097375691,,718.0
8430,-4.300000000000001,0,4,3,1,0.5821252097375691,,718.1
8431,-4.300000000000001,0,4,3,1,0.5821252097375691,,718.1
8432,-4.300000000000001,0,4,3,1,0.5821252097375691,,718.2
8433,-4.300000000000001,0,4,3,1,0.5821252097375691,,718.3
8434,-2.3000000000000003,0,4,3,1,0.5821252097375691,,718.3
8435,-0.30000000000000004,0,4,3,1,0.5821252097375691,,718.4
8436,-2.6,0,6,3,1,0.5821252097375691,,718.5
8437,-4.300000000000001,0,4,3,1,0.5821252097375691,,718.6
8438,-4.300000000000001,0,4,3,1,0.5821252097375691,,718.6
8439,-0.30000000000000004,0,4,3,1,0.5821252097375691,,718.7
8440,-4.300000000000001,0,4,3,1,0.5821252097375691,,718.8
8441,-4.300000000000001,0,4,3,1,0.5821252097375691,,718.8
8442,-4.300000000000001,0,4,3,1,0.5821252097375691,,718.9
8443,-2.3000000000000003,0,4,3,1,0.5821252097375691,,718.9
8444,5.7,1,4,3,1,0.5821252097375691,,719.0
8445,-4.300000000000001,0,4,3,1,0.5821252097375691,,719.1
8446,-4.300000000000001,0,4,3,1,0.5821252097375691,,719.1
8447,-4.300000000000001,0,4,3,1,0.5821252097375691,,719.2
8448,-4.300000000000001,0,4,3,1,0.5821252097375691,,719.3
8449,-4.300000000000001,0,4,3,1,0.5821252097375691,,719.3
8450,-0.30000000000000004,0,4,3,1,0.5821252097375691,,719.4
8451,-4.300000000000001,0,4,3,1,0.5821252097375691,,719.4
8452,-0.30000000000000004,0,4,3,1,0.5821252097375691,,719.5
8453,-4.300000000000001,0,4,3,1,0.5821252097375691,,719.5
8454,-4.300000000000001,0,4,3,1,0.5821252097375691,,719.6
8455,-4.300000000000001,0,4,3,1,0.5821252097375691,,719.6
8456,-2.6,0,6,3,1,0.5821252097375691,,719.7
8457,-4.300000000000001,0,4,3,1,0.5821252097375691,,719.8
8458,-4.300000000000001,0,4,3,1,0.5821252097375691,,719.9
8459,-0.30000000000000004,0,4,3,1,0.5821252097375691,,719.9
8460,-4.300000000000001,0,4,3,1,0.5821252097375691,,720.0
8461,-4.300000000000001,0,4,3,1,0.5821252097375691,,720.0
8462,-2.3000000000000003,0,4,3,1,0.5821252097375691,,720.1
8463,-4.300000000000001,0,4,3,1,0.5821252097375691,,720.2
8464,-4.300000000000001,0,4,3,1,0.5821252097375691,,720.3
8465,-4.300000000000001,0,4,3,1,0.5821252097375691,,720.3
8466,-4.300000000000001,0,4,3,1,0.5821252097375691,,720.4
8467,-4.300000000000001,0,4,3,1,0.5821252097375691,,720.5
8468,-0.30000000000000004,0,4,3,1,0.5821252097375691,,720.5
8469,5.7,1,4,3,1,0.5821252097375691,,720.6
8470,-4.300000000000001,0,4,3,1,0.5821252097375691,,720.7
8471,-4.300000000000001,0,4,3,1,0.5821252097375691,,720.7
8472,-4.300000000000001,0,4,3,1,0.5821252097375691,,720.8
8473,-4.300000000000001,0,4,3,1,0.5821252097375691,,720.9
8474,-0.30000000000000004,0,4,3,1,0.5821252097375691,,721.0
8475,-4.300000000000001,0,4,3,1,0.5821252097375691,,721.1
8476,5.7,1,4,3,1,0.5821252097375691,,721.1
8477,-4.300000000000001,0,4,3,1,0.5821252097375691,,721.2
8478,-4.300000000000001,0,4,3,1,0.5821252097375691,,721.2
8479,-4.300000000000001,0,4,3,1,0.5821252097375691,,721.3
8480,-0.30000000000000004,0,4,3,1,0.5821252097375691,,721.3
8481,-4.300000000000001,0,4,3,1,0.5821252097375691,,721.3
8482,5.7,1,4,3,1,0.5821252097375691,,721.4
8483,-4.300000000000001,0,4,3,1,0.5821252097375691,,721.4
8484,-0.30000000000000004,0,4,3,1,0.5777461817488074,1.7340534119866788,722.1
8485,-4.6,0,6,3,1,0.5777461817488074,,722.1
8486,5.7,1,4,3,1,0.5777461817488074,,722.2
8487,-4.300000000000001,0,4,3,1,0.5777461817488074,,722.2
8488,-4.300000000000001,0,4,3,1,0.5777461817488074,,722.3
8489,-4.300000000000001,0,4,3,1,0.5777461817488074,,722.3
8490,-4.300000000000001,0,4,3,1,0.5777461817488074,,722.4
8491,-4.300000000000001,0,4,3,1,0.5777461817488074,,722.5
8492,-4.300000000000001,0,4,3,1,0.5777461817488074,,722.5
8493,5.7,1,4,3,1,0.5777461817488074,,722.6
8494,-0.30000000000000004,0,4,3,1,0.5777461817488074,,722.7
8495,-4.300000000000001,0,4,3,1,0.5777461817488074,,722.8
8496,-4.300000000000001,0,4,3,1,0.5777461817488074,,722.8
8497,-4.300000000000001,0,4,3,1,0.5777461817488074,,722.9
8498,-0.30000000000000004,0,4,3,1,0.5777461817488074,,722.9
8499,-4.6000000000000005,0,6,3,1,0.5777461817488074,,723.0
8500,-4.300000000000001,0,4,3,1,0.5777461817488074,,723.0
8501,-2.3000000000000003,0,4,3,1,0.5777461817488074,,728.0
8502,5.7,1,4,3,1,0.5777461817488074,,728.1
8503,-4.300000000000001,0,4,3,1,0.5777461817488074,,728.1
8504,-4.6000000000000005,0,6,3,1,0.5777461817488074,,728.2
8505,-0.30000000000000004,0,4,3,1,0.5777461817488074,,728.3
8506,-4.300000000000001,0,4,3,1,0.5777461817488074,,728.3
8507,5.7,1,4,3,1,0.5777461817488074,,728.4
8508,5.7,1,4,3,1,0.5777461817488074,,728.5
8509,-4.300000000000001,0,4,3,1,0.5777461817488074,,728.5
8510,-0.30000000000000004,0,4,3,1,0.5777461817488074,,728.6
8511,-0.30000000000000004,0,4,3,1,0.5777461817488074,,728.6
8512,-5.4,0,5,4,1,0.5777461817488074,,728.7
8513,-0.30000000000000004,0,4,3,1,0.5777461817488074,,728.8
8514,-4.300000000000001,0,4,3,1,0.5777461817488074,,728.9
8515,-2.3000000000000003,0,4,3,1,0.5777461817488074,,728.9
8516,5.7,1,4,3,1,0.5777461817488074,,729.0
8517,-4.300000000000001,0,4,3,1,0.5777461817488074,,729.0
8518,-4.300000000000001,0,4,3,1,0.5777461817488074,,729.1
8519,-4.300000000000001,0,4,3,1,0.5777461817488074,,729.2
8520,-0.30000000000000004,0,4,3,1,0.5777461817488074,,729.2
8521,-4.300000000000001,0,4,3,1,0.5777461817488074,,729.3
8522,-4.300000000000001,0,4,3,1,0.5777461817488074,,729.4
8523,-0.30000000000000004,0,4,3,1,0.5777461817488074,,729.4
8524,-2.3000000000000003,0,4,3,1,0.5777461817488074,,729.5
8525,-4.300000000000001,0,4,3,1,0.5777461817488074,,729.6
8526,-2.3000000000000003,0,4,3,1,0.5777461817488074,,729.6
8527,-4.6,0,6,3,1,0.5777461817488074,,729.6
8528,-0.30000000000000004,0,4,3,1,0.5777461817488074,,729.7
8529,-0.30000000000000004,0,4,3,1,0.5777461817488074,,729.7
8530,-2.3000000000000003,0,4,3,1,0.5777461817488074,,729.8
8531,-4.300000000000001,0,4,3,1,0.5777461817488074,,729.9
8532,-2.3000000000000003,0,4,3,1,0.5777461817488074,,729.9
8533,-4.300000000000001,0,4,3,1,0.5777461817488074,,730.0
8534,-0.30000000000000004,0,4,3,1,0.5777461817488074,,730.1
8535,-4.300000000000001,0,4,3,1,0.5777461817488074,,730.1
8536,-4.300000000000001,0,4,3,1,0.5777461817488074,,730.2
8537,-4.300000000000001,0,4,3,1,0.5777461817488074,,730.3
8538,-2.3000000000000003,0,4,3,1,0.5777461817488074,,730.3
8539,-4.6,0,6,3,1,0.5777461817488074,,730.3
8540,-0.30000000000000004,0,4,3,1,0.5777461817488074,,730.4
8541,-5.6000000000000005,0,6,3,1,0.5777461817488074,,730.5
8542,-4.300000000000001,0,4,3,1,0.5777461817488074,,730.6
8543,-4.300000000000001,0,4,3,1,0.5777461817488074,,730.7
8544,-2.3000000000000003,0,4,3,1,0.5777461817488074,,730.7
8545,-4.300000000000001,0,4,3,1,0.5777461817488074,,730.8
8546,-0.30000000000000004,0,4,3,1,0.5777461817488074,,730.8
8547,-0.30000000000000004,0,4,3,1,0.5777461817488074,,730.9
8548,-4.6000000000000005,0,6,3,1,0.5777461817488074,,731.0
8549,-4.300000000000001,0,4,3,1,0.5777461817488074,,731.0
8550,-4.300000000000001,0,4,3,1,0.5777461817488074,,731.1
8551,-4.300000000000001,0,4,3,1,0.5777461817488074,,731.2
8552,-2.3000000000000003,0,4,3,1,0.5777461817488074,,731.2
8553,-2.3000000000000003,0,4,3,1,0.5777461817488074,,731.3
8554,-2.3000000000000003,0,4,3,1,0.5777461817488074,,731.3
8555,5.7,1,4,3,1,0.5777461817488074,,731.4
8556,-4.300000000000001,0,4,3,1,0.5777461817488074,,731.5
8557,-4.300000000000001,0,4,3,1,0.5777461817488074,,731.5
8558,-4.300000000000001,0,4,3,1,0.5777461817488074,,731.6
8559,-4.300000000000001,0,4,3,1,0.5777461817488074,,731.7
8560,-4.300000000000001,0,4,3,1,0.5777461817488074,,731.7
8561,-4.300000000000001,0,4,3,1,0.5777461817488074,,731.8
8562,-4.300000000000001,0,4,3,1,0.5777461817488074,,731.9
8563,-4.300000000000001,0,4,3,1,0.5777461817488074,,732.0
8564,-0.6000000000000001,0,6,3,1,0.5777461817488074,,732.0
8565,-4.300000000000001,0,4,3,1,0.5777461817488074,,732.1
8566,-4.300000000000001,0,4,3,1,0.5777461817488074,,732.2
8567,-4.300000000000001,0,4,3,1,0.5777461817488074,,732.2
8568,5.7,1,4,3,1,0.5777461817488074,,732.3
8569,-2.3000000000000003,0,4,3,1,0.5777461817488074,,732.4
8570,-0.30000000000000004,0,4,3,1,0.5777461817488074,,732.4
8571,-4.300000000000001,0,4,3,1,0.5777461817488074,,732.5
8572,5.7,1,4,3,1,0.5777461817488074,,732.5
8573,-4.6,0,6,3,1,0.5777461817488074,,732.6
8574,-2.3000000000000003,0,4,3,1,0.5777461817488074,,732.7
8575,5.7,1,4,3,1,0.5777461817488074,,732.7
8576,-4.300000000000001,0,4,3,1,0.5777461817488074,,732.8
8577,-2.3000000000000003,0,4,3,1,0.5777461817488074,,732.9
8578,-1.6,0,6,3,1,0.5777461817488074,,732.9
8579,-2.3000000000000003,0,4,3,1,0.5777461817488074,,733.0
8580,5.7,1,4,3,1,0.5777461817488074,,733.1
8581,-2.3000000000000003,0,4,3,1,0.5777461817488074,,733.1
8582,-2.3000000000000003,0,4,3,1,0.5777461817488074,,733.1
8583,-2.3000000000000003,0,4,3,1,0.5777461817488074,,733.2
8584,-0.30000000000000004,0,4,3,1,0.5777461817488074,,733.3
8585,-4.300000000000001,0,4,3,1,0.5777461817488074,,733.4
8586,6.6,1,5,4,1,0.5777461817488074,,733.4
8587,-4.300000000000001,0,4,3,1,0.5777461817488074,,733.5
8588,-4.300000000000001,0,4,3,1,0.5777461817488074,,733.6
8589,-4.300000000000001,0,4,3,1,0.5777461817488074,,733.7
8590,-3.6000000000000005,0,6,3,1,0.5777461817488074,,733.7
8591,-2.9000000000000004,0,8,3,1,0.5777461817488074,,733.8
8592,-4.300000000000001,0,4,3,1,0.5777461817488074,,733.9
8593,-4.300000000000001,0,4,3,1,0.5777461817488074,,733.9
8594,-4.300000000000001,0,4,3,1,0.5777461817488074,,734.0
8595,-0.30000000000000004,0,4,3,1,0.5777461817488074,,734.1
8596,-0.30000000000000004,0,4,3,1,0.5777461817488074,,734.1
8597,-2.3000000000000003,0,4,3,1,0.5777461817488074,,734.2
8598,-4.300000000000001,0,4,3,1,0.5777461817488074,,734.3
8599,-4.300000000000001,0,4,3,1,0.5777461817488074,,734.3
8600,-0.30000000000000004,0,4,3,1,0.5777461817488074,,734.3
8601,-4.6000000000000005,0,6,3,1,0.5777461817488074,,734.4
8602,-4.300000000000001,0,4,3,1,0.5777461817488074,,734.5
8603,5.7,1,4,3,1,0.5777461817488074,,734.6
8604,-4.300000000000001,0,4,3,1,0.5777461817488074,,734.6
8605,-5.4,0,5,4,1,0.5777461817488074,,734.7
8606,-4.300000000000001,0,4,3,1,0.5777461817488074,,734.7
8607,-0.6000000000000001,0,6,3,1,0.5777461817488074,,734.8
8608,-4.300000000000001,0,4,3,1,0.5777461817488074,,734.9
8609,-2.3000000000000003,0,4,3,1,0.5777461817488074,,734.9
8610,5.7,1,4,3,1,0.5777461817488074,,735.0
8611,-4.300000000000001,0,4,3,1,0.5777461817488074,,735.0
8612,-4.300000000000001,0,4,3,1,0.5777461817488074,,735.1
8613,-4.300000000000001,0,4,3,1,0.5777461817488074,,735.1
8614,-2.3000000000000003,0,4,3,1,0.5777461817488074,,735.2
8615,-2.3000000000000003,0,4,3,1,0.5777461817488074,,735.2
8616,-2.3000000000000003,0,4,3,1,0.5777461817488074,,735.3
8617,-4.300000000000001,0,4,3,1,0.5777461817488074,,735.3
8618,-2.3000000000000003,0,4,3,1,0.5777461817488074,,735.4
8619,-4.300000000000001,0,4,3,1,0.5777461817488074,,735.4
8620,-4.300000000000001,0,4,3,1,0.5777461817488074,,735.5
8621,-2.3000000000000003,0,4,3,1,0.5777461817488074,,735.6
8622,-4.300000000000001,0,4,3,1,0.5777461817488074,,735.7
8623,-4.300000000000001,0,4,3,1,0.5777461817488074,,735.7
8624,-4.300000000000001,0,4,3,1,0.5777461817488074,,735.8
8625,-4.300000000000001,0,4,3,1,0.5777461817488074,,735.9
8626,-2.3000000000000003,0,4,3,1,0.5777461817488074,,735.9
8627,-4.300000000000001,0,4,3,1,0.5777461817488074,,736.0
8628,-4.300000000000001,0,4,3,1,0.5777461817488074,,736.0
8629,5.7,1,4,3,1,0.5777461817488074,,736.0
8630,-0.30000000000000004,0,4,3,1,0.5777461817488074,,736.1
8631,-4.300000000000001,0,4,3,1,0.5777461817488074,,736.1
8632,-4.300000000000001,0,4,3,1,0.5777461817488074,,736.2
8633,-0.30000000000000004,0,4,3,1,0.5777461817488074,,736.2
8634,-4.300000000000001,0,4,3,1,0.5777461817488074,,736.3
8635,-4.300000000000001,0,4,3,1,0.5777461817488074,,736.3
8636,-4.300000000000001,0,4,3,1,0.5777461817488074,,736.4
8637,5.7,1,4,3,1,0.5777461817488074,,736.5
8638,-4.300000000000001,0,4,3,1,0.5777461817488074,,736.5
8639,-2.3000000000000003,0,4,3,1,0.5777461817488074,,736.6
8640,-4.300000000000001,0,4,3,1,0.5777461817488074,,736.7
8641,-0.30000000000000004,0,4,3,1,0.5777461817488074,,736.8
8642,-0.30000000000000004,0,4,3,1,0.5777461817488074,,736.8
8643,5.7,1,4,3,1,0.5777461817488074,,736.9
8644,-2.3000000000000003,0,4,3,1,0.5777461817488074,,737.0
8645,5.7,1,4,3,1,0.5777461817488074,,737.0
8646,-2.3000000000000003,0,4,3,1,0.5777461817488074,,737.1
8647,-4.300000000000001,0,4,3,1,0.5777461817488074,,737.2
8648,-4.300000000000001,0,4,3,1,0.5777461817488074,,737.3
8649,-4.300000000000001,0,4,3,1,0.5777461817488074,,737.3
8650,-4.300000000000001,0,4,3,1,0.5777461817488074,,737.4
8651,-4.300000000000001,0,4,3,1,0.5777461817488074,,737.5
8652,-0.30000000000000004,0,4,3,1,0.5777461817488074,,737.5
8653,-4.300000000000001,0,4,3,1,0.5777461817488074,,737.5
8654,-4.300000000000001,0,4,3,1,0.5777461817488074,,737.6
8655,-4.300000000000001,0,4,3,1,0.5777461817488074,,737.7
8656,-4.300000000000001,0,4,3,1,0.5777461817488074,,737.7
8657,-2.3000000000000003,0,4,3,1,0.5777461817488074,,737.8
8658,-0.30000000000000004,0,4,3,1,0.5777461817488074,,737.8
8659,-4.300000000000001,0,4,3,1,0.5777461817488074,,737.9
8660,-4.300000000000001,0,4,3,1,0.5777461817488074,,737.9
8661,-4.300000000000001,0,4,3,1,0.5777461817488074,,738.0
8662,-4.6000000000000005,0,6,3,1,0.5777461817488074,,738.0
8663,-2.3000000000000003,0,4,3,1,0.5777461817488074,,738.1
8664,-2.3000000000000003,0,4,3,1,0.5777461817488074,,738.1
8665,5.7,1,4,3,1,0.5777461817488074,,738.1
8666,-4.300000000000001,0,4,3,1,0.5777461817488074,,738.2
8667,-4.300000000000001,0,4,3,1,0.5777461817488074,,738.3
8668,-4.300000000000001,0,4,3,1,0.5777461817488074,,738.3
8669,-4.300000000000001,0,4,3,1,0.5777461817488074,,738.4
8670,-4.300000000000001,0,4,3,1,0.5777461817488074,,738.5
8671,-4.300000000000001,0,4,3,1,0.5777461817488074,,738.5
8672,5.7,1,4,3,1,0.5777461817488074,,738.6
8673,5.7,1,4,3,1,0.5777461817488074,,738.6
8674,-4.300000000000001,0,4,3,1,0.5777461817488074,,738.7
8675,-4.300000000000001,0,4,3,1,0.5777461817488074,,738.7
8676,5.7,1,4,3,1,0.5777461817488074,,738.8
8677,-2.3000000000000003,0,4,3,1,0.5777461817488074,,738.9
8678,-4.300000000000001,0,4,3,1,0.5777461817488074,,739.0
8679,-4.300000000000001,0,4,3,1,0.5777461817488074,,739.0
8680,-4.300000000000001,0,4,3,1,0.5777461817488074,,739.1
8681,-2.6,0,6,3,1,0.5777461817488074,,739.1
8682,-4.300000000000001,0,4,3,1,0.5777461817488074,,739.2
8683,-0.30000000000000004,0,4,3,1,0.5777461817488074,,739.2
8684,-4.300000000000001,0,4,3,1,0.5777461817488074,,739.3
8685,-4.300000000000001,0,4,3,1,0.5777461817488074,,739.4
8686,-4.300000000000001,0,4,3,1,0.5777461817488074,,739.4
8687,-2.3000000000000003,0,4,3,1,0.5777461817488074,,739.5
8688,-4.6000000000000005,0,6,3,1,0.5777461817488074,,739.5
8689,-2.3000000000000003,0,4,3,1,0.5777461817488074,,739.6
8690,-4.300000000000001,0,4,3,1,0.5777461817488074,,739.6
8691,-4.300000000000001,0,4,3,1,0.5777461817488074,,739.7
8692,-4.300000000000001,0,4,3,1,0.5777461817488074,,739.7
8693,-2.3000000000000003,0,4,3,1,0.5777461817488074,,739.8
8694,-4.300000000000001,0,4,3,1,0.5777461817488074,,739.9
8695,-4.300000000000001,0,4,3,1,0.5777461817488074,,739.9
8696,-4.300000000000001,0,4,3,1,0.5777461817488074,,740.0
8697,-4.300000000000001,0,4,3,1,0.5777461817488074,,740.1
8698,-0.30000000000000004,0,4,3,1,0.5777461817488074,,740.1
8699,-4.300000000000001,0,4,3,1,0.5777461817488074,,740.2
8700,-4.6000000000000005,0,6,3,1,0.5777461817488074,,740.2
8701,-4.300000000000001,0,4,3,1,0.5777461817488074,,740.3
8702,5.7,1,4,3,1,0.5777461817488074,,740.4
8703,-2.3000000000000003,0,4,3,1,0.5777461817488074,,740.4
8704,-0.30000000000000004,0,4,3,1,0.5777461817488074,,740.5
8705,5.7,1,4,3,1,0.5777461817488074,,740.6
8706,-4.300000000000001,0,4,3,1,0.5777461817488074,,740.7
8707,-4.6000000000000005,0,6,3,1,0.5777461817488074,,740.8
8708,-4.300000000000001,0,4,3,1,0.5777461817488074,,740.9
8709,-4.300000000000001,0,4,3,1,0.5777461817488074,,740.9
8710,-4.300000000000001,0,4,3,1,0.5777461817488074,,741.0
8711,-4.300000000000001,0,4,3,1,0.5777461817488074,,741.0
8712,-4.300000000000001,0,4,3,1,0.5777461817488074,,741.1
8713,-4.300000000000001,0,4,3,1,0.5777461817488074,,741.2
8714,-4.300000000000001,0,4,3,1,0.5777461817488074,,741.3
8715,-0.30000000000000004,0,4,3,1,0.5777461817488074,,741.3
8716,-4.300000000000001,0,4,3,1,0.5777461817488074,,741.4
8717,-4.300000000000001,0,4,3,1,0.5777461817488074,,741.4
8718,-4.300000000000001,0,4,3,1,0.5777461817488074,,741.5
8719,-4.300000000000001,0,4,3,1,0.5777461817488074,,741.6
8720,-2.3000000000000003,0,4,3,1,0.5777461817488074,,741.6
8721,-4.300000000000001,0,4,3,1,0.5777461817488074,,741.7
8722,5.7,1,4,3,1,0.5777461817488074,,741.8
8723,5.7,1,4,3,1,0.5777461817488074,,741.8
8724,-4.300000000000001,0,4,3,1,0.5777461817488074,,741.9
8725,-2.3000000000000003,0,4,3,1,0.5777461817488074,,741.9
8726,-4.300000000000001,0,4,3,1,0.5777461817488074,,742.0
8727,-4.300000000000001,0,4,3,1,0.5777461817488074,,742.1
8728,5.7,1,4,3,1,0.5777461817488074,,742.2
8729,-4.300000000000001,0,4,3,1,0.5777461817488074,,742.2
8730,-2.3000000000000003,0,4,3,1,0.5777461817488074,,742.2
8731,-2.3000000000000003,0,4,3,1,0.5777461817488074,,742.3
8732,5.7,1,4,3,1,0.5777461817488074,,742.4
8733,5.7,1,4,3,1,0.5777461817488074,,742.5
8734,-4.300000000000001,0,4,3,1,0.5777461817488074,,742.6
8735,-4.300000000000001,0,4,3,1,0.5777461817488074,,742.7
8736,-2.3000000000000003,0,4,3,1,0.5777461817488074,,742.7
8737,-0.30000000000000004,0,4,3,1,0.5777461817488074,,742.8
8738,-4.300000000000001,0,4,3,1,0.5777461817488074,,742.8
8739,-4.300000000000001,0,4,3,1,0.5777461817488074,,742.9
8740,5.7,1,4,3,1,0.5777461817488074,,742.9
8741,-4.300000000000001,0,4,3,1,0.5777461817488074,,743.0
8742,-4.300000000000001,0,4,3,1,0.5777461817488074,,743.0
8743,-4.300000000000001,0,4,3,1,0.5777461817488074,,743.1
8744,-4.300000000000001,0,4,3,1,0.5777461817488074,,743.1
8745,-2.3000000000000003,0,4,3,1,0.5777461817488074,,743.2
8746,-2.3000000000000003,0,4,3,1,0.5777461817488074,,743.3
8747,-4.300000000000001,0,4,3,1,0.5777461817488074,,743.4
8748,-2.3000000000000003,0,4,3,1,0.5777461817488074,,743.4
8749,-0.6000000000000001,0,6,3,1,0.5777461817488074,,743.5
8750,-4.300000000000001,0,4,3,1,0.5777461817488074,,743.5
8751,-1.6,0,6,3,1,0.5777461817488074,,743.6
8752,-4.300000000000001,0,4,3,1,0.5777461817488074,,743.6
8753,-4.300000000000001,0,4,3,1,0.5777461817488074,,743.7
8754,-4.300000000000001,0,4,3,1,0.5777461817488074,,743.7
8755,5.7,1,4,3,1,0.5777461817488074,,743.8
8756,-0.30000000000000004,0,4,3,1,0.5777461817488074,,743.9
8757,-1.6,0,6,3,1,0.5777461817488074,,744.0
8758,-4.300000000000001,0,4,3,1,0.5777461817488074,,744.0
8759,5.7,1,4,3,1,0.5777461817488074,,744.1
8760,-2.3000000000000003,0,4,3,1,0.5777461817488074,,744.1
8761,5.7,1,4,3,1,0.5777461817488074,,744.2
8762,-0.30000000000000004,0,4,3,1,0.5777461817488074,,744.2
8763,-5.4,0,5,4,1,0.5777461817488074,,744.3
8764,-4.300000000000001,0,4,3,1,0.5777461817488074,,744.4
8765,-4.300000000000001,0,4,3,1,0.5777461817488074,,744.4
8766,5.7,1,4,3,1,0.5777461817488074,,744.5
8767,-4.300000000000001,0,4,3,1,0.5777461817488074,,744.6
8768,5.7,1,4,3,1,0.5777461817488074,,744.7
8769,5.7,1,4,3,1,0.5777461817488074,,744.7
8770,-4.300000000000001,0,4,3,1,0.5777461817488074,,744.8
8771,-5.4,0,5,4,1,0.5777461817488074,,744.8
8772,-4.300000000000001,0,4,3,1,0.5777461817488074,,744.9
8773,-4.300000000000001,0,4,3,1,0.5777461817488074,,744.9
8774,-4.300000000000001,0,4,3,1,0.5777461817488074,,745.0
8775,-0.30000000000000004,0,4,3,1,0.5777461817488074,,745.0
8776,-4.300000000000001,0,4,3,1,0.5777461817488074,,745.1
8777,-0.6000000000000001,0,6,3,1,0.5777461817488074,,745.2
8778,-2.3000000000000003,0,4,3,1,0.5777461817488074,,745.2
8779,-0.30000000000000004,0,4,3,1,0.5777461817488074,,745.3
8780,-4.300000000000001,0,4,3,1,0.5777461817488074,,745.3
8781,-4.300000000000001,0,4,3,1,0.5777461817488074,,745.4
8782,-2.3000000000000003,0,4,3,1,0.5777461817488074,,745.4
8783,-4.300000000000001,0,4,3,1,0.5777461817488074,,745.5
8784,-4.300000000000001,0,4,3,1,0.5777461817488074,,745.6
8785,-4.300000000000001,0,4,3,1,0.5777461817488074,,745.6
8786,5.7,1,4,3,1,0.5777461817488074,,745.7
8787,-4.300000000000001,0,4,3,1,0.5777461817488074,,745.7
8788,-0.30000000000000004,0,4,3,1,0.5777461817488074,,745.8
8789,-2.3000000000000003,0,4,3,1,0.5777461817488074,,745.8
8790,5.7,1,4,3,1,0.5777461817488074,,745.9
8791,-4.300000000000001,0,4,3,1,0.5777461817488074,,745.9
8792,-4.300000000000001,0,4,3,1,0.5777461817488074,,746.0
8793,-4.300000000000001,0,4,3,1,0.5777461817488074,,746.0
8794,-2.3000000000000003,0,4,3,1,0.5777461817488074,,746.1
8795,-0.30000000000000004,0,4,3,1,0.5777461817488074,,746.2
8796,-0.30000000000000004,0,4,3,1,0.5777461817488074,,746.2
8797,-0.30000000000000004,0,4,3,1,0.5777461817488074,,746.3
8798,5.7,1,4,3,1,0.5777461817488074,,746.3
8799,-4.300000000000001,0,4,3,1,0.5777461817488074,,746.4
8800,-4.300000000000001,0,4,3,1,0.5777461817488074,,746.4
8801,-2.3000000000000003,0,4,3,1,0.5777461817488074,,746.5
8802,-4.6000000000000005,0,6,3,1,0.5777461817488074,,746.6
8803,-2.3000000000000003,0,4,3,1,0.5777461817488074,,746.6
8804,-4.300000000000001,0,4,3,1,0.5777461817488074,,746.7
8805,-0.30000000000000004,0,4,3,1,0.5777461817488074,,746.8
8806,-4.300000000000001,0,4,3,1,0.5777461817488074,,746.9
8807,-4.300000000000001,0,4,3,1,0.5777461817488074,,746.9
8808,-2.3000000000000003,0,4,3,1,0.5777461817488074,,747.0
8809,-4.300000000000001,0,4,3,1,0.5777461817488074,,747.0
8810,-4.300000000000001,0,4,3,1,0.5777461817488074,,747.1
8811,-4.300000000000001,0,4,3,1,0.5777461817488074,,747.1
8812,-4.300000000000001,0,4,3,1,0.5777461817488074,,747.1
8813,-2.3000000000000003,0,4,3,1,0.5777461817488074,,747.2
8814,-4.300000000000001,0,4,3,1,0.5777461817488074,,747.3
8815,5.7,1,4,3,1,0.5777461817488074,,747.4
8816,-4.300000000000001,0,4,3,1,0.5777461817488074,,747.4
8817,-0.30000000000000004,0,4,3,1,0.5777461817488074,,747.5
8818,5.4,1,6,3,1,0.5777461817488074,,747.6
8819,-4.300000000000001,0,4,3,1,0.5777461817488074,,747.6
8820,5.7,1,4,3,1,0.5777461817488074,,747.7
8821,-4.300000000000001,0,4,3,1,0.5777461817488074,,747.7
8822,-0.30000000000000004,0,4,3,1,0.5777461817488074,,747.8
8823,5.7,1,4,3,1,0.5777461817488074,,747.8
8824,-4.300000000000001,0,4,3,1,0.5777461817488074,,747.9
8825,-4.300000000000001,0,4,3,1,0.5777461817488074,,748.0
8826,-4.300000000000001,0,4,3,1,0.5777461817488074,,748.0
8827,-4.300000000000001,0,4,3,1,0.5777461817488074,,748.1
8828,5.7,1,4,3,1,0.5777461817488074,,748.1
8829,-4.300000000000001,0,4,3,1,0.5777461817488074,,748.2
8830,-2.3000000000000003,0,4,3,1,0.5777461817488074,,748.2
8831,-4.300000000000001,0,4,3,1,0.5777461817488074,,748.3
8832,-0.30000000000000004,0,4,3,1,0.5777461817488074,,748.4
8833,5.7,1,4,3,1,0.5777461817488074,,748.5
8834,-4.300000000000001,0,4,3,1,0.5777461817488074,,748.5
8835,-4.300000000000001,0,4,3,1,0.5777461817488074,,748.6
8836,-0.30000000000000004,0,4,3,1,0.5777461817488074,,748.6
8837,-4.300000000000001,0,4,3,1,0.5777461817488074,,748.7
8838,-4.300000000000001,0,4,3,1,0.5777461817488074,,748.8
8839,-4.300000000000001,0,4,3,1,0.5777461817488074,,748.8
8840,-4.300000000000001,0,4,3,1,0.5777461817488074,,748.9
8841,-0.30000000000000004,0,4,3,1,0.5777461817488074,,749.0
8842,5.7,1,4,3,1,0.5777461817488074,,749.0
8843,-4.300000000000001,0,4,3,1,0.5777461817488074,,749.1
8844,-4.300000000000001,0,4,3,1,0.5777461817488074,,749.2
8845,-4.300000000000001,0,4,3,1,0.5777461817488074,,749.2
8846,-3.6,0,6,3,1,0.5777461817488074,,749.3
8847,-4.300000000000001,0,4,3,1,0.5777461817488074,,749.4
8848,-0.30000000000000004,0,4,3,1,0.5777461817488074,,749.4
8849,-4.300000000000001,0,4,3,1,0.5777461817488074,,749.5
8850,5.7,1,4,3,1,0.5777461817488074,,749.5
8851,-4.300000000000001,0,4,3,1,0.5777461817488074,,749.6
8852,-2.3000000000000003,0,4,3,1,0.5777461817488074,,749.6
8853,-4.300000000000001,0,4,3,1,0.5777461817488074,,749.7
8854,-2.3000000000000003,0,4,3,1,0.5777461817488074,,749.7
8855,-4.6,0,6,3,1,0.5777461817488074,,749.8
8856,-4.300000000000001,0,4,3,1,0.5777461817488074,,749.9
8857,5.7,1,4,3,1,0.5777461817488074,,749.9
8858,-4.300000000000001,0,4,3,1,0.5777461817488074,,749.9
8859,-2.3000000000000003,0,4,3,1,0.5777461817488074,,750.0
8860,-0.30000000000000004,0,4,3,1,0.5777461817488074,,750.0
8861,-2.3000000000000003,0,4,3,1,0.5777461817488074,,750.1
8862,-4.300000000000001,0,4,3,1,0.5777461817488074,,750.2
8863,-4.300000000000001,0,4,3,1,0.5777461817488074,,750.3
8864,-5.4,0,5,4,1,0.5777461817488074,,750.3
8865,-4.300000000000001,0,4,3,1,0.5777461817488074,,750.4
8866,5.7,1,4,3,1,0.5777461817488074,,750.5
8867,-2.3000000000000003,0,4,3,1,0.5777461817488074,,750.5
8868,-4.300000000000001,0,4,3,1,0.5777461817488074,,750.6
8869,-2.3000000000000003,0,4,3,1,0.5777461817488074,,750.6
8870,-4.300000000000001,0,4,3,1,0.5777461817488074,,750.7
8871,-0.30000000000000004,0,4,3,1,0.5777461817488074,,750.7
8872,-4.300000000000001,0,4,3,1,0.5777461817488074,,750.8
8873,-0.30000000000000004,0,4,3,1,0.5777461817488074,,750.9
8874,5.7,1,4,3,1,0.5777461817488074,,751.0
8875,-4.300000000000001,0,4,3,1,0.5777461817488074,,751.0
8876,-4.300000000000001,0,4,3,1,0.5777461817488074,,751.1
8877,-2.3000000000000003,0,4,3,1,0.5777461817488074,,751.2
8878,-4.6,0,6,3,1,0.5777461817488074,,751.2
8879,-2.3000000000000003,0,4,3,1,0.5777461817488074,,751.3
8880,-2.3000000000000003,0,4,3,1,0.5777461817488074,,751.4
8881,5.7,1,4,3,1,0.5777461817488074,,751.4
8882,-4.300000000000001,0,4,3,1,0.5777461817488074,,751.5
8883,-4.300000000000001,0,4,3,1,0.5777461817488074,,751.6
8884,-0.30000000000000004,0,4,3,1,0.5777461817488074,,751.6
8885,4.4,1,6,3,1,0.5777461817488074,,751.7
8886,-4.300000000000001,0,4,3,1,0.5777461817488074,,751.8
8887,-4.300000000000001,0,4,3,1,0.5777461817488074,,751.8
8888,-2.3000000000000003,0,4,3,1,0.5777461817488074,,751.9
8889,-4.300000000000001,0,4,3,1,0.5777461817488074,,751.9
8890,-2.3000000000000003,0,4,3,1,0.5777461817488074,,752.0
8891,-0.30000000000000004,0,4,3,1,0.5777461817488074,,752.1
8892,-4.300000000000001,0,4,3,1,0.5777461817488074,,752.2
8893,-2.6,0,6,3,1,0.5777461817488074,,752.2
8894,-4.300000000000001,0,4,3,1,0.5777461817488074,,752.3
8895,5.7,1,4,3,1,0.5777461817488074,,752.3
8896,-4.300000000000001,0,4,3,1,0.5777461817488074,,752.4
8897,-4.300000000000001,0,4,3,1,0.5777461817488074,,752.5
8898,-4.300000000000001,0,4,3,1,0.5777461817488074,,752.5
8899,-2.3000000000000003,0,4,3,1,0.5777461817488074,,752.6
8900,-4.300000000000001,0,4,3,1,0.5777461817488074,,752.7
8901,-4.300000000000001,0,4,3,1,0.5777461817488074,,752.8
8902,-4.300000000000001,0,4,3,1,0.5777461817488074,,752.8
8903,-0.30000000000000004,0,4,3,1,0.5777461817488074,,752.9
8904,-2.3000000000000003,0,4,3,1,0.5777461817488074,,753.0
8905,5.7,1,4,3,1,0.5777461817488074,,753.0
8906,-4.300000000000001,0,4,3,1,0.5777461817488074,,753.1
8907,-2.3000000000000003,0,4,3,1,0.5777461817488074,,753.1
8908,-2.6,0,6,3,1,0.5777461817488074,,753.2
8909,-4.300000000000001,0,4,3,1,0.5777461817488074,,753.3
8910,-4.300000000000001,0,4,3,1,0.5777461817488074,,753.4
8911,-0.30000000000000004,0,4,3,1,0.5777461817488074,,753.4
8912,-4.300000000000001,0,4,3,1,0.5777461817488074,,753.5
8913,-4.300000000000001,0,4,3,1,0.5777461817488074,,753.6
8914,-4.6000000000000005,0,6,3,1,0.5777461817488074,,753.7
8915,-4.300000000000001,0,4,3,1,0.5777461817488074,,753.8
8916,-2.3000000000000003,0,4,3,1,0.5777461817488074,,753.8
8917,-0.30000000000000004,0,4,3,1,0.5777461817488074,,753.9
8918,5.7,1,4,3,1,0.5777461817488074,,753.9
8919,5.7,1,4,3,1,0.5777461817488074,,754.0
8920,-4.300000000000001,0,4,3,1,0.5777461817488074,,754.0
8921,-4.300000000000001,0,4,3,1,0.5777461817488074,,754.1
8922,-4.300000000000001,0,4,3,1,0.5777461817488074,,754.2
8923,-4.300000000000001,0,4,3,1,0.5777461817488074,,754.2
8924,-1.4000000000000001,0,5,4,1,0.5777461817488074,,754.3
8925,-2.3000000000000003,0,4,3,1,0.5777461817488074,,754.3
8926,-0.30000000000000004,0,4,3,1,0.5777461817488074,,754.4
8927,-4.300000000000001,0,4,3,1,0.5777461817488074,,754.5
8928,-4.300000000000001,0,4,3,1,0.5777461817488074,,754.6
8929,-4.300000000000001,0,4,3,1,0.5777461817488074,,754.6
8930,-4.300000000000001,0,4,3,1,0.5777461817488074,,754.7
8931,-2.3000000000000003,0,4,3,1,0.5777461817488074,,754.8
8932,-4.300000000000001,0,4,3,1,0.5777461817488074,,754.8
8933,-4.300000000000001,0,4,3,1,0.5777461817488074,,754.9
8934,-4.300000000000001,0,4,3,1,0.5777461817488074,,755.0
8935,-4.300000000000001,0,4,3,1,0.5777461817488074,,755.1
8936,5.7,1,4,3,1,0.5777461817488074,,755.1
8937,-2.6,0,6,3,1,0.5777461817488074,,755.2
8938,-4.300000000000001,0,4,3,1,0.5777461817488074,,755.2
8939,-4.300000000000001,0,4,3,1,0.5777461817488074,,755.3
8940,-4.300000000000001,0,4,3,1,0.5777461817488074,,755.3
8941,5.7,1,4,3,1,0.5777461817488074,,755.4
8942,-4.6000000000000005,0,6,3,1,0.5777461817488074,,755.5
8943,-4.300000000000001,0,4,3,1,0.5777461817488074,,755.5
8944,-4.300000000000001,0,4,3,1,0.5777461817488074,,755.6
8945,-2.3000000000000003,0,4,3,1,0.5777461817488074,,755.7
8946,-2.3000000000000003,0,4,3,1,0.5777461817488074,,755.7
8947,-4.300000000000001,0,4,3,1,0.5777461817488074,,755.8
8948,-2.3000000000000003,0,4,3,1,0.5777461817488074,,755.8
8949,-0.30000000000000004,0,4,3,1,0.5777461817488074,,755.9
8950,-2.3000000000000003,0,4,3,1,0.5777461817488074,,755.9
8951,-4.300000000000001,0,4,3,1,0.5777461817488074,,756.0
8952,-4.300000000000001,0,4,3,1,0.5777461817488074,,756.1
8953,-2.3000000000000003,0,4,3,1,0.5777461817488074,,756.2
8954,-2.3000000000000003,0,4,3,1,0.5777461817488074,,756.2
8955,-4.300000000000001,0,4,3,1,0.5777461817488074,,756.3
8956,-0.30000000000000004,0,4,3,1,0.5777461817488074,,756.3
8957,-3.6000000000000005,0,6,3,1,0.5777461817488074,,756.4
8958,-2.3000000000000003,0,4,3,1,0.5777461817488074,,756.5
8959,-0.30000000000000004,0,4,3,1,0.5777461817488074,,756.5
8960,-4.300000000000001,0,4,3,1,0.5777461817488074,,756.6
8961,-0.30000000000000004,0,4,3,1,0.5777461817488074,,756.7
8962,-2.9000000000000004,0,8,3,1,0.5777461817488074,,756.7
8963,-4.300000000000001,0,4,3,1,0.5777461817488074,,756.8
8964,-4.300000000000001,0,4,3,1,0.5777461817488074,,756.8
8965,-4.300000000000001,0,4,3,1,0.5777461817488074,,756.9
8966,-4.300000000000001,0,4,3,1,0.5777461817488074,,756.9
8967,-5.4,0,5,4,1,0.5777461817488074,,757.0
8968,-4.300000000000001,0,4,3,1,0.5777461817488074,,757.1
8969,-2.3000000000000003,0,4,3,1,0.5777461817488074,,757.1
8970,5.7,1,4,3,1,0.5777461817488074,,757.2
8971,-2.3000000000000003,0,4,3,1,0.5777461817488074,,757.2
8972,-3.6000000000000005,0,6,3,1,0.5777461817488074,,757.3
8973,-4.300000000000001,0,4,3,1,0.5777461817488074,,757.3
8974,-4.300000000000001,0,4,3,1,0.591454676585272,1.383228585589677,758.0
8975,-5.4,0,5,4,1,0.591454676585272,,758.1
8976,-2.3000000000000003,0,4,3,1,0.591454676585272,,758.1
8977,-4.300000000000001,0,4,3,1,0.591454676585272,,758.1
8978,-2.3000000000000003,0,4,3,1,0.591454676585272,,758.2
8979,-4.300000000000001,0,4,3,1,0.591454676585272,,758.2
8980,-2.3000000000000003,0,4,3,1,0.591454676585272,,758.3
8981,-4.300000000000001,0,4,3,1,0.591454676585272,,758.4
8982,-4.300000000000001,0,4,3,1,0.591454676585272,,758.5
8983,-4.300000000000001,0,4,3,1,0.591454676585272,,758.5
8984,-4.300000000000001,0,4,3,1,0.591454676585272,,758.6
8985,-4.300000000000001,0,4,3,1,0.591454676585272,,758.6
8986,-4.300000000000001,0,4,3,1,0.591454676585272,,758.7
8987,-4.6,0,6,3,1,0.591454676585272,,758.8
8988,-4.300000000000001,0,4,3,1,0.591454676585272,,758.9
8989,-2.3000000000000003,0,4,3,1,0.591454676585272,,758.9
8990,-2.3000000000000003,0,4,3,1,0.591454676585272,,759.0
8991,-0.30000000000000004,0,4,3,1,0.591454676585272,,759.0
8992,5.7,1,4,3,1,0.591454676585272,,759.1
8993,-4.300000000000001,0,4,3,1,0.591454676585272,,759.2
8994,5.7,1,4,3,1,0.591454676585272,,759.2
8995,-4.300000000000001,0,4,3,1,0.591454676585272,,759.3
8996,-4.300000000000001,0,4,3,1,0.591454676585272,,759.3
8997,5.7,1,4,3,1,0.591454676585272,,759.4
8998,-3.6000000000000005,0,6,3,1,0.591454676585272,,759.4
8999,-4.300000000000001,0,4,3,1,0.591454676585272,,759.5
9000,-4.300000000000001,0,4,3,1,0.591454676585272,,759.6
9001,-5.6000000000000005,0,6,3,1,0.591454676585272,,764.6
9002,-2.3000000000000003,0,4,3,1,0.591454676585272,,764.7
9003,-0.30000000000000004,0,4,3,1,0.591454676585272,,764.8
9004,-4.300000000000001,0,4,3,1,0.591454676585272,,764.8
9005,5.7,1,4,3,1,0.591454676585272,,764.8
9006,-4.300000000000001,0,4,3,1,0.591454676585272,,764.9
9007,-4.300000000000001,0,4,3,1,0.591454676585272,,765.0
9008,-2.3000000000000003,0,4,3,1,0.591454676585272,,765.1
9009,-4.300000000000001,0,4,3,1,0.591454676585272,,765.2
9010,-4.300000000000001,0,4,3,1,0.591454676585272,,765.2
9011,-4.300000000000001,0,4,3,1,0.591454676585272,,765.3
9012,-4.300000000000001,0,4,3,1,0.591454676585272,,765.3
9013,-4.6,0,6,3,1,0.591454676585272,,765.4
9014,-1.6,0,6,3,1,0.591454676585272,,765.4
9015,-2.3000000000000003,0,4,3,1,0.591454676585272,,765.5
9016,5.7,1,4,3,1,0.591454676585272,,765.5
9017,-4.300000000000001,0,4,3,1,0.591454676585272,,765.7
9018,-4.300000000000001,0,4,3,1,0.591454676585272,,765.7
9019,-4.300000000000001,0,4,3,1,0.591454676585272,,765.8
9020,-4.300000000000001,0,4,3,1,0.591454676585272,,765.9
9021,-4.300000000000001,0,4,3,1,0.591454676585272,,766.0
9022,-4.300000000000001,0,4,3,1,0.591454676585272,,766.1
9023,-4.300000000000001,0,4,3,1,0.591454676585272,,766.1
9024,-0.30000000000000004,0,4,3,1,0.591454676585272,,766.2
9025,-4.300000000000001,0,4,3,1,0.591454676585272,,766.2
9026,-2.3000000000000003,0,4,3,1,0.591454676585272,,766.2
9027,-0.30000000000000004,0,4,3,1,0.591454676585272,,766.3
9028,-4.300000000000001,0,4,3,1,0.591454676585272,,766.4
9029,5.7,1,4,3,1,0.591454676585272,,766.4
9030,-4.300000000000001,0,4,3,1,0.591454676585272,,766.4
9031,-2.3000000000000003,0,4,3,1,0.591454676585272,,766.5
9032,-2.3000000000000003,0,4,3,1,0.591454676585272,,766.6
9033,5.7,1,4,3,1,0.591454676585272,,766.6
9034,-4.300000000000001,0,4,3,1,0.591454676585272,,766.7
9035,-2.3000000000000003,0,4,3,1,0.591454676585272,,766.7
9036,-2.6,0,6,3,1,0.591454676585272,,766.8
9037,-4.300000000000001,0,4,3,1,0.591454676585272,,766.8
9038,-4.300000000000001,0,4,3,1,0.591454676585272,,766.9
9039,-4.300000000000001,0,4,3,1,0.591454676585272,,766.9
9040,-2.3000000000000003,0,4,3,1,0.591454676585272,,767.0
9041,-0.30000000000000004,0,4,3,1,0.591454676585272,,767.1
9042,-4.300000000000001,0,4,3,1,0.591454676585272,,767.1
9043,-4.300000000000001,0,4,3,1,0.591454676585272,,767.2
9044,5.7,1,4,3,1,0.591454676585272,,767.2
9045,-0.30000000000000004,0,4,3,1,0.591454676585272,,767.3
9046,-4.300000000000001,0,4,3,1,0.591454676585272,,767.4
9047,-2.3000000000000003,0,4,3,1,0.591454676585272,,767.4
9048,-4.300000000000001,0,4,3,1,0.591454676585272,,767.5
9049,-0.30000000000000004,0,4,3,1,0.591454676585272,,767.6
9050,5.7,1,4,3,1,0.591454676585272,,767.6
9051,-4.300000000000001,0,4,3,1,0.591454676585272,,767.7
9052,-4.300000000000001,0,4,3,1,0.591454676585272,,767.7
9053,-5.6000000000000005,0,6,3,1,0.591454676585272,,767.8
9054,5.7,1,4,3,1,0.591454676585272,,767.8
9055,-2.3000000000000003,0,4,3,1,0.591454676585272,,767.9
9056,-2.3000000000000003,0,4,3,1,0.591454676585272,,767.9
9057,-2.3000000000000003,0,4,3,1,0.591454676585272,,768.0
9058,-2.3000000000000003,0,4,3,1,0.591454676585272,,768.0
9059,-0.6000000000000001,0,6,3,1,0.591454676585272,,768.1
9060,-4.300000000000001,0,4,3,1,0.591454676585272,,768.1
9061,-4.300000000000001,0,4,3,1,0.591454676585272,,768.2
9062,-0.30000000000000004,0,4,3,1,0.591454676585272,,768.2
9063,-4.300000000000001,0,4,3,1,0.591454676585272,,768.2
9064,-4.300000000000001,0,4,3,1,0.591454676585272,,768.3
9065,5.7,1,4,3,1,0.591454676585272,,768.3
9066,-4.6,0,6,3,1,0.591454676585272,,768.4
9067,-4.300000000000001,0,4,3,1,0.591454676585272,,768.5
9068,-4.300000000000001,0,4,3,1,0.591454676585272,,768.6
9069,-4.300000000000001,0,4,3,1,0.591454676585272,,768.7
9070,-4.300000000000001,0,4,3,1,0.591454676585272,,768.7
9071,-0.30000000000000004,0,4,3,1,0.591454676585272,,768.8
9072,-4.300000000000001,0,4,3,1,0.591454676585272,,768.9
9073,-4.300000000000001,0,4,3,1,0.591454676585272,,768.9
9074,-2.3000000000000003,0,4,3,1,0.591454676585272,,769.0
9075,-4.300000000000001,0,4,3,1,0.591454676585272,,769.0
9076,5.7,1,4,3,1,0.591454676585272,,769.1
9077,-4.300000000000001,0,4,3,1,0.591454676585272,,769.1
9078,-4.300000000000001,0,4,3,1,0.591454676585272,,769.2
9079,-0.30000000000000004,0,4,3,1,0.591454676585272,,769.2
9080,-4.300000000000001,0,4,3,1,0.591454676585272,,769.3
9081,5.7,1,4,3,1,0.591454676585272,,769.3
9082,5.7,1,4,3,1,0.591454676585272,,769.3
9083,-4.300000000000001,0,4,3,1,0.591454676585272,,769.4
9084,-4.300000000000001,0,4,3,1,0.591454676585272,,769.5
9085,-1.4000000000000001,0,5,4,1,0.591454676585272,,769.5
9086,5.7,1,4,3,1,0.591454676585272,,769.6
9087,-2.3000000000000003,0,4,3,1,0.591454676585272,,769.7
9088,-4.300000000000001,0,4,3,1,0.591454676585272,,769.7
9089,-4.300000000000001,0,4,3,1,0.591454676585272,,769.8
9090,-0.30000000000000004,0,4,3,1,0.591454676585272,,769.8
9091,-4.300000000000001,0,4,3,1,0.591454676585272,,769.9
9092,-4.300000000000001,0,4,3,1,0.591454676585272,,770.0
9093,-4.300000000000001,0,4,3,1,0.591454676585272,,770.1
9094,-2.3000000000000003,0,4,3,1,0.591454676585272,,770.2
9095,5.7,1,4,3,1,0.591454676585272,,770.2
9096,-2.6,0,6,3,1,0.591454676585272,,770.3
9097,-0.30000000000000004,0,4,3,1,0.591454676585272,,770.4
9098,-2.3000000000000003,0,4,3,1,0.591454676585272,,770.4
9099,-4.300000000000001,0,4,3,1,0.591454676585272,,770.5
9100,-4.300000000000001,0,4,3,1,0.591454676585272,,770.6
9101,-4.300000000000001,0,4,3,1,0.591454676585272,,770.7
9102,-4.300000000000001,0,4,3,1,0.591454676585272,,770.8
9103,-0.30000000000000004,0,4,3,1,0.591454676585272,,770.8
9104,-2.3000000000000003,0,4,3,1,0.591454676585272,,770.9
9105,-4.300000000000001,0,4,3,1,0.591454676585272,,771.0
9106,-4.300000000000001,0,4,3,1,0.591454676585272,,771.1
9107,-4.300000000000001,0,4,3,1,0.591454676585272,,771.1
9108,-4.300000000000001,0,4,3,1,0.591454676585272,,771.2
9109,-5.6000000000000005,0,6,3,1,0.591454676585272,,771.3
9110,-0.30000000000000004,0,4,3,1,0.591454676585272,,771.3
9111,-4.300000000000001,0,4,3,1,0.591454676585272,,771.4
9112,5.7,1,4,3,1,0.591454676585272,,771.4
9113,-4.300000000000001,0,4,3,1,0.591454676585272,,771.5
9114,-2.3000000000000003,0,4,3,1,0.591454676585272,,771.6
9115,-2.3000000000000003,0,4,3,1,0.591454676585272,,771.6
9116,-3.6,0,6,3,1,0.591454676585272,,771.7
9117,5.7,1,4,3,1,0.591454676585272,,771.8
9118,5.7,1,4,3,1,0.591454676585272,,771.9
9119,-4.300000000000001,0,4,3,1,0.591454676585272,,771.9
9120,-4.300000000000001,0,4,3,1,0.591454676585272,,772.0
9121,5.7,1,4,3,1,0.591454676585272,,772.1
9122,-4.300000000000001,0,4,3,1,0.591454676585272,,772.1
9123,-4.300000000000001,0,4,3,1,0.591454676585272,,772.2
9124,-4.300000000000001,0,4,3,1,0.591454676585272,,772.2
9125,5.7,1,4,3,1,0.591454676585272,,772.3
9126,-2.3000000000000003,0,4,3,1,0.591454676585272,,772.3
9127,5.7,1,4,3,1,0.591454676585272,,772.4
9128,-2.3000000000000003,0,4,3,1,0.591454676585272,,772.5
9129,-4.300000000000001,0,4,3,1,0.591454676585272,,772.5
9130,5.7,1,4,3,1,0.591454676585272,,772.6
9131,-0.30000000000000004,0,4,3,1,0.591454676585272,,772.7
9132,5.7,1,4,3,1,0.591454676585272,,772.8
9133,5.7,1,4,3,1,0.591454676585272,,772.8
9134,-0.30000000000000004,0,4,3,1,0.591454676585272,,772.8
9135,-4.300000000000001,0,4,3,1,0.591454676585272,,772.9
9136,-4.300000000000001,0,4,3,1,0.591454676585272,,773.0
9137,-4.300000000000001,0,4,3,1,0.591454676585272,,773.1
9138,-4.300000000000001,0,4,3,1,0.591454676585272,,773.2
9139,-4.300000000000001,0,4,3,1,0.591454676585272,,773.3
9140,-4.300000000000001,0,4,3,1,0.591454676585272,,773.3
9141,-4.300000000000001,0,4,3,1,0.591454676585272,,773.4
9142,-4.300000000000001,0,4,3,1,0.591454676585272,,773.5
9143,-4.300000000000001,0,4,3,1,0.591454676585272,,773.5
9144,-4.300000000000001,0,4,3,1,0.591454676585272,,773.5
9145,-4.300000000000001,0,4,3,1,0.591454676585272,,773.6
9146,-0.30000000000000004,0,4,3,1,0.591454676585272,,773.6
9147,-2.3000000000000003,0,4,3,1,0.591454676585272,,773.7
9148,-4.300000000000001,0,4,3,1,0.591454676585272,,773.7
9149,-4.300000000000001,0,4,3,1,0.591454676585272,,773.8
9150,-5.700000000000001,0,7,4,1,0.591454676585272,,773.8
9151,-4.300000000000001,0,4,3,1,0.591454676585272,,773.9
9152,-4.300000000000001,0,4,3,1,0.591454676585272,,774.0
9153,5.7,1,4,3,1,0.591454676585272,,774.0
9154,-4.300000000000001,0,4,3,1,0.591454676585272,,774.1
9155,-4.300000000000001,0,4,3,1,0.591454676585272,,774.1
9156,-4.300000000000001,0,4,3,1,0.591454676585272,,774.2
9157,-0.30000000000000004,0,4,3,1,0.591454676585272,,774.3
9158,-4.300000000000001,0,4,3,1,0.591454676585272,,774.4
9159,-2.3000000000000003,0,4,3,1,0.591454676585272,,774.4
9160,-4.300000000000001,0,4,3,1,0.591454676585272,,774.5
9161,-4.300000000000001,0,4,3,1,0.591454676585272,,774.5
9162,-2.3000000000000003,0,4,3,1,0.591454676585272,,774.6
9163,-4.300000000000001,0,4,3,1,0.591454676585272,,774.6
9164,-4.300000000000001,0,4,3,1,0.591454676585272,,774.7
9165,-0.30000000000000004,0,4,3,1,0.591454676585272,,774.7
9166,-4.300000000000001,0,4,3,1,0.591454676585272,,774.8
9167,-0.30000000000000004,0,4,3,1,0.591454676585272,,774.8
9168,-2.3000000000000003,0,4,3,1,0.591454676585272,,774.9
9169,-2.3000000000000003,0,4,3,1,0.591454676585272,,775.0
9170,-5.6000000000000005,0,6,3,1,0.591454676585272,,775.1
9171,-4.300000000000001,0,4,3,1,0.591454676585272,,775.1
9172,-0.30000000000000004,0,4,3,1,0.591454676585272,,775.1
9173,-4.300000000000001,0,4,3,1,0.591454676585272,,775.2
9174,-2.3000000000000003,0,4,3,1,0.591454676585272,,775.2
9175,-2.3000000000000003,0,4,3,1,0.591454676585272,,775.3
9176,5.7,1,4,3,1,0.591454676585272,,775.3
9177,5.7,1,4,3,1,0.591454676585272,,775.4
9178,-0.30000000000000004,0,4,3,1,0.591454676585272,,775.5
9179,-0.30000000000000004,0,4,3,1,0.591454676585272,,775.5
9180,4.4,1,6,3,1,0.591454676585272,,775.6
9181,-4.300000000000001,0,4,3,1,0.591454676585272,,775.7
9182,-4.300000000000001,0,4,3,1,0.591454676585272,,775.7
9183,5.7,1,4,3,1,0.591454676585272,,775.8
9184,-2.3000000000000003,0,4,3,1,0.591454676585272,,775.9
9185,-4.300000000000001,0,4,3,1,0.591454676585272,,776.0
9186,-4.300000000000001,0,4,3,1,0.591454676585272,,776.0
9187,-4.300000000000001,0,4,3,1,0.591454676585272,,776.1
9188,-4.300000000000001,0,4,3,1,0.591454676585272,,776.1
9189,5.7,1,4,3,1,0.591454676585272,,776.2
9190,-4.300000000000001,0,4,3,1,0.591454676585272,,776.3
9191,-2.3000000000000003,0,4,3,1,0.591454676585272,,776.3
9192,-4.300000000000001,0,4,3,1,0.591454676585272,,776.4
9193,-3.6,0,6,3,1,0.591454676585272,,776.4
9194,-0.30000000000000004,0,4,3,1,0.591454676585272,,776.5
9195,-4.300000000000001,0,4,3,1,0.591454676585272,,776.5
9196,-4.300000000000001,0,4,3,1,0.591454676585272,,776.6
9197,-5.6000000000000005,0,6,3,1,0.591454676585272,,776.7
9198,-4.300000000000001,0,4,3,1,0.591454676585272,,776.7
9199,-4.300000000000001,0,4,3,1,0.591454676585272,,776.8
9200,-4.300000000000001,0,4,3,1,0.591454676585272,,776.9
9201,-4.300000000000001,0,4,3,1,0.591454676585272,,776.9
9202,-2.3000000000000003,0,4,3,1,0.591454676585272,,777.0
9203,-3.4000000000000004,0,5,4,1,0.591454676585272,,777.0
9204,5.7,1,4,3,1,0.591454676585272,,777.1
9205,-3.6,0,6,3,1,0.591454676585272,,777.2
9206,-4.300000000000001,0,4,3,1,0.591454676585272,,777.3
9207,-4.300000000000001,0,4,3,1,0.591454676585272,,777.3
9208,-4.300000000000001,0,4,3,1,0.591454676585272,,777.4
9209,-2.3000000000000003,0,4,3,1,0.591454676585272,,777.5
9210,-4.300000000000001,0,4,3,1,0.591454676585272,,777.6
9211,-2.3000000000000003,0,4,3,1,0.591454676585272,,777.7
9212,5.7,1,4,3,1,0.591454676585272,,777.8
9213,-4.300000000000001,0,4,3,1,0.591454676585272,,777.9
9214,-2.3000000000000003,0,4,3,1,0.591454676585272,,777.9
9215,-0.30000000000000004,0,4,3,1,0.591454676585272,,778.0
9216,-5.4,0,5,4,1,0.591454676585272,,778.0
9217,-4.300000000000001,0,4,3,1,0.591454676585272,,778.1
9218,-4.300000000000001,0,4,3,1,0.591454676585272,,778.2
9219,-2.3000000000000003,0,4,3,1,0.591454676585272,,778.2
9220,-4.300000000000001,0,4,3,1,0.591454676585272,,778.3
9221,-0.30000000000000004,0,4,3,1,0.591454676585272,,778.4
9222,-4.300000000000001,0,4,3,1,0.591454676585272,,778.5
9223,5.7,1,4,3,1,0.591454676585272,,778.5
9224,-4.300000000000001,0,4,3,1,0.591454676585272,,778.6
9225,-2.3000000000000003,0,4,3,1,0.591454676585272,,778.7
9226,-4.300000000000001,0,4,3,1,0.591454676585272,,778.7
9227,-2.3000000000000003,0,4,3,1,0.591454676585272,,778.8
9228,-4.300000000000001,0,4,3,1,0.591454676585272,,778.8
9229,-2.3000000000000003,0,4,3,1,0.591454676585272,,778.9
9230,-4.300000000000001,0,4,3,1,0.591454676585272,,779.0
9231,-4.300000000000001,0,4,3,1,0.591454676585272,,779.1
9232,-2.3000000000000003,0,4,3,1,0.591454676585272,,779.1
9233,-5.4,0,5,4,1,0.591454676585272,,779.2
9234,-4.300000000000001,0,4,3,1,0.591454676585272,,779.2
9235,-0.30000000000000004,0,4,3,1,0.591454676585272,,779.3
9236,-0.30000000000000004,0,4,3,1,0.591454676585272,,779.3
9237,-4.300000000000001,0,4,3,1,0.591454676585272,,779.4
9238,-4.300000000000001,0,4,3,1,0.591454676585272,,779.5
9239,-0.30000000000000004,0,4,3,1,0.591454676585272,,779.5
9240,-4.300000000000001,0,4,3,1,0.591454676585272,,779.6
9241,-4.300000000000001,0,4,3,1,0.591454676585272,,779.7
9242,-4.300000000000001,0,4,3,1,0.591454676585272,,779.7
9243,-0.30000000000000004,0,4,3,1,0.591454676585272,,779.8
9244,-2.3000000000000003,0,4,3,1,0.591454676585272,,779.8
9245,-0.30000000000000004,0,4,3,1,0.591454676585272,,779.9
9246,-2.3000000000000003,0,4,3,1,0.591454676585272,,779.9
9247,-2.3000000000000003,0,4,3,1,0.591454676585272,,780.0
9248,-4.300000000000001,0,4,3,1,0.591454676585272,,780.1
9249,-4.300000000000001,0,4,3,1,0.591454676585272,,780.1
9250,-2.3000000000000003,0,4,3,1,0.591454676585272,,780.2
9251,-5.4,0,5,4,1,0.591454676585272,,780.2
9252,-4.300000000000001,0,4,3,1,0.591454676585272,,780.3
9253,-0.30000000000000004,0,4,3,1,0.591454676585272,,780.3
9254,-2.3000000000000003,0,4,3,1,0.591454676585272,,780.3
9255,-2.3000000000000003,0,4,3,1,0.591454676585272,,780.4
9256,-4.300000000000001,0,4,3,1,0.591454676585272,,780.4
9257,-4.300000000000001,0,4,3,1,0.591454676585272,,780.5
9258,-2.3000000000000003,0,4,3,1,0.591454676585272,,780.5
9259,-4.300000000000001,0,4,3,1,0.591454676585272,,780.6
9260,5.7,1,4,3,1,0.591454676585272,,780.7
9261,-4.300000000000001,0,4,3,1,0.591454676585272,,780.7
9262,-4.300000000000001,0,4,3,1,0.591454676585272,,780.8
9263,-4.300000000000001,0,4,3,1,0.591454676585272,,780.8
9264,-4.300000000000001,0,4,3,1,0.591454676585272,,780.9
9265,-4.300000000000001,0,4,3,1,0.591454676585272,,781.0
9266,-4.300000000000001,0,4,3,1,0.591454676585272,,781.1
9267,5.7,1,4,3,1,0.591454676585272,,781.1
9268,-4.300000000000001,0,4,3,1,0.591454676585272,,781.1
9269,-5.6000000000000005,0,6,3,1,0.591454676585272,,781.2
9270,-4.9,0,8,3,1,0.591454676585272,,781.3
9271,-4.300000000000001,0,4,3,1,0.591454676585272,,781.3
9272,-4.300000000000001,0,4,3,1,0.591454676585272,,781.4
9273,-4.300000000000001,0,4,3,1,0.591454676585272,,781.4
9274,-4.300000000000001,0,4,3,1,0.591454676585272,,781.5
9275,-1.4000000000000001,0,5,4,1,0.591454676585272,,781.6
9276,5.4,1,6,3,1,0.591454676585272,,781.7
9277,-4.300000000000001,0,4,3,1,0.591454676585272,,781.7
9278,-2.3000000000000003,0,4,3,1,0.591454676585272,,781.8
9279,-2.3000000000000003,0,4,3,1,0.591454676585272,,781.8
9280,-4.300000000000001,0,4,3,1,0.591454676585272,,781.9
9281,-2.6,0,6,3,1,0.591454676585272,,782.0
9282,-2.3000000000000003,0,4,3,1,0.591454676585272,,782.0
9283,-4.300000000000001,0,4,3,1,0.591454676585272,,782.1
9284,-2.3000000000000003,0,4,3,1,0.591454676585272,,782.1
9285,-2.3000000000000003,0,4,3,1,0.591454676585272,,782.2
9286,-4.300000000000001,0,4,3,1,0.591454676585272,,782.3
9287,5.7,1,4,3,1,0.591454676585272,,782.4
9288,-5.6000000000000005,0,6,3,1,0.591454676585272,,782.4
9289,-4.300000000000001,0,4,3,1,0.591454676585272,,782.5
9290,-2.3000000000000003,0,4,3,1,0.591454676585272,,782.5
9291,-4.300000000000001,0,4,3,1,0.591454676585272,,782.6
9292,-4.300000000000001,0,4,3,1,0.591454676585272,,782.7
9293,-2.3000000000000003,0,4,3,1,0.591454676585272,,782.8
9294,-0.9000000000000001,0,8,3,1,0.591454676585272,,782.8
9295,-4.300000000000001,0,4,3,1,0.591454676585272,,782.9
9296,-2.3000000000000003,0,4,3,1,0.591454676585272,,783.0
9297,-2.3000000000000003,0,4,3,1,0.591454676585272,,783.0
9298,-4.300000000000001,0,4,3,1,0.591454676585272,,783.1
9299,-2.3000000000000003,0,4,3,1,0.591454676585272,,783.1
9300,-4.300000000000001,0,4,3,1,0.591454676585272,,783.2
9301,5.7,1,4,3,1,0.591454676585272,,783.3
9302,-4.300000000000001,0,4,3,1,0.591454676585272,,783.3
9303,-4.300000000000001,0,4,3,1,0.591454676585272,,783.4
9304,5.7,1,4,3,1,0.591454676585272,,783.4
9305,-4.300000000000001,0,4,3,1,0.591454676585272,,783.5
9306,5.7,1,4,3,1,0.591454676585272,,783.6
9307,-4.6000000000000005,0,6,3,1,0.591454676585272,,783.6
9308,-2.3000000000000003,0,4,3,1,0.591454676585272,,783.7
9309,-4.300000000000001,0,4,3,1,0.591454676585272,,783.8
9310,5.7,1,4,3,1,0.591454676585272,,783.8
9311,-2.3000000000000003,0,4,3,1,0.591454676585272,,783.9
9312,-4.300000000000001,0,4,3,1,0.591454676585272,,784.0
9313,5.7,1,4,3,1,0.591454676585272,,784.0
9314,-4.300000000000001,0,4,3,1,0.591454676585272,,784.1
9315,-4.300000000000001,0,4,3,1,0.591454676585272,,784.1
9316,5.7,1,4,3,1,0.591454676585272,,784.2
9317,-4.300000000000001,0,4,3,1,0.591454676585272,,784.2
9318,-2.3000000000000003,0,4,3,1,0.591454676585272,,784.3
9319,-4.300000000000001,0,4,3,1,0.591454676585272,,784.4
9320,-2.3000000000000003,0,4,3,1,0.591454676585272,,784.4
9321,-4.300000000000001,0,4,3,1,0.591454676585272,,784.5
9322,-4.300000000000001,0,4,3,1,0.591454676585272,,784.5
9323,5.7,1,4,3,1,0.591454676585272,,784.6
9324,5.7,1,4,3,1,0.591454676585272,,784.7
9325,-4.300000000000001,0,4,3,1,0.591454676585272,,784.8
9326,-4.300000000000001,0,4,3,1,0.591454676585272,,784.8
9327,-4.300000000000001,0,4,3,1,0.591454676585272,,784.9
9328,-2.3000000000000003,0,4,3,1,0.591454676585272,,784.9
9329,5.7,1,4,3,1,0.591454676585272,,784.9
9330,-4.300000000000001,0,4,3,1,0.591454676585272,,785.0
9331,-4.300000000000001,0,4,3,1,0.591454676585272,,785.1
9332,-0.30000000000000004,0,4,3,1,0.591454676585272,,785.1
9333,-4.300000000000001,0,4,3,1,0.591454676585272,,785.1
9334,-4.300000000000001,0,4,3,1,0.591454676585272,,785.2
9335,-4.300000000000001,0,4,3,1,0.591454676585272,,785.2
9336,-4.300000000000001,0,4,3,1,0.591454676585272,,785.3
9337,-4.300000000000001,0,4,3,1,0.591454676585272,,785.4
9338,-0.30000000000000004,0,4,3,1,0.591454676585272,,785.4
9339,-2.3000000000000003,0,4,3,1,0.591454676585272,,785.5
9340,-4.300000000000001,0,4,3,1,0.591454676585272,,785.5
9341,-0.30000000000000004,0,4,3,1,0.591454676585272,,785.6
9342,-4.300000000000001,0,4,3,1,0.591454676585272,,785.6
9343,-4.300000000000001,0,4,3,1,0.591454676585272,,785.7
9344,-0.30000000000000004,0,4,3,1,0.591454676585272,,785.8
9345,-4.300000000000001,0,4,3,1,0.591454676585272,,785.8
9346,-4.300000000000001,0,4,3,1,0.591454676585272,,785.9
9347,-2.3000000000000003,0,4,3,1,0.591454676585272,,786.0
9348,-0.30000000000000004,0,4,3,1,0.591454676585272,,786.0
9349,-2.3000000000000003,0,4,3,1,0.591454676585272,,786.1
9350,5.7,1,4,3,1,0.591454676585272,,786.1
9351,-0.9000000000000001,0,8,3,1,0.591454676585272,,786.2
9352,-4.300000000000001,0,4,3,1,0.591454676585272,,786.3
9353,-4.300000000000001,0,4,3,1,0.591454676585272,,786.4
9354,5.7,1,4,3,1,0.591454676585272,,786.4
9355,-5.4,0,5,4,1,0.591454676585272,,786.5
9356,-4.300000000000001,0,4,3,1,0.591454676585272,,786.5
9357,-4.300000000000001,0,4,3,1,0.591454676585272,,786.6
9358,-5.4,0,5,4,1,0.591454676585272,,786.7
9359,-4.300000000000001,0,4,3,1,0.591454676585272,,786.8
9360,-0.30000000000000004,0,4,3,1,0.591454676585272,,786.8
9361,-4.300000000000001,0,4,3,1,0.591454676585272,,786.9
9362,-2.3000000000000003,0,4,3,1,0.591454676585272,,786.9
9363,-4.300000000000001,0,4,3,1,0.591454676585272,,787.0
9364,-4.300000000000001,0,4,3,1,0.591454676585272,,787.1
9365,-3.6000000000000005,0,6,3,1,0.591454676585272,,787.1
9366,-4.300000000000001,0,4,3,1,0.591454676585272,,787.2
9367,-4.300000000000001,0,4,3,1,0.591454676585272,,787.2
9368,-4.300000000000001,0,4,3,1,0.591454676585272,,787.3
9369,-0.30000000000000004,0,4,3,1,0.591454676585272,,787.3
9370,-2.3000000000000003,0,4,3,1,0.591454676585272,,787.4
9371,-2.3000000000000003,0,4,3,1,0.591454676585272,,787.5
9372,5.7,1,4,3,1,0.591454676585272,,787.5
9373,5.7,1,4,3,1,0.591454676585272,,787.6
9374,-4.300000000000001,0,4,3,1,0.591454676585272,,787.6
9375,5.7,1,4,3,1,0.591454676585272,,787.7
9376,-5.6000000000000005,0,6,3,1,0.591454676585272,,787.8
9377,-0.30000000000000004,0,4,3,1,0.591454676585272,,787.8
9378,5.7,1,4,3,1,0.591454676585272,,787.9
9379,-0.30000000000000004,0,4,3,1,0.591454676585272,,787.9
9380,-0.30000000000000004,0,4,3,1,0.591454676585272,,788.0
9381,-0.30000000000000004,0,4,3,1,0.591454676585272,,788.0
9382,-0.30000000000000004,0,4,3,1,0.591454676585272,,788.0
9383,-2.3000000000000003,0,4,3,1,0.591454676585272,,788.1
9384,-2.3000000000000003,0,4,3,1,0.591454676585272,,788.1
9385,-4.300000000000001,0,4,3,1,0.591454676585272,,788.2
9386,-4.300000000000001,0,4,3,1,0.591454676585272,,788.3
9387,-4.300000000000001,0,4,3,1,0.591454676585272,,788.3
9388,-4.300000000000001,0,4,3,1,0.591454676585272,,788.4
9389,-4.300000000000001,0,4,3,1,0.591454676585272,,788.4
9390,-2.3000000000000003,0,4,3,1,0.591454676585272,,788.4
9391,-2.3000000000000003,0,4,3,1,0.591454676585272,,788.5
9392,-4.300000000000001,0,4,3,1,0.591454676585272,,788.6
9393,-2.3000000000000003,0,4,3,1,0.591454676585272,,788.7
9394,-4.300000000000001,0,4,3,1,0.591454676585272,,788.7
9395,-0.30000000000000004,0,4,3,1,0.591454676585272,,788.8
9396,-4.300000000000001,0,4,3,1,0.591454676585272,,788.9
9397,-4.300000000000001,0,4,3,1,0.591454676585272,,789.0
9398,-4.300000000000001,0,4,3,1,0.591454676585272,,789.1
9399,-2.3000000000000003,0,4,3,1,0.591454676585272,,789.1
9400,5.7,1,4,3,1,0.591454676585272,,789.1
9401,-4.300000000000001,0,4,3,1,0.591454676585272,,789.2
9402,-4.300000000000001,0,4,3,1,0.591454676585272,,789.2
9403,-4.300000000000001,0,4,3,1,0.591454676585272,,789.3
9404,-4.300000000000001,0,4,3,1,0.591454676585272,,789.3
9405,5.4,1,6,3,1,0.591454676585272,,789.5
9406,-0.6000000000000001,0,6,3,1,0.591454676585272,,789.5
9407,-4.300000000000001,0,4,3,1,0.591454676585272,,789.6
9408,-5.6000000000000005,0,6,3,1,0.591454676585272,,789.7
9409,-0.30000000000000004,0,4,3,1,0.591454676585272,,789.7
9410,-4.300000000000001,0,4,3,1,0.591454676585272,,789.8
9411,-0.30000000000000004,0,4,3,1,0.591454676585272,,789.8
9412,-4.300000000000001,0,4,3,1,0.591454676585272,,789.9
9413,-4.300000000000001,0,4,3,1,0.591454676585272,,790.0
9414,-0.30000000000000004,0,4,3,1,0.591454676585272,,790.0
9415,-0.6000000000000001,0,6,3,1,0.591454676585272,,790.1
9416,-0.30000000000000004,0,4,3,1,0.591454676585272,,790.1
9417,-4.300000000000001,0,4,3,1,0.591454676585272,,790.2
9418,-4.6,0,6,3,1,0.591454676585272,,790.3
9419,-4.300000000000001,0,4,3,1,0.591454676585272,,790.3
9420,-4.300000000000001,0,4,3,1,0.591454676585272,,790.4
9421,-4.300000000000001,0,4,3,1,0.591454676585272,,790.4
9422,-2.3000000000000003,0,4,3,1,0.591454676585272,,790.5
9423,-4.300000000000001,0,4,3,1,0.591454676585272,,790.6
9424,-2.3000000000000003,0,4,3,1,0.591454676585272,,790.6
9425,-4.300000000000001,0,4,3,1,0.591454676585272,,790.7
9426,-4.300000000000001,0,4,3,1,0.591454676585272,,790.8
9427,-4.200000000000001,0,10,3,1,0.591454676585272,,790.9
9428,-2.3000000000000003,0,4,3,1,0.591454676585272,,790.9
9429,-2.3000000000000003,0,4,3,1,0.591454676585272,,791.0
9430,-4.300000000000001,0,4,3,1,0.591454676585272,,791.0
9431,-4.300000000000001,0,4,3,1,0.591454676585272,,791.1
9432,5.7,1,4,3,1,0.591454676585272,,791.2
9433,-0.30000000000000004,0,4,3,1,0.591454676585272,,791.2
9434,-4.300000000000001,0,4,3,1,0.591454676585272,,791.3
9435,-4.300000000000001,0,4,3,1,0.591454676585272,,791.4
9436,-2.3000000000000003,0,4,3,1,0.591454676585272,,791.5
9437,5.7,1,4,3,1,0.591454676585272,,791.6
9438,-0.30000000000000004,0,4,3,1,0.591454676585272,,791.6
9439,-2.3000000000000003,0,4,3,1,0.591454676585272,,791.7
9440,-4.300000000000001,0,4,3,1,0.591454676585272,,791.7
9441,-4.300000000000001,0,4,3,1,0.591454676585272,,791.8
9442,-1.6,0,6,3,1,0.591454676585272,,791.9
9443,-0.30000000000000004,0,4,3,1,0.591454676585272,,791.9
9444,-4.300000000000001,0,4,3,1,0.591454676585272,,792.0
9445,-4.300000000000001,0,4,3,1,0.591454676585272,,792.1
9446,-2.3000000000000003,0,4,3,1,0.591454676585272,,792.1
9447,-4.300000000000001,0,4,3,1,0.591454676585272,,792.2
9448,5.7,1,4,3,1,0.591454676585272,,792.2
9449,5.7,1,4,3,1,0.591454676585272,,792.3
9450,-5.6000000000000005,0,6,3,1,0.591454676585272,,792.3
9451,-4.300000000000001,0,4,3,1,0.591454676585272,,792.4
9452,-5.4,0,5,4,1,0.591454676585272,,792.5
9453,-2.3000000000000003,0,4,3,1,0.591454676585272,,792.5
9454,-4.300000000000001,0,4,3,1,0.591454676585272,,792.6
9455,-0.30000000000000004,0,4,3,1,0.591454676585272,,792.7
9456,-0.30000000000000004,0,4,3,1,0.591454676585272,,792.7
9457,-4.300000000000001,0,4,3,1,0.591454676585272,,792.8
9458,-4.6000000000000005,0,6,3,1,0.591454676585272,,792.8
9459,-3.4000000000000004,0,5,4,1,0.591454676585272,,792.9
9460,-0.30000000000000004,0,4,3,1,0.591454676585272,,793.0
9461,-2.3000000000000003,0,4,3,1,0.591454676585272,,793.1
9462,-4.300000000000001,0,4,3,1,0.5935250215698034,1.558781627099961,793.8
9463,0.6000000000000001,0,5,4,1,0.5935250215698034,,793.9
9464,5.4,1,6,3,1,0.5935250215698034,,793.9
9465,-0.30000000000000004,0,4,3,1,0.5935250215698034,,794.0
9466,5.7,1,4,3,1,0.5935250215698034,,794.1
9467,5.7,1,4,3,1,0.5935250215698034,,794.1
9468,-4.300000000000001,0,4,3,1,0.5935250215698034,,794.2
9469,-2.3000000000000003,0,4,3,1,0.5935250215698034,,794.2
9470,-4.300000000000001,0,4,3,1,0.5935250215698034,,794.3
9471,-0.30000000000000004,0,4,3,1,0.5935250215698034,,794.3
9472,-4.300000000000001,0,4,3,1,0.5935250215698034,,794.4
9473,-4.300000000000001,0,4,3,1,0.5935250215698034,,794.5
9474,-2.3000000000000003,0,4,3,1,0.5935250215698034,,794.5
9475,-0.30000000000000004,0,4,3,1,0.5935250215698034,,794.6
9476,-2.3000000000000003,0,4,3,1,0.5935250215698034,,794.7
9477,-1.6,0,6,3,1,0.5935250215698034,,794.7
9478,-2.3000000000000003,0,4,3,1,0.5935250215698034,,794.8
9479,-4.300000000000001,0,4,3,1,0.5935250215698034,,794.8
9480,5.7,1,4,3,1,0.5935250215698034,,794.9
9481,-2.3000000000000003,0,4,3,1,0.5935250215698034,,795.0
9482,5.7,1,4,3,1,0.5935250215698034,,795.0
9483,-4.300000000000001,0,4,3,1,0.5935250215698034,,795.1
9484,-4.300000000000001,0,4,3,1,0.5935250215698034,,795.2
9485,-0.30000000000000004,0,4,3,1,0.5935250215698034,,795.3
9486,-4.300000000000001,0,4,3,1,0.5935250215698034,,795.4
9487,-4.300000000000001,0,4,3,1,0.5935250215698034,,795.5
9488,-0.30000000000000004,0,4,3,1,0.5935250215698034,,795.5
9489,-4.300000000000001,0,4,3,1,0.5935250215698034,,795.6
9490,-0.30000000000000004,0,4,3,1,0.5935250215698034,,795.6
9491,-4.300000000000001,0,4,3,1,0.5935250215698034,,795.7
9492,-4.300000000000001,0,4,3,1,0.5935250215698034,,795.8
9493,-2.3000000000000003,0,4,3,1,0.5935250215698034,,795.8
9494,-5.4,0,5,4,1,0.5935250215698034,,795.9
9495,-4.300000000000001,0,4,3,1,0.5935250215698034,,796.0
9496,5.4,1,6,3,1,0.5935250215698034,,796.0
9497,-4.300000000000001,0,4,3,1,0.5935250215698034,,796.1
9498,-4.300000000000001,0,4,3,1,0.5935250215698034,,796.1
9499,-4.6000000000000005,0,6,3,1,0.5935250215698034,,796.2
9500,-5.4,0,5,4,1,0.5935250215698034,,796.3
9501,-0.30000000000000004,0,4,3,1,0.5935250215698034,,801.4
9502,-4.300000000000001,0,4,3,1,0.5935250215698034,,801.5
9503,5.7,1,4,3,1,0.5935250215698034,,801.6
9504,-0.30000000000000004,0,4,3,1,0.5935250215698034,,801.6
9505,-2.3000000000000003,0,4,3,1,0.5935250215698034,,801.7
9506,-4.300000000000001,0,4,3,1,0.5935250215698034,,801.8
9507,-0.30000000000000004,0,4,3,1,0.5935250215698034,,801.8
9508,-2.3000000000000003,0,4,3,1,0.5935250215698034,,801.9
9509,-4.300000000000001,0,4,3,1,0.5935250215698034,,801.9
9510,-0.30000000000000004,0,4,3,1,0.5935250215698034,,802.0
9511,-4.300000000000001,0,4,3,1,0.5935250215698034,,802.1
9512,5.7,1,4,3,1,0.5935250215698034,,802.1
9513,-0.30000000000000004,0,4,3,1,0.5935250215698034,,802.2
9514,5.7,1,4,3,1,0.5935250215698034,,802.3
9515,-4.300000000000001,0,4,3,1,0.5935250215698034,,802.4
9516,-4.300000000000001,0,4,3,1,0.5935250215698034,,802.4
9517,-4.300000000000001,0,4,3,1,0.5935250215698034,,802.5
9518,5.7,1,4,3,1,0.5935250215698034,,802.5
9519,-2.3000000000000003,0,4,3,1,0.5935250215698034,,802.6
9520,-4.300000000000001,0,4,3,1,0.5935250215698034,,802.6
9521,-4.300000000000001,0,4,3,1,0.5935250215698034,,802.7
9522,-2.3000000000000003,0,4,3,1,0.5935250215698034,,802.7
9523,5.7,1,4,3,1,0.5935250215698034,,802.8
9524,-5.4,0,5,4,1,0.5935250215698034,,802.9
9525,-4.300000000000001,0,4,3,1,0.5935250215698034,,802.9
9526,-4.300000000000001,0,4,3,1,0.5935250215698034,,802.9
9527,-2.3000000000000003,0,4,3,1,0.5935250215698034,,803.0
9528,-4.6000000000000005,0,6,3,1,0.5935250215698034,,803.0
9529,5.7,1,4,3,1,0.5935250215698034,,803.1
9530,-4.300000000000001,0,4,3,1,0.5935250215698034,,803.1
9531,-0.30000000000000004,0,4,3,1,0.5935250215698034,,803.1
9532,-4.200000000000001,0,10,3,1,0.5935250215698034,,803.2
9533,-4.300000000000001,0,4,3,1,0.5935250215698034,,803.3
9534,-0.30000000000000004,0,4,3,1,0.5935250215698034,,803.3
9535,-0.30000000000000004,0,4,3,1,0.5935250215698034,,803.4
9536,-4.300000000000001,0,4,3,1,0.5935250215698034,,803.5
9537,-0.30000000000000004,0,4,3,1,0.5935250215698034,,803.6
9538,-4.300000000000001,0,4,3,1,0.5935250215698034,,803.6
9539,-2.3000000000000003,0,4,3,1,0.5935250215698034,,803.7
9540,-4.300000000000001,0,4,3,1,0.5935250215698034,,803.8
9541,-4.300000000000001,0,4,3,1,0.5935250215698034,,803.8
9542,-4.300000000000001,0,4,3,1,0.5935250215698034,,803.8
9543,5.7,1,4,3,1,0.5935250215698034,,803.9
9544,-2.3000000000000003,0,4,3,1,0.5935250215698034,,804.0
9545,-4.300000000000001,0,4,3,1,0.5935250215698034,,804.0
9546,-4.300000000000001,0,4,3,1,0.5935250215698034,,804.1
9547,-2.3000000000000003,0,4,3,1,0.5935250215698034,,804.2
9548,5.7,1,4,3,1,0.5935250215698034,,804.2
9549,-4.300000000000001,0,4,3,1,0.5935250215698034,,804.3
9550,-4.300000000000001,0,4,3,1,0.5935250215698034,,804.3
9551,-4.300000000000001,0,4,3,1,0.5935250215698034,,804.4
9552,-2.3000000000000003,0,4,3,1,0.5935250215698034,,804.4
9553,-0.30000000000000004,0,4,3,1,0.5935250215698034,,804.5
9554,-5.6000000000000005,0,6,3,1,0.5935250215698034,,804.5
9555,-4.300000000000001,0,4,3,1,0.5935250215698034,,804.6
9556,-2.3000000000000003,0,4,3,1,0.5935250215698034,,804.6
9557,-4.300000000000001,0,4,3,1,0.5935250215698034,,804.7
9558,-4.300000000000001,0,4,3,1,0.5935250215698034,,804.7
9559,-4.300000000000001,0,4,3,1,0.5935250215698034,,804.8
9560,5.7,1,4,3,1,0.5935250215698034,,804.9
9561,5.7,1,4,3,1,0.5935250215698034,,805.0
9562,-4.300000000000001,0,4,3,1,0.5935250215698034,,805.0
9563,-2.3000000000000003,0,4,3,1,0.5935250215698034,,805.1
9564,-4.300000000000001,0,4,3,1,0.5935250215698034,,805.2
9565,-4.300000000000001,0,4,3,1,0.5935250215698034,,805.2
9566,-4.300000000000001,0,4,3,1,0.5935250215698034,,805.3
9567,-4.300000000000001,0,4,3,1,0.5935250215698034,,805.3
9568,-4.300000000000001,0,4,3,1,0.5935250215698034,,805.4
9569,-0.30000000000000004,0,4,3,1,0.5935250215698034,,805.5
9570,5.7,1,4,3,1,0.5935250215698034,,805.5
9571,-4.300000000000001,0,4,3,1,0.5935250215698034,,805.6
9572,-4.300000000000001,0,4,3,1,0.5935250215698034,,805.6
9573,5.1,1,8,3,1,0.5935250215698034,,805.7
9574,-4.6000000000000005,0,6,3,1,0.5935250215698034,,805.8
9575,-4.300000000000001,0,4,3,1,0.5935250215698034,,805.9
9576,-4.300000000000001,0,4,3,1,0.5935250215698034,,806.0
9577,5.7,1,4,3,1,0.5935250215698034,,806.0
9578,-4.300000000000001,0,4,3,1,0.5935250215698034,,806.1
9579,-4.300000000000001,0,4,3,1,0.5935250215698034,,806.1
9580,-4.300000000000001,0,4,3,1,0.5935250215698034,,806.2
9581,5.7,1,4,3,1,0.5935250215698034,,806.2
9582,-4.300000000000001,0,4,3,1,0.5935250215698034,,806.3
9583,-4.300000000000001,0,4,3,1,0.5935250215698034,,806.4
9584,5.7,1,4,3,1,0.5935250215698034,,806.5
9585,-0.30000000000000004,0,4,3,1,0.5935250215698034,,806.6
9586,-4.300000000000001,0,4,3,1,0.5935250215698034,,806.6
9587,-4.300000000000001,0,4,3,1,0.5935250215698034,,806.6
9588,-4.300000000000001,0,4,3,1,0.5935250215698034,,806.7
9589,-2.3000000000000003,0,4,3,1,0.5935250215698034,,806.8
9590,-2.3000000000000003,0,4,3,1,0.5935250215698034,,806.8
9591,-0.30000000000000004,0,4,3,1,0.5935250215698034,,806.9
9592,-4.300000000000001,0,4,3,1,0.5935250215698034,,807.0
9593,5.7,1,4,3,1,0.5935250215698034,,807.1
9594,-2.3000000000000003,0,4,3,1,0.5935250215698034,,807.1
9595,-4.300000000000001,0,4,3,1,0.5935250215698034,,807.2
9596,-4.300000000000001,0,4,3,1,0.5935250215698034,,807.2
9597,-2.6,0,6,3,1,0.5935250215698034,,807.3
9598,-2.3000000000000003,0,4,3,1,0.5935250215698034,,807.4
9599,-4.300000000000001,0,4,3,1,0.5935250215698034,,807.4
9600,-4.300000000000001,0,4,3,1,0.5935250215698034,,807.4
9601,-4.300000000000001,0,4,3,1,0.5935250215698034,,807.5
9602,-4.300000000000001,0,4,3,1,0.5935250215698034,,807.6
9603,-4.300000000000001,0,4,3,1,0.5935250215698034,,807.7
9604,-4.300000000000001,0,4,3,1,0.5935250215698034,,807.7
9605,-4.300000000000001,0,4,3,1,0.5935250215698034,,807.8
9606,-4.300000000000001,0,4,3,1,0.5935250215698034,,807.8
9607,-2.3000000000000003,0,4,3,1,0.5935250215698034,,807.9
9608,-4.300000000000001,0,4,3,1,0.5935250215698034,,808.0
9609,-2.3000000000000003,0,4,3,1,0.5935250215698034,,808.0
9610,-4.300000000000001,0,4,3,1,0.5935250215698034,,808.1
9611,-4.300000000000001,0,4,3,1,0.5935250215698034,,808.2
9612,-4.300000000000001,0,4,3,1,0.5935250215698034,,808.2
9613,-4.300000000000001,0,4,3,1,0.5935250215698034,,808.2
9614,-4.300000000000001,0,4,3,1,0.5935250215698034,,808.3
9615,-5.4,0,5,4,1,0.5935250215698034,,808.4
9616,5.7,1,4,3,1,0.5935250215698034,,808.4
9617,-4.300000000000001,0,4,3,1,0.5935250215698034,,808.5
9618,-2.6,0,6,3,1,0.5935250215698034,,808.6
9619,-4.300000000000001,0,4,3,1,0.5935250215698034,,808.7
9620,-2.3000000000000003,0,4,3,1,0.5935250215698034,,808.7
9621,-0.30000000000000004,0,4,3,1,0.5935250215698034,,808.8
9622,-2.3000000000000003,0,4,3,1,0.5935250215698034,,808.8
9623,5.7,1,4,3,1,0.5935250215698034,,808.9
9624,-4.300000000000001,0,4,3,1,0.5935250215698034,,809.0
9625,-4.300000000000001,0,4,3,1,0.5935250215698034,,809.1
9626,-4.300000000000001,0,4,3,1,0.5935250215698034,,809.2
9627,-2.3000000000000003,0,4,3,1,0.5935250215698034,,809.2
9628,-4.300000000000001,0,4,3,1,0.5935250215698034,,809.3
9629,-4.300000000000001,0,4,3,1,0.5935250215698034,,809.4
9630,-4.300000000000001,0,4,3,1,0.5935250215698034,,809.4
9631,-5.4,0,5,4,1,0.5935250215698034,,809.5
9632,-4.300000000000001,0,4,3,1,0.5935250215698034,,809.6
9633,5.7,1,4,3,1,0.5935250215698034,,809.7
9634,5.7,1,4,3,1,0.5935250215698034,,809.8
9635,-0.30000000000000004,0,4,3,1,0.5935250215698034,,809.8
9636,-4.300000000000001,0,4,3,1,0.5935250215698034,,809.9
9637,-5.4,0,5,4,1,0.5935250215698034,,810.0
9638,-2.3000000000000003,0,4,3,1,0.5935250215698034,,810.1
9639,-2.3000000000000003,0,4,3,1,0.5935250215698034,,810.1
9640,-2.3000000000000003,0,4,3,1,0.5935250215698034,,810.2
9641,-4.300000000000001,0,4,3,1,0.5935250215698034,,810.3
9642,-2.3000000000000003,0,4,3,1,0.5935250215698034,,810.3
9643,-4.300000000000001,0,4,3,1,0.5935250215698034,,810.3
9644,-4.300000000000001,0,4,3,1,0.5935250215698034,,810.4
9645,-4.300000000000001,0,4,3,1,0.5935250215698034,,810.4
9646,-4.300000000000001,0,4,3,1,0.5935250215698034,,810.5
9647,-4.300000000000001,0,4,3,1,0.5935250215698034,,810.6
9648,-2.3000000000000003,0,4,3,1,0.5935250215698034,,810.6
9649,-4.300000000000001,0,4,3,1,0.5935250215698034,,810.6
9650,-1.4000000000000001,0,5,4,1,0.5935250215698034,,810.7
9651,-4.300000000000001,0,4,3,1,0.5935250215698034,,810.7
9652,-4.300000000000001,0,4,3,1,0.5935250215698034,,810.8
9653,-4.300000000000001,0,4,3,1,0.5935250215698034,,810.9
9654,-2.3000000000000003,0,4,3,1,0.5935250215698034,,811.0
9655,-4.300000000000001,0,4,3,1,0.5935250215698034,,811.0
9656,-2.3000000000000003,0,4,3,1,0.5935250215698034,,811.1
9657,-5.4,0,5,4,1,0.5935250215698034,,811.1
9658,-2.3000000000000003,0,4,3,1,0.5935250215698034,,811.2
9659,-4.300000000000001,0,4,3,1,0.5935250215698034,,811.2
9660,-4.300000000000001,0,4,3,1,0.5935250215698034,,811.3
9661,-2.3000000000000003,0,4,3,1,0.5935250215698034,,811.4
9662,-4.300000000000001,0,4,3,1,0.5935250215698034,,811.5
9663,-4.300000000000001,0,4,3,1,0.5935250215698034,,811.5
9664,-4.300000000000001,0,4,3,1,0.5935250215698034,,811.6
9665,-2.6,0,6,3,1,0.5935250215698034,,811.6
9666,-2.3000000000000003,0,4,3,1,0.5935250215698034,,811.6
9667,-4.300000000000001,0,4,3,1,0.5935250215698034,,811.7
9668,-4.300000000000001,0,4,3,1,0.5935250215698034,,811.7
9669,-0.30000000000000004,0,4,3,1,0.5935250215698034,,811.8
9670,5.7,1,4,3,1,0.5935250215698034,,811.9
9671,-4.300000000000001,0,4,3,1,0.5935250215698034,,812.0
9672,-4.300000000000001,0,4,3,1,0.5935250215698034,,812.1
9673,-2.3000000000000003,0,4,3,1,0.5935250215698034,,812.1
9674,-0.30000000000000004,0,4,3,1,0.5935250215698034,,812.2
9675,-4.300000000000001,0,4,3,1,0.5935250215698034,,812.2
9676,5.7,1,4,3,1,0.5935250215698034,,812.3
9677,-4.300000000000001,0,4,3,1,0.5935250215698034,,812.3
9678,-0.30000000000000004,0,4,3,1,0.5935250215698034,,812.4
9679,-2.3000000000000003,0,4,3,1,0.5935250215698034,,812.4
9680,-4.300000000000001,0,4,3,1,0.5935250215698034,,812.5
9681,-4.300000000000001,0,4,3,1,0.5935250215698034,,812.5
9682,5.7,1,4,3,1,0.5935250215698034,,812.6
9683,-4.300000000000001,0,4,3,1,0.5935250215698034,,812.7
9684,-2.3000000000000003,0,4,3,1,0.5935250215698034,,812.7
9685,-4.300000000000001,0,4,3,1,0.5935250215698034,,812.8
9686,5.7,1,4,3,1,0.5935250215698034,,812.9
9687,-2.3000000000000003,0,4,3,1,0.5935250215698034,,812.9
9688,-2.3000000000000003,0,4,3,1,0.5935250215698034,,813.0
9689,-4.6,0,6,3,1,0.5935250215698034,,813.1
9690,-4.300000000000001,0,4,3,1,0.5935250215698034,,813.2
9691,5.7,1,4,3,1,0.5935250215698034,,813.2
9692,-4.300000000000001,0,4,3,1,0.5935250215698034,,813.3
9693,-4.300000000000001,0,4,3,1,0.5935250215698034,,813.3
9694,-4.300000000000001,0,4,3,1,0.5935250215698034,,813.4
9695,-4.300000000000001,0,4,3,1,0.5935250215698034,,813.5
9696,5.7,1,4,3,1,0.5935250215698034,,813.6
9697,-4.300000000000001,0,4,3,1,0.5935250215698034,,813.6
9698,-4.300000000000001,0,4,3,1,0.5935250215698034,,813.7
9699,5.7,1,4,3,1,0.5935250215698034,,813.8
9700,5.7,1,4,3,1,0.5935250215698034,,813.8
9701,-4.300000000000001,0,4,3,1,0.5935250215698034,,813.9
9702,-4.300000000000001,0,4,3,1,0.5935250215698034,,813.9
9703,-4.300000000000001,0,4,3,1,0.5935250215698034,,814.0
9704,-2.3000000000000003,0,4,3,1,0.5935250215698034,,814.0
9705,-0.30000000000000004,0,4,3,1,0.5935250215698034,,814.1
9706,-4.300000000000001,0,4,3,1,0.5935250215698034,,814.2
9707,-4.300000000000001,0,4,3,1,0.5935250215698034,,814.2
9708,-4.300000000000001,0,4,3,1,0.5935250215698034,,814.3
9709,-4.300000000000001,0,4,3,1,0.5935250215698034,,814.4
9710,-4.300000000000001,0,4,3,1,0.5935250215698034,,814.4
9711,-4.300000000000001,0,4,3,1,0.5935250215698034,,814.5
9712,-4.6000000000000005,0,6,3,1,0.5935250215698034,,814.6
9713,-2.3000000000000003,0,4,3,1,0.5935250215698034,,814.6
9714,-2.3000000000000003,0,4,3,1,0.5935250215698034,,814.7
9715,-4.300000000000001,0,4,3,1,0.5935250215698034,,814.8
9716,-2.3000000000000003,0,4,3,1,0.5935250215698034,,814.9
9717,-2.3000000000000003,0,4,3,1,0.5935250215698034,,814.9
9718,-2.3000000000000003,0,4,3,1,0.5935250215698034,,814.9
9719,-2.3000000000000003,0,4,3,1,0.5935250215698034,,815.0
9720,-4.300000000000001,0,4,3,1,0.5935250215698034,,815.1
9721,5.7,1,4,3,1,0.5935250215698034,,815.1
9722,-4.300000000000001,0,4,3,1,0.5935250215698034,,815.2
9723,-2.3000000000000003,0,4,3,1,0.5935250215698034,,815.3
9724,-4.300000000000001,0,4,3,1,0.5935250215698034,,815.4
9725,-4.300000000000001,0,4,3,1,0.5935250215698034,,815.4
9726,5.7,1,4,3,1,0.5935250215698034,,815.5
9727,-4.6,0,6,3,1,0.5935250215698034,,815.5
9728,-4.300000000000001,0,4,3,1,0.5935250215698034,,815.6
9729,-0.30000000000000004,0,4,3,1,0.5935250215698034,,815.7
9730,-2.3000000000000003,0,4,3,1,0.5935250215698034,,815.7
9731,-2.3000000000000003,0,4,3,1,0.5935250215698034,,815.8
9732,-4.300000000000001,0,4,3,1,0.5935250215698034,,815.9
9733,-0.30000000000000004,0,4,3,1,0.5935250215698034,,815.9
9734,-0.30000000000000004,0,4,3,1,0.5935250215698034,,816.0
9735,-4.300000000000001,0,4,3,1,0.5935250215698034,,816.1
9736,-4.300000000000001,0,4,3,1,0.5935250215698034,,816.1
9737,-4.300000000000001,0,4,3,1,0.5935250215698034,,816.2
9738,-4.300000000000001,0,4,3,1,0.5935250215698034,,816.3
9739,-2.3000000000000003,0,4,3,1,0.5935250215698034,,816.4
9740,-4.6000000000000005,0,6,3,1,0.5935250215698034,,816.4
9741,-0.6000000000000001,0,6,3,1,0.5935250215698034,,816.5
9742,-4.300000000000001,0,4,3,1,0.5935250215698034,,816.6
9743,-4.300000000000001,0,4,3,1,0.5935250215698034,,816.6
9744,-4.300000000000001,0,4,3,1,0.5935250215698034,,816.7
9745,-2.3000000000000003,0,4,3,1,0.5935250215698034,,816.7
9746,-5.4,0,5,4,1,0.5935250215698034,,816.7
9747,-4.300000000000001,0,4,3,1,0.5935250215698034,,816.8
9748,5.7,1,4,3,1,0.5935250215698034,,816.8
9749,-2.3000000000000003,0,4,3,1,0.5935250215698034,,816.8
9750,-4.300000000000001,0,4,3,1,0.5935250215698034,,816.9
9751,-4.6,0,6,3,1,0.5935250215698034,,817.0
9752,-4.300000000000001,0,4,3,1,0.5935250215698034,,817.1
9753,-2.3000000000000003,0,4,3,1,0.5935250215698034,,817.1
9754,-4.300000000000001,0,4,3,1,0.5935250215698034,,817.2
9755,-4.6000000000000005,0,6,3,1,0.5935250215698034,,817.2
9756,-4.300000000000001,0,4,3,1,0.5935250215698034,,817.3
9757,-4.300000000000001,0,4,3,1,0.5935250215698034,,817.4
9758,-4.300000000000001,0,4,3,1,0.5935250215698034,,817.5
9759,-4.300000000000001,0,4,3,1,0.5935250215698034,,817.6
9760,-4.300000000000001,0,4,3,1,0.5935250215698034,,817.6
9761,-5.6000000000000005,0,6,3,1,0.5935250215698034,,817.7
9762,-4.300000000000001,0,4,3,1,0.5935250215698034,,817.7
9763,5.7,1,4,3,1,0.5935250215698034,,817.8
9764,-2.3000000000000003,0,4,3,1,0.5935250215698034,,817.9
9765,5.7,1,4,3,1,0.5935250215698034,,817.9
9766,-4.300000000000001,0,4,3,1,0.5935250215698034,,818.0
9767,-2.3000000000000003,0,4,3,1,0.5935250215698034,,818.0
9768,-4.300000000000001,0,4,3,1,0.5935250215698034,,818.1
9769,-4.300000000000001,0,4,3,1,0.5935250215698034,,818.1
9770,-1.6,0,6,3,1,0.5935250215698034,,818.2
9771,-4.300000000000001,0,4,3,1,0.5935250215698034,,818.3
9772,-4.300000000000001,0,4,3,1,0.5935250215698034,,818.3
9773,5.7,1,4,3,1,0.5935250215698034,,818.4
9774,-4.300000000000001,0,4,3,1,0.5935250215698034,,818.5
9775,5.7,1,4,3,1,0.5935250215698034,,818.5
9776,-4.300000000000001,0,4,3,1,0.5935250215698034,,818.6
9777,-0.30000000000000004,0,4,3,1,0.5935250215698034,,818.6
9778,-4.300000000000001,0,4,3,1,0.5935250215698034,,818.6
9779,5.7,1,4,3,1,0.5935250215698034,,818.7
9780,5.7,1,4,3,1,0.5935250215698034,,818.7
9781,5.7,1,4,3,1,0.5935250215698034,,818.8
9782,-2.3000000000000003,0,4,3,1,0.5935250215698034,,818.8
9783,-4.300000000000001,0,4,3,1,0.5935250215698034,,818.9
9784,-2.3000000000000003,0,4,3,1,0.5935250215698034,,819.0
9785,-2.3000000000000003,0,4,3,1,0.5935250215698034,,819.1
9786,-0.30000000000000004,0,4,3,1,0.5935250215698034,,819.2
9787,-4.300000000000001,0,4,3,1,0.5935250215698034,,819.3
9788,-4.200000000000001,0,10,3,1,0.5935250215698034,,819.3
9789,-4.300000000000001,0,4,3,1,0.5935250215698034,,819.4
9790,-4.300000000000001,0,4,3,1,0.5935250215698034,,819.4
9791,-4.300000000000001,0,4,3,1,0.5935250215698034,,819.5
9792,-4.6,0,6,3,1,0.5935250215698034,,819.5
9793,5.7,1,4,3,1,0.5935250215698034,,819.6
9794,-2.3000000000000003,0,4,3,1,0.5935250215698034,,819.7
9795,-4.300000000000001,0,4,3,1,0.5935250215698034,,819.8
9796,5.7,1,4,3,1,0.5935250215698034,,819.8
9797,5.7,1,4,3,1,0.5935250215698034,,819.9
9798,-4.300000000000001,0,4,3,1,0.5935250215698034,,819.9
9799,-0.30000000000000004,0,4,3,1,0.5935250215698034,,820.0
9800,-4.300000000000001,0,4,3,1,0.5935250215698034,,820.1
9801,-4.300000000000001,0,4,3,1,0.5935250215698034,,820.2
9802,-4.300000000000001,0,4,3,1,0.5935250215698034,,820.2
9803,-4.300000000000001,0,4,3,1,0.5935250215698034,,820.3
9804,-4.300000000000001,0,4,3,1,0.5935250215698034,,820.4
9805,-4.300000000000001,0,4,3,1,0.5935250215698034,,820.5
9806,-4.300000000000001,0,4,3,1,0.5935250215698034,,820.5
9807,-3.6000000000000005,0,6,3,1,0.5935250215698034,,820.6
9808,-2.3000000000000003,0,4,3,1,0.5935250215698034,,820.6
9809,5.7,1,4,3,1,0.5935250215698034,,820.7
9810,-4.300000000000001,0,4,3,1,0.5935250215698034,,820.7
9811,-2.3000000000000003,0,4,3,1,0.5935250215698034,,820.8
9812,-4.300000000000001,0,4,3,1,0.5935250215698034,,820.9
9813,-4.300000000000001,0,4,3,1,0.5935250215698034,,820.9
9814,5.7,1,4,3,1,0.5935250215698034,,821.0
9815,-2.3000000000000003,0,4,3,1,0.5935250215698034,,821.0
9816,-4.300000000000001,0,4,3,1,0.5935250215698034,,821.1
9817,-4.300000000000001,0,4,3,1,0.5935250215698034,,821.2
9818,-4.300000000000001,0,4,3,1,0.5935250215698034,,821.2
9819,-4.300000000000001,0,4,3,1,0.5935250215698034,,821.2
9820,-2.3000000000000003,0,4,3,1,0.5935250215698034,,821.3
9821,-1.2000000000000002,0,10,3,1,0.5935250215698034,,821.4
9822,-4.300000000000001,0,4,3,1,0.5935250215698034,,821.5
9823,-4.300000000000001,0,4,3,1,0.5935250215698034,,821.5
9824,-2.6,0,6,3,1,0.5935250215698034,,821.6
9825,-4.300000000000001,0,4,3,1,0.5935250215698034,,821.6
9826,-4.300000000000001,0,4,3,1,0.5935250215698034,,821.7
9827,-4.300000000000001,0,4,3,1,0.5935250215698034,,821.7
9828,-4.300000000000001,0,4,3,1,0.5935250215698034,,821.8
9829,5.7,1,4,3,1,0.5935250215698034,,821.8
9830,-4.300000000000001,0,4,3,1,0.5935250215698034,,821.9
9831,-4.300000000000001,0,4,3,1,0.5935250215698034,,822.0
9832,-0.30000000000000004,0,4,3,1,0.5935250215698034,,822.0
9833,-4.300000000000001,0,4,3,1,0.5935250215698034,,822.1
9834,-0.30000000000000004,0,4,3,1,0.5935250215698034,,822.2
9835,-2.3000000000000003,0,4,3,1,0.5935250215698034,,822.2
9836,-0.30000000000000004,0,4,3,1,0.5935250215698034,,822.3
9837,-2.3000000000000003,0,4,3,1,0.5935250215698034,,822.4
9838,-5.4,0,5,4,1,0.5935250215698034,,822.5
9839,5.7,1,4,3,1,0.5935250215698034,,822.6
9840,-4.300000000000001,0,4,3,1,0.5935250215698034,,822.6
9841,-4.300000000000001,0,4,3,1,0.5935250215698034,,822.7
9842,-4.6,0,6,3,1,0.5935250215698034,,822.7
9843,5.7,1,4,3,1,0.5935250215698034,,822.8
9844,-2.3000000000000003,0,4,3,1,0.5935250215698034,,822.9
9845,-2.3000000000000003,0,4,3,1,0.5935250215698034,,823.0
9846,-4.300000000000001,0,4,3,1,0.5935250215698034,,823.0
9847,5.7,1,4,3,1,0.5935250215698034,,823.0
9848,-4.300000000000001,0,4,3,1,0.5935250215698034,,823.1
9849,-4.300000000000001,0,4,3,1,0.5935250215698034,,823.1
9850,-0.30000000000000004,0,4,3,1,0.5935250215698034,,823.2
9851,-4.300000000000001,0,4,3,1,0.5935250215698034,,823.3
9852,-4.300000000000001,0,4,3,1,0.5935250215698034,,823.4
9853,-4.300000000000001,0,4,3,1,0.5935250215698034,,823.4
9854,-4.300000000000001,0,4,3,1,0.5935250215698034,,823.5
9855,-4.300000000000001,0,4,3,1,0.5935250215698034,,823.6
9856,-4.300000000000001,0,4,3,1,0.5935250215698034,,823.7
9857,-4.6000000000000005,0,6,3,1,0.5935250215698034,,823.7
9858,-2.3000000000000003,0,4,3,1,0.5935250215698034,,823.8
9859,-2.3000000000000003,0,4,3,1,0.5935250215698034,,823.9
9860,5.7,1,4,3,1,0.5935250215698034,,823.9
9861,-4.300000000000001,0,4,3,1,0.5935250215698034,,823.9
9862,-4.300000000000001,0,4,3,1,0.5935250215698034,,824.0
9863,-0.30000000000000004,0,4,3,1,0.5935250215698034,,824.1
9864,5.7,1,4,3,1,0.5935250215698034,,824.1
9865,-4.300000000000001,0,4,3,1,0.5935250215698034,,824.1
9866,-2.3000000000000003,0,4,3,1,0.5935250215698034,,824.2
9867,-4.300000000000001,0,4,3,1,0.5935250215698034,,824.2
9868,-4.300000000000001,0,4,3,1,0.5935250215698034,,824.3
9869,-4.300000000000001,0,4,3,1,0.5935250215698034,,824.3
9870,-4.300000000000001,0,4,3,1,0.5935250215698034,,824.4
9871,-2.3000000000000003,0,4,3,1,0.5935250215698034,,824.4
9872,-4.300000000000001,0,4,3,1,0.5935250215698034,,824.5
9873,-4.300000000000001,0,4,3,1,0.5935250215698034,,824.5
9874,-4.300000000000001,0,4,3,1,0.5935250215698034,,824.6
9875,-4.300000000000001,0,4,3,1,0.5935250215698034,,824.7
9876,-4.300000000000001,0,4,3,1,0.5935250215698034,,824.8
9877,-4.300000000000001,0,4,3,1,0.5935250215698034,,824.8
9878,5.7,1,4,3,1,0.5935250215698034,,824.9
9879,5.7,1,4,3,1,0.5935250215698034,,824.9
9880,-2.3000000000000003,0,4,3,1,0.5935250215698034,,825.0
9881,-4.300000000000001,0,4,3,1,0.5935250215698034,,825.1
9882,-4.300000000000001,0,4,3,1,0.5935250215698034,,825.2
9883,-3.6,0,6,3,1,0.5935250215698034,,825.2
9884,-4.300000000000001,0,4,3,1,0.5935250215698034,,825.3
9885,-2.3000000000000003,0,4,3,1,0.5935250215698034,,825.3
9886,-4.300000000000001,0,4,3,1,0.5935250215698034,,825.4
9887,-2.3000000000000003,0,4,3,1,0.5935250215698034,,825.5
9888,-2.3000000000000003,0,4,3,1,0.5935250215698034,,825.5
9889,-4.300000000000001,0,4,3,1,0.5935250215698034,,825.6
9890,-0.30000000000000004,0,4,3,1,0.5935250215698034,,825.7
9891,-4.300000000000001,0,4,3,1,0.5935250215698034,,825.8
9892,-2.3000000000000003,0,4,3,1,0.5935250215698034,,825.8
9893,5.7,1,4,3,1,0.5935250215698034,,825.9
9894,-4.300000000000001,0,4,3,1,0.5935250215698034,,825.9
9895,-4.300000000000001,0,4,3,1,0.5935250215698034,,825.9
9896,-4.300000000000001,0,4,3,1,0.5935250215698034,,826.0
9897,-4.300000000000001,0,4,3,1,0.5935250215698034,,826.1
9898,-4.300000000000001,0,4,3,1,0.5935250215698034,,826.1
9899,-4.300000000000001,0,4,3,1,0.5935250215698034,,826.2
9900,5.7,1,4,3,1,0.5935250215698034,,826.2
9901,-0.30000000000000004,0,4,3,1,0.5935250215698034,,826.3
9902,5.7,1,4,3,1,0.5935250215698034,,826.4
9903,-4.300000000000001,0,4,3,1,0.5935250215698034,,826.5
9904,-4.300000000000001,0,4,3,1,0.5935250215698034,,826.5
9905,-0.30000000000000004,0,4,3,1,0.5935250215698034,,826.6
9906,-4.300000000000001,0,4,3,1,0.5935250215698034,,826.7
9907,-0.30000000000000004,0,4,3,1,0.5935250215698034,,826.7
9908,-0.30000000000000004,0,4,3,1,0.5935250215698034,,826.7
9909,5.7,1,4,3,1,0.5935250215698034,,826.8
9910,-4.300000000000001,0,4,3,1,0.5935250215698034,,826.8
9911,-4.300000000000001,0,4,3,1,0.5935250215698034,,826.9
9912,-2.3000000000000003,0,4,3,1,0.5935250215698034,,826.9
9913,-2.3000000000000003,0,4,3,1,0.5935250215698034,,827.0
9914,-4.300000000000001,0,4,3,1,0.5935250215698034,,827.1
9915,-4.300000000000001,0,4,3,1,0.5935250215698034,,827.1
9916,-4.300000000000001,0,4,3,1,0.5935250215698034,,827.2
9917,-4.300000000000001,0,4,3,1,0.5935250215698034,,827.3
9918,-2.3000000000000003,0,4,3,1,0.5935250215698034,,827.4
9919,-4.300000000000001,0,4,3,1,0.5935250215698034,,827.4
9920,-4.300000000000001,0,4,3,1,0.5935250215698034,,827.5
9921,-4.300000000000001,0,4,3,1,0.5935250215698034,,827.5
9922,5.7,1,4,3,1,0.5935250215698034,,827.6
9923,-5.6000000000000005,0,6,3,1,0.5935250215698034,,827.7
9924,-4.6000000000000005,0,6,3,1,0.5935250215698034,,827.7
9925,-4.300000000000001,0,4,3,1,0.5935250215698034,,827.8
9926,-4.300000000000001,0,4,3,1,0.5935250215698034,,827.9
9927,-4.300000000000001,0,4,3,1,0.5935250215698034,,827.9
9928,-4.300000000000001,0,4,3,1,0.5935250215698034,,828.0
9929,-2.3000000000000003,0,4,3,1,0.5935250215698034,,828.1
9930,-0.30000000000000004,0,4,3,1,0.5935250215698034,,828.2
9931,-4.300000000000001,0,4,3,1,0.5935250215698034,,828.3
9932,-2.3000000000000003,0,4,3,1,0.5935250215698034,,828.3
9933,5.7,1,4,3,1,0.5935250215698034,,828.4
9934,-4.300000000000001,0,4,3,1,0.5935250215698034,,828.4
9935,-2.3000000000000003,0,4,3,1,0.5935250215698034,,828.5
9936,5.7,1,4,3,1,0.5935250215698034,,828.6
9937,-4.300000000000001,0,4,3,1,0.5935250215698034,,828.7
9938,-0.30000000000000004,0,4,3,1,0.5935250215698034,,828.7
9939,-2.3000000000000003,0,4,3,1,0.5935250215698034,,828.7
9940,-5.6000000000000005,0,6,3,1,0.5935250215698034,,828.8
9941,5.7,1,4,3,1,0.5935250215698034,,828.8
9942,-0.30000000000000004,0,4,3,1,0.5935250215698034,,828.9
9943,-0.30000000000000004,0,4,3,1,0.5935250215698034,,828.9
9944,-4.300000000000001,0,4,3,1,0.5935250215698034,,829.0
9945,-4.300000000000001,0,4,3,1,0.5935250215698034,,829.1
9946,-2.3000000000000003,0,4,3,1,0.5935250215698034,,829.1
9947,-4.300000000000001,0,4,3,1,0.5935250215698034,,829.2
9948,-4.300000000000001,0,4,3,1,0.5935250215698034,,829.3
9949,-4.300000000000001,0,4,3,1,0.5935250215698034,,829.4
9950,-0.30000000000000004,0,4,3,1,0.5935250215698034,,829.4
9951,-2.3000000000000003,0,4,3,1,0.5935250215698034,,829.4
9952,-4.300000000000001,0,4,3,1,0.6191535582765937,1.7727825222536922,830.1
9953,-2.3000000000000003,0,4,3,1,0.6191535582765937,,830.1
9954,-4.300000000000001,0,4,3,1,0.6191535582765937,,830.2
9955,-2.3000000000000003,0,4,3,1,0.6191535582765937,,830.2
9956,-4.6000000000000005,0,6,3,1,0.6191535582765937,,830.3
9957,-4.300000000000001,0,4,3,1,0.6191535582765937,,830.4
9958,-4.300000000000001,0,4,3,1,0.6191535582765937,,830.4
9959,-4.300000000000001,0,4,3,1,0.6191535582765937,,830.5
9960,5.7,1,4,3,1,0.6191535582765937,,830.5
9961,-2.3000000000000003,0,4,3,1,0.6191535582765937,,830.6
9962,5.7,1,4,3,1,0.6191535582765937,,830.6
9963,-4.300000000000001,0,4,3,1,0.6191535582765937,,830.7
9964,-4.300000000000001,0,4,3,1,0.6191535582765937,,830.7
9965,-4.300000000000001,0,4,3,1,0.6191535582765937,,830.8
9966,-4.300000000000001,0,4,3,1,0.6191535582765937,,830.8
9967,-4.6000000000000005,0,6,3,1,0.6191535582765937,,830.9
9968,-4.300000000000001,0,4,3,1,0.6191535582765937,,831.0
9969,5.7,1,4,3,1,0.6191535582765937,,831.0
9970,5.7,1,4,3,1,0.6191535582765937,,831.1
9971,-4.300000000000001,0,4,3,1,0.6191535582765937,,831.1
9972,-0.30000000000000004,0,4,3,1,0.6191535582765937,,831.2
9973,-2.3000000000000003,0,4,3,1,0.6191535582765937,,831.2
9974,-4.300000000000001,0,4,3,1,0.6191535582765937,,831.3
9975,-4.300000000000001,0,4,3,1,0.6191535582765937,,831.4
9976,-4.6,0,6,3,1,0.6191535582765937,,831.4
9977,-2.3000000000000003,0,4,3,1,0.6191535582765937,,831.5
9978,-0.30000000000000004,0,4,3,1,0.6191535582765937,,831.6
9979,-2.3000000000000003,0,4,3,1,0.6191535582765937,,831.7
9980,5.7,1,4,3,1,0.6191535582765937,,831.8
9981,-4.300000000000001,0,4,3,1,0.6191535582765937,,831.9
9982,-4.300000000000001,0,4,3,1,0.6191535582765937,,831.9
9983,-5.6000000000000005,0,6,3,1,0.6191535582765937,,832.0
9984,5.7,1,4,3,1,0.6191535582765937,,832.1
9985,-4.300000000000001,0,4,3,1,0.6191535582765937,,832.1
9986,-4.300000000000001,0,4,3,1,0.6191535582765937,,832.2
9987,-0.30000000000000004,0,4,3,1,0.6191535582765937,,832.2
9988,-4.300000000000001,0,4,3,1,0.6191535582765937,,832.3
9989,-0.30000000000000004,0,4,3,1,0.6191535582765937,,832.3
9990,5.7,1,4,3,1,0.6191535582765937,,832.4
9991,5.7,1,4,3,1,0.6191535582765937,,832.4
9992,-4.300000000000001,0,4,3,1,0.6191535582765937,,832.5
9993,-2.3000000000000003,0,4,3,1,0.6191535582765937,,832.5
9994,-4.300000000000001,0,4,3,1,0.6191535582765937,,832.6
9995,-4.300000000000001,0,4,3,1,0.6191535582765937,,832.7
9996,-4.300000000000001,0,4,3,1,0.6191535582765937,,832.8
9997,-0.30000000000000004,0,4,3,1,0.6191535582765937,,832.8
9998,-4.300000000000001,0,4,3,1,0.6191535582765937,,832.8
9999,-2.3000000000000003,0,4,3,1,0.6191535582765937,,832.9
10000,5.7,1,4,3,1,0.6191535582765937,,832.9
10001,-4.300000000000001,0,4,3,1,0.6191535582765937,,838.2
10002,-4.300000000000001,0,4,3,1,0.6191535582765937,,838.2
10003,-4.300000000000001,0,4,3,1,0.6191535582765937,,838.3
10004,-2.6,0,6,3,1,0.6191535582765937,,838.4
10005,-2.3000000000000003,0,4,3,1,0.6191535582765937,,838.4
10006,5.7,1,4,3,1,0.6191535582765937,,838.5
10007,-0.30000000000000004,0,4,3,1,0.6191535582765937,,838.5
10008,-3.6000000000000005,0,6,3,1,0.6191535582765937,,838.6
10009,-4.300000000000001,0,4,3,1,0.6191535582765937,,838.7
10010,-4.300000000000001,0,4,3,1,0.6191535582765937,,838.8
10011,-4.300000000000001,0,4,3,1,0.6191535582765937,,838.9
10012,-0.30000000000000004,0,4,3,1,0.6191535582765937,,838.9
10013,-4.300000000000001,0,4,3,1,0.6191535582765937,,838.9
10014,-4.300000000000001,0,4,3,1,0.6191535582765937,,839.0
10015,-1.6,0,6,3,1,0.6191535582765937,,839.0
10016,5.7,1,4,3,1,0.6191535582765937,,839.1
10017,-2.3000000000000003,0,4,3,1,0.6191535582765937,,839.1
10018,-4.300000000000001,0,4,3,1,0.6191535582765937,,839.2
10019,-2.3000000000000003,0,4,3,1,0.6191535582765937,,839.3
10020,-4.300000000000001,0,4,3,1,0.6191535582765937,,839.3
10021,-4.300000000000001,0,4,3,1,0.6191535582765937,,839.4
10022,-4.300000000000001,0,4,3,1,0.6191535582765937,,839.5
10023,5.7,1,4,3,1,0.6191535582765937,,839.6
10024,-2.3000000000000003,0,4,3,1,0.6191535582765937,,839.6
10025,-2.3000000000000003,0,4,3,1,0.6191535582765937,,839.7
10026,-4.300000000000001,0,4,3,1,0.6191535582765937,,839.7
10027,-4.300000000000001,0,4,3,1,0.6191535582765937,,839.8
10028,-4.300000000000001,0,4,3,1,0.6191535582765937,,839.8
10029,5.7,1,4,3,1,0.6191535582765937,,839.8
10030,-0.30000000000000004,0,4,3,1,0.6191535582765937,,839.9
10031,-4.300000000000001,0,4,3,1,0.6191535582765937,,840.0
10032,-4.300000000000001,0,4,3,1,0.6191535582765937,,840.1
10033,-2.3000000000000003,0,4,3,1,0.6191535582765937,,840.1
10034,-4.300000000000001,0,4,3,1,0.6191535582765937,,840.2
10035,-0.30000000000000004,0,4,3,1,0.6191535582765937,,840.2
10036,-2.3000000000000003,0,4,3,1,0.6191535582765937,,840.3
10037,-0.30000000000000004,0,4,3,1,0.6191535582765937,,840.3
10038,-2.3000000000000003,0,4,3,1,0.6191535582765937,,840.4
10039,-0.30000000000000004,0,4,3,1,0.6191535582765937,,840.4
10040,-0.30000000000000004,0,4,3,1,0.6191535582765937,,840.5
10041,-4.300000000000001,0,4,3,1,0.6191535582765937,,840.6
10042,-2.3000000000000003,0,4,3,1,0.6191535582765937,,840.6
10043,-4.300000000000001,0,4,3,1,0.6191535582765937,,840.7
10044,-4.300000000000001,0,4,3,1,0.6191535582765937,,840.8
10045,-4.300000000000001,0,4,3,1,0.6191535582765937,,840.9
10046,-2.3000000000000003,0,4,3,1,0.6191535582765937,,840.9
10047,-0.30000000000000004,0,4,3,1,0.6191535582765937,,841.0
10048,-4.300000000000001,0,4,3,1,0.6191535582765937,,841.0
10049,5.7,1,4,3,1,0.6191535582765937,,841.1
10050,5.7,1,4,3,1,0.6191535582765937,,841.2
10051,-2.3000000000000003,0,4,3,1,0.6191535582765937,,841.2
10052,-3.6,0,6,3,1,0.6191535582765937,,841.3
10053,-4.300000000000001,0,4,3,1,0.6191535582765937,,841.4
10054,-4.300000000000001,0,4,3,1,0.6191535582765937,,841.5
10055,-4.300000000000001,0,4,3,1,0.6191535582765937,,841.5
10056,-4.300000000000001,0,4,3,1,0.6191535582765937,,841.6
10057,5.7,1,4,3,1,0.6191535582765937,,841.7
10058,5.7,1,4,3,1,0.6191535582765937,,841.7
10059,-4.300000000000001,0,4,3,1,0.6191535582765937,,841.8
10060,5.7,1,4,3,1,0.6191535582765937,,841.8
10061,-0.30000000000000004,0,4,3,1,0.6191535582765937,,841.9
10062,5.7,1,4,3,1,0.6191535582765937,,841.9
10063,-2.3000000000000003,0,4,3,1,0.6191535582765937,,842.0
10064,-2.3000000000000003,0,4,3,1,0.6191535582765937,,842.1
10065,-4.300000000000001,0,4,3,1,0.6191535582765937,,842.1
10066,-4.300000000000001,0,4,3,1,0.6191535582765937,,842.2
10067,-4.300000000000001,0,4,3,1,0.6191535582765937,,842.2
10068,-4.300000000000001,0,4,3,1,0.6191535582765937,,842.3
10069,-4.300000000000001,0,4,3,1,0.6191535582765937,,842.4
10070,-0.30000000000000004,0,4,3,1,0.6191535582765937,,842.4
10071,5.7,1,4,3,1,0.6191535582765937,,842.5
10072,-4.300000000000001,0,4,3,1,0.6191535582765937,,842.6
10073,-0.30000000000000004,0,4,3,1,0.6191535582765937,,842.6
10074,-2.6,0,6,3,1,0.6191535582765937,,842.6
10075,-4.300000000000001,0,4,3,1,0.6191535582765937,,842.7
10076,-4.300000000000001,0,4,3,1,0.6191535582765937,,842.8
10077,-2.3000000000000003,0,4,3,1,0.6191535582765937,,842.8
10078,-4.300000000000001,0,4,3,1,0.6191535582765937,,842.9
10079,-4.300000000000001,0,4,3,1,0.6191535582765937,,843.0
10080,-4.300000000000001,0,4,3,1,0.6191535582765937,,843.0
10081,5.7,1,4,3,1,0.6191535582765937,,843.1
10082,-2.3000000000000003,0,4,3,1,0.6191535582765937,,843.1
10083,-1.9000000000000001,0,8,3,1,0.6191535582765937,,843.2
10084,-5.9,0,8,3,1,0.6191535582765937,,843.3
10085,5.7,1,4,3,1,0.6191535582765937,,843.3
10086,-0.30000000000000004,0,4,3,1,0.6191535582765937,,843.4
10087,-2.3000000000000003,0,4,3,1,0.6191535582765937,,843.4
10088,-2.6,0,6,3,1,0.6191535582765937,,843.5
10089,-2.3000000000000003,0,4,3,1,0.6191535582765937,,843.6
10090,-2.6,0,6,3,1,0.6191535582765937,,843.7
10091,-4.300000000000001,0,4,3,1,0.6191535582765937,,843.7
10092,-2.3000000000000003,0,4,3,1,0.6191535582765937,,843.8
10093,-2.3000000000000003,0,4,3,1,0.6191535582765937,,843.8
10094,-4.300000000000001,0,4,3,1,0.6191535582765937,,843.9
10095,-4.300000000000001,0,4,3,1,0.6191535582765937,,844.0
10096,-2.3000000000000003,0,4,3,1,0.6191535582765937,,844.0
10097,-2.3000000000000003,0,4,3,1,0.6191535582765937,,844.1
10098,5.7,1,4,3,1,0.6191535582765937,,844.2
10099,-4.300000000000001,0,4,3,1,0.6191535582765937,,844.2
10100,5.7,1,4,3,1,0.6191535582765937,,844.3
10101,-4.300000000000001,0,4,3,1,0.6191535582765937,,844.3
10102,-4.300000000000001,0,4,3,1,0.6191535582765937,,844.4
10103,-4.300000000000001,0,4,3,1,0.6191535582765937,,844.5
10104,-4.300000000000001,0,4,3,1,0.6191535582765937,,844.6
10105,5.7,1,4,3,1,0.6191535582765937,,844.6
10106,-4.300000000000001,0,4,3,1,0.6191535582765937,,844.6
10107,-4.300000000000001,0,4,3,1,0.6191535582765937,,844.7
10108,5.7,1,4,3,1,0.6191535582765937,,844.7
10109,-4.300000000000001,0,4,3,1,0.6191535582765937,,844.8
10110,-4.300000000000001,0,4,3,1,0.6191535582765937,,844.9
10111,-4.300000000000001,0,4,3,1,0.6191535582765937,,844.9
10112,5.7,1,4,3,1,0.6191535582765937,,845.0
10113,-5.6000000000000005,0,6,3,1,0.6191535582765937,,845.0
10114,-4.300000000000001,0,4,3,1,0.6191535582765937,,845.1
10115,-2.3000000000000003,0,4,3,1,0.6191535582765937,,845.2
10116,-4.300000000000001,0,4,3,1,0.6191535582765937,,845.3
10117,-3.6000000000000005,0,6,3,1,0.6191535582765937,,845.3
10118,-0.30000000000000004,0,4,3,1,0.6191535582765937,,845.4
10119,-4.300000000000001,0,4,3,1,0.6191535582765937,,845.4
10120,5.7,1,4,3,1,0.6191535582765937,,845.5
10121,-2.3000000000000003,0,4,3,1,0.6191535582765937,,845.5
10122,-2.3000000000000003,0,4,3,1,0.6191535582765937,,845.6
10123,-2.3000000000000003,0,4,3,1,0.6191535582765937,,845.6
10124,-4.300000000000001,0,4,3,1,0.6191535582765937,,845.7
10125,-4.300000000000001,0,4,3,1,0.6191535582765937,,845.8
10126,-4.300000000000001,0,4,3,1,0.6191535582765937,,845.8
10127,-4.300000000000001,0,4,3,1,0.6191535582765937,,845.9
10128,-3.4000000000000004,0,5,4,1,0.6191535582765937,,845.9
10129,-2.3000000000000003,0,4,3,1,0.6191535582765937,,846.0
10130,-4.300000000000001,0,4,3,1,0.6191535582765937,,846.1
10131,-2.3000000000000003,0,4,3,1,0.6191535582765937,,846.1
10132,-5.4,0,5,4,1,0.6191535582765937,,846.2
10133,-4.300000000000001,0,4,3,1,0.6191535582765937,,846.3
10134,-4.300000000000001,0,4,3,1,0.6191535582765937,,846.4
10135,-4.300000000000001,0,4,3,1,0.6191535582765937,,846.4
10136,-4.300000000000001,0,4,3,1,0.6191535582765937,,846.5
10137,-2.3000000000000003,0,4,3,1,0.6191535582765937,,846.5
10138,-4.300000000000001,0,4,3,1,0.6191535582765937,,846.5
10139,5.7,1,4,3,1,0.6191535582765937,,846.6
10140,5.7,1,4,3,1,0.6191535582765937,,846.7
10141,-4.300000000000001,0,4,3,1,0.6191535582765937,,846.8
10142,-4.300000000000001,0,4,3,1,0.6191535582765937,,846.8
10143,-4.300000000000001,0,4,3,1,0.6191535582765937,,846.9
10144,-4.300000000000001,0,4,3,1,0.6191535582765937,,846.9
10145,-4.300000000000001,0,4,3,1,0.6191535582765937,,847.0
10146,5.7,1,4,3,1,0.6191535582765937,,847.1
10147,-5.6000000000000005,0,6,3,1,0.6191535582765937,,847.2
10148,-1.6,0,6,3,1,0.6191535582765937,,847.3
10149,-4.300000000000001,0,4,3,1,0.6191535582765937,,847.3
10150,-4.300000000000001,0,4,3,1,0.6191535582765937,,847.4
10151,-4.300000000000001,0,4,3,1,0.6191535582765937,,847.4
10152,-4.300000000000001,0,4,3,1,0.6191535582765937,,847.5
10153,5.7,1,4,3,1,0.6191535582765937,,847.5
10154,-2.3000000000000003,0,4,3,1,0.6191535582765937,,847.5
10155,-4.300000000000001,0,4,3,1,0.6191535582765937,,847.6
10156,5.7,1,4,3,1,0.6191535582765937,,847.7
10157,-4.300000000000001,0,4,3,1,0.6191535582765937,,847.8
10158,-4.300000000000001,0,4,3,1,0.6191535582765937,,847.8
10159,5.7,1,4,3,1,0.6191535582765937,,847.9
10160,-2.3000000000000003,0,4,3,1,0.6191535582765937,,848.0
10161,5.7,1,4,3,1,0.6191535582765937,,848.1
10162,-4.300000000000001,0,4,3,1,0.6191535582765937,,848.2
10163,-4.300000000000001,0,4,3,1,0.6191535582765937,,848.2
10164,5.7,1,4,3,1,0.6191535582765937,,848.3
10165,-4.300000000000001,0,4,3,1,0.6191535582765937,,848.3
10166,5.7,1,4,3,1,0.6191535582765937,,848.4
10167,-4.6000000000000005,0,6,3,1,0.6191535582765937,,848.4
10168,-4.300000000000001,0,4,3,1,0.6191535582765937,,848.5
10169,-0.9000000000000001,0,8,3,1,0.6191535582765937,,848.5
10170,-2.3000000000000003,0,4,3,1,0.6191535582765937,,848.6
10171,-4.300000000000001,0,4,3,1,0.6191535582765937,,848.6
10172,5.7,1,4,3,1,0.6191535582765937,,848.7
10173,-4.300000000000001,0,4,3,1,0.6191535582765937,,848.7
10174,-4.300000000000001,0,4,3,1,0.6191535582765937,,848.8
10175,-3.6000000000000005,0,6,3,1,0.6191535582765937,,848.9
10176,-4.300000000000001,0,4,3,1,0.6191535582765937,,849.0
10177,-2.3000000000000003,0,4,3,1,0.6191535582765937,,849.0
10178,5.7,1,4,3,1,0.6191535582765937,,849.1
10179,-4.300000000000001,0,4,3,1,0.6191535582765937,,849.2
10180,-2.3000000000000003,0,4,3,1,0.6191535582765937,,849.3
10181,-0.30000000000000004,0,4,3,1,0.6191535582765937,,849.3
10182,-4.6000000000000005,0,6,3,1,0.6191535582765937,,849.4
10183,-0.30000000000000004,0,4,3,1,0.6191535582765937,,849.5
10184,-0.30000000000000004,0,4,3,1,0.6191535582765937,,849.5
10185,-2.3000000000000003,0,4,3,1,0.6191535582765937,,849.6
10186,-4.300000000000001,0,4,3,1,0.6191535582765937,,849.7
10187,-4.300000000000001,0,4,3,1,0.6191535582765937,,849.7
10188,-2.3000000000000003,0,4,3,1,0.6191535582765937,,849.8
10189,-0.30000000000000004,0,4,3,1,0.6191535582765937,,849.9
10190,-4.300000000000001,0,4,3,1,0.6191535582765937,,850.0
10191,-2.6,0,6,3,1,0.6191535582765937,,850.0
10192,-4.300000000000001,0,4,3,1,0.6191535582765937,,850.1
10193,-4.300000000000001,0,4,3,1,0.6191535582765937,,850.2
10194,-0.6000000000000001,0,6,3,1,0.6191535582765937,,850.2
10195,-4.300000000000001,0,4,3,1,0.6191535582765937,,850.2
10196,-2.3000000000000003,0,4,3,1,0.6191535582765937,,850.3
10197,-2.3000000000000003,0,4,3,1,0.6191535582765937,,850.4
10198,-5.9,0,8,3,1,0.6191535582765937,,850.5
10199,-0.30000000000000004,0,4,3,1,0.6191535582765937,,850.5
10200,-0.30000000000000004,0,4,3,1,0.6191535582765937,,850.5
10201,5.7,1,4,3,1,0.6191535582765937,,850.6
10202,-4.300000000000001,0,4,3,1,0.6191535582765937,,850.7
10203,-2.3000000000000003,0,4,3,1,0.6191535582765937,,850.7
10204,5.7,1,4,3,1,0.6191535582765937,,850.7
10205,-0.30000000000000004,0,4,3,1,0.6191535582765937,,850.8
10206,-0.30000000000000004,0,4,3,1,0.6191535582765937,,850.9
10207,5.7,1,4,3,1,0.6191535582765937,,850.9
10208,-4.300000000000001,0,4,3,1,0.6191535582765937,,851.0
10209,-4.300000000000001,0,4,3,1,0.6191535582765937,,851.1
10210,-2.3000000000000003,0,4,3,1,0.6191535582765937,,851.1
10211,-4.300000000000001,0,4,3,1,0.6191535582765937,,851.2
10212,-2.3000000000000003,0,4,3,1,0.6191535582765937,,851.2
10213,-4.300000000000001,0,4,3,1,0.6191535582765937,,851.3
10214,5.7,1,4,3,1,0.6191535582765937,,851.4
10215,5.7,1,4,3,1,0.6191535582765937,,851.4
10216,5.7,1,4,3,1,0.6191535582765937,,851.5
10217,-4.300000000000001,0,4,3,1,0.6191535582765937,,851.6
10218,-4.300000000000001,0,4,3,1,0.6191535582765937,,851.7
10219,5.7,1,4,3,1,0.6191535582765937,,851.7
10220,-0.30000000000000004,0,4,3,1,0.6191535582765937,,851.8
10221,-2.3000000000000003,0,4,3,1,0.6191535582765937,,851.8
10222,-4.300000000000001,0,4,3,1,0.6191535582765937,,851.8
10223,-2.3000000000000003,0,4,3,1,0.6191535582765937,,851.9
10224,-4.300000000000001,0,4,3,1,0.6191535582765937,,851.9
10225,-0.30000000000000004,0,4,3,1,0.6191535582765937,,852.0
10226,5.7,1,4,3,1,0.6191535582765937,,852.1
10227,-2.3000000000000003,0,4,3,1,0.6191535582765937,,852.1
10228,5.7,1,4,3,1,0.6191535582765937,,852.2
10229,-4.300000000000001,0,4,3,1,0.6191535582765937,,852.2
10230,-4.300000000000001,0,4,3,1,0.6191535582765937,,852.3
10231,-5.6000000000000005,0,6,3,1,0.6191535582765937,,852.4
10232,-4.300000000000001,0,4,3,1,0.6191535582765937,,852.5
10233,-2.6,0,6,3,1,0.6191535582765937,,852.5
10234,-4.300000000000001,0,4,3,1,0.6191535582765937,,852.6
10235,-4.300000000000001,0,4,3,1,0.6191535582765937,,852.6
10236,-2.3000000000000003,0,4,3,1,0.6191535582765937,,852.7
10237,-4.6000000000000005,0,6,3,1,0.6191535582765937,,852.8
10238,-4.300000000000001,0,4,3,1,0.6191535582765937,,852.8
10239,-4.300000000000001,0,4,3,1,0.6191535582765937,,852.9
10240,-4.300000000000001,0,4,3,1,0.6191535582765937,,853.0
10241,-4.300000000000001,0,4,3,1,0.6191535582765937,,853.0
10242,-4.300000000000001,0,4,3,1,0.6191535582765937,,853.1
10243,5.7,1,4,3,1,0.6191535582765937,,853.2
10244,-0.6000000000000001,0,6,3,1,0.6191535582765937,,853.2
10245,-4.300000000000001,0,4,3,1,0.6191535582765937,,853.3
10246,-2.3000000000000003,0,4,3,1,0.6191535582765937,,853.3
10247,-4.300000000000001,0,4,3,1,0.6191535582765937,,853.4
10248,-0.30000000000000004,0,4,3,1,0.6191535582765937,,853.5
10249,-4.300000000000001,0,4,3,1,0.6191535582765937,,853.5
10250,5.7,1,4,3,1,0.6191535582765937,,853.6
10251,-4.300000000000001,0,4,3,1,0.6191535582765937,,853.7
10252,-0.30000000000000004,0,4,3,1,0.6191535582765937,,853.8
10253,5.7,1,4,3,1,0.6191535582765937,,853.8
10254,-5.6000000000000005,0,6,3,1,0.6191535582765937,,853.9
10255,-4.300000000000001,0,4,3,1,0.6191535582765937,,853.9
10256,-4.300000000000001,0,4,3,1,0.6191535582765937,,854.0
10257,5.7,1,4,3,1,0.6191535582765937,,854.0
10258,-4.300000000000001,0,4,3,1,0.6191535582765937,,854.1
10259,-4.300000000000001,0,4,3,1,0.6191535582765937,,854.2
10260,-4.300000000000001,0,4,3,1,0.6191535582765937,,854.3
10261,-4.300000000000001,0,4,3,1,0.6191535582765937,,854.3
10262,-2.3000000000000003,0,4,3,1,0.6191535582765937,,854.4
10263,-2.3000000000000003,0,4,3,1,0.6191535582765937,,854.5
10264,-4.300000000000001,0,4,3,1,0.6191535582765937,,854.5
10265,-2.3000000000000003,0,4,3,1,0.6191535582765937,,854.5
10266,-4.300000000000001,0,4,3,1,0.6191535582765937,,854.6
10267,-0.30000000000000004,0,4,3,1,0.6191535582765937,,854.7
10268,5.7,1,4,3,1,0.6191535582765937,,854.8
10269,-4.300000000000001,0,4,3,1,0.6191535582765937,,854.8
10270,-2.3000000000000003,0,4,3,1,0.6191535582765937,,854.9
10271,5.7,1,4,3,1,0.6191535582765937,,854.9
10272,-2.3000000000000003,0,4,3,1,0.6191535582765937,,855.0
10273,-0.30000000000000004,0,4,3,1,0.6191535582765937,,855.1
10274,-0.30000000000000004,0,4,3,1,0.6191535582765937,,855.1
10275,-4.300000000000001,0,4,3,1,0.6191535582765937,,855.1
10276,5.7,1,4,3,1,0.6191535582765937,,855.2
10277,-4.300000000000001,0,4,3,1,0.6191535582765937,,855.3
10278,5.7,1,4,3,1,0.6191535582765937,,855.3
10279,-2.3000000000000003,0,4,3,1,0.6191535582765937,,855.4
10280,-4.300000000000001,0,4,3,1,0.6191535582765937,,855.4
10281,-4.300000000000001,0,4,3,1,0.6191535582765937,,855.5
10282,-4.300000000000001,0,4,3,1,0.6191535582765937,,855.6
10283,-0.30000000000000004,0,4,3,1,0.6191535582765937,,855.6
10284,5.7,1,4,3,1,0.6191535582765937,,855.7
10285,-4.300000000000001,0,4,3,1,0.6191535582765937,,855.8
10286,-4.300000000000001,0,4,3,1,0.6191535582765937,,855.8
10287,5.7,1,4,3,1,0.6191535582765937,,855.9
10288,-4.6000000000000005,0,6,3,1,0.6191535582765937,,855.9
10289,-4.300000000000001,0,4,3,1,0.6191535582765937,,856.0
10290,-2.3000000000000003,0,4,3,1,0.6191535582765937,,856.0
10291,-4.300000000000001,0,4,3,1,0.6191535582765937,,856.1
10292,-4.300000000000001,0,4,3,1,0.6191535582765937,,856.2
10293,-0.30000000000000004,0,4,3,1,0.6191535582765937,,856.3
10294,5.7,1,4,3,1,0.6191535582765937,,856.3
10295,-4.300000000000001,0,4,3,1,0.6191535582765937,,856.4
10296,-4.300000000000001,0,4,3,1,0.6191535582765937,,856.5
10297,-4.300000000000001,0,4,3,1,0.6191535582765937,,856.5
10298,-4.300000000000001,0,4,3,1,0.6191535582765937,,856.5
10299,-4.300000000000001,0,4,3,1,0.6191535582765937,,856.6
10300,-5.6000000000000005,0,6,3,1,0.6191535582765937,,856.7
10301,-4.300000000000001,0,4,3,1,0.6191535582765937,,856.7
10302,-0.30000000000000004,0,4,3,1,0.6191535582765937,,856.8
10303,-4.300000000000001,0,4,3,1,0.6191535582765937,,856.9
10304,-4.300000000000001,0,4,3,1,0.6191535582765937,,856.9
10305,-0.30000000000000004,0,4,3,1,0.6191535582765937,,857.0
10306,-4.300000000000001,0,4,3,1,0.6191535582765937,,857.0
10307,-2.3000000000000003,0,4,3,1,0.6191535582765937,,857.1
10308,-4.300000000000001,0,4,3,1,0.6191535582765937,,857.1
10309,-4.300000000000001,0,4,3,1,0.6191535582765937,,857.2
10310,-2.3000000000000003,0,4,3,1,0.6191535582765937,,857.3
10311,-2.3000000000000003,0,4,3,1,0.6191535582765937,,857.3
10312,-4.300000000000001,0,4,3,1,0.6191535582765937,,857.4
10313,-4.300000000000001,0,4,3,1,0.6191535582765937,,857.5
10314,-4.300000000000001,0,4,3,1,0.6191535582765937,,857.5
10315,-0.30000000000000004,0,4,3,1,0.6191535582765937,,857.5
10316,-4.300000000000001,0,4,3,1,0.6191535582765937,,857.6
10317,-5.6000000000000005,0,6,3,1,0.6191535582765937,,857.7
10318,-0.30000000000000004,0,4,3,1,0.6191535582765937,,857.7
10319,-4.300000000000001,0,4,3,1,0.6191535582765937,,857.8
10320,-4.300000000000001,0,4,3,1,0.6191535582765937,,857.8
10321,-4.6000000000000005,0,6,3,1,0.6191535582765937,,857.9
10322,5.7,1,4,3,1,0.6191535582765937,,858.0
10323,-4.300000000000001,0,4,3,1,0.6191535582765937,,858.1
10324,-4.300000000000001,0,4,3,1,0.6191535582765937,,858.1
10325,-4.300000000000001,0,4,3,1,0.6191535582765937,,858.2
10326,5.7,1,4,3,1,0.6191535582765937,,858.2
10327,-4.300000000000001,0,4,3,1,0.6191535582765937,,858.3
10328,-4.300000000000001,0,4,3,1,0.6191535582765937,,858.3
10329,-0.30000000000000004,0,4,3,1,0.6191535582765937,,858.4
10330,-2.3000000000000003,0,4,3,1,0.6191535582765937,,858.5
10331,-4.300000000000001,0,4,3,1,0.6191535582765937,,858.5
10332,-4.300000000000001,0,4,3,1,0.6191535582765937,,858.6
10333,-0.30000000000000004,0,4,3,1,0.6191535582765937,,858.6
10334,-4.300000000000001,0,4,3,1,0.6191535582765937,,858.6
10335,-2.3000000000000003,0,4,3,1,0.6191535582765937,,858.7
10336,-0.30000000000000004,0,4,3,1,0.6191535582765937,,858.8
10337,-4.300000000000001,0,4,3,1,0.6191535582765937,,858.8
10338,-4.300000000000001,0,4,3,1,0.6191535582765937,,858.9
10339,-2.3000000000000003,0,4,3,1,0.6191535582765937,,859.0
10340,-4.300000000000001,0,4,3,1,0.6191535582765937,,859.0
10341,-4.300000000000001,0,4,3,1,0.6191535582765937,,859.1
10342,-4.300000000000001,0,4,3,1,0.6191535582765937,,859.1
10343,-2.6,0,6,3,1,0.6191535582765937,,859.2
10344,-4.300000000000001,0,4,3,1,0.6191535582765937,,859.3
10345,-4.300000000000001,0,4,3,1,0.6191535582765937,,859.3
10346,-4.300000000000001,0,4,3,1,0.6191535582765937,,859.4
10347,-2.3000000000000003,0,4,3,1,0.6191535582765937,,859.5
10348,-0.30000000000000004,0,4,3,1,0.6191535582765937,,859.5
10349,-5.6000000000000005,0,6,3,1,0.6191535582765937,,859.6
10350,-4.300000000000001,0,4,3,1,0.6191535582765937,,859.7
10351,-0.30000000000000004,0,4,3,1,0.6191535582765937,,859.8
10352,-5.6000000000000005,0,6,3,1,0.6191535582765937,,859.9
10353,-5.6000000000000005,0,6,3,1,0.6191535582765937,,859.9
10354,-3.6,0,6,3,1,0.6191535582765937,,860.0
10355,-0.30000000000000004,0,4,3,1,0.6191535582765937,,860.0
10356,-0.6000000000000001,0,6,3,1,0.6191535582765937,,860.1
10357,-2.3000000000000003,0,4,3,1,0.6191535582765937,,860.1
10358,-4.6,0,6,3,1,0.6191535582765937,,860.2
10359,-4.300000000000001,0,4,3,1,0.6191535582765937,,860.3
10360,5.7,1,4,3,1,0.6191535582765937,,860.3
10361,-4.300000000000001,0,4,3,1,0.6191535582765937,,860.4
10362,-8.200000000000001,0,10,3,1,0.6191535582765937,,860.5
10363,-4.300000000000001,0,4,3,1,0.6191535582765937,,860.6
10364,-4.300000000000001,0,4,3,1,0.6191535582765937,,860.6
10365,-4.300000000000001,0,4,3,1,0.6191535582765937,,860.7
10366,-2.3000000000000003,0,4,3,1,0.6191535582765937,,860.7
10367,-2.3000000000000003,0,4,3,1,0.6191535582765937,,860.8
10368,-4.300000000000001,0,4,3,1,0.6191535582765937,,860.8
10369,-4.300000000000001,0,4,3,1,0.6191535582765937,,860.9
10370,5.7,1,4,3,1,0.6191535582765937,,861.0
10371,5.7,1,4,3,1,0.6191535582765937,,861.0
10372,-4.6,0,6,3,1,0.6191535582765937,,861.1
10373,-4.300000000000001,0,4,3,1,0.6191535582765937,,861.1
10374,-4.300000000000001,0,4,3,1,0.6191535582765937,,861.2
10375,-4.300000000000001,0,4,3,1,0.6191535582765937,,861.2
10376,-0.30000000000000004,0,4,3,1,0.6191535582765937,,861.3
10377,-2.3000000000000003,0,4,3,1,0.6191535582765937,,861.3
10378,-4.300000000000001,0,4,3,1,0.6191535582765937,,861.4
10379,-5.4,0,5,4,1,0.6191535582765937,,861.4
10380,-4.300000000000001,0,4,3,1,0.6191535582765937,,861.5
10381,-3.6,0,6,3,1,0.6191535582765937,,861.6
10382,-4.300000000000001,0,4,3,1,0.6191535582765937,,861.6
10383,-2.6,0,6,3,1,0.6191535582765937,,861.7
10384,-4.300000000000001,0,4,3,1,0.6191535582765937,,861.8
10385,-4.300000000000001,0,4,3,1,0.6191535582765937,,861.8
10386,5.7,1,4,3,1,0.6191535582765937,,861.9
10387,5.7,1,4,3,1,0.6191535582765937,,861.9
10388,-4.300000000000001,0,4,3,1,0.6191535582765937,,861.9
10389,-4.300000000000001,0,4,3,1,0.6191535582765937,,862.0
10390,-0.30000000000000004,0,4,3,1,0.6191535582765937,,862.1
10391,-4.300000000000001,0,4,3,1,0.6191535582765937,,862.1
10392,-4.300000000000001,0,4,3,1,0.6191535582765937,,862.1
10393,5.7,1,4,3,1,0.6191535582765937,,862.2
10394,-4.300000000000001,0,4,3,1,0.6191535582765937,,862.3
10395,-2.3000000000000003,0,4,3,1,0.6191535582765937,,862.4
10396,-4.300000000000001,0,4,3,1,0.6191535582765937,,862.5
10397,-4.300000000000001,0,4,3,1,0.6191535582765937,,862.5
10398,-2.3000000000000003,0,4,3,1,0.6191535582765937,,862.6
10399,-4.300000000000001,0,4,3,1,0.6191535582765937,,862.6
10400,0.6000000000000001,0,5,4,1,0.6191535582765937,,862.7
10401,-1.6,0,6,3,1,0.6191535582765937,,862.8
10402,5.7,1,4,3,1,0.6191535582765937,,862.8
10403,-2.3000000000000003,0,4,3,1,0.6191535582765937,,862.9
10404,-4.300000000000001,0,4,3,1,0.6191535582765937,,862.9
10405,5.7,1,4,3,1,0.6191535582765937,,863.0
10406,-0.30000000000000004,0,4,3,1,0.6191535582765937,,863.1
10407,-0.30000000000000004,0,4,3,1,0.6191535582765937,,863.1
10408,-4.300000000000001,0,4,3,1,0.6191535582765937,,863.2
10409,-4.6000000000000005,0,6,3,1,0.6191535582765937,,863.2
10410,-0.30000000000000004,0,4,3,1,0.6191535582765937,,863.3
10411,-5.6000000000000005,0,6,3,1,0.6191535582765937,,863.4
10412,-4.300000000000001,0,4,3,1,0.6191535582765937,,863.5
10413,5.7,1,4,3,1,0.6191535582765937,,863.5
10414,-4.300000000000001,0,4,3,1,0.6191535582765937,,863.6
10415,-4.300000000000001,0,4,3,1,0.6191535582765937,,863.7
10416,-4.300000000000001,0,4,3,1,0.6191535582765937,,863.8
10417,-4.300000000000001,0,4,3,1,0.6191535582765937,,863.8
10418,-4.300000000000001,0,4,3,1,0.6191535582765937,,863.9
10419,5.4,1,6,3,1,0.6191535582765937,,864.0
10420,-0.30000000000000004,0,4,3,1,0.6191535582765937,,864.1
10421,-0.30000000000000004,0,4,3,1,0.6191535582765937,,864.1
10422,-4.300000000000001,0,4,3,1,0.6191535582765937,,864.2
10423,-4.300000000000001,0,4,3,1,0.6191535582765937,,864.2
10424,-5.6000000000000005,0,6,3,1,0.6191535582765937,,864.3
10425,-4.300000000000001,0,4,3,1,0.6191535582765937,,864.4
10426,-2.3000000000000003,0,4,3,1,0.6191535582765937,,864.4
10427,-0.30000000000000004,0,4,3,1,0.6191535582765937,,864.5
10428,-4.300000000000001,0,4,3,1,0.6191535582765937,,864.6
10429,-2.3000000000000003,0,4,3,1,0.6191535582765937,,864.6
10430,5.7,1,4,3,1,0.6191535582765937,,864.7
10431,-4.300000000000001,0,4,3,1,0.6191535582765937,,864.8
10432,-0.30000000000000004,0,4,3,1,0.6191535582765937,,864.9
10433,-4.300000000000001,0,4,3,1,0.6191535582765937,,864.9
10434,-4.300000000000001,0,4,3,1,0.6191535582765937,,865.0
10435,-2.3000000000000003,0,4,3,1,0.6128016049042344,1.765582268126309,865.6
10436,-4.300000000000001,0,4,3,1,0.6128016049042344,,865.8
10437,-2.3000000000000003,0,4,3,1,0.6128016049042344,,865.8
10438,5.7,1,4,3,1,0.6128016049042344,,865.9
10439,5.4,1,6,3,1,0.6128016049042344,,866.0
10440,-2.3000000000000003,0,4,3,1,0.6128016049042344,,866.1
10441,-4.300000000000001,0,4,3,1,0.6128016049042344,,866.1
10442,-2.3000000000000003,0,4,3,1,0.6128016049042344,,866.2
10443,-3.6,0,6,3,1,0.6128016049042344,,866.2
10444,-2.3000000000000003,0,4,3,1,0.6128016049042344,,866.3
10445,-2.3000000000000003,0,4,3,1,0.6128016049042344,,866.3
10446,-4.300000000000001,0,4,3,1,0.6128016049042344,,866.4
10447,5.7,1,4,3,1,0.6128016049042344,,866.5
10448,-0.30000000000000004,0,4,3,1,0.6128016049042344,,866.5
10449,-4.300000000000001,0,4,3,1,0.6128016049042344,,866.6
10450,-4.300000000000001,0,4,3,1,0.6128016049042344,,866.7
10451,-4.300000000000001,0,4,3,1,0.6128016049042344,,866.7
10452,5.7,1,4,3,1,0.6128016049042344,,866.8
10453,-4.300000000000001,0,4,3,1,0.6128016049042344,,866.8
10454,-4.300000000000001,0,4,3,1,0.6128016049042344,,866.9
10455,-4.300000000000001,0,4,3,1,0.6128016049042344,,867.0
10456,-4.300000000000001,0,4,3,1,0.6128016049042344,,867.0
10457,-4.300000000000001,0,4,3,1,0.6128016049042344,,867.1
10458,-4.300000000000001,0,4,3,1,0.6128016049042344,,867.1
10459,5.7,1,4,3,1,0.6128016049042344,,867.2
10460,-4.300000000000001,0,4,3,1,0.6128016049042344,,867.3
10461,-4.300000000000001,0,4,3,1,0.6128016049042344,,867.4
10462,-4.300000000000001,0,4,3,1,0.6128016049042344,,867.4
10463,-0.30000000000000004,0,4,3,1,0.6128016049042344,,867.4
10464,-2.3000000000000003,0,4,3,1,0.6128016049042344,,867.5
10465,5.7,1,4,3,1,0.6128016049042344,,867.5
10466,-4.300000000000001,0,4,3,1,0.6128016049042344,,867.6
10467,-4.300000000000001,0,4,3,1,0.6128016049042344,,867.7
10468,-4.300000000000001,0,4,3,1,0.6128016049042344,,867.7
10469,-4.300000000000001,0,4,3,1,0.6128016049042344,,867.8
10470,-0.30000000000000004,0,4,3,1,0.6128016049042344,,867.8
10471,-4.300000000000001,0,4,3,1,0.6128016049042344,,867.9
10472,-4.300000000000001,0,4,3,1,0.6128016049042344,,868.0
10473,-2.3000000000000003,0,4,3,1,0.6128016049042344,,868.0
10474,-4.300000000000001,0,4,3,1,0.6128016049042344,,868.1
10475,-2.3000000000000003,0,4,3,1,0.6128016049042344,,868.2
10476,5.7,1,4,3,1,0.6128016049042344,,868.2
10477,-2.3000000000000003,0,4,3,1,0.6128016049042344,,868.3
10478,-4.300000000000001,0,4,3,1,0.6128016049042344,,868.3
10479,-4.6,0,6,3,1,0.6128016049042344,,868.4
10480,-0.30000000000000004,0,4,3,1,0.6128016049042344,,868.5
10481,-4.6,0,6,3,1,0.6128016049042344,,868.5
10482,-4.300000000000001,0,4,3,1,0.6128016049042344,,868.5
10483,-4.300000000000001,0,4,3,1,0.6128016049042344,,868.6
10484,-2.3000000000000003,0,4,3,1,0.6128016049042344,,868.6
10485,-4.300000000000001,0,4,3,1,0.6128016049042344,,868.7
10486,5.7,1,4,3,1,0.6128016049042344,,868.8
10487,-4.300000000000001,0,4,3,1,0.6128016049042344,,868.8
10488,5.7,1,4,3,1,0.6128016049042344,,868.9
10489,-4.300000000000001,0,4,3,1,0.6128016049042344,,869.0
10490,-4.300000000000001,0,4,3,1,0.6128016049042344,,869.0
10491,-4.300000000000001,0,4,3,1,0.6128016049042344,,869.1
10492,-4.300000000000001,0,4,3,1,0.6128016049042344,,869.2
10493,5.7,1,4,3,1,0.6128016049042344,,869.2
10494,-4.300000000000001,0,4,3,1,0.6128016049042344,,869.2
10495,-4.300000000000001,0,4,3,1,0.6128016049042344,,869.3
10496,-0.30000000000000004,0,4,3,1,0.6128016049042344,,869.3
10497,-2.3000000000000003,0,4,3,1,0.6128016049042344,,869.4
10498,5.7,1,4,3,1,0.6128016049042344,,869.5
10499,-5.4,0,5,4,1,0.6128016049042344,,869.5
10500,-4.300000000000001,0,4,3,1,0.6128016049042344,,869.6
10501,-4.300000000000001,0,4,3,1,0.6128016049042344,,874.6
10502,-2.3000000000000003,0,4,3,1,0.6128016049042344,,874.6
10503,-0.30000000000000004,0,4,3,1,0.6128016049042344,,874.7
10504,-4.300000000000001,0,4,3,1,0.6128016049042344,,874.7
10505,-4.300000000000001,0,4,3,1,0.6128016049042344,,874.7
10506,-4.300000000000001,0,4,3,1,0.6128016049042344,,874.8
10507,5.7,1,4,3,1,0.6128016049042344,,874.9
10508,-4.300000000000001,0,4,3,1,0.6128016049042344,,874.9
10509,-4.300000000000001,0,4,3,1,0.6128016049042344,,875.0
10510,-2.3000000000000003,0,4,3,1,0.6128016049042344,,875.1
10511,-3.6,0,6,3,1,0.6128016049042344,,875.1
10512,-4.300000000000001,0,4,3,1,0.6128016049042344,,875.2
10513,-2.6,0,6,3,1,0.6128016049042344,,875.3
10514,-2.3000000000000003,0,4,3,1,0.6128016049042344,,875.3
10515,-4.300000000000001,0,4,3,1,0.6128016049042344,,875.4
10516,-4.300000000000001,0,4,3,1,0.6128016049042344,,875.5
10517,-4.300000000000001,0,4,3,1,0.6128016049042344,,875.5
10518,-4.300000000000001,0,4,3,1,0.6128016049042344,,875.5
10519,-4.300000000000001,0,4,3,1,0.6128016049042344,,875.6
10520,-2.3000000000000003,0,4,3,1,0.6128016049042344,,875.7
10521,-3.6000000000000005,0,6,3,1,0.6128016049042344,,875.8
10522,-4.6000000000000005,0,6,3,1,0.6128016049042344,,875.8
10523,-4.300000000000001,0,4,3,1,0.6128016049042344,,875.9
10524,-0.30000000000000004,0,4,3,1,0.6128016049042344,,876.0
10525,-2.3000000000000003,0,4,3,1,0.6128016049042344,,876.0
10526,-4.300000000000001,0,4,3,1,0.6128016049042344,,876.1
10527,-0.30000000000000004,0,4,3,1,0.6128016049042344,,876.1
10528,-3.6000000000000005,0,6,3,1,0.6128016049042344,,876.2
10529,-4.300000000000001,0,4,3,1,0.6128016049042344,,876.2
10530,-4.300000000000001,0,4,3,1,0.6128016049042344,,876.3
10531,-4.300000000000001,0,4,3,1,0.6128016049042344,,876.4
10532,-4.300000000000001,0,4,3,1,0.6128016049042344,,876.4
10533,5.7,1,4,3,1,0.6128016049042344,,876.5
10534,5.7,1,4,3,1,0.6128016049042344,,876.5
10535,-4.300000000000001,0,4,3,1,0.6128016049042344,,876.6
10536,5.7,1,4,3,1,0.6128016049042344,,876.7
10537,-4.300000000000001,0,4,3,1,0.6128016049042344,,876.7
10538,-4.300000000000001,0,4,3,1,0.6128016049042344,,876.8
10539,-4.300000000000001,0,4,3,1,0.6128016049042344,,876.8
10540,-0.30000000000000004,0,4,3,1,0.6128016049042344,,876.9
10541,-0.6000000000000001,0,6,3,1,0.6128016049042344,,876.9
10542,-4.300000000000001,0,4,3,1,0.6128016049042344,,877.0
10543,-0.30000000000000004,0,4,3,1,0.6128016049042344,,877.0
10544,5.7,1,4,3,1,0.6128016049042344,,877.1
10545,-0.30000000000000004,0,4,3,1,0.6128016049042344,,877.2
10546,-0.30000000000000004,0,4,3,1,0.6128016049042344,,877.3
10547,-2.3000000000000003,0,4,3,1,0.6128016049042344,,877.4
10548,-4.300000000000001,0,4,3,1,0.6128016049042344,,877.4
10549,-4.300000000000001,0,4,3,1,0.6128016049042344,,877.5
10550,-4.300000000000001,0,4,3,1,0.6128016049042344,,877.5
10551,-1.6,0,6,3,1,0.6128016049042344,,877.6
10552,-4.300000000000001,0,4,3,1,0.6128016049042344,,877.6
10553,-4.300000000000001,0,4,3,1,0.6128016049042344,,877.7
10554,-4.300000000000001,0,4,3,1,0.6128016049042344,,877.8
10555,-5.9,0,8,3,1,0.6128016049042344,,877.8
10556,-4.300000000000001,0,4,3,1,0.6128016049042344,,877.9
10557,-0.30000000000000004,0,4,3,1,0.6128016049042344,,877.9
10558,-2.3000000000000003,0,4,3,1,0.6128016049042344,,878.0
10559,-0.30000000000000004,0,4,3,1,0.6128016049042344,,878.1
10560,-4.300000000000001,0,4,3,1,0.6128016049042344,,878.1
10561,-5.4,0,5,4,1,0.6128016049042344,,878.2
10562,-4.300000000000001,0,4,3,1,0.6128016049042344,,878.3
10563,5.7,1,4,3,1,0.6128016049042344,,878.3
10564,5.4,1,6,3,1,0.6128016049042344,,878.4
10565,5.7,1,4,3,1,0.6128016049042344,,878.4
10566,-4.300000000000001,0,4,3,1,0.6128016049042344,,878.5
10567,-4.300000000000001,0,4,3,1,0.6128016049042344,,878.5
10568,-0.30000000000000004,0,4,3,1,0.6128016049042344,,878.6
10569,-4.300000000000001,0,4,3,1,0.6128016049042344,,878.6
10570,-2.3000000000000003,0,4,3,1,0.6128016049042344,,878.7
10571,-0.30000000000000004,0,4,3,1,0.6128016049042344,,878.7
10572,-4.300000000000001,0,4,3,1,0.6128016049042344,,878.8
10573,5.7,1,4,3,1,0.6128016049042344,,878.8
10574,-4.6000000000000005,0,6,3,1,0.6128016049042344,,878.9
10575,-2.3000000000000003,0,4,3,1,0.6128016049042344,,879.0
10576,-4.300000000000001,0,4,3,1,0.6128016049042344,,879.1
10577,5.7,1,4,3,1,0.6128016049042344,,879.1
10578,-4.300000000000001,0,4,3,1,0.6128016049042344,,879.2
10579,5.7,1,4,3,1,0.6128016049042344,,879.2
10580,-4.300000000000001,0,4,3,1,0.6128016049042344,,879.3
10581,5.7,1,4,3,1,0.6128016049042344,,879.4
10582,-4.300000000000001,0,4,3,1,0.6128016049042344,,879.5
10583,-2.3000000000000003,0,4,3,1,0.6128016049042344,,879.5
10584,-4.300000000000001,0,4,3,1,0.6128016049042344,,879.6
10585,-4.300000000000001,0,4,3,1,0.6128016049042344,,879.7
10586,5.7,1,4,3,1,0.6128016049042344,,879.7
10587,-0.30000000000000004,0,4,3,1,0.6128016049042344,,879.8
10588,-4.300000000000001,0,4,3,1,0.6128016049042344,,879.9
10589,5.7,1,4,3,1,0.6128016049042344,,879.9
10590,-2.3000000000000003,0,4,3,1,0.6128016049042344,,880.0
10591,-4.300000000000001,0,4,3,1,0.6128016049042344,,880.1
10592,-4.300000000000001,0,4,3,1,0.6128016049042344,,880.2
10593,-4.300000000000001,0,4,3,1,0.6128016049042344,,880.2
10594,-4.300000000000001,0,4,3,1,0.6128016049042344,,880.3
10595,-2.3000000000000003,0,4,3,1,0.6128016049042344,,880.3
10596,-4.300000000000001,0,4,3,1,0.6128016049042344,,880.4
10597,5.7,1,4,3,1,0.6128016049042344,,880.5
10598,-4.300000000000001,0,4,3,1,0.6128016049042344,,880.5
10599,-4.300000000000001,0,4,3,1,0.6128016049042344,,880.6
10600,-4.6,0,6,3,1,0.6128016049042344,,880.7
10601,5.7,1,4,3,1,0.6128016049042344,,880.7
10602,-4.300000000000001,0,4,3,1,0.6128016049042344,,880.8
10603,-2.3000000000000003,0,4,3,1,0.6128016049042344,,880.9
10604,-2.3000000000000003,0,4,3,1,0.6128016049042344,,880.9
10605,-0.6000000000000001,0,6,3,1,0.6128016049042344,,881.0
10606,-2.3000000000000003,0,4,3,1,0.6128016049042344,,881.1
10607,-0.30000000000000004,0,4,3,1,0.6128016049042344,,881.1
10608,-4.300000000000001,0,4,3,1,0.6128016049042344,,881.2
10609,-2.3000000000000003,0,4,3,1,0.6128016049042344,,881.3
10610,-2.3000000000000003,0,4,3,1,0.6128016049042344,,881.3
10611,-2.3000000000000003,0,4,3,1,0.6128016049042344,,881.4
10612,-2.3000000000000003,0,4,3,1,0.6128016049042344,,881.5
10613,-4.300000000000001,0,4,3,1,0.6128016049042344,,881.5
10614,-4.300000000000001,0,4,3,1,0.6128016049042344,,881.5
10615,-4.300000000000001,0,4,3,1,0.6128016049042344,,881.6
10616,5.7,1,4,3,1,0.6128016049042344,,881.7
10617,-4.300000000000001,0,4,3,1,0.6128016049042344,,881.7
10618,-4.300000000000001,0,4,3,1,0.6128016049042344,,881.8
10619,0.3999999999999999,0,6,3,1,0.6128016049042344,,881.8
10620,5.7,1,4,3,1,0.6128016049042344,,881.8
10621,-4.300000000000001,0,4,3,1,0.6128016049042344,,881.9
10622,-2.3000000000000003,0,4,3,1,0.6128016049042344,,881.9
10623,-4.300000000000001,0,4,3,1,0.6128016049042344,,882.0
10624,-4.300000000000001,0,4,3,1,0.6128016049042344,,882.1
10625,-4.300000000000001,0,4,3,1,0.6128016049042344,,882.2
10626,-4.300000000000001,0,4,3,1,0.6128016049042344,,882.2
10627,-4.300000000000001,0,4,3,1,0.6128016049042344,,882.3
10628,-4.300000000000001,0,4,3,1,0.6128016049042344,,882.3
10629,-2.3000000000000003,0,4,3,1,0.6128016049042344,,882.4
10630,-4.300000000000001,0,4,3,1,0.6128016049042344,,882.5
10631,-4.300000000000001,0,4,3,1,0.6128016049042344,,882.6
10632,-4.300000000000001,0,4,3,1,0.6128016049042344,,882.6
10633,-4.300000000000001,0,4,3,1,0.6128016049042344,,882.7
10634,-0.30000000000000004,0,4,3,1,0.6128016049042344,,882.8
10635,-4.300000000000001,0,4,3,1,0.6128016049042344,,882.8
10636,-4.300000000000001,0,4,3,1,0.6128016049042344,,882.9
10637,-4.6000000000000005,0,6,3,1,0.6128016049042344,,882.9
10638,-0.30000000000000004,0,4,3,1,0.6128016049042344,,883.0
10639,-2.3000000000000003,0,4,3,1,0.6128016049042344,,883.0
10640,5.7,1,4,3,1,0.6128016049042344,,883.1
10641,-2.6,0,6,3,1,0.6128016049042344,,883.1
10642,5.7,1,4,3,1,0.6128016049042344,,883.2
10643,-2.6,0,6,3,1,0.6128016049042344,,883.3
10644,-0.30000000000000004,0,4,3,1,0.6128016049042344,,883.4
10645,5.7,1,4,3,1,0.6128016049042344,,883.4
10646,-0.30000000000000004,0,4,3,1,0.6128016049042344,,883.5
10647,-2.3000000000000003,0,4,3,1,0.6128016049042344,,883.6
10648,-2.3000000000000003,0,4,3,1,0.6128016049042344,,883.7
10649,-4.300000000000001,0,4,3,1,0.6128016049042344,,883.8
10650,-4.300000000000001,0,4,3,1,0.6128016049042344,,883.8
10651,5.7,1,4,3,1,0.6128016049042344,,883.9
10652,-4.300000000000001,0,4,3,1,0.6128016049042344,,884.0
10653,-4.300000000000001,0,4,3,1,0.6128016049042344,,884.0
10654,-4.300000000000001,0,4,3,1,0.6128016049042344,,884.1
10655,-4.300000000000001,0,4,3,1,0.6128016049042344,,884.1
10656,-4.300000000000001,0,4,3,1,0.6128016049042344,,884.2
10657,-4.300000000000001,0,4,3,1,0.6128016049042344,,884.3
10658,-0.30000000000000004,0,4,3,1,0.6128016049042344,,884.3
10659,-2.3000000000000003,0,4,3,1,0.6128016049042344,,884.4
10660,-4.6,0,6,3,1,0.6128016049042344,,884.4
10661,-4.6000000000000005,0,6,3,1,0.6128016049042344,,884.5
10662,-0.30000000000000004,0,4,3,1,0.6128016049042344,,884.6
10663,-2.3000000000000003,0,4,3,1,0.6128016049042344,,884.6
10664,-4.300000000000001,0,4,3,1,0.6128016049042344,,884.7
10665,-0.30000000000000004,0,4,3,1,0.6128016049042344,,884.7
10666,-4.300000000000001,0,4,3,1,0.6128016049042344,,884.8
10667,5.7,1,4,3,1,0.6128016049042344,,884.8
10668,-0.30000000000000004,0,4,3,1,0.6128016049042344,,884.9
10669,-0.30000000000000004,0,4,3,1,0.6128016049042344,,884.9
10670,-2.3000000000000003,0,4,3,1,0.6128016049042344,,885.0
10671,-4.300000000000001,0,4,3,1,0.6128016049042344,,885.1
10672,-2.3000000000000003,0,4,3,1,0.6128016049042344,,885.2
10673,-2.3000000000000003,0,4,3,1,0.6128016049042344,,885.3
10674,-0.30000000000000004,0,4,3,1,0.6128016049042344,,885.4
10675,-2.3000000000000003,0,4,3,1,0.6128016049042344,,885.4
10676,5.7,1,4,3,1,0.6128016049042344,,885.5
10677,-4.300000000000001,0,4,3,1,0.6128016049042344,,885.5
10678,-0.30000000000000004,0,4,3,1,0.6128016049042344,,885.5
10679,-4.300000000000001,0,4,3,1,0.6128016049042344,,885.6
10680,-4.300000000000001,0,4,3,1,0.6128016049042344,,885.6
10681,-2.3000000000000003,0,4,3,1,0.6128016049042344,,885.7
10682,5.7,1,4,3,1,0.6128016049042344,,885.8
10683,-2.3000000000000003,0,4,3,1,0.6128016049042344,,885.8
10684,-4.300000000000001,0,4,3,1,0.6128016049042344,,885.9
10685,-4.300000000000001,0,4,3,1,0.6128016049042344,,885.9
10686,-2.3000000000000003,0,4,3,1,0.6128016049042344,,886.0
10687,-4.300000000000001,0,4,3,1,0.6128016049042344,,886.0
10688,-3.9000000000000004,0,8,3,1,0.6128016049042344,,886.1
10689,-0.30000000000000004,0,4,3,1,0.6128016049042344,,886.2
10690,-4.300000000000001,0,4,3,1,0.6128016049042344,,886.3
10691,-4.300000000000001,0,4,3,1,0.6128016049042344,,886.3
10692,-4.300000000000001,0,4,3,1,0.6128016049042344,,886.3
10693,5.7,1,4,3,1,0.6128016049042344,,886.4
10694,-4.300000000000001,0,4,3,1,0.6128016049042344,,886.5
10695,-4.300000000000001,0,4,3,1,0.6128016049042344,,886.5
10696,-2.6,0,6,3,1,0.6128016049042344,,886.6
10697,-4.300000000000001,0,4,3,1,0.6128016049042344,,886.6
10698,-2.3000000000000003,0,4,3,1,0.6128016049042344,,886.7
10699,-2.3000000000000003,0,4,3,1,0.6128016049042344,,886.8
10700,-0.30000000000000004,0,4,3,1,0.6128016049042344,,886.9
10701,-4.300000000000001,0,4,3,1,0.6128016049042344,,886.9
10702,-4.300000000000001,0,4,3,1,0.6128016049042344,,886.9
10703,-2.3000000000000003,0,4,3,1,0.6128016049042344,,887.0
10704,-4.300000000000001,0,4,3,1,0.6128016049042344,,887.0
10705,-4.300000000000001,0,4,3,1,0.6128016049042344,,887.1
10706,-2.3000000000000003,0,4,3,1,0.6128016049042344,,887.2
10707,-4.300000000000001,0,4,3,1,0.6128016049042344,,887.3
10708,-4.300000000000001,0,4,3,1,0.6128016049042344,,887.3
10709,-1.6,0,6,3,1,0.6128016049042344,,887.4
10710,-4.300000000000001,0,4,3,1,0.6128016049042344,,887.4
10711,-4.300000000000001,0,4,3,1,0.6128016049042344,,887.5
10712,-4.300000000000001,0,4,3,1,0.6128016049042344,,887.6
10713,-2.3000000000000003,0,4,3,1,0.6128016049042344,,887.7
10714,-4.300000000000001,0,4,3,1,0.6128016049042344,,887.7
10715,-5.6000000000000005,0,6,3,1,0.6128016049042344,,887.8
10716,-2.3000000000000003,0,4,3,1,0.6128016049042344,,887.9
10717,-4.300000000000001,0,4,3,1,0.6128016049042344,,888.0
10718,-2.3000000000000003,0,4,3,1,0.6128016049042344,,888.0
10719,5.7,1,4,3,1,0.6128016049042344,,888.1
10720,-0.30000000000000004,0,4,3,1,0.6128016049042344,,888.2
10721,-4.300000000000001,0,4,3,1,0.6128016049042344,,888.2
10722,-4.300000000000001,0,4,3,1,0.6128016049042344,,888.3
10723,5.7,1,4,3,1,0.6128016049042344,,888.3
10724,-2.3000000000000003,0,4,3,1,0.6128016049042344,,888.4
10725,-4.300000000000001,0,4,3,1,0.6128016049042344,,888.5
10726,-0.30000000000000004,0,4,3,1,0.6128016049042344,,888.5
10727,-4.300000000000001,0,4,3,1,0.6128016049042344,,888.6
10728,-0.30000000000000004,0,4,3,1,0.6128016049042344,,888.6
10729,-2.3000000000000003,0,4,3,1,0.6128016049042344,,888.7
10730,-4.300000000000001,0,4,3,1,0.6128016049042344,,888.7
10731,5.4,1,6,3,1,0.6128016049042344,,888.8
10732,-3.6000000000000005,0,6,3,1,0.6128016049042344,,888.9
10733,-4.300000000000001,0,4,3,1,0.6128016049042344,,888.9
10734,-4.300000000000001,0,4,3,1,0.6128016049042344,,888.9
10735,-4.300000000000001,0,4,3,1,0.6128016049042344,,889.0
10736,-0.30000000000000004,0,4,3,1,0.6128016049042344,,889.0
10737,-4.300000000000001,0,4,3,1,0.6128016049042344,,889.1
10738,-4.300000000000001,0,4,3,1,0.6128016049042344,,889.1
10739,-4.300000000000001,0,4,3,1,0.6128016049042344,,889.2
10740,-0.30000000000000004,0,4,3,1,0.6128016049042344,,889.3
10741,-0.30000000000000004,0,4,3,1,0.6128016049042344,,889.3
10742,-4.300000000000001,0,4,3,1,0.6128016049042344,,889.3
10743,-4.300000000000001,0,4,3,1,0.6128016049042344,,889.4
10744,5.4,1,6,3,1,0.6128016049042344,,889.4
10745,-2.3000000000000003,0,4,3,1,0.6128016049042344,,889.5
10746,-4.300000000000001,0,4,3,1,0.6128016049042344,,889.6
10747,-2.3000000000000003,0,4,3,1,0.6128016049042344,,889.6
10748,-4.300000000000001,0,4,3,1,0.6128016049042344,,889.7
10749,-4.300000000000001,0,4,3,1,0.6128016049042344,,889.8
10750,-0.30000000000000004,0,4,3,1,0.6128016049042344,,889.9
10751,5.7,1,4,3,1,0.6128016049042344,,889.9
10752,-4.300000000000001,0,4,3,1,0.6128016049042344,,890.0
10753,-4.300000000000001,0,4,3,1,0.6128016049042344,,890.1
10754,-2.3000000000000003,0,4,3,1,0.6128016049042344,,890.2
10755,-4.6000000000000005,0,6,3,1,0.6128016049042344,,890.2
10756,-0.30000000000000004,0,4,3,1,0.6128016049042344,,890.3
10757,-2.6,0,6,3,1,0.6128016049042344,,890.4
10758,-2.3000000000000003,0,4,3,1,0.6128016049042344,,890.5
10759,-4.300000000000001,0,4,3,1,0.6128016049042344,,890.5
10760,-2.3000000000000003,0,4,3,1,0.6128016049042344,,890.6
10761,-2.3000000000000003,0,4,3,1,0.6128016049042344,,890.6
10762,-4.300000000000001,0,4,3,1,0.6128016049042344,,890.7
10763,-4.300000000000001,0,4,3,1,0.6128016049042344,,890.8
10764,-2.3000000000000003,0,4,3,1,0.6128016049042344,,890.9
10765,-4.300000000000001,0,4,3,1,0.6128016049042344,,890.9
10766,5.7,1,4,3,1,0.6128016049042344,,891.0
10767,-4.300000000000001,0,4,3,1,0.6128016049042344,,891.0
10768,-2.3000000000000003,0,4,3,1,0.6128016049042344,,891.1
10769,-4.300000000000001,0,4,3,1,0.6128016049042344,,891.2
10770,-4.300000000000001,0,4,3,1,0.6128016049042344,,891.2
10771,-0.30000000000000004,0,4,3,1,0.6128016049042344,,891.3
10772,-2.3000000000000003,0,4,3,1,0.6128016049042344,,891.3
10773,-4.300000000000001,0,4,3,1,0.6128016049042344,,891.3
10774,-4.300000000000001,0,4,3,1,0.6128016049042344,,891.4
10775,5.7,1,4,3,1,0.6128016049042344,,891.5
10776,-4.300000000000001,0,4,3,1,0.6128016049042344,,891.5
10777,-4.300000000000001,0,4,3,1,0.6128016049042344,,891.5
10778,-4.6000000000000005,0,6,3,1,0.6128016049042344,,891.6
10779,-4.300000000000001,0,4,3,1,0.6128016049042344,,891.7
10780,-0.6000000000000001,0,6,3,1,0.6128016049042344,,891.7
10781,-2.3000000000000003,0,4,3,1,0.6128016049042344,,891.8
10782,5.7,1,4,3,1,0.6128016049042344,,891.8
10783,-2.3000000000000003,0,4,3,1,0.6128016049042344,,891.9
10784,-4.300000000000001,0,4,3,1,0.6128016049042344,,892.0
10785,-2.3000000000000003,0,4,3,1,0.6128016049042344,,892.1
10786,-0.30000000000000004,0,4,3,1,0.6128016049042344,,892.1
10787,-0.30000000000000004,0,4,3,1,0.6128016049042344,,892.2
10788,5.7,1,4,3,1,0.6128016049042344,,892.3
10789,-2.3000000000000003,0,4,3,1,0.6128016049042344,,892.4
10790,-4.300000000000001,0,4,3,1,0.6128016049042344,,892.4
10791,-4.300000000000001,0,4,3,1,0.6128016049042344,,892.5
10792,-4.300000000000001,0,4,3,1,0.6128016049042344,,892.6
10793,-4.300000000000001,0,4,3,1,0.6128016049042344,,892.7
10794,-4.300000000000001,0,4,3,1,0.6128016049042344,,892.7
10795,-4.300000000000001,0,4,3,1,0.6128016049042344,,892.8
10796,-3.6000000000000005,0,6,3,1,0.6128016049042344,,892.8
10797,-4.300000000000001,0,4,3,1,0.6128016049042344,,892.9
10798,5.4,1,6,3,1,0.6128016049042344,,893.0
10799,-0.6000000000000001,0,6,3,1,0.6128016049042344,,893.0
10800,-4.300000000000001,0,4,3,1,0.6128016049042344,,893.1
10801,-2.3000000000000003,0,4,3,1,0.6128016049042344,,893.2
10802,-4.300000000000001,0,4,3,1,0.6128016049042344,,893.2
10803,-0.30000000000000004,0,4,3,1,0.6128016049042344,,893.3
10804,-0.30000000000000004,0,4,3,1,0.6128016049042344,,893.4
10805,5.7,1,4,3,1,0.6128016049042344,,893.4
10806,-0.30000000000000004,0,4,3,1,0.6128016049042344,,893.5
10807,-4.300000000000001,0,4,3,1,0.6128016049042344,,893.6
10808,-0.30000000000000004,0,4,3,1,0.6128016049042344,,893.6
10809,-4.300000000000001,0,4,3,1,0.6128016049042344,,893.6
10810,-2.3000000000000003,0,4,3,1,0.6128016049042344,,893.7
10811,-4.300000000000001,0,4,3,1,0.6128016049042344,,893.7
10812,5.7,1,4,3,1,0.6128016049042344,,893.8
10813,-4.300000000000001,0,4,3,1,0.6128016049042344,,893.8
10814,-4.300000000000001,0,4,3,1,0.6128016049042344,,893.9
10815,-0.30000000000000004,0,4,3,1,0.6128016049042344,,894.0
10816,-4.300000000000001,0,4,3,1,0.6128016049042344,,894.1
10817,-4.300000000000001,0,4,3,1,0.6128016049042344,,894.1
10818,-2.3000000000000003,0,4,3,1,0.6128016049042344,,894.2
10819,-4.300000000000001,0,4,3,1,0.6128016049042344,,894.2
10820,-4.300000000000001,0,4,3,1,0.6128016049042344,,894.3
10821,-2.3000000000000003,0,4,3,1,0.6128016049042344,,894.4
10822,-4.300000000000001,0,4,3,1,0.6128016049042344,,894.4
10823,-4.300000000000001,0,4,3,1,0.6128016049042344,,894.5
10824,-0.30000000000000004,0,4,3,1,0.6128016049042344,,894.6
10825,-4.300000000000001,0,4,3,1,0.6128016049042344,,894.6
10826,5.7,1,4,3,1,0.6128016049042344,,894.6
10827,-4.300000000000001,0,4,3,1,0.6128016049042344,,894.7
10828,-0.30000000000000004,0,4,3,1,0.6128016049042344,,894.7
10829,5.7,1,4,3,1,0.6128016049042344,,894.7
10830,-2.3000000000000003,0,4,3,1,0.6128016049042344,,894.8
10831,-2.3000000000000003,0,4,3,1,0.6128016049042344,,894.8
10832,-4.300000000000001,0,4,3,1,0.6128016049042344,,894.9
10833,-4.300000000000001,0,4,3,1,0.6128016049042344,,895.0
10834,-4.300000000000001,0,4,3,1,0.6128016049042344,,895.0
10835,-4.300000000000001,0,4,3,1,0.6128016049042344,,895.1
10836,4.1,1,8,3,1,0.6128016049042344,,895.1
10837,-4.300000000000001,0,4,3,1,0.6128016049042344,,895.2
10838,-0.30000000000000004,0,4,3,1,0.6128016049042344,,895.3
10839,-4.300000000000001,0,4,3,1,0.6128016049042344,,895.3
10840,5.7,1,4,3,1,0.6128016049042344,,895.4
10841,5.7,1,4,3,1,0.6128016049042344,,895.4
10842,5.7,1,4,3,1,0.6128016049042344,,895.4
10843,-4.300000000000001,0,4,3,1,0.6128016049042344,,895.5
10844,-4.300000000000001,0,4,3,1,0.6128016049042344,,895.5
10845,-4.300000000000001,0,4,3,1,0.6128016049042344,,895.6
10846,-4.300000000000001,0,4,3,1,0.6128016049042344,,895.7
10847,-4.6000000000000005,0,6,3,1,0.6128016049042344,,895.7
10848,-0.30000000000000004,0,4,3,1,0.6128016049042344,,895.8
10849,-4.300000000000001,0,4,3,1,0.6128016049042344,,895.9
10850,-2.3000000000000003,0,4,3,1,0.6128016049042344,,895.9
10851,-0.30000000000000004,0,4,3,1,0.6128016049042344,,896.0
10852,-4.300000000000001,0,4,3,1,0.6128016049042344,,896.1
10853,-4.300000000000001,0,4,3,1,0.6128016049042344,,896.1
10854,-4.6000000000000005,0,6,3,1,0.6128016049042344,,896.2
10855,-4.300000000000001,0,4,3,1,0.6128016049042344,,896.2
10856,-4.300000000000001,0,4,3,1,0.6128016049042344,,896.3
10857,-4.300000000000001,0,4,3,1,0.6128016049042344,,896.4
10858,5.7,1,4,3,1,0.6128016049042344,,896.5
10859,-0.6000000000000001,0,6,3,1,0.6128016049042344,,896.5
10860,-5.800000000000001,0,12,0,0,0.6128016049042344,,896.6
10861,-4.300000000000001,0,4,3,1,0.6128016049042344,,896.7
10862,-4.300000000000001,0,4,3,1,0.6128016049042344,,896.7
10863,-4.300000000000001,0,4,3,1,0.6128016049042344,,896.8
10864,4.4,1,6,3,1,0.6128016049042344,,896.9
10865,-4.300000000000001,0,4,3,1,0.6128016049042344,,897.0
10866,-2.3000000000000003,0,4,3,1,0.6128016049042344,,897.0
10867,-4.300000000000001,0,4,3,1,0.6128016049042344,,897.1
10868,5.7,1,4,3,1,0.6128016049042344,,897.1
10869,5.7,1,4,3,1,0.6128016049042344,,897.2
10870,-2.3000000000000003,0,4,3,1,0.6128016049042344,,897.2
10871,-4.300000000000001,0,4,3,1,0.6128016049042344,,897.3
10872,5.7,1,4,3,1,0.6128016049042344,,897.4
10873,-2.3000000000000003,0,4,3,1,0.6128016049042344,,897.4
10874,-4.300000000000001,0,4,3,1,0.6128016049042344,,897.5
10875,-3.6,0,6,3,1,0.6128016049042344,,897.6
10876,-0.30000000000000004,0,4,3,1,0.6128016049042344,,897.6
10877,-4.300000000000001,0,4,3,1,0.6128016049042344,,897.7
10878,-4.300000000000001,0,4,3,1,0.6128016049042344,,897.8
10879,-2.3000000000000003,0,4,3,1,0.6128016049042344,,897.9
10880,-4.300000000000001,0,4,3,1,0.6128016049042344,,897.9
10881,-4.300000000000001,0,4,3,1,0.6128016049042344,,898.0
10882,-4.300000000000001,0,4,3,1,0.6128016049042344,,898.0
10883,-4.300000000000001,0,4,3,1,0.6128016049042344,,898.1
10884,-2.3000000000000003,0,4,3,1,0.6128016049042344,,898.1
10885,-5.6000000000000005,0,6,3,1,0.6128016049042344,,898.2
10886,-2.3000000000000003,0,4,3,1,0.6128016049042344,,898.2
10887,-2.3000000000000003,0,4,3,1,0.6128016049042344,,898.3
10888,-2.3000000000000003,0,4,3,1,0.6128016049042344,,898.3
10889,-3.6,0,6,3,1,0.6128016049042344,,898.4
10890,-0.30000000000000004,0,4,3,1,0.6128016049042344,,898.5
10891,-2.3000000000000003,0,4,3,1,0.6128016049042344,,898.6
10892,5.7,1,4,3,1,0.6128016049042344,,898.6
10893,-4.300000000000001,0,4,3,1,0.6128016049042344,,898.7
10894,-0.30000000000000004,0,4,3,1,0.6128016049042344,,898.8
10895,5.7,1,4,3,1,0.6128016049042344,,898.8
10896,-4.300000000000001,0,4,3,1,0.6128016049042344,,898.9
10897,-4.300000000000001,0,4,3,1,0.6128016049042344,,898.9
10898,-4.300000000000001,0,4,3,1,0.6128016049042344,,899.0
10899,-4.300000000000001,0,4,3,1,0.6128016049042344,,899.1
10900,-1.6,0,6,3,1,0.6128016049042344,,899.1
10901,-4.300000000000001,0,4,3,1,0.6128016049042344,,899.2
10902,5.7,1,4,3,1,0.6128016049042344,,899.3
10903,-2.3000000000000003,0,4,3,1,0.6128016049042344,,899.3
10904,-4.300000000000001,0,4,3,1,0.6128016049042344,,899.4
10905,-4.300000000000001,0,4,3,1,0.6128016049042344,,899.5
10906,-2.3000000000000003,0,4,3,1,0.6128016049042344,,899.5
10907,-4.300000000000001,0,4,3,1,0.6128016049042344,,899.6
10908,-3.6,0,6,3,1,0.6128016049042344,,899.6
10909,-4.300000000000001,0,4,3,1,0.6128016049042344,,899.7
10910,-4.300000000000001,0,4,3,1,0.6128016049042344,,899.8
10911,-4.300000000000001,0,4,3,1,0.6128016049042344,,899.9
10912,-4.300000000000001,0,4,3,1,0.6128016049042344,,900.0
10913,-4.300000000000001,0,4,3,1,0.6128016049042344,,900.0
10914,-4.300000000000001,0,4,3,1,0.6128016049042344,,900.1
10915,-4.6,0,6,3,1,0.6128016049042344,,900.1
10916,-4.300000000000001,0,4,3,1,0.6128016049042344,,900.2
10917,-4.300000000000001,0,4,3,1,0.6128016049042344,,900.3
10918,-4.300000000000001,0,4,3,1,0.6128016049042344,,900.3
10919,-2.3000000000000003,0,4,3,1,0.6128016049042344,,900.4
10920,-4.300000000000001,0,4,3,1,0.5950068794190884,1.6800937133375555,901.0
10921,-4.300000000000001,0,4,3,1,0.5950068794190884,,901.1
10922,-2.3000000000000003,0,4,3,1,0.5950068794190884,,901.2
10923,5.7,1,4,3,1,0.5950068794190884,,901.2
10924,-4.300000000000001,0,4,3,1,0.5950068794190884,,901.3
10925,-4.300000000000001,0,4,3,1,0.5950068794190884,,901.4
10926,-4.300000000000001,0,4,3,1,0.5950068794190884,,901.4
10927,-2.3000000000000003,0,4,3,1,0.5950068794190884,,901.4
10928,-3.6,0,6,3,1,0.5950068794190884,,901.5
10929,-0.30000000000000004,0,4,3,1,0.5950068794190884,,901.5
10930,-4.300000000000001,0,4,3,1,0.5950068794190884,,901.6
10931,5.7,1,4,3,1,0.5950068794190884,,901.6
10932,5.7,1,4,3,1,0.5950068794190884,,901.7
10933,5.7,1,4,3,1,0.5950068794190884,,901.8
10934,-2.3000000000000003,0,4,3,1,0.5950068794190884,,901.9
10935,-4.300000000000001,0,4,3,1,0.5950068794190884,,902.0
10936,-4.300000000000001,0,4,3,1,0.5950068794190884,,902.1
10937,-4.300000000000001,0,4,3,1,0.5950068794190884,,902.1
10938,-4.300000000000001,0,4,3,1,0.5950068794190884,,902.2
10939,-0.30000000000000004,0,4,3,1,0.5950068794190884,,902.2
10940,-4.300000000000001,0,4,3,1,0.5950068794190884,,902.3
10941,-4.300000000000001,0,4,3,1,0.5950068794190884,,902.4
10942,-2.3000000000000003,0,4,3,1,0.5950068794190884,,902.4
10943,-0.30000000000000004,0,4,3,1,0.5950068794190884,,902.5
10944,-4.300000000000001,0,4,3,1,0.5950068794190884,,902.5
10945,-4.300000000000001,0,4,3,1,0.5950068794190884,,902.6
10946,-4.300000000000001,0,4,3,1,0.5950068794190884,,902.7
10947,-4.300000000000001,0,4,3,1,0.5950068794190884,,902.8
10948,5.7,1,4,3,1,0.5950068794190884,,902.8
10949,-4.300000000000001,0,4,3,1,0.5950068794190884,,902.9
10950,5.7,1,4,3,1,0.5950068794190884,,903.0
10951,-4.300000000000001,0,4,3,1,0.5950068794190884,,903.0
10952,-2.3000000000000003,0,4,3,1,0.5950068794190884,,903.1
10953,-4.300000000000001,0,4,3,1,0.5950068794190884,,903.1
10954,-0.30000000000000004,0,4,3,1,0.5950068794190884,,903.2
10955,-1.6,0,6,3,1,0.5950068794190884,,903.2
10956,5.7,1,4,3,1,0.5950068794190884,,903.3
10957,-4.300000000000001,0,4,3,1,0.5950068794190884,,903.4
10958,-0.30000000000000004,0,4,3,1,0.5950068794190884,,903.4
10959,-4.300000000000001,0,4,3,1,0.5950068794190884,,903.5
10960,-4.300000000000001,0,4,3,1,0.5950068794190884,,903.6
10961,-4.300000000000001,0,4,3,1,0.5950068794190884,,903.7
10962,-4.300000000000001,0,4,3,1,0.5950068794190884,,903.7
10963,-4.300000000000001,0,4,3,1,0.5950068794190884,,903.8
10964,-4.300000000000001,0,4,3,1,0.5950068794190884,,903.9
10965,5.7,1,4,3,1,0.5950068794190884,,903.9
10966,5.7,1,4,3,1,0.5950068794190884,,904.0
10967,-2.3000000000000003,0,4,3,1,0.5950068794190884,,904.0
10968,-2.3000000000000003,0,4,3,1,0.5950068794190884,,904.1
10969,-0.30000000000000004,0,4,3,1,0.5950068794190884,,904.2
10970,-4.300000000000001,0,4,3,1,0.5950068794190884,,904.2
10971,-4.300000000000001,0,4,3,1,0.5950068794190884,,904.3
10972,5.7,1,4,3,1,0.5950068794190884,,904.3
10973,-4.300000000000001,0,4,3,1,0.5950068794190884,,904.4
10974,5.7,1,4,3,1,0.5950068794190884,,904.4
10975,-4.300000000000001,0,4,3,1,0.5950068794190884,,904.5
10976,-0.6000000000000001,0,6,3,1,0.5950068794190884,,904.5
10977,-4.300000000000001,0,4,3,1,0.5950068794190884,,904.6
10978,-2.3000000000000003,0,4,3,1,0.5950068794190884,,904.6
10979,-4.300000000000001,0,4,3,1,0.5950068794190884,,904.6
10980,-2.3000000000000003,0,4,3,1,0.5950068794190884,,904.7
10981,-4.300000000000001,0,4,3,1,0.5950068794190884,,904.7
10982,-4.300000000000001,0,4,3,1,0.5950068794190884,,904.8
10983,-0.30000000000000004,0,4,3,1,0.5950068794190884,,904.8
10984,-4.300000000000001,0,4,3,1,0.5950068794190884,,904.9
10985,-0.30000000000000004,0,4,3,1,0.5950068794190884,,905.0
10986,-4.300000000000001,0,4,3,1,0.5950068794190884,,905.0
10987,-4.300000000000001,0,4,3,1,0.5950068794190884,,905.1
10988,-4.300000000000001,0,4,3,1,0.5950068794190884,,905.1
10989,-4.300000000000001,0,4,3,1,0.5950068794190884,,905.2
10990,-2.3000000000000003,0,4,3,1,0.5950068794190884,,905.3
10991,-4.300000000000001,0,4,3,1,0.5950068794190884,,905.4
10992,-2.6,0,6,3,1,0.5950068794190884,,905.4
10993,-4.300000000000001,0,4,3,1,0.5950068794190884,,905.4
10994,-2.3000000000000003,0,4,3,1,0.5950068794190884,,905.5
10995,-0.30000000000000004,0,4,3,1,0.5950068794190884,,905.5
10996,-4.300000000000001,0,4,3,1,0.5950068794190884,,905.6
10997,-4.9,0,8,3,1,0.5950068794190884,,905.7
10998,-2.3000000000000003,0,4,3,1,0.5950068794190884,,905.7
10999,-4.300000000000001,0,4,3,1,0.5950068794190884,,905.7
11000,5.7,1,4,3,1,0.5950068794190884,,905.8
11001,-0.30000000000000004,0,4,3,1,0.5950068794190884,,910.6
11002,-4.300000000000001,0,4,3,1,0.5950068794190884,,910.7
11003,-2.3000000000000003,0,4,3,1,0.5950068794190884,,910.7
11004,-2.3000000000000003,0,4,3,1,0.5950068794190884,,910.7
11005,-0.30000000000000004,0,4,3,1,0.5950068794190884,,910.8
11006,-4.300000000000001,0,4,3,1,0.5950068794190884,,910.9
11007,-4.300000000000001,0,4,3,1,0.5950068794190884,,910.9
11008,-4.300000000000001,0,4,3,1,0.5950068794190884,,911.0
11009,-4.300000000000001,0,4,3,1,0.5950068794190884,,911.0
11010,-0.30000000000000004,0,4,3,1,0.5950068794190884,,911.0
11011,-0.30000000000000004,0,4,3,1,0.5950068794190884,,911.1
11012,-4.300000000000001,0,4,3,1,0.5950068794190884,,911.2
11013,-4.6000000000000005,0,6,3,1,0.5950068794190884,,911.2
11014,5.7,1,4,3,1,0.5950068794190884,,911.3
11015,-2.3000000000000003,0,4,3,1,0.5950068794190884,,911.3
11016,5.7,1,4,3,1,0.5950068794190884,,911.4
11017,-2.3000000000000003,0,4,3,1,0.5950068794190884,,911.4
11018,-2.3000000000000003,0,4,3,1,0.5950068794190884,,911.5
11019,-4.300000000000001,0,4,3,1,0.5950068794190884,,911.6
11020,-4.300000000000001,0,4,3,1,0.5950068794190884,,911.6
11021,5.7,1,4,3,1,0.5950068794190884,,911.7
11022,4.4,1,6,3,1,0.5950068794190884,,911.7
11023,-0.30000000000000004,0,4,3,1,0.5950068794190884,,911.8
11024,-5.4,0,5,4,1,0.5950068794190884,,911.9
11025,5.7,1,4,3,1,0.5950068794190884,,911.9
11026,-3.4000000000000004,0,5,4,1,0.5950068794190884,,912.0
11027,-2.3000000000000003,0,4,3,1,0.5950068794190884,,912.0
11028,-5.6000000000000005,0,6,3,1,0.5950068794190884,,912.1
11029,-4.300000000000001,0,4,3,1,0.5950068794190884,,912.2
11030,-2.3000000000000003,0,4,3,1,0.5950068794190884,,912.3
11031,5.7,1,4,3,1,0.5950068794190884,,912.3
11032,-2.3000000000000003,0,4,3,1,0.5950068794190884,,912.4
11033,-4.300000000000001,0,4,3,1,0.5950068794190884,,912.5
11034,-3.4000000000000004,0,5,4,1,0.5950068794190884,,912.5
11035,5.7,1,4,3,1,0.5950068794190884,,912.6
11036,-4.300000000000001,0,4,3,1,0.5950068794190884,,912.7
11037,-5.6000000000000005,0,6,3,1,0.5950068794190884,,912.8
11038,-4.300000000000001,0,4,3,1,0.5950068794190884,,912.8
11039,5.7,1,4,3,1,0.5950068794190884,,912.9
11040,5.7,1,4,3,1,0.5950068794190884,,912.9
11041,5.7,1,4,3,1,0.5950068794190884,,913.0
11042,-2.3000000000000003,0,4,3,1,0.5950068794190884,,913.0
11043,-2.3000000000000003,0,4,3,1,0.5950068794190884,,913.1
11044,5.7,1,4,3,1,0.5950068794190884,,913.2
11045,-4.300000000000001,0,4,3,1,0.5950068794190884,,913.2
11046,-4.300000000000001,0,4,3,1,0.5950068794190884,,913.3
11047,-3.6,0,6,3,1,0.5950068794190884,,913.4
11048,-2.3000000000000003,0,4,3,1,0.5950068794190884,,913.5
11049,-4.300000000000001,0,4,3,1,0.5950068794190884,,913.6
11050,-4.300000000000001,0,4,3,1,0.5950068794190884,,913.6
11051,-2.3000000000000003,0,4,3,1,0.5950068794190884,,913.7
11052,-4.300000000000001,0,4,3,1,0.5950068794190884,,913.7
11053,-4.300000000000001,0,4,3,1,0.5950068794190884,,913.7
11054,-4.300000000000001,0,4,3,1,0.5950068794190884,,913.8
11055,-4.300000000000001,0,4,3,1,0.5950068794190884,,913.8
11056,-4.300000000000001,0,4,3,1,0.5950068794190884,,913.9
11057,-2.3000000000000003,0,4,3,1,0.5950068794190884,,914.0
11058,5.7,1,4,3,1,0.5950068794190884,,914.0
11059,4.1,1,8,3,1,0.5950068794190884,,914.1
11060,5.7,1,4,3,1,0.5950068794190884,,914.2
11061,-0.30000000000000004,0,4,3,1,0.5950068794190884,,914.2
11062,-1.4000000000000001,0,5,4,1,0.5950068794190884,,914.3
11063,5.7,1,4,3,1,0.5950068794190884,,914.4
11064,-4.300000000000001,0,4,3,1,0.5950068794190884,,914.4
11065,5.7,1,4,3,1,0.5950068794190884,,914.5
11066,-4.300000000000001,0,4,3,1,0.5950068794190884,,914.5
11067,5.7,1,4,3,1,0.5950068794190884,,914.6
11068,-4.300000000000001,0,4,3,1,0.5950068794190884,,914.6
11069,-4.300000000000001,0,4,3,1,0.5950068794190884,,914.7
11070,-4.300000000000001,0,4,3,1,0.5950068794190884,,914.7
11071,-4.300000000000001,0,4,3,1,0.5950068794190884,,914.8
11072,5.7,1,4,3,1,0.5950068794190884,,914.8
11073,-4.300000000000001,0,4,3,1,0.5950068794190884,,914.9
11074,-3.6,0,6,3,1,0.5950068794190884,,915.0
11075,-4.300000000000001,0,4,3,1,0.5950068794190884,,915.1
11076,-4.300000000000001,0,4,3,1,0.5950068794190884,,915.2
11077,-4.300000000000001,0,4,3,1,0.5950068794190884,,915.2
11078,-4.300000000000001,0,4,3,1,0.5950068794190884,,915.2
11079,-4.300000000000001,0,4,3,1,0.5950068794190884,,915.3
11080,-4.300000000000001,0,4,3,1,0.5950068794190884,,915.4
11081,-4.300000000000001,0,4,3,1,0.5950068794190884,,915.4
11082,-2.3000000000000003,0,4,3,1,0.5950068794190884,,915.5
11083,5.7,1,4,3,1,0.5950068794190884,,915.5
11084,-4.300000000000001,0,4,3,1,0.5950068794190884,,915.6
11085,-4.300000000000001,0,4,3,1,0.5950068794190884,,915.6
11086,-4.300000000000001,0,4,3,1,0.5950068794190884,,915.7
11087,-4.300000000000001,0,4,3,1,0.5950068794190884,,915.8
11088,-4.6,0,6,3,1,0.5950068794190884,,915.8
11089,-4.300000000000001,0,4,3,1,0.5950068794190884,,915.8
11090,-4.300000000000001,0,4,3,1,0.5950068794190884,,915.9
11091,5.4,1,6,3,1,0.5950068794190884,,916.0
11092,-0.30000000000000004,0,4,3,1,0.5950068794190884,,916.0
11093,-4.300000000000001,0,4,3,1,0.5950068794190884,,916.1
11094,5.7,1,4,3,1,0.5950068794190884,,916.1
11095,-4.6000000000000005,0,6,3,1,0.5950068794190884,,916.1
11096,-2.3000000000000003,0,4,3,1,0.5950068794190884,,916.2
11097,-4.300000000000001,0,4,3,1,0.5950068794190884,,916.3
11098,-4.300000000000001,0,4,3,1,0.5950068794190884,,916.4
11099,-2.3000000000000003,0,4,3,1,0.5950068794190884,,916.4
11100,-0.30000000000000004,0,4,3,1,0.5950068794190884,,916.5
11101,-4.300000000000001,0,4,3,1,0.5950068794190884,,916.6
11102,-2.3000000000000003,0,4,3,1,0.5950068794190884,,916.6
11103,-0.30000000000000004,0,4,3,1,0.5950068794190884,,916.7
11104,-2.3000000000000003,0,4,3,1,0.5950068794190884,,916.8
11105,-2.3000000000000003,0,4,3,1,0.5950068794190884,,916.9
11106,-2.3000000000000003,0,4,3,1,0.5950068794190884,,916.9
11107,-4.300000000000001,0,4,3,1,0.5950068794190884,,917.0
11108,5.7,1,4,3,1,0.5950068794190884,,917.1
11109,-2.3000000000000003,0,4,3,1,0.5950068794190884,,917.1
11110,-4.300000000000001,0,4,3,1,0.5950068794190884,,917.2
11111,5.7,1,4,3,1,0.5950068794190884,,917.2
11112,5.7,1,4,3,1,0.5950068794190884,,917.3
11113,5.7,1,4,3,1,0.5950068794190884,,917.3
11114,5.7,1,4,3,1,0.5950068794190884,,917.4
11115,-4.300000000000001,0,4,3,1,0.5950068794190884,,917.4
11116,-4.300000000000001,0,4,3,1,0.5950068794190884,,917.5
11117,-4.300000000000001,0,4,3,1,0.5950068794190884,,917.5
11118,-0.30000000000000004,0,4,3,1,0.5950068794190884,,917.6
11119,5.7,1,4,3,1,0.5950068794190884,,917.7
11120,-4.300000000000001,0,4,3,1,0.5950068794190884,,917.7
11121,-4.300000000000001,0,4,3,1,0.5950068794190884,,917.8
11122,-5.4,0,5,4,1,0.5950068794190884,,917.9
11123,-2.3000000000000003,0,4,3,1,0.5950068794190884,,918.0
11124,-2.3000000000000003,0,4,3,1,0.5950068794190884,,918.0
11125,-2.3000000000000003,0,4,3,1,0.5950068794190884,,918.1
11126,-4.300000000000001,0,4,3,1,0.5950068794190884,,918.2
11127,-4.300000000000001,0,4,3,1,0.5950068794190884,,918.2
11128,-0.30000000000000004,0,4,3,1,0.5950068794190884,,918.3
11129,-2.3000000000000003,0,4,3,1,0.5950068794190884,,918.3
11130,-4.300000000000001,0,4,3,1,0.5950068794190884,,918.4
11131,-4.300000000000001,0,4,3,1,0.5950068794190884,,918.5
11132,-4.300000000000001,0,4,3,1,0.5950068794190884,,918.5
11133,-4.6000000000000005,0,6,3,1,0.5950068794190884,,918.6
11134,-2.3000000000000003,0,4,3,1,0.5950068794190884,,918.6
11135,-4.300000000000001,0,4,3,1,0.5950068794190884,,918.7
11136,-4.6,0,6,3,1,0.5950068794190884,,918.8
11137,5.7,1,4,3,1,0.5950068794190884,,918.8
11138,-4.300000000000001,0,4,3,1,0.5950068794190884,,918.9
11139,5.7,1,4,3,1,0.5950068794190884,,918.9
11140,-4.300000000000001,0,4,3,1,0.5950068794190884,,919.0
11141,-0.6000000000000001,0,6,3,1,0.5950068794190884,,919.0
11142,-2.3000000000000003,0,4,3,1,0.5950068794190884,,919.1
11143,-2.3000000000000003,0,4,3,1,0.5950068794190884,,919.1
11144,5.7,1,4,3,1,0.5950068794190884,,919.2
11145,-4.300000000000001,0,4,3,1,0.5950068794190884,,919.2
11146,-4.300000000000001,0,4,3,1,0.5950068794190884,,919.3
11147,-4.300000000000001,0,4,3,1,0.5950068794190884,,919.4
11148,-4.300000000000001,0,4,3,1,0.5950068794190884,,919.5
11149,-4.300000000000001,0,4,3,1,0.5950068794190884,,919.5
11150,5.7,1,4,3,1,0.5950068794190884,,919.6
11151,-4.300000000000001,0,4,3,1,0.5950068794190884,,919.6
11152,-2.3000000000000003,0,4,3,1,0.5950068794190884,,919.7
11153,5.7,1,4,3,1,0.5950068794190884,,919.8
11154,-4.300000000000001,0,4,3,1,0.5950068794190884,,919.9
11155,5.7,1,4,3,1,0.5950068794190884,,919.9
11156,-0.30000000000000004,0,4,3,1,0.5950068794190884,,919.9
11157,5.7,1,4,3,1,0.5950068794190884,,919.9
11158,-4.300000000000001,0,4,3,1,0.5950068794190884,,920.0
11159,-4.300000000000001,0,4,3,1,0.5950068794190884,,920.1
11160,5.7,1,4,3,1,0.5950068794190884,,920.2
11161,5.7,1,4,3,1,0.5950068794190884,,920.2
11162,-4.300000000000001,0,4,3,1,0.5950068794190884,,920.2
11163,-4.300000000000001,0,4,3,1,0.5950068794190884,,920.3
11164,-4.300000000000001,0,4,3,1,0.5950068794190884,,920.4
11165,-4.300000000000001,0,4,3,1,0.5950068794190884,,920.4
11166,-4.300000000000001,0,4,3,1,0.5950068794190884,,920.5
11167,-4.300000000000001,0,4,3,1,0.5950068794190884,,920.6
11168,5.7,1,4,3,1,0.5950068794190884,,920.6
11169,-4.300000000000001,0,4,3,1,0.5950068794190884,,920.7
11170,-4.300000000000001,0,4,3,1,0.5950068794190884,,920.8
11171,-4.300000000000001,0,4,3,1,0.5950068794190884,,920.8
11172,5.7,1,4,3,1,0.5950068794190884,,920.9
11173,5.7,1,4,3,1,0.5950068794190884,,920.9
11174,-2.3000000000000003,0,4,3,1,0.5950068794190884,,921.0
11175,-5.6000000000000005,0,6,3,1,0.5950068794190884,,921.1
11176,-4.300000000000001,0,4,3,1,0.5950068794190884,,921.1
11177,-4.300000000000001,0,4,3,1,0.5950068794190884,,921.2
11178,5.4,1,6,3,1,0.5950068794190884,,921.2
11179,-4.300000000000001,0,4,3,1,0.5950068794190884,,921.3
11180,-4.300000000000001,0,4,3,1,0.5950068794190884,,921.4
11181,-4.7,0,7,4,1,0.5950068794190884,,921.5
11182,-2.3000000000000003,0,4,3,1,0.5950068794190884,,921.5
11183,-2.3000000000000003,0,4,3,1,0.5950068794190884,,921.6
11184,-4.300000000000001,0,4,3,1,0.5950068794190884,,921.7
11185,-0.30000000000000004,0,4,3,1,0.5950068794190884,,921.7
11186,-4.300000000000001,0,4,3,1,0.5950068794190884,,921.8
11187,-2.3000000000000003,0,4,3,1,0.5950068794190884,,921.9
11188,-0.30000000000000004,0,4,3,1,0.5950068794190884,,921.9
11189,-4.300000000000001,0,4,3,1,0.5950068794190884,,922.0
11190,-2.3000000000000003,0,4,3,1,0.5950068794190884,,922.0
11191,-4.300000000000001,0,4,3,1,0.5950068794190884,,922.1
11192,-3.6,0,6,3,1,0.5950068794190884,,922.1
11193,-2.3000000000000003,0,4,3,1,0.5950068794190884,,922.1
11194,-0.30000000000000004,0,4,3,1,0.5950068794190884,,922.2
11195,-2.3000000000000003,0,4,3,1,0.5950068794190884,,922.3
11196,-4.300000000000001,0,4,3,1,0.5950068794190884,,922.3
11197,-0.30000000000000004,0,4,3,1,0.5950068794190884,,922.4
11198,-2.3000000000000003,0,4,3,1,0.5950068794190884,,922.5
11199,-4.300000000000001,0,4,3,1,0.5950068794190884,,922.6
11200,-4.300000000000001,0,4,3,1,0.5950068794190884,,922.6
11201,-4.300000000000001,0,4,3,1,0.5950068794190884,,922.7
11202,5.7,1,4,3,1,0.5950068794190884,,922.8
11203,-4.300000000000001,0,4,3,1,0.5950068794190884,,922.8
11204,5.7,1,4,3,1,0.5950068794190884,,922.9
11205,-4.300000000000001,0,4,3,1,0.5950068794190884,,923.0
11206,-2.3000000000000003,0,4,3,1,0.5950068794190884,,923.0
11207,-4.300000000000001,0,4,3,1,0.5950068794190884,,923.1
11208,-3.6,0,6,3,1,0.5950068794190884,,923.2
11209,-4.300000000000001,0,4,3,1,0.5950068794190884,,923.2
11210,-2.3000000000000003,0,4,3,1,0.5950068794190884,,923.3
11211,-0.30000000000000004,0,4,3,1,0.5950068794190884,,923.3
11212,-4.300000000000001,0,4,3,1,0.5950068794190884,,923.4
11213,-4.300000000000001,0,4,3,1,0.5950068794190884,,923.5
11214,-5.4,0,5,4,1,0.5950068794190884,,923.5
11215,-2.3000000000000003,0,4,3,1,0.5950068794190884,,923.6
11216,-4.6000000000000005,0,6,3,1,0.5950068794190884,,923.7
11217,-4.300000000000001,0,4,3,1,0.5950068794190884,,923.7
11218,5.7,1,4,3,1,0.5950068794190884,,923.8
11219,-4.300000000000001,0,4,3,1,0.5950068794190884,,923.9
11220,-4.300000000000001,0,4,3,1,0.5950068794190884,,923.9
11221,-0.30000000000000004,0,4,3,1,0.5950068794190884,,924.0
11222,-2.6,0,6,3,1,0.5950068794190884,,924.1
11223,-4.300000000000001,0,4,3,1,0.5950068794190884,,924.1
11224,-4.300000000000001,0,4,3,1,0.5950068794190884,,924.2
11225,-4.300000000000001,0,4,3,1,0.5950068794190884,,924.3
11226,-4.300000000000001,0,4,3,1,0.5950068794190884,,924.4
11227,-5.4,0,5,4,1,0.5950068794190884,,924.4
11228,-2.3000000000000003,0,4,3,1,0.5950068794190884,,924.5
11229,-4.300000000000001,0,4,3,1,0.5950068794190884,,924.5
11230,5.7,1,4,3,1,0.5950068794190884,,924.6
11231,-2.3000000000000003,0,4,3,1,0.5950068794190884,,924.7
11232,-4.300000000000001,0,4,3,1,0.5950068794190884,,924.7
11233,-2.3000000000000003,0,4,3,1,0.5950068794190884,,924.7
11234,-2.3000000000000003,0,4,3,1,0.5950068794190884,,924.8
11235,-4.300000000000001,0,4,3,1,0.5950068794190884,,924.9
11236,5.7,1,4,3,1,0.5950068794190884,,924.9
11237,5.7,1,4,3,1,0.5950068794190884,,925.0
11238,-4.300000000000001,0,4,3,1,0.5950068794190884,,925.1
11239,-4.300000000000001,0,4,3,1,0.5950068794190884,,925.1
11240,-4.300000000000001,0,4,3,1,0.5950068794190884,,925.2
11241,-0.30000000000000004,0,4,3,1,0.5950068794190884,,925.3
11242,-0.30000000000000004,0,4,3,1,0.5950068794190884,,925.3
11243,-4.300000000000001,0,4,3,1,0.5950068794190884,,925.4
11244,-4.6000000000000005,0,6,3,1,0.5950068794190884,,925.4
11245,5.4,1,6,3,1,0.5950068794190884,,925.5
11246,-4.6,0,6,3,1,0.5950068794190884,,925.6
11247,-4.300000000000001,0,4,3,1,0.5950068794190884,,925.6
11248,-4.300000000000001,0,4,3,1,0.5950068794190884,,925.6
11249,-4.300000000000001,0,4,3,1,0.5950068794190884,,925.7
11250,-0.6000000000000001,0,6,3,1,0.5950068794190884,,925.7
11251,-3.6000000000000005,0,6,3,1,0.5950068794190884,,925.8
11252,-2.3000000000000003,0,4,3,1,0.5950068794190884,,925.8
11253,-2.3000000000000003,0,4,3,1,0.5950068794190884,,925.9
11254,-4.300000000000001,0,4,3,1,0.5950068794190884,,926.0
11255,-4.300000000000001,0,4,3,1,0.5950068794190884,,926.1
11256,-0.30000000000000004,0,4,3,1,0.5950068794190884,,926.2
11257,-2.3000000000000003,0,4,3,1,0.5950068794190884,,926.2
11258,-4.6,0,6,3,1,0.5950068794190884,,926.3
11259,-0.30000000000000004,0,4,3,1,0.5950068794190884,,926.4
11260,-0.30000000000000004,0,4,3,1,0.5950068794190884,,926.4
11261,-4.300000000000001,0,4,3,1,0.5950068794190884,,926.4
11262,-4.300000000000001,0,4,3,1,0.5950068794190884,,926.5
11263,-4.300000000000001,0,4,3,1,0.5950068794190884,,926.6
11264,5.4,1,6,3,1,0.5950068794190884,,926.6
11265,5.7,1,4,3,1,0.5950068794190884,,926.6
11266,5.7,1,4,3,1,0.5950068794190884,,926.7
11267,-4.300000000000001,0,4,3,1,0.5950068794190884,,926.8
11268,-4.300000000000001,0,4,3,1,0.5950068794190884,,926.9
11269,-4.300000000000001,0,4,3,1,0.5950068794190884,,927.0
11270,-4.300000000000001,0,4,3,1,0.5950068794190884,,927.0
11271,-0.30000000000000004,0,4,3,1,0.5950068794190884,,927.1
11272,5.7,1,4,3,1,0.5950068794190884,,927.2
11273,-0.30000000000000004,0,4,3,1,0.5950068794190884,,927.3
11274,-2.3000000000000003,0,4,3,1,0.5950068794190884,,927.4
11275,-4.300000000000001,0,4,3,1,0.5950068794190884,,927.4
11276,5.7,1,4,3,1,0.5950068794190884,,927.5
11277,-4.300000000000001,0,4,3,1,0.5950068794190884,,927.6
11278,-0.30000000000000004,0,4,3,1,0.5950068794190884,,927.6
11279,-4.300000000000001,0,4,3,1,0.5950068794190884,,927.7
11280,-4.300000000000001,0,4,3,1,0.5950068794190884,,927.8
11281,-4.300000000000001,0,4,3,1,0.5950068794190884,,927.8
11282,-4.300000000000001,0,4,3,1,0.5950068794190884,,927.9
11283,-4.300000000000001,0,4,3,1,0.5950068794190884,,927.9
11284,5.7,1,4,3,1,0.5950068794190884,,928.0
11285,-4.300000000000001,0,4,3,1,0.5950068794190884,,928.1
11286,-4.300000000000001,0,4,3,1,0.5950068794190884,,928.1
11287,-4.300000000000001,0,4,3,1,0.5950068794190884,,928.2
11288,-2.3000000000000003,0,4,3,1,0.5950068794190884,,928.3
11289,-4.300000000000001,0,4,3,1,0.5950068794190884,,928.3
11290,-2.3000000000000003,0,4,3,1,0.5950068794190884,,928.3
11291,5.7,1,4,3,1,0.5950068794190884,,928.4
11292,-4.300000000000001,0,4,3,1,0.5950068794190884,,928.5
11293,-4.300000000000001,0,4,3,1,0.5950068794190884,,928.5
11294,-2.3000000000000003,0,4,3,1,0.5950068794190884,,928.5
11295,-0.30000000000000004,0,4,3,1,0.5950068794190884,,928.6
11296,-4.300000000000001,0,4,3,1,0.5950068794190884,,928.6
11297,-4.300000000000001,0,4,3,1,0.5950068794190884,,928.7
11298,-4.300000000000001,0,4,3,1,0.5950068794190884,,928.7
11299,-4.300000000000001,0,4,3,1,0.5950068794190884,,928.8
11300,5.7,1,4,3,1,0.5950068794190884,,928.9
11301,-4.300000000000001,0,4,3,1,0.5950068794190884,,928.9
11302,-2.3000000000000003,0,4,3,1,0.5950068794190884,,928.9
11303,-0.30000000000000004,0,4,3,1,0.5950068794190884,,929.0
11304,-4.300000000000001,0,4,3,1,0.5950068794190884,,929.1
11305,-4.300000000000001,0,4,3,1,0.5950068794190884,,929.1
11306,-5.6000000000000005,0,6,3,1,0.5950068794190884,,929.1
11307,-3.6000000000000005,0,6,3,1,0.5950068794190884,,929.2
11308,5.7,1,4,3,1,0.5950068794190884,,929.3
11309,-0.30000000000000004,0,4,3,1,0.5950068794190884,,929.3
11310,-4.300000000000001,0,4,3,1,0.5950068794190884,,929.4
11311,-4.300000000000001,0,4,3,1,0.5950068794190884,,929.4
11312,-4.6,0,6,3,1,0.5950068794190884,,929.5
11313,-2.3000000000000003,0,4,3,1,0.5950068794190884,,929.6
11314,5.7,1,4,3,1,0.5950068794190884,,929.6
11315,-3.8000000000000003,0,12,0,0,0.5950068794190884,,929.7
11316,-4.300000000000001,0,4,3,1,0.5950068794190884,,929.7
11317,-4.300000000000001,0,4,3,1,0.5950068794190884,,929.8
11318,-4.300000000000001,0,4,3,1,0.5950068794190884,,929.9
11319,-2.3000000000000003,0,4,3,1,0.5950068794190884,,929.9
11320,-4.300000000000001,0,4,3,1,0.5950068794190884,,930.0
11321,-5.6000000000000005,0,6,3,1,0.5950068794190884,,930.0
11322,5.7,1,4,3,1,0.5950068794190884,,930.1
11323,-4.300000000000001,0,4,3,1,0.5950068794190884,,930.2
11324,-0.30000000000000004,0,4,3,1,0.5950068794190884,,930.2
11325,5.7,1,4,3,1,0.5950068794190884,,930.2
11326,-4.300000000000001,0,4,3,1,0.5950068794190884,,930.3
11327,-2.3000000000000003,0,4,3,1,0.5950068794190884,,930.4
11328,-0.30000000000000004,0,4,3,1,0.5950068794190884,,930.4
11329,-1.9000000000000001,0,8,3,1,0.5950068794190884,,930.4
11330,-4.300000000000001,0,4,3,1,0.5950068794190884,,930.5
11331,5.7,1,4,3,1,0.5950068794190884,,930.5
11332,5.7,1,4,3,1,0.5950068794190884,,930.6
11333,-4.300000000000001,0,4,3,1,0.5950068794190884,,930.7
11334,-2.3000000000000003,0,4,3,1,0.5950068794190884,,930.7
11335,5.7,1,4,3,1,0.5950068794190884,,930.8
11336,-0.30000000000000004,0,4,3,1,0.5950068794190884,,930.9
11337,-4.300000000000001,0,4,3,1,0.5950068794190884,,930.9
11338,-1.6,0,6,3,1,0.5950068794190884,,931.0
11339,5.7,1,4,3,1,0.5950068794190884,,931.1
11340,-1.4000000000000001,0,5,4,1,0.5950068794190884,,931.1
11341,-0.30000000000000004,0,4,3,1,0.5950068794190884,,931.2
11342,-4.300000000000001,0,4,3,1,0.5950068794190884,,931.2
11343,-4.300000000000001,0,4,3,1,0.5950068794190884,,931.3
11344,-4.300000000000001,0,4,3,1,0.5950068794190884,,931.4
11345,-4.300000000000001,0,4,3,1,0.5950068794190884,,931.4
11346,-4.300000000000001,0,4,3,1,0.5950068794190884,,931.5
11347,-0.30000000000000004,0,4,3,1,0.5950068794190884,,931.5
11348,-0.30000000000000004,0,4,3,1,0.5950068794190884,,931.6
11349,-2.3000000000000003,0,4,3,1,0.5950068794190884,,931.6
11350,-4.300000000000001,0,4,3,1,0.5950068794190884,,931.8
11351,-4.300000000000001,0,4,3,1,0.5950068794190884,,931.8
11352,5.7,1,4,3,1,0.5950068794190884,,931.9
11353,-4.300000000000001,0,4,3,1,0.5950068794190884,,932.0
11354,5.7,1,4,3,1,0.5950068794190884,,932.0
11355,-4.300000000000001,0,4,3,1,0.5950068794190884,,932.1
11356,-4.300000000000001,0,4,3,1,0.5950068794190884,,932.1
11357,-2.6,0,6,3,1,0.5950068794190884,,932.2
11358,-4.300000000000001,0,4,3,1,0.5950068794190884,,932.3
11359,-2.3000000000000003,0,4,3,1,0.5950068794190884,,932.3
11360,-2.3000000000000003,0,4,3,1,0.5950068794190884,,932.3
11361,-2.3000000000000003,0,4,3,1,0.5950068794190884,,932.4
11362,5.7,1,4,3,1,0.5950068794190884,,932.5
11363,-4.300000000000001,0,4,3,1,0.5950068794190884,,932.5
11364,-4.300000000000001,0,4,3,1,0.5950068794190884,,932.6
11365,-2.3000000000000003,0,4,3,1,0.5950068794190884,,932.7
11366,-4.300000000000001,0,4,3,1,0.5950068794190884,,932.8
11367,5.7,1,4,3,1,0.5950068794190884,,932.8
11368,-4.300000000000001,0,4,3,1,0.5950068794190884,,932.9
11369,4.4,1,6,3,1,0.5950068794190884,,932.9
11370,-2.3000000000000003,0,4,3,1,0.5950068794190884,,933.0
11371,-2.3000000000000003,0,4,3,1,0.5950068794190884,,933.0
11372,5.7,1,4,3,1,0.5950068794190884,,933.1
11373,5.7,1,4,3,1,0.5950068794190884,,933.1
11374,-4.300000000000001,0,4,3,1,0.5950068794190884,,933.2
11375,-4.300000000000001,0,4,3,1,0.5950068794190884,,933.2
11376,-2.3000000000000003,0,4,3,1,0.5950068794190884,,933.3
11377,5.4,1,6,3,1,0.5950068794190884,,933.3
11378,-2.3000000000000003,0,4,3,1,0.5950068794190884,,933.3
11379,-4.300000000000001,0,4,3,1,0.5950068794190884,,933.4
11380,-4.300000000000001,0,4,3,1,0.5950068794190884,,933.5
11381,-2.3000000000000003,0,4,3,1,0.5950068794190884,,933.5
11382,-4.300000000000001,0,4,3,1,0.5950068794190884,,933.6
11383,-4.300000000000001,0,4,3,1,0.5950068794190884,,933.7
11384,-4.300000000000001,0,4,3,1,0.5950068794190884,,933.7
11385,5.7,1,4,3,1,0.5950068794190884,,933.8
11386,5.7,1,4,3,1,0.5950068794190884,,933.8
11387,-4.6000000000000005,0,6,3,1,0.5950068794190884,,933.9
11388,-4.300000000000001,0,4,3,1,0.5950068794190884,,934.0
11389,-2.3000000000000003,0,4,3,1,0.5950068794190884,,934.0
11390,-0.30000000000000004,0,4,3,1,0.5950068794190884,,934.0
11391,-4.300000000000001,0,4,3,1,0.5950068794190884,,934.1
11392,-2.3000000000000003,0,4,3,1,0.5950068794190884,,934.1
11393,-4.300000000000001,0,4,3,1,0.5950068794190884,,934.2
11394,-4.300000000000001,0,4,3,1,0.5950068794190884,,934.3
11395,-4.300000000000001,0,4,3,1,0.5950068794190884,,934.3
11396,-4.300000000000001,0,4,3,1,0.5950068794190884,,934.3
11397,5.7,1,4,3,1,0.5950068794190884,,934.4
11398,-2.3000000000000003,0,4,3,1,0.5950068794190884,,934.5
11399,-4.300000000000001,0,4,3,1,0.5950068794190884,,934.5
11400,-4.6000000000000005,0,6,3,1,0.5950068794190884,,934.6
11401,-4.300000000000001,0,4,3,1,0.5950068794190884,,934.6
11402,-4.300000000000001,0,4,3,1,0.5950068794190884,,934.7
11403,-4.300000000000001,0,4,3,1,0.5950068794190884,,934.8
11404,-4.300000000000001,0,4,3,1,0.5950068794190884,,934.9
11405,-4.300000000000001,0,4,3,1,0.5547222213353962,1.819451215211302,935.5
11406,5.7,1,4,3,1,0.5547222213353962,,935.6
11407,5.7,1,4,3,1,0.5547222213353962,,935.6
11408,-4.300000000000001,0,4,3,1,0.5547222213353962,,935.7
11409,5.7,1,4,3,1,0.5547222213353962,,935.7
11410,-0.30000000000000004,0,4,3,1,0.5547222213353962,,935.8
11411,-4.300000000000001,0,4,3,1,0.5547222213353962,,935.8
11412,-4.300000000000001,0,4,3,1,0.5547222213353962,,935.8
11413,5.7,1,4,3,1,0.5547222213353962,,935.9
11414,5.7,1,4,3,1,0.5547222213353962,,935.9
11415,-0.30000000000000004,0,4,3,1,0.5547222213353962,,936.0
11416,-2.3000000000000003,0,4,3,1,0.5547222213353962,,936.1
11417,-4.300000000000001,0,4,3,1,0.5547222213353962,,936.1
11418,5.7,1,4,3,1,0.5547222213353962,,936.1
11419,-4.300000000000001,0,4,3,1,0.5547222213353962,,936.2
11420,-4.300000000000001,0,4,3,1,0.5547222213353962,,936.3
11421,-2.3000000000000003,0,4,3,1,0.5547222213353962,,936.3
11422,-4.6000000000000005,0,6,3,1,0.5547222213353962,,936.4
11423,-4.300000000000001,0,4,3,1,0.5547222213353962,,936.5
11424,5.7,1,4,3,1,0.5547222213353962,,936.5
11425,-4.300000000000001,0,4,3,1,0.5547222213353962,,936.7
11426,-4.300000000000001,0,4,3,1,0.5547222213353962,,936.7
11427,-4.300000000000001,0,4,3,1,0.5547222213353962,,936.8
11428,-4.300000000000001,0,4,3,1,0.5547222213353962,,936.8
11429,-4.300000000000001,0,4,3,1,0.5547222213353962,,936.8
11430,5.7,1,4,3,1,0.5547222213353962,,936.9
11431,5.7,1,4,3,1,0.5547222213353962,,937.0
11432,5.7,1,4,3,1,0.5547222213353962,,937.0
11433,5.7,1,4,3,1,0.5547222213353962,,937.1
11434,-0.30000000000000004,0,4,3,1,0.5547222213353962,,937.1
11435,5.7,1,4,3,1,0.5547222213353962,,937.2
11436,-2.3000000000000003,0,4,3,1,0.5547222213353962,,937.2
11437,-4.300000000000001,0,4,3,1,0.5547222213353962,,937.3
11438,5.7,1,4,3,1,0.5547222213353962,,937.4
11439,-0.30000000000000004,0,4,3,1,0.5547222213353962,,937.4
11440,5.7,1,4,3,1,0.5547222213353962,,937.5
11441,-0.30000000000000004,0,4,3,1,0.5547222213353962,,937.5
11442,-4.300000000000001,0,4,3,1,0.5547222213353962,,937.5
11443,5.7,1,4,3,1,0.5547222213353962,,937.6
11444,-4.300000000000001,0,4,3,1,0.5547222213353962,,937.7
11445,5.4,1,6,3,1,0.5547222213353962,,937.8
11446,-0.30000000000000004,0,4,3,1,0.5547222213353962,,937.8
11447,-2.3000000000000003,0,4,3,1,0.5547222213353962,,937.9
11448,5.7,1,4,3,1,0.5547222213353962,,937.9
11449,-4.300000000000001,0,4,3,1,0.5547222213353962,,938.0
11450,-0.30000000000000004,0,4,3,1,0.5547222213353962,,938.1
11451,-0.30000000000000004,0,4,3,1,0.5547222213353962,,938.1
11452,-4.300000000000001,0,4,3,1,0.5547222213353962,,938.2
11453,-4.300000000000001,0,4,3,1,0.5547222213353962,,938.3
11454,5.7,1,4,3,1,0.5547222213353962,,938.3
11455,-2.3000000000000003,0,4,3,1,0.5547222213353962,,938.4
11456,-2.3000000000000003,0,4,3,1,0.5547222213353962,,938.5
11457,5.4,1,6,3,1,0.5547222213353962,,938.5
11458,5.7,1,4,3,1,0.5547222213353962,,938.5
11459,-4.300000000000001,0,4,3,1,0.5547222213353962,,938.6
11460,-4.300000000000001,0,4,3,1,0.5547222213353962,,938.7
11461,-4.300000000000001,0,4,3,1,0.5547222213353962,,938.7
11462,-4.300000000000001,0,4,3,1,0.5547222213353962,,938.8
11463,-4.300000000000001,0,4,3,1,0.5547222213353962,,938.9
11464,5.7,1,4,3,1,0.5547222213353962,,938.9
11465,-6.700000000000001,0,7,4,1,0.5547222213353962,,939.0
11466,-0.30000000000000004,0,4,3,1,0.5547222213353962,,939.1
11467,5.7,1,4,3,1,0.5547222213353962,,939.1
11468,5.7,1,4,3,1,0.5547222213353962,,939.2
11469,-0.30000000000000004,0,4,3,1,0.5547222213353962,,939.2
11470,-4.300000000000001,0,4,3,1,0.5547222213353962,,939.3
11471,-4.300000000000001,0,4,3,1,0.5547222213353962,,939.3
11472,-0.6000000000000001,0,6,3,1,0.5547222213353962,,939.3
11473,-4.6000000000000005,0,6,3,1,0.5547222213353962,,939.4
11474,-0.30000000000000004,0,4,3,1,0.5547222213353962,,939.4
11475,-0.30000000000000004,0,4,3,1,0.5547222213353962,,939.5
11476,-2.3000000000000003,0,4,3,1,0.5547222213353962,,939.5
11477,-4.300000000000001,0,4,3,1,0.5547222213353962,,939.6
11478,-4.300000000000001,0,4,3,1,0.5547222213353962,,939.7
11479,-4.300000000000001,0,4,3,1,0.5547222213353962,,939.7
11480,-4.300000000000001,0,4,3,1,0.5547222213353962,,939.8
11481,5.7,1,4,3,1,0.5547222213353962,,939.8
11482,-2.3000000000000003,0,4,3,1,0.5547222213353962,,939.9
11483,-4.300000000000001,0,4,3,1,0.5547222213353962,,939.9
11484,-4.300000000000001,0,4,3,1,0.5547222213353962,,940.0
11485,-4.300000000000001,0,4,3,1,0.5547222213353962,,940.1
11486,-4.300000000000001,0,4,3,1,0.5547222213353962,,940.2
11487,-0.30000000000000004,0,4,3,1,0.5547222213353962,,940.2
11488,-4.300000000000001,0,4,3,1,0.5547222213353962,,940.3
11489,-4.300000000000001,0,4,3,1,0.5547222213353962,,940.3
11490,-4.300000000000001,0,4,3,1,0.5547222213353962,,940.4
11491,5.7,1,4,3,1,0.5547222213353962,,940.5
11492,-3.9000000000000004,0,8,3,1,0.5547222213353962,,940.5
11493,-4.300000000000001,0,4,3,1,0.5547222213353962,,940.6
11494,-0.30000000000000004,0,4,3,1,0.5547222213353962,,940.7
11495,5.7,1,4,3,1,0.5547222213353962,,940.7
11496,5.7,1,4,3,1,0.5547222213353962,,940.8
11497,-2.3000000000000003,0,4,3,1,0.5547222213353962,,940.9
11498,-0.30000000000000004,0,4,3,1,0.5547222213353962,,940.9
11499,-4.300000000000001,0,4,3,1,0.5547222213353962,,940.9
11500,-4.300000000000001,0,4,3,1,0.5547222213353962,,941.0
11501,-4.300000000000001,0,4,3,1,0.5547222213353962,,946.0
11502,-4.300000000000001,0,4,3,1,0.5547222213353962,,946.1
11503,-4.300000000000001,0,4,3,1,0.5547222213353962,,946.1
11504,-2.3000000000000003,0,4,3,1,0.5547222213353962,,946.2
11505,-4.300000000000001,0,4,3,1,0.5547222213353962,,946.3
11506,-0.30000000000000004,0,4,3,1,0.5547222213353962,,946.4
11507,-4.300000000000001,0,4,3,1,0.5547222213353962,,946.4
11508,-3.6,0,6,3,1,0.5547222213353962,,946.4
11509,-2.3000000000000003,0,4,3,1,0.5547222213353962,,946.5
11510,5.7,1,4,3,1,0.5547222213353962,,946.5
11511,5.7,1,4,3,1,0.5547222213353962,,946.6
11512,-4.300000000000001,0,4,3,1,0.5547222213353962,,946.7
11513,-0.30000000000000004,0,4,3,1,0.5547222213353962,,946.7
11514,-4.300000000000001,0,4,3,1,0.5547222213353962,,946.8
11515,-4.300000000000001,0,4,3,1,0.5547222213353962,,946.9
11516,-4.300000000000001,0,4,3,1,0.5547222213353962,,947.0
11517,-0.30000000000000004,0,4,3,1,0.5547222213353962,,947.0
11518,-5.9,0,8,3,1,0.5547222213353962,,947.1
11519,5.7,1,4,3,1,0.5547222213353962,,947.2
11520,-4.300000000000001,0,4,3,1,0.5547222213353962,,947.2
11521,-2.3000000000000003,0,4,3,1,0.5547222213353962,,947.3
11522,-4.300000000000001,0,4,3,1,0.5547222213353962,,947.3
11523,-4.300000000000001,0,4,3,1,0.5547222213353962,,947.4
11524,-4.300000000000001,0,4,3,1,0.5547222213353962,,947.5
11525,-4.300000000000001,0,4,3,1,0.5547222213353962,,947.5
11526,-4.300000000000001,0,4,3,1,0.5547222213353962,,947.6
11527,5.7,1,4,3,1,0.5547222213353962,,947.6
11528,5.7,1,4,3,1,0.5547222213353962,,947.7
11529,-4.300000000000001,0,4,3,1,0.5547222213353962,,947.7
11530,-4.300000000000001,0,4,3,1,0.5547222213353962,,947.8
11531,-4.6,0,6,3,1,0.5547222213353962,,947.9
11532,5.7,1,4,3,1,0.5547222213353962,,947.9
11533,-4.300000000000001,0,4,3,1,0.5547222213353962,,948.0
11534,-4.300000000000001,0,4,3,1,0.5547222213353962,,948.1
11535,-0.30000000000000004,0,4,3,1,0.5547222213353962,,948.1
11536,-4.300000000000001,0,4,3,1,0.5547222213353962,,948.2
11537,-4.300000000000001,0,4,3,1,0.5547222213353962,,948.2
11538,-4.300000000000001,0,4,3,1,0.5547222213353962,,948.3
11539,5.7,1,4,3,1,0.5547222213353962,,948.3
11540,-4.300000000000001,0,4,3,1,0.5547222213353962,,948.4
11541,-4.300000000000001,0,4,3,1,0.5547222213353962,,948.5
11542,5.7,1,4,3,1,0.5547222213353962,,948.5
11543,-2.3000000000000003,0,4,3,1,0.5547222213353962,,948.6
11544,-2.3000000000000003,0,4,3,1,0.5547222213353962,,948.7
11545,-2.3000000000000003,0,4,3,1,0.5547222213353962,,948.8
11546,-4.300000000000001,0,4,3,1,0.5547222213353962,,948.8
11547,-4.300000000000001,0,4,3,1,0.5547222213353962,,948.9
11548,5.7,1,4,3,1,0.5547222213353962,,949.0
11549,-2.3000000000000003,0,4,3,1,0.5547222213353962,,949.0
11550,-4.300000000000001,0,4,3,1,0.5547222213353962,,949.0
11551,5.7,1,4,3,1,0.5547222213353962,,949.1
11552,-0.30000000000000004,0,4,3,1,0.5547222213353962,,949.1
11553,5.7,1,4,3,1,0.5547222213353962,,949.2
11554,-4.300000000000001,0,4,3,1,0.5547222213353962,,949.3
11555,-4.300000000000001,0,4,3,1,0.5547222213353962,,949.3
11556,-4.300000000000001,0,4,3,1,0.5547222213353962,,949.4
11557,-4.300000000000001,0,4,3,1,0.5547222213353962,,949.4
11558,-4.300000000000001,0,4,3,1,0.5547222213353962,,949.5
11559,-4.300000000000001,0,4,3,1,0.5547222213353962,,949.6
11560,-4.300000000000001,0,4,3,1,0.5547222213353962,,949.6
11561,-0.30000000000000004,0,4,3,1,0.5547222213353962,,949.7
11562,-4.300000000000001,0,4,3,1,0.5547222213353962,,949.8
11563,-4.300000000000001,0,4,3,1,0.5547222213353962,,949.9
11564,-4.300000000000001,0,4,3,1,0.5547222213353962,,949.9
11565,-4.300000000000001,0,4,3,1,0.5547222213353962,,949.9
11566,5.7,1,4,3,1,0.5547222213353962,,950.0
11567,-2.3000000000000003,0,4,3,1,0.5547222213353962,,950.1
11568,-4.300000000000001,0,4,3,1,0.5547222213353962,,950.1
11569,5.7,1,4,3,1,0.5547222213353962,,950.2
11570,-0.30000000000000004,0,4,3,1,0.5547222213353962,,950.3
11571,-2.3000000000000003,0,4,3,1,0.5547222213353962,,950.3
11572,-4.300000000000001,0,4,3,1,0.5547222213353962,,950.4
11573,-4.300000000000001,0,4,3,1,0.5547222213353962,,950.5
11574,-4.300000000000001,0,4,3,1,0.5547222213353962,,950.5
11575,5.7,1,4,3,1,0.5547222213353962,,950.6
11576,-4.300000000000001,0,4,3,1,0.5547222213353962,,950.6
11577,-2.3000000000000003,0,4,3,1,0.5547222213353962,,950.7
11578,-5.6000000000000005,0,6,3,1,0.5547222213353962,,950.8
11579,-4.300000000000001,0,4,3,1,0.5547222213353962,,950.8
11580,-4.300000000000001,0,4,3,1,0.5547222213353962,,950.9
11581,5.7,1,4,3,1,0.5547222213353962,,951.0
11582,-4.300000000000001,0,4,3,1,0.5547222213353962,,951.0
11583,-4.300000000000001,0,4,3,1,0.5547222213353962,,951.1
11584,-4.300000000000001,0,4,3,1,0.5547222213353962,,951.1
11585,-4.300000000000001,0,4,3,1,0.5547222213353962,,951.2
11586,5.7,1,4,3,1,0.5547222213353962,,951.2
11587,-0.30000000000000004,0,4,3,1,0.5547222213353962,,951.3
11588,-4.300000000000001,0,4,3,1,0.5547222213353962,,951.4
11589,-3.2,0,10,3,1,0.5547222213353962,,951.5
11590,5.7,1,4,3,1,0.5547222213353962,,951.5
11591,-2.3000000000000003,0,4,3,1,0.5547222213353962,,951.5
11592,5.7,1,4,3,1,0.5547222213353962,,951.6
11593,-4.6000000000000005,0,6,3,1,0.5547222213353962,,951.7
11594,-2.3000000000000003,0,4,3,1,0.5547222213353962,,951.8
11595,-2.3000000000000003,0,4,3,1,0.5547222213353962,,951.8
11596,5.7,1,4,3,1,0.5547222213353962,,951.9
11597,-4.300000000000001,0,4,3,1,0.5547222213353962,,951.9
11598,5.7,1,4,3,1,0.5547222213353962,,952.0
11599,-2.3000000000000003,0,4,3,1,0.5547222213353962,,952.1
11600,-2.3000000000000003,0,4,3,1,0.5547222213353962,,952.2
11601,-2.3000000000000003,0,4,3,1,0.5547222213353962,,952.2
11602,-4.300000000000001,0,4,3,1,0.5547222213353962,,952.3
11603,-2.3000000000000003,0,4,3,1,0.5547222213353962,,952.4
11604,-4.300000000000001,0,4,3,1,0.5547222213353962,,952.4
11605,-4.300000000000001,0,4,3,1,0.5547222213353962,,952.4
11606,-4.300000000000001,0,4,3,1,0.5547222213353962,,952.5
11607,-2.3000000000000003,0,4,3,1,0.5547222213353962,,952.6
11608,-4.300000000000001,0,4,3,1,0.5547222213353962,,952.7
11609,5.7,1,4,3,1,0.5547222213353962,,952.7
11610,-0.30000000000000004,0,4,3,1,0.5547222213353962,,952.8
11611,-4.300000000000001,0,4,3,1,0.5547222213353962,,952.8
11612,-4.300000000000001,0,4,3,1,0.5547222213353962,,952.9
11613,-5.4,0,5,4,1,0.5547222213353962,,952.9
11614,-4.300000000000001,0,4,3,1,0.5547222213353962,,953.0
11615,-4.300000000000001,0,4,3,1,0.5547222213353962,,953.1
11616,-2.3000000000000003,0,4,3,1,0.5547222213353962,,953.1
11617,5.7,1,4,3,1,0.5547222213353962,,953.2
11618,5.7,1,4,3,1,0.5547222213353962,,953.2
11619,-0.30000000000000004,0,4,3,1,0.5547222213353962,,953.3
11620,5.7,1,4,3,1,0.5547222213353962,,953.3
11621,-4.300000000000001,0,4,3,1,0.5547222213353962,,953.4
11622,-4.300000000000001,0,4,3,1,0.5547222213353962,,953.4
11623,-4.300000000000001,0,4,3,1,0.5547222213353962,,953.5
11624,-0.30000000000000004,0,4,3,1,0.5547222213353962,,953.6
11625,-2.3000000000000003,0,4,3,1,0.5547222213353962,,953.7
11626,-0.30000000000000004,0,4,3,1,0.5547222213353962,,953.7
11627,5.7,1,4,3,1,0.5547222213353962,,953.8
11628,-4.300000000000001,0,4,3,1,0.5547222213353962,,953.9
11629,-4.300000000000001,0,4,3,1,0.5547222213353962,,954.0
11630,-4.300000000000001,0,4,3,1,0.5547222213353962,,954.0
11631,-4.300000000000001,0,4,3,1,0.5547222213353962,,954.1
11632,-4.300000000000001,0,4,3,1,0.5547222213353962,,954.2
11633,5.7,1,4,3,1,0.5547222213353962,,954.2
11634,5.7,1,4,3,1,0.5547222213353962,,954.3
11635,-2.3000000000000003,0,4,3,1,0.5547222213353962,,954.3
11636,-4.300000000000001,0,4,3,1,0.5547222213353962,,954.4
11637,-4.300000000000001,0,4,3,1,0.5547222213353962,,954.5
11638,-4.300000000000001,0,4,3,1,0.5547222213353962,,954.5
11639,-4.300000000000001,0,4,3,1,0.5547222213353962,,954.5
11640,-4.300000000000001,0,4,3,1,0.5547222213353962,,954.6
11641,-2.3000000000000003,0,4,3,1,0.5547222213353962,,954.7
11642,5.7,1,4,3,1,0.5547222213353962,,954.8
11643,-4.300000000000001,0,4,3,1,0.5547222213353962,,954.8
11644,-2.3000000000000003,0,4,3,1,0.5547222213353962,,954.9
11645,5.7,1,4,3,1,0.5547222213353962,,955.0
11646,-2.3000000000000003,0,4,3,1,0.5547222213353962,,955.0
11647,-4.300000000000001,0,4,3,1,0.5547222213353962,,955.0
11648,-4.300000000000001,0,4,3,1,0.5547222213353962,,955.1
11649,-4.300000000000001,0,4,3,1,0.5547222213353962,,955.1
11650,-0.30000000000000004,0,4,3,1,0.5547222213353962,,955.1
11651,5.7,1,4,3,1,0.5547222213353962,,955.2
11652,5.7,1,4,3,1,0.5547222213353962,,955.3
11653,-4.300000000000001,0,4,3,1,0.5547222213353962,,955.4
11654,-4.300000000000001,0,4,3,1,0.5547222213353962,,955.4
11655,5.7,1,4,3,1,0.5547222213353962,,955.5
11656,5.7,1,4,3,1,0.5547222213353962,,955.5
11657,5.7,1,4,3,1,0.5547222213353962,,955.6
11658,-4.300000000000001,0,4,3,1,0.5547222213353962,,955.6
11659,5.7,1,4,3,1,0.5547222213353962,,955.7
11660,-2.9000000000000004,0,8,3,1,0.5547222213353962,,955.8
11661,-0.30000000000000004,0,4,3,1,0.5547222213353962,,955.8
11662,-5.5,0,12,3,1,0.5547222213353962,,955.9
11663,-4.300000000000001,0,4,3,1,0.5547222213353962,,955.9
11664,-2.3000000000000003,0,4,3,1,0.5547222213353962,,956.0
11665,-4.300000000000001,0,4,3,1,0.5547222213353962,,956.1
11666,-4.300000000000001,0,4,3,1,0.5547222213353962,,956.1
11667,-2.3000000000000003,0,4,3,1,0.5547222213353962,,956.1
11668,-4.300000000000001,0,4,3,1,0.5547222213353962,,956.2
11669,-0.30000000000000004,0,4,3,1,0.5547222213353962,,956.2
11670,-0.30000000000000004,0,4,3,1,0.5547222213353962,,956.3
11671,-0.30000000000000004,0,4,3,1,0.5547222213353962,,956.4
11672,-4.300000000000001,0,4,3,1,0.5547222213353962,,956.4
11673,-0.6000000000000001,0,6,3,1,0.5547222213353962,,956.4
11674,-4.300000000000001,0,4,3,1,0.5547222213353962,,956.5
11675,-2.6,0,6,3,1,0.5547222213353962,,956.6
11676,-2.3000000000000003,0,4,3,1,0.5547222213353962,,956.7
11677,5.7,1,4,3,1,0.5547222213353962,,956.7
11678,5.7,1,4,3,1,0.5547222213353962,,956.8
11679,-4.300000000000001,0,4,3,1,0.5547222213353962,,956.8
11680,5.7,1,4,3,1,0.5547222213353962,,956.9
11681,-4.300000000000001,0,4,3,1,0.5547222213353962,,957.0
11682,-2.3000000000000003,0,4,3,1,0.5547222213353962,,957.1
11683,-0.30000000000000004,0,4,3,1,0.5547222213353962,,957.2
11684,5.7,1,4,3,1,0.5547222213353962,,957.2
11685,5.7,1,4,3,1,0.5547222213353962,,957.3
11686,5.7,1,4,3,1,0.5547222213353962,,957.3
11687,-4.300000000000001,0,4,3,1,0.5547222213353962,,957.4
11688,-4.300000000000001,0,4,3,1,0.5547222213353962,,957.5
11689,-2.3000000000000003,0,4,3,1,0.5547222213353962,,957.5
11690,-2.3000000000000003,0,4,3,1,0.5547222213353962,,957.6
11691,-4.300000000000001,0,4,3,1,0.5547222213353962,,957.7
11692,-4.300000000000001,0,4,3,1,0.5547222213353962,,957.8
11693,-2.3000000000000003,0,4,3,1,0.5547222213353962,,957.8
11694,5.7,1,4,3,1,0.5547222213353962,,957.9
11695,-4.300000000000001,0,4,3,1,0.5547222213353962,,957.9
11696,-2.3000000000000003,0,4,3,1,0.5547222213353962,,958.0
11697,-4.300000000000001,0,4,3,1,0.5547222213353962,,958.1
11698,5.7,1,4,3,1,0.5547222213353962,,958.1
11699,-2.3000000000000003,0,4,3,1,0.5547222213353962,,958.1
11700,-5.6000000000000005,0,6,3,1,0.5547222213353962,,958.2
11701,-4.300000000000001,0,4,3,1,0.5547222213353962,,958.3
11702,5.7,1,4,3,1,0.5547222213353962,,958.4
11703,-2.3000000000000003,0,4,3,1,0.5547222213353962,,958.4
11704,-4.300000000000001,0,4,3,1,0.5547222213353962,,958.5
11705,5.7,1,4,3,1,0.5547222213353962,,958.6
11706,5.7,1,4,3,1,0.5547222213353962,,958.6
11707,5.7,1,4,3,1,0.5547222213353962,,958.7
11708,-2.3000000000000003,0,4,3,1,0.5547222213353962,,958.7
11709,-2.3000000000000003,0,4,3,1,0.5547222213353962,,958.8
11710,-2.9000000000000004,0,8,3,1,0.5547222213353962,,958.8
11711,-0.30000000000000004,0,4,3,1,0.5547222213353962,,958.9
11712,5.7,1,4,3,1,0.5547222213353962,,958.9
11713,5.7,1,4,3,1,0.5547222213353962,,959.0
11714,-4.300000000000001,0,4,3,1,0.5547222213353962,,959.0
11715,5.7,1,4,3,1,0.5547222213353962,,959.0
11716,-4.300000000000001,0,4,3,1,0.5547222213353962,,959.1
11717,-0.30000000000000004,0,4,3,1,0.5547222213353962,,959.2
11718,5.7,1,4,3,1,0.5547222213353962,,959.2
11719,-4.300000000000001,0,4,3,1,0.5547222213353962,,959.2
11720,-4.6000000000000005,0,6,3,1,0.5547222213353962,,959.3
11721,-4.300000000000001,0,4,3,1,0.5547222213353962,,959.3
11722,-4.300000000000001,0,4,3,1,0.5547222213353962,,959.4
11723,-0.30000000000000004,0,4,3,1,0.5547222213353962,,959.5
11724,-4.300000000000001,0,4,3,1,0.5547222213353962,,959.5
11725,-0.30000000000000004,0,4,3,1,0.5547222213353962,,959.5
11726,5.7,1,4,3,1,0.5547222213353962,,959.6
11727,-4.6,0,6,3,1,0.5547222213353962,,959.7
11728,5.7,1,4,3,1,0.5547222213353962,,959.7
11729,5.7,1,4,3,1,0.5547222213353962,,959.8
11730,5.7,1,4,3,1,0.5547222213353962,,959.9
11731,-0.30000000000000004,0,4,3,1,0.5547222213353962,,959.9
11732,-4.300000000000001,0,4,3,1,0.5547222213353962,,959.9
11733,-2.3000000000000003,0,4,3,1,0.5547222213353962,,960.0
11734,-4.300000000000001,0,4,3,1,0.5547222213353962,,960.0
11735,5.7,1,4,3,1,0.5547222213353962,,960.1
11736,-4.300000000000001,0,4,3,1,0.5547222213353962,,960.1
11737,-4.300000000000001,0,4,3,1,0.5547222213353962,,960.2
11738,-2.3000000000000003,0,4,3,1,0.5547222213353962,,960.3
11739,-4.300000000000001,0,4,3,1,0.5547222213353962,,960.3
11740,-4.300000000000001,0,4,3,1,0.5547222213353962,,960.4
11741,5.7,1,4,3,1,0.5547222213353962,,960.4
11742,-2.3000000000000003,0,4,3,1,0.5547222213353962,,960.5
11743,-0.30000000000000004,0,4,3,1,0.5547222213353962,,960.6
11744,-4.300000000000001,0,4,3,1,0.5547222213353962,,960.6
11745,-4.300000000000001,0,4,3,1,0.5547222213353962,,960.7
11746,5.7,1,4,3,1,0.5547222213353962,,960.7
11747,-4.300000000000001,0,4,3,1,0.5547222213353962,,960.8
11748,-0.30000000000000004,0,4,3,1,0.5547222213353962,,960.8
11749,-0.30000000000000004,0,4,3,1,0.5547222213353962,,960.9
11750,-4.300000000000001,0,4,3,1,0.5547222213353962,,960.9
11751,-4.6000000000000005,0,6,3,1,0.5547222213353962,,961.0
11752,-4.300000000000001,0,4,3,1,0.5547222213353962,,961.1
11753,5.7,1,4,3,1,0.5547222213353962,,961.1
11754,5.7,1,4,3,1,0.5547222213353962,,961.2
11755,-4.300000000000001,0,4,3,1,0.5547222213353962,,961.3
11756,-2.3000000000000003,0,4,3,1,0.5547222213353962,,961.3
11757,-4.300000000000001,0,4,3,1,0.5547222213353962,,961.4
11758,-3.6000000000000005,0,6,3,1,0.5547222213353962,,961.5
11759,-4.300000000000001,0,4,3,1,0.5547222213353962,,961.5
11760,-2.3000000000000003,0,4,3,1,0.5547222213353962,,961.6
11761,-4.300000000000001,0,4,3,1,0.5547222213353962,,961.6
11762,5.7,1,4,3,1,0.5547222213353962,,961.6
11763,-4.300000000000001,0,4,3,1,0.5547222213353962,,961.7
11764,-4.300000000000001,0,4,3,1,0.5547222213353962,,961.8
11765,-4.300000000000001,0,4,3,1,0.5547222213353962,,961.9
11766,-4.300000000000001,0,4,3,1,0.5547222213353962,,961.9
11767,-4.300000000000001,0,4,3,1,0.5547222213353962,,962.0
11768,-4.300000000000001,0,4,3,1,0.5547222213353962,,962.0
11769,-4.300000000000001,0,4,3,1,0.5547222213353962,,962.1
11770,-4.300000000000001,0,4,3,1,0.5547222213353962,,962.2
11771,-4.300000000000001,0,4,3,1,0.5547222213353962,,962.3
11772,-4.300000000000001,0,4,3,1,0.5547222213353962,,962.3
11773,-2.3000000000000003,0,4,3,1,0.5547222213353962,,962.3
11774,-4.300000000000001,0,4,3,1,0.5547222213353962,,962.4
11775,-2.3000000000000003,0,4,3,1,0.5547222213353962,,962.5
11776,-4.300000000000001,0,4,3,1,0.5547222213353962,,962.5
11777,-2.3000000000000003,0,4,3,1,0.5547222213353962,,962.6
11778,-4.300000000000001,0,4,3,1,0.5547222213353962,,962.7
11779,-4.300000000000001,0,4,3,1,0.5547222213353962,,962.7
11780,-4.300000000000001,0,4,3,1,0.5547222213353962,,962.8
11781,-4.300000000000001,0,4,3,1,0.5547222213353962,,962.9
11782,5.7,1,4,3,1,0.5547222213353962,,962.9
11783,-4.300000000000001,0,4,3,1,0.5547222213353962,,963.0
11784,-5.6000000000000005,0,6,3,1,0.5547222213353962,,963.1
11785,-4.300000000000001,0,4,3,1,0.5547222213353962,,963.1
11786,-4.300000000000001,0,4,3,1,0.5547222213353962,,963.2
11787,-0.30000000000000004,0,4,3,1,0.5547222213353962,,963.2
11788,-4.300000000000001,0,4,3,1,0.5547222213353962,,963.3
11789,5.7,1,4,3,1,0.5547222213353962,,963.3
11790,-2.3000000000000003,0,4,3,1,0.5547222213353962,,963.4
11791,-4.300000000000001,0,4,3,1,0.5547222213353962,,963.5
11792,5.7,1,4,3,1,0.5547222213353962,,963.5
11793,5.7,1,4,3,1,0.5547222213353962,,963.6
11794,-4.300000000000001,0,4,3,1,0.5547222213353962,,963.6
11795,5.7,1,4,3,1,0.5547222213353962,,963.7
11796,-3.2000000000000006,0,10,3,1,0.5547222213353962,,963.8
11797,-0.30000000000000004,0,4,3,1,0.5547222213353962,,963.9
11798,-4.300000000000001,0,4,3,1,0.5547222213353962,,964.0
11799,5.7,1,4,3,1,0.5547222213353962,,964.0
11800,-2.3000000000000003,0,4,3,1,0.5547222213353962,,964.1
11801,-0.30000000000000004,0,4,3,1,0.5547222213353962,,964.1
11802,-4.300000000000001,0,4,3,1,0.5547222213353962,,964.1
11803,-2.3000000000000003,0,4,3,1,0.5547222213353962,,964.2
11804,-4.300000000000001,0,4,3,1,0.5547222213353962,,964.2
11805,-2.6,0,6,3,1,0.5547222213353962,,964.2
11806,5.7,1,4,3,1,0.5547222213353962,,964.3
11807,-4.300000000000001,0,4,3,1,0.5547222213353962,,964.4
11808,-4.300000000000001,0,4,3,1,0.5547222213353962,,964.4
11809,-0.30000000000000004,0,4,3,1,0.5547222213353962,,964.5
11810,-2.3000000000000003,0,4,3,1,0.5547222213353962,,964.5
11811,-2.3000000000000003,0,4,3,1,0.5547222213353962,,964.6
11812,5.7,1,4,3,1,0.5547222213353962,,964.7
11813,-5.6000000000000005,0,6,3,1,0.5547222213353962,,964.7
11814,-4.300000000000001,0,4,3,1,0.5547222213353962,,964.8
11815,-4.300000000000001,0,4,3,1,0.5547222213353962,,964.8
11816,-0.6000000000000001,0,6,3,1,0.5547222213353962,,964.9
11817,5.7,1,4,3,1,0.5547222213353962,,965.0
11818,-0.30000000000000004,0,4,3,1,0.5547222213353962,,965.1
11819,-4.300000000000001,0,4,3,1,0.5547222213353962,,965.1
11820,-0.30000000000000004,0,4,3,1,0.5547222213353962,,965.2
11821,5.7,1,4,3,1,0.5547222213353962,,965.3
11822,-4.300000000000001,0,4,3,1,0.5547222213353962,,965.3
11823,5.7,1,4,3,1,0.5547222213353962,,965.4
11824,-0.30000000000000004,0,4,3,1,0.5547222213353962,,965.4
11825,-0.30000000000000004,0,4,3,1,0.5547222213353962,,965.5
11826,5.7,1,4,3,1,0.5547222213353962,,965.5
11827,-4.300000000000001,0,4,3,1,0.5547222213353962,,965.6
11828,-2.3000000000000003,0,4,3,1,0.5547222213353962,,965.6
11829,-4.300000000000001,0,4,3,1,0.5547222213353962,,965.7
11830,-4.300000000000001,0,4,3,1,0.5547222213353962,,965.8
11831,5.7,1,4,3,1,0.5547222213353962,,965.8
11832,-2.3000000000000003,0,4,3,1,0.5547222213353962,,965.9
11833,-4.300000000000001,0,4,3,1,0.5547222213353962,,966.0
11834,-0.30000000000000004,0,4,3,1,0.5547222213353962,,966.0
11835,5.7,1,4,3,1,0.5547222213353962,,966.0
11836,5.7,1,4,3,1,0.5547222213353962,,966.1
11837,-4.300000000000001,0,4,3,1,0.5547222213353962,,966.2
11838,-4.300000000000001,0,4,3,1,0.5547222213353962,,966.2
11839,-4.300000000000001,0,4,3,1,0.5547222213353962,,966.2
11840,-4.300000000000001,0,4,3,1,0.5547222213353962,,966.3
11841,-2.3000000000000003,0,4,3,1,0.5547222213353962,,966.3
11842,-3.6000000000000005,0,6,3,1,0.5547222213353962,,966.4
11843,-2.3000000000000003,0,4,3,1,0.5547222213353962,,966.4
11844,-0.30000000000000004,0,4,3,1,0.5547222213353962,,966.5
11845,-2.3000000000000003,0,4,3,1,0.5547222213353962,,966.5
11846,-4.300000000000001,0,4,3,1,0.5547222213353962,,966.6
11847,-4.300000000000001,0,4,3,1,0.5547222213353962,,966.7
11848,5.7,1,4,3,1,0.5547222213353962,,966.7
11849,-2.3000000000000003,0,4,3,1,0.5547222213353962,,966.8
11850,-4.300000000000001,0,4,3,1,0.5547222213353962,,966.8
11851,-4.300000000000001,0,4,3,1,0.5547222213353962,,966.9
11852,5.7,1,4,3,1,0.5547222213353962,,966.9
11853,5.7,1,4,3,1,0.5547222213353962,,967.0
11854,-4.300000000000001,0,4,3,1,0.5547222213353962,,967.0
11855,-4.300000000000001,0,4,3,1,0.5547222213353962,,967.1
11856,-2.3000000000000003,0,4,3,1,0.5547222213353962,,967.2
11857,-4.6000000000000005,0,6,3,1,0.5547222213353962,,967.2
11858,5.7,1,4,3,1,0.5547222213353962,,967.3
11859,-4.300000000000001,0,4,3,1,0.5547222213353962,,967.3
11860,5.7,1,4,3,1,0.5547222213353962,,967.4
11861,-4.300000000000001,0,4,3,1,0.5547222213353962,,967.4
11862,5.7,1,4,3,1,0.5547222213353962,,967.5
11863,5.7,1,4,3,1,0.5547222213353962,,967.5
11864,-2.3000000000000003,0,4,3,1,0.5547222213353962,,967.5
11865,5.7,1,4,3,1,0.5547222213353962,,967.6
11866,5.7,1,4,3,1,0.5547222213353962,,967.6
11867,5.7,1,4,3,1,0.5547222213353962,,967.6
11868,-3.6,0,6,3,1,0.5547222213353962,,967.7
11869,5.7,1,4,3,1,0.5547222213353962,,967.8
11870,-4.300000000000001,0,4,3,1,0.5547222213353962,,967.9
11871,-4.300000000000001,0,4,3,1,0.5547222213353962,,968.0
11872,-4.300000000000001,0,4,3,1,0.5547222213353962,,968.0
11873,-4.300000000000001,0,4,3,1,0.5547222213353962,,968.1
11874,5.7,1,4,3,1,0.5547222213353962,,968.1
11875,-4.300000000000001,0,4,3,1,0.5547222213353962,,968.1
11876,5.7,1,4,3,1,0.5547222213353962,,968.2
11877,-0.30000000000000004,0,4,3,1,0.5547222213353962,,968.2
11878,5.7,1,4,3,1,0.5547222213353962,,968.3
11879,-4.300000000000001,0,4,3,1,0.5547222213353962,,968.4
11880,-4.6000000000000005,0,6,3,1,0.5547222213353962,,968.4
11881,-4.300000000000001,0,4,3,1,0.5547222213353962,,968.4
11882,-0.30000000000000004,0,4,3,1,0.5547222213353962,,968.5
11883,-4.300000000000001,0,4,3,1,0.5547222213353962,,968.6
11884,5.7,1,4,3,1,0.5547222213353962,,968.6
11885,-4.300000000000001,0,4,3,1,0.5547222213353962,,968.7
11886,-4.300000000000001,0,4,3,1,0.5547222213353962,,968.8
11887,-4.300000000000001,0,4,3,1,0.5547222213353962,,968.8
11888,5.7,1,4,3,1,0.5547222213353962,,968.8
11889,-4.300000000000001,0,4,3,1,0.5547222213353962,,968.9
11890,5.7,1,4,3,1,0.5547222213353962,,968.9
11891,-4.300000000000001,0,4,3,1,0.5547222213353962,,969.0
11892,-0.30000000000000004,0,4,3,1,0.5547222213353962,,969.0
11893,-4.300000000000001,0,4,3,1,0.5547222213353962,,969.0
11894,5.7,1,4,3,1,0.5547222213353962,,969.1
11895,5.7,1,4,3,1,0.4866285319440067,2.274111445993185,969.7
11896,-2.3000000000000003,0,4,3,1,0.4866285319440067,,969.8
11897,-4.300000000000001,0,4,3,1,0.4866285319440067,,969.8
11898,-4.300000000000001,0,4,3,1,0.4866285319440067,,969.9
11899,-0.30000000000000004,0,4,3,1,0.4866285319440067,,969.9
11900,5.7,1,4,3,1,0.4866285319440067,,970.0
11901,-1.9000000000000001,0,8,3,1,0.4866285319440067,,970.0
11902,5.7,1,4,3,1,0.4866285319440067,,970.1
11903,-4.300000000000001,0,4,3,1,0.4866285319440067,,970.1
11904,-4.300000000000001,0,4,3,1,0.4866285319440067,,970.2
11905,4.4,1,6,3,1,0.4866285319440067,,970.3
11906,-4.300000000000001,0,4,3,1,0.4866285319440067,,970.3
11907,-4.300000000000001,0,4,3,1,0.4866285319440067,,970.4
11908,-4.300000000000001,0,4,3,1,0.4866285319440067,,970.4
11909,-4.300000000000001,0,4,3,1,0.4866285319440067,,970.5
11910,-4.300000000000001,0,4,3,1,0.4866285319440067,,970.5
11911,5.7,1,4,3,1,0.4866285319440067,,970.6
11912,-4.300000000000001,0,4,3,1,0.4866285319440067,,970.7
11913,-0.30000000000000004,0,4,3,1,0.4866285319440067,,970.7
11914,-2.6,0,6,3,1,0.4866285319440067,,970.8
11915,5.7,1,4,3,1,0.4866285319440067,,970.9
11916,-2.3000000000000003,0,4,3,1,0.4866285319440067,,970.9
11917,5.7,1,4,3,1,0.4866285319440067,,971.0
11918,-0.9000000000000001,0,8,3,1,0.4866285319440067,,971.1
11919,5.7,1,4,3,1,0.4866285319440067,,971.2
11920,-4.300000000000001,0,4,3,1,0.4866285319440067,,971.2
11921,-4.300000000000001,0,4,3,1,0.4866285319440067,,971.3
11922,-4.6,0,6,3,1,0.4866285319440067,,971.3
11923,-2.3000000000000003,0,4,3,1,0.4866285319440067,,971.4
11924,-4.300000000000001,0,4,3,1,0.4866285319440067,,971.5
11925,-4.300000000000001,0,4,3,1,0.4866285319440067,,971.5
11926,-4.300000000000001,0,4,3,1,0.4866285319440067,,971.6
11927,-4.300000000000001,0,4,3,1,0.4866285319440067,,971.7
11928,5.7,1,4,3,1,0.4866285319440067,,971.7
11929,4.4,1,6,3,1,0.4866285319440067,,971.8
11930,5.7,1,4,3,1,0.4866285319440067,,971.9
11931,5.7,1,4,3,1,0.4866285319440067,,971.9
11932,-0.30000000000000004,0,4,3,1,0.4866285319440067,,972.0
11933,-2.3000000000000003,0,4,3,1,0.4866285319440067,,972.0
11934,-2.6,0,6,3,1,0.4866285319440067,,972.1
11935,-4.300000000000001,0,4,3,1,0.4866285319440067,,972.2
11936,-4.300000000000001,0,4,3,1,0.4866285319440067,,972.2
11937,-4.300000000000001,0,4,3,1,0.4866285319440067,,972.3
11938,-4.300000000000001,0,4,3,1,0.4866285319440067,,972.4
11939,5.7,1,4,3,1,0.4866285319440067,,972.4
11940,-2.3000000000000003,0,4,3,1,0.4866285319440067,,972.5
11941,5.7,1,4,3,1,0.4866285319440067,,972.5
11942,-0.6000000000000001,0,6,3,1,0.4866285319440067,,972.5
11943,-2.3000000000000003,0,4,3,1,0.4866285319440067,,972.6
11944,5.7,1,4,3,1,0.4866285319440067,,972.6
11945,-4.300000000000001,0,4,3,1,0.4866285319440067,,972.7
11946,-4.300000000000001,0,4,3,1,0.4866285319440067,,972.7
11947,-4.300000000000001,0,4,3,1,0.4866285319440067,,972.8
11948,-0.30000000000000004,0,4,3,1,0.4866285319440067,,972.8
11949,-4.300000000000001,0,4,3,1,0.4866285319440067,,972.9
11950,-2.6,0,6,3,1,0.4866285319440067,,972.9
11951,-4.300000000000001,0,4,3,1,0.4866285319440067,,973.0
11952,-4.300000000000001,0,4,3,1,0.4866285319440067,,973.1
11953,-4.300000000000001,0,4,3,1,0.4866285319440067,,973.1
11954,-4.300000000000001,0,4,3,1,0.4866285319440067,,973.2
11955,-4.300000000000001,0,4,3,1,0.4866285319440067,,973.3
11956,-4.300000000000001,0,4,3,1,0.4866285319440067,,973.4
11957,-0.30000000000000004,0,4,3,1,0.4866285319440067,,973.4
11958,-4.300000000000001,0,4,3,1,0.4866285319440067,,973.5
11959,5.7,1,4,3,1,0.4866285319440067,,973.6
11960,5.7,1,4,3,1,0.4866285319440067,,973.7
11961,-5.9,0,8,3,1,0.4866285319440067,,973.7
11962,-2.3000000000000003,0,4,3,1,0.4866285319440067,,973.8
11963,-4.300000000000001,0,4,3,1,0.4866285319440067,,973.9
11964,5.7,1,4,3,1,0.4866285319440067,,974.0
11965,-2.3000000000000003,0,4,3,1,0.4866285319440067,,974.0
11966,-4.300000000000001,0,4,3,1,0.4866285319440067,,974.1
11967,-4.300000000000001,0,4,3,1,0.4866285319440067,,974.2
11968,-2.3000000000000003,0,4,3,1,0.4866285319440067,,974.2
11969,-2.3000000000000003,0,4,3,1,0.4866285319440067,,974.3
11970,-5.6000000000000005,0,6,3,1,0.4866285319440067,,974.4
11971,-4.300000000000001,0,4,3,1,0.4866285319440067,,974.4
11972,-2.3000000000000003,0,4,3,1,0.4866285319440067,,974.4
11973,-4.300000000000001,0,4,3,1,0.4866285319440067,,974.5
11974,5.7,1,4,3,1,0.4866285319440067,,974.5
11975,-4.300000000000001,0,4,3,1,0.4866285319440067,,974.6
11976,5.7,1,4,3,1,0.4866285319440067,,974.7
11977,-5.4,0,5,4,1,0.4866285319440067,,974.7
11978,-4.300000000000001,0,4,3,1,0.4866285319440067,,974.7
11979,-0.30000000000000004,0,4,3,1,0.4866285319440067,,974.8
11980,-4.300000000000001,0,4,3,1,0.4866285319440067,,974.8
11981,-4.300000000000001,0,4,3,1,0.4866285319440067,,974.9
11982,-0.30000000000000004,0,4,3,1,0.4866285319440067,,974.9
11983,-4.300000000000001,0,4,3,1,0.4866285319440067,,975.0
11984,-4.300000000000001,0,4,3,1,0.4866285319440067,,975.0
11985,-4.300000000000001,0,4,3,1,0.4866285319440067,,975.1
11986,-4.300000000000001,0,4,3,1,0.4866285319440067,,975.2
11987,5.7,1,4,3,1,0.4866285319440067,,975.2
11988,-4.300000000000001,0,4,3,1,0.4866285319440067,,975.3
11989,-0.30000000000000004,0,4,3,1,0.4866285319440067,,975.4
11990,-4.300000000000001,0,4,3,1,0.4866285319440067,,975.5
11991,-4.300000000000001,0,4,3,1,0.4866285319440067,,975.5
11992,-2.3000000000000003,0,4,3,1,0.4866285319440067,,975.5
11993,5.7,1,4,3,1,0.4866285319440067,,975.6
11994,-4.300000000000001,0,4,3,1,0.4866285319440067,,975.7
11995,-2.3000000000000003,0,4,3,1,0.4866285319440067,,975.7
11996,-2.3000000000000003,0,4,3,1,0.4866285319440067,,975.8
11997,-4.300000000000001,0,4,3,1,0.4866285319440067,,975.9
11998,-4.300000000000001,0,4,3,1,0.4866285319440067,,976.0
11999,-2.3000000000000003,0,4,3,1,0.4866285319440067,,976.0
