episode,return,success,steps,final_depth,committed,explore,loss,wall
0,-1.4000000000000001,0,5,4,1,0.0,,0.7
1,-10.600000000000001,0,12,4,0,0.0,,0.8
2,-5.4,0,5,4,1,0.0,,0.9
3,-5.4,0,5,4,1,0.0,,1.0
4,-5.4,0,5,4,1,0.0,,1.1
5,-9.5,0,12,3,1,0.0,,1.2
6,-4.300000000000001,0,4,3,1,0.0,,1.3
7,-8.6,0,12,4,0,0.0,,1.4
8,-11.6,0,12,4,0,0.0,,1.5
9,-4.300000000000001,0,4,3,1,0.0,,1.6
10,-5.0,0,9,4,1,0.0,,1.7
11,-6.9,0,8,3,1,0.0,,1.8
12,-8.5,0,12,3,1,0.0,,1.9
13,-8.0,0,9,4,1,0.0,,2.0
14,-0.6000000000000001,0,6,3,1,0.0,,2.1
15,-2.3000000000000003,0,4,3,1,0.0,,2.2
16,-8.000000000000002,0,9,4,1,0.0,,2.4
17,-8.0,0,9,4,1,0.0,,2.5
18,-12.600000000000001,0,12,4,0,0.0,,2.6
19,-8.0,0,9,4,1,0.0,,2.7
20,-8.3,0,11,4,1,0.0,,2.8
21,-6.9,0,8,3,1,0.0,,2.8
22,-5.6000000000000005,0,6,3,1,0.0,,2.9
23,-5.9,0,8,3,1,0.0,,3.0
24,-6.9,0,8,3,1,0.0,,3.1
25,-5.700000000000001,0,7,4,1,0.0,,3.1
26,-2.3000000000000003,0,4,3,1,0.0,,3.2
27,-4.700000000000001,0,7,4,1,0.0,,3.3
28,-10.600000000000001,0,12,4,0,0.0,,3.4
29,-8.6,0,12,4,0,0.0,,3.5
30,-5.4,0,5,4,1,0.0,,3.6
31,-5.4,0,5,4,1,0.0,,3.7
32,-1.6,0,6,3,1,0.0,,3.8
33,-4.300000000000001,0,4,3,1,0.0,,3.9
34,-4.300000000000001,0,4,3,1,0.0,,3.9
35,-5.4,0,5,4,1,0.0,,4.1
36,-6.900000000000001,0,8,3,1,0.0,,4.1
37,-8.3,0,11,4,1,0.0,,4.2
38,-5.4,0,5,4,1,0.0,,4.3
39,-4.300000000000001,0,4,3,1,0.0,,4.4
40,-2.0,0,9,4,1,0.0,,4.5
41,-8.000000000000002,0,9,4,1,0.0,,4.6
42,-5.6000000000000005,0,6,3,1,0.0,,4.7
43,-6.700000000000001,0,7,4,1,0.0,,4.8
44,-2.0,0,9,4,1,0.0,,4.9
45,-11.600000000000001,0,12,4,0,0.0,,5.1
46,-5.9,0,8,3,1,0.0,,5.2
47,-4.7,0,7,4,1,0.0,,5.3
48,-5.4,0,5,4,1,0.0,,5.4
49,-4.300000000000001,0,4,3,1,0.0,,5.5
50,-4.300000000000001,0,4,3,1,0.0,,5.6
51,-6.200000000000001,0,10,3,1,0.0,,5.7
52,-6.000000000000001,0,9,4,1,0.0,,5.8
53,-6.700000000000001,0,7,4,1,0.0,,5.9
54,-3.4000000000000004,0,5,4,1,0.0,,6.0
55,-3.4000000000000004,0,5,4,1,0.0,,6.1
56,-8.000000000000002,0,9,4,1,0.0,,6.2
57,-5.4,0,5,4,1,0.0,,6.4
58,-8.0,0,9,4,1,0.0,,6.5
59,-5.4,0,5,4,1,0.0,,6.6
60,-8.6,0,12,4,0,0.0,,6.7
61,-8.000000000000002,0,9,4,1,0.0,,6.8
62,-8.6,0,12,4,0,0.0,,6.9
63,-9.3,0,11,4,1,0.0,,7.0
64,-8.0,0,9,4,1,0.0,,7.1
65,-3.6000000000000005,0,6,3,1,0.0,,7.2
66,-4.0,0,9,4,1,0.0,,7.3
67,-9.3,0,11,4,1,0.0,,7.4
68,-4.300000000000001,0,4,3,1,0.0,,7.5
69,-5.4,0,5,4,1,0.0,,7.6
70,-5.4,0,5,4,1,0.0,,7.7
71,-5.6000000000000005,0,6,3,1,0.0,,7.8
72,-8.5,0,12,3,1,0.0,,7.9
73,-5.6000000000000005,0,6,3,1,0.0,,8.0
74,-3.4000000000000004,0,5,4,1,0.0,,8.1
75,-9.7,0,12,2,0,0.0,,8.2
76,-2.6000000000000005,0,6,3,1,0.0,,8.3
77,-10.600000000000001,0,12,4,0,0.0,,8.4
78,-2.3000000000000003,0,4,3,1,0.0,,8.4
79,-4.300000000000001,0,4,3,1,0.0,,8.5
80,-6.700000000000001,0,7,4,1,0.0,,8.6
81,-6.9,0,8,3,1,0.0,,8.7
82,-7.2,0,10,3,1,0.0,,8.8
83,-8.000000000000002,0,9,4,1,0.0,,8.9
84,-4.300000000000001,0,4,3,1,0.0,,9.0
85,-9.300000000000002,0,11,4,1,0.0,,9.1
86,-11.7,0,12,2,0,0.0,,9.2
87,-10.7,0,12,2,0,0.0,,9.3
88,-6.700000000000001,0,7,4,1,0.0,,9.4
89,-7.000000000000001,0,9,4,1,0.0,,9.5
90,-4.300000000000001,0,4,3,1,0.0,,9.6
91,-0.9000000000000004,0,8,3,1,0.0,,9.7
92,-4.9,0,8,3,1,0.0,,9.8
93,-8.3,0,11,4,1,0.0,,9.9
94,-8.3,0,11,4,1,0.0,,10.1
95,-8.0,0,9,4,1,0.0,,10.2
96,-12.6,0,12,4,0,0.0,,10.3
97,-6.0,0,9,4,1,0.0,,10.4
98,-5.4,0,5,4,1,0.0,,10.4
99,-2.6000000000000005,0,6,3,1,0.0,,10.5
100,-7.5,0,12,3,1,0.0,,10.7
101,-5.6000000000000005,0,6,3,1,0.0,,10.8
102,-5.6000000000000005,0,6,3,1,0.0,,10.9
103,-8.299999999999999,0,11,4,1,0.0,,11.0
104,-6.700000000000001,0,7,4,1,0.0,,11.1
105,-5.4,0,5,4,1,0.0,,11.2
106,-5.4,0,5,4,1,0.0,,11.3
107,-7.300000000000001,0,11,4,1,0.0,,11.4
108,-5.4,0,5,4,1,0.0,,11.5
109,-4.7,0,7,4,1,0.0,,11.6
110,-0.30000000000000004,0,4,3,1,0.0,,11.6
111,-2.9000000000000004,0,8,3,1,0.0,,11.7
112,-4.300000000000001,0,4,3,1,0.0,,11.8
113,-6.700000000000001,0,7,4,1,0.0,,11.9
114,-6.300000000000001,0,11,4,1,0.0,,12.0
115,-3.4000000000000004,0,5,4,1,0.0,,12.1
116,-5.6000000000000005,0,6,3,1,0.0,,12.1
117,-10.600000000000001,0,12,4,0,0.0,,12.2
118,-4.300000000000001,0,4,3,1,0.0,,12.3
119,-5.6000000000000005,0,6,3,1,0.0,,12.4
120,-9.3,0,11,4,1,0.0,,12.5
121,-3.4000000000000004,0,5,4,1,0.0,,12.6
122,-6.700000000000001,0,7,4,1,0.0,,12.7
123,-5.4,0,5,4,1,0.0,,12.8
124,-7.000000000000001,0,9,4,1,0.0,,12.9
125,-1.6,0,6,3,1,0.0,,13.0
126,-5.7,0,7,4,1,0.0,,13.1
127,-5.4,0,5,4,1,0.0,,13.2
128,-8.3,0,11,4,1,0.0,,13.3
129,-6.200000000000001,0,10,3,1,0.0,,13.4
130,-4.300000000000001,0,4,3,1,0.0,,13.5
131,-6.9,0,8,3,1,0.0,,13.6
132,-6.700000000000001,0,7,4,1,0.0,,13.7
133,-8.3,0,11,4,1,0.0,,13.8
134,-6.700000000000001,0,7,4,1,0.0,,13.9
135,-7.800000000000002,0,12,0,0,0.0,,14.0
136,-2.3000000000000003,0,4,3,1,0.0,,14.1
137,-5.7,0,7,4,1,0.0,,14.2
138,-5.000000000000001,0,9,4,1,0.0,,14.3
139,-6.9,0,8,3,1,0.0,,14.4
140,-10.700000000000001,0,12,2,0,0.0,,14.5
141,-5.6000000000000005,0,6,3,1,0.0,,14.6
142,-5.4,0,5,4,1,0.0,,14.8
143,-4.700000000000001,0,7,4,1,0.0,,14.9
144,-5.4,0,5,4,1,0.0,,14.9
145,-5.4,0,5,4,1,0.0,,15.0
146,-4.300000000000001,0,4,3,1,0.0,,15.1
147,-9.7,0,12,2,0,0.0,,15.3
148,-6.200000000000001,0,10,3,1,0.0,,15.4
149,-5.4,0,5,4,1,0.0,,15.4
150,-4.300000000000001,0,4,3,1,0.0,,15.5
151,-1.4000000000000001,0,5,4,1,0.0,,15.6
152,-5.4,0,5,4,1,0.0,,15.7
153,-6.700000000000001,0,7,4,1,0.0,,15.8
154,-4.300000000000001,0,4,3,1,0.0,,15.9
155,-6.900000000000001,0,8,3,1,0.0,,16.0
156,5.4,1,6,3,1,0.0,,16.1
157,-6.3,0,11,4,1,0.0,,16.2
158,-6.200000000000001,0,10,3,1,0.0,,16.3
159,-5.7,0,7,4,1,0.0,,16.4
160,-3.4000000000000004,0,5,4,1,0.0,,16.5
161,-5.6000000000000005,0,6,3,1,0.0,,16.6
162,-7.0,0,9,4,1,0.0,,16.7
163,-4.300000000000001,0,4,3,1,0.0,,16.8
164,-5.6000000000000005,0,6,3,1,0.0,,16.9
165,-7.300000000000001,0,11,4,1,0.0,,17.0
166,-6.700000000000001,0,7,4,1,0.0,,17.1
167,-8.2,0,10,3,1,0.0,,17.2
168,-5.6000000000000005,0,6,3,1,0.0,,17.3
169,-5.4,0,5,4,1,0.0,,17.4
170,-9.7,0,12,2,0,0.0,,17.6
171,-5.4,0,5,4,1,0.0,,17.7
172,-6.300000000000001,0,11,4,1,0.0,,17.8
173,-8.000000000000002,0,9,4,1,0.0,,17.8
174,-4.300000000000001,0,4,3,1,0.0,,17.9
175,-2.9000000000000004,0,8,3,1,0.0,,18.0
176,-4.700000000000001,0,7,4,1,0.0,,18.1
177,-7.000000000000001,0,9,4,1,0.0,,18.2
178,-8.3,0,11,4,1,0.0,,18.3
179,-3.900000000000001,0,8,3,1,0.0,,18.4
180,-6.000000000000001,0,9,4,1,0.0,,18.6
181,-7.2,0,10,3,1,0.0,,18.7
182,-0.30000000000000004,0,4,3,1,0.0,,18.7
183,-5.4,0,5,4,1,0.0,,18.8
184,-9.3,0,11,4,1,0.0,,19.0
185,-3.7,0,7,4,1,0.0,,19.1
186,-6.900000000000001,0,8,3,1,0.0,,19.2
187,-7.300000000000001,0,11,4,1,0.0,,19.3
188,-7.2,0,10,3,1,0.0,,19.4
189,-5.4,0,5,4,1,0.0,,19.5
190,-5.4,0,5,4,1,0.0,,19.6
191,-3.4000000000000004,0,5,4,1,0.0,,19.7
192,-7.000000000000001,0,9,4,1,0.0,,19.8
193,-9.6,0,12,4,0,0.0,,19.9
194,-10.6,0,12,4,0,0.0,,20.0
195,-5.6000000000000005,0,6,3,1,0.0,,20.1
196,-6.700000000000001,0,7,4,1,0.0,,20.2
197,-5.6000000000000005,0,6,3,1,0.0,,20.3
198,-6.200000000000001,0,10,3,1,0.0,,20.4
199,-9.600000000000001,0,12,4,0,0.0,,20.5
200,-5.4,0,5,4,1,0.0,,20.6
201,-6.9,0,8,3,1,0.0,,20.7
202,-4.0,0,9,4,1,0.0,,20.8
203,-3.4000000000000004,0,5,4,1,0.0,,20.9
204,-5.4,0,5,4,1,0.0,,20.9
205,-7.300000000000001,0,11,4,1,0.0,,21.1
206,-9.6,0,12,4,0,0.0,,21.2
207,-4.300000000000001,0,4,3,1,0.0,,21.3
208,4.4,1,6,3,1,0.0,,21.4
209,-5.6000000000000005,0,6,3,1,0.0,,21.4
210,-6.700000000000001,0,7,4,1,0.0,,21.5
211,-3.4000000000000004,0,5,4,1,0.0,,21.6
212,-6.700000000000001,0,7,4,1,0.0,,21.7
213,-4.9,0,8,3,1,0.0,,21.8
214,-5.4,0,5,4,1,0.0,,21.9
215,-7.2,0,10,3,1,0.0,,22.0
216,-5.7,0,7,4,1,0.0,,22.0
217,-3.6000000000000005,0,6,3,1,0.0,,22.1
218,-6.700000000000001,0,7,4,1,0.0,,22.2
219,-5.4,0,5,4,1,0.0,,22.2
220,-6.700000000000001,0,7,4,1,0.0,,22.4
221,-6.700000000000001,0,7,4,1,0.0,,22.4
222,-5.6000000000000005,0,6,3,1,0.0,,22.5
223,-5.4,0,5,4,1,0.0,,22.6
224,-6.700000000000001,0,7,4,1,0.0,,22.7
225,-4.6,0,6,3,1,0.0,,22.8
226,-5.4,0,5,4,1,0.0,,22.9
227,-10.7,0,12,2,0,0.0,,23.0
228,-8.7,0,12,2,0,0.0,,23.1
229,-4.300000000000001,0,4,3,1,0.0,,23.2
230,-5.4,0,5,4,1,0.0,,23.3
231,-4.300000000000001,0,4,3,1,0.0,,23.3
232,-6.000000000000001,0,9,4,1,0.0,,23.5
233,-5.6000000000000005,0,6,3,1,0.0,,23.5
234,-5.6000000000000005,0,6,3,1,0.0,,23.6
235,-2.3000000000000003,0,4,3,1,0.0,,23.7
236,-7.300000000000001,0,11,4,1,0.0,,23.8
237,-8.000000000000002,0,9,4,1,0.0,,23.9
238,-7.0,0,9,4,1,0.0,,24.0
239,-3.3000000000000003,0,11,4,1,0.0,,24.1
240,-5.9,0,8,3,1,0.0,,24.2
241,-4.300000000000001,0,4,3,1,0.0,,24.3
242,-7.000000000000001,0,9,4,1,0.0,,24.4
243,-4.300000000000001,0,4,3,1,0.0,,24.5
244,-4.700000000000001,0,7,4,1,0.0,,24.6
245,-8.000000000000002,0,9,4,1,0.0,,24.7
246,-6.000000000000001,0,9,4,1,0.0,,24.7
247,-12.6,0,12,4,0,0.0,,24.9
248,-5.4,0,5,4,1,0.0,,24.9
249,-5.4,0,5,4,1,0.0,,25.1
250,-2.9000000000000004,0,8,3,1,0.0,,25.2
251,-5.500000000000002,0,12,3,1,0.0,,25.3
252,-5.7,0,7,4,1,0.0,,25.4
253,-4.300000000000001,0,11,4,1,0.0,,25.6
254,-4.7,0,7,4,1,0.0,,25.6
255,-6.700000000000001,0,7,4,1,0.0,,25.7
256,-4.300000000000001,0,4,3,1,0.0,,25.8
257,-11.600000000000001,0,12,4,0,0.0,,25.9
258,-7.300000000000001,0,11,4,1,0.0,,26.0
259,-5.4,0,5,4,1,0.0,,26.1
260,-5.4,0,5,4,1,0.0,,26.2
261,-8.600000000000001,0,12,4,0,0.0,,26.3
262,-1.6,0,6,3,1,0.0,,26.4
263,-5.4,0,5,4,1,0.0,,26.5
264,-5.4,0,5,4,1,0.0,,26.6
265,-3.4000000000000004,0,5,4,1,0.0,,26.7
266,-6.900000000000001,0,8,3,1,0.0,,26.8
267,-6.9,0,8,3,1,0.0,,26.9
268,-4.6,0,6,3,1,0.0,,27.0
269,-6.700000000000001,0,7,4,1,0.0,,27.1
270,-4.0,0,9,4,1,0.0,,27.2
271,-4.6000000000000005,0,6,3,1,1.4596235137432814,0.7842293286230415,28.2
272,0.2999999999999998,0,7,4,1,1.4596235137432814,,28.3
273,-4.700000000000001,0,7,4,1,1.4596235137432814,,28.3
274,-8.200000000000001,0,10,3,1,1.4596235137432814,,28.5
275,-0.30000000000000004,0,4,3,1,1.4596235137432814,,28.5
276,-3.4000000000000004,0,5,4,1,1.4596235137432814,,28.6
277,-4.6000000000000005,0,6,3,1,1.4596235137432814,,28.7
278,-5.4,0,5,4,1,1.4596235137432814,,28.8
279,-5.4,0,5,4,1,1.4596235137432814,,28.9
280,-4.300000000000001,0,4,3,1,1.4596235137432814,,28.9
281,-4.300000000000001,0,4,3,1,1.4596235137432814,,29.0
282,-6.700000000000001,0,7,4,1,1.4596235137432814,,29.1
283,-4.6,0,6,3,1,1.4596235137432814,,29.2
284,-7.300000000000001,0,11,4,1,1.4596235137432814,,29.3
285,-5.4,0,5,4,1,1.4596235137432814,,29.4
286,-5.4,0,5,4,1,1.4596235137432814,,29.5
287,-1.4000000000000001,0,5,4,1,1.4596235137432814,,29.6
288,-5.6000000000000005,0,6,3,1,1.4596235137432814,,29.6
289,-5.9,0,8,3,1,1.4596235137432814,,29.7
290,-5.4,0,5,4,1,1.4596235137432814,,29.8
291,-6.300000000000001,0,11,4,1,1.4596235137432814,,30.0
292,-9.3,0,11,4,1,1.4596235137432814,,30.1
293,-10.6,0,12,4,0,1.4596235137432814,,30.2
294,-5.4,0,5,4,1,1.4596235137432814,,30.3
295,-7.0,0,9,4,1,1.4596235137432814,,30.4
296,-4.300000000000001,0,4,3,1,1.4596235137432814,,30.5
297,-4.300000000000001,0,4,3,1,1.4596235137432814,,30.6
298,-4.300000000000001,0,4,3,1,1.4596235137432814,,30.7
299,-3.4000000000000004,0,5,4,1,1.4596235137432814,,30.7
300,-5.4,0,5,4,1,1.4596235137432814,,30.8
301,-3.4000000000000004,0,5,4,1,1.4596235137432814,,30.9
302,-0.6000000000000001,0,6,3,1,1.4596235137432814,,31.0
303,-4.300000000000001,0,4,3,1,1.4596235137432814,,31.1
304,-1.9000000000000001,0,8,3,1,1.4596235137432814,,31.2
305,-3.6000000000000005,0,6,3,1,1.4596235137432814,,31.3
306,-4.300000000000001,0,4,3,1,1.4596235137432814,,31.3
307,-4.300000000000001,0,4,3,1,1.4596235137432814,,31.4
308,-5.4,0,5,4,1,1.4596235137432814,,31.5
309,-3.9000000000000004,0,8,3,1,1.4596235137432814,,31.6
310,-5.4,0,5,4,1,1.4596235137432814,,31.7
311,-6.000000000000001,0,9,4,1,1.4596235137432814,,31.8
312,-5.4,0,5,4,1,1.4596235137432814,,31.9
313,-4.300000000000001,0,4,3,1,1.4596235137432814,,32.0
314,-0.30000000000000004,0,4,3,1,1.4596235137432814,,32.0
315,-3.4000000000000004,0,5,4,1,1.4596235137432814,,32.1
316,-2.3000000000000003,0,4,3,1,1.4596235137432814,,32.2
317,-5.6000000000000005,0,6,3,1,1.4596235137432814,,32.2
318,-5.4,0,5,4,1,1.4596235137432814,,32.3
319,-5.4,0,5,4,1,1.4596235137432814,,32.4
320,-11.7,0,12,2,0,1.4596235137432814,,32.6
321,-5.4,0,5,4,1,1.4596235137432814,,32.7
322,-6.700000000000001,0,7,4,1,1.4596235137432814,,32.8
323,-4.300000000000001,0,4,3,1,1.4596235137432814,,32.9
324,-7.0,0,9,4,1,1.4596235137432814,,32.9
325,-4.9,0,8,3,1,1.4596235137432814,,33.1
326,-5.6000000000000005,0,6,3,1,1.4596235137432814,,33.1
327,-2.3000000000000003,0,4,3,1,1.4596235137432814,,33.2
328,-6.700000000000001,0,7,4,1,1.4596235137432814,,33.3
329,-8.600000000000001,0,12,4,0,1.4596235137432814,,33.4
330,-5.4,0,5,4,1,1.4596235137432814,,33.5
331,-6.700000000000001,0,7,4,1,1.4596235137432814,,33.6
332,-4.300000000000001,0,4,3,1,1.4596235137432814,,33.7
333,-6.900000000000001,0,8,3,1,1.4596235137432814,,33.8
334,-4.000000000000001,0,9,4,1,1.4596235137432814,,33.9
335,-2.7,0,7,4,1,1.4596235137432814,,34.0
336,-3.4000000000000004,0,5,4,1,1.4596235137432814,,34.1
337,-4.6000000000000005,0,6,3,1,1.4596235137432814,,34.2
338,-4.300000000000001,0,4,3,1,1.4596235137432814,,34.2
339,-5.4,0,5,4,1,1.4596235137432814,,34.3
340,-7.500000000000001,0,12,3,1,1.4596235137432814,,34.4
341,-1.4000000000000001,0,5,4,1,1.4596235137432814,,34.5
342,-6.700000000000001,0,7,4,1,1.4596235137432814,,34.6
343,-4.9,0,8,3,1,1.4596235137432814,,34.7
344,-1.4000000000000001,0,5,4,1,1.4596235137432814,,34.8
345,-9.3,0,11,4,1,1.4596235137432814,,34.9
346,-7.000000000000002,0,9,4,1,1.4596235137432814,,35.1
347,-5.6000000000000005,0,6,3,1,1.4596235137432814,,35.2
348,-6.700000000000001,0,7,4,1,1.4596235137432814,,35.2
349,-1.6,0,6,3,1,1.4596235137432814,,35.3
350,-5.4,0,5,4,1,1.4596235137432814,,35.4
351,-6.700000000000001,0,7,4,1,1.4596235137432814,,35.5
352,-3.7000000000000006,0,7,4,1,1.4596235137432814,,35.6
353,-6.9,0,8,3,1,1.4596235137432814,,35.6
354,-4.300000000000001,0,4,3,1,1.4596235137432814,,35.7
355,-5.700000000000001,0,7,4,1,1.4596235137432814,,35.8
356,-5.4,0,5,4,1,1.4596235137432814,,36.0
357,-6.700000000000001,0,7,4,1,1.4596235137432814,,36.0
358,-1.4000000000000001,0,5,4,1,1.4596235137432814,,36.1
359,-5.6000000000000005,0,6,3,1,1.4596235137432814,,36.2
360,-6.000000000000001,0,9,4,1,1.4596235137432814,,36.3
361,-6.700000000000001,0,7,4,1,1.4596235137432814,,36.4
362,-4.300000000000001,0,4,3,1,1.4596235137432814,,36.5
363,-9.3,0,11,4,1,1.4596235137432814,,36.6
364,-1.6,0,6,3,1,1.4596235137432814,,36.7
365,-7.000000000000002,0,9,4,1,1.4596235137432814,,36.8
366,-11.600000000000001,0,12,4,0,1.4596235137432814,,36.9
367,-3.4000000000000004,0,5,4,1,1.4596235137432814,,36.9
368,-8.3,0,11,4,1,1.4596235137432814,,37.1
369,-2.3000000000000003,0,4,3,1,1.4596235137432814,,37.1
370,-6.700000000000001,0,7,4,1,1.4596235137432814,,37.2
371,-5.6000000000000005,0,6,3,1,1.4596235137432814,,37.3
372,-5.4,0,5,4,1,1.4596235137432814,,37.4
373,-5.4,0,5,4,1,1.4596235137432814,,37.4
374,-8.3,0,11,4,1,1.4596235137432814,,37.5
375,-5.4,0,5,4,1,1.4596235137432814,,37.6
376,-5.6000000000000005,0,6,3,1,1.4596235137432814,,37.7
377,-7.000000000000001,0,9,4,1,1.4596235137432814,,37.8
378,-5.6000000000000005,0,6,3,1,1.4596235137432814,,37.9
379,-5.4,0,5,4,1,1.4596235137432814,,38.0
380,-6.000000000000001,0,9,4,1,1.4596235137432814,,38.1
381,-3.4000000000000004,0,5,4,1,1.4596235137432814,,38.2
382,-6.700000000000001,0,7,4,1,1.4596235137432814,,38.3
383,-4.300000000000001,0,4,3,1,1.4596235137432814,,38.4
384,-5.4,0,5,4,1,1.4596235137432814,,38.4
385,-2.7,0,7,4,1,1.4596235137432814,,38.6
386,-5.4,0,5,4,1,1.4596235137432814,,38.6
387,-7.300000000000001,0,11,4,1,1.4596235137432814,,38.7
388,-5.7,0,7,4,1,1.4596235137432814,,38.8
389,-3.4000000000000004,0,5,4,1,1.4596235137432814,,38.9
390,-6.700000000000001,0,7,4,1,1.4596235137432814,,39.0
391,-5.4,0,5,4,1,1.4596235137432814,,39.1
392,-6.300000000000001,0,11,4,1,1.4596235137432814,,39.2
393,-4.300000000000001,0,4,3,1,1.4596235137432814,,39.3
394,-5.6000000000000005,0,6,3,1,1.4596235137432814,,39.3
395,-5.4,0,5,4,1,1.4596235137432814,,39.4
396,-4.300000000000001,0,4,3,1,1.4596235137432814,,39.6
397,-5.000000000000001,0,9,4,1,1.4596235137432814,,39.7
398,-5.6000000000000005,0,6,3,1,1.4596235137432814,,39.8
399,-7.0,0,9,4,1,1.4596235137432814,,39.9
400,-5.4,0,5,4,1,1.4596235137432814,,40.0
401,-4.6000000000000005,0,6,3,1,1.4596235137432814,,40.1
402,-4.300000000000001,0,4,3,1,1.4596235137432814,,40.1
403,-5.6000000000000005,0,6,3,1,1.4596235137432814,,40.3
404,-5.6000000000000005,0,6,3,1,1.4596235137432814,,40.3
405,-7.300000000000001,0,11,4,1,1.4596235137432814,,40.4
406,-4.7,0,7,4,1,1.4596235137432814,,40.5
407,-3.4000000000000004,0,5,4,1,1.4596235137432814,,40.6
408,-5.4,0,5,4,1,1.4596235137432814,,40.7
409,-2.3000000000000003,0,4,3,1,1.4596235137432814,,40.8
410,-5.6000000000000005,0,6,3,1,1.4596235137432814,,40.9
411,-3.4000000000000004,0,5,4,1,1.4596235137432814,,41.0
412,-8.700000000000001,0,12,2,0,1.4596235137432814,,41.1
413,-6.900000000000001,0,8,3,1,1.4596235137432814,,41.2
414,-6.900000000000001,0,8,3,1,1.4596235137432814,,41.3
415,-6.700000000000001,0,7,4,1,1.4596235137432814,,41.4
416,-5.4,0,5,4,1,1.4596235137432814,,41.5
417,-4.300000000000001,0,4,3,1,1.4596235137432814,,41.6
418,-5.0,0,9,4,1,1.4596235137432814,,41.7
419,-1.7000000000000002,0,7,4,1,1.4596235137432814,,41.8
420,-4.300000000000001,0,4,3,1,1.4596235137432814,,41.9
421,-2.7,0,7,4,1,1.4596235137432814,,42.0
422,-5.000000000000001,0,9,4,1,1.4596235137432814,,42.1
423,-5.9,0,8,3,1,1.4596235137432814,,42.1
424,-8.000000000000002,0,9,4,1,1.4596235137432814,,42.2
425,1.2999999999999998,0,7,4,1,1.4596235137432814,,42.3
426,-4.300000000000001,0,4,3,1,1.4596235137432814,,42.4
427,-6.900000000000001,0,8,3,1,1.4596235137432814,,42.5
428,-5.4,0,5,4,1,1.4596235137432814,,42.6
429,-4.300000000000001,0,4,3,1,1.4596235137432814,,42.7
430,-6.700000000000001,0,7,4,1,1.4596235137432814,,42.8
431,-8.3,0,11,4,1,1.4596235137432814,,42.9
432,-9.3,0,11,4,1,1.4596235137432814,,43.0
433,-5.4,0,5,4,1,1.4596235137432814,,43.1
434,-2.3000000000000003,0,4,3,1,1.4596235137432814,,43.2
435,-6.700000000000001,0,7,4,1,1.4596235137432814,,43.3
436,-6.700000000000001,0,7,4,1,1.4596235137432814,,43.4
437,-3.4000000000000004,0,5,4,1,1.4596235137432814,,43.4
438,-8.000000000000002,0,9,4,1,1.4596235137432814,,43.6
439,-4.300000000000001,0,4,3,1,1.4596235137432814,,43.6
440,-8.200000000000003,0,10,3,1,1.4596235137432814,,43.8
441,-5.6000000000000005,0,6,3,1,1.4596235137432814,,43.9
442,-5.4,0,5,4,1,1.4596235137432814,,44.0
443,-5.4,0,5,4,1,1.4596235137432814,,44.1
444,-6.700000000000001,0,7,4,1,1.4596235137432814,,44.2
445,-4.6000000000000005,0,6,3,1,1.4596235137432814,,44.2
446,-5.6000000000000005,0,6,3,1,1.4596235137432814,,44.3
447,-3.7,0,7,4,1,1.4596235137432814,,44.4
448,-4.300000000000001,0,4,3,1,1.4596235137432814,,44.5
449,-7.0,0,9,4,1,1.4596235137432814,,44.6
450,-6.0,0,9,4,1,1.4596235137432814,,44.8
451,-10.6,0,12,4,0,1.4596235137432814,,44.9
452,-8.000000000000002,0,9,4,1,1.4596235137432814,,44.9
453,-4.0,0,9,4,1,1.4596235137432814,,45.1
454,-2.9000000000000004,0,8,3,1,1.4596235137432814,,45.2
455,-5.000000000000001,0,9,4,1,1.4596235137432814,,45.3
456,-9.600000000000001,0,12,4,0,1.4596235137432814,,45.4
457,-7.0,0,9,4,1,1.4596235137432814,,45.6
458,-6.900000000000001,0,8,3,1,1.4596235137432814,,45.7
459,-4.300000000000001,0,11,4,1,1.4596235137432814,,45.8
460,-4.300000000000001,0,4,3,1,1.4596235137432814,,45.9
461,-3.4000000000000004,0,5,4,1,1.4596235137432814,,46.0
462,-4.300000000000001,0,4,3,1,1.4596235137432814,,46.1
463,-5.4,0,5,4,1,1.4596235137432814,,46.2
464,-3.7,0,7,4,1,1.4596235137432814,,46.3
465,-7.700000000000001,0,12,2,0,1.4596235137432814,,46.4
466,-6.200000000000001,0,10,3,1,1.4596235137432814,,46.5
467,-6.900000000000001,0,8,3,1,1.4596235137432814,,46.6
468,-4.6000000000000005,0,6,3,1,1.4596235137432814,,46.7
469,-3.4000000000000004,0,5,4,1,1.4596235137432814,,46.8
470,-4.300000000000001,0,4,3,1,1.4596235137432814,,46.9
471,-6.900000000000001,0,8,3,1,1.4596235137432814,,47.0
472,-5.4,0,5,4,1,1.4596235137432814,,47.1
473,-4.700000000000001,0,7,4,1,1.4596235137432814,,47.2
474,-5.4,0,5,4,1,1.4596235137432814,,47.3
475,-12.6,0,12,4,0,1.4596235137432814,,47.4
476,-11.700000000000003,0,12,2,0,1.4596235137432814,,47.5
477,-10.700000000000003,0,12,2,0,1.4596235137432814,,47.6
478,-5.6000000000000005,0,6,3,1,1.4596235137432814,,47.7
479,-5.4,0,5,4,1,1.4596235137432814,,47.8
480,-0.30000000000000004,0,4,3,1,1.4596235137432814,,47.9
481,-5.6000000000000005,0,6,3,1,1.4596235137432814,,48.0
482,-4.0,0,9,4,1,1.4596235137432814,,48.1
483,-4.6000000000000005,0,6,3,1,1.4596235137432814,,48.2
484,-4.300000000000001,0,4,3,1,1.4596235137432814,,48.2
485,-9.3,0,11,4,1,1.4596235137432814,,48.4
486,-5.4,0,5,4,1,1.4596235137432814,,48.4
487,-5.4,0,5,4,1,1.4596235137432814,,48.5
488,-4.300000000000001,0,4,3,1,1.4596235137432814,,48.6
489,-6.700000000000001,0,7,4,1,1.4596235137432814,,48.7
490,-4.300000000000001,0,4,3,1,1.4596235137432814,,48.8
491,-6.700000000000001,0,7,4,1,1.4596235137432814,,48.9
492,-6.700000000000001,0,7,4,1,1.4596235137432814,,48.9
493,-6.900000000000001,0,8,3,1,1.4596235137432814,,49.0
494,-6.700000000000001,0,7,4,1,1.4596235137432814,,49.1
495,-6.900000000000001,0,8,3,1,1.4596235137432814,,49.3
496,-5.6000000000000005,0,6,3,1,1.4596235137432814,,49.4
497,-5.700000000000001,0,7,4,1,1.4596235137432814,,49.5
498,-8.3,0,11,4,1,1.4596235137432814,,49.6
499,-1.4000000000000001,0,5,4,1,1.4596235137432814,,49.7
500,-3.4000000000000004,0,5,4,1,1.4596235137432814,,49.8
501,-2.3000000000000003,0,4,3,1,1.4596235137432814,,58.1
502,-4.300000000000001,0,4,3,1,1.4596235137432814,,58.2
503,-5.7,0,7,4,1,1.4596235137432814,,58.2
504,-5.4,0,5,4,1,1.4596235137432814,,58.4
505,-3.4000000000000004,0,5,4,1,1.4596235137432814,,58.4
506,-4.300000000000001,0,4,3,1,1.4596235137432814,,58.5
507,-2.6000000000000005,0,6,3,1,1.4596235137432814,,58.6
508,-4.300000000000001,0,4,3,1,1.4596235137432814,,58.7
509,-5.6000000000000005,0,6,3,1,1.4596235137432814,,58.7
510,-5.4,0,5,4,1,1.4596235137432814,,58.8
511,-6.700000000000001,0,7,4,1,1.4596235137432814,,58.9
512,-3.4000000000000004,0,5,4,1,1.4596235137432814,,59.0
513,-4.300000000000001,0,4,3,1,1.4596235137432814,,59.0
514,-4.6000000000000005,0,6,3,1,1.4596235137432814,,59.1
515,-7.000000000000002,0,9,4,1,1.4596235137432814,,59.2
516,-0.30000000000000004,0,4,3,1,1.4596235137432814,,59.3
517,-5.6000000000000005,0,6,3,1,1.4596235137432814,,59.4
518,-6.700000000000001,0,7,4,1,1.4596235137432814,,59.5
519,-8.5,0,12,3,1,1.4596235137432814,,59.6
520,-6.700000000000001,0,7,4,1,1.4596235137432814,,59.7
521,-5.9,0,8,3,1,1.4596235137432814,,59.8
522,-6.9,0,8,3,1,1.4596235137432814,,59.9
523,-8.200000000000001,0,10,3,1,1.4596235137432814,,60.0
524,-6.700000000000001,0,7,4,1,1.4596235137432814,,60.1
525,-6.700000000000001,0,7,4,1,1.4596235137432814,,60.1
526,-2.3000000000000003,0,4,3,1,1.4596235137432814,,60.2
527,-8.2,0,10,3,1,1.4596235137432814,,60.3
528,-5.4,0,5,4,1,1.4596235137432814,,60.4
529,-6.700000000000001,0,7,4,1,1.4596235137432814,,60.5
530,-10.6,0,12,4,0,1.4596235137432814,,60.7
531,-5.4,0,5,4,1,1.4596235137432814,,60.8
532,-8.3,0,11,4,1,1.4596235137432814,,60.9
533,-0.30000000000000004,0,4,3,1,1.4596235137432814,,61.0
534,-3.0,0,9,4,1,1.4596235137432814,,61.1
535,-11.6,0,12,4,0,1.4596235137432814,,61.2
536,-4.300000000000001,0,4,3,1,1.4596235137432814,,61.3
537,-5.700000000000001,0,7,4,1,1.4596235137432814,,61.4
538,-4.7,0,7,4,1,1.4596235137432814,,61.5
539,-5.4,0,5,4,1,1.4596235137432814,,61.6
540,-9.7,0,12,2,0,1.4596235137432814,,61.7
541,-4.300000000000001,0,4,3,1,1.4596235137432814,,61.8
542,-5.4,0,5,4,1,1.4596235137432814,,61.9
543,-3.4000000000000004,0,5,4,1,1.4596235137432814,,62.0
544,-4.300000000000001,0,4,3,1,1.4596235137432814,,62.1
545,-5.4,0,5,4,1,1.4596235137432814,,62.1
546,-6.700000000000001,0,7,4,1,1.4596235137432814,,62.2
547,-5.4,0,5,4,1,1.4596235137432814,,62.3
548,-3.4000000000000004,0,5,4,1,1.4596235137432814,,62.4
549,-4.300000000000001,0,4,3,1,1.4596235137432814,,62.4
550,-5.700000000000001,0,7,4,1,1.4596235137432814,,62.5
551,-5.4,0,5,4,1,1.4596235137432814,,62.6
552,-5.6000000000000005,0,6,3,1,1.4596235137432814,,62.7
553,-5.4,0,5,4,1,1.4596235137432814,,62.8
554,-5.4,0,5,4,1,1.4596235137432814,,62.9
555,-1.6,0,6,3,1,1.4596235137432814,,62.9
556,-4.300000000000001,0,4,3,1,1.4596235137432814,,63.0
557,-2.9000000000000004,0,8,3,1,1.4596235137432814,,63.1
558,-5.4,0,5,4,1,1.4596235137432814,,63.2
559,-5.900000000000001,0,8,3,1,1.4596235137432814,,63.3
560,-5.4,0,5,4,1,1.4596235137432814,,63.3
561,-5.4,0,5,4,1,1.4596235137432814,,63.4
562,-4.9,0,8,3,1,1.4596235137432814,,63.5
563,-5.4,0,5,4,1,1.4596235137432814,,63.6
564,-9.3,0,11,4,1,1.4596235137432814,,63.7
565,-4.300000000000001,0,4,3,1,1.4596235137432814,,63.8
566,-5.4,0,5,4,1,1.4596235137432814,,63.9
567,5.7,1,4,3,1,1.4596235137432814,,64.0
568,-5.4,0,5,4,1,1.4596235137432814,,64.1
569,-4.300000000000001,0,4,3,1,1.4596235137432814,,64.2
570,-6.200000000000001,0,10,3,1,1.4596235137432814,,64.3
571,-2.3000000000000003,0,4,3,1,1.4596235137432814,,64.3
572,-5.4,0,5,4,1,1.4596235137432814,,64.4
573,-2.9,0,8,3,1,1.4596235137432814,,64.5
574,-8.000000000000002,0,9,4,1,1.4596235137432814,,64.6
575,-4.300000000000001,0,4,3,1,1.4596235137432814,,64.7
576,-0.30000000000000004,0,4,3,1,1.4596235137432814,,64.8
577,-1.4000000000000001,0,5,4,1,1.4596235137432814,,65.0
578,-4.6,0,6,3,1,1.4596235137432814,,65.0
579,-4.300000000000001,0,4,3,1,1.4596235137432814,,65.1
580,-3.4000000000000004,0,5,4,1,1.4596235137432814,,65.2
581,-6.000000000000001,0,9,4,1,1.4596235137432814,,65.3
582,-8.200000000000001,0,10,3,1,1.4078383510932326,0.6562589150853455,66.1
583,-3.4000000000000004,0,5,4,1,1.4078383510932326,,66.1
584,-5.6000000000000005,0,6,3,1,1.4078383510932326,,66.2
585,-5.6000000000000005,0,6,3,1,1.4078383510932326,,66.3
586,-5.4,0,5,4,1,1.4078383510932326,,66.4
587,-5.6000000000000005,0,6,3,1,1.4078383510932326,,66.5
588,-5.7,0,7,4,1,1.4078383510932326,,66.6
589,-3.3000000000000003,0,11,4,1,1.4078383510932326,,66.7
590,-5.6000000000000005,0,6,3,1,1.4078383510932326,,66.8
591,-5.4,0,5,4,1,1.4078383510932326,,66.9
592,-5.700000000000001,0,7,4,1,1.4078383510932326,,67.0
593,-5.6000000000000005,0,6,3,1,1.4078383510932326,,67.1
594,-6.700000000000001,0,7,4,1,1.4078383510932326,,67.2
595,-3.4000000000000004,0,5,4,1,1.4078383510932326,,67.3
596,-6.700000000000001,0,7,4,1,1.4078383510932326,,67.3
597,-4.700000000000001,0,7,4,1,1.4078383510932326,,67.4
598,-5.6000000000000005,0,6,3,1,1.4078383510932326,,67.5
599,-4.300000000000001,0,4,3,1,1.4078383510932326,,67.6
600,-4.300000000000001,0,4,3,1,1.4078383510932326,,67.7
601,-4.300000000000001,0,4,3,1,1.4078383510932326,,67.7
602,-4.9,0,8,3,1,1.4078383510932326,,67.8
603,-8.500000000000002,0,12,3,1,1.4078383510932326,,68.0
604,-4.6,0,6,3,1,1.4078383510932326,,68.1
605,-5.6000000000000005,0,6,3,1,1.4078383510932326,,68.2
606,-3.6,0,6,3,1,1.4078383510932326,,68.2
607,-5.6000000000000005,0,6,3,1,1.4078383510932326,,68.3
608,-2.3000000000000003,0,4,3,1,1.4078383510932326,,68.5
609,-8.0,0,9,4,1,1.4078383510932326,,68.6
610,-6.0,0,9,4,1,1.4078383510932326,,68.7
611,-5.4,0,5,4,1,1.4078383510932326,,68.8
612,-5.4,0,5,4,1,1.4078383510932326,,68.9
613,-4.300000000000001,0,4,3,1,1.4078383510932326,,69.0
614,-6.200000000000001,0,10,3,1,1.4078383510932326,,69.1
615,-0.6000000000000001,0,6,3,1,1.4078383510932326,,69.2
616,-4.700000000000001,0,7,4,1,1.4078383510932326,,69.2
617,-5.9,0,8,3,1,1.4078383510932326,,69.4
618,-5.9,0,8,3,1,1.4078383510932326,,69.5
619,-6.700000000000001,0,7,4,1,1.4078383510932326,,69.5
620,-3.6000000000000005,0,6,3,1,1.4078383510932326,,69.6
621,-6.699999999999999,0,12,2,0,1.4078383510932326,,69.8
622,5.7,1,4,3,1,1.4078383510932326,,69.8
623,-6.900000000000001,0,8,3,1,1.4078383510932326,,70.0
624,-5.700000000000001,0,7,4,1,1.4078383510932326,,70.0
625,-4.300000000000001,0,4,3,1,1.4078383510932326,,70.1
626,-5.0,0,9,4,1,1.4078383510932326,,70.2
627,-5.9,0,8,3,1,1.4078383510932326,,70.3
628,-3.6000000000000005,0,6,3,1,1.4078383510932326,,70.4
629,-4.300000000000001,0,4,3,1,1.4078383510932326,,70.5
630,-2.3000000000000003,0,4,3,1,1.4078383510932326,,70.6
631,-4.300000000000001,0,4,3,1,1.4078383510932326,,70.6
632,-5.4,0,5,4,1,1.4078383510932326,,70.7
633,-5.4,0,5,4,1,1.4078383510932326,,70.7
634,-7.0,0,9,4,1,1.4078383510932326,,70.8
635,-4.300000000000001,0,4,3,1,1.4078383510932326,,70.9
636,-8.0,0,9,4,1,1.4078383510932326,,71.0
637,-5.4,0,5,4,1,1.4078383510932326,,71.1
638,-3.9000000000000004,0,8,3,1,1.4078383510932326,,71.2
639,-5.4,0,5,4,1,1.4078383510932326,,71.3
640,-4.6000000000000005,0,6,3,1,1.4078383510932326,,71.4
641,-4.300000000000001,0,4,3,1,1.4078383510932326,,71.5
642,-5.4,0,5,4,1,1.4078383510932326,,71.5
643,-6.700000000000001,0,7,4,1,1.4078383510932326,,71.7
644,-5.4,0,5,4,1,1.4078383510932326,,71.7
645,5.7,1,4,3,1,1.4078383510932326,,71.9
646,-4.300000000000001,0,4,3,1,1.4078383510932326,,71.9
647,-4.6,0,6,3,1,1.4078383510932326,,72.0
648,-5.4,0,5,4,1,1.4078383510932326,,72.1
649,-4.300000000000001,0,4,3,1,1.4078383510932326,,72.2
650,-4.700000000000001,0,7,4,1,1.4078383510932326,,72.3
651,-4.6000000000000005,0,6,3,1,1.4078383510932326,,72.4
652,-4.300000000000001,0,4,3,1,1.4078383510932326,,72.5
653,-2.3000000000000003,0,4,3,1,1.4078383510932326,,72.6
654,-7.0,0,9,4,1,1.4078383510932326,,72.6
655,-4.300000000000001,0,4,3,1,1.4078383510932326,,72.7
656,-6.300000000000001,0,11,4,1,1.4078383510932326,,72.8
657,-5.7,0,7,4,1,1.4078383510932326,,72.9
658,-8.0,0,9,4,1,1.4078383510932326,,73.1
659,-1.7000000000000002,0,7,4,1,1.4078383510932326,,73.2
660,-4.6000000000000005,0,6,3,1,1.4078383510932326,,73.2
661,-5.4,0,5,4,1,1.4078383510932326,,73.3
662,-0.30000000000000004,0,4,3,1,1.4078383510932326,,73.4
663,-2.6,0,6,3,1,1.4078383510932326,,73.5
664,-5.4,0,5,4,1,1.4078383510932326,,73.6
665,-4.300000000000001,0,4,3,1,1.4078383510932326,,73.7
666,-7.300000000000001,0,11,4,1,1.4078383510932326,,73.8
667,-4.300000000000001,0,4,3,1,1.4078383510932326,,73.8
668,-6.900000000000001,0,8,3,1,1.4078383510932326,,73.9
669,-6.700000000000001,0,7,4,1,1.4078383510932326,,74.0
670,-5.4,0,5,4,1,1.4078383510932326,,74.1
671,-5.4,0,5,4,1,1.4078383510932326,,74.1
672,-4.300000000000001,0,4,3,1,1.4078383510932326,,74.3
673,-3.7,0,7,4,1,1.4078383510932326,,74.4
674,-5.4,0,5,4,1,1.4078383510932326,,74.4
675,-4.0,0,9,4,1,1.4078383510932326,,74.5
676,-3.4000000000000004,0,5,4,1,1.4078383510932326,,74.7
677,-1.6,0,6,3,1,1.4078383510932326,,74.8
678,-4.300000000000001,0,4,3,1,1.4078383510932326,,74.8
679,-5.4,0,5,4,1,1.4078383510932326,,74.9
680,-5.4,0,5,4,1,1.4078383510932326,,75.0
681,-4.300000000000001,0,4,3,1,1.4078383510932326,,75.1
682,-5.7,0,7,4,1,1.4078383510932326,,75.2
683,-4.6,0,6,3,1,1.4078383510932326,,75.3
684,-2.3000000000000003,0,4,3,1,1.4078383510932326,,75.4
685,-7.0,0,9,4,1,1.4078383510932326,,75.5
686,-4.700000000000001,0,7,4,1,1.4078383510932326,,75.6
687,-4.300000000000001,0,4,3,1,1.4078383510932326,,75.7
688,-5.4,0,5,4,1,1.4078383510932326,,75.8
689,-5.4,0,5,4,1,1.4078383510932326,,75.9
690,-2.9000000000000004,0,8,3,1,1.4078383510932326,,76.0
691,-5.4,0,5,4,1,1.4078383510932326,,76.0
692,-2.3000000000000003,0,4,3,1,1.4078383510932326,,76.1
693,-4.300000000000001,0,4,3,1,1.4078383510932326,,76.2
694,-5.4,0,5,4,1,1.4078383510932326,,76.3
695,-4.300000000000001,0,4,3,1,1.4078383510932326,,76.4
696,-4.9,0,8,3,1,1.4078383510932326,,76.4
697,-5.4,0,5,4,1,1.4078383510932326,,76.6
698,-7.000000000000001,0,9,4,1,1.4078383510932326,,76.7
699,-4.6,0,6,3,1,1.4078383510932326,,76.8
700,-4.300000000000001,0,4,3,1,1.4078383510932326,,76.9
701,-5.7,0,7,4,1,1.4078383510932326,,77.0
702,-4.300000000000001,0,4,3,1,1.4078383510932326,,77.1
703,-6.700000000000001,0,7,4,1,1.4078383510932326,,77.2
704,-2.7,0,7,4,1,1.4078383510932326,,77.3
705,-4.300000000000001,0,4,3,1,1.4078383510932326,,77.3
706,-5.4,0,5,4,1,1.4078383510932326,,77.4
707,-0.30000000000000004,0,4,3,1,1.4078383510932326,,77.5
708,-8.0,0,9,4,1,1.4078383510932326,,77.6
709,-4.300000000000001,0,4,3,1,1.4078383510932326,,77.6
710,-5.9,0,8,3,1,1.4078383510932326,,77.7
711,-5.2,0,10,3,1,1.4078383510932326,,77.8
712,-5.4,0,5,4,1,1.4078383510932326,,77.9
713,-5.6000000000000005,0,6,3,1,1.4078383510932326,,78.0
714,-5.6000000000000005,0,6,3,1,1.4078383510932326,,78.1
715,-2.3000000000000003,0,4,3,1,1.4078383510932326,,78.1
716,-4.300000000000001,0,4,3,1,1.4078383510932326,,78.2
717,-4.700000000000001,0,7,4,1,1.4078383510932326,,78.3
718,-4.300000000000001,0,4,3,1,1.4078383510932326,,78.4
719,-8.2,0,10,3,1,1.4078383510932326,,78.5
720,-2.0,0,9,4,1,1.4078383510932326,,78.6
721,-3.6000000000000005,0,6,3,1,1.4078383510932326,,78.7
722,-4.300000000000001,0,4,3,1,1.4078383510932326,,78.8
723,-3.7,0,7,4,1,1.4078383510932326,,78.9
724,-5.4,0,5,4,1,1.4078383510932326,,79.0
725,-4.300000000000001,0,4,3,1,1.4078383510932326,,79.1
726,-4.300000000000001,0,4,3,1,1.4078383510932326,,79.1
727,-1.4000000000000001,0,5,4,1,1.4078383510932326,,79.2
728,-6.700000000000001,0,7,4,1,1.4078383510932326,,79.3
729,-5.4,0,5,4,1,1.4078383510932326,,79.4
730,-5.4,0,5,4,1,1.4078383510932326,,79.5
731,-5.4,0,5,4,1,1.4078383510932326,,79.6
732,-6.9,0,8,3,1,1.4078383510932326,,79.7
733,-7.200000000000001,0,10,3,1,1.4078383510932326,,79.8
734,-5.4,0,5,4,1,1.4078383510932326,,79.9
735,-4.300000000000001,0,4,3,1,1.4078383510932326,,80.0
736,-5.4,0,5,4,1,1.4078383510932326,,80.0
737,-4.300000000000001,0,4,3,1,1.4078383510932326,,80.1
738,-6.000000000000001,0,9,4,1,1.4078383510932326,,80.2
739,-6.700000000000001,0,7,4,1,1.4078383510932326,,80.3
740,-5.4,0,5,4,1,1.4078383510932326,,80.4
741,-5.4,0,5,4,1,1.4078383510932326,,80.5
742,-5.4,0,5,4,1,1.4078383510932326,,80.6
743,-6.700000000000001,0,7,4,1,1.4078383510932326,,80.7
744,-5.6000000000000005,0,6,3,1,1.4078383510932326,,80.8
745,-3.7,0,7,4,1,1.4078383510932326,,80.8
746,-4.300000000000001,0,4,3,1,1.4078383510932326,,81.0
747,-4.300000000000001,0,4,3,1,1.4078383510932326,,81.1
748,-2.7,0,7,4,1,1.4078383510932326,,81.1
749,-4.300000000000001,0,4,3,1,1.4078383510932326,,81.2
750,-4.300000000000001,0,4,3,1,1.4078383510932326,,81.3
751,-4.300000000000001,0,4,3,1,1.4078383510932326,,81.4
752,-5.2,0,10,3,1,1.4078383510932326,,81.5
753,-8.0,0,9,4,1,1.4078383510932326,,81.6
754,-4.7,0,7,4,1,1.4078383510932326,,81.7
755,-12.6,0,12,4,0,1.4078383510932326,,81.8
756,-3.4000000000000004,0,5,4,1,1.4078383510932326,,81.9
757,-6.700000000000001,0,7,4,1,1.4078383510932326,,82.0
758,-8.0,0,9,4,1,1.4078383510932326,,82.1
759,-6.700000000000001,0,7,4,1,1.4078383510932326,,82.2
760,-3.6000000000000005,0,6,3,1,1.4078383510932326,,82.3
761,-5.6000000000000005,0,6,3,1,1.4078383510932326,,82.4
762,-6.700000000000001,0,7,4,1,1.4078383510932326,,82.4
763,-4.700000000000001,0,7,4,1,1.4078383510932326,,82.5
764,-5.7,0,7,4,1,1.4078383510932326,,82.6
765,-8.000000000000002,0,9,4,1,1.4078383510932326,,82.7
766,-3.7,0,7,4,1,1.4078383510932326,,82.8
767,-5.6000000000000005,0,6,3,1,1.4078383510932326,,82.9
768,-6.700000000000001,0,7,4,1,1.4078383510932326,,83.0
769,-8.3,0,11,4,1,1.4078383510932326,,83.1
770,-4.300000000000001,0,4,3,1,1.4078383510932326,,83.2
771,-3.9000000000000004,0,8,3,1,1.4078383510932326,,83.3
772,-6.700000000000001,0,7,4,1,1.4078383510932326,,83.4
773,-4.6,0,6,3,1,1.4078383510932326,,83.5
774,-5.6000000000000005,0,6,3,1,1.4078383510932326,,83.5
775,-7.500000000000001,0,12,3,1,1.4078383510932326,,83.6
776,-5.7,0,7,4,1,1.4078383510932326,,83.7
777,-5.4,0,5,4,1,1.4078383510932326,,83.9
778,-5.4,0,5,4,1,1.4078383510932326,,84.0
779,-5.2,0,10,3,1,1.4078383510932326,,84.1
780,-5.4,0,5,4,1,1.4078383510932326,,84.1
781,-4.300000000000001,0,4,3,1,1.4078383510932326,,84.2
782,-5.4,0,5,4,1,1.4078383510932326,,84.3
783,-5.6000000000000005,0,6,3,1,1.4078383510932326,,84.4
784,-5.4,0,5,4,1,1.4078383510932326,,84.5
785,-5.4,0,5,4,1,1.4078383510932326,,84.6
786,-8.0,0,9,4,1,1.4078383510932326,,84.7
787,-8.2,0,10,3,1,1.4078383510932326,,84.9
788,-4.300000000000001,0,11,4,1,1.4078383510932326,,85.0
789,-2.3000000000000003,0,4,3,1,1.4078383510932326,,85.1
790,-5.4,0,5,4,1,1.4078383510932326,,85.2
791,-6.700000000000001,0,7,4,1,1.4078383510932326,,85.2
792,-5.4,0,5,4,1,1.4078383510932326,,85.3
793,-4.300000000000001,0,4,3,1,1.4078383510932326,,85.4
794,-0.6000000000000001,0,6,3,1,1.4078383510932326,,85.4
795,-4.300000000000001,0,4,3,1,1.4078383510932326,,85.5
796,-8.600000000000001,0,12,4,0,1.4078383510932326,,85.6
797,-4.300000000000001,0,4,3,1,1.4078383510932326,,85.7
798,-2.6,0,6,3,1,1.4078383510932326,,85.8
799,-4.300000000000001,0,4,3,1,1.4078383510932326,,85.9
800,-5.6000000000000005,0,6,3,1,1.4078383510932326,,86.0
801,-4.300000000000001,0,4,3,1,1.4078383510932326,,86.0
802,-6.700000000000001,0,7,4,1,1.4078383510932326,,86.1
803,-5.9,0,8,3,1,1.4078383510932326,,86.2
804,-6.700000000000001,0,7,4,1,1.4078383510932326,,86.3
805,-4.300000000000001,0,4,3,1,1.4078383510932326,,86.4
806,-5.700000000000001,0,7,4,1,1.4078383510932326,,86.5
807,-6.700000000000001,0,7,4,1,1.4078383510932326,,86.6
808,-3.5000000000000004,0,12,3,1,1.4078383510932326,,86.7
809,-5.4,0,5,4,1,1.4078383510932326,,86.8
810,-5.6000000000000005,0,6,3,1,1.4078383510932326,,86.9
811,0.6000000000000001,0,5,4,1,1.4078383510932326,,87.0
812,-6.700000000000001,0,7,4,1,1.4078383510932326,,87.1
813,-4.300000000000001,0,4,3,1,1.4078383510932326,,87.1
814,-5.6000000000000005,0,6,3,1,1.4078383510932326,,87.2
815,-4.300000000000001,0,4,3,1,1.4078383510932326,,87.3
816,-5.6000000000000005,0,6,3,1,1.4078383510932326,,87.4
817,-5.6000000000000005,0,6,3,1,1.4078383510932326,,87.5
818,-5.6000000000000005,0,6,3,1,1.4078383510932326,,87.6
819,-4.700000000000001,0,7,4,1,1.4078383510932326,,87.7
820,-5.4,0,5,4,1,1.4078383510932326,,87.8
821,-2.3000000000000003,0,4,3,1,1.4078383510932326,,87.9
822,-4.300000000000001,0,4,3,1,1.4078383510932326,,88.0
823,-2.3000000000000003,0,4,3,1,1.4078383510932326,,88.0
824,-5.4,0,5,4,1,1.4078383510932326,,88.1
825,-4.300000000000001,0,4,3,1,1.4078383510932326,,88.2
826,-2.3000000000000003,0,4,3,1,1.4078383510932326,,88.3
827,-3.4000000000000004,0,5,4,1,1.4078383510932326,,88.4
828,-2.3000000000000003,0,4,3,1,1.4078383510932326,,88.4
829,-4.300000000000001,0,4,3,1,1.4078383510932326,,88.5
830,-4.300000000000001,0,4,3,1,1.4078383510932326,,88.6
831,-5.4,0,5,4,1,1.4078383510932326,,88.7
832,-3.6000000000000005,0,6,3,1,1.4078383510932326,,88.8
833,-5.4,0,5,4,1,1.4078383510932326,,88.8
834,-4.300000000000001,0,4,3,1,1.4078383510932326,,88.9
835,-2.3000000000000003,0,4,3,1,1.4078383510932326,,89.0
836,-4.7,0,7,4,1,1.4078383510932326,,89.1
837,-5.4,0,5,4,1,1.4078383510932326,,89.1
838,-7.0,0,9,4,1,1.4078383510932326,,89.2
839,-3.7,0,7,4,1,1.4078383510932326,,89.3
840,-4.300000000000001,0,4,3,1,1.4078383510932326,,89.4
841,-5.700000000000001,0,7,4,1,1.4078383510932326,,89.5
842,-5.6000000000000005,0,6,3,1,1.4078383510932326,,89.6
843,-5.6000000000000005,0,6,3,1,1.4078383510932326,,89.7
844,-6.900000000000001,0,8,3,1,1.4078383510932326,,89.8
845,-4.300000000000001,0,4,3,1,1.4078383510932326,,89.8
846,-5.7,0,7,4,1,1.4078383510932326,,89.9
847,-4.300000000000001,0,4,3,1,1.4078383510932326,,90.1
848,-4.6000000000000005,0,6,3,1,1.4078383510932326,,90.1
849,5.7,1,4,3,1,1.4078383510932326,,90.2
850,-5.9,0,8,3,1,1.4078383510932326,,90.3
851,-1.0,0,9,4,1,1.4078383510932326,,90.4
852,-3.4000000000000004,0,5,4,1,1.4078383510932326,,90.5
853,-3.7,0,7,4,1,1.4078383510932326,,90.6
854,-2.3000000000000003,0,4,3,1,1.4078383510932326,,90.7
855,-5.4,0,5,4,1,1.4078383510932326,,90.7
856,-6.9,0,8,3,1,1.4078383510932326,,90.8
857,-6.700000000000001,0,7,4,1,1.4078383510932326,,90.9
858,-3.4000000000000004,0,5,4,1,1.4078383510932326,,91.0
859,-5.700000000000001,0,7,4,1,1.4078383510932326,,91.1
860,-6.700000000000001,0,7,4,1,1.4078383510932326,,91.2
861,-9.7,0,12,2,0,1.4078383510932326,,91.3
862,-5.4,0,5,4,1,1.4078383510932326,,91.4
863,-3.0,0,9,4,1,1.4078383510932326,,91.5
864,-4.300000000000001,0,4,3,1,1.4078383510932326,,91.6
865,-5.4,0,5,4,1,1.4078383510932326,,91.7
866,-5.4,0,5,4,1,1.4078383510932326,,91.7
867,-3.4000000000000004,0,5,4,1,1.4078383510932326,,91.8
868,-5.900000000000001,0,8,3,1,1.4078383510932326,,91.9
869,-5.9,0,8,3,1,1.4078383510932326,,92.0
870,-4.300000000000001,0,4,3,1,1.4078383510932326,,92.0
871,-5.700000000000001,0,7,4,1,1.4078383510932326,,92.2
872,-5.4,0,5,4,1,1.4078383510932326,,92.2
873,-5.4,0,5,4,1,1.4078383510932326,,92.3
874,-0.30000000000000004,0,4,3,1,1.4078383510932326,,92.4
875,-5.4,0,5,4,1,1.4078383510932326,,92.5
876,-5.4,0,5,4,1,1.4078383510932326,,92.5
877,-4.300000000000001,0,4,3,1,1.4078383510932326,,92.6
878,-6.700000000000001,0,7,4,1,1.4078383510932326,,92.7
879,-5.4,0,5,4,1,1.4078383510932326,,92.8
880,-6.9,0,8,3,1,1.4078383510932326,,92.9
881,-2.3000000000000003,0,4,3,1,1.4078383510932326,,93.0
882,-5.4,0,5,4,1,1.4078383510932326,,93.0
883,-4.300000000000001,0,4,3,1,1.4078383510932326,,93.1
884,-5.4,0,5,4,1,1.4078383510932326,,93.2
885,-5.4,0,5,4,1,1.4078383510932326,,93.3
886,-2.3000000000000003,0,4,3,1,1.4078383510932326,,93.4
887,5.7,1,4,3,1,1.4078383510932326,,93.5
888,-4.300000000000001,0,4,3,1,1.4078383510932326,,93.6
889,-5.4,0,5,4,1,1.4078383510932326,,93.7
890,-8.0,0,9,4,1,1.4078383510932326,,93.8
891,-5.4,0,5,4,1,1.4078383510932326,,93.9
892,-5.700000000000001,0,7,4,1,1.4078383510932326,,94.0
893,-4.300000000000001,0,4,3,1,1.4078383510932326,,94.1
894,-6.900000000000001,0,8,3,1,1.4078383510932326,,94.1
895,-4.300000000000001,0,4,3,1,1.4078383510932326,,94.2
896,-5.4,0,5,4,1,1.4078383510932326,,94.3
897,-3.7,0,7,4,1,1.4078383510932326,,94.4
898,-5.4,0,5,4,1,1.4078383510932326,,94.4
899,-8.700000000000001,0,12,2,0,1.4078383510932326,,94.6
900,-6.900000000000001,0,8,3,1,1.4078383510932326,,94.7
901,-7.3,0,11,4,1,1.4078383510932326,,94.8
902,-2.3000000000000003,0,4,3,1,1.4078383510932326,,94.9
903,-4.0,0,9,4,1,1.4078383510932326,,95.0
904,-5.4,0,5,4,1,1.4078383510932326,,95.1
905,-4.300000000000001,0,4,3,1,1.4078383510932326,,95.1
906,-5.4,0,5,4,1,1.4078383510932326,,95.2
907,-6.000000000000001,0,9,4,1,1.4078383510932326,,95.3
908,-6.700000000000001,0,7,4,1,1.4078383510932326,,95.4
909,-2.3000000000000003,0,4,3,1,1.4078383510932326,,95.5
910,-4.300000000000001,0,4,3,1,1.4078383510932326,,95.6
911,-4.300000000000001,0,4,3,1,1.4078383510932326,,95.7
912,-5.4,0,5,4,1,1.4078383510932326,,95.8
913,-2.9000000000000004,0,8,3,1,1.4078383510932326,,95.9
914,-0.30000000000000004,0,4,3,1,1.4078383510932326,,96.0
915,-5.4,0,5,4,1,1.4078383510932326,,96.1
916,-4.300000000000001,0,4,3,1,1.4078383510932326,,96.2
917,-5.500000000000001,0,12,3,1,1.4078383510932326,,96.2
918,-7.0,0,9,4,1,1.4078383510932326,,96.4
919,-5.4,0,5,4,1,1.3409207873046398,0.5747567882062867,97.1
920,-5.4,0,5,4,1,1.3409207873046398,,97.1
921,-5.4,0,5,4,1,1.3409207873046398,,97.3
922,-4.300000000000001,0,4,3,1,1.3409207873046398,,97.3
923,-5.4,0,5,4,1,1.3409207873046398,,97.4
924,-5.4,0,5,4,1,1.3409207873046398,,97.6
925,-5.9,0,8,3,1,1.3409207873046398,,97.7
926,-5.4,0,5,4,1,1.3409207873046398,,97.7
927,-4.7,0,7,4,1,1.3409207873046398,,97.8
928,-5.7,0,7,4,1,1.3409207873046398,,97.9
929,-5.6000000000000005,0,6,3,1,1.3409207873046398,,98.0
930,-4.300000000000001,0,4,3,1,1.3409207873046398,,98.0
931,-0.6000000000000001,0,6,3,1,1.3409207873046398,,98.1
932,-5.9,0,8,3,1,1.3409207873046398,,98.2
933,-5.6000000000000005,0,6,3,1,1.3409207873046398,,98.3
934,-6.700000000000001,0,7,4,1,1.3409207873046398,,98.4
935,-4.300000000000001,0,4,3,1,1.3409207873046398,,98.5
936,-4.300000000000001,0,4,3,1,1.3409207873046398,,98.5
937,-6.9,0,8,3,1,1.3409207873046398,,98.6
938,-8.000000000000002,0,9,4,1,1.3409207873046398,,98.7
939,-5.4,0,5,4,1,1.3409207873046398,,98.8
940,-4.300000000000001,0,4,3,1,1.3409207873046398,,98.9
941,-2.3000000000000003,0,4,3,1,1.3409207873046398,,99.0
942,-2.7,0,7,4,1,1.3409207873046398,,99.1
943,-5.4,0,5,4,1,1.3409207873046398,,99.2
944,-5.6000000000000005,0,6,3,1,1.3409207873046398,,99.3
945,-1.4000000000000001,0,5,4,1,1.3409207873046398,,99.4
946,-5.4,0,5,4,1,1.3409207873046398,,99.5
947,-5.4,0,5,4,1,1.3409207873046398,,99.6
948,-8.000000000000002,0,9,4,1,1.3409207873046398,,99.7
949,-4.300000000000001,0,4,3,1,1.3409207873046398,,99.8
950,-4.300000000000001,0,4,3,1,1.3409207873046398,,99.9
951,-4.300000000000001,0,4,3,1,1.3409207873046398,,100.0
952,-4.700000000000001,0,7,4,1,1.3409207873046398,,100.0
953,-5.4,0,5,4,1,1.3409207873046398,,100.1
954,-6.700000000000001,0,7,4,1,1.3409207873046398,,100.3
955,-5.4,0,5,4,1,1.3409207873046398,,100.4
956,-5.6000000000000005,0,6,3,1,1.3409207873046398,,100.5
957,-5.4,0,5,4,1,1.3409207873046398,,100.6
958,-6.700000000000001,0,7,4,1,1.3409207873046398,,100.7
959,-6.900000000000001,0,8,3,1,1.3409207873046398,,100.7
960,-4.300000000000001,0,4,3,1,1.3409207873046398,,100.8
961,-2.3000000000000003,0,4,3,1,1.3409207873046398,,100.9
962,-5.4,0,5,4,1,1.3409207873046398,,101.0
963,-5.700000000000001,0,7,4,1,1.3409207873046398,,101.0
964,-4.300000000000001,0,4,3,1,1.3409207873046398,,101.1
965,-5.4,0,5,4,1,1.3409207873046398,,101.2
966,-3.6,0,6,3,1,1.3409207873046398,,101.4
967,-4.300000000000001,0,4,3,1,1.3409207873046398,,101.4
968,-5.6000000000000005,0,6,3,1,1.3409207873046398,,101.5
969,-1.9000000000000001,0,8,3,1,1.3409207873046398,,101.6
970,-2.3000000000000003,0,4,3,1,1.3409207873046398,,101.6
971,-2.3000000000000003,0,4,3,1,1.3409207873046398,,101.7
972,-6.700000000000001,0,7,4,1,1.3409207873046398,,101.8
973,-4.700000000000001,0,7,4,1,1.3409207873046398,,101.9
974,-4.300000000000001,0,4,3,1,1.3409207873046398,,102.0
975,-4.300000000000001,0,4,3,1,1.3409207873046398,,102.1
976,-5.4,0,5,4,1,1.3409207873046398,,102.1
977,-4.300000000000001,0,4,3,1,1.3409207873046398,,102.2
978,-5.4,0,5,4,1,1.3409207873046398,,102.3
979,-4.300000000000001,0,4,3,1,1.3409207873046398,,102.4
980,-5.4,0,5,4,1,1.3409207873046398,,102.5
981,-6.700000000000001,0,7,4,1,1.3409207873046398,,102.7
982,-4.300000000000001,0,4,3,1,1.3409207873046398,,102.7
983,-4.300000000000001,0,4,3,1,1.3409207873046398,,102.8
984,-4.700000000000001,0,7,4,1,1.3409207873046398,,102.9
985,-6.700000000000001,0,7,4,1,1.3409207873046398,,103.0
986,-5.6000000000000005,0,6,3,1,1.3409207873046398,,103.1
987,-2.3000000000000003,0,4,3,1,1.3409207873046398,,103.2
988,-4.300000000000001,0,4,3,1,1.3409207873046398,,103.3
989,-1.6,0,6,3,1,1.3409207873046398,,103.3
990,-2.3000000000000003,0,4,3,1,1.3409207873046398,,103.4
991,-6.700000000000001,0,7,4,1,1.3409207873046398,,103.5
992,-5.4,0,5,4,1,1.3409207873046398,,103.6
993,6.6,1,5,4,1,1.3409207873046398,,103.7
994,-3.7,0,7,4,1,1.3409207873046398,,103.8
995,-4.300000000000001,0,4,3,1,1.3409207873046398,,103.8
996,-3.9000000000000004,0,8,3,1,1.3409207873046398,,104.0
997,-5.6000000000000005,0,6,3,1,1.3409207873046398,,104.1
998,-2.6,0,6,3,1,1.3409207873046398,,104.1
999,-5.4,0,5,4,1,1.3409207873046398,,104.2
1000,-5.6000000000000005,0,6,3,1,1.3409207873046398,,104.3
1001,-5.6000000000000005,0,6,3,1,1.3409207873046398,,110.6
1002,-6.9,0,8,3,1,1.3409207873046398,,110.6
1003,-6.700000000000001,0,7,4,1,1.3409207873046398,,110.8
1004,-4.300000000000001,0,4,3,1,1.3409207873046398,,110.9
1005,-5.4,0,5,4,1,1.3409207873046398,,111.0
1006,-4.300000000000001,0,4,3,1,1.3409207873046398,,111.1
1007,-5.6000000000000005,0,6,3,1,1.3409207873046398,,111.2
1008,-6.700000000000001,0,7,4,1,1.3409207873046398,,111.3
1009,-4.9,0,8,3,1,1.3409207873046398,,111.4
1010,-4.300000000000001,0,4,3,1,1.3409207873046398,,111.4
1011,-4.300000000000001,0,4,3,1,1.3409207873046398,,111.5
1012,-7.0,0,9,4,1,1.3409207873046398,,111.6
1013,-5.4,0,5,4,1,1.3409207873046398,,111.7
1014,-4.300000000000001,0,4,3,1,1.3409207873046398,,111.7
1015,-4.300000000000001,0,4,3,1,1.3409207873046398,,111.8
1016,-5.4,0,5,4,1,1.3409207873046398,,111.9
1017,-5.4,0,5,4,1,1.3409207873046398,,112.0
1018,-8.0,0,9,4,1,1.3409207873046398,,112.1
1019,-5.6000000000000005,0,6,3,1,1.3409207873046398,,112.2
1020,-4.300000000000001,0,4,3,1,1.3409207873046398,,112.3
1021,-4.300000000000001,0,4,3,1,1.3409207873046398,,112.4
1022,-5.4,0,5,4,1,1.3409207873046398,,112.5
1023,-2.3000000000000003,0,4,3,1,1.3409207873046398,,112.6
1024,-3.6000000000000005,0,6,3,1,1.3409207873046398,,112.7
1025,-4.300000000000001,0,4,3,1,1.3409207873046398,,112.8
1026,-1.6,0,6,3,1,1.3409207873046398,,112.9
1027,-2.3000000000000003,0,4,3,1,1.3409207873046398,,112.9
1028,-5.4,0,5,4,1,1.3409207873046398,,113.1
1029,-2.3000000000000003,0,4,3,1,1.3409207873046398,,113.1
1030,-4.6000000000000005,0,6,3,1,1.3409207873046398,,113.2
1031,-3.9000000000000004,0,8,3,1,1.3409207873046398,,113.3
1032,-6.700000000000001,0,7,4,1,1.3409207873046398,,113.4
1033,-4.300000000000001,0,4,3,1,1.3409207873046398,,113.5
1034,-5.4,0,5,4,1,1.3409207873046398,,113.5
1035,-6.9,0,8,3,1,1.3409207873046398,,113.6
1036,5.7,1,4,3,1,1.3409207873046398,,113.8
1037,-4.300000000000001,0,4,3,1,1.3409207873046398,,113.8
1038,-5.4,0,5,4,1,1.3409207873046398,,113.9
1039,-4.300000000000001,0,4,3,1,1.3409207873046398,,114.0
1040,-6.900000000000001,0,8,3,1,1.3409207873046398,,114.2
1041,-4.300000000000001,0,4,3,1,1.3409207873046398,,114.2
1042,-6.700000000000001,0,7,4,1,1.3409207873046398,,114.4
1043,-5.4,0,5,4,1,1.3409207873046398,,114.5
1044,-2.3000000000000003,0,4,3,1,1.3409207873046398,,114.6
1045,-5.6000000000000005,0,6,3,1,1.3409207873046398,,114.6
1046,-7.0,0,9,4,1,1.3409207873046398,,114.8
1047,-2.3000000000000003,0,4,3,1,1.3409207873046398,,114.9
1048,-5.4,0,5,4,1,1.3409207873046398,,114.9
1049,4.4,1,6,3,1,1.3409207873046398,,115.1
1050,-4.6000000000000005,0,6,3,1,1.3409207873046398,,115.1
1051,-7.300000000000001,0,11,4,1,1.3409207873046398,,115.2
1052,-2.3000000000000003,0,4,3,1,1.3409207873046398,,115.3
1053,-4.300000000000001,0,4,3,1,1.3409207873046398,,115.4
1054,-4.300000000000001,0,4,3,1,1.3409207873046398,,115.5
1055,-5.4,0,5,4,1,1.3409207873046398,,115.6
1056,-5.9,0,8,3,1,1.3409207873046398,,115.7
1057,-5.2,0,10,3,1,1.3409207873046398,,115.8
1058,-5.4,0,5,4,1,1.3409207873046398,,115.9
1059,-5.4,0,5,4,1,1.3409207873046398,,116.0
1060,-4.300000000000001,0,4,3,1,1.3409207873046398,,116.1
1061,-4.300000000000001,0,4,3,1,1.3409207873046398,,116.2
1062,-5.4,0,5,4,1,1.3409207873046398,,116.2
1063,-3.6000000000000005,0,6,3,1,1.3409207873046398,,116.3
1064,-3.9000000000000004,0,8,3,1,1.3409207873046398,,116.4
1065,-5.4,0,5,4,1,1.3409207873046398,,116.5
1066,-6.700000000000001,0,7,4,1,1.3409207873046398,,116.6
1067,-4.300000000000001,0,4,3,1,1.3409207873046398,,116.6
1068,-4.300000000000001,0,4,3,1,1.3409207873046398,,116.7
1069,-6.9,0,8,3,1,1.3409207873046398,,116.8
1070,-5.4,0,5,4,1,1.3409207873046398,,116.9
1071,-4.300000000000001,0,4,3,1,1.3409207873046398,,117.0
1072,-5.4,0,5,4,1,1.3409207873046398,,117.1
1073,-4.300000000000001,0,4,3,1,1.3409207873046398,,117.2
1074,-5.4,0,5,4,1,1.3409207873046398,,117.3
1075,-2.3000000000000003,0,4,3,1,1.3409207873046398,,117.3
1076,-4.300000000000001,0,4,3,1,1.3409207873046398,,117.4
1077,-4.300000000000001,0,4,3,1,1.3409207873046398,,117.4
1078,-4.300000000000001,0,4,3,1,1.3409207873046398,,117.5
1079,-4.300000000000001,0,4,3,1,1.3409207873046398,,117.6
1080,-4.300000000000001,0,4,3,1,1.3409207873046398,,117.7
1081,-6.700000000000001,0,7,4,1,1.3409207873046398,,117.7
1082,-6.700000000000001,0,7,4,1,1.3409207873046398,,117.9
1083,-5.4,0,5,4,1,1.3409207873046398,,117.9
1084,-4.300000000000001,0,4,3,1,1.3409207873046398,,118.0
1085,-4.300000000000001,0,4,3,1,1.3409207873046398,,118.1
1086,-5.4,0,5,4,1,1.3409207873046398,,118.2
1087,-2.7,0,7,4,1,1.3409207873046398,,118.3
1088,-5.4,0,5,4,1,1.3409207873046398,,118.4
1089,-5.7,0,7,4,1,1.3409207873046398,,118.5
1090,-6.700000000000001,0,7,4,1,1.3409207873046398,,118.6
1091,-5.4,0,5,4,1,1.3409207873046398,,118.7
1092,-2.3000000000000003,0,4,3,1,1.3409207873046398,,118.7
1093,-6.300000000000001,0,11,4,1,1.3409207873046398,,118.9
1094,-5.4,0,5,4,1,1.3409207873046398,,118.9
1095,-5.6000000000000005,0,6,3,1,1.3409207873046398,,119.0
1096,-6.500000000000002,0,12,3,1,1.3409207873046398,,119.1
1097,-3.4000000000000004,0,5,4,1,1.3409207873046398,,119.2
1098,-4.300000000000001,0,4,3,1,1.3409207873046398,,119.3
1099,-0.30000000000000004,0,4,3,1,1.3409207873046398,,119.4
1100,-5.4,0,5,4,1,1.3409207873046398,,119.5
1101,-2.3000000000000003,0,4,3,1,1.3409207873046398,,119.5
1102,-3.4000000000000004,0,5,4,1,1.3409207873046398,,119.6
1103,-0.6000000000000001,0,6,3,1,1.3409207873046398,,119.7
1104,-6.700000000000001,0,7,4,1,1.3409207873046398,,119.8
1105,-5.6000000000000005,0,6,3,1,1.3409207873046398,,119.9
1106,-2.3000000000000003,0,4,3,1,1.3409207873046398,,120.0
1107,-5.6000000000000005,0,6,3,1,1.3409207873046398,,120.1
1108,-3.7,0,7,4,1,1.3409207873046398,,120.2
1109,-2.9000000000000004,0,8,3,1,1.3409207873046398,,120.3
1110,-4.300000000000001,0,4,3,1,1.3409207873046398,,120.4
1111,-3.4000000000000004,0,5,4,1,1.3409207873046398,,120.5
1112,-2.3000000000000003,0,4,3,1,1.3409207873046398,,120.6
1113,-3.4000000000000004,0,5,4,1,1.3409207873046398,,120.7
1114,-5.6000000000000005,0,6,3,1,1.3409207873046398,,120.8
1115,-6.700000000000001,0,7,4,1,1.3409207873046398,,120.9
1116,-5.4,0,5,4,1,1.3409207873046398,,120.9
1117,-5.4,0,5,4,1,1.3409207873046398,,121.0
1118,-10.600000000000001,0,12,4,0,1.3409207873046398,,121.2
1119,-6.700000000000001,0,7,4,1,1.3409207873046398,,121.3
1120,-2.3000000000000003,0,4,3,1,1.3409207873046398,,121.3
1121,-8.600000000000001,0,12,4,0,1.3409207873046398,,121.4
1122,-6.700000000000001,0,7,4,1,1.3409207873046398,,121.5
1123,-5.4,0,5,4,1,1.3409207873046398,,121.6
1124,-8.6,0,12,4,0,1.3409207873046398,,121.7
1125,-5.4,0,5,4,1,1.3409207873046398,,121.8
1126,-5.4,0,5,4,1,1.3409207873046398,,121.9
1127,-4.300000000000001,0,4,3,1,1.3409207873046398,,122.0
1128,-3.6000000000000005,0,6,3,1,1.3409207873046398,,122.1
1129,-1.4000000000000001,0,5,4,1,1.3409207873046398,,122.1
1130,-5.4,0,5,4,1,1.3409207873046398,,122.2
1131,-6.700000000000001,0,7,4,1,1.3409207873046398,,122.3
1132,0.6000000000000001,0,5,4,1,1.3409207873046398,,122.4
1133,-4.300000000000001,0,4,3,1,1.3409207873046398,,122.5
1134,-4.300000000000001,0,4,3,1,1.3409207873046398,,122.6
1135,-4.300000000000001,0,4,3,1,1.3409207873046398,,122.7
1136,-2.3000000000000003,0,4,3,1,1.3409207873046398,,122.8
1137,-2.6,0,6,3,1,1.3409207873046398,,122.8
1138,-3.4000000000000004,0,5,4,1,1.3409207873046398,,122.9
1139,-5.6000000000000005,0,6,3,1,1.3409207873046398,,123.0
1140,-4.300000000000001,0,4,3,1,1.3409207873046398,,123.1
1141,-2.7,0,7,4,1,1.3409207873046398,,123.2
1142,-4.300000000000001,0,4,3,1,1.3409207873046398,,123.3
1143,-5.4,0,5,4,1,1.3409207873046398,,123.4
1144,-3.6,0,6,3,1,1.3409207873046398,,123.5
1145,-4.7,0,7,4,1,1.3409207873046398,,123.5
1146,-6.900000000000001,0,8,3,1,1.3409207873046398,,123.7
1147,-8.0,0,9,4,1,1.3409207873046398,,123.8
1148,-3.6000000000000005,0,6,3,1,1.3409207873046398,,123.8
1149,-4.6,0,6,3,1,1.3409207873046398,,123.9
1150,6.6,1,5,4,1,1.3409207873046398,,124.0
1151,-5.4,0,5,4,1,1.3409207873046398,,124.1
1152,-5.6000000000000005,0,6,3,1,1.3409207873046398,,124.2
1153,-3.6,0,6,3,1,1.3409207873046398,,124.3
1154,-5.4,0,5,4,1,1.3409207873046398,,124.4
1155,-4.700000000000001,0,7,4,1,1.3409207873046398,,124.5
1156,-4.300000000000001,0,4,3,1,1.3409207873046398,,124.6
1157,-4.300000000000001,0,4,3,1,1.3409207873046398,,124.6
1158,-2.3000000000000003,0,4,3,1,1.3409207873046398,,124.7
1159,-8.0,0,9,4,1,1.3409207873046398,,124.9
1160,-5.6000000000000005,0,6,3,1,1.3409207873046398,,124.9
1161,-5.4,0,5,4,1,1.3409207873046398,,125.0
1162,-8.500000000000002,0,12,3,1,1.3409207873046398,,125.2
1163,-3.4000000000000004,0,5,4,1,1.3409207873046398,,125.3
1164,-6.700000000000001,0,7,4,1,1.3409207873046398,,125.4
1165,-2.3000000000000003,0,4,3,1,1.3409207873046398,,125.5
1166,-2.3000000000000003,0,4,3,1,1.3409207873046398,,125.6
1167,-4.300000000000001,0,4,3,1,1.3409207873046398,,125.7
1168,-2.3000000000000003,0,4,3,1,1.3409207873046398,,125.8
1169,-2.3000000000000003,0,4,3,1,1.3409207873046398,,125.8
1170,-4.300000000000001,0,4,3,1,1.3409207873046398,,125.9
1171,-5.4,0,5,4,1,1.3409207873046398,,126.0
1172,-3.4000000000000004,0,5,4,1,1.3409207873046398,,126.1
1173,-4.300000000000001,0,4,3,1,1.3409207873046398,,126.2
1174,-5.4,0,5,4,1,1.3409207873046398,,126.3
1175,-5.700000000000001,0,7,4,1,1.3409207873046398,,126.4
1176,-4.300000000000001,0,4,3,1,1.3409207873046398,,126.5
1177,-4.6000000000000005,0,6,3,1,1.3409207873046398,,126.6
1178,-3.6000000000000005,0,6,3,1,1.3409207873046398,,126.7
1179,-5.6000000000000005,0,6,3,1,1.3409207873046398,,126.7
1180,-5.4,0,5,4,1,1.3409207873046398,,126.8
1181,-5.4,0,5,4,1,1.3409207873046398,,126.9
1182,-3.4000000000000004,0,5,4,1,1.3409207873046398,,127.0
1183,-6.9,0,8,3,1,1.3409207873046398,,127.1
1184,-5.4,0,5,4,1,1.3409207873046398,,127.2
1185,-6.700000000000001,0,7,4,1,1.3409207873046398,,127.3
1186,-5.4,0,5,4,1,1.3409207873046398,,127.4
1187,-6.0,0,9,4,1,1.3409207873046398,,127.4
1188,-4.6000000000000005,0,6,3,1,1.3409207873046398,,127.5
1189,-4.300000000000001,0,4,3,1,1.3409207873046398,,127.6
1190,-0.30000000000000004,0,4,3,1,1.3409207873046398,,127.7
1191,-4.300000000000001,0,4,3,1,1.3409207873046398,,127.7
1192,-5.4,0,5,4,1,1.3409207873046398,,127.8
1193,-2.9000000000000004,0,8,3,1,1.3409207873046398,,127.9
1194,-3.6000000000000005,0,6,3,1,1.3409207873046398,,127.9
1195,-5.700000000000001,0,7,4,1,1.3409207873046398,,128.0
1196,-4.9,0,8,3,1,1.3409207873046398,,128.1
1197,-0.30000000000000004,0,4,3,1,1.3409207873046398,,128.2
1198,-1.4000000000000001,0,5,4,1,1.3409207873046398,,128.3
1199,-5.4,0,5,4,1,1.3409207873046398,,128.3
1200,-6.9,0,8,3,1,1.3409207873046398,,128.4
1201,-4.300000000000001,0,4,3,1,1.3409207873046398,,128.5
1202,-4.300000000000001,0,4,3,1,1.3409207873046398,,128.6
1203,-4.6000000000000005,0,6,3,1,1.3409207873046398,,128.6
1204,-4.300000000000001,0,4,3,1,1.3409207873046398,,128.7
1205,-5.4,0,5,4,1,1.3409207873046398,,128.8
1206,-4.300000000000001,0,4,3,1,1.3409207873046398,,128.9
1207,-0.30000000000000004,0,4,3,1,1.3409207873046398,,128.9
1208,-5.6000000000000005,0,6,3,1,1.3409207873046398,,129.0
1209,-1.7000000000000002,0,7,4,1,1.3409207873046398,,129.1
1210,-4.300000000000001,0,4,3,1,1.3409207873046398,,129.2
1211,-7.300000000000001,0,11,4,1,1.3409207873046398,,129.2
1212,-5.6000000000000005,0,6,3,1,1.3409207873046398,,129.3
1213,-6.700000000000001,0,7,4,1,1.3409207873046398,,129.4
1214,-8.3,0,11,4,1,1.3409207873046398,,129.5
1215,-4.300000000000001,0,4,3,1,1.3409207873046398,,129.6
1216,-5.6000000000000005,0,6,3,1,1.3409207873046398,,129.7
1217,-5.4,0,5,4,1,1.3409207873046398,,129.8
1218,-5.4,0,5,4,1,1.3409207873046398,,129.9
1219,-2.3000000000000003,0,4,3,1,1.3409207873046398,,130.0
1220,-4.6000000000000005,0,6,3,1,1.3409207873046398,,130.0
1221,-0.30000000000000004,0,4,3,1,1.3409207873046398,,130.1
1222,-2.3000000000000003,0,4,3,1,1.3409207873046398,,130.2
1223,-5.6000000000000005,0,6,3,1,1.3409207873046398,,130.3
1224,-4.300000000000001,0,4,3,1,1.3409207873046398,,130.4
1225,-4.300000000000001,0,4,3,1,1.3409207873046398,,130.5
1226,-3.4000000000000004,0,5,4,1,1.3409207873046398,,130.6
1227,-4.300000000000001,0,4,3,1,1.3409207873046398,,130.7
1228,-2.6000000000000005,0,6,3,1,1.3409207873046398,,130.7
1229,0.6000000000000001,0,5,4,1,1.3409207873046398,,130.9
1230,-4.300000000000001,0,4,3,1,1.3409207873046398,,131.0
1231,-5.4,0,5,4,1,1.3409207873046398,,131.1
1232,-4.300000000000001,0,4,3,1,1.3409207873046398,,131.2
1233,-4.300000000000001,0,4,3,1,1.3409207873046398,,131.3
1234,-6.900000000000001,0,8,3,1,1.3409207873046398,,131.4
1235,-5.6000000000000005,0,6,3,1,1.3409207873046398,,131.5
1236,-4.300000000000001,0,4,3,1,1.3409207873046398,,131.6
1237,-6.700000000000001,0,7,4,1,1.3409207873046398,,131.6
1238,-2.3000000000000003,0,4,3,1,1.3409207873046398,,131.7
1239,-4.300000000000001,0,4,3,1,1.3409207873046398,,131.8
1240,-2.3000000000000003,0,4,3,1,1.3409207873046398,,131.9
1241,-5.4,0,5,4,1,1.3409207873046398,,132.0
1242,-4.9,0,8,3,1,1.3409207873046398,,132.1
1243,-4.6,0,6,3,1,1.3409207873046398,,132.2
1244,-8.200000000000001,0,10,3,1,1.3409207873046398,,132.3
1245,-4.300000000000001,0,4,3,1,1.3409207873046398,,132.4
1246,-5.6000000000000005,0,6,3,1,1.3409207873046398,,132.5
1247,-5.9,0,8,3,1,1.3409207873046398,,132.5
1248,-3.4000000000000004,0,5,4,1,1.3409207873046398,,132.6
1249,-5.700000000000001,0,7,4,1,1.3409207873046398,,132.7
1250,4.4,1,6,3,1,1.3409207873046398,,132.8
1251,-3.4000000000000004,0,5,4,1,1.3409207873046398,,132.9
1252,-4.300000000000001,0,4,3,1,1.3409207873046398,,133.0
1253,-4.300000000000001,0,4,3,1,1.3409207873046398,,133.0
1254,-2.3000000000000003,0,4,3,1,1.3409207873046398,,133.1
1255,-7.000000000000001,0,9,4,1,1.3409207873046398,,133.3
1256,-6.700000000000001,0,7,4,1,1.3409207873046398,,133.4
1257,-5.6000000000000005,0,6,3,1,1.3409207873046398,,133.5
1258,-4.300000000000001,0,4,3,1,1.3409207873046398,,133.5
1259,-5.700000000000001,0,7,4,1,1.3409207873046398,,133.6
1260,-4.6,0,6,3,1,1.3409207873046398,,133.7
1261,-4.300000000000001,0,4,3,1,1.3409207873046398,,133.7
1262,-8.000000000000002,0,9,4,1,1.3409207873046398,,133.8
1263,-2.3000000000000003,0,4,3,1,1.3409207873046398,,133.9
1264,-2.3000000000000003,0,4,3,1,1.3409207873046398,,134.0
1265,-3.4000000000000004,0,5,4,1,1.3409207873046398,,134.1
1266,-5.7,0,7,4,1,1.3409207873046398,,134.2
1267,-5.4,0,5,4,1,1.3409207873046398,,134.2
1268,-4.300000000000001,0,4,3,1,1.3409207873046398,,134.3
1269,-5.4,0,5,4,1,1.3409207873046398,,134.4
1270,-5.4,0,5,4,1,1.3409207873046398,,134.5
1271,-5.6000000000000005,0,6,3,1,1.3409207873046398,,134.5
1272,-5.4,0,5,4,1,1.3409207873046398,,134.6
1273,-4.300000000000001,0,4,3,1,1.3409207873046398,,134.7
1274,-3.4000000000000004,0,5,4,1,1.3409207873046398,,134.7
1275,-5.4,0,5,4,1,1.3409207873046398,,134.8
1276,-4.300000000000001,0,4,3,1,1.3409207873046398,,134.9
1277,-5.6000000000000005,0,6,3,1,1.3409207873046398,,134.9
1278,-4.300000000000001,0,4,3,1,1.3409207873046398,,135.1
1279,-5.4,0,5,4,1,1.3409207873046398,,135.1
1280,-4.300000000000001,0,4,3,1,1.3409207873046398,,135.2
1281,-4.300000000000001,0,4,3,1,1.3409207873046398,,135.3
1282,-2.3000000000000003,0,4,3,1,1.3409207873046398,,135.3
1283,-4.300000000000001,0,4,3,1,1.3409207873046398,,135.4
1284,-7.0,0,9,4,1,1.3409207873046398,,135.5
1285,-4.300000000000001,0,4,3,1,1.3409207873046398,,135.6
1286,-3.6000000000000005,0,6,3,1,1.3409207873046398,,135.7
1287,-5.4,0,5,4,1,1.3409207873046398,,135.8
1288,-2.6,0,6,3,1,1.3409207873046398,,135.9
1289,-5.4,0,5,4,1,1.2280266229063272,0.6595651067327708,136.5
1290,-4.300000000000001,0,4,3,1,1.2280266229063272,,136.6
1291,-5.4,0,5,4,1,1.2280266229063272,,136.7
1292,-3.4000000000000004,0,5,4,1,1.2280266229063272,,136.8
1293,-3.4000000000000004,0,5,4,1,1.2280266229063272,,136.9
1294,-5.4,0,5,4,1,1.2280266229063272,,136.9
1295,-4.300000000000001,0,4,3,1,1.2280266229063272,,137.0
1296,-6.700000000000001,0,7,4,1,1.2280266229063272,,137.1
1297,-4.300000000000001,0,4,3,1,1.2280266229063272,,137.2
1298,-5.6000000000000005,0,6,3,1,1.2280266229063272,,137.3
1299,-4.300000000000001,0,4,3,1,1.2280266229063272,,137.4
1300,-2.3000000000000003,0,4,3,1,1.2280266229063272,,137.5
1301,-5.4,0,5,4,1,1.2280266229063272,,137.6
1302,-4.300000000000001,0,4,3,1,1.2280266229063272,,137.7
1303,-4.300000000000001,0,4,3,1,1.2280266229063272,,137.8
1304,-4.2,0,10,3,1,1.2280266229063272,,138.0
1305,-4.9,0,8,3,1,1.2280266229063272,,138.1
1306,-4.300000000000001,0,4,3,1,1.2280266229063272,,138.2
1307,-4.300000000000001,0,4,3,1,1.2280266229063272,,138.3
1308,-2.6,0,6,3,1,1.2280266229063272,,138.3
1309,-3.6,0,6,3,1,1.2280266229063272,,138.4
1310,-5.4,0,5,4,1,1.2280266229063272,,138.5
1311,-4.300000000000001,0,4,3,1,1.2280266229063272,,138.6
1312,-5.4,0,5,4,1,1.2280266229063272,,138.6
1313,-3.7,0,7,4,1,1.2280266229063272,,138.7
1314,-4.300000000000001,0,4,3,1,1.2280266229063272,,138.8
1315,-2.3000000000000003,0,4,3,1,1.2280266229063272,,138.9
1316,-0.30000000000000004,0,4,3,1,1.2280266229063272,,139.0
1317,-4.300000000000001,0,4,3,1,1.2280266229063272,,139.1
1318,-4.6,0,6,3,1,1.2280266229063272,,139.2
1319,-5.4,0,5,4,1,1.2280266229063272,,139.3
1320,-4.300000000000001,0,4,3,1,1.2280266229063272,,139.4
1321,-3.4000000000000004,0,5,4,1,1.2280266229063272,,139.5
1322,-3.4000000000000004,0,5,4,1,1.2280266229063272,,139.6
1323,-0.30000000000000004,0,4,3,1,1.2280266229063272,,139.7
1324,-5.9,0,8,3,1,1.2280266229063272,,139.8
1325,-4.300000000000001,0,4,3,1,1.2280266229063272,,139.9
1326,-4.300000000000001,0,4,3,1,1.2280266229063272,,140.0
1327,-0.30000000000000004,0,4,3,1,1.2280266229063272,,140.1
1328,-3.4000000000000004,0,5,4,1,1.2280266229063272,,140.2
1329,-4.300000000000001,0,4,3,1,1.2280266229063272,,140.2
1330,-2.3000000000000003,0,4,3,1,1.2280266229063272,,140.4
1331,-2.7,0,7,4,1,1.2280266229063272,,140.4
1332,-7.0,0,9,4,1,1.2280266229063272,,140.5
1333,-5.4,0,5,4,1,1.2280266229063272,,140.6
1334,-5.4,0,5,4,1,1.2280266229063272,,140.7
1335,-11.6,0,12,4,0,1.2280266229063272,,140.9
1336,-4.300000000000001,0,4,3,1,1.2280266229063272,,140.9
1337,-5.4,0,5,4,1,1.2280266229063272,,141.0
1338,-5.4,0,5,4,1,1.2280266229063272,,141.1
1339,-5.4,0,5,4,1,1.2280266229063272,,141.2
1340,-5.4,0,5,4,1,1.2280266229063272,,141.3
1341,-4.300000000000001,0,4,3,1,1.2280266229063272,,141.4
1342,-6.700000000000001,0,7,4,1,1.2280266229063272,,141.5
1343,-5.4,0,5,4,1,1.2280266229063272,,141.6
1344,0.6000000000000001,0,5,4,1,1.2280266229063272,,141.6
1345,-4.300000000000001,0,4,3,1,1.2280266229063272,,141.7
1346,-5.4,0,5,4,1,1.2280266229063272,,141.8
1347,-4.300000000000001,0,4,3,1,1.2280266229063272,,141.9
1348,-4.300000000000001,0,4,3,1,1.2280266229063272,,142.0
1349,-3.7,0,7,4,1,1.2280266229063272,,142.0
1350,-4.300000000000001,0,4,3,1,1.2280266229063272,,142.1
1351,-9.3,0,11,4,1,1.2280266229063272,,142.2
1352,-5.4,0,5,4,1,1.2280266229063272,,142.3
1353,-2.3000000000000003,0,4,3,1,1.2280266229063272,,142.4
1354,-5.4,0,5,4,1,1.2280266229063272,,142.4
1355,-0.30000000000000004,0,4,3,1,1.2280266229063272,,142.5
1356,-4.6,0,6,3,1,1.2280266229063272,,142.6
1357,-4.300000000000001,0,4,3,1,1.2280266229063272,,142.7
1358,-4.300000000000001,0,4,3,1,1.2280266229063272,,142.7
1359,-4.9,0,8,3,1,1.2280266229063272,,142.8
1360,-5.7,0,7,4,1,1.2280266229063272,,142.9
1361,-2.3000000000000003,0,4,3,1,1.2280266229063272,,143.0
1362,-3.4000000000000004,0,5,4,1,1.2280266229063272,,143.1
1363,-1.4000000000000001,0,5,4,1,1.2280266229063272,,143.2
1364,-4.300000000000001,0,4,3,1,1.2280266229063272,,143.3
1365,-4.300000000000001,0,4,3,1,1.2280266229063272,,143.4
1366,-5.700000000000001,0,7,4,1,1.2280266229063272,,143.5
1367,-8.0,0,9,4,1,1.2280266229063272,,143.6
1368,-5.6000000000000005,0,6,3,1,1.2280266229063272,,143.6
1369,-6.700000000000001,0,7,4,1,1.2280266229063272,,143.8
1370,-5.4,0,5,4,1,1.2280266229063272,,143.9
1371,-6.700000000000001,0,7,4,1,1.2280266229063272,,144.0
1372,-5.4,0,5,4,1,1.2280266229063272,,144.1
1373,-5.4,0,5,4,1,1.2280266229063272,,144.2
1374,-6.700000000000001,0,7,4,1,1.2280266229063272,,144.3
1375,-6.700000000000001,0,7,4,1,1.2280266229063272,,144.4
1376,-3.4000000000000004,0,5,4,1,1.2280266229063272,,144.4
1377,-2.3000000000000003,0,4,3,1,1.2280266229063272,,144.5
1378,-5.700000000000001,0,7,4,1,1.2280266229063272,,144.6
1379,0.6000000000000001,0,5,4,1,1.2280266229063272,,144.6
1380,-6.000000000000001,0,9,4,1,1.2280266229063272,,144.7
1381,-5.4,0,5,4,1,1.2280266229063272,,144.8
1382,-4.300000000000001,0,4,3,1,1.2280266229063272,,144.9
1383,-4.300000000000001,0,4,3,1,1.2280266229063272,,144.9
1384,-7.000000000000001,0,9,4,1,1.2280266229063272,,145.1
1385,-4.300000000000001,0,4,3,1,1.2280266229063272,,145.1
1386,-2.3000000000000003,0,4,3,1,1.2280266229063272,,145.2
1387,-4.300000000000001,0,4,3,1,1.2280266229063272,,145.3
1388,-5.6000000000000005,0,6,3,1,1.2280266229063272,,145.4
1389,-3.6000000000000005,0,6,3,1,1.2280266229063272,,145.5
1390,-4.300000000000001,0,4,3,1,1.2280266229063272,,145.5
1391,-4.300000000000001,0,4,3,1,1.2280266229063272,,145.6
1392,-4.300000000000001,0,4,3,1,1.2280266229063272,,145.6
1393,-4.9,0,8,3,1,1.2280266229063272,,145.7
1394,-4.6,0,6,3,1,1.2280266229063272,,145.8
1395,-7.199999999999999,0,10,3,1,1.2280266229063272,,145.9
1396,-3.4000000000000004,0,5,4,1,1.2280266229063272,,146.0
1397,-4.300000000000001,0,4,3,1,1.2280266229063272,,146.1
1398,-2.3000000000000003,0,4,3,1,1.2280266229063272,,146.2
1399,-5.4,0,5,4,1,1.2280266229063272,,146.3
1400,-6.700000000000001,0,7,4,1,1.2280266229063272,,146.4
1401,-4.300000000000001,0,4,3,1,1.2280266229063272,,146.5
1402,-5.4,0,5,4,1,1.2280266229063272,,146.6
1403,-2.3000000000000003,0,4,3,1,1.2280266229063272,,146.6
1404,-4.300000000000001,0,4,3,1,1.2280266229063272,,146.7
1405,-4.300000000000001,0,4,3,1,1.2280266229063272,,146.8
1406,-1.6,0,6,3,1,1.2280266229063272,,146.9
1407,-4.300000000000001,0,4,3,1,1.2280266229063272,,147.0
1408,-5.4,0,5,4,1,1.2280266229063272,,147.1
1409,-4.300000000000001,0,4,3,1,1.2280266229063272,,147.2
1410,-4.300000000000001,0,4,3,1,1.2280266229063272,,147.3
1411,-5.6000000000000005,0,6,3,1,1.2280266229063272,,147.4
1412,-0.30000000000000004,0,4,3,1,1.2280266229063272,,147.5
1413,-5.4,0,5,4,1,1.2280266229063272,,147.6
1414,0.6000000000000001,0,5,4,1,1.2280266229063272,,147.6
1415,-4.300000000000001,0,4,3,1,1.2280266229063272,,147.7
1416,-4.300000000000001,0,4,3,1,1.2280266229063272,,147.8
1417,-4.300000000000001,0,4,3,1,1.2280266229063272,,147.9
1418,-4.300000000000001,0,4,3,1,1.2280266229063272,,148.0
1419,-2.3000000000000003,0,4,3,1,1.2280266229063272,,148.0
1420,-4.300000000000001,0,4,3,1,1.2280266229063272,,148.1
1421,-4.300000000000001,0,4,3,1,1.2280266229063272,,148.2
1422,0.6000000000000001,0,5,4,1,1.2280266229063272,,148.3
1423,-4.700000000000001,0,7,4,1,1.2280266229063272,,148.4
1424,-3.4000000000000004,0,5,4,1,1.2280266229063272,,148.5
1425,-4.300000000000001,0,4,3,1,1.2280266229063272,,148.6
1426,-4.300000000000001,0,4,3,1,1.2280266229063272,,148.7
1427,-6.700000000000001,0,7,4,1,1.2280266229063272,,148.8
1428,-2.3000000000000003,0,4,3,1,1.2280266229063272,,148.9
1429,-5.6000000000000005,0,6,3,1,1.2280266229063272,,149.0
1430,-5.4,0,5,4,1,1.2280266229063272,,149.0
1431,-4.300000000000001,0,4,3,1,1.2280266229063272,,149.1
1432,-5.9,0,8,3,1,1.2280266229063272,,149.2
1433,-2.3000000000000003,0,4,3,1,1.2280266229063272,,149.3
1434,-5.4,0,5,4,1,1.2280266229063272,,149.4
1435,-4.300000000000001,0,4,3,1,1.2280266229063272,,149.5
1436,-5.4,0,5,4,1,1.2280266229063272,,149.5
1437,-0.30000000000000004,0,4,3,1,1.2280266229063272,,149.6
1438,-2.3000000000000003,0,4,3,1,1.2280266229063272,,149.6
1439,-5.4,0,5,4,1,1.2280266229063272,,149.7
1440,-0.6000000000000001,0,6,3,1,1.2280266229063272,,149.8
1441,-0.30000000000000004,0,4,3,1,1.2280266229063272,,149.8
1442,-5.4,0,5,4,1,1.2280266229063272,,150.0
1443,-4.5,0,12,3,1,1.2280266229063272,,150.1
1444,-3.4000000000000004,0,5,4,1,1.2280266229063272,,150.1
1445,-0.30000000000000004,0,4,3,1,1.2280266229063272,,150.2
1446,-1.4000000000000001,0,5,4,1,1.2280266229063272,,150.3
1447,-2.3000000000000003,0,4,3,1,1.2280266229063272,,150.3
1448,-4.300000000000001,0,4,3,1,1.2280266229063272,,150.4
1449,-1.6,0,6,3,1,1.2280266229063272,,150.5
1450,-2.3000000000000003,0,4,3,1,1.2280266229063272,,150.6
1451,-2.3000000000000003,0,4,3,1,1.2280266229063272,,150.7
1452,-4.300000000000001,0,4,3,1,1.2280266229063272,,150.8
1453,-5.4,0,5,4,1,1.2280266229063272,,150.9
1454,-4.300000000000001,0,4,3,1,1.2280266229063272,,150.9
1455,-4.300000000000001,0,4,3,1,1.2280266229063272,,151.0
1456,-4.300000000000001,0,4,3,1,1.2280266229063272,,151.1
1457,-4.300000000000001,0,4,3,1,1.2280266229063272,,151.2
1458,-5.4,0,5,4,1,1.2280266229063272,,151.3
1459,-4.300000000000001,0,4,3,1,1.2280266229063272,,151.4
1460,-3.4000000000000004,0,5,4,1,1.2280266229063272,,151.5
1461,-4.300000000000001,0,4,3,1,1.2280266229063272,,151.6
1462,-3.4000000000000004,0,5,4,1,1.2280266229063272,,151.7
1463,-4.300000000000001,0,4,3,1,1.2280266229063272,,151.7
1464,-4.300000000000001,0,4,3,1,1.2280266229063272,,151.8
1465,-4.300000000000001,0,4,3,1,1.2280266229063272,,151.8
1466,-6.700000000000001,0,7,4,1,1.2280266229063272,,151.9
1467,-4.300000000000001,0,4,3,1,1.2280266229063272,,152.0
1468,-4.300000000000001,0,4,3,1,1.2280266229063272,,152.1
1469,-4.300000000000001,0,4,3,1,1.2280266229063272,,152.2
1470,-5.4,0,5,4,1,1.2280266229063272,,152.3
1471,-4.300000000000001,0,4,3,1,1.2280266229063272,,152.3
1472,-3.4000000000000004,0,5,4,1,1.2280266229063272,,152.4
1473,-4.300000000000001,0,4,3,1,1.2280266229063272,,152.5
1474,-4.300000000000001,0,4,3,1,1.2280266229063272,,152.6
1475,-2.3000000000000003,0,4,3,1,1.2280266229063272,,152.7
1476,-10.6,0,12,4,0,1.2280266229063272,,152.7
1477,-5.6000000000000005,0,6,3,1,1.2280266229063272,,152.8
1478,-2.3000000000000003,0,4,3,1,1.2280266229063272,,152.9
1479,-4.300000000000001,0,4,3,1,1.2280266229063272,,153.0
1480,-4.300000000000001,0,4,3,1,1.2280266229063272,,153.1
1481,-6.9,0,8,3,1,1.2280266229063272,,153.2
1482,-4.300000000000001,0,4,3,1,1.2280266229063272,,153.3
1483,-4.300000000000001,0,4,3,1,1.2280266229063272,,153.4
1484,-2.3000000000000003,0,4,3,1,1.2280266229063272,,153.4
1485,-4.300000000000001,0,4,3,1,1.2280266229063272,,153.5
1486,-4.300000000000001,0,4,3,1,1.2280266229063272,,153.6
1487,-4.300000000000001,0,4,3,1,1.2280266229063272,,153.7
1488,-4.300000000000001,0,4,3,1,1.2280266229063272,,153.8
1489,-4.300000000000001,0,4,3,1,1.2280266229063272,,153.9
1490,-3.4000000000000004,0,5,4,1,1.2280266229063272,,153.9
1491,-2.6,0,6,3,1,1.2280266229063272,,154.0
1492,-5.4,0,5,4,1,1.2280266229063272,,154.1
1493,-4.300000000000001,0,4,3,1,1.2280266229063272,,154.2
1494,-4.300000000000001,0,4,3,1,1.2280266229063272,,154.3
1495,-4.300000000000001,0,4,3,1,1.2280266229063272,,154.3
1496,-5.9,0,8,3,1,1.2280266229063272,,154.5
1497,-4.300000000000001,0,4,3,1,1.2280266229063272,,154.5
1498,-4.300000000000001,0,4,3,1,1.2280266229063272,,154.6
1499,-5.4,0,5,4,1,1.2280266229063272,,154.7
1500,-4.300000000000001,0,4,3,1,1.2280266229063272,,154.8
1501,0.6000000000000001,0,5,4,1,1.2280266229063272,,160.1
1502,-4.300000000000001,0,4,3,1,1.2280266229063272,,160.2
1503,-3.4000000000000004,0,5,4,1,1.2280266229063272,,160.3
1504,-4.300000000000001,0,4,3,1,1.2280266229063272,,160.4
1505,-4.300000000000001,0,4,3,1,1.2280266229063272,,160.5
1506,-4.300000000000001,0,4,3,1,1.2280266229063272,,160.6
1507,-5.4,0,5,4,1,1.2280266229063272,,160.7
1508,-4.300000000000001,0,4,3,1,1.2280266229063272,,160.8
1509,-3.4000000000000004,0,5,4,1,1.2280266229063272,,160.9
1510,-4.300000000000001,0,4,3,1,1.2280266229063272,,161.0
1511,-5.4,0,5,4,1,1.2280266229063272,,161.1
1512,-4.300000000000001,0,4,3,1,1.2280266229063272,,161.1
1513,-5.6000000000000005,0,6,3,1,1.2280266229063272,,161.3
1514,-4.300000000000001,0,4,3,1,1.2280266229063272,,161.3
1515,-2.3000000000000003,0,4,3,1,1.2280266229063272,,161.4
1516,-2.9000000000000004,0,8,3,1,1.2280266229063272,,161.5
1517,-5.4,0,5,4,1,1.2280266229063272,,161.5
1518,-4.300000000000001,0,4,3,1,1.2280266229063272,,161.7
1519,-5.9,0,8,3,1,1.2280266229063272,,161.7
1520,-3.6000000000000005,0,6,3,1,1.2280266229063272,,161.8
1521,-4.300000000000001,0,4,3,1,1.2280266229063272,,161.9
1522,-8.0,0,9,4,1,1.2280266229063272,,161.9
1523,-4.300000000000001,0,4,3,1,1.2280266229063272,,162.0
1524,-5.4,0,5,4,1,1.2280266229063272,,162.1
1525,-4.300000000000001,0,4,3,1,1.2280266229063272,,162.2
1526,-4.300000000000001,0,4,3,1,1.2280266229063272,,162.3
1527,-6.700000000000001,0,7,4,1,1.2280266229063272,,162.4
1528,-2.3000000000000003,0,4,3,1,1.2280266229063272,,162.4
1529,-5.4,0,5,4,1,1.2280266229063272,,162.5
1530,-0.30000000000000004,0,4,3,1,1.2280266229063272,,162.6
1531,-5.4,0,5,4,1,1.2280266229063272,,162.7
1532,-5.4,0,5,4,1,1.2280266229063272,,162.8
1533,-5.4,0,5,4,1,1.2280266229063272,,162.9
1534,-4.300000000000001,0,4,3,1,1.2280266229063272,,163.0
1535,-4.300000000000001,0,4,3,1,1.2280266229063272,,163.2
1536,-2.6,0,6,3,1,1.2280266229063272,,163.2
1537,-4.300000000000001,0,4,3,1,1.2280266229063272,,163.3
1538,-3.6000000000000005,0,6,3,1,1.2280266229063272,,163.4
1539,-6.700000000000001,0,7,4,1,1.2280266229063272,,163.5
1540,-5.6000000000000005,0,6,3,1,1.2280266229063272,,163.6
1541,-5.4,0,5,4,1,1.2280266229063272,,163.7
1542,-5.4,0,5,4,1,1.2280266229063272,,163.7
1543,-4.300000000000001,0,4,3,1,1.2280266229063272,,163.8
1544,-4.300000000000001,0,4,3,1,1.2280266229063272,,163.9
1545,-4.6,0,6,3,1,1.2280266229063272,,164.0
1546,-5.4,0,5,4,1,1.2280266229063272,,164.0
1547,-4.300000000000001,0,4,3,1,1.2280266229063272,,164.1
1548,-2.6,0,6,3,1,1.2280266229063272,,164.2
1549,-5.4,0,5,4,1,1.2280266229063272,,164.3
1550,-6.000000000000001,0,9,4,1,1.2280266229063272,,164.4
1551,-4.7,0,7,4,1,1.2280266229063272,,164.5
1552,-4.300000000000001,0,4,3,1,1.2280266229063272,,164.6
1553,-2.3000000000000003,0,4,3,1,1.2280266229063272,,164.6
1554,-0.30000000000000004,0,4,3,1,1.2280266229063272,,164.7
1555,-4.300000000000001,0,4,3,1,1.2280266229063272,,164.8
1556,-3.4000000000000004,0,5,4,1,1.2280266229063272,,164.9
1557,-2.3000000000000003,0,4,3,1,1.2280266229063272,,164.9
1558,-0.30000000000000004,0,4,3,1,1.2280266229063272,,165.0
1559,-4.300000000000001,0,4,3,1,1.2280266229063272,,165.1
1560,-4.300000000000001,0,4,3,1,1.2280266229063272,,165.2
1561,-4.300000000000001,0,4,3,1,1.2280266229063272,,165.3
1562,-4.300000000000001,0,4,3,1,1.2280266229063272,,165.4
1563,-2.3000000000000003,0,4,3,1,1.2280266229063272,,165.5
1564,-4.300000000000001,0,4,3,1,1.2280266229063272,,165.6
1565,-2.9000000000000004,0,8,3,1,1.2280266229063272,,165.6
1566,-4.300000000000001,0,4,3,1,1.2280266229063272,,165.7
1567,-4.300000000000001,0,4,3,1,1.2280266229063272,,165.9
1568,-2.3000000000000003,0,4,3,1,1.2280266229063272,,165.9
1569,-2.7,0,7,4,1,1.2280266229063272,,166.1
1570,-6.9,0,8,3,1,1.2280266229063272,,166.2
1571,-5.4,0,5,4,1,1.2280266229063272,,166.2
1572,-5.6000000000000005,0,6,3,1,1.2280266229063272,,166.3
1573,-4.300000000000001,0,4,3,1,1.2280266229063272,,166.4
1574,-4.300000000000001,0,4,3,1,1.2280266229063272,,166.5
1575,-0.30000000000000004,0,4,3,1,1.2280266229063272,,166.6
1576,-5.4,0,5,4,1,1.2280266229063272,,166.7
1577,-5.6000000000000005,0,6,3,1,1.2280266229063272,,166.8
1578,-4.300000000000001,0,4,3,1,1.2280266229063272,,166.8
1579,-4.300000000000001,0,4,3,1,1.2280266229063272,,166.9
1580,-5.6000000000000005,0,6,3,1,1.2280266229063272,,167.0
1581,-2.3000000000000003,0,4,3,1,1.2280266229063272,,167.1
1582,5.7,1,4,3,1,1.2280266229063272,,167.1
1583,-4.300000000000001,0,4,3,1,1.2280266229063272,,167.2
1584,-4.300000000000001,0,4,3,1,1.2280266229063272,,167.3
1585,-5.6000000000000005,0,6,3,1,1.2280266229063272,,167.4
1586,-5.4,0,5,4,1,1.2280266229063272,,167.5
1587,-3.4000000000000004,0,5,4,1,1.2280266229063272,,167.5
1588,-4.300000000000001,0,4,3,1,1.2280266229063272,,167.6
1589,-5.4,0,5,4,1,1.2280266229063272,,167.7
1590,-5.4,0,5,4,1,1.2280266229063272,,167.8
1591,-4.300000000000001,0,4,3,1,1.2280266229063272,,167.9
1592,-4.300000000000001,0,4,3,1,1.2280266229063272,,168.0
1593,-4.300000000000001,0,4,3,1,1.2280266229063272,,168.1
1594,-4.300000000000001,0,4,3,1,1.2280266229063272,,168.2
1595,-1.4000000000000001,0,5,4,1,1.2280266229063272,,168.3
1596,-4.6,0,6,3,1,1.2280266229063272,,168.4
1597,-4.300000000000001,0,4,3,1,1.2280266229063272,,168.5
1598,-4.300000000000001,0,4,3,1,1.2280266229063272,,168.5
1599,-5.4,0,5,4,1,1.2280266229063272,,168.6
1600,-5.4,0,5,4,1,1.2280266229063272,,168.7
1601,-4.300000000000001,0,4,3,1,1.2280266229063272,,168.8
1602,-4.300000000000001,0,4,3,1,1.2280266229063272,,168.8
1603,-8.000000000000002,0,9,4,1,1.2280266229063272,,169.0
1604,-4.6000000000000005,0,6,3,1,1.2280266229063272,,169.1
1605,-4.300000000000001,0,4,3,1,1.2280266229063272,,169.1
1606,-1.4000000000000001,0,5,4,1,1.2280266229063272,,169.2
1607,-3.6,0,6,3,1,1.2280266229063272,,169.3
1608,-2.3000000000000003,0,4,3,1,1.2280266229063272,,169.3
1609,-4.300000000000001,0,4,3,1,1.2280266229063272,,169.4
1610,-5.4,0,5,4,1,1.2280266229063272,,169.5
1611,-4.300000000000001,0,4,3,1,1.2280266229063272,,169.6
1612,-0.30000000000000004,0,4,3,1,1.2280266229063272,,169.6
1613,-4.6,0,6,3,1,1.2280266229063272,,169.7
1614,-2.6,0,6,3,1,1.2280266229063272,,169.8
1615,-6.700000000000001,0,7,4,1,1.2280266229063272,,169.9
1616,-2.3000000000000003,0,4,3,1,1.2280266229063272,,170.0
1617,-4.300000000000001,0,4,3,1,1.2280266229063272,,170.1
1618,-4.300000000000001,0,4,3,1,1.2280266229063272,,170.2
1619,-5.6000000000000005,0,6,3,1,1.2280266229063272,,170.3
1620,-4.300000000000001,0,4,3,1,1.2280266229063272,,170.4
1621,-4.300000000000001,0,4,3,1,1.2280266229063272,,170.4
1622,-6.700000000000001,0,7,4,1,1.2280266229063272,,170.6
1623,-4.300000000000001,0,4,3,1,1.2280266229063272,,170.6
1624,0.6000000000000001,0,5,4,1,1.2280266229063272,,170.7
1625,-5.4,0,5,4,1,1.2280266229063272,,170.8
1626,-4.300000000000001,0,4,3,1,1.2280266229063272,,170.9
1627,-5.6000000000000005,0,6,3,1,1.2280266229063272,,171.0
1628,-3.4000000000000004,0,5,4,1,1.2280266229063272,,171.1
1629,-4.300000000000001,0,4,3,1,1.2280266229063272,,171.2
1630,0.6000000000000001,0,5,4,1,1.2280266229063272,,171.3
1631,-5.4,0,5,4,1,1.2280266229063272,,171.4
1632,-2.3000000000000003,0,4,3,1,1.2280266229063272,,171.5
1633,-5.9,0,8,3,1,1.2280266229063272,,171.6
1634,-1.9000000000000001,0,8,3,1,1.2280266229063272,,171.7
1635,-4.300000000000001,0,4,3,1,1.2280266229063272,,171.8
1636,-4.300000000000001,0,4,3,1,1.2280266229063272,,171.9
1637,-4.300000000000001,0,4,3,1,1.2280266229063272,,172.0
1638,-3.4000000000000004,0,5,4,1,1.2280266229063272,,172.0
1639,-4.300000000000001,0,4,3,1,1.2280266229063272,,172.1
1640,-4.300000000000001,0,4,3,1,1.2280266229063272,,172.1
1641,-5.4,0,5,4,1,1.2280266229063272,,172.3
1642,5.7,1,4,3,1,1.2280266229063272,,172.4
1643,-4.300000000000001,0,4,3,1,1.2280266229063272,,172.5
1644,-3.6000000000000005,0,6,3,1,1.2280266229063272,,172.6
1645,-4.300000000000001,0,4,3,1,1.2280266229063272,,172.6
1646,-2.3000000000000003,0,4,3,1,1.2280266229063272,,172.7
1647,-4.300000000000001,0,4,3,1,1.2280266229063272,,172.8
1648,-4.300000000000001,0,4,3,1,1.2280266229063272,,172.9
1649,-4.300000000000001,0,4,3,1,1.2280266229063272,,172.9
1650,-4.300000000000001,0,4,3,1,1.2280266229063272,,173.0
1651,-4.300000000000001,0,4,3,1,1.2280266229063272,,173.1
1652,-8.0,0,9,4,1,1.2280266229063272,,173.2
1653,-4.300000000000001,0,4,3,1,1.2280266229063272,,173.3
1654,-4.300000000000001,0,4,3,1,1.2280266229063272,,173.4
1655,-1.4000000000000001,0,5,4,1,1.2280266229063272,,173.4
1656,-2.3000000000000003,0,4,3,1,1.2280266229063272,,173.5
1657,-4.300000000000001,0,4,3,1,1.2280266229063272,,173.6
1658,-4.300000000000001,0,4,3,1,1.2280266229063272,,173.7
1659,-4.7,0,7,4,1,1.2280266229063272,,173.8
1660,-4.700000000000001,0,7,4,1,1.2280266229063272,,173.9
1661,-2.3000000000000003,0,4,3,1,1.2280266229063272,,174.0
1662,-5.6000000000000005,0,6,3,1,1.2280266229063272,,174.1
1663,-2.3000000000000003,0,4,3,1,1.2280266229063272,,174.2
1664,-5.6000000000000005,0,6,3,1,1.2280266229063272,,174.3
1665,-4.300000000000001,0,4,3,1,1.2280266229063272,,174.4
1666,-5.4,0,5,4,1,1.2280266229063272,,174.5
1667,-5.4,0,5,4,1,1.2280266229063272,,174.6
1668,-4.300000000000001,0,4,3,1,1.2280266229063272,,174.7
1669,-4.6,0,6,3,1,1.2280266229063272,,174.8
1670,-5.4,0,5,4,1,1.2280266229063272,,174.8
1671,-2.3000000000000003,0,4,3,1,1.2280266229063272,,174.9
1672,-4.300000000000001,0,4,3,1,1.2280266229063272,,175.0
1673,-5.6000000000000005,0,6,3,1,1.2280266229063272,,175.1
1674,-4.300000000000001,0,4,3,1,1.2280266229063272,,175.2
1675,-2.7,0,7,4,1,1.2280266229063272,,175.3
1676,-4.300000000000001,0,4,3,1,1.2280266229063272,,175.4
1677,-4.300000000000001,0,4,3,1,1.2280266229063272,,175.5
1678,-4.300000000000001,0,4,3,1,1.2280266229063272,,175.6
1679,-5.6000000000000005,0,6,3,1,1.2280266229063272,,175.7
1680,-2.3000000000000003,0,4,3,1,1.2280266229063272,,175.8
1681,-4.300000000000001,0,4,3,1,1.2280266229063272,,175.8
1682,-6.0,0,9,4,1,1.2280266229063272,,176.0
1683,-4.300000000000001,0,4,3,1,1.2280266229063272,,176.1
1684,-4.300000000000001,0,4,3,1,1.2280266229063272,,176.2
1685,-6.700000000000001,0,7,4,1,1.2280266229063272,,176.3
1686,-4.300000000000001,0,4,3,1,1.2280266229063272,,176.4
1687,-5.4,0,5,4,1,1.2280266229063272,,176.4
1688,-2.3000000000000003,0,4,3,1,1.2280266229063272,,176.5
1689,-6.700000000000001,0,7,4,1,1.2280266229063272,,176.6
1690,-2.3000000000000003,0,4,3,1,1.2280266229063272,,176.7
1691,-4.300000000000001,0,4,3,1,1.2280266229063272,,176.7
1692,-4.300000000000001,0,4,3,1,1.2280266229063272,,176.8
1693,-5.4,0,5,4,1,1.2280266229063272,,176.9
1694,-4.300000000000001,0,4,3,1,1.2280266229063272,,177.0
1695,-4.9,0,8,3,1,1.2280266229063272,,177.1
1696,-4.300000000000001,0,4,3,1,1.2280266229063272,,177.1
1697,-4.300000000000001,0,4,3,1,1.2280266229063272,,177.2
1698,-4.300000000000001,0,4,3,1,1.2280266229063272,,177.3
1699,-2.3000000000000003,0,4,3,1,1.2280266229063272,,177.4
1700,-4.300000000000001,0,4,3,1,1.2280266229063272,,177.4
1701,-2.3000000000000003,0,4,3,1,1.1191637455485761,0.4530132395448163,178.1
1702,-5.6000000000000005,0,6,3,1,1.1191637455485761,,178.2
1703,-4.300000000000001,0,4,3,1,1.1191637455485761,,178.2
1704,-3.4000000000000004,0,5,4,1,1.1191637455485761,,178.3
1705,-6.700000000000001,0,7,4,1,1.1191637455485761,,178.4
1706,-0.30000000000000004,0,4,3,1,1.1191637455485761,,178.5
1707,-4.300000000000001,0,4,3,1,1.1191637455485761,,178.6
1708,-5.4,0,5,4,1,1.1191637455485761,,178.7
1709,-4.6000000000000005,0,6,3,1,1.1191637455485761,,178.8
1710,-4.300000000000001,0,4,3,1,1.1191637455485761,,178.9
1711,-5.9,0,8,3,1,1.1191637455485761,,179.0
1712,-4.300000000000001,0,4,3,1,1.1191637455485761,,179.0
1713,-3.4000000000000004,0,5,4,1,1.1191637455485761,,179.1
1714,-4.300000000000001,0,4,3,1,1.1191637455485761,,179.2
1715,-2.3000000000000003,0,4,3,1,1.1191637455485761,,179.3
1716,-2.3000000000000003,0,4,3,1,1.1191637455485761,,179.4
1717,-2.3000000000000003,0,4,3,1,1.1191637455485761,,179.4
1718,-4.300000000000001,0,4,3,1,1.1191637455485761,,179.5
1719,-5.6000000000000005,0,6,3,1,1.1191637455485761,,179.6
1720,-4.300000000000001,0,4,3,1,1.1191637455485761,,179.7
1721,-4.300000000000001,0,4,3,1,1.1191637455485761,,179.8
1722,-4.300000000000001,0,4,3,1,1.1191637455485761,,179.8
1723,-2.3000000000000003,0,4,3,1,1.1191637455485761,,179.9
1724,-4.300000000000001,0,4,3,1,1.1191637455485761,,180.0
1725,-4.300000000000001,0,4,3,1,1.1191637455485761,,180.1
1726,-4.300000000000001,0,4,3,1,1.1191637455485761,,180.2
1727,-3.6,0,6,3,1,1.1191637455485761,,180.3
1728,-4.300000000000001,0,4,3,1,1.1191637455485761,,180.3
1729,-2.3000000000000003,0,4,3,1,1.1191637455485761,,180.4
1730,-4.300000000000001,0,4,3,1,1.1191637455485761,,180.4
1731,-4.300000000000001,0,4,3,1,1.1191637455485761,,180.5
1732,-4.300000000000001,0,4,3,1,1.1191637455485761,,180.6
1733,-3.4000000000000004,0,5,4,1,1.1191637455485761,,180.7
1734,-0.30000000000000004,0,4,3,1,1.1191637455485761,,180.8
1735,-3.4000000000000004,0,5,4,1,1.1191637455485761,,180.9
1736,-4.300000000000001,0,4,3,1,1.1191637455485761,,180.9
1737,-4.300000000000001,0,4,3,1,1.1191637455485761,,181.0
1738,-4.300000000000001,0,4,3,1,1.1191637455485761,,181.1
1739,-4.300000000000001,0,4,3,1,1.1191637455485761,,181.2
1740,-2.3000000000000003,0,4,3,1,1.1191637455485761,,181.3
1741,-2.3000000000000003,0,4,3,1,1.1191637455485761,,181.4
1742,-4.300000000000001,0,4,3,1,1.1191637455485761,,181.5
1743,-4.300000000000001,0,4,3,1,1.1191637455485761,,181.5
1744,-2.3000000000000003,0,4,3,1,1.1191637455485761,,181.7
1745,5.7,1,4,3,1,1.1191637455485761,,181.7
1746,-4.300000000000001,0,4,3,1,1.1191637455485761,,181.8
1747,-4.300000000000001,0,4,3,1,1.1191637455485761,,181.9
1748,5.7,1,4,3,1,1.1191637455485761,,181.9
1749,-9.500000000000002,0,12,3,1,1.1191637455485761,,182.1
1750,-4.300000000000001,0,4,3,1,1.1191637455485761,,182.2
1751,-4.300000000000001,0,4,3,1,1.1191637455485761,,182.2
1752,-2.3000000000000003,0,4,3,1,1.1191637455485761,,182.3
1753,-4.300000000000001,0,4,3,1,1.1191637455485761,,182.4
1754,-5.4,0,5,4,1,1.1191637455485761,,182.5
1755,-0.30000000000000004,0,4,3,1,1.1191637455485761,,182.6
1756,-4.300000000000001,0,4,3,1,1.1191637455485761,,182.7
1757,-5.4,0,5,4,1,1.1191637455485761,,182.7
1758,-4.300000000000001,0,4,3,1,1.1191637455485761,,182.8
1759,-4.300000000000001,0,4,3,1,1.1191637455485761,,182.9
1760,5.7,1,4,3,1,1.1191637455485761,,182.9
1761,-4.300000000000001,0,4,3,1,1.1191637455485761,,183.1
1762,-0.30000000000000004,0,4,3,1,1.1191637455485761,,183.1
1763,-4.300000000000001,0,4,3,1,1.1191637455485761,,183.2
1764,-4.300000000000001,0,4,3,1,1.1191637455485761,,183.3
1765,-0.30000000000000004,0,4,3,1,1.1191637455485761,,183.4
1766,-2.3000000000000003,0,4,3,1,1.1191637455485761,,183.5
1767,-2.3000000000000003,0,4,3,1,1.1191637455485761,,183.6
1768,-4.300000000000001,0,4,3,1,1.1191637455485761,,183.7
1769,5.7,1,4,3,1,1.1191637455485761,,183.7
1770,-2.3000000000000003,0,4,3,1,1.1191637455485761,,183.8
1771,-2.3000000000000003,0,4,3,1,1.1191637455485761,,183.9
1772,-4.300000000000001,0,4,3,1,1.1191637455485761,,183.9
1773,-4.300000000000001,0,4,3,1,1.1191637455485761,,184.0
1774,5.7,1,4,3,1,1.1191637455485761,,184.1
1775,-4.300000000000001,0,4,3,1,1.1191637455485761,,184.2
1776,-4.300000000000001,0,4,3,1,1.1191637455485761,,184.3
1777,-0.30000000000000004,0,4,3,1,1.1191637455485761,,184.4
1778,-4.300000000000001,0,4,3,1,1.1191637455485761,,184.5
1779,-2.3000000000000003,0,4,3,1,1.1191637455485761,,184.5
1780,-4.300000000000001,0,4,3,1,1.1191637455485761,,184.6
1781,-2.3000000000000003,0,4,3,1,1.1191637455485761,,184.7
1782,-5.4,0,5,4,1,1.1191637455485761,,184.8
1783,-2.3000000000000003,0,4,3,1,1.1191637455485761,,184.9
1784,-5.4,0,5,4,1,1.1191637455485761,,184.9
1785,-5.6000000000000005,0,6,3,1,1.1191637455485761,,185.0
1786,-4.300000000000001,0,4,3,1,1.1191637455485761,,185.1
1787,-5.4,0,5,4,1,1.1191637455485761,,185.2
1788,-3.6,0,6,3,1,1.1191637455485761,,185.2
1789,-6.9,0,8,3,1,1.1191637455485761,,185.4
1790,-4.300000000000001,0,4,3,1,1.1191637455485761,,185.4
1791,-4.300000000000001,0,4,3,1,1.1191637455485761,,185.5
1792,-3.6000000000000005,0,6,3,1,1.1191637455485761,,185.6
1793,-4.300000000000001,0,4,3,1,1.1191637455485761,,185.7
1794,-2.3000000000000003,0,4,3,1,1.1191637455485761,,185.8
1795,-4.300000000000001,0,4,3,1,1.1191637455485761,,185.9
1796,-3.6000000000000005,0,6,3,1,1.1191637455485761,,186.0
1797,-2.3000000000000003,0,4,3,1,1.1191637455485761,,186.0
1798,-2.3000000000000003,0,4,3,1,1.1191637455485761,,186.1
1799,-0.30000000000000004,0,4,3,1,1.1191637455485761,,186.2
1800,-4.300000000000001,0,4,3,1,1.1191637455485761,,186.3
1801,-2.3000000000000003,0,4,3,1,1.1191637455485761,,186.4
1802,-0.30000000000000004,0,4,3,1,1.1191637455485761,,186.5
1803,-4.300000000000001,0,4,3,1,1.1191637455485761,,186.6
1804,-5.4,0,5,4,1,1.1191637455485761,,186.7
1805,-0.30000000000000004,0,4,3,1,1.1191637455485761,,186.8
1806,-4.300000000000001,0,4,3,1,1.1191637455485761,,186.8
1807,-0.30000000000000004,0,4,3,1,1.1191637455485761,,186.9
1808,-4.300000000000001,0,4,3,1,1.1191637455485761,,187.0
1809,-4.300000000000001,0,4,3,1,1.1191637455485761,,187.1
1810,-2.3000000000000003,0,4,3,1,1.1191637455485761,,187.1
1811,-1.9000000000000001,0,8,3,1,1.1191637455485761,,187.2
1812,-5.6000000000000005,0,6,3,1,1.1191637455485761,,187.4
1813,-2.3000000000000003,0,4,3,1,1.1191637455485761,,187.4
1814,-4.300000000000001,0,4,3,1,1.1191637455485761,,187.5
1815,-4.300000000000001,0,4,3,1,1.1191637455485761,,187.6
1816,-4.300000000000001,0,4,3,1,1.1191637455485761,,187.7
1817,-5.6000000000000005,0,6,3,1,1.1191637455485761,,187.8
1818,-3.6000000000000005,0,6,3,1,1.1191637455485761,,187.9
1819,-5.4,0,5,4,1,1.1191637455485761,,188.0
1820,-4.300000000000001,0,4,3,1,1.1191637455485761,,188.0
1821,-4.300000000000001,0,4,3,1,1.1191637455485761,,188.2
1822,-2.3000000000000003,0,4,3,1,1.1191637455485761,,188.2
1823,-4.6,0,6,3,1,1.1191637455485761,,188.3
1824,-4.300000000000001,0,4,3,1,1.1191637455485761,,188.4
1825,-2.3000000000000003,0,4,3,1,1.1191637455485761,,188.5
1826,-2.3000000000000003,0,4,3,1,1.1191637455485761,,188.5
1827,-0.30000000000000004,0,4,3,1,1.1191637455485761,,188.6
1828,-2.3000000000000003,0,4,3,1,1.1191637455485761,,188.7
1829,-4.300000000000001,0,4,3,1,1.1191637455485761,,188.8
1830,-5.6000000000000005,0,6,3,1,1.1191637455485761,,188.9
1831,-4.6000000000000005,0,6,3,1,1.1191637455485761,,189.0
1832,-4.6,0,6,3,1,1.1191637455485761,,189.1
1833,-4.300000000000001,0,4,3,1,1.1191637455485761,,189.1
1834,-4.300000000000001,0,4,3,1,1.1191637455485761,,189.2
1835,-2.3000000000000003,0,4,3,1,1.1191637455485761,,189.3
1836,-5.4,0,5,4,1,1.1191637455485761,,189.4
1837,-3.4000000000000004,0,5,4,1,1.1191637455485761,,189.5
1838,-6.700000000000001,0,7,4,1,1.1191637455485761,,189.6
1839,-4.300000000000001,0,4,3,1,1.1191637455485761,,189.7
1840,-5.700000000000001,0,7,4,1,1.1191637455485761,,189.8
1841,-2.3000000000000003,0,4,3,1,1.1191637455485761,,189.8
1842,-4.300000000000001,0,4,3,1,1.1191637455485761,,189.9
1843,-5.6000000000000005,0,6,3,1,1.1191637455485761,,190.0
1844,-2.3000000000000003,0,4,3,1,1.1191637455485761,,190.0
1845,-2.3000000000000003,0,4,3,1,1.1191637455485761,,190.1
1846,-5.4,0,5,4,1,1.1191637455485761,,190.2
1847,-4.300000000000001,0,4,3,1,1.1191637455485761,,190.3
1848,-4.5,0,12,3,1,1.1191637455485761,,190.4
1849,-4.300000000000001,0,4,3,1,1.1191637455485761,,190.5
1850,5.7,1,4,3,1,1.1191637455485761,,190.5
1851,-4.300000000000001,0,4,3,1,1.1191637455485761,,190.6
1852,-4.300000000000001,0,4,3,1,1.1191637455485761,,190.7
1853,-3.6,0,6,3,1,1.1191637455485761,,190.8
1854,-2.3000000000000003,0,4,3,1,1.1191637455485761,,190.8
1855,-5.6000000000000005,0,6,3,1,1.1191637455485761,,190.9
1856,-4.300000000000001,0,4,3,1,1.1191637455485761,,191.0
1857,-4.300000000000001,0,4,3,1,1.1191637455485761,,191.0
1858,-2.3000000000000003,0,4,3,1,1.1191637455485761,,191.1
1859,-4.300000000000001,0,4,3,1,1.1191637455485761,,191.2
1860,-4.300000000000001,0,4,3,1,1.1191637455485761,,191.4
1861,-4.300000000000001,0,4,3,1,1.1191637455485761,,191.4
1862,-1.6,0,6,3,1,1.1191637455485761,,191.5
1863,-4.300000000000001,0,4,3,1,1.1191637455485761,,191.6
1864,-4.6000000000000005,0,6,3,1,1.1191637455485761,,191.7
1865,-4.300000000000001,0,4,3,1,1.1191637455485761,,191.7
1866,-4.300000000000001,0,4,3,1,1.1191637455485761,,191.8
1867,-4.300000000000001,0,4,3,1,1.1191637455485761,,191.9
1868,-4.300000000000001,0,4,3,1,1.1191637455485761,,191.9
1869,-5.4,0,5,4,1,1.1191637455485761,,192.0
1870,-4.300000000000001,0,4,3,1,1.1191637455485761,,192.0
1871,-3.6,0,6,3,1,1.1191637455485761,,192.1
1872,-4.300000000000001,0,4,3,1,1.1191637455485761,,192.2
1873,-4.300000000000001,0,4,3,1,1.1191637455485761,,192.3
1874,-4.300000000000001,0,4,3,1,1.1191637455485761,,192.4
1875,-4.300000000000001,0,4,3,1,1.1191637455485761,,192.5
1876,-4.300000000000001,0,4,3,1,1.1191637455485761,,192.5
1877,-4.300000000000001,0,4,3,1,1.1191637455485761,,192.6
1878,-2.3000000000000003,0,4,3,1,1.1191637455485761,,192.7
1879,-4.300000000000001,0,4,3,1,1.1191637455485761,,192.7
1880,-2.3000000000000003,0,4,3,1,1.1191637455485761,,192.8
1881,-2.3000000000000003,0,4,3,1,1.1191637455485761,,192.9
1882,-5.4,0,5,4,1,1.1191637455485761,,193.0
1883,-4.300000000000001,0,4,3,1,1.1191637455485761,,193.1
1884,-4.300000000000001,0,4,3,1,1.1191637455485761,,193.2
1885,-4.300000000000001,0,4,3,1,1.1191637455485761,,193.2
1886,-5.9,0,8,3,1,1.1191637455485761,,193.3
1887,-4.300000000000001,0,4,3,1,1.1191637455485761,,193.4
1888,-4.300000000000001,0,4,3,1,1.1191637455485761,,193.5
1889,-4.300000000000001,0,4,3,1,1.1191637455485761,,193.6
1890,-4.300000000000001,0,4,3,1,1.1191637455485761,,193.6
1891,-4.300000000000001,0,4,3,1,1.1191637455485761,,193.7
1892,-4.300000000000001,0,4,3,1,1.1191637455485761,,193.8
1893,-4.300000000000001,0,4,3,1,1.1191637455485761,,193.9
1894,-2.3000000000000003,0,4,3,1,1.1191637455485761,,194.0
1895,-1.6,0,6,3,1,1.1191637455485761,,194.1
1896,-4.300000000000001,0,4,3,1,1.1191637455485761,,194.2
1897,-2.3000000000000003,0,4,3,1,1.1191637455485761,,194.3
1898,-2.3000000000000003,0,4,3,1,1.1191637455485761,,194.4
1899,-4.300000000000001,0,4,3,1,1.1191637455485761,,194.4
1900,-5.6000000000000005,0,6,3,1,1.1191637455485761,,194.5
1901,-4.300000000000001,0,4,3,1,1.1191637455485761,,194.5
1902,-1.4000000000000001,0,5,4,1,1.1191637455485761,,194.6
1903,-4.300000000000001,0,4,3,1,1.1191637455485761,,194.7
1904,-4.300000000000001,0,4,3,1,1.1191637455485761,,194.8
1905,-2.3000000000000003,0,4,3,1,1.1191637455485761,,194.9
1906,-3.6000000000000005,0,6,3,1,1.1191637455485761,,195.0
1907,-4.300000000000001,0,4,3,1,1.1191637455485761,,195.1
1908,-4.300000000000001,0,4,3,1,1.1191637455485761,,195.2
1909,-3.6000000000000005,0,6,3,1,1.1191637455485761,,195.3
1910,-4.300000000000001,0,4,3,1,1.1191637455485761,,195.3
1911,-5.4,0,5,4,1,1.1191637455485761,,195.4
1912,-4.300000000000001,0,4,3,1,1.1191637455485761,,195.5
1913,-2.3000000000000003,0,4,3,1,1.1191637455485761,,195.6
1914,-2.3000000000000003,0,4,3,1,1.1191637455485761,,195.7
1915,-0.6000000000000001,0,6,3,1,1.1191637455485761,,195.8
1916,-4.300000000000001,0,4,3,1,1.1191637455485761,,195.8
1917,-4.300000000000001,0,4,3,1,1.1191637455485761,,195.9
1918,-4.300000000000001,0,4,3,1,1.1191637455485761,,196.0
1919,-6.9,0,8,3,1,1.1191637455485761,,196.0
1920,-4.300000000000001,0,4,3,1,1.1191637455485761,,196.1
1921,-4.300000000000001,0,4,3,1,1.1191637455485761,,196.2
1922,-4.300000000000001,0,4,3,1,1.1191637455485761,,196.3
1923,-4.300000000000001,0,4,3,1,1.1191637455485761,,196.4
1924,-3.7,0,7,4,1,1.1191637455485761,,196.4
1925,-5.4,0,5,4,1,1.1191637455485761,,196.5
1926,-2.3000000000000003,0,4,3,1,1.1191637455485761,,196.5
1927,-4.300000000000001,0,4,3,1,1.1191637455485761,,196.6
1928,-5.4,0,5,4,1,1.1191637455485761,,196.6
1929,-0.30000000000000004,0,4,3,1,1.1191637455485761,,196.7
1930,-4.300000000000001,0,4,3,1,1.1191637455485761,,196.8
1931,-4.300000000000001,0,4,3,1,1.1191637455485761,,196.9
1932,-2.3000000000000003,0,4,3,1,1.1191637455485761,,196.9
1933,-4.300000000000001,0,4,3,1,1.1191637455485761,,197.0
1934,-4.300000000000001,0,4,3,1,1.1191637455485761,,197.1
1935,-2.3000000000000003,0,4,3,1,1.1191637455485761,,197.2
1936,-3.4000000000000004,0,5,4,1,1.1191637455485761,,197.2
1937,-5.4,0,5,4,1,1.1191637455485761,,197.3
1938,-4.300000000000001,0,4,3,1,1.1191637455485761,,197.4
1939,-3.6000000000000005,0,6,3,1,1.1191637455485761,,197.5
1940,-2.3000000000000003,0,4,3,1,1.1191637455485761,,197.6
1941,-4.300000000000001,0,4,3,1,1.1191637455485761,,197.7
1942,-5.6000000000000005,0,6,3,1,1.1191637455485761,,197.8
1943,-4.300000000000001,0,4,3,1,1.1191637455485761,,197.9
1944,-2.3000000000000003,0,4,3,1,1.1191637455485761,,198.0
1945,-4.300000000000001,0,4,3,1,1.1191637455485761,,198.0
1946,-4.300000000000001,0,4,3,1,1.1191637455485761,,198.1
1947,-5.6000000000000005,0,6,3,1,1.1191637455485761,,198.2
1948,-3.6000000000000005,0,6,3,1,1.1191637455485761,,198.3
1949,-5.9,0,8,3,1,1.1191637455485761,,198.3
1950,-4.300000000000001,0,4,3,1,1.1191637455485761,,198.4
1951,-6.700000000000001,0,7,4,1,1.1191637455485761,,198.6
1952,-4.300000000000001,0,4,3,1,1.1191637455485761,,198.7
1953,-4.300000000000001,0,4,3,1,1.1191637455485761,,198.7
1954,-5.4,0,5,4,1,1.1191637455485761,,198.8
1955,-6.700000000000001,0,7,4,1,1.1191637455485761,,198.9
1956,-5.6000000000000005,0,6,3,1,1.1191637455485761,,199.0
1957,-2.3000000000000003,0,4,3,1,1.1191637455485761,,199.0
1958,-2.3000000000000003,0,4,3,1,1.1191637455485761,,199.1
1959,-4.300000000000001,0,4,3,1,1.1191637455485761,,199.2
1960,-4.300000000000001,0,4,3,1,1.1191637455485761,,199.3
1961,-5.6000000000000005,0,6,3,1,1.1191637455485761,,199.4
1962,-2.3000000000000003,0,4,3,1,1.1191637455485761,,199.5
1963,-4.300000000000001,0,4,3,1,1.1191637455485761,,199.5
1964,0.6000000000000001,0,5,4,1,1.1191637455485761,,199.6
1965,-2.3000000000000003,0,4,3,1,1.1191637455485761,,199.7
1966,-2.3000000000000003,0,4,3,1,1.1191637455485761,,199.7
1967,-4.300000000000001,0,4,3,1,1.1191637455485761,,199.9
1968,-4.300000000000001,0,4,3,1,1.1191637455485761,,199.9
1969,-4.300000000000001,0,4,3,1,1.1191637455485761,,200.0
1970,-2.3000000000000003,0,4,3,1,1.1191637455485761,,200.0
1971,-4.300000000000001,0,4,3,1,1.1191637455485761,,200.1
1972,-4.300000000000001,0,4,3,1,1.1191637455485761,,200.2
1973,-4.300000000000001,0,4,3,1,1.1191637455485761,,200.3
1974,-4.300000000000001,0,4,3,1,1.1191637455485761,,200.3
1975,-4.300000000000001,0,4,3,1,1.1191637455485761,,200.4
1976,-4.300000000000001,0,4,3,1,1.1191637455485761,,200.5
1977,-5.6000000000000005,0,6,3,1,1.1191637455485761,,200.6
1978,-0.30000000000000004,0,4,3,1,1.1191637455485761,,200.7
1979,-4.300000000000001,0,4,3,1,1.1191637455485761,,200.7
1980,-2.3000000000000003,0,4,3,1,1.1191637455485761,,200.8
1981,-4.300000000000001,0,4,3,1,1.1191637455485761,,200.9
1982,-4.300000000000001,0,4,3,1,1.1191637455485761,,201.0
1983,-4.300000000000001,0,4,3,1,1.1191637455485761,,201.1
1984,-4.300000000000001,0,4,3,1,1.1191637455485761,,201.1
1985,-4.300000000000001,0,4,3,1,1.1191637455485761,,201.2
1986,-4.300000000000001,0,4,3,1,1.1191637455485761,,201.3
1987,-4.300000000000001,0,4,3,1,1.1191637455485761,,201.4
1988,-4.300000000000001,0,4,3,1,1.1191637455485761,,201.4
1989,-4.300000000000001,0,4,3,1,1.1191637455485761,,201.5
1990,-4.300000000000001,0,4,3,1,1.1191637455485761,,201.6
1991,-2.3000000000000003,0,4,3,1,1.1191637455485761,,201.6
1992,-4.300000000000001,0,4,3,1,1.1191637455485761,,201.7
1993,-4.300000000000001,0,4,3,1,1.1191637455485761,,201.8
1994,-2.3000000000000003,0,4,3,1,1.1191637455485761,,201.8
1995,-4.300000000000001,0,4,3,1,1.1191637455485761,,201.9
1996,-4.300000000000001,0,4,3,1,1.1191637455485761,,202.0
1997,-4.300000000000001,0,4,3,1,1.1191637455485761,,202.1
1998,-4.300000000000001,0,4,3,1,1.1191637455485761,,202.1
1999,-4.300000000000001,0,4,3,1,1.1191637455485761,,202.2
2000,-2.3000000000000003,0,4,3,1,1.1191637455485761,,202.3
2001,-4.300000000000001,0,4,3,1,1.1191637455485761,,207.8
2002,-3.6000000000000005,0,6,3,1,1.1191637455485761,,207.9
2003,-4.300000000000001,0,4,3,1,1.1191637455485761,,208.0
2004,-0.30000000000000004,0,4,3,1,1.1191637455485761,,208.0
2005,-0.30000000000000004,0,4,3,1,1.1191637455485761,,208.1
2006,-4.300000000000001,0,4,3,1,1.1191637455485761,,208.2
2007,-4.300000000000001,0,4,3,1,1.1191637455485761,,208.3
2008,-2.6000000000000005,0,6,3,1,1.1191637455485761,,208.3
2009,-2.3000000000000003,0,4,3,1,1.1191637455485761,,208.4
2010,-4.300000000000001,0,4,3,1,1.1191637455485761,,208.5
2011,-3.6000000000000005,0,6,3,1,1.1191637455485761,,208.5
2012,-2.3000000000000003,0,4,3,1,1.1191637455485761,,208.6
2013,-0.30000000000000004,0,4,3,1,1.1191637455485761,,208.7
2014,-4.300000000000001,0,4,3,1,1.1191637455485761,,208.8
2015,-4.7,0,7,4,1,1.1191637455485761,,208.9
2016,5.3,1,7,4,1,1.1191637455485761,,209.0
2017,-4.300000000000001,0,4,3,1,1.1191637455485761,,209.0
2018,-4.300000000000001,0,4,3,1,1.1191637455485761,,209.1
2019,-4.300000000000001,0,4,3,1,1.1191637455485761,,209.2
2020,-5.6000000000000005,0,6,3,1,1.1191637455485761,,209.3
2021,-5.4,0,5,4,1,1.1191637455485761,,209.4
2022,-4.300000000000001,0,4,3,1,1.1191637455485761,,209.5
2023,-4.300000000000001,0,4,3,1,1.1191637455485761,,209.6
2024,-4.300000000000001,0,4,3,1,1.1191637455485761,,209.6
2025,-4.300000000000001,0,4,3,1,1.1191637455485761,,209.7
2026,-4.300000000000001,0,4,3,1,1.1191637455485761,,209.8
2027,-5.4,0,5,4,1,1.1191637455485761,,209.9
2028,-4.300000000000001,0,4,3,1,1.1191637455485761,,210.0
2029,-4.300000000000001,0,4,3,1,1.1191637455485761,,210.1
2030,-5.4,0,5,4,1,1.1191637455485761,,210.2
2031,-2.3000000000000003,0,4,3,1,1.1191637455485761,,210.3
2032,-4.300000000000001,0,4,3,1,1.1191637455485761,,210.3
2033,-4.300000000000001,0,4,3,1,1.1191637455485761,,210.5
2034,-4.300000000000001,0,4,3,1,1.1191637455485761,,210.5
2035,5.7,1,4,3,1,1.1191637455485761,,210.6
2036,-4.300000000000001,0,4,3,1,1.1191637455485761,,210.7
2037,-4.300000000000001,0,4,3,1,1.1191637455485761,,210.8
2038,-4.300000000000001,0,4,3,1,1.1191637455485761,,210.8
2039,-4.300000000000001,0,4,3,1,1.1191637455485761,,210.9
2040,-4.300000000000001,0,4,3,1,1.1191637455485761,,211.0
2041,-4.300000000000001,0,4,3,1,1.1191637455485761,,211.1
2042,-4.300000000000001,0,4,3,1,1.1191637455485761,,211.1
2043,-4.300000000000001,0,4,3,1,1.1191637455485761,,211.2
2044,-5.6000000000000005,0,6,3,1,1.1191637455485761,,211.3
2045,-0.30000000000000004,0,4,3,1,1.1191637455485761,,211.3
2046,-0.30000000000000004,0,4,3,1,1.1191637455485761,,211.4
2047,-4.300000000000001,0,4,3,1,1.1191637455485761,,211.5
2048,-1.4000000000000001,0,5,4,1,1.1191637455485761,,211.6
2049,-3.6000000000000005,0,6,3,1,1.1191637455485761,,211.6
2050,-1.6,0,6,3,1,1.1191637455485761,,211.7
2051,-4.300000000000001,0,4,3,1,1.1191637455485761,,211.8
2052,-4.300000000000001,0,4,3,1,1.1191637455485761,,211.9
2053,-5.4,0,5,4,1,1.1191637455485761,,211.9
2054,-4.300000000000001,0,4,3,1,1.1191637455485761,,212.0
2055,-2.3000000000000003,0,4,3,1,1.1191637455485761,,212.1
2056,-2.3000000000000003,0,4,3,1,1.1191637455485761,,212.2
2057,-3.6000000000000005,0,6,3,1,1.1191637455485761,,212.3
2058,-3.4000000000000004,0,5,4,1,1.1191637455485761,,212.3
2059,-0.30000000000000004,0,4,3,1,1.1191637455485761,,212.4
2060,-3.7,0,7,4,1,1.1191637455485761,,212.5
2061,-5.4,0,5,4,1,1.1191637455485761,,212.6
2062,-5.6000000000000005,0,6,3,1,1.1191637455485761,,212.7
2063,-3.9000000000000004,0,8,3,1,1.1191637455485761,,212.8
2064,-4.6000000000000005,0,6,3,1,1.1191637455485761,,212.9
2065,-2.3000000000000003,0,4,3,1,1.1191637455485761,,213.0
2066,-0.30000000000000004,0,4,3,1,1.1191637455485761,,213.0
2067,-4.300000000000001,0,4,3,1,1.1191637455485761,,213.1
2068,-5.4,0,5,4,1,1.1191637455485761,,213.2
2069,-4.6000000000000005,0,6,3,1,1.1191637455485761,,213.3
2070,-2.3000000000000003,0,4,3,1,1.1191637455485761,,213.3
2071,-4.6,0,6,3,1,1.1191637455485761,,213.4
2072,-4.300000000000001,0,4,3,1,1.1191637455485761,,213.5
2073,-4.300000000000001,0,4,3,1,1.1191637455485761,,213.5
2074,-4.300000000000001,0,4,3,1,1.1191637455485761,,213.6
2075,5.7,1,4,3,1,1.1191637455485761,,213.7
2076,-4.300000000000001,0,4,3,1,1.1191637455485761,,213.7
2077,-3.6000000000000005,0,6,3,1,1.1191637455485761,,213.8
2078,-4.300000000000001,0,4,3,1,1.1191637455485761,,213.9
2079,-4.700000000000001,0,7,4,1,1.1191637455485761,,214.0
2080,-3.4000000000000004,0,5,4,1,1.1191637455485761,,214.0
2081,5.7,1,4,3,1,1.1191637455485761,,214.1
2082,-4.300000000000001,0,4,3,1,1.1191637455485761,,214.1
2083,-4.300000000000001,0,4,3,1,1.1191637455485761,,214.2
2084,-3.6000000000000005,0,6,3,1,1.1191637455485761,,214.3
2085,-4.6000000000000005,0,6,3,1,1.1191637455485761,,214.4
2086,-4.300000000000001,0,4,3,1,1.1191637455485761,,214.5
2087,5.7,1,4,3,1,1.1191637455485761,,214.6
2088,-0.30000000000000004,0,4,3,1,1.1191637455485761,,214.7
2089,-4.300000000000001,0,4,3,1,1.1191637455485761,,214.7
2090,-3.4000000000000004,0,5,4,1,1.1191637455485761,,214.8
2091,-4.300000000000001,0,4,3,1,1.1191637455485761,,214.9
2092,-2.3000000000000003,0,4,3,1,1.1191637455485761,,215.0
2093,-5.4,0,5,4,1,1.1191637455485761,,215.1
2094,-4.300000000000001,0,4,3,1,1.1191637455485761,,215.2
2095,-2.3000000000000003,0,4,3,1,1.1191637455485761,,215.3
2096,-4.300000000000001,0,4,3,1,1.1191637455485761,,215.3
2097,-4.300000000000001,0,4,3,1,1.1191637455485761,,215.4
2098,-3.4000000000000004,0,5,4,1,1.1191637455485761,,215.5
2099,-2.3000000000000003,0,4,3,1,1.1191637455485761,,215.5
2100,-4.300000000000001,0,4,3,1,1.1191637455485761,,215.6
2101,-0.30000000000000004,0,4,3,1,1.1191637455485761,,215.6
2102,-4.300000000000001,0,4,3,1,1.1191637455485761,,215.7
2103,-4.300000000000001,0,4,3,1,1.1191637455485761,,215.8
2104,-3.9000000000000004,0,8,3,1,1.1191637455485761,,215.9
2105,-5.9,0,8,3,1,1.1191637455485761,,215.9
2106,-1.9,0,8,3,1,1.1191637455485761,,216.0
2107,-4.6,0,6,3,1,1.1191637455485761,,216.1
2108,-4.300000000000001,0,4,3,1,1.1191637455485761,,216.2
2109,-0.6000000000000001,0,6,3,1,1.1191637455485761,,216.3
2110,-4.300000000000001,0,4,3,1,1.1191637455485761,,216.4
2111,-4.300000000000001,0,4,3,1,1.1191637455485761,,216.5
2112,-4.300000000000001,0,4,3,1,1.1191637455485761,,216.6
2113,-4.300000000000001,0,4,3,1,1.1191637455485761,,216.6
2114,-4.300000000000001,0,4,3,1,1.1191637455485761,,216.7
2115,-4.300000000000001,0,4,3,1,1.1191637455485761,,216.8
2116,-4.300000000000001,0,4,3,1,1.1191637455485761,,216.9
2117,-4.300000000000001,0,4,3,1,1.1191637455485761,,216.9
2118,-4.300000000000001,0,4,3,1,1.1191637455485761,,217.0
2119,-6.700000000000001,0,7,4,1,1.1191637455485761,,217.1
2120,-4.300000000000001,0,4,3,1,1.1191637455485761,,217.1
2121,-4.300000000000001,0,4,3,1,1.1191637455485761,,217.3
2122,-1.4000000000000001,0,5,4,1,1.1191637455485761,,217.4
2123,-4.300000000000001,0,4,3,1,1.1191637455485761,,217.4
2124,-5.4,0,5,4,1,1.1191637455485761,,217.5
2125,-4.300000000000001,0,4,3,1,1.1191637455485761,,217.6
2126,-4.300000000000001,0,4,3,1,1.1191637455485761,,217.7
2127,-4.300000000000001,0,4,3,1,1.1191637455485761,,217.8
2128,-0.30000000000000004,0,4,3,1,1.1191637455485761,,217.8
2129,-4.300000000000001,0,4,3,1,1.1191637455485761,,217.9
2130,-1.6,0,6,3,1,1.1191637455485761,,218.0
2131,-5.4,0,5,4,1,1.1191637455485761,,218.1
2132,-5.4,0,5,4,1,1.1191637455485761,,218.2
2133,-0.30000000000000004,0,4,3,1,1.1191637455485761,,218.3
2134,-2.3000000000000003,0,4,3,1,1.1191637455485761,,218.4
2135,5.7,1,4,3,1,1.1191637455485761,,218.5
2136,-5.6000000000000005,0,6,3,1,1.1191637455485761,,218.6
2137,-2.3000000000000003,0,4,3,1,1.1191637455485761,,218.7
2138,-2.3000000000000003,0,4,3,1,1.1191637455485761,,218.8
2139,-4.300000000000001,0,4,3,1,1.1191637455485761,,218.8
2140,-2.3000000000000003,0,4,3,1,1.1191637455485761,,218.9
2141,-4.300000000000001,0,4,3,1,1.1191637455485761,,219.0
2142,-2.3000000000000003,0,4,3,1,1.1191637455485761,,219.0
2143,-4.300000000000001,0,4,3,1,1.1191637455485761,,219.1
2144,-4.300000000000001,0,4,3,1,1.1191637455485761,,219.2
2145,-5.700000000000001,0,7,4,1,1.1191637455485761,,219.2
2146,-4.300000000000001,0,4,3,1,1.1191637455485761,,219.3
2147,-0.30000000000000004,0,4,3,1,1.1191637455485761,,219.4
2148,-5.4,0,5,4,1,1.1191637455485761,,219.4
2149,-2.3000000000000003,0,4,3,1,1.1191637455485761,,219.5
2150,-5.4,0,5,4,1,1.1191637455485761,,219.6
2151,-5.4,0,5,4,1,1.1191637455485761,,219.7
2152,-3.4000000000000004,0,5,4,1,1.0773709639906883,0.7466872927034274,220.4
2153,-4.300000000000001,0,4,3,1,1.0773709639906883,,220.4
2154,-2.3000000000000003,0,4,3,1,1.0773709639906883,,220.5
2155,-5.4,0,5,4,1,1.0773709639906883,,220.6
2156,-4.300000000000001,0,4,3,1,1.0773709639906883,,220.7
2157,-4.300000000000001,0,4,3,1,1.0773709639906883,,220.7
2158,-4.300000000000001,0,4,3,1,1.0773709639906883,,220.8
2159,-1.6,0,6,3,1,1.0773709639906883,,220.9
2160,-4.300000000000001,0,4,3,1,1.0773709639906883,,220.9
2161,-4.300000000000001,0,4,3,1,1.0773709639906883,,221.0
2162,-4.300000000000001,0,4,3,1,1.0773709639906883,,221.1
2163,-2.3000000000000003,0,4,3,1,1.0773709639906883,,221.1
2164,-4.300000000000001,0,4,3,1,1.0773709639906883,,221.2
2165,-4.300000000000001,0,4,3,1,1.0773709639906883,,221.3
2166,-2.3000000000000003,0,4,3,1,1.0773709639906883,,221.3
2167,-4.300000000000001,0,4,3,1,1.0773709639906883,,221.4
2168,-4.300000000000001,0,4,3,1,1.0773709639906883,,221.5
2169,-4.300000000000001,0,4,3,1,1.0773709639906883,,221.6
2170,-0.30000000000000004,0,4,3,1,1.0773709639906883,,221.7
2171,-5.4,0,5,4,1,1.0773709639906883,,221.8
2172,-4.300000000000001,0,4,3,1,1.0773709639906883,,221.8
2173,-4.300000000000001,0,4,3,1,1.0773709639906883,,221.9
2174,-4.300000000000001,0,4,3,1,1.0773709639906883,,222.0
2175,-4.300000000000001,0,4,3,1,1.0773709639906883,,222.1
2176,-4.300000000000001,0,4,3,1,1.0773709639906883,,222.2
2177,-4.300000000000001,0,4,3,1,1.0773709639906883,,222.3
2178,-4.300000000000001,0,4,3,1,1.0773709639906883,,222.3
2179,-4.300000000000001,0,4,3,1,1.0773709639906883,,222.4
2180,-4.6,0,6,3,1,1.0773709639906883,,222.4
2181,-2.3000000000000003,0,4,3,1,1.0773709639906883,,222.5
2182,-4.300000000000001,0,4,3,1,1.0773709639906883,,222.6
2183,-2.3000000000000003,0,4,3,1,1.0773709639906883,,222.7
2184,-4.300000000000001,0,4,3,1,1.0773709639906883,,222.8
2185,-4.300000000000001,0,4,3,1,1.0773709639906883,,222.8
2186,-4.300000000000001,0,4,3,1,1.0773709639906883,,222.9
2187,-4.300000000000001,0,4,3,1,1.0773709639906883,,223.0
2188,-5.6000000000000005,0,6,3,1,1.0773709639906883,,223.1
2189,-5.6000000000000005,0,6,3,1,1.0773709639906883,,223.2
2190,-4.300000000000001,0,4,3,1,1.0773709639906883,,223.3
2191,-4.300000000000001,0,4,3,1,1.0773709639906883,,223.4
2192,-4.300000000000001,0,4,3,1,1.0773709639906883,,223.5
2193,-5.6000000000000005,0,6,3,1,1.0773709639906883,,223.6
2194,-3.6000000000000005,0,6,3,1,1.0773709639906883,,223.7
2195,-4.300000000000001,0,4,3,1,1.0773709639906883,,223.8
2196,-4.300000000000001,0,4,3,1,1.0773709639906883,,223.8
2197,-3.4000000000000004,0,5,4,1,1.0773709639906883,,223.9
2198,-2.3000000000000003,0,4,3,1,1.0773709639906883,,224.0
2199,-4.300000000000001,0,4,3,1,1.0773709639906883,,224.1
2200,-2.3000000000000003,0,4,3,1,1.0773709639906883,,224.2
2201,-4.300000000000001,0,4,3,1,1.0773709639906883,,224.3
2202,-4.300000000000001,0,4,3,1,1.0773709639906883,,224.3
2203,-4.300000000000001,0,4,3,1,1.0773709639906883,,224.4
2204,-4.300000000000001,0,4,3,1,1.0773709639906883,,224.5
2205,-4.300000000000001,0,4,3,1,1.0773709639906883,,224.6
2206,-6.9,0,8,3,1,1.0773709639906883,,224.7
2207,-4.300000000000001,0,4,3,1,1.0773709639906883,,224.8
2208,-0.30000000000000004,0,4,3,1,1.0773709639906883,,224.9
2209,-4.300000000000001,0,4,3,1,1.0773709639906883,,224.9
2210,-4.300000000000001,0,4,3,1,1.0773709639906883,,225.0
2211,-4.300000000000001,0,4,3,1,1.0773709639906883,,225.0
2212,-4.300000000000001,0,4,3,1,1.0773709639906883,,225.1
2213,-4.300000000000001,0,4,3,1,1.0773709639906883,,225.2
2214,-4.300000000000001,0,4,3,1,1.0773709639906883,,225.3
2215,-2.3000000000000003,0,4,3,1,1.0773709639906883,,225.3
2216,-0.30000000000000004,0,4,3,1,1.0773709639906883,,225.4
2217,-1.6,0,6,3,1,1.0773709639906883,,225.5
2218,-4.300000000000001,0,4,3,1,1.0773709639906883,,225.6
2219,-5.6000000000000005,0,6,3,1,1.0773709639906883,,225.7
2220,-4.300000000000001,0,4,3,1,1.0773709639906883,,225.8
2221,-3.2,0,10,3,1,1.0773709639906883,,225.9
2222,-5.4,0,5,4,1,1.0773709639906883,,226.0
2223,-4.300000000000001,0,4,3,1,1.0773709639906883,,226.1
2224,-4.300000000000001,0,4,3,1,1.0773709639906883,,226.2
2225,-4.300000000000001,0,4,3,1,1.0773709639906883,,226.3
2226,-4.300000000000001,0,4,3,1,1.0773709639906883,,226.3
2227,-4.300000000000001,0,4,3,1,1.0773709639906883,,226.4
2228,-4.300000000000001,0,4,3,1,1.0773709639906883,,226.5
2229,5.7,1,4,3,1,1.0773709639906883,,226.6
2230,-2.6,0,6,3,1,1.0773709639906883,,226.7
2231,-2.3000000000000003,0,4,3,1,1.0773709639906883,,226.8
2232,-4.300000000000001,0,4,3,1,1.0773709639906883,,226.8
2233,-2.3000000000000003,0,4,3,1,1.0773709639906883,,226.9
2234,-2.3000000000000003,0,4,3,1,1.0773709639906883,,227.0
2235,-4.300000000000001,0,4,3,1,1.0773709639906883,,227.1
2236,-4.300000000000001,0,4,3,1,1.0773709639906883,,227.2
2237,-4.300000000000001,0,4,3,1,1.0773709639906883,,227.3
2238,-4.300000000000001,0,4,3,1,1.0773709639906883,,227.3
2239,-4.300000000000001,0,4,3,1,1.0773709639906883,,227.4
2240,-3.4000000000000004,0,5,4,1,1.0773709639906883,,227.5
2241,-2.3000000000000003,0,4,3,1,1.0773709639906883,,227.6
2242,-5.6000000000000005,0,6,3,1,1.0773709639906883,,227.6
2243,-3.6,0,6,3,1,1.0773709639906883,,227.7
2244,-4.300000000000001,0,4,3,1,1.0773709639906883,,227.8
2245,-2.3000000000000003,0,4,3,1,1.0773709639906883,,227.9
2246,-4.300000000000001,0,4,3,1,1.0773709639906883,,228.0
2247,-4.300000000000001,0,4,3,1,1.0773709639906883,,228.1
2248,-4.300000000000001,0,4,3,1,1.0773709639906883,,228.1
2249,-3.4000000000000004,0,5,4,1,1.0773709639906883,,228.2
2250,-4.300000000000001,0,4,3,1,1.0773709639906883,,228.2
2251,-1.6,0,6,3,1,1.0773709639906883,,228.3
2252,-4.300000000000001,0,4,3,1,1.0773709639906883,,228.4
2253,-4.6,0,6,3,1,1.0773709639906883,,228.4
2254,-5.6000000000000005,0,6,3,1,1.0773709639906883,,228.5
2255,-3.4000000000000004,0,5,4,1,1.0773709639906883,,228.6
2256,-4.300000000000001,0,4,3,1,1.0773709639906883,,228.7
2257,-4.300000000000001,0,4,3,1,1.0773709639906883,,228.8
2258,-4.300000000000001,0,4,3,1,1.0773709639906883,,228.9
2259,-4.300000000000001,0,4,3,1,1.0773709639906883,,228.9
2260,-4.300000000000001,0,4,3,1,1.0773709639906883,,229.0
2261,-4.300000000000001,0,4,3,1,1.0773709639906883,,229.1
2262,-4.300000000000001,0,4,3,1,1.0773709639906883,,229.2
2263,-4.300000000000001,0,4,3,1,1.0773709639906883,,229.3
2264,-4.300000000000001,0,4,3,1,1.0773709639906883,,229.4
2265,-5.7,0,7,4,1,1.0773709639906883,,229.4
2266,-4.300000000000001,0,4,3,1,1.0773709639906883,,229.5
2267,5.7,1,4,3,1,1.0773709639906883,,229.6
2268,-0.30000000000000004,0,4,3,1,1.0773709639906883,,229.7
2269,-2.3000000000000003,0,4,3,1,1.0773709639906883,,229.8
2270,-5.4,0,5,4,1,1.0773709639906883,,229.9
2271,-4.300000000000001,0,4,3,1,1.0773709639906883,,229.9
2272,-4.300000000000001,0,4,3,1,1.0773709639906883,,230.0
2273,-4.6000000000000005,0,6,3,1,1.0773709639906883,,230.1
2274,-4.300000000000001,0,4,3,1,1.0773709639906883,,230.2
2275,-4.300000000000001,0,4,3,1,1.0773709639906883,,230.2
2276,-4.300000000000001,0,4,3,1,1.0773709639906883,,230.3
2277,5.7,1,4,3,1,1.0773709639906883,,230.4
2278,-5.4,0,5,4,1,1.0773709639906883,,230.5
2279,-5.4,0,5,4,1,1.0773709639906883,,230.6
2280,-4.300000000000001,0,4,3,1,1.0773709639906883,,230.7
2281,-2.3000000000000003,0,4,3,1,1.0773709639906883,,230.8
2282,-2.3000000000000003,0,4,3,1,1.0773709639906883,,230.9
2283,-4.300000000000001,0,4,3,1,1.0773709639906883,,231.0
2284,-5.4,0,5,4,1,1.0773709639906883,,231.1
2285,-4.300000000000001,0,4,3,1,1.0773709639906883,,231.1
2286,-0.30000000000000004,0,4,3,1,1.0773709639906883,,231.2
2287,-2.3000000000000003,0,4,3,1,1.0773709639906883,,231.3
2288,5.7,1,4,3,1,1.0773709639906883,,231.4
2289,-4.300000000000001,0,4,3,1,1.0773709639906883,,231.5
2290,-4.300000000000001,0,4,3,1,1.0773709639906883,,231.6
2291,-2.3000000000000003,0,4,3,1,1.0773709639906883,,231.6
2292,-4.300000000000001,0,4,3,1,1.0773709639906883,,231.7
2293,-2.3000000000000003,0,4,3,1,1.0773709639906883,,231.7
2294,-4.300000000000001,0,4,3,1,1.0773709639906883,,231.9
2295,-2.3000000000000003,0,4,3,1,1.0773709639906883,,231.9
2296,-4.300000000000001,0,4,3,1,1.0773709639906883,,232.0
2297,-4.300000000000001,0,4,3,1,1.0773709639906883,,232.1
2298,-4.300000000000001,0,4,3,1,1.0773709639906883,,232.1
2299,-4.300000000000001,0,4,3,1,1.0773709639906883,,232.2
2300,-2.3000000000000003,0,4,3,1,1.0773709639906883,,232.2
2301,-4.300000000000001,0,4,3,1,1.0773709639906883,,232.3
2302,-4.300000000000001,0,4,3,1,1.0773709639906883,,232.4
2303,5.7,1,4,3,1,1.0773709639906883,,232.5
2304,-4.300000000000001,0,4,3,1,1.0773709639906883,,232.6
2305,-2.3000000000000003,0,4,3,1,1.0773709639906883,,232.7
2306,-2.3000000000000003,0,4,3,1,1.0773709639906883,,232.8
2307,-2.3000000000000003,0,4,3,1,1.0773709639906883,,232.9
2308,-4.300000000000001,0,4,3,1,1.0773709639906883,,232.9
2309,-4.300000000000001,0,4,3,1,1.0773709639906883,,233.0
2310,-4.300000000000001,0,4,3,1,1.0773709639906883,,233.1
2311,-0.30000000000000004,0,4,3,1,1.0773709639906883,,233.2
2312,-2.3000000000000003,0,4,3,1,1.0773709639906883,,233.2
2313,-6.700000000000001,0,7,4,1,1.0773709639906883,,233.3
2314,-2.3000000000000003,0,4,3,1,1.0773709639906883,,233.4
2315,-4.300000000000001,0,4,3,1,1.0773709639906883,,233.5
2316,-2.3000000000000003,0,4,3,1,1.0773709639906883,,233.5
2317,-4.300000000000001,0,4,3,1,1.0773709639906883,,233.6
2318,-4.6000000000000005,0,6,3,1,1.0773709639906883,,233.6
2319,-4.300000000000001,0,4,3,1,1.0773709639906883,,233.7
2320,5.7,1,4,3,1,1.0773709639906883,,233.8
2321,-2.3000000000000003,0,4,3,1,1.0773709639906883,,233.9
2322,-4.300000000000001,0,4,3,1,1.0773709639906883,,233.9
2323,-4.300000000000001,0,4,3,1,1.0773709639906883,,234.0
2324,-4.300000000000001,0,4,3,1,1.0773709639906883,,234.1
2325,-4.300000000000001,0,4,3,1,1.0773709639906883,,234.2
2326,-4.300000000000001,0,4,3,1,1.0773709639906883,,234.2
2327,-4.300000000000001,0,4,3,1,1.0773709639906883,,234.3
2328,-4.300000000000001,0,4,3,1,1.0773709639906883,,234.4
2329,-4.300000000000001,0,4,3,1,1.0773709639906883,,234.5
2330,-4.300000000000001,0,4,3,1,1.0773709639906883,,234.6
2331,-4.300000000000001,0,4,3,1,1.0773709639906883,,234.6
2332,-2.3000000000000003,0,4,3,1,1.0773709639906883,,234.7
2333,-4.300000000000001,0,4,3,1,1.0773709639906883,,234.8
2334,-4.300000000000001,0,4,3,1,1.0773709639906883,,234.9
2335,-4.300000000000001,0,4,3,1,1.0773709639906883,,235.0
2336,-3.6000000000000005,0,6,3,1,1.0773709639906883,,235.1
2337,-4.300000000000001,0,4,3,1,1.0773709639906883,,235.1
2338,-4.300000000000001,0,4,3,1,1.0773709639906883,,235.2
2339,-5.4,0,5,4,1,1.0773709639906883,,235.3
2340,-4.300000000000001,0,4,3,1,1.0773709639906883,,235.3
2341,-3.6000000000000005,0,6,3,1,1.0773709639906883,,235.4
2342,-4.300000000000001,0,4,3,1,1.0773709639906883,,235.5
2343,-5.6000000000000005,0,6,3,1,1.0773709639906883,,235.5
2344,-4.300000000000001,0,4,3,1,1.0773709639906883,,235.6
2345,-2.3000000000000003,0,4,3,1,1.0773709639906883,,235.8
2346,-4.300000000000001,0,4,3,1,1.0773709639906883,,235.9
2347,-4.300000000000001,0,4,3,1,1.0773709639906883,,236.0
2348,-4.300000000000001,0,4,3,1,1.0773709639906883,,236.1
2349,-4.300000000000001,0,4,3,1,1.0773709639906883,,236.1
2350,-4.300000000000001,0,4,3,1,1.0773709639906883,,236.2
2351,-4.300000000000001,0,4,3,1,1.0773709639906883,,236.3
2352,-4.300000000000001,0,4,3,1,1.0773709639906883,,236.3
2353,-4.6,0,6,3,1,1.0773709639906883,,236.4
2354,-4.300000000000001,0,4,3,1,1.0773709639906883,,236.5
2355,-4.300000000000001,0,4,3,1,1.0773709639906883,,236.5
2356,-3.4000000000000004,0,5,4,1,1.0773709639906883,,236.6
2357,-2.3000000000000003,0,4,3,1,1.0773709639906883,,236.7
2358,-4.300000000000001,0,4,3,1,1.0773709639906883,,236.8
2359,-4.300000000000001,0,4,3,1,1.0773709639906883,,236.9
2360,-2.3000000000000003,0,4,3,1,1.0773709639906883,,237.0
2361,-4.300000000000001,0,4,3,1,1.0773709639906883,,237.1
2362,-4.300000000000001,0,4,3,1,1.0773709639906883,,237.2
2363,-4.300000000000001,0,4,3,1,1.0773709639906883,,237.3
2364,-4.300000000000001,0,4,3,1,1.0773709639906883,,237.4
2365,-2.3000000000000003,0,4,3,1,1.0773709639906883,,237.4
2366,-0.30000000000000004,0,4,3,1,1.0773709639906883,,237.5
2367,-1.6,0,6,3,1,1.0773709639906883,,237.6
2368,-0.30000000000000004,0,4,3,1,1.0773709639906883,,237.6
2369,-4.300000000000001,0,4,3,1,1.0773709639906883,,237.7
2370,-2.3000000000000003,0,4,3,1,1.0773709639906883,,237.8
2371,-4.300000000000001,0,4,3,1,1.0773709639906883,,237.9
2372,-4.300000000000001,0,4,3,1,1.0773709639906883,,238.0
2373,-5.6000000000000005,0,6,3,1,1.0773709639906883,,238.1
2374,-4.300000000000001,0,4,3,1,1.0773709639906883,,238.1
2375,-4.300000000000001,0,4,3,1,1.0773709639906883,,238.2
2376,-4.300000000000001,0,4,3,1,1.0773709639906883,,238.2
2377,-4.300000000000001,0,4,3,1,1.0773709639906883,,238.3
2378,-2.3000000000000003,0,4,3,1,1.0773709639906883,,238.4
2379,-4.7,0,7,4,1,1.0773709639906883,,238.4
2380,-4.300000000000001,0,4,3,1,1.0773709639906883,,238.5
2381,-2.3000000000000003,0,4,3,1,1.0773709639906883,,238.6
2382,-5.6000000000000005,0,6,3,1,1.0773709639906883,,238.8
2383,-0.30000000000000004,0,4,3,1,1.0773709639906883,,238.8
2384,5.7,1,4,3,1,1.0773709639906883,,238.9
2385,-4.300000000000001,0,4,3,1,1.0773709639906883,,239.0
2386,-3.4000000000000004,0,5,4,1,1.0773709639906883,,239.1
2387,-4.300000000000001,0,4,3,1,1.0773709639906883,,239.1
2388,-2.3000000000000003,0,4,3,1,1.0773709639906883,,239.2
2389,-4.300000000000001,0,4,3,1,1.0773709639906883,,239.3
2390,-5.4,0,5,4,1,1.0773709639906883,,239.3
2391,-4.300000000000001,0,4,3,1,1.0773709639906883,,239.4
2392,-4.300000000000001,0,4,3,1,1.0773709639906883,,239.5
2393,-4.300000000000001,0,4,3,1,1.0773709639906883,,239.6
2394,-4.300000000000001,0,4,3,1,1.0773709639906883,,239.7
2395,-4.300000000000001,0,4,3,1,1.0773709639906883,,239.7
2396,-4.300000000000001,0,4,3,1,1.0773709639906883,,239.8
2397,-4.300000000000001,0,4,3,1,1.0773709639906883,,239.9
2398,-4.300000000000001,0,4,3,1,1.0773709639906883,,240.0
2399,-4.300000000000001,0,4,3,1,1.0773709639906883,,240.1
2400,-4.300000000000001,0,4,3,1,1.0773709639906883,,240.2
2401,-4.300000000000001,0,4,3,1,1.0773709639906883,,240.2
2402,-2.3000000000000003,0,4,3,1,1.0773709639906883,,240.3
2403,-4.300000000000001,0,4,3,1,1.0773709639906883,,240.4
2404,-4.300000000000001,0,4,3,1,1.0773709639906883,,240.5
2405,-4.300000000000001,0,4,3,1,1.0773709639906883,,240.5
2406,-5.4,0,5,4,1,1.0773709639906883,,240.6
2407,-2.3000000000000003,0,4,3,1,1.0773709639906883,,240.7
2408,-5.4,0,5,4,1,1.0773709639906883,,240.8
2409,-4.300000000000001,0,4,3,1,1.0773709639906883,,240.8
2410,-4.300000000000001,0,4,3,1,1.0773709639906883,,240.9
2411,-4.300000000000001,0,4,3,1,1.0773709639906883,,240.9
2412,-2.3000000000000003,0,4,3,1,1.0773709639906883,,241.0
2413,-4.300000000000001,0,4,3,1,1.0773709639906883,,241.1
2414,-4.300000000000001,0,4,3,1,1.0773709639906883,,241.2
2415,-4.300000000000001,0,4,3,1,1.0773709639906883,,241.2
2416,-2.3000000000000003,0,4,3,1,1.0773709639906883,,241.3
2417,-4.300000000000001,0,4,3,1,1.0773709639906883,,241.3
2418,-0.30000000000000004,0,4,3,1,1.0773709639906883,,241.4
2419,-4.300000000000001,0,4,3,1,1.0773709639906883,,241.5
2420,-3.4000000000000004,0,5,4,1,1.0773709639906883,,241.6
2421,-4.300000000000001,0,4,3,1,1.0773709639906883,,241.6
2422,-0.30000000000000004,0,4,3,1,1.0773709639906883,,241.7
2423,-5.4,0,5,4,1,1.0773709639906883,,241.8
2424,-4.300000000000001,0,4,3,1,1.0773709639906883,,241.8
2425,-4.300000000000001,0,4,3,1,1.0773709639906883,,241.9
2426,-4.300000000000001,0,4,3,1,1.0773709639906883,,242.0
2427,-4.300000000000001,0,4,3,1,1.0773709639906883,,242.1
2428,-4.300000000000001,0,4,3,1,1.0773709639906883,,242.2
2429,-0.30000000000000004,0,4,3,1,1.0773709639906883,,242.2
2430,-4.300000000000001,0,4,3,1,1.0773709639906883,,242.3
2431,-2.3000000000000003,0,4,3,1,1.0773709639906883,,242.3
2432,-4.300000000000001,0,4,3,1,1.0773709639906883,,242.4
2433,-0.30000000000000004,0,4,3,1,1.0773709639906883,,242.5
2434,-2.3000000000000003,0,4,3,1,1.0773709639906883,,242.5
2435,-4.300000000000001,0,4,3,1,1.0773709639906883,,242.7
2436,-4.300000000000001,0,4,3,1,1.0773709639906883,,242.7
2437,-4.300000000000001,0,4,3,1,1.0773709639906883,,242.8
2438,-4.300000000000001,0,4,3,1,1.0773709639906883,,242.9
2439,-0.30000000000000004,0,4,3,1,1.0773709639906883,,243.0
2440,-4.6,0,6,3,1,1.0773709639906883,,243.1
2441,-2.3000000000000003,0,4,3,1,1.0773709639906883,,243.1
2442,-5.6000000000000005,0,6,3,1,1.0773709639906883,,243.2
2443,-2.3000000000000003,0,4,3,1,1.0773709639906883,,243.3
2444,-4.300000000000001,0,4,3,1,1.0773709639906883,,243.4
2445,-4.6000000000000005,0,6,3,1,1.0773709639906883,,243.5
2446,-2.3000000000000003,0,4,3,1,1.0773709639906883,,243.6
2447,-4.6000000000000005,0,6,3,1,1.0773709639906883,,243.6
2448,-4.300000000000001,0,4,3,1,1.0773709639906883,,243.7
2449,-4.300000000000001,0,4,3,1,1.0773709639906883,,243.8
2450,-4.300000000000001,0,4,3,1,1.0773709639906883,,243.8
2451,-5.6000000000000005,0,6,3,1,1.0773709639906883,,243.9
2452,-4.300000000000001,0,4,3,1,1.0773709639906883,,244.0
2453,-4.300000000000001,0,4,3,1,1.0773709639906883,,244.1
2454,5.7,1,4,3,1,1.0773709639906883,,244.2
2455,-2.3000000000000003,0,4,3,1,1.0773709639906883,,244.2
2456,-1.6,0,6,3,1,1.0773709639906883,,244.3
2457,-2.3000000000000003,0,4,3,1,1.0773709639906883,,244.4
2458,-4.300000000000001,0,4,3,1,1.0773709639906883,,244.5
2459,-2.3000000000000003,0,4,3,1,1.0773709639906883,,244.6
2460,-4.300000000000001,0,4,3,1,1.0773709639906883,,244.6
2461,-0.30000000000000004,0,4,3,1,1.0773709639906883,,244.7
2462,-4.300000000000001,0,4,3,1,1.0773709639906883,,244.7
2463,-2.3000000000000003,0,4,3,1,1.0773709639906883,,244.8
2464,-4.6,0,6,3,1,1.0773709639906883,,244.9
2465,-2.3000000000000003,0,4,3,1,1.0773709639906883,,245.0
2466,-4.300000000000001,0,4,3,1,1.0773709639906883,,245.0
2467,-5.4,0,5,4,1,1.0773709639906883,,245.1
2468,-2.3000000000000003,0,4,3,1,1.0773709639906883,,245.1
2469,-5.6000000000000005,0,6,3,1,1.0773709639906883,,245.2
2470,-4.300000000000001,0,4,3,1,1.0773709639906883,,245.3
2471,5.7,1,4,3,1,1.0773709639906883,,245.3
2472,-4.300000000000001,0,4,3,1,1.0773709639906883,,245.5
2473,-4.300000000000001,0,4,3,1,1.0773709639906883,,245.6
2474,-4.300000000000001,0,4,3,1,1.0773709639906883,,245.6
2475,-4.300000000000001,0,4,3,1,1.0773709639906883,,245.7
2476,-3.6000000000000005,0,6,3,1,1.0773709639906883,,245.8
2477,-4.300000000000001,0,4,3,1,1.0773709639906883,,245.9
2478,-2.3000000000000003,0,4,3,1,1.0773709639906883,,245.9
2479,-4.300000000000001,0,4,3,1,1.0773709639906883,,246.0
2480,-4.300000000000001,0,4,3,1,1.0773709639906883,,246.1
2481,-4.300000000000001,0,4,3,1,1.0773709639906883,,246.1
2482,-3.4000000000000004,0,5,4,1,1.0773709639906883,,246.2
2483,-4.300000000000001,0,4,3,1,1.0773709639906883,,246.3
2484,-4.300000000000001,0,4,3,1,1.0773709639906883,,246.4
2485,-2.3000000000000003,0,4,3,1,1.0773709639906883,,246.4
2486,-5.6000000000000005,0,6,3,1,1.0773709639906883,,246.5
2487,-2.3000000000000003,0,4,3,1,1.0773709639906883,,246.6
2488,-4.300000000000001,0,4,3,1,1.0773709639906883,,246.6
2489,-4.300000000000001,0,4,3,1,1.0773709639906883,,246.7
2490,-4.300000000000001,0,4,3,1,1.0773709639906883,,246.8
2491,-2.3000000000000003,0,4,3,1,1.0773709639906883,,246.9
2492,-5.4,0,5,4,1,1.0773709639906883,,246.9
2493,-4.300000000000001,0,4,3,1,1.0773709639906883,,247.0
2494,-4.300000000000001,0,4,3,1,1.0773709639906883,,247.1
2495,-4.300000000000001,0,4,3,1,1.0773709639906883,,247.1
2496,-4.300000000000001,0,4,3,1,1.0773709639906883,,247.2
2497,-4.300000000000001,0,4,3,1,1.0773709639906883,,247.2
2498,-4.300000000000001,0,4,3,1,1.0773709639906883,,247.3
2499,-5.6000000000000005,0,6,3,1,1.0773709639906883,,247.4
2500,-4.300000000000001,0,4,3,1,1.0773709639906883,,247.5
2501,5.7,1,4,3,1,1.0773709639906883,,252.9
2502,-4.300000000000001,0,4,3,1,1.0773709639906883,,253.0
2503,-4.300000000000001,0,4,3,1,1.0773709639906883,,253.0
2504,-2.3000000000000003,0,4,3,1,1.0773709639906883,,253.1
2505,-4.300000000000001,0,4,3,1,1.0773709639906883,,253.2
2506,-4.300000000000001,0,4,3,1,1.0773709639906883,,253.3
2507,-4.300000000000001,0,4,3,1,1.0773709639906883,,253.4
2508,-4.300000000000001,0,4,3,1,1.0773709639906883,,253.5
2509,-3.4000000000000004,0,5,4,1,1.0773709639906883,,253.6
2510,-4.6,0,6,3,1,1.0773709639906883,,253.6
2511,-4.300000000000001,0,4,3,1,1.0773709639906883,,253.7
2512,-4.300000000000001,0,4,3,1,1.0773709639906883,,253.7
2513,-5.4,0,5,4,1,1.0773709639906883,,253.8
2514,-4.300000000000001,0,4,3,1,1.0773709639906883,,253.9
2515,-4.300000000000001,0,4,3,1,1.0773709639906883,,254.0
2516,-4.300000000000001,0,4,3,1,1.0773709639906883,,254.1
2517,-4.300000000000001,0,4,3,1,1.0773709639906883,,254.1
2518,-4.300000000000001,0,4,3,1,1.0773709639906883,,254.3
2519,-4.300000000000001,0,4,3,1,1.0773709639906883,,254.3
2520,-2.3000000000000003,0,4,3,1,1.0773709639906883,,254.4
2521,-4.300000000000001,0,4,3,1,1.0773709639906883,,254.5
2522,-2.3000000000000003,0,4,3,1,1.0773709639906883,,254.6
2523,-2.3000000000000003,0,4,3,1,1.0773709639906883,,254.7
2524,-4.300000000000001,0,4,3,1,1.0773709639906883,,254.7
2525,-4.300000000000001,0,4,3,1,1.0773709639906883,,254.8
2526,-4.300000000000001,0,4,3,1,1.0773709639906883,,254.8
2527,-0.30000000000000004,0,4,3,1,1.0773709639906883,,254.9
2528,-0.30000000000000004,0,4,3,1,1.0773709639906883,,255.0
2529,-1.4000000000000001,0,5,4,1,1.0773709639906883,,255.1
2530,-2.6,0,6,3,1,1.0773709639906883,,255.2
2531,-4.300000000000001,0,4,3,1,1.0773709639906883,,255.3
2532,-4.300000000000001,0,4,3,1,1.0773709639906883,,255.4
2533,-4.6000000000000005,0,6,3,1,1.0773709639906883,,255.5
2534,-4.300000000000001,0,4,3,1,1.0773709639906883,,255.5
2535,-4.300000000000001,0,4,3,1,1.0773709639906883,,255.6
2536,-2.9000000000000004,0,8,3,1,1.0773709639906883,,255.6
2537,-3.4000000000000004,0,5,4,1,1.0773709639906883,,255.7
2538,-4.300000000000001,0,4,3,1,1.0773709639906883,,255.8
2539,-4.300000000000001,0,4,3,1,1.0773709639906883,,255.9
2540,-5.6000000000000005,0,6,3,1,1.0773709639906883,,255.9
2541,-4.300000000000001,0,4,3,1,1.0773709639906883,,256.0
2542,-3.6000000000000005,0,6,3,1,1.0773709639906883,,256.1
2543,-2.3000000000000003,0,4,3,1,1.0773709639906883,,256.2
2544,-4.300000000000001,0,4,3,1,1.0773709639906883,,256.2
2545,-4.300000000000001,0,4,3,1,1.0773709639906883,,256.3
2546,-4.300000000000001,0,4,3,1,1.0773709639906883,,256.4
2547,-4.300000000000001,0,4,3,1,1.0773709639906883,,256.5
2548,-4.300000000000001,0,4,3,1,1.0773709639906883,,256.5
2549,-4.300000000000001,0,4,3,1,1.0773709639906883,,256.6
2550,-4.300000000000001,0,4,3,1,1.0773709639906883,,256.7
2551,-4.300000000000001,0,4,3,1,1.0773709639906883,,256.8
2552,-3.4000000000000004,0,5,4,1,1.0773709639906883,,256.9
2553,-4.300000000000001,0,4,3,1,1.0773709639906883,,256.9
2554,-4.300000000000001,0,4,3,1,1.0773709639906883,,257.1
2555,-5.4,0,5,4,1,1.0773709639906883,,257.2
2556,-4.300000000000001,0,4,3,1,1.0773709639906883,,257.3
2557,-4.300000000000001,0,4,3,1,1.0773709639906883,,257.3
2558,-4.300000000000001,0,4,3,1,1.0773709639906883,,257.4
2559,-5.4,0,5,4,1,1.0773709639906883,,257.5
2560,-4.300000000000001,0,4,3,1,1.0773709639906883,,257.6
2561,-4.300000000000001,0,4,3,1,1.0773709639906883,,257.7
2562,-5.4,0,5,4,1,1.0773709639906883,,257.7
2563,-2.3000000000000003,0,4,3,1,1.0773709639906883,,257.9
2564,-4.300000000000001,0,4,3,1,1.0773709639906883,,257.9
2565,-4.300000000000001,0,4,3,1,1.0773709639906883,,258.0
2566,-4.300000000000001,0,4,3,1,1.0773709639906883,,258.1
2567,-4.300000000000001,0,4,3,1,1.0773709639906883,,258.2
2568,-4.300000000000001,0,4,3,1,1.0773709639906883,,258.2
2569,-5.6000000000000005,0,6,3,1,1.0773709639906883,,258.3
2570,-0.30000000000000004,0,4,3,1,1.0773709639906883,,258.4
2571,-4.300000000000001,0,4,3,1,1.0773709639906883,,258.5
2572,-4.6,0,6,3,1,1.0773709639906883,,258.6
2573,-4.300000000000001,0,4,3,1,1.0773709639906883,,258.6
2574,-2.3000000000000003,0,4,3,1,1.0773709639906883,,258.6
2575,-4.300000000000001,0,4,3,1,1.0773709639906883,,258.7
2576,-4.300000000000001,0,4,3,1,1.0773709639906883,,258.8
2577,-4.300000000000001,0,4,3,1,1.0773709639906883,,258.9
2578,-4.300000000000001,0,4,3,1,1.0773709639906883,,258.9
2579,-4.300000000000001,0,4,3,1,1.0773709639906883,,259.0
2580,-2.3000000000000003,0,4,3,1,1.0773709639906883,,259.1
2581,-3.4000000000000004,0,5,4,1,1.0773709639906883,,259.2
2582,-2.3000000000000003,0,4,3,1,1.0773709639906883,,259.2
2583,-4.300000000000001,0,4,3,1,1.0773709639906883,,259.3
2584,-5.4,0,5,4,1,1.0773709639906883,,259.4
2585,-4.300000000000001,0,4,3,1,1.0773709639906883,,259.5
2586,-2.3000000000000003,0,4,3,1,1.0773709639906883,,259.6
2587,-2.3000000000000003,0,4,3,1,1.0773709639906883,,259.6
2588,-2.900000000000001,0,8,3,1,1.0773709639906883,,259.7
2589,-4.300000000000001,0,4,3,1,1.0773709639906883,,259.8
2590,-4.300000000000001,0,4,3,1,1.0773709639906883,,259.9
2591,-4.300000000000001,0,4,3,1,1.0773709639906883,,260.0
2592,-5.6000000000000005,0,6,3,1,1.0773709639906883,,260.0
2593,-4.300000000000001,0,4,3,1,1.0773709639906883,,260.1
2594,-5.4,0,5,4,1,1.0773709639906883,,260.2
2595,-4.6,0,6,3,1,1.0773709639906883,,260.3
2596,-4.300000000000001,0,4,3,1,1.0773709639906883,,260.4
2597,-6.9,0,8,3,1,1.0773709639906883,,260.4
2598,-4.300000000000001,0,4,3,1,1.0773709639906883,,260.5
2599,-4.300000000000001,0,4,3,1,1.0773709639906883,,260.5
2600,-4.9,0,8,3,1,1.0773709639906883,,260.6
2601,-1.6,0,6,3,1,1.0773709639906883,,260.7
2602,-3.6000000000000005,0,6,3,1,1.0773709639906883,,260.7
2603,-3.6,0,6,3,1,1.0773709639906883,,260.8
2604,-4.300000000000001,0,4,3,1,1.0773709639906883,,260.9
2605,5.7,1,4,3,1,1.0773709639906883,,261.0
2606,-4.300000000000001,0,4,3,1,1.0773709639906883,,261.1
2607,-4.300000000000001,0,4,3,1,1.0773709639906883,,261.1
2608,5.7,1,4,3,1,1.0773709639906883,,261.2
2609,-2.3000000000000003,0,4,3,1,1.0773709639906883,,261.3
2610,-4.300000000000001,0,4,3,1,1.0773709639906883,,261.4
2611,-5.6000000000000005,0,6,3,1,1.0773709639906883,,261.5
2612,-4.300000000000001,0,4,3,1,1.0773709639906883,,261.5
2613,-2.3000000000000003,0,4,3,1,1.0773709639906883,,261.6
2614,-4.300000000000001,0,4,3,1,1.0773709639906883,,261.7
2615,-4.300000000000001,0,4,3,1,1.0773709639906883,,261.8
2616,-4.300000000000001,0,4,3,1,1.0773709639906883,,261.9
2617,-2.6,0,6,3,1,1.0773709639906883,,262.0
2618,-4.6,0,6,3,1,1.0773709639906883,,262.1
2619,-4.300000000000001,0,4,3,1,1.0773709639906883,,262.2
2620,-4.300000000000001,0,4,3,1,1.0773709639906883,,262.2
2621,-4.300000000000001,0,4,3,1,1.0773709639906883,,262.3
2622,-0.30000000000000004,0,4,3,1,1.0773709639906883,,262.4
2623,-4.300000000000001,0,4,3,1,0.9418909479863942,0.5731934806099162,263.0
2624,-4.300000000000001,0,4,3,1,0.9418909479863942,,263.1
2625,-3.6,0,6,3,1,0.9418909479863942,,263.2
2626,-4.300000000000001,0,4,3,1,0.9418909479863942,,263.3
2627,-4.300000000000001,0,4,3,1,0.9418909479863942,,263.4
2628,-4.300000000000001,0,4,3,1,0.9418909479863942,,263.4
2629,-4.300000000000001,0,4,3,1,0.9418909479863942,,263.5
2630,-4.300000000000001,0,4,3,1,0.9418909479863942,,263.6
2631,-4.300000000000001,0,4,3,1,0.9418909479863942,,263.7
2632,5.7,1,4,3,1,0.9418909479863942,,263.8
2633,-4.300000000000001,0,4,3,1,0.9418909479863942,,263.9
2634,-4.300000000000001,0,4,3,1,0.9418909479863942,,263.9
2635,-4.300000000000001,0,4,3,1,0.9418909479863942,,264.0
2636,-2.3000000000000003,0,4,3,1,0.9418909479863942,,264.0
2637,5.7,1,4,3,1,0.9418909479863942,,264.0
2638,-4.300000000000001,0,4,3,1,0.9418909479863942,,264.1
2639,-4.300000000000001,0,4,3,1,0.9418909479863942,,264.2
2640,-4.300000000000001,0,4,3,1,0.9418909479863942,,264.3
2641,-4.300000000000001,0,4,3,1,0.9418909479863942,,264.4
2642,-3.4000000000000004,0,5,4,1,0.9418909479863942,,264.5
2643,5.7,1,4,3,1,0.9418909479863942,,264.6
2644,-4.300000000000001,0,4,3,1,0.9418909479863942,,264.7
2645,-2.3000000000000003,0,4,3,1,0.9418909479863942,,264.8
2646,-0.30000000000000004,0,4,3,1,0.9418909479863942,,264.8
2647,-2.3000000000000003,0,4,3,1,0.9418909479863942,,264.9
2648,-6.9,0,8,3,1,0.9418909479863942,,265.0
2649,-2.3000000000000003,0,4,3,1,0.9418909479863942,,265.1
2650,-4.300000000000001,0,4,3,1,0.9418909479863942,,265.2
2651,-2.3000000000000003,0,4,3,1,0.9418909479863942,,265.2
2652,-4.300000000000001,0,4,3,1,0.9418909479863942,,265.3
2653,5.7,1,4,3,1,0.9418909479863942,,265.3
2654,-5.6000000000000005,0,6,3,1,0.9418909479863942,,265.4
2655,-4.300000000000001,0,4,3,1,0.9418909479863942,,265.5
2656,-0.30000000000000004,0,4,3,1,0.9418909479863942,,265.6
2657,-4.300000000000001,0,4,3,1,0.9418909479863942,,265.7
2658,-2.3000000000000003,0,4,3,1,0.9418909479863942,,265.7
2659,-4.300000000000001,0,4,3,1,0.9418909479863942,,265.8
2660,-4.300000000000001,0,4,3,1,0.9418909479863942,,265.9
2661,-0.30000000000000004,0,4,3,1,0.9418909479863942,,265.9
2662,-4.6,0,6,3,1,0.9418909479863942,,266.0
2663,-0.30000000000000004,0,4,3,1,0.9418909479863942,,266.1
2664,-4.300000000000001,0,4,3,1,0.9418909479863942,,266.1
2665,-4.300000000000001,0,4,3,1,0.9418909479863942,,266.2
2666,-2.3000000000000003,0,4,3,1,0.9418909479863942,,266.3
2667,-2.3000000000000003,0,4,3,1,0.9418909479863942,,266.4
2668,-4.300000000000001,0,4,3,1,0.9418909479863942,,266.5
2669,-4.300000000000001,0,4,3,1,0.9418909479863942,,266.5
2670,-0.30000000000000004,0,4,3,1,0.9418909479863942,,266.6
2671,-4.300000000000001,0,4,3,1,0.9418909479863942,,266.7
2672,-4.6,0,6,3,1,0.9418909479863942,,266.8
2673,-0.30000000000000004,0,4,3,1,0.9418909479863942,,266.9
2674,-5.6000000000000005,0,6,3,1,0.9418909479863942,,267.0
2675,-4.6000000000000005,0,6,3,1,0.9418909479863942,,267.0
2676,-4.300000000000001,0,4,3,1,0.9418909479863942,,267.1
2677,-2.3000000000000003,0,4,3,1,0.9418909479863942,,267.2
2678,-2.3000000000000003,0,4,3,1,0.9418909479863942,,267.3
2679,-4.300000000000001,0,4,3,1,0.9418909479863942,,267.3
2680,-4.300000000000001,0,4,3,1,0.9418909479863942,,267.4
2681,5.7,1,4,3,1,0.9418909479863942,,267.5
2682,-4.300000000000001,0,4,3,1,0.9418909479863942,,267.6
2683,-4.300000000000001,0,4,3,1,0.9418909479863942,,267.6
2684,-4.300000000000001,0,4,3,1,0.9418909479863942,,267.7
2685,-5.6000000000000005,0,6,3,1,0.9418909479863942,,267.9
2686,-5.9,0,8,3,1,0.9418909479863942,,267.9
2687,-4.300000000000001,0,4,3,1,0.9418909479863942,,267.9
2688,-4.300000000000001,0,4,3,1,0.9418909479863942,,268.0
2689,-4.300000000000001,0,4,3,1,0.9418909479863942,,268.1
2690,-4.300000000000001,0,4,3,1,0.9418909479863942,,268.2
2691,-4.300000000000001,0,4,3,1,0.9418909479863942,,268.3
2692,-2.3000000000000003,0,4,3,1,0.9418909479863942,,268.3
2693,-2.3000000000000003,0,4,3,1,0.9418909479863942,,268.4
2694,-4.300000000000001,0,4,3,1,0.9418909479863942,,268.5
2695,-4.300000000000001,0,4,3,1,0.9418909479863942,,268.5
2696,-5.6000000000000005,0,6,3,1,0.9418909479863942,,268.6
2697,-4.300000000000001,0,4,3,1,0.9418909479863942,,268.7
2698,-4.300000000000001,0,4,3,1,0.9418909479863942,,268.8
2699,-2.3000000000000003,0,4,3,1,0.9418909479863942,,268.8
2700,-2.3000000000000003,0,4,3,1,0.9418909479863942,,268.9
2701,-4.300000000000001,0,4,3,1,0.9418909479863942,,269.0
2702,-4.300000000000001,0,4,3,1,0.9418909479863942,,269.0
2703,-4.300000000000001,0,4,3,1,0.9418909479863942,,269.1
2704,-2.3000000000000003,0,4,3,1,0.9418909479863942,,269.2
2705,-3.4000000000000004,0,5,4,1,0.9418909479863942,,269.3
2706,-4.300000000000001,0,4,3,1,0.9418909479863942,,269.4
2707,-3.6000000000000005,0,6,3,1,0.9418909479863942,,269.5
2708,-4.300000000000001,0,4,3,1,0.9418909479863942,,269.5
2709,-2.3000000000000003,0,4,3,1,0.9418909479863942,,269.6
2710,-4.300000000000001,0,4,3,1,0.9418909479863942,,269.7
2711,-4.300000000000001,0,4,3,1,0.9418909479863942,,269.8
2712,-0.30000000000000004,0,4,3,1,0.9418909479863942,,269.8
2713,-4.300000000000001,0,4,3,1,0.9418909479863942,,269.9
2714,-2.3000000000000003,0,4,3,1,0.9418909479863942,,270.0
2715,-2.3000000000000003,0,4,3,1,0.9418909479863942,,270.1
2716,-2.3000000000000003,0,4,3,1,0.9418909479863942,,270.2
2717,-2.3000000000000003,0,4,3,1,0.9418909479863942,,270.2
2718,-4.300000000000001,0,4,3,1,0.9418909479863942,,270.3
2719,-4.300000000000001,0,4,3,1,0.9418909479863942,,270.4
2720,-4.300000000000001,0,4,3,1,0.9418909479863942,,270.5
2721,-4.300000000000001,0,4,3,1,0.9418909479863942,,270.6
2722,-4.300000000000001,0,4,3,1,0.9418909479863942,,270.7
2723,-4.300000000000001,0,4,3,1,0.9418909479863942,,270.7
2724,-4.300000000000001,0,4,3,1,0.9418909479863942,,270.8
2725,-4.300000000000001,0,4,3,1,0.9418909479863942,,270.9
2726,-0.30000000000000004,0,4,3,1,0.9418909479863942,,271.0
2727,-1.6,0,6,3,1,0.9418909479863942,,271.0
2728,-4.300000000000001,0,4,3,1,0.9418909479863942,,271.1
2729,-4.300000000000001,0,4,3,1,0.9418909479863942,,271.2
2730,-5.6000000000000005,0,6,3,1,0.9418909479863942,,271.2
2731,-2.3000000000000003,0,4,3,1,0.9418909479863942,,271.3
2732,-2.3000000000000003,0,4,3,1,0.9418909479863942,,271.4
2733,-4.300000000000001,0,4,3,1,0.9418909479863942,,271.5
2734,-3.9000000000000004,0,8,3,1,0.9418909479863942,,271.5
2735,-4.300000000000001,0,4,3,1,0.9418909479863942,,271.6
2736,-5.6000000000000005,0,6,3,1,0.9418909479863942,,271.7
2737,-0.30000000000000004,0,4,3,1,0.9418909479863942,,271.8
2738,-4.300000000000001,0,4,3,1,0.9418909479863942,,271.9
2739,-4.300000000000001,0,4,3,1,0.9418909479863942,,271.9
2740,-4.300000000000001,0,4,3,1,0.9418909479863942,,272.0
2741,-4.300000000000001,0,4,3,1,0.9418909479863942,,272.0
2742,-4.300000000000001,0,4,3,1,0.9418909479863942,,272.1
2743,-0.30000000000000004,0,4,3,1,0.9418909479863942,,272.2
2744,-4.300000000000001,0,4,3,1,0.9418909479863942,,272.2
2745,-4.300000000000001,0,4,3,1,0.9418909479863942,,272.3
2746,-4.300000000000001,0,4,3,1,0.9418909479863942,,272.4
2747,-4.300000000000001,0,4,3,1,0.9418909479863942,,272.5
2748,-4.300000000000001,0,4,3,1,0.9418909479863942,,272.5
2749,-4.300000000000001,0,4,3,1,0.9418909479863942,,272.7
2750,-0.30000000000000004,0,4,3,1,0.9418909479863942,,272.7
2751,-3.6000000000000005,0,6,3,1,0.9418909479863942,,272.8
2752,-4.300000000000001,0,4,3,1,0.9418909479863942,,272.9
2753,-4.300000000000001,0,4,3,1,0.9418909479863942,,272.9
2754,-4.6,0,6,3,1,0.9418909479863942,,273.0
2755,-0.30000000000000004,0,4,3,1,0.9418909479863942,,273.1
2756,-4.300000000000001,0,4,3,1,0.9418909479863942,,273.2
2757,-4.300000000000001,0,4,3,1,0.9418909479863942,,273.2
2758,-4.300000000000001,0,4,3,1,0.9418909479863942,,273.3
2759,-4.300000000000001,0,4,3,1,0.9418909479863942,,273.4
2760,-2.3000000000000003,0,4,3,1,0.9418909479863942,,273.5
2761,-4.300000000000001,0,4,3,1,0.9418909479863942,,273.6
2762,-4.300000000000001,0,4,3,1,0.9418909479863942,,273.7
2763,-4.300000000000001,0,4,3,1,0.9418909479863942,,273.8
2764,-2.3000000000000003,0,4,3,1,0.9418909479863942,,273.8
2765,-4.300000000000001,0,4,3,1,0.9418909479863942,,273.9
2766,-2.3000000000000003,0,4,3,1,0.9418909479863942,,273.9
2767,-4.6,0,6,3,1,0.9418909479863942,,274.0
2768,-4.300000000000001,0,4,3,1,0.9418909479863942,,274.0
2769,-4.300000000000001,0,4,3,1,0.9418909479863942,,274.1
2770,-5.6000000000000005,0,6,3,1,0.9418909479863942,,274.2
2771,-4.300000000000001,0,4,3,1,0.9418909479863942,,274.2
2772,-4.300000000000001,0,4,3,1,0.9418909479863942,,274.3
2773,-4.300000000000001,0,4,3,1,0.9418909479863942,,274.4
2774,5.7,1,4,3,1,0.9418909479863942,,274.4
2775,-4.6,0,6,3,1,0.9418909479863942,,274.5
2776,-4.300000000000001,0,4,3,1,0.9418909479863942,,274.6
2777,-2.3000000000000003,0,4,3,1,0.9418909479863942,,274.7
2778,-4.300000000000001,0,4,3,1,0.9418909479863942,,274.8
2779,5.7,1,4,3,1,0.9418909479863942,,274.9
2780,-4.300000000000001,0,4,3,1,0.9418909479863942,,275.0
2781,-4.300000000000001,0,4,3,1,0.9418909479863942,,275.0
2782,-2.3000000000000003,0,4,3,1,0.9418909479863942,,275.1
2783,-4.300000000000001,0,4,3,1,0.9418909479863942,,275.2
2784,-2.3000000000000003,0,4,3,1,0.9418909479863942,,275.3
2785,-4.300000000000001,0,4,3,1,0.9418909479863942,,275.3
2786,5.7,1,4,3,1,0.9418909479863942,,275.4
2787,-4.300000000000001,0,4,3,1,0.9418909479863942,,275.6
2788,-5.4,0,5,4,1,0.9418909479863942,,275.7
2789,-4.300000000000001,0,4,3,1,0.9418909479863942,,275.8
2790,-4.300000000000001,0,4,3,1,0.9418909479863942,,275.9
2791,-4.300000000000001,0,4,3,1,0.9418909479863942,,275.9
2792,-2.3000000000000003,0,4,3,1,0.9418909479863942,,276.1
2793,-5.6000000000000005,0,6,3,1,0.9418909479863942,,276.2
2794,-0.30000000000000004,0,4,3,1,0.9418909479863942,,276.2
2795,-4.300000000000001,0,4,3,1,0.9418909479863942,,276.3
2796,-4.300000000000001,0,4,3,1,0.9418909479863942,,276.4
2797,-2.6,0,6,3,1,0.9418909479863942,,276.4
2798,-4.300000000000001,0,4,3,1,0.9418909479863942,,276.5
2799,-2.3000000000000003,0,4,3,1,0.9418909479863942,,276.6
2800,-4.300000000000001,0,4,3,1,0.9418909479863942,,276.6
2801,-4.300000000000001,0,4,3,1,0.9418909479863942,,276.7
2802,-5.4,0,5,4,1,0.9418909479863942,,276.8
2803,-4.300000000000001,0,4,3,1,0.9418909479863942,,276.9
2804,-2.3000000000000003,0,4,3,1,0.9418909479863942,,276.9
2805,-4.300000000000001,0,4,3,1,0.9418909479863942,,277.0
2806,5.7,1,4,3,1,0.9418909479863942,,277.1
2807,-2.3000000000000003,0,4,3,1,0.9418909479863942,,277.1
2808,-4.300000000000001,0,4,3,1,0.9418909479863942,,277.2
2809,-4.300000000000001,0,4,3,1,0.9418909479863942,,277.3
2810,-4.300000000000001,0,4,3,1,0.9418909479863942,,277.4
2811,-4.300000000000001,0,4,3,1,0.9418909479863942,,277.5
2812,-4.300000000000001,0,4,3,1,0.9418909479863942,,277.5
2813,-4.300000000000001,0,4,3,1,0.9418909479863942,,277.6
2814,-4.300000000000001,0,4,3,1,0.9418909479863942,,277.7
2815,-4.300000000000001,0,4,3,1,0.9418909479863942,,277.8
2816,-4.300000000000001,0,4,3,1,0.9418909479863942,,277.9
2817,-4.300000000000001,0,4,3,1,0.9418909479863942,,278.0
2818,-0.30000000000000004,0,4,3,1,0.9418909479863942,,278.1
2819,-0.30000000000000004,0,4,3,1,0.9418909479863942,,278.1
2820,-2.3000000000000003,0,4,3,1,0.9418909479863942,,278.2
2821,-4.300000000000001,0,4,3,1,0.9418909479863942,,278.3
2822,-4.300000000000001,0,4,3,1,0.9418909479863942,,278.4
2823,-4.300000000000001,0,4,3,1,0.9418909479863942,,278.4
2824,-3.6000000000000005,0,6,3,1,0.9418909479863942,,278.5
2825,-4.300000000000001,0,4,3,1,0.9418909479863942,,278.6
2826,-4.300000000000001,0,4,3,1,0.9418909479863942,,278.7
2827,-3.6000000000000005,0,6,3,1,0.9418909479863942,,278.8
2828,-3.6,0,6,3,1,0.9418909479863942,,278.8
2829,-2.3000000000000003,0,4,3,1,0.9418909479863942,,278.9
2830,-0.30000000000000004,0,4,3,1,0.9418909479863942,,278.9
2831,-4.300000000000001,0,4,3,1,0.9418909479863942,,279.0
2832,-4.300000000000001,0,4,3,1,0.9418909479863942,,279.1
2833,-4.300000000000001,0,4,3,1,0.9418909479863942,,279.2
2834,-4.300000000000001,0,4,3,1,0.9418909479863942,,279.2
2835,-4.300000000000001,0,4,3,1,0.9418909479863942,,279.3
2836,-2.3000000000000003,0,4,3,1,0.9418909479863942,,279.4
2837,-4.300000000000001,0,4,3,1,0.9418909479863942,,279.5
2838,-4.300000000000001,0,4,3,1,0.9418909479863942,,279.6
2839,-5.6000000000000005,0,6,3,1,0.9418909479863942,,279.7
2840,-4.300000000000001,0,4,3,1,0.9418909479863942,,279.8
2841,-4.300000000000001,0,4,3,1,0.9418909479863942,,279.9
2842,-2.3000000000000003,0,4,3,1,0.9418909479863942,,280.0
2843,-5.6000000000000005,0,6,3,1,0.9418909479863942,,280.1
2844,-2.3000000000000003,0,4,3,1,0.9418909479863942,,280.1
2845,-4.300000000000001,0,4,3,1,0.9418909479863942,,280.3
2846,-4.300000000000001,0,4,3,1,0.9418909479863942,,280.3
2847,-4.300000000000001,0,4,3,1,0.9418909479863942,,280.4
2848,-4.300000000000001,0,4,3,1,0.9418909479863942,,280.5
2849,-4.300000000000001,0,4,3,1,0.9418909479863942,,280.5
2850,-2.3000000000000003,0,4,3,1,0.9418909479863942,,280.6
2851,-4.300000000000001,0,4,3,1,0.9418909479863942,,280.7
2852,-0.30000000000000004,0,4,3,1,0.9418909479863942,,280.8
2853,-4.300000000000001,0,4,3,1,0.9418909479863942,,280.8
2854,-4.300000000000001,0,4,3,1,0.9418909479863942,,280.9
2855,-4.6000000000000005,0,6,3,1,0.9418909479863942,,281.0
2856,-4.300000000000001,0,4,3,1,0.9418909479863942,,281.1
2857,-4.300000000000001,0,4,3,1,0.9418909479863942,,281.1
2858,-4.300000000000001,0,4,3,1,0.9418909479863942,,281.2
2859,-2.3000000000000003,0,4,3,1,0.9418909479863942,,281.3
2860,-2.3000000000000003,0,4,3,1,0.9418909479863942,,281.3
2861,-5.6000000000000005,0,6,3,1,0.9418909479863942,,281.4
2862,5.7,1,4,3,1,0.9418909479863942,,281.5
2863,-0.30000000000000004,0,4,3,1,0.9418909479863942,,281.6
2864,-4.300000000000001,0,4,3,1,0.9418909479863942,,281.7
2865,-4.300000000000001,0,4,3,1,0.9418909479863942,,281.8
2866,-0.30000000000000004,0,4,3,1,0.9418909479863942,,281.9
2867,-4.300000000000001,0,4,3,1,0.9418909479863942,,281.9
2868,-4.300000000000001,0,4,3,1,0.9418909479863942,,282.1
2869,-3.6000000000000005,0,6,3,1,0.9418909479863942,,282.2
2870,-4.300000000000001,0,4,3,1,0.9418909479863942,,282.3
2871,-4.300000000000001,0,4,3,1,0.9418909479863942,,282.3
2872,-4.300000000000001,0,4,3,1,0.9418909479863942,,282.4
2873,-4.300000000000001,0,4,3,1,0.9418909479863942,,282.5
2874,-4.300000000000001,0,4,3,1,0.9418909479863942,,282.6
2875,-4.300000000000001,0,4,3,1,0.9418909479863942,,282.6
2876,-4.6000000000000005,0,6,3,1,0.9418909479863942,,282.7
2877,-2.3000000000000003,0,4,3,1,0.9418909479863942,,282.7
2878,-4.300000000000001,0,4,3,1,0.9418909479863942,,282.8
2879,-4.300000000000001,0,4,3,1,0.9418909479863942,,282.9
2880,-0.30000000000000004,0,4,3,1,0.9418909479863942,,283.0
2881,-4.300000000000001,0,4,3,1,0.9418909479863942,,283.1
2882,-0.30000000000000004,0,4,3,1,0.9418909479863942,,283.1
2883,-1.6,0,6,3,1,0.9418909479863942,,283.2
2884,-4.300000000000001,0,4,3,1,0.9418909479863942,,283.3
2885,-4.300000000000001,0,4,3,1,0.9418909479863942,,283.4
2886,-0.30000000000000004,0,4,3,1,0.9418909479863942,,283.5
2887,-4.300000000000001,0,4,3,1,0.9418909479863942,,283.5
2888,-4.300000000000001,0,4,3,1,0.9418909479863942,,283.6
2889,-4.300000000000001,0,4,3,1,0.9418909479863942,,283.7
2890,-4.300000000000001,0,4,3,1,0.9418909479863942,,283.7
2891,-4.300000000000001,0,4,3,1,0.9418909479863942,,283.9
2892,-2.3000000000000003,0,4,3,1,0.9418909479863942,,284.0
2893,-2.3000000000000003,0,4,3,1,0.9418909479863942,,284.0
2894,-4.300000000000001,0,4,3,1,0.9418909479863942,,284.1
2895,-4.300000000000001,0,4,3,1,0.9418909479863942,,284.2
2896,-2.3000000000000003,0,4,3,1,0.9418909479863942,,284.3
2897,-4.300000000000001,0,4,3,1,0.9418909479863942,,284.3
2898,-4.300000000000001,0,4,3,1,0.9418909479863942,,284.4
2899,-4.300000000000001,0,4,3,1,0.9418909479863942,,284.5
2900,-4.300000000000001,0,4,3,1,0.9418909479863942,,284.6
2901,-4.300000000000001,0,4,3,1,0.9418909479863942,,284.6
2902,-4.300000000000001,0,4,3,1,0.9418909479863942,,284.7
2903,-4.300000000000001,0,4,3,1,0.9418909479863942,,284.8
2904,-4.300000000000001,0,4,3,1,0.9418909479863942,,284.9
2905,-4.300000000000001,0,4,3,1,0.9418909479863942,,284.9
2906,-4.300000000000001,0,4,3,1,0.9418909479863942,,285.0
2907,-2.3000000000000003,0,4,3,1,0.9418909479863942,,285.0
2908,-4.300000000000001,0,4,3,1,0.9418909479863942,,285.2
2909,-0.30000000000000004,0,4,3,1,0.9418909479863942,,285.2
2910,5.7,1,4,3,1,0.9418909479863942,,285.3
2911,-4.300000000000001,0,4,3,1,0.9418909479863942,,285.4
2912,-2.3000000000000003,0,4,3,1,0.9418909479863942,,285.5
2913,-4.300000000000001,0,4,3,1,0.9418909479863942,,285.6
2914,-2.3000000000000003,0,4,3,1,0.9418909479863942,,285.6
2915,-4.300000000000001,0,4,3,1,0.9418909479863942,,285.7
2916,-4.300000000000001,0,4,3,1,0.9418909479863942,,285.8
2917,-4.300000000000001,0,4,3,1,0.9418909479863942,,285.9
2918,-4.300000000000001,0,4,3,1,0.9418909479863942,,285.9
2919,-4.300000000000001,0,4,3,1,0.9418909479863942,,286.0
2920,-4.300000000000001,0,4,3,1,0.9418909479863942,,286.0
2921,-3.6,0,6,3,1,0.9418909479863942,,286.1
2922,-4.300000000000001,0,4,3,1,0.9418909479863942,,286.2
2923,-4.300000000000001,0,4,3,1,0.9418909479863942,,286.3
2924,-4.300000000000001,0,4,3,1,0.9418909479863942,,286.4
2925,-4.300000000000001,0,4,3,1,0.9418909479863942,,286.5
2926,-2.3000000000000003,0,4,3,1,0.9418909479863942,,286.6
2927,-4.300000000000001,0,4,3,1,0.9418909479863942,,286.6
2928,-4.300000000000001,0,4,3,1,0.9418909479863942,,286.7
2929,-4.300000000000001,0,4,3,1,0.9418909479863942,,286.7
2930,-4.300000000000001,0,4,3,1,0.9418909479863942,,286.8
2931,-4.300000000000001,0,4,3,1,0.9418909479863942,,286.9
2932,-4.300000000000001,0,4,3,1,0.9418909479863942,,287.0
2933,-4.300000000000001,0,4,3,1,0.9418909479863942,,287.1
2934,-4.300000000000001,0,4,3,1,0.9418909479863942,,287.1
2935,-2.3000000000000003,0,4,3,1,0.9418909479863942,,287.2
2936,-5.6000000000000005,0,6,3,1,0.9418909479863942,,287.3
2937,5.7,1,4,3,1,0.9418909479863942,,287.4
2938,-4.300000000000001,0,4,3,1,0.9418909479863942,,287.5
2939,5.7,1,4,3,1,0.9418909479863942,,287.5
2940,-4.300000000000001,0,4,3,1,0.9418909479863942,,287.6
2941,-4.300000000000001,0,4,3,1,0.9418909479863942,,287.7
2942,-4.300000000000001,0,4,3,1,0.9418909479863942,,287.8
2943,-0.30000000000000004,0,4,3,1,0.9418909479863942,,287.9
2944,-4.300000000000001,0,4,3,1,0.9418909479863942,,287.9
2945,-4.300000000000001,0,4,3,1,0.9418909479863942,,288.0
2946,-4.300000000000001,0,4,3,1,0.9418909479863942,,288.1
2947,-2.3000000000000003,0,4,3,1,0.9418909479863942,,288.1
2948,-0.30000000000000004,0,4,3,1,0.9418909479863942,,288.2
2949,-4.300000000000001,0,4,3,1,0.9418909479863942,,288.3
2950,-2.3000000000000003,0,4,3,1,0.9418909479863942,,288.3
2951,-4.300000000000001,0,4,3,1,0.9418909479863942,,288.4
2952,-4.300000000000001,0,4,3,1,0.9418909479863942,,288.5
2953,-5.4,0,5,4,1,0.9418909479863942,,288.6
2954,-4.300000000000001,0,4,3,1,0.9418909479863942,,288.7
2955,-4.300000000000001,0,4,3,1,0.9418909479863942,,288.7
2956,-4.300000000000001,0,4,3,1,0.9418909479863942,,288.8
2957,-0.30000000000000004,0,4,3,1,0.9418909479863942,,288.9
2958,-2.3000000000000003,0,4,3,1,0.9418909479863942,,288.9
2959,-2.3000000000000003,0,4,3,1,0.9418909479863942,,289.0
2960,-5.6000000000000005,0,6,3,1,0.9418909479863942,,289.1
2961,5.7,1,4,3,1,0.9418909479863942,,289.1
2962,-0.30000000000000004,0,4,3,1,0.9418909479863942,,289.2
2963,-4.300000000000001,0,4,3,1,0.9418909479863942,,289.3
2964,-4.300000000000001,0,4,3,1,0.9418909479863942,,289.3
2965,-4.6000000000000005,0,6,3,1,0.9418909479863942,,289.4
2966,-4.6000000000000005,0,6,3,1,0.9418909479863942,,289.5
2967,-4.300000000000001,0,4,3,1,0.9418909479863942,,289.6
2968,-2.3000000000000003,0,4,3,1,0.9418909479863942,,289.7
2969,-4.300000000000001,0,4,3,1,0.9418909479863942,,289.8
2970,-5.6000000000000005,0,6,3,1,0.9418909479863942,,289.8
2971,5.7,1,4,3,1,0.9418909479863942,,289.9
2972,-4.300000000000001,0,4,3,1,0.9418909479863942,,290.0
2973,-2.3000000000000003,0,4,3,1,0.9418909479863942,,290.1
2974,-4.300000000000001,0,4,3,1,0.9418909479863942,,290.2
2975,-2.3000000000000003,0,4,3,1,0.9418909479863942,,290.3
2976,-4.300000000000001,0,4,3,1,0.9418909479863942,,290.4
2977,-4.300000000000001,0,4,3,1,0.9418909479863942,,290.4
2978,-4.300000000000001,0,4,3,1,0.9418909479863942,,290.5
2979,-4.300000000000001,0,4,3,1,0.9418909479863942,,290.6
2980,-3.2,0,10,3,1,0.9418909479863942,,290.7
2981,-4.6,0,6,3,1,0.9418909479863942,,290.8
2982,-4.300000000000001,0,4,3,1,0.9418909479863942,,290.9
2983,-4.300000000000001,0,4,3,1,0.9418909479863942,,290.9
2984,-4.300000000000001,0,4,3,1,0.9418909479863942,,291.0
2985,-4.300000000000001,0,4,3,1,0.9418909479863942,,291.1
2986,-4.300000000000001,0,4,3,1,0.9418909479863942,,291.1
2987,-4.300000000000001,0,4,3,1,0.9418909479863942,,291.2
2988,-0.30000000000000004,0,4,3,1,0.9418909479863942,,291.3
2989,-4.300000000000001,0,4,3,1,0.9418909479863942,,291.4
2990,-0.30000000000000004,0,4,3,1,0.9418909479863942,,291.5
2991,-5.4,0,5,4,1,0.9418909479863942,,291.6
2992,-4.300000000000001,0,4,3,1,0.9418909479863942,,291.6
2993,-5.6000000000000005,0,6,3,1,0.9418909479863942,,291.7
2994,-4.300000000000001,0,4,3,1,0.9418909479863942,,291.8
2995,-4.300000000000001,0,4,3,1,0.9418909479863942,,291.9
2996,-2.3000000000000003,0,4,3,1,0.9418909479863942,,291.9
2997,-4.300000000000001,0,4,3,1,0.9418909479863942,,292.0
2998,-2.3000000000000003,0,4,3,1,0.9418909479863942,,292.1
2999,-3.6000000000000005,0,6,3,1,0.9418909479863942,,292.2
3000,-2.3000000000000003,0,4,3,1,0.9418909479863942,,292.3
3001,-5.6000000000000005,0,6,3,1,0.9418909479863942,,297.5
3002,-4.300000000000001,0,4,3,1,0.9418909479863942,,297.6
3003,-4.6,0,6,3,1,0.9418909479863942,,297.7
3004,-2.3000000000000003,0,4,3,1,0.9418909479863942,,297.8
3005,-4.300000000000001,0,4,3,1,0.9418909479863942,,297.8
3006,-4.300000000000001,0,4,3,1,0.9418909479863942,,297.9
3007,-5.6000000000000005,0,6,3,1,0.9418909479863942,,298.0
3008,-4.300000000000001,0,4,3,1,0.9418909479863942,,298.1
3009,-0.30000000000000004,0,4,3,1,0.9418909479863942,,298.1
3010,-6.700000000000001,0,7,4,1,0.9418909479863942,,298.2
3011,-4.6000000000000005,0,6,3,1,0.9418909479863942,,298.3
3012,-4.300000000000001,0,4,3,1,0.9418909479863942,,298.3
3013,-4.300000000000001,0,4,3,1,0.9418909479863942,,298.4
3014,-2.3000000000000003,0,4,3,1,0.9418909479863942,,298.5
3015,5.7,1,4,3,1,0.9418909479863942,,298.6
3016,-4.300000000000001,0,4,3,1,0.9418909479863942,,298.7
3017,-4.300000000000001,0,4,3,1,0.9418909479863942,,298.7
3018,-4.300000000000001,0,4,3,1,0.9418909479863942,,298.8
3019,-4.300000000000001,0,4,3,1,0.9418909479863942,,298.9
3020,-4.300000000000001,0,4,3,1,0.9418909479863942,,298.9
3021,-2.3000000000000003,0,4,3,1,0.9418909479863942,,299.0
3022,-2.3000000000000003,0,4,3,1,0.9418909479863942,,299.0
3023,-6.200000000000001,0,10,3,1,0.9418909479863942,,299.1
3024,-4.6,0,6,3,1,0.9418909479863942,,299.2
3025,-4.300000000000001,0,4,3,1,0.9418909479863942,,299.3
3026,-4.300000000000001,0,4,3,1,0.9418909479863942,,299.4
3027,-4.300000000000001,0,4,3,1,0.9418909479863942,,299.5
3028,-4.300000000000001,0,4,3,1,0.9418909479863942,,299.5
3029,-0.30000000000000004,0,4,3,1,0.9418909479863942,,299.6
3030,-2.3000000000000003,0,4,3,1,0.9418909479863942,,299.7
3031,-0.30000000000000004,0,4,3,1,0.9418909479863942,,299.8
3032,-4.300000000000001,0,4,3,1,0.9418909479863942,,299.8
3033,-4.300000000000001,0,4,3,1,0.9418909479863942,,299.9
3034,-4.300000000000001,0,4,3,1,0.9418909479863942,,299.9
3035,5.7,1,4,3,1,0.9418909479863942,,300.0
3036,-4.300000000000001,0,4,3,1,0.9418909479863942,,300.1
3037,-2.6,0,6,3,1,0.9418909479863942,,300.2
3038,-4.300000000000001,0,4,3,1,0.9418909479863942,,300.3
3039,-4.300000000000001,0,4,3,1,0.9418909479863942,,300.4
3040,-4.6,0,6,3,1,0.9418909479863942,,300.4
3041,-0.30000000000000004,0,4,3,1,0.9418909479863942,,300.5
3042,-4.300000000000001,0,4,3,1,0.9418909479863942,,300.5
3043,-2.3000000000000003,0,4,3,1,0.9418909479863942,,300.6
3044,-2.3000000000000003,0,4,3,1,0.9418909479863942,,300.7
3045,-2.3000000000000003,0,4,3,1,0.9418909479863942,,300.7
3046,-4.300000000000001,0,4,3,1,0.9418909479863942,,300.8
3047,-4.300000000000001,0,4,3,1,0.9418909479863942,,300.9
3048,-2.3000000000000003,0,4,3,1,0.9418909479863942,,301.0
3049,-4.300000000000001,0,4,3,1,0.9418909479863942,,301.0
3050,-4.300000000000001,0,4,3,1,0.9418909479863942,,301.2
3051,-2.3000000000000003,0,4,3,1,0.9418909479863942,,301.2
3052,5.7,1,4,3,1,0.9418909479863942,,301.3
3053,-4.300000000000001,0,4,3,1,0.9418909479863942,,301.4
3054,-2.3000000000000003,0,4,3,1,0.9418909479863942,,301.4
3055,-4.300000000000001,0,4,3,1,0.9418909479863942,,301.5
3056,-2.3000000000000003,0,4,3,1,0.9418909479863942,,301.6
3057,-4.300000000000001,0,4,3,1,0.9418909479863942,,301.6
3058,-4.300000000000001,0,4,3,1,0.9418909479863942,,301.7
3059,5.7,1,4,3,1,0.9418909479863942,,301.8
3060,-4.300000000000001,0,4,3,1,0.9418909479863942,,301.9
3061,-4.300000000000001,0,4,3,1,0.9418909479863942,,302.0
3062,-2.3000000000000003,0,4,3,1,0.9418909479863942,,302.1
3063,-4.300000000000001,0,4,3,1,0.9418909479863942,,302.2
3064,-4.300000000000001,0,4,3,1,0.9418909479863942,,302.3
3065,-2.3000000000000003,0,4,3,1,0.9418909479863942,,302.4
3066,-2.3000000000000003,0,4,3,1,0.9418909479863942,,302.4
3067,-4.300000000000001,0,4,3,1,0.9418909479863942,,302.5
3068,-4.300000000000001,0,4,3,1,0.9418909479863942,,302.6
3069,-2.3000000000000003,0,4,3,1,0.9418909479863942,,302.7
3070,-4.300000000000001,0,4,3,1,0.9418909479863942,,302.8
3071,-4.300000000000001,0,4,3,1,0.9418909479863942,,302.8
3072,-2.3000000000000003,0,4,3,1,0.9418909479863942,,302.9
3073,-2.3000000000000003,0,4,3,1,0.9418909479863942,,303.0
3074,-0.30000000000000004,0,4,3,1,0.9418909479863942,,303.1
3075,-4.300000000000001,0,4,3,1,0.9418909479863942,,303.1
3076,-4.300000000000001,0,4,3,1,0.9418909479863942,,303.2
3077,-4.300000000000001,0,4,3,1,0.9418909479863942,,303.3
3078,-4.300000000000001,0,4,3,1,0.9418909479863942,,303.4
3079,-4.300000000000001,0,4,3,1,0.9418909479863942,,303.4
3080,-3.6000000000000005,0,6,3,1,0.9418909479863942,,303.5
3081,-4.300000000000001,0,4,3,1,0.9418909479863942,,303.6
3082,-4.300000000000001,0,4,3,1,0.9418909479863942,,303.7
3083,-0.30000000000000004,0,4,3,1,0.9418909479863942,,303.8
3084,-4.300000000000001,0,4,3,1,0.9418909479863942,,303.9
3085,-3.6,0,6,3,1,0.9418909479863942,,303.9
3086,-4.300000000000001,0,4,3,1,0.9418909479863942,,304.0
3087,-4.300000000000001,0,4,3,1,0.9418909479863942,,304.0
3088,-4.300000000000001,0,4,3,1,0.9418909479863942,,304.2
3089,-2.3000000000000003,0,4,3,1,0.9418909479863942,,304.2
3090,-4.300000000000001,0,4,3,1,0.9418909479863942,,304.3
3091,-3.6,0,6,3,1,0.9418909479863942,,304.4
3092,-4.300000000000001,0,4,3,1,0.9418909479863942,,304.5
3093,-4.300000000000001,0,4,3,1,0.9418909479863942,,304.5
3094,-3.6000000000000005,0,6,3,1,0.9418909479863942,,304.6
3095,-4.300000000000001,0,4,3,1,0.9418909479863942,,304.7
3096,-2.3000000000000003,0,4,3,1,0.9418909479863942,,304.8
3097,-5.6000000000000005,0,6,3,1,0.9418909479863942,,304.8
3098,-4.300000000000001,0,4,3,1,0.9418909479863942,,304.9
3099,-4.300000000000001,0,4,3,1,0.9418909479863942,,305.0
3100,-4.300000000000001,0,4,3,1,0.9418909479863942,,305.0
3101,-4.300000000000001,0,4,3,1,0.9418909479863942,,305.1
3102,-4.300000000000001,0,4,3,1,0.9333784920163453,0.8240590286441147,305.8
3103,-5.6000000000000005,0,6,3,1,0.9333784920163453,,305.9
3104,-7.200000000000001,0,10,3,1,0.9333784920163453,,306.0
3105,-4.300000000000001,0,4,3,1,0.9333784920163453,,306.1
3106,-0.30000000000000004,0,4,3,1,0.9333784920163453,,306.1
3107,-5.6000000000000005,0,6,3,1,0.9333784920163453,,306.2
3108,-2.3000000000000003,0,4,3,1,0.9333784920163453,,306.3
3109,-4.300000000000001,0,4,3,1,0.9333784920163453,,306.4
3110,-4.300000000000001,0,4,3,1,0.9333784920163453,,306.5
3111,-0.30000000000000004,0,4,3,1,0.9333784920163453,,306.5
3112,-4.300000000000001,0,4,3,1,0.9333784920163453,,306.6
3113,-5.6000000000000005,0,6,3,1,0.9333784920163453,,306.7
3114,-0.30000000000000004,0,4,3,1,0.9333784920163453,,306.8
3115,5.7,1,4,3,1,0.9333784920163453,,306.8
3116,-0.30000000000000004,0,4,3,1,0.9333784920163453,,307.0
3117,-4.300000000000001,0,4,3,1,0.9333784920163453,,307.0
3118,5.7,1,4,3,1,0.9333784920163453,,307.1
3119,-4.300000000000001,0,4,3,1,0.9333784920163453,,307.2
3120,-1.6,0,6,3,1,0.9333784920163453,,307.2
3121,-4.300000000000001,0,4,3,1,0.9333784920163453,,307.3
3122,-4.300000000000001,0,4,3,1,0.9333784920163453,,307.4
3123,-4.300000000000001,0,4,3,1,0.9333784920163453,,307.5
3124,-4.300000000000001,0,4,3,1,0.9333784920163453,,307.6
3125,5.7,1,4,3,1,0.9333784920163453,,307.6
3126,-2.3000000000000003,0,4,3,1,0.9333784920163453,,307.7
3127,-2.3000000000000003,0,4,3,1,0.9333784920163453,,307.8
3128,-4.300000000000001,0,4,3,1,0.9333784920163453,,307.9
3129,5.7,1,4,3,1,0.9333784920163453,,308.0
3130,-4.300000000000001,0,4,3,1,0.9333784920163453,,308.0
3131,-2.3000000000000003,0,4,3,1,0.9333784920163453,,308.1
3132,-4.6000000000000005,0,6,3,1,0.9333784920163453,,308.1
3133,-4.300000000000001,0,4,3,1,0.9333784920163453,,308.2
3134,-4.300000000000001,0,4,3,1,0.9333784920163453,,308.3
3135,-4.300000000000001,0,4,3,1,0.9333784920163453,,308.4
3136,-5.6000000000000005,0,6,3,1,0.9333784920163453,,308.5
3137,-4.300000000000001,0,4,3,1,0.9333784920163453,,308.5
3138,-4.300000000000001,0,4,3,1,0.9333784920163453,,308.6
3139,-0.30000000000000004,0,4,3,1,0.9333784920163453,,308.7
3140,-0.30000000000000004,0,4,3,1,0.9333784920163453,,308.8
3141,-4.300000000000001,0,4,3,1,0.9333784920163453,,308.8
3142,-2.3000000000000003,0,4,3,1,0.9333784920163453,,308.9
3143,5.7,1,4,3,1,0.9333784920163453,,309.0
3144,-4.300000000000001,0,4,3,1,0.9333784920163453,,309.0
3145,-4.300000000000001,0,4,3,1,0.9333784920163453,,309.1
3146,-5.6000000000000005,0,6,3,1,0.9333784920163453,,309.1
3147,-0.6000000000000001,0,6,3,1,0.9333784920163453,,309.2
3148,-4.6000000000000005,0,6,3,1,0.9333784920163453,,309.3
3149,-4.300000000000001,0,4,3,1,0.9333784920163453,,309.4
3150,-4.300000000000001,0,4,3,1,0.9333784920163453,,309.4
3151,-4.300000000000001,0,4,3,1,0.9333784920163453,,309.5
3152,-4.300000000000001,0,4,3,1,0.9333784920163453,,309.6
3153,-4.300000000000001,0,4,3,1,0.9333784920163453,,309.6
3154,-4.300000000000001,0,4,3,1,0.9333784920163453,,309.7
3155,-2.3000000000000003,0,4,3,1,0.9333784920163453,,309.8
3156,-4.300000000000001,0,4,3,1,0.9333784920163453,,309.9
3157,-4.300000000000001,0,4,3,1,0.9333784920163453,,309.9
3158,-4.300000000000001,0,4,3,1,0.9333784920163453,,310.0
3159,-4.300000000000001,0,4,3,1,0.9333784920163453,,310.1
3160,-4.300000000000001,0,4,3,1,0.9333784920163453,,310.1
3161,-2.3000000000000003,0,4,3,1,0.9333784920163453,,310.2
3162,-0.30000000000000004,0,4,3,1,0.9333784920163453,,310.3
3163,-4.300000000000001,0,4,3,1,0.9333784920163453,,310.3
3164,-4.300000000000001,0,4,3,1,0.9333784920163453,,310.4
3165,-4.300000000000001,0,4,3,1,0.9333784920163453,,310.5
3166,-4.300000000000001,0,4,3,1,0.9333784920163453,,310.6
3167,-5.6000000000000005,0,6,3,1,0.9333784920163453,,310.6
3168,-4.300000000000001,0,4,3,1,0.9333784920163453,,310.7
3169,-4.300000000000001,0,4,3,1,0.9333784920163453,,310.8
3170,-4.300000000000001,0,4,3,1,0.9333784920163453,,310.9
3171,-2.3000000000000003,0,4,3,1,0.9333784920163453,,311.0
3172,-4.300000000000001,0,4,3,1,0.9333784920163453,,311.1
3173,-4.300000000000001,0,4,3,1,0.9333784920163453,,311.2
3174,-4.300000000000001,0,4,3,1,0.9333784920163453,,311.2
3175,-4.300000000000001,0,4,3,1,0.9333784920163453,,311.3
3176,-2.3000000000000003,0,4,3,1,0.9333784920163453,,311.3
3177,-4.300000000000001,0,4,3,1,0.9333784920163453,,311.4
3178,-2.3000000000000003,0,4,3,1,0.9333784920163453,,311.5
3179,-4.300000000000001,0,4,3,1,0.9333784920163453,,311.6
3180,-4.300000000000001,0,4,3,1,0.9333784920163453,,311.7
3181,-0.30000000000000004,0,4,3,1,0.9333784920163453,,311.8
3182,5.7,1,4,3,1,0.9333784920163453,,311.9
3183,-4.300000000000001,0,4,3,1,0.9333784920163453,,312.0
3184,0.6000000000000001,0,5,4,1,0.9333784920163453,,312.0
3185,-4.300000000000001,0,4,3,1,0.9333784920163453,,312.1
3186,-4.300000000000001,0,4,3,1,0.9333784920163453,,312.1
3187,-0.30000000000000004,0,4,3,1,0.9333784920163453,,312.2
3188,-4.300000000000001,0,4,3,1,0.9333784920163453,,312.2
3189,-4.300000000000001,0,4,3,1,0.9333784920163453,,312.2
3190,-4.300000000000001,0,4,3,1,0.9333784920163453,,312.3
3191,-4.300000000000001,0,4,3,1,0.9333784920163453,,312.4
3192,-5.4,0,5,4,1,0.9333784920163453,,312.5
3193,-4.300000000000001,0,4,3,1,0.9333784920163453,,312.6
3194,-2.3000000000000003,0,4,3,1,0.9333784920163453,,312.6
3195,-4.300000000000001,0,4,3,1,0.9333784920163453,,312.7
3196,-4.300000000000001,0,4,3,1,0.9333784920163453,,312.8
3197,-4.300000000000001,0,4,3,1,0.9333784920163453,,312.8
3198,-4.300000000000001,0,4,3,1,0.9333784920163453,,312.9
3199,-4.300000000000001,0,4,3,1,0.9333784920163453,,312.9
3200,-4.300000000000001,0,4,3,1,0.9333784920163453,,313.0
3201,-4.300000000000001,0,4,3,1,0.9333784920163453,,313.1
3202,-2.3000000000000003,0,4,3,1,0.9333784920163453,,313.1
3203,-5.6000000000000005,0,6,3,1,0.9333784920163453,,313.2
3204,-5.6000000000000005,0,6,3,1,0.9333784920163453,,313.3
3205,-4.6,0,6,3,1,0.9333784920163453,,313.4
3206,-0.30000000000000004,0,4,3,1,0.9333784920163453,,313.4
3207,-2.3000000000000003,0,4,3,1,0.9333784920163453,,313.5
3208,-4.300000000000001,0,4,3,1,0.9333784920163453,,313.5
3209,-2.3000000000000003,0,4,3,1,0.9333784920163453,,313.6
3210,-2.3000000000000003,0,4,3,1,0.9333784920163453,,313.7
3211,-4.300000000000001,0,4,3,1,0.9333784920163453,,313.7
3212,-4.300000000000001,0,4,3,1,0.9333784920163453,,313.8
3213,-2.3000000000000003,0,4,3,1,0.9333784920163453,,313.9
3214,-4.300000000000001,0,4,3,1,0.9333784920163453,,313.9
3215,-4.300000000000001,0,4,3,1,0.9333784920163453,,314.0
3216,-4.300000000000001,0,4,3,1,0.9333784920163453,,314.1
3217,-5.6000000000000005,0,6,3,1,0.9333784920163453,,314.1
3218,-4.300000000000001,0,4,3,1,0.9333784920163453,,314.2
3219,-0.30000000000000004,0,4,3,1,0.9333784920163453,,314.3
3220,-4.6,0,6,3,1,0.9333784920163453,,314.4
3221,-4.300000000000001,0,4,3,1,0.9333784920163453,,314.4
3222,-4.300000000000001,0,4,3,1,0.9333784920163453,,314.5
3223,-4.300000000000001,0,4,3,1,0.9333784920163453,,314.6
3224,-4.300000000000001,0,4,3,1,0.9333784920163453,,314.7
3225,-4.300000000000001,0,4,3,1,0.9333784920163453,,314.7
3226,-4.300000000000001,0,4,3,1,0.9333784920163453,,314.8
3227,-2.3000000000000003,0,4,3,1,0.9333784920163453,,314.8
3228,-0.30000000000000004,0,4,3,1,0.9333784920163453,,314.9
3229,-2.3000000000000003,0,4,3,1,0.9333784920163453,,315.0
3230,-4.6,0,6,3,1,0.9333784920163453,,315.1
3231,-4.300000000000001,0,4,3,1,0.9333784920163453,,315.1
3232,-2.3000000000000003,0,4,3,1,0.9333784920163453,,315.2
3233,-5.6000000000000005,0,6,3,1,0.9333784920163453,,315.3
3234,-2.3000000000000003,0,4,3,1,0.9333784920163453,,315.3
3235,-0.30000000000000004,0,4,3,1,0.9333784920163453,,315.4
3236,-4.300000000000001,0,4,3,1,0.9333784920163453,,315.5
3237,-4.300000000000001,0,4,3,1,0.9333784920163453,,315.5
3238,-4.300000000000001,0,4,3,1,0.9333784920163453,,315.6
3239,-4.300000000000001,0,4,3,1,0.9333784920163453,,315.7
3240,-0.30000000000000004,0,4,3,1,0.9333784920163453,,315.8
3241,-4.300000000000001,0,4,3,1,0.9333784920163453,,315.8
3242,-4.6,0,6,3,1,0.9333784920163453,,315.9
3243,-0.30000000000000004,0,4,3,1,0.9333784920163453,,316.0
3244,-2.3000000000000003,0,4,3,1,0.9333784920163453,,316.0
3245,-2.3000000000000003,0,4,3,1,0.9333784920163453,,316.1
3246,-4.300000000000001,0,4,3,1,0.9333784920163453,,316.2
3247,-4.300000000000001,0,4,3,1,0.9333784920163453,,316.2
3248,-1.6,0,6,3,1,0.9333784920163453,,316.3
3249,-4.300000000000001,0,4,3,1,0.9333784920163453,,316.4
3250,-2.3000000000000003,0,4,3,1,0.9333784920163453,,316.4
3251,-4.300000000000001,0,4,3,1,0.9333784920163453,,316.5
3252,-4.300000000000001,0,4,3,1,0.9333784920163453,,316.6
3253,-2.3000000000000003,0,4,3,1,0.9333784920163453,,316.7
3254,-2.3000000000000003,0,4,3,1,0.9333784920163453,,316.7
3255,-4.300000000000001,0,4,3,1,0.9333784920163453,,316.8
3256,-4.300000000000001,0,4,3,1,0.9333784920163453,,316.9
3257,-4.300000000000001,0,4,3,1,0.9333784920163453,,317.0
3258,-4.300000000000001,0,4,3,1,0.9333784920163453,,317.0
3259,-2.3000000000000003,0,4,3,1,0.9333784920163453,,317.1
3260,-2.3000000000000003,0,4,3,1,0.9333784920163453,,317.1
3261,-2.3000000000000003,0,4,3,1,0.9333784920163453,,317.2
3262,-2.3000000000000003,0,4,3,1,0.9333784920163453,,317.3
3263,-4.300000000000001,0,4,3,1,0.9333784920163453,,317.4
3264,-4.300000000000001,0,4,3,1,0.9333784920163453,,317.5
3265,-4.300000000000001,0,4,3,1,0.9333784920163453,,317.6
3266,-4.300000000000001,0,4,3,1,0.9333784920163453,,317.7
3267,-0.30000000000000004,0,4,3,1,0.9333784920163453,,317.7
3268,-4.300000000000001,0,4,3,1,0.9333784920163453,,317.8
3269,-2.3000000000000003,0,4,3,1,0.9333784920163453,,317.9
3270,-2.3000000000000003,0,4,3,1,0.9333784920163453,,317.9
3271,-4.300000000000001,0,4,3,1,0.9333784920163453,,318.0
3272,-4.300000000000001,0,4,3,1,0.9333784920163453,,318.1
3273,-4.300000000000001,0,4,3,1,0.9333784920163453,,318.2
3274,-2.3000000000000003,0,4,3,1,0.9333784920163453,,318.3
3275,-4.300000000000001,0,4,3,1,0.9333784920163453,,318.3
3276,-4.300000000000001,0,4,3,1,0.9333784920163453,,318.4
3277,-2.3000000000000003,0,4,3,1,0.9333784920163453,,318.5
3278,-4.300000000000001,0,4,3,1,0.9333784920163453,,318.6
3279,5.7,1,4,3,1,0.9333784920163453,,318.7
3280,-4.300000000000001,0,4,3,1,0.9333784920163453,,318.8
3281,-4.300000000000001,0,4,3,1,0.9333784920163453,,318.8
3282,-4.300000000000001,0,4,3,1,0.9333784920163453,,318.9
3283,-1.4000000000000001,0,5,4,1,0.9333784920163453,,319.0
3284,-3.6000000000000005,0,6,3,1,0.9333784920163453,,319.1
3285,4.4,1,6,3,1,0.9333784920163453,,319.2
3286,-4.300000000000001,0,4,3,1,0.9333784920163453,,319.2
3287,-2.3000000000000003,0,4,3,1,0.9333784920163453,,319.3
3288,-2.3000000000000003,0,4,3,1,0.9333784920163453,,319.4
3289,-4.300000000000001,0,4,3,1,0.9333784920163453,,319.5
3290,-2.3000000000000003,0,4,3,1,0.9333784920163453,,319.6
3291,-4.300000000000001,0,4,3,1,0.9333784920163453,,319.6
3292,-4.300000000000001,0,4,3,1,0.9333784920163453,,319.7
3293,-0.30000000000000004,0,4,3,1,0.9333784920163453,,319.8
3294,-4.300000000000001,0,4,3,1,0.9333784920163453,,319.8
3295,-4.300000000000001,0,4,3,1,0.9333784920163453,,319.9
3296,-2.3000000000000003,0,4,3,1,0.9333784920163453,,320.0
3297,-0.30000000000000004,0,4,3,1,0.9333784920163453,,320.0
3298,-4.300000000000001,0,4,3,1,0.9333784920163453,,320.1
3299,-0.30000000000000004,0,4,3,1,0.9333784920163453,,320.2
3300,-4.300000000000001,0,4,3,1,0.9333784920163453,,320.3
3301,-0.30000000000000004,0,4,3,1,0.9333784920163453,,320.3
3302,-4.300000000000001,0,4,3,1,0.9333784920163453,,320.4
3303,5.7,1,4,3,1,0.9333784920163453,,320.5
3304,-4.300000000000001,0,4,3,1,0.9333784920163453,,320.6
3305,-4.300000000000001,0,4,3,1,0.9333784920163453,,320.7
3306,-4.300000000000001,0,4,3,1,0.9333784920163453,,320.7
3307,-4.300000000000001,0,4,3,1,0.9333784920163453,,320.8
3308,-4.6000000000000005,0,6,3,1,0.9333784920163453,,320.9
3309,-2.3000000000000003,0,4,3,1,0.9333784920163453,,321.0
3310,-4.300000000000001,0,4,3,1,0.9333784920163453,,321.1
3311,-4.300000000000001,0,4,3,1,0.9333784920163453,,321.2
3312,-4.300000000000001,0,4,3,1,0.9333784920163453,,321.3
3313,-4.300000000000001,0,4,3,1,0.9333784920163453,,321.4
3314,-2.3000000000000003,0,4,3,1,0.9333784920163453,,321.4
3315,-4.6000000000000005,0,6,3,1,0.9333784920163453,,321.5
3316,-0.30000000000000004,0,4,3,1,0.9333784920163453,,321.6
3317,-2.6,0,6,3,1,0.9333784920163453,,321.7
3318,-4.300000000000001,0,4,3,1,0.9333784920163453,,321.8
3319,-5.6000000000000005,0,6,3,1,0.9333784920163453,,321.8
3320,-4.300000000000001,0,4,3,1,0.9333784920163453,,321.9
3321,-2.3000000000000003,0,4,3,1,0.9333784920163453,,322.0
3322,-4.300000000000001,0,4,3,1,0.9333784920163453,,322.1
3323,-4.300000000000001,0,4,3,1,0.9333784920163453,,322.1
3324,-4.300000000000001,0,4,3,1,0.9333784920163453,,322.2
3325,5.7,1,4,3,1,0.9333784920163453,,322.2
3326,-1.6,0,6,3,1,0.9333784920163453,,322.3
3327,-4.300000000000001,0,4,3,1,0.9333784920163453,,322.4
3328,-2.3000000000000003,0,4,3,1,0.9333784920163453,,322.5
3329,-4.300000000000001,0,4,3,1,0.9333784920163453,,322.5
3330,-5.4,0,5,4,1,0.9333784920163453,,322.7
3331,-4.300000000000001,0,4,3,1,0.9333784920163453,,322.7
3332,-2.3000000000000003,0,4,3,1,0.9333784920163453,,322.8
3333,-5.6000000000000005,0,6,3,1,0.9333784920163453,,322.9
3334,-0.30000000000000004,0,4,3,1,0.9333784920163453,,322.9
3335,-4.300000000000001,0,4,3,1,0.9333784920163453,,323.0
3336,-4.300000000000001,0,4,3,1,0.9333784920163453,,323.0
3337,-2.3000000000000003,0,4,3,1,0.9333784920163453,,323.1
3338,-4.300000000000001,0,4,3,1,0.9333784920163453,,323.2
3339,-2.3000000000000003,0,4,3,1,0.9333784920163453,,323.2
3340,-4.300000000000001,0,4,3,1,0.9333784920163453,,323.3
3341,5.7,1,4,3,1,0.9333784920163453,,323.4
3342,-4.300000000000001,0,4,3,1,0.9333784920163453,,323.5
3343,-2.3000000000000003,0,4,3,1,0.9333784920163453,,323.5
3344,-4.300000000000001,0,4,3,1,0.9333784920163453,,323.6
3345,-2.3000000000000003,0,4,3,1,0.9333784920163453,,323.7
3346,-4.300000000000001,0,4,3,1,0.9333784920163453,,323.8
3347,-4.300000000000001,0,4,3,1,0.9333784920163453,,323.9
3348,-4.300000000000001,0,4,3,1,0.9333784920163453,,323.9
3349,-2.3000000000000003,0,4,3,1,0.9333784920163453,,324.0
3350,-4.300000000000001,0,4,3,1,0.9333784920163453,,324.0
3351,-4.300000000000001,0,4,3,1,0.9333784920163453,,324.1
3352,-4.300000000000001,0,4,3,1,0.9333784920163453,,324.2
3353,-4.300000000000001,0,4,3,1,0.9333784920163453,,324.3
3354,-5.4,0,5,4,1,0.9333784920163453,,324.3
3355,-0.30000000000000004,0,4,3,1,0.9333784920163453,,324.4
3356,-4.300000000000001,0,4,3,1,0.9333784920163453,,324.5
3357,-4.300000000000001,0,4,3,1,0.9333784920163453,,324.6
3358,-4.300000000000001,0,4,3,1,0.9333784920163453,,324.7
3359,-4.300000000000001,0,4,3,1,0.9333784920163453,,324.8
3360,-4.300000000000001,0,4,3,1,0.9333784920163453,,324.9
3361,5.7,1,4,3,1,0.9333784920163453,,325.0
3362,-0.30000000000000004,0,4,3,1,0.9333784920163453,,325.0
3363,-4.300000000000001,0,4,3,1,0.9333784920163453,,325.1
3364,-2.3000000000000003,0,4,3,1,0.9333784920163453,,325.1
3365,-4.300000000000001,0,4,3,1,0.9333784920163453,,325.2
3366,-4.300000000000001,0,4,3,1,0.9333784920163453,,325.3
3367,-4.300000000000001,0,4,3,1,0.9333784920163453,,325.3
3368,-2.3000000000000003,0,4,3,1,0.9333784920163453,,325.4
3369,-4.300000000000001,0,4,3,1,0.9333784920163453,,325.5
3370,-4.6000000000000005,0,6,3,1,0.9333784920163453,,325.5
3371,-4.6000000000000005,0,6,3,1,0.9333784920163453,,325.6
3372,-4.6,0,6,3,1,0.9333784920163453,,325.8
3373,-4.300000000000001,0,4,3,1,0.9333784920163453,,325.9
3374,-0.30000000000000004,0,4,3,1,0.9333784920163453,,325.9
3375,-2.3000000000000003,0,4,3,1,0.9333784920163453,,326.0
3376,-2.3000000000000003,0,4,3,1,0.9333784920163453,,326.1
3377,-4.300000000000001,0,4,3,1,0.9333784920163453,,326.1
3378,-4.300000000000001,0,4,3,1,0.9333784920163453,,326.2
3379,-2.3000000000000003,0,4,3,1,0.9333784920163453,,326.3
3380,5.7,1,4,3,1,0.9333784920163453,,326.4
3381,-2.3000000000000003,0,4,3,1,0.9333784920163453,,326.4
3382,-4.300000000000001,0,4,3,1,0.9333784920163453,,326.5
3383,-4.300000000000001,0,4,3,1,0.9333784920163453,,326.6
3384,-4.300000000000001,0,4,3,1,0.9333784920163453,,326.7
3385,-4.300000000000001,0,4,3,1,0.9333784920163453,,326.7
3386,-4.300000000000001,0,4,3,1,0.9333784920163453,,326.8
3387,-5.4,0,5,4,1,0.9333784920163453,,326.9
3388,-4.300000000000001,0,4,3,1,0.9333784920163453,,327.0
3389,-4.300000000000001,0,4,3,1,0.9333784920163453,,327.0
3390,-2.3000000000000003,0,4,3,1,0.9333784920163453,,327.1
3391,-4.6000000000000005,0,6,3,1,0.9333784920163453,,327.1
3392,-4.300000000000001,0,4,3,1,0.9333784920163453,,327.2
3393,-4.300000000000001,0,4,3,1,0.9333784920163453,,327.3
3394,-4.300000000000001,0,4,3,1,0.9333784920163453,,327.4
3395,-2.3000000000000003,0,4,3,1,0.9333784920163453,,327.4
3396,-4.300000000000001,0,4,3,1,0.9333784920163453,,327.5
3397,-4.300000000000001,0,4,3,1,0.9333784920163453,,327.6
3398,-4.300000000000001,0,4,3,1,0.9333784920163453,,327.7
3399,-4.300000000000001,0,4,3,1,0.9333784920163453,,327.7
3400,-2.3000000000000003,0,4,3,1,0.9333784920163453,,327.8
3401,-4.300000000000001,0,4,3,1,0.9333784920163453,,327.9
3402,-2.3000000000000003,0,4,3,1,0.9333784920163453,,327.9
3403,-4.300000000000001,0,4,3,1,0.9333784920163453,,328.0
3404,-4.300000000000001,0,4,3,1,0.9333784920163453,,328.1
3405,-2.3000000000000003,0,4,3,1,0.9333784920163453,,328.2
3406,-2.3000000000000003,0,4,3,1,0.9333784920163453,,328.2
3407,5.7,1,4,3,1,0.9333784920163453,,328.3
3408,-2.3000000000000003,0,4,3,1,0.9333784920163453,,328.4
3409,-4.300000000000001,0,4,3,1,0.9333784920163453,,328.4
3410,-4.300000000000001,0,4,3,1,0.9333784920163453,,328.5
3411,-2.3000000000000003,0,4,3,1,0.9333784920163453,,328.6
3412,-4.300000000000001,0,4,3,1,0.9333784920163453,,328.7
3413,-4.300000000000001,0,4,3,1,0.9333784920163453,,328.7
3414,-4.300000000000001,0,4,3,1,0.9333784920163453,,328.8
3415,-4.6,0,6,3,1,0.9333784920163453,,328.8
3416,-0.30000000000000004,0,4,3,1,0.9333784920163453,,328.9
3417,5.7,1,4,3,1,0.9333784920163453,,328.9
3418,-4.300000000000001,0,4,3,1,0.9333784920163453,,329.1
3419,-4.300000000000001,0,4,3,1,0.9333784920163453,,329.1
3420,-4.300000000000001,0,4,3,1,0.9333784920163453,,329.2
3421,-5.6000000000000005,0,6,3,1,0.9333784920163453,,329.3
3422,-4.300000000000001,0,4,3,1,0.9333784920163453,,329.3
3423,-4.300000000000001,0,4,3,1,0.9333784920163453,,329.4
3424,-4.300000000000001,0,4,3,1,0.9333784920163453,,329.5
3425,-4.300000000000001,0,4,3,1,0.9333784920163453,,329.5
3426,-4.300000000000001,0,4,3,1,0.9333784920163453,,329.6
3427,-4.300000000000001,0,4,3,1,0.9333784920163453,,329.6
3428,-3.6000000000000005,0,6,3,1,0.9333784920163453,,329.8
3429,-4.300000000000001,0,4,3,1,0.9333784920163453,,329.9
3430,-4.300000000000001,0,4,3,1,0.9333784920163453,,329.9
3431,-2.3000000000000003,0,4,3,1,0.9333784920163453,,330.0
3432,-5.4,0,5,4,1,0.9333784920163453,,330.0
3433,-0.30000000000000004,0,4,3,1,0.9333784920163453,,330.1
3434,-4.300000000000001,0,4,3,1,0.9333784920163453,,330.2
3435,-4.300000000000001,0,4,3,1,0.9333784920163453,,330.3
3436,-2.3000000000000003,0,4,3,1,0.9333784920163453,,330.4
3437,-0.30000000000000004,0,4,3,1,0.9333784920163453,,330.5
3438,-2.3000000000000003,0,4,3,1,0.9333784920163453,,330.6
3439,-3.4000000000000004,0,5,4,1,0.9333784920163453,,330.6
3440,-0.30000000000000004,0,4,3,1,0.9333784920163453,,330.7
3441,5.7,1,4,3,1,0.9333784920163453,,330.8
3442,-2.3000000000000003,0,4,3,1,0.9333784920163453,,330.8
3443,5.7,1,4,3,1,0.9333784920163453,,330.8
3444,-4.300000000000001,0,4,3,1,0.9333784920163453,,330.9
3445,-0.30000000000000004,0,4,3,1,0.9333784920163453,,331.0
3446,-2.3000000000000003,0,4,3,1,0.9333784920163453,,331.1
3447,-5.6000000000000005,0,6,3,1,0.9333784920163453,,331.2
3448,-2.3000000000000003,0,4,3,1,0.9333784920163453,,331.2
3449,-4.300000000000001,0,4,3,1,0.9333784920163453,,331.3
3450,-2.3000000000000003,0,4,3,1,0.9333784920163453,,331.3
3451,-4.300000000000001,0,4,3,1,0.9333784920163453,,331.4
3452,-0.30000000000000004,0,4,3,1,0.9333784920163453,,331.4
3453,-4.300000000000001,0,4,3,1,0.9333784920163453,,331.5
3454,-2.3000000000000003,0,4,3,1,0.9333784920163453,,331.5
3455,-4.6,0,6,3,1,0.9333784920163453,,331.6
3456,-4.300000000000001,0,4,3,1,0.9333784920163453,,331.7
3457,-4.300000000000001,0,4,3,1,0.9333784920163453,,331.7
3458,-4.300000000000001,0,4,3,1,0.9333784920163453,,331.7
3459,-5.6000000000000005,0,6,3,1,0.9333784920163453,,331.8
3460,-4.300000000000001,0,4,3,1,0.9333784920163453,,331.9
3461,-0.30000000000000004,0,4,3,1,0.9333784920163453,,332.0
3462,-4.300000000000001,0,4,3,1,0.9333784920163453,,332.0
3463,-4.300000000000001,0,4,3,1,0.9333784920163453,,332.2
3464,-4.300000000000001,0,4,3,1,0.9333784920163453,,332.2
3465,5.7,1,4,3,1,0.9333784920163453,,332.3
3466,-4.300000000000001,0,4,3,1,0.9333784920163453,,332.4
3467,-3.4000000000000004,0,5,4,1,0.9333784920163453,,332.4
3468,-4.300000000000001,0,4,3,1,0.9333784920163453,,332.5
3469,-4.300000000000001,0,4,3,1,0.9333784920163453,,332.6
3470,-4.300000000000001,0,4,3,1,0.9333784920163453,,332.7
3471,-4.300000000000001,0,4,3,1,0.9333784920163453,,332.7
3472,-2.3000000000000003,0,4,3,1,0.9333784920163453,,332.8
3473,-4.300000000000001,0,4,3,1,0.9333784920163453,,332.8
3474,-4.300000000000001,0,4,3,1,0.9333784920163453,,332.9
3475,-2.3000000000000003,0,4,3,1,0.9333784920163453,,333.0
3476,-4.300000000000001,0,4,3,1,0.9333784920163453,,333.0
3477,-0.30000000000000004,0,4,3,1,0.9333784920163453,,333.1
3478,-3.6000000000000005,0,6,3,1,0.9333784920163453,,333.2
3479,-4.300000000000001,0,4,3,1,0.9333784920163453,,333.2
3480,-4.300000000000001,0,4,3,1,0.9333784920163453,,333.3
3481,-4.300000000000001,0,4,3,1,0.9333784920163453,,333.4
3482,5.7,1,4,3,1,0.9333784920163453,,333.5
3483,-5.6000000000000005,0,6,3,1,0.9333784920163453,,333.5
3484,-0.30000000000000004,0,4,3,1,0.9333784920163453,,333.5
3485,-4.300000000000001,0,4,3,1,0.9333784920163453,,333.6
3486,-4.300000000000001,0,4,3,1,0.9333784920163453,,333.7
3487,-4.300000000000001,0,4,3,1,0.9333784920163453,,333.8
3488,-5.4,0,5,4,1,0.9333784920163453,,333.8
3489,-2.3000000000000003,0,4,3,1,0.9333784920163453,,333.9
3490,-2.3000000000000003,0,4,3,1,0.9333784920163453,,334.0
3491,-4.300000000000001,0,4,3,1,0.9333784920163453,,334.0
3492,-2.3000000000000003,0,4,3,1,0.9333784920163453,,334.1
3493,-5.6000000000000005,0,6,3,1,0.9333784920163453,,334.2
3494,-4.300000000000001,0,4,3,1,0.9333784920163453,,334.3
3495,-4.300000000000001,0,4,3,1,0.9333784920163453,,334.4
3496,-4.300000000000001,0,4,3,1,0.9333784920163453,,334.5
3497,-4.300000000000001,0,4,3,1,0.9333784920163453,,334.5
3498,-0.30000000000000004,0,4,3,1,0.9333784920163453,,334.6
3499,-4.300000000000001,0,4,3,1,0.9333784920163453,,334.6
3500,-4.300000000000001,0,4,3,1,0.9333784920163453,,334.7
3501,-6.700000000000001,0,7,4,1,0.9333784920163453,,339.9
3502,-4.300000000000001,0,4,3,1,0.9333784920163453,,340.0
3503,-4.300000000000001,0,4,3,1,0.9333784920163453,,340.1
3504,-4.300000000000001,0,4,3,1,0.9333784920163453,,340.2
3505,-4.300000000000001,0,4,3,1,0.9333784920163453,,340.3
3506,-4.300000000000001,0,4,3,1,0.9333784920163453,,340.4
3507,-4.300000000000001,0,4,3,1,0.9333784920163453,,340.4
3508,-5.6000000000000005,0,6,3,1,0.9333784920163453,,340.5
3509,-2.3000000000000003,0,4,3,1,0.9333784920163453,,340.5
3510,-2.3000000000000003,0,4,3,1,0.9333784920163453,,340.6
3511,-4.300000000000001,0,4,3,1,0.9333784920163453,,340.7
3512,-4.300000000000001,0,4,3,1,0.9333784920163453,,340.8
3513,-4.300000000000001,0,4,3,1,0.9333784920163453,,340.9
3514,-2.3000000000000003,0,4,3,1,0.9333784920163453,,340.9
3515,-4.300000000000001,0,4,3,1,0.9333784920163453,,341.0
3516,-2.3000000000000003,0,4,3,1,0.9333784920163453,,341.1
3517,-4.300000000000001,0,4,3,1,0.9333784920163453,,341.2
3518,-4.300000000000001,0,4,3,1,0.9333784920163453,,341.2
3519,-4.300000000000001,0,4,3,1,0.9333784920163453,,341.3
3520,-0.30000000000000004,0,4,3,1,0.9333784920163453,,341.4
3521,-4.300000000000001,0,4,3,1,0.9333784920163453,,341.5
3522,-4.300000000000001,0,4,3,1,0.9333784920163453,,341.6
3523,-3.6000000000000005,0,6,3,1,0.9333784920163453,,341.7
3524,-4.300000000000001,0,4,3,1,0.9333784920163453,,341.8
3525,-4.300000000000001,0,4,3,1,0.9333784920163453,,341.8
3526,-2.3000000000000003,0,4,3,1,0.9333784920163453,,341.9
3527,-5.200000000000001,0,10,3,1,0.9333784920163453,,342.0
3528,-0.30000000000000004,0,4,3,1,0.9333784920163453,,342.1
3529,-4.300000000000001,0,4,3,1,0.9333784920163453,,342.1
3530,-4.300000000000001,0,4,3,1,0.9333784920163453,,342.2
3531,-4.300000000000001,0,4,3,1,0.9333784920163453,,342.3
3532,-4.6,0,6,3,1,0.9333784920163453,,342.4
3533,-2.3000000000000003,0,4,3,1,0.9333784920163453,,342.5
3534,-4.300000000000001,0,4,3,1,0.9333784920163453,,342.5
3535,-4.300000000000001,0,4,3,1,0.9333784920163453,,342.6
3536,-4.300000000000001,0,4,3,1,0.9333784920163453,,342.7
3537,-2.3000000000000003,0,4,3,1,0.9333784920163453,,342.7
3538,-2.3000000000000003,0,4,3,1,0.9333784920163453,,342.8
3539,-4.300000000000001,0,4,3,1,0.9333784920163453,,342.8
3540,-4.300000000000001,0,4,3,1,0.9333784920163453,,342.9
3541,-0.30000000000000004,0,4,3,1,0.9333784920163453,,343.0
3542,-4.300000000000001,0,4,3,1,0.9333784920163453,,343.1
3543,-4.300000000000001,0,4,3,1,0.9333784920163453,,343.1
3544,-4.300000000000001,0,4,3,1,0.9333784920163453,,343.2
3545,-2.3000000000000003,0,4,3,1,0.9333784920163453,,343.3
3546,-2.3000000000000003,0,4,3,1,0.9333784920163453,,343.4
3547,-2.3000000000000003,0,4,3,1,0.9333784920163453,,343.4
3548,-4.6000000000000005,0,6,3,1,0.9333784920163453,,343.5
3549,-2.3000000000000003,0,4,3,1,0.9333784920163453,,343.5
3550,-4.300000000000001,0,4,3,1,0.9333784920163453,,343.6
3551,-4.6000000000000005,0,6,3,1,0.9333784920163453,,343.7
3552,5.7,1,4,3,1,0.9333784920163453,,343.8
3553,-4.300000000000001,0,4,3,1,0.9333784920163453,,343.8
3554,-4.300000000000001,0,4,3,1,0.9333784920163453,,343.9
3555,-5.6000000000000005,0,6,3,1,0.9333784920163453,,343.9
3556,-4.300000000000001,0,4,3,1,0.9333784920163453,,344.0
3557,-2.3000000000000003,0,4,3,1,0.9333784920163453,,344.1
3558,-4.300000000000001,0,4,3,1,0.9333784920163453,,344.2
3559,-4.300000000000001,0,4,3,1,0.9333784920163453,,344.3
3560,-4.300000000000001,0,4,3,1,0.9333784920163453,,344.3
3561,-4.300000000000001,0,4,3,1,0.9333784920163453,,344.4
3562,-4.300000000000001,0,4,3,1,0.9333784920163453,,344.5
3563,-4.300000000000001,0,4,3,1,0.9333784920163453,,344.5
3564,5.7,1,4,3,1,0.9333784920163453,,344.6
3565,-2.3000000000000003,0,4,3,1,0.9333784920163453,,344.6
3566,-4.300000000000001,0,4,3,1,0.9333784920163453,,344.7
3567,-5.4,0,5,4,1,0.9333784920163453,,344.8
3568,-4.300000000000001,0,4,3,1,0.9333784920163453,,344.8
3569,-5.6000000000000005,0,6,3,1,0.9333784920163453,,344.9
3570,5.7,1,4,3,1,0.9333784920163453,,345.0
3571,-4.300000000000001,0,4,3,1,0.9333784920163453,,345.1
3572,-4.300000000000001,0,4,3,1,0.9333784920163453,,345.1
3573,-2.3000000000000003,0,4,3,1,0.9333784920163453,,345.2
3574,-2.3000000000000003,0,4,3,1,0.9333784920163453,,345.3
3575,-2.3000000000000003,0,4,3,1,0.9333784920163453,,345.4
3576,-4.300000000000001,0,4,3,1,0.9333784920163453,,345.4
3577,-4.300000000000001,0,4,3,1,0.9333784920163453,,345.5
3578,-4.300000000000001,0,4,3,1,0.9333784920163453,,345.5
3579,-4.300000000000001,0,4,3,1,0.9333784920163453,,345.6
3580,-5.6000000000000005,0,6,3,1,0.9333784920163453,,345.7
3581,-4.300000000000001,0,4,3,1,0.9333784920163453,,345.8
3582,-4.300000000000001,0,4,3,1,0.9333784920163453,,345.9
3583,-4.300000000000001,0,4,3,1,0.8683067769743502,0.9792162651428953,346.6
3584,-4.300000000000001,0,4,3,1,0.8683067769743502,,346.7
3585,-2.3000000000000003,0,4,3,1,0.8683067769743502,,346.7
3586,-4.300000000000001,0,4,3,1,0.8683067769743502,,346.8
3587,-4.300000000000001,0,4,3,1,0.8683067769743502,,346.9
3588,-4.300000000000001,0,4,3,1,0.8683067769743502,,346.9
3589,-2.3000000000000003,0,4,3,1,0.8683067769743502,,347.0
3590,-2.3000000000000003,0,4,3,1,0.8683067769743502,,347.1
3591,-4.300000000000001,0,4,3,1,0.8683067769743502,,347.1
3592,5.7,1,4,3,1,0.8683067769743502,,347.3
3593,-2.3000000000000003,0,4,3,1,0.8683067769743502,,347.3
3594,-4.300000000000001,0,4,3,1,0.8683067769743502,,347.4
3595,5.7,1,4,3,1,0.8683067769743502,,347.5
3596,-2.3000000000000003,0,4,3,1,0.8683067769743502,,347.6
3597,-4.300000000000001,0,4,3,1,0.8683067769743502,,347.7
3598,-4.300000000000001,0,4,3,1,0.8683067769743502,,347.7
3599,-2.3000000000000003,0,4,3,1,0.8683067769743502,,347.8
3600,-4.300000000000001,0,4,3,1,0.8683067769743502,,347.9
3601,5.7,1,4,3,1,0.8683067769743502,,348.0
3602,-4.300000000000001,0,4,3,1,0.8683067769743502,,348.1
3603,-4.300000000000001,0,4,3,1,0.8683067769743502,,348.2
3604,-3.4000000000000004,0,5,4,1,0.8683067769743502,,348.2
3605,-0.30000000000000004,0,4,3,1,0.8683067769743502,,348.3
3606,-0.30000000000000004,0,4,3,1,0.8683067769743502,,348.4
3607,-4.300000000000001,0,4,3,1,0.8683067769743502,,348.4
3608,-4.300000000000001,0,4,3,1,0.8683067769743502,,348.5
3609,5.7,1,4,3,1,0.8683067769743502,,348.6
3610,-4.300000000000001,0,4,3,1,0.8683067769743502,,348.6
3611,-4.300000000000001,0,4,3,1,0.8683067769743502,,348.7
3612,-3.6,0,6,3,1,0.8683067769743502,,348.7
3613,-4.300000000000001,0,4,3,1,0.8683067769743502,,348.8
3614,-4.300000000000001,0,4,3,1,0.8683067769743502,,348.9
3615,-4.300000000000001,0,4,3,1,0.8683067769743502,,349.0
3616,-4.300000000000001,0,4,3,1,0.8683067769743502,,349.1
3617,-4.300000000000001,0,4,3,1,0.8683067769743502,,349.1
3618,-0.30000000000000004,0,4,3,1,0.8683067769743502,,349.2
3619,-4.6000000000000005,0,6,3,1,0.8683067769743502,,349.2
3620,5.7,1,4,3,1,0.8683067769743502,,349.3
3621,-4.300000000000001,0,4,3,1,0.8683067769743502,,349.4
3622,-2.3000000000000003,0,4,3,1,0.8683067769743502,,349.5
3623,-2.3000000000000003,0,4,3,1,0.8683067769743502,,349.5
3624,-4.300000000000001,0,4,3,1,0.8683067769743502,,349.6
3625,-4.300000000000001,0,4,3,1,0.8683067769743502,,349.7
3626,-2.3000000000000003,0,4,3,1,0.8683067769743502,,349.8
3627,-4.300000000000001,0,4,3,1,0.8683067769743502,,349.8
3628,5.7,1,4,3,1,0.8683067769743502,,349.9
3629,-4.300000000000001,0,4,3,1,0.8683067769743502,,350.0
3630,-4.300000000000001,0,4,3,1,0.8683067769743502,,350.1
3631,-4.300000000000001,0,4,3,1,0.8683067769743502,,350.1
3632,-2.3000000000000003,0,4,3,1,0.8683067769743502,,350.2
3633,-4.300000000000001,0,4,3,1,0.8683067769743502,,350.3
3634,-4.300000000000001,0,4,3,1,0.8683067769743502,,350.3
3635,-4.300000000000001,0,4,3,1,0.8683067769743502,,350.4
3636,-0.30000000000000004,0,4,3,1,0.8683067769743502,,350.5
3637,-0.30000000000000004,0,4,3,1,0.8683067769743502,,350.6
3638,-4.300000000000001,0,4,3,1,0.8683067769743502,,350.7
3639,-0.30000000000000004,0,4,3,1,0.8683067769743502,,350.8
3640,-4.300000000000001,0,4,3,1,0.8683067769743502,,350.9
3641,-2.3000000000000003,0,4,3,1,0.8683067769743502,,350.9
3642,-4.300000000000001,0,4,3,1,0.8683067769743502,,351.0
3643,-2.3000000000000003,0,4,3,1,0.8683067769743502,,351.0
3644,-4.300000000000001,0,4,3,1,0.8683067769743502,,351.1
3645,-2.3000000000000003,0,4,3,1,0.8683067769743502,,351.2
3646,-4.300000000000001,0,4,3,1,0.8683067769743502,,351.3
3647,5.7,1,4,3,1,0.8683067769743502,,351.4
3648,-4.300000000000001,0,4,3,1,0.8683067769743502,,351.4
3649,-0.30000000000000004,0,4,3,1,0.8683067769743502,,351.5
3650,-4.300000000000001,0,4,3,1,0.8683067769743502,,351.5
3651,-4.300000000000001,0,4,3,1,0.8683067769743502,,351.6
3652,4.4,1,6,3,1,0.8683067769743502,,351.7
3653,-4.300000000000001,0,4,3,1,0.8683067769743502,,351.7
3654,-4.300000000000001,0,4,3,1,0.8683067769743502,,351.8
3655,-4.300000000000001,0,4,3,1,0.8683067769743502,,351.9
3656,-4.300000000000001,0,4,3,1,0.8683067769743502,,351.9
3657,-4.300000000000001,0,4,3,1,0.8683067769743502,,352.0
3658,-4.300000000000001,0,4,3,1,0.8683067769743502,,352.1
3659,-4.300000000000001,0,4,3,1,0.8683067769743502,,352.2
3660,-2.3000000000000003,0,4,3,1,0.8683067769743502,,352.3
3661,-2.3000000000000003,0,4,3,1,0.8683067769743502,,352.4
3662,-4.300000000000001,0,4,3,1,0.8683067769743502,,352.4
3663,-4.300000000000001,0,4,3,1,0.8683067769743502,,352.5
3664,-4.300000000000001,0,4,3,1,0.8683067769743502,,352.5
3665,-2.3000000000000003,0,4,3,1,0.8683067769743502,,352.6
3666,-4.300000000000001,0,4,3,1,0.8683067769743502,,352.7
3667,-4.300000000000001,0,4,3,1,0.8683067769743502,,352.7
3668,-4.300000000000001,0,4,3,1,0.8683067769743502,,352.8
3669,-4.300000000000001,0,4,3,1,0.8683067769743502,,352.8
3670,-4.300000000000001,0,4,3,1,0.8683067769743502,,352.9
3671,-0.30000000000000004,0,4,3,1,0.8683067769743502,,352.9
3672,-4.300000000000001,0,4,3,1,0.8683067769743502,,353.0
3673,-4.300000000000001,0,4,3,1,0.8683067769743502,,353.1
3674,-4.300000000000001,0,4,3,1,0.8683067769743502,,353.2
3675,-4.300000000000001,0,4,3,1,0.8683067769743502,,353.3
3676,-0.30000000000000004,0,4,3,1,0.8683067769743502,,353.4
3677,-4.300000000000001,0,4,3,1,0.8683067769743502,,353.5
3678,-4.300000000000001,0,4,3,1,0.8683067769743502,,353.5
3679,-2.3000000000000003,0,4,3,1,0.8683067769743502,,353.7
3680,-2.3000000000000003,0,4,3,1,0.8683067769743502,,353.7
3681,-4.300000000000001,0,4,3,1,0.8683067769743502,,353.8
3682,-2.3000000000000003,0,4,3,1,0.8683067769743502,,353.8
3683,-4.300000000000001,0,4,3,1,0.8683067769743502,,353.9
3684,-0.30000000000000004,0,4,3,1,0.8683067769743502,,354.0
3685,-4.300000000000001,0,4,3,1,0.8683067769743502,,354.1
3686,-4.300000000000001,0,4,3,1,0.8683067769743502,,354.2
3687,-2.6,0,6,3,1,0.8683067769743502,,354.3
3688,-2.3000000000000003,0,4,3,1,0.8683067769743502,,354.3
3689,-4.300000000000001,0,4,3,1,0.8683067769743502,,354.4
3690,-4.300000000000001,0,4,3,1,0.8683067769743502,,354.5
3691,-4.300000000000001,0,4,3,1,0.8683067769743502,,354.6
3692,-4.300000000000001,0,4,3,1,0.8683067769743502,,354.6
3693,4.4,1,6,3,1,0.8683067769743502,,354.7
3694,-4.300000000000001,0,4,3,1,0.8683067769743502,,354.8
3695,-4.300000000000001,0,4,3,1,0.8683067769743502,,354.8
3696,-4.300000000000001,0,4,3,1,0.8683067769743502,,354.9
3697,-4.300000000000001,0,4,3,1,0.8683067769743502,,355.0
3698,-4.300000000000001,0,4,3,1,0.8683067769743502,,355.1
3699,-2.3000000000000003,0,4,3,1,0.8683067769743502,,355.1
3700,-4.6000000000000005,0,6,3,1,0.8683067769743502,,355.2
3701,-4.300000000000001,0,4,3,1,0.8683067769743502,,355.3
3702,-4.300000000000001,0,4,3,1,0.8683067769743502,,355.4
3703,-4.300000000000001,0,4,3,1,0.8683067769743502,,355.5
3704,-4.300000000000001,0,4,3,1,0.8683067769743502,,355.5
3705,-4.300000000000001,0,4,3,1,0.8683067769743502,,355.6
3706,-4.300000000000001,0,4,3,1,0.8683067769743502,,355.7
3707,-4.300000000000001,0,4,3,1,0.8683067769743502,,355.8
3708,-4.300000000000001,0,4,3,1,0.8683067769743502,,355.8
3709,-0.30000000000000004,0,4,3,1,0.8683067769743502,,355.9
3710,-2.3000000000000003,0,4,3,1,0.8683067769743502,,356.0
3711,-4.300000000000001,0,4,3,1,0.8683067769743502,,356.0
3712,-4.300000000000001,0,4,3,1,0.8683067769743502,,356.1
3713,-4.300000000000001,0,4,3,1,0.8683067769743502,,356.1
3714,-4.300000000000001,0,4,3,1,0.8683067769743502,,356.2
3715,-4.300000000000001,0,4,3,1,0.8683067769743502,,356.3
3716,-4.300000000000001,0,4,3,1,0.8683067769743502,,356.3
3717,-4.300000000000001,0,4,3,1,0.8683067769743502,,356.4
3718,-4.300000000000001,0,4,3,1,0.8683067769743502,,356.5
3719,-2.3000000000000003,0,4,3,1,0.8683067769743502,,356.5
3720,-4.300000000000001,0,4,3,1,0.8683067769743502,,356.5
3721,-2.3000000000000003,0,4,3,1,0.8683067769743502,,356.6
3722,-2.3000000000000003,0,4,3,1,0.8683067769743502,,356.6
3723,-0.30000000000000004,0,4,3,1,0.8683067769743502,,356.7
3724,-4.300000000000001,0,4,3,1,0.8683067769743502,,356.8
3725,-2.3000000000000003,0,4,3,1,0.8683067769743502,,356.8
3726,-4.6,0,6,3,1,0.8683067769743502,,356.9
3727,5.7,1,4,3,1,0.8683067769743502,,357.0
3728,-4.300000000000001,0,4,3,1,0.8683067769743502,,357.1
3729,-4.300000000000001,0,4,3,1,0.8683067769743502,,357.1
3730,5.7,1,4,3,1,0.8683067769743502,,357.2
3731,-4.300000000000001,0,4,3,1,0.8683067769743502,,357.3
3732,-2.3000000000000003,0,4,3,1,0.8683067769743502,,357.4
3733,-4.300000000000001,0,4,3,1,0.8683067769743502,,357.5
3734,-2.3000000000000003,0,4,3,1,0.8683067769743502,,357.6
3735,-4.300000000000001,0,4,3,1,0.8683067769743502,,357.7
3736,-4.300000000000001,0,4,3,1,0.8683067769743502,,357.7
3737,-2.3000000000000003,0,4,3,1,0.8683067769743502,,357.8
3738,-4.300000000000001,0,4,3,1,0.8683067769743502,,357.9
3739,5.7,1,4,3,1,0.8683067769743502,,358.0
3740,-4.300000000000001,0,4,3,1,0.8683067769743502,,358.1
3741,-4.300000000000001,0,4,3,1,0.8683067769743502,,358.2
3742,-0.30000000000000004,0,4,3,1,0.8683067769743502,,358.3
3743,-0.30000000000000004,0,4,3,1,0.8683067769743502,,358.3
3744,-5.6000000000000005,0,6,3,1,0.8683067769743502,,358.4
3745,-4.300000000000001,0,4,3,1,0.8683067769743502,,358.5
3746,5.7,1,4,3,1,0.8683067769743502,,358.5
3747,-4.300000000000001,0,4,3,1,0.8683067769743502,,358.6
3748,-4.300000000000001,0,4,3,1,0.8683067769743502,,358.7
3749,-5.4,0,5,4,1,0.8683067769743502,,358.7
3750,-4.300000000000001,0,4,3,1,0.8683067769743502,,358.8
3751,-4.300000000000001,0,4,3,1,0.8683067769743502,,358.8
3752,-4.300000000000001,0,4,3,1,0.8683067769743502,,358.9
3753,-4.300000000000001,0,4,3,1,0.8683067769743502,,359.0
3754,-4.300000000000001,0,4,3,1,0.8683067769743502,,359.0
3755,-4.300000000000001,0,4,3,1,0.8683067769743502,,359.1
3756,-4.6,0,6,3,1,0.8683067769743502,,359.2
3757,-2.3000000000000003,0,4,3,1,0.8683067769743502,,359.3
3758,-2.3000000000000003,0,4,3,1,0.8683067769743502,,359.3
3759,-4.300000000000001,0,4,3,1,0.8683067769743502,,359.4
3760,-4.300000000000001,0,4,3,1,0.8683067769743502,,359.5
3761,5.7,1,4,3,1,0.8683067769743502,,359.6
3762,-4.300000000000001,0,4,3,1,0.8683067769743502,,359.6
3763,-2.3000000000000003,0,4,3,1,0.8683067769743502,,359.7
3764,-4.300000000000001,0,4,3,1,0.8683067769743502,,359.8
3765,-0.30000000000000004,0,4,3,1,0.8683067769743502,,359.8
3766,-4.300000000000001,0,4,3,1,0.8683067769743502,,359.9
3767,-4.300000000000001,0,4,3,1,0.8683067769743502,,360.0
3768,-4.300000000000001,0,4,3,1,0.8683067769743502,,360.0
3769,-4.300000000000001,0,4,3,1,0.8683067769743502,,360.1
3770,-4.300000000000001,0,4,3,1,0.8683067769743502,,360.2
3771,-4.300000000000001,0,4,3,1,0.8683067769743502,,360.3
3772,-4.300000000000001,0,4,3,1,0.8683067769743502,,360.3
3773,-4.300000000000001,0,4,3,1,0.8683067769743502,,360.4
3774,-4.300000000000001,0,4,3,1,0.8683067769743502,,360.4
3775,-4.300000000000001,0,4,3,1,0.8683067769743502,,360.5
3776,-4.300000000000001,0,4,3,1,0.8683067769743502,,360.6
3777,-5.6000000000000005,0,6,3,1,0.8683067769743502,,360.7
3778,-4.300000000000001,0,4,3,1,0.8683067769743502,,360.7
3779,-4.300000000000001,0,4,3,1,0.8683067769743502,,360.8
3780,-4.300000000000001,0,4,3,1,0.8683067769743502,,360.9
3781,-4.300000000000001,0,4,3,1,0.8683067769743502,,361.0
3782,-2.3000000000000003,0,4,3,1,0.8683067769743502,,361.0
3783,-2.3000000000000003,0,4,3,1,0.8683067769743502,,361.1
3784,5.7,1,4,3,1,0.8683067769743502,,361.1
3785,-4.300000000000001,0,4,3,1,0.8683067769743502,,361.2
3786,-4.300000000000001,0,4,3,1,0.8683067769743502,,361.3
3787,5.7,1,4,3,1,0.8683067769743502,,361.4
3788,-2.3000000000000003,0,4,3,1,0.8683067769743502,,361.4
3789,-2.3000000000000003,0,4,3,1,0.8683067769743502,,361.5
3790,-4.300000000000001,0,4,3,1,0.8683067769743502,,361.5
3791,-0.30000000000000004,0,4,3,1,0.8683067769743502,,361.6
3792,-0.30000000000000004,0,4,3,1,0.8683067769743502,,361.7
3793,-2.3000000000000003,0,4,3,1,0.8683067769743502,,361.7
3794,-4.300000000000001,0,4,3,1,0.8683067769743502,,361.8
3795,-4.300000000000001,0,4,3,1,0.8683067769743502,,361.9
3796,-2.3000000000000003,0,4,3,1,0.8683067769743502,,361.9
3797,-0.30000000000000004,0,4,3,1,0.8683067769743502,,362.0
3798,-0.30000000000000004,0,4,3,1,0.8683067769743502,,362.1
3799,-4.300000000000001,0,4,3,1,0.8683067769743502,,362.2
3800,-4.300000000000001,0,4,3,1,0.8683067769743502,,362.3
3801,-4.6000000000000005,0,6,3,1,0.8683067769743502,,362.3
3802,-4.300000000000001,0,4,3,1,0.8683067769743502,,362.3
3803,-4.300000000000001,0,4,3,1,0.8683067769743502,,362.4
3804,-2.3000000000000003,0,4,3,1,0.8683067769743502,,362.5
3805,-2.3000000000000003,0,4,3,1,0.8683067769743502,,362.6
3806,-2.3000000000000003,0,4,3,1,0.8683067769743502,,362.6
3807,-4.300000000000001,0,4,3,1,0.8683067769743502,,362.7
3808,-4.300000000000001,0,4,3,1,0.8683067769743502,,362.8
3809,-4.300000000000001,0,4,3,1,0.8683067769743502,,362.9
3810,-4.300000000000001,0,4,3,1,0.8683067769743502,,363.0
3811,-4.300000000000001,0,4,3,1,0.8683067769743502,,363.0
3812,-4.300000000000001,0,4,3,1,0.8683067769743502,,363.1
3813,-4.300000000000001,0,4,3,1,0.8683067769743502,,363.2
3814,-4.300000000000001,0,4,3,1,0.8683067769743502,,363.3
3815,-4.300000000000001,0,4,3,1,0.8683067769743502,,363.4
3816,-4.300000000000001,0,4,3,1,0.8683067769743502,,363.4
3817,-0.30000000000000004,0,4,3,1,0.8683067769743502,,363.5
3818,-2.3000000000000003,0,4,3,1,0.8683067769743502,,363.5
3819,-4.300000000000001,0,4,3,1,0.8683067769743502,,363.6
3820,5.7,1,4,3,1,0.8683067769743502,,363.6
3821,-4.300000000000001,0,4,3,1,0.8683067769743502,,363.7
3822,-2.3000000000000003,0,4,3,1,0.8683067769743502,,363.8
3823,-4.300000000000001,0,4,3,1,0.8683067769743502,,363.8
3824,-4.300000000000001,0,4,3,1,0.8683067769743502,,363.9
3825,-4.300000000000001,0,4,3,1,0.8683067769743502,,364.0
3826,-4.300000000000001,0,4,3,1,0.8683067769743502,,364.1
3827,-4.300000000000001,0,4,3,1,0.8683067769743502,,364.1
3828,-4.300000000000001,0,4,3,1,0.8683067769743502,,364.2
3829,-4.300000000000001,0,4,3,1,0.8683067769743502,,364.3
3830,-4.300000000000001,0,4,3,1,0.8683067769743502,,364.4
3831,-4.300000000000001,0,4,3,1,0.8683067769743502,,364.5
3832,-4.300000000000001,0,4,3,1,0.8683067769743502,,364.5
3833,-0.30000000000000004,0,4,3,1,0.8683067769743502,,364.5
3834,-4.300000000000001,0,4,3,1,0.8683067769743502,,364.6
3835,-4.300000000000001,0,4,3,1,0.8683067769743502,,364.7
3836,-4.300000000000001,0,4,3,1,0.8683067769743502,,364.8
3837,-4.300000000000001,0,4,3,1,0.8683067769743502,,364.9
3838,-0.30000000000000004,0,4,3,1,0.8683067769743502,,365.0
3839,-4.300000000000001,0,4,3,1,0.8683067769743502,,365.0
3840,-4.6,0,6,3,1,0.8683067769743502,,365.1
3841,-2.3000000000000003,0,4,3,1,0.8683067769743502,,365.2
3842,-4.300000000000001,0,4,3,1,0.8683067769743502,,365.3
3843,-4.300000000000001,0,4,3,1,0.8683067769743502,,365.3
3844,-0.30000000000000004,0,4,3,1,0.8683067769743502,,365.4
3845,-4.300000000000001,0,4,3,1,0.8683067769743502,,365.5
3846,-2.3000000000000003,0,4,3,1,0.8683067769743502,,365.6
3847,5.7,1,4,3,1,0.8683067769743502,,365.6
3848,0.6000000000000001,0,5,4,1,0.8683067769743502,,365.7
3849,-0.30000000000000004,0,4,3,1,0.8683067769743502,,365.8
3850,-4.300000000000001,0,4,3,1,0.8683067769743502,,365.9
3851,-2.3000000000000003,0,4,3,1,0.8683067769743502,,366.0
3852,-4.300000000000001,0,4,3,1,0.8683067769743502,,366.0
3853,-0.30000000000000004,0,4,3,1,0.8683067769743502,,366.1
3854,-4.300000000000001,0,4,3,1,0.8683067769743502,,366.2
3855,-2.3000000000000003,0,4,3,1,0.8683067769743502,,366.2
3856,-4.300000000000001,0,4,3,1,0.8683067769743502,,366.3
3857,-4.300000000000001,0,4,3,1,0.8683067769743502,,366.3
3858,-2.3000000000000003,0,4,3,1,0.8683067769743502,,366.4
3859,-2.3000000000000003,0,4,3,1,0.8683067769743502,,366.5
3860,-4.300000000000001,0,4,3,1,0.8683067769743502,,366.6
3861,-4.300000000000001,0,4,3,1,0.8683067769743502,,366.6
3862,-4.300000000000001,0,4,3,1,0.8683067769743502,,366.7
3863,-4.300000000000001,0,4,3,1,0.8683067769743502,,366.8
3864,-4.300000000000001,0,4,3,1,0.8683067769743502,,366.9
3865,-4.300000000000001,0,4,3,1,0.8683067769743502,,367.0
3866,-4.300000000000001,0,4,3,1,0.8683067769743502,,367.0
3867,-4.300000000000001,0,4,3,1,0.8683067769743502,,367.1
3868,-2.3000000000000003,0,4,3,1,0.8683067769743502,,367.2
3869,-4.300000000000001,0,4,3,1,0.8683067769743502,,367.3
3870,-2.6,0,6,3,1,0.8683067769743502,,367.4
3871,-4.300000000000001,0,4,3,1,0.8683067769743502,,367.5
3872,-2.3000000000000003,0,4,3,1,0.8683067769743502,,367.5
3873,-2.3000000000000003,0,4,3,1,0.8683067769743502,,367.6
3874,-0.30000000000000004,0,4,3,1,0.8683067769743502,,367.7
3875,-4.300000000000001,0,4,3,1,0.8683067769743502,,367.7
3876,-2.3000000000000003,0,4,3,1,0.8683067769743502,,367.8
3877,-2.3000000000000003,0,4,3,1,0.8683067769743502,,367.8
3878,-4.300000000000001,0,4,3,1,0.8683067769743502,,367.9
3879,-2.3000000000000003,0,4,3,1,0.8683067769743502,,367.9
3880,-4.300000000000001,0,4,3,1,0.8683067769743502,,368.0
3881,-4.300000000000001,0,4,3,1,0.8683067769743502,,368.1
3882,-4.300000000000001,0,4,3,1,0.8683067769743502,,368.2
3883,-4.300000000000001,0,4,3,1,0.8683067769743502,,368.2
3884,-5.6000000000000005,0,6,3,1,0.8683067769743502,,368.3
3885,-3.6,0,6,3,1,0.8683067769743502,,368.4
3886,-2.3000000000000003,0,4,3,1,0.8683067769743502,,368.5
3887,-2.3000000000000003,0,4,3,1,0.8683067769743502,,368.6
3888,-6.700000000000001,0,7,4,1,0.8683067769743502,,368.7
3889,-4.300000000000001,0,4,3,1,0.8683067769743502,,368.7
3890,-4.300000000000001,0,4,3,1,0.8683067769743502,,368.8
3891,-4.300000000000001,0,4,3,1,0.8683067769743502,,368.8
3892,-2.3000000000000003,0,4,3,1,0.8683067769743502,,368.9
3893,-4.300000000000001,0,4,3,1,0.8683067769743502,,368.9
3894,-4.300000000000001,0,4,3,1,0.8683067769743502,,369.0
3895,-0.30000000000000004,0,4,3,1,0.8683067769743502,,369.1
3896,-3.4000000000000004,0,5,4,1,0.8683067769743502,,369.1
3897,-0.30000000000000004,0,4,3,1,0.8683067769743502,,369.2
3898,-4.300000000000001,0,4,3,1,0.8683067769743502,,369.3
3899,-0.30000000000000004,0,4,3,1,0.8683067769743502,,369.4
3900,-4.300000000000001,0,4,3,1,0.8683067769743502,,369.5
3901,-4.300000000000001,0,4,3,1,0.8683067769743502,,369.5
3902,-2.3000000000000003,0,4,3,1,0.8683067769743502,,369.6
3903,-4.300000000000001,0,4,3,1,0.8683067769743502,,369.6
3904,-4.300000000000001,0,4,3,1,0.8683067769743502,,369.7
3905,-2.3000000000000003,0,4,3,1,0.8683067769743502,,369.8
3906,-2.3000000000000003,0,4,3,1,0.8683067769743502,,369.8
3907,-4.300000000000001,0,4,3,1,0.8683067769743502,,369.9
3908,-4.300000000000001,0,4,3,1,0.8683067769743502,,370.0
3909,-2.3000000000000003,0,4,3,1,0.8683067769743502,,370.1
3910,-2.3000000000000003,0,4,3,1,0.8683067769743502,,370.1
3911,-4.300000000000001,0,4,3,1,0.8683067769743502,,370.2
3912,-4.300000000000001,0,4,3,1,0.8683067769743502,,370.3
3913,-4.300000000000001,0,4,3,1,0.8683067769743502,,370.4
3914,-4.300000000000001,0,4,3,1,0.8683067769743502,,370.4
3915,-2.3000000000000003,0,4,3,1,0.8683067769743502,,370.5
3916,-0.30000000000000004,0,4,3,1,0.8683067769743502,,370.6
3917,5.7,1,4,3,1,0.8683067769743502,,370.7
3918,-4.300000000000001,0,4,3,1,0.8683067769743502,,370.8
3919,-4.300000000000001,0,4,3,1,0.8683067769743502,,370.8
3920,-2.3000000000000003,0,4,3,1,0.8683067769743502,,370.9
3921,-4.300000000000001,0,4,3,1,0.8683067769743502,,371.0
3922,-4.300000000000001,0,4,3,1,0.8683067769743502,,371.1
3923,-4.300000000000001,0,4,3,1,0.8683067769743502,,371.2
3924,-4.300000000000001,0,4,3,1,0.8683067769743502,,371.3
3925,-4.300000000000001,0,4,3,1,0.8683067769743502,,371.4
3926,-4.300000000000001,0,4,3,1,0.8683067769743502,,371.5
3927,-4.300000000000001,0,4,3,1,0.8683067769743502,,371.5
3928,-0.30000000000000004,0,4,3,1,0.8683067769743502,,371.6
3929,-4.300000000000001,0,4,3,1,0.8683067769743502,,371.7
3930,-4.6000000000000005,0,6,3,1,0.8683067769743502,,371.8
3931,-4.300000000000001,0,4,3,1,0.8683067769743502,,371.8
3932,-4.300000000000001,0,4,3,1,0.8683067769743502,,371.8
3933,-4.300000000000001,0,4,3,1,0.8683067769743502,,371.9
3934,-4.300000000000001,0,4,3,1,0.8683067769743502,,372.0
3935,-4.6000000000000005,0,6,3,1,0.8683067769743502,,372.1
3936,-4.300000000000001,0,4,3,1,0.8683067769743502,,372.1
3937,-4.300000000000001,0,4,3,1,0.8683067769743502,,372.1
3938,-0.30000000000000004,0,4,3,1,0.8683067769743502,,372.2
3939,-4.300000000000001,0,4,3,1,0.8683067769743502,,372.3
3940,-4.300000000000001,0,4,3,1,0.8683067769743502,,372.4
3941,-4.300000000000001,0,4,3,1,0.8683067769743502,,372.4
3942,-4.300000000000001,0,4,3,1,0.8683067769743502,,372.5
3943,-4.300000000000001,0,4,3,1,0.8683067769743502,,372.5
3944,-4.300000000000001,0,4,3,1,0.8683067769743502,,372.6
3945,-4.6,0,6,3,1,0.8683067769743502,,372.7
3946,-0.30000000000000004,0,4,3,1,0.8683067769743502,,372.7
3947,-4.300000000000001,0,4,3,1,0.8683067769743502,,372.8
3948,-2.3000000000000003,0,4,3,1,0.8683067769743502,,372.9
3949,-4.300000000000001,0,4,3,1,0.8683067769743502,,373.0
3950,-4.300000000000001,0,4,3,1,0.8683067769743502,,373.0
3951,-2.3000000000000003,0,4,3,1,0.8683067769743502,,373.1
3952,-4.300000000000001,0,4,3,1,0.8683067769743502,,373.2
3953,-3.6000000000000005,0,6,3,1,0.8683067769743502,,373.3
3954,-4.300000000000001,0,4,3,1,0.8683067769743502,,373.3
3955,-2.3000000000000003,0,4,3,1,0.8683067769743502,,373.4
3956,-4.300000000000001,0,4,3,1,0.8683067769743502,,373.5
3957,-4.300000000000001,0,4,3,1,0.8683067769743502,,373.5
3958,5.7,1,4,3,1,0.8683067769743502,,373.5
3959,-2.3000000000000003,0,4,3,1,0.8683067769743502,,373.6
3960,-4.300000000000001,0,4,3,1,0.8683067769743502,,373.7
3961,-5.4,0,5,4,1,0.8683067769743502,,373.8
3962,-4.300000000000001,0,4,3,1,0.8683067769743502,,373.9
3963,-4.300000000000001,0,4,3,1,0.8683067769743502,,373.9
3964,-2.3000000000000003,0,4,3,1,0.8683067769743502,,374.0
3965,-0.30000000000000004,0,4,3,1,0.8683067769743502,,374.1
3966,-3.6,0,6,3,1,0.8683067769743502,,374.2
3967,-4.300000000000001,0,4,3,1,0.8683067769743502,,374.3
3968,-2.3000000000000003,0,4,3,1,0.8683067769743502,,374.3
3969,-4.300000000000001,0,4,3,1,0.8683067769743502,,374.4
3970,-4.300000000000001,0,4,3,1,0.8683067769743502,,374.5
3971,-4.300000000000001,0,4,3,1,0.8683067769743502,,374.6
3972,-4.300000000000001,0,4,3,1,0.8683067769743502,,374.7
3973,-4.300000000000001,0,4,3,1,0.8683067769743502,,374.8
3974,-4.300000000000001,0,4,3,1,0.8683067769743502,,374.9
3975,-4.300000000000001,0,4,3,1,0.8683067769743502,,374.9
3976,-0.30000000000000004,0,4,3,1,0.8683067769743502,,375.0
3977,-4.300000000000001,0,4,3,1,0.8683067769743502,,375.1
3978,-4.300000000000001,0,4,3,1,0.8683067769743502,,375.1
3979,-4.300000000000001,0,4,3,1,0.8683067769743502,,375.2
3980,-5.700000000000001,0,7,4,1,0.8683067769743502,,375.2
3981,-2.3000000000000003,0,4,3,1,0.8683067769743502,,375.3
3982,-2.3000000000000003,0,4,3,1,0.8683067769743502,,375.3
3983,-4.300000000000001,0,4,3,1,0.8683067769743502,,375.3
3984,-4.6000000000000005,0,6,3,1,0.8683067769743502,,375.4
3985,5.7,1,4,3,1,0.8683067769743502,,375.5
3986,-4.300000000000001,0,4,3,1,0.8683067769743502,,375.6
3987,-4.300000000000001,0,4,3,1,0.8683067769743502,,375.7
3988,-4.300000000000001,0,4,3,1,0.8683067769743502,,375.8
3989,-4.300000000000001,0,4,3,1,0.8683067769743502,,375.9
3990,-0.30000000000000004,0,4,3,1,0.8683067769743502,,375.9
3991,-0.30000000000000004,0,4,3,1,0.8683067769743502,,376.0
3992,-4.300000000000001,0,4,3,1,0.8683067769743502,,376.0
3993,-4.300000000000001,0,4,3,1,0.8683067769743502,,376.1
3994,-4.300000000000001,0,4,3,1,0.8683067769743502,,376.2
3995,-4.300000000000001,0,4,3,1,0.8683067769743502,,376.3
3996,-2.3000000000000003,0,4,3,1,0.8683067769743502,,376.3
3997,-4.300000000000001,0,4,3,1,0.8683067769743502,,376.4
3998,5.7,1,4,3,1,0.8683067769743502,,376.5
3999,-0.30000000000000004,0,4,3,1,0.8683067769743502,,376.5
4000,-4.300000000000001,0,4,3,1,0.8683067769743502,,376.6
4001,-4.300000000000001,0,4,3,1,0.8683067769743502,,381.6
4002,-1.4000000000000001,0,5,4,1,0.8683067769743502,,381.7
4003,-4.300000000000001,0,4,3,1,0.8683067769743502,,381.7
4004,-2.3000000000000003,0,4,3,1,0.8683067769743502,,381.8
4005,-4.300000000000001,0,4,3,1,0.8683067769743502,,381.9
4006,-4.300000000000001,0,4,3,1,0.8683067769743502,,381.9
4007,-4.300000000000001,0,4,3,1,0.8683067769743502,,382.0
4008,-4.300000000000001,0,4,3,1,0.8683067769743502,,382.1
4009,-4.300000000000001,0,4,3,1,0.8683067769743502,,382.2
4010,-0.30000000000000004,0,4,3,1,0.8683067769743502,,382.3
4011,-2.3000000000000003,0,4,3,1,0.8683067769743502,,382.3
4012,-2.3000000000000003,0,4,3,1,0.8683067769743502,,382.4
4013,-4.300000000000001,0,4,3,1,0.8683067769743502,,382.4
4014,-4.300000000000001,0,4,3,1,0.8683067769743502,,382.5
4015,-2.3000000000000003,0,4,3,1,0.8683067769743502,,382.6
4016,-4.300000000000001,0,4,3,1,0.8683067769743502,,382.6
4017,-4.300000000000001,0,4,3,1,0.8683067769743502,,382.7
4018,5.7,1,4,3,1,0.8683067769743502,,382.8
4019,-4.300000000000001,0,4,3,1,0.8683067769743502,,382.9
4020,-4.300000000000001,0,4,3,1,0.8683067769743502,,383.0
4021,-4.300000000000001,0,4,3,1,0.8683067769743502,,383.1
4022,-0.30000000000000004,0,4,3,1,0.8683067769743502,,383.1
4023,-0.30000000000000004,0,4,3,1,0.8683067769743502,,383.2
4024,-4.300000000000001,0,4,3,1,0.8683067769743502,,383.3
4025,-4.300000000000001,0,4,3,1,0.8683067769743502,,383.4
4026,-4.300000000000001,0,4,3,1,0.8683067769743502,,383.4
4027,-4.300000000000001,0,4,3,1,0.8683067769743502,,383.5
4028,-0.30000000000000004,0,4,3,1,0.8683067769743502,,383.5
4029,-4.300000000000001,0,4,3,1,0.8683067769743502,,383.6
4030,-0.30000000000000004,0,4,3,1,0.8683067769743502,,383.7
4031,-4.300000000000001,0,4,3,1,0.8683067769743502,,383.7
4032,-4.300000000000001,0,4,3,1,0.8683067769743502,,383.8
4033,-2.3000000000000003,0,4,3,1,0.8683067769743502,,383.9
4034,-2.3000000000000003,0,4,3,1,0.8683067769743502,,384.0
4035,-4.300000000000001,0,4,3,1,0.8683067769743502,,384.0
4036,-4.300000000000001,0,4,3,1,0.8683067769743502,,384.1
4037,-4.300000000000001,0,4,3,1,0.8683067769743502,,384.1
4038,-4.300000000000001,0,4,3,1,0.8683067769743502,,384.3
4039,-4.300000000000001,0,4,3,1,0.8683067769743502,,384.4
4040,-4.300000000000001,0,4,3,1,0.8683067769743502,,384.4
4041,-4.300000000000001,0,4,3,1,0.8683067769743502,,384.5
4042,-4.300000000000001,0,4,3,1,0.8683067769743502,,384.5
4043,-4.300000000000001,0,4,3,1,0.8683067769743502,,384.6
4044,-4.300000000000001,0,4,3,1,0.8683067769743502,,384.6
4045,-4.6,0,6,3,1,0.8683067769743502,,384.7
4046,-4.300000000000001,0,4,3,1,0.8683067769743502,,384.8
4047,-2.3000000000000003,0,4,3,1,0.8683067769743502,,384.9
4048,-4.300000000000001,0,4,3,1,0.8683067769743502,,384.9
4049,-4.300000000000001,0,4,3,1,0.8683067769743502,,385.0
4050,-4.300000000000001,0,4,3,1,0.8683067769743502,,385.1
4051,-2.3000000000000003,0,4,3,1,0.8683067769743502,,385.1
4052,-4.300000000000001,0,4,3,1,0.8683067769743502,,385.2
4053,-4.300000000000001,0,4,3,1,0.8683067769743502,,385.3
4054,-0.30000000000000004,0,4,3,1,0.8683067769743502,,385.4
4055,-4.300000000000001,0,4,3,1,0.8683067769743502,,385.4
4056,-4.300000000000001,0,4,3,1,0.8683067769743502,,385.5
4057,-4.6000000000000005,0,6,3,1,0.8683067769743502,,385.6
4058,-4.300000000000001,0,4,3,1,0.8683067769743502,,385.7
4059,-3.6000000000000005,0,6,3,1,0.8683067769743502,,385.8
4060,-4.300000000000001,0,4,3,1,0.8683067769743502,,385.8
4061,-4.300000000000001,0,4,3,1,0.8683067769743502,,385.9
4062,-4.300000000000001,0,4,3,1,0.8683067769743502,,386.0
4063,-2.3000000000000003,0,4,3,1,0.8683067769743502,,386.0
4064,-4.300000000000001,0,4,3,1,0.8683067769743502,,386.1
4065,-0.30000000000000004,0,4,3,1,0.8683067769743502,,386.1
4066,-0.30000000000000004,0,4,3,1,0.8683067769743502,,386.2
4067,-4.300000000000001,0,4,3,1,0.8683067769743502,,386.2
4068,-4.300000000000001,0,4,3,1,0.8683067769743502,,386.3
4069,-4.300000000000001,0,4,3,1,0.8683067769743502,,386.4
4070,-2.3000000000000003,0,4,3,1,0.8683067769743502,,386.4
4071,-0.30000000000000004,0,4,3,1,0.8683067769743502,,386.5
4072,-4.300000000000001,0,4,3,1,0.8683067769743502,,386.6
4073,-4.300000000000001,0,4,3,1,0.8683067769743502,,386.7
4074,-4.300000000000001,0,4,3,1,0.8683067769743502,,386.7
4075,-4.300000000000001,0,4,3,1,0.8683067769743502,,386.8
4076,-2.3000000000000003,0,4,3,1,0.8683067769743502,,386.9
4077,-4.300000000000001,0,4,3,1,0.8683067769743502,,386.9
4078,-5.6000000000000005,0,6,3,1,0.8683067769743502,,387.0
4079,-0.30000000000000004,0,4,3,1,0.8683067769743502,,387.1
4080,5.7,1,4,3,1,0.7981611993163824,0.9207807341590524,387.7
4081,-4.300000000000001,0,4,3,1,0.7981611993163824,,387.8
4082,-0.30000000000000004,0,4,3,1,0.7981611993163824,,387.9
4083,-4.300000000000001,0,4,3,1,0.7981611993163824,,388.0
4084,-4.300000000000001,0,4,3,1,0.7981611993163824,,388.1
4085,0.3999999999999999,0,6,3,1,0.7981611993163824,,388.2
4086,-4.300000000000001,0,4,3,1,0.7981611993163824,,388.2
4087,-0.30000000000000004,0,4,3,1,0.7981611993163824,,388.3
4088,-4.300000000000001,0,4,3,1,0.7981611993163824,,388.3
4089,-4.300000000000001,0,4,3,1,0.7981611993163824,,388.4
4090,-2.3000000000000003,0,4,3,1,0.7981611993163824,,388.4
4091,-4.300000000000001,0,4,3,1,0.7981611993163824,,388.5
4092,-4.300000000000001,0,4,3,1,0.7981611993163824,,388.6
4093,-4.300000000000001,0,4,3,1,0.7981611993163824,,388.7
4094,-2.3000000000000003,0,4,3,1,0.7981611993163824,,388.8
4095,-4.300000000000001,0,4,3,1,0.7981611993163824,,388.8
4096,5.7,1,4,3,1,0.7981611993163824,,388.9
4097,-4.300000000000001,0,4,3,1,0.7981611993163824,,388.9
4098,-0.30000000000000004,0,4,3,1,0.7981611993163824,,389.0
4099,-4.300000000000001,0,4,3,1,0.7981611993163824,,389.1
4100,-4.300000000000001,0,4,3,1,0.7981611993163824,,389.1
4101,-5.4,0,5,4,1,0.7981611993163824,,389.2
4102,-0.30000000000000004,0,4,3,1,0.7981611993163824,,389.3
4103,-2.3000000000000003,0,4,3,1,0.7981611993163824,,389.4
4104,-4.300000000000001,0,4,3,1,0.7981611993163824,,389.4
4105,-4.300000000000001,0,4,3,1,0.7981611993163824,,389.4
4106,-4.300000000000001,0,4,3,1,0.7981611993163824,,389.5
4107,-4.300000000000001,0,4,3,1,0.7981611993163824,,389.6
4108,-4.300000000000001,0,4,3,1,0.7981611993163824,,389.7
4109,-0.30000000000000004,0,4,3,1,0.7981611993163824,,389.7
4110,-4.300000000000001,0,4,3,1,0.7981611993163824,,389.8
4111,-0.30000000000000004,0,4,3,1,0.7981611993163824,,389.8
4112,-0.30000000000000004,0,4,3,1,0.7981611993163824,,389.9
4113,-4.300000000000001,0,4,3,1,0.7981611993163824,,390.0
4114,-0.30000000000000004,0,4,3,1,0.7981611993163824,,390.0
4115,-4.300000000000001,0,4,3,1,0.7981611993163824,,390.1
4116,-4.300000000000001,0,4,3,1,0.7981611993163824,,390.2
4117,-0.30000000000000004,0,4,3,1,0.7981611993163824,,390.3
4118,-4.300000000000001,0,4,3,1,0.7981611993163824,,390.3
4119,-2.3000000000000003,0,4,3,1,0.7981611993163824,,390.4
4120,5.7,1,4,3,1,0.7981611993163824,,390.5
4121,5.7,1,4,3,1,0.7981611993163824,,390.5
4122,-0.30000000000000004,0,4,3,1,0.7981611993163824,,390.6
4123,-4.300000000000001,0,4,3,1,0.7981611993163824,,390.8
4124,-4.300000000000001,0,4,3,1,0.7981611993163824,,390.8
4125,-4.300000000000001,0,4,3,1,0.7981611993163824,,390.9
4126,-0.30000000000000004,0,4,3,1,0.7981611993163824,,391.0
4127,-0.30000000000000004,0,4,3,1,0.7981611993163824,,391.1
4128,-4.300000000000001,0,4,3,1,0.7981611993163824,,391.1
4129,-4.300000000000001,0,4,3,1,0.7981611993163824,,391.1
4130,-4.300000000000001,0,4,3,1,0.7981611993163824,,391.2
4131,5.7,1,4,3,1,0.7981611993163824,,391.3
4132,-4.300000000000001,0,4,3,1,0.7981611993163824,,391.4
4133,-0.30000000000000004,0,4,3,1,0.7981611993163824,,391.5
4134,-4.300000000000001,0,4,3,1,0.7981611993163824,,391.7
4135,-2.3000000000000003,0,4,3,1,0.7981611993163824,,391.8
4136,-2.3000000000000003,0,4,3,1,0.7981611993163824,,391.8
4137,-4.300000000000001,0,4,3,1,0.7981611993163824,,391.8
4138,-4.300000000000001,0,4,3,1,0.7981611993163824,,391.9
4139,-2.3000000000000003,0,4,3,1,0.7981611993163824,,392.0
4140,-4.300000000000001,0,4,3,1,0.7981611993163824,,392.0
4141,-4.300000000000001,0,4,3,1,0.7981611993163824,,392.1
4142,-2.3000000000000003,0,4,3,1,0.7981611993163824,,392.2
4143,-2.3000000000000003,0,4,3,1,0.7981611993163824,,392.2
4144,-2.3000000000000003,0,4,3,1,0.7981611993163824,,392.4
4145,-0.30000000000000004,0,4,3,1,0.7981611993163824,,392.4
4146,-4.300000000000001,0,4,3,1,0.7981611993163824,,392.5
4147,-4.300000000000001,0,4,3,1,0.7981611993163824,,392.6
4148,-4.300000000000001,0,4,3,1,0.7981611993163824,,392.6
4149,-0.30000000000000004,0,4,3,1,0.7981611993163824,,392.7
4150,-0.30000000000000004,0,4,3,1,0.7981611993163824,,392.7
4151,-4.300000000000001,0,4,3,1,0.7981611993163824,,392.8
4152,-0.30000000000000004,0,4,3,1,0.7981611993163824,,392.9
4153,-0.6000000000000001,0,6,3,1,0.7981611993163824,,392.9
4154,-4.300000000000001,0,4,3,1,0.7981611993163824,,392.9
4155,-4.300000000000001,0,4,3,1,0.7981611993163824,,393.0
4156,-3.6000000000000005,0,6,3,1,0.7981611993163824,,393.1
4157,-4.300000000000001,0,4,3,1,0.7981611993163824,,393.1
4158,-4.300000000000001,0,4,3,1,0.7981611993163824,,393.1
4159,-4.300000000000001,0,4,3,1,0.7981611993163824,,393.2
4160,-4.300000000000001,0,4,3,1,0.7981611993163824,,393.3
4161,-4.300000000000001,0,4,3,1,0.7981611993163824,,393.3
4162,-4.300000000000001,0,4,3,1,0.7981611993163824,,393.4
4163,-0.30000000000000004,0,4,3,1,0.7981611993163824,,393.4
4164,-0.30000000000000004,0,4,3,1,0.7981611993163824,,393.6
4165,5.7,1,4,3,1,0.7981611993163824,,393.6
4166,-4.300000000000001,0,4,3,1,0.7981611993163824,,393.7
4167,-4.300000000000001,0,4,3,1,0.7981611993163824,,393.8
4168,-4.6000000000000005,0,6,3,1,0.7981611993163824,,393.9
4169,-4.300000000000001,0,4,3,1,0.7981611993163824,,394.0
4170,-0.30000000000000004,0,4,3,1,0.7981611993163824,,394.0
4171,-4.300000000000001,0,4,3,1,0.7981611993163824,,394.1
4172,-0.30000000000000004,0,4,3,1,0.7981611993163824,,394.2
4173,-5.4,0,5,4,1,0.7981611993163824,,394.2
4174,-4.300000000000001,0,4,3,1,0.7981611993163824,,394.3
4175,-4.300000000000001,0,4,3,1,0.7981611993163824,,394.4
4176,-4.6000000000000005,0,6,3,1,0.7981611993163824,,394.5
4177,-4.300000000000001,0,4,3,1,0.7981611993163824,,394.6
4178,-4.300000000000001,0,4,3,1,0.7981611993163824,,394.6
4179,-4.300000000000001,0,4,3,1,0.7981611993163824,,394.7
4180,-4.300000000000001,0,4,3,1,0.7981611993163824,,394.7
4181,-4.300000000000001,0,4,3,1,0.7981611993163824,,394.8
4182,-4.300000000000001,0,4,3,1,0.7981611993163824,,394.8
4183,-2.3000000000000003,0,4,3,1,0.7981611993163824,,394.9
4184,-4.300000000000001,0,4,3,1,0.7981611993163824,,395.0
4185,-4.300000000000001,0,4,3,1,0.7981611993163824,,395.0
4186,-4.300000000000001,0,4,3,1,0.7981611993163824,,395.1
4187,-4.300000000000001,0,4,3,1,0.7981611993163824,,395.2
4188,-0.30000000000000004,0,4,3,1,0.7981611993163824,,395.3
4189,-4.300000000000001,0,4,3,1,0.7981611993163824,,395.3
4190,-0.30000000000000004,0,4,3,1,0.7981611993163824,,395.4
4191,-4.300000000000001,0,4,3,1,0.7981611993163824,,395.5
4192,-4.300000000000001,0,4,3,1,0.7981611993163824,,395.6
4193,5.7,1,4,3,1,0.7981611993163824,,395.7
4194,-4.300000000000001,0,4,3,1,0.7981611993163824,,395.8
4195,-4.300000000000001,0,4,3,1,0.7981611993163824,,395.8
4196,-4.300000000000001,0,4,3,1,0.7981611993163824,,395.9
4197,-4.300000000000001,0,4,3,1,0.7981611993163824,,396.0
4198,-4.300000000000001,0,4,3,1,0.7981611993163824,,396.0
4199,-2.3000000000000003,0,4,3,1,0.7981611993163824,,396.1
4200,5.7,1,4,3,1,0.7981611993163824,,396.2
4201,-2.3000000000000003,0,4,3,1,0.7981611993163824,,396.2
4202,-4.300000000000001,0,4,3,1,0.7981611993163824,,396.3
4203,-2.3000000000000003,0,4,3,1,0.7981611993163824,,396.3
4204,-4.300000000000001,0,4,3,1,0.7981611993163824,,396.4
4205,-4.300000000000001,0,4,3,1,0.7981611993163824,,396.4
4206,-4.300000000000001,0,4,3,1,0.7981611993163824,,396.5
4207,-2.3000000000000003,0,4,3,1,0.7981611993163824,,396.6
4208,-4.300000000000001,0,4,3,1,0.7981611993163824,,396.7
4209,5.7,1,4,3,1,0.7981611993163824,,396.8
4210,-2.3000000000000003,0,4,3,1,0.7981611993163824,,396.9
4211,-4.300000000000001,0,4,3,1,0.7981611993163824,,396.9
4212,-5.6000000000000005,0,6,3,1,0.7981611993163824,,397.0
4213,-2.3000000000000003,0,4,3,1,0.7981611993163824,,397.1
4214,-6.199999999999999,0,10,3,1,0.7981611993163824,,397.2
4215,-4.300000000000001,0,4,3,1,0.7981611993163824,,397.3
4216,-4.300000000000001,0,4,3,1,0.7981611993163824,,397.4
4217,5.7,1,4,3,1,0.7981611993163824,,397.5
4218,-2.3000000000000003,0,4,3,1,0.7981611993163824,,397.6
4219,-4.300000000000001,0,4,3,1,0.7981611993163824,,397.6
4220,-4.300000000000001,0,4,3,1,0.7981611993163824,,397.7
4221,-4.300000000000001,0,4,3,1,0.7981611993163824,,397.8
4222,-4.300000000000001,0,4,3,1,0.7981611993163824,,397.8
4223,-2.3000000000000003,0,4,3,1,0.7981611993163824,,397.9
4224,-4.300000000000001,0,4,3,1,0.7981611993163824,,398.0
4225,-4.300000000000001,0,4,3,1,0.7981611993163824,,398.1
4226,-5.6000000000000005,0,6,3,1,0.7981611993163824,,398.2
4227,-4.300000000000001,0,4,3,1,0.7981611993163824,,398.3
4228,-4.300000000000001,0,4,3,1,0.7981611993163824,,398.3
4229,-4.300000000000001,0,4,3,1,0.7981611993163824,,398.4
4230,-4.300000000000001,0,4,3,1,0.7981611993163824,,398.5
4231,-4.300000000000001,0,4,3,1,0.7981611993163824,,398.5
4232,-2.3000000000000003,0,4,3,1,0.7981611993163824,,398.6
4233,-0.30000000000000004,0,4,3,1,0.7981611993163824,,398.7
4234,5.7,1,4,3,1,0.7981611993163824,,398.8
4235,-4.300000000000001,0,4,3,1,0.7981611993163824,,398.9
4236,-0.30000000000000004,0,4,3,1,0.7981611993163824,,398.9
4237,-2.3000000000000003,0,4,3,1,0.7981611993163824,,399.0
4238,-4.300000000000001,0,4,3,1,0.7981611993163824,,399.1
4239,-2.3000000000000003,0,4,3,1,0.7981611993163824,,399.1
4240,-4.300000000000001,0,4,3,1,0.7981611993163824,,399.2
4241,5.7,1,4,3,1,0.7981611993163824,,399.3
4242,-4.6000000000000005,0,6,3,1,0.7981611993163824,,399.3
4243,-4.300000000000001,0,4,3,1,0.7981611993163824,,399.4
4244,-4.300000000000001,0,4,3,1,0.7981611993163824,,399.4
4245,-4.300000000000001,0,4,3,1,0.7981611993163824,,399.6
4246,-4.300000000000001,0,4,3,1,0.7981611993163824,,399.6
4247,-5.6000000000000005,0,6,3,1,0.7981611993163824,,399.7
4248,-4.300000000000001,0,4,3,1,0.7981611993163824,,399.7
4249,-2.3000000000000003,0,4,3,1,0.7981611993163824,,399.8
4250,-4.300000000000001,0,4,3,1,0.7981611993163824,,399.9
4251,-4.300000000000001,0,4,3,1,0.7981611993163824,,400.0
4252,-2.3000000000000003,0,4,3,1,0.7981611993163824,,400.0
4253,-4.300000000000001,0,4,3,1,0.7981611993163824,,400.1
4254,-4.300000000000001,0,4,3,1,0.7981611993163824,,400.2
4255,-4.300000000000001,0,4,3,1,0.7981611993163824,,400.3
4256,-4.300000000000001,0,4,3,1,0.7981611993163824,,400.3
4257,-0.30000000000000004,0,4,3,1,0.7981611993163824,,400.4
4258,-4.300000000000001,0,4,3,1,0.7981611993163824,,400.5
4259,-4.300000000000001,0,4,3,1,0.7981611993163824,,400.6
4260,-4.300000000000001,0,4,3,1,0.7981611993163824,,400.6
4261,-4.300000000000001,0,4,3,1,0.7981611993163824,,400.7
4262,-4.300000000000001,0,4,3,1,0.7981611993163824,,400.8
4263,-2.3000000000000003,0,4,3,1,0.7981611993163824,,400.8
4264,-2.3000000000000003,0,4,3,1,0.7981611993163824,,400.9
4265,-2.3000000000000003,0,4,3,1,0.7981611993163824,,401.0
4266,-0.30000000000000004,0,4,3,1,0.7981611993163824,,401.1
4267,-2.3000000000000003,0,4,3,1,0.7981611993163824,,401.1
4268,-4.300000000000001,0,4,3,1,0.7981611993163824,,401.2
4269,-4.300000000000001,0,4,3,1,0.7981611993163824,,401.2
4270,5.7,1,4,3,1,0.7981611993163824,,401.3
4271,-4.300000000000001,0,4,3,1,0.7981611993163824,,401.4
4272,-4.300000000000001,0,4,3,1,0.7981611993163824,,401.5
4273,0.6000000000000001,0,5,4,1,0.7981611993163824,,401.5
4274,-4.300000000000001,0,4,3,1,0.7981611993163824,,401.6
4275,-4.300000000000001,0,4,3,1,0.7981611993163824,,401.6
4276,-2.3000000000000003,0,4,3,1,0.7981611993163824,,401.7
4277,-2.3000000000000003,0,4,3,1,0.7981611993163824,,401.7
4278,-4.300000000000001,0,4,3,1,0.7981611993163824,,401.8
4279,-4.300000000000001,0,4,3,1,0.7981611993163824,,401.9
4280,-4.300000000000001,0,4,3,1,0.7981611993163824,,401.9
4281,-4.6,0,6,3,1,0.7981611993163824,,402.0
4282,5.7,1,4,3,1,0.7981611993163824,,402.1
4283,-0.30000000000000004,0,4,3,1,0.7981611993163824,,402.2
4284,-4.300000000000001,0,4,3,1,0.7981611993163824,,402.3
4285,-4.300000000000001,0,4,3,1,0.7981611993163824,,402.3
4286,-4.300000000000001,0,4,3,1,0.7981611993163824,,402.4
4287,-5.6000000000000005,0,6,3,1,0.7981611993163824,,402.5
4288,-4.300000000000001,0,4,3,1,0.7981611993163824,,402.6
4289,-2.3000000000000003,0,4,3,1,0.7981611993163824,,402.6
4290,-4.300000000000001,0,4,3,1,0.7981611993163824,,402.7
4291,-1.6,0,6,3,1,0.7981611993163824,,402.8
4292,-4.300000000000001,0,4,3,1,0.7981611993163824,,402.9
4293,-4.300000000000001,0,4,3,1,0.7981611993163824,,402.9
4294,-4.300000000000001,0,4,3,1,0.7981611993163824,,403.0
4295,-4.300000000000001,0,4,3,1,0.7981611993163824,,403.0
4296,-4.300000000000001,0,4,3,1,0.7981611993163824,,403.1
4297,-4.300000000000001,0,4,3,1,0.7981611993163824,,403.1
4298,-2.3000000000000003,0,4,3,1,0.7981611993163824,,403.2
4299,-4.300000000000001,0,4,3,1,0.7981611993163824,,403.3
4300,-4.300000000000001,0,4,3,1,0.7981611993163824,,403.4
4301,-4.300000000000001,0,4,3,1,0.7981611993163824,,403.5
4302,4.4,1,6,3,1,0.7981611993163824,,403.5
4303,-4.300000000000001,0,4,3,1,0.7981611993163824,,403.6
4304,-4.300000000000001,0,4,3,1,0.7981611993163824,,403.7
4305,-4.300000000000001,0,4,3,1,0.7981611993163824,,403.7
4306,-4.300000000000001,0,4,3,1,0.7981611993163824,,403.8
4307,5.7,1,4,3,1,0.7981611993163824,,403.8
4308,-4.300000000000001,0,4,3,1,0.7981611993163824,,403.9
4309,-4.300000000000001,0,4,3,1,0.7981611993163824,,404.0
4310,-2.3000000000000003,0,4,3,1,0.7981611993163824,,404.0
4311,-4.300000000000001,0,4,3,1,0.7981611993163824,,404.2
4312,-4.300000000000001,0,4,3,1,0.7981611993163824,,404.2
4313,-0.30000000000000004,0,4,3,1,0.7981611993163824,,404.3
4314,-4.300000000000001,0,4,3,1,0.7981611993163824,,404.3
4315,-4.300000000000001,0,4,3,1,0.7981611993163824,,404.4
4316,-4.300000000000001,0,4,3,1,0.7981611993163824,,404.5
4317,-4.300000000000001,0,4,3,1,0.7981611993163824,,404.6
4318,-4.300000000000001,0,4,3,1,0.7981611993163824,,404.6
4319,-2.3000000000000003,0,4,3,1,0.7981611993163824,,404.6
4320,-4.300000000000001,0,4,3,1,0.7981611993163824,,404.7
4321,5.7,1,4,3,1,0.7981611993163824,,404.7
4322,-4.300000000000001,0,4,3,1,0.7981611993163824,,404.8
4323,-4.300000000000001,0,4,3,1,0.7981611993163824,,404.9
4324,-2.3000000000000003,0,4,3,1,0.7981611993163824,,404.9
4325,-2.3000000000000003,0,4,3,1,0.7981611993163824,,405.0
4326,-4.300000000000001,0,4,3,1,0.7981611993163824,,405.1
4327,-4.300000000000001,0,4,3,1,0.7981611993163824,,405.2
4328,-4.300000000000001,0,4,3,1,0.7981611993163824,,405.3
4329,-4.6,0,6,3,1,0.7981611993163824,,405.4
4330,-4.300000000000001,0,4,3,1,0.7981611993163824,,405.4
4331,-4.300000000000001,0,4,3,1,0.7981611993163824,,405.5
4332,-4.300000000000001,0,4,3,1,0.7981611993163824,,405.6
4333,-4.300000000000001,0,4,3,1,0.7981611993163824,,405.7
4334,-4.300000000000001,0,4,3,1,0.7981611993163824,,405.8
4335,-2.3000000000000003,0,4,3,1,0.7981611993163824,,405.9
4336,-4.300000000000001,0,4,3,1,0.7981611993163824,,405.9
4337,-4.300000000000001,0,4,3,1,0.7981611993163824,,406.0
4338,-4.300000000000001,0,4,3,1,0.7981611993163824,,406.1
4339,-4.300000000000001,0,4,3,1,0.7981611993163824,,406.1
4340,-2.3000000000000003,0,4,3,1,0.7981611993163824,,406.2
4341,-4.300000000000001,0,4,3,1,0.7981611993163824,,406.2
4342,-4.300000000000001,0,4,3,1,0.7981611993163824,,406.3
4343,-2.3000000000000003,0,4,3,1,0.7981611993163824,,406.4
4344,-4.300000000000001,0,4,3,1,0.7981611993163824,,406.4
4345,-2.3000000000000003,0,4,3,1,0.7981611993163824,,406.5
4346,-0.30000000000000004,0,4,3,1,0.7981611993163824,,406.5
4347,-4.300000000000001,0,4,3,1,0.7981611993163824,,406.6
4348,-2.3000000000000003,0,4,3,1,0.7981611993163824,,406.6
4349,-4.300000000000001,0,4,3,1,0.7981611993163824,,406.7
4350,-0.30000000000000004,0,4,3,1,0.7981611993163824,,406.8
4351,-4.300000000000001,0,4,3,1,0.7981611993163824,,406.8
4352,-4.300000000000001,0,4,3,1,0.7981611993163824,,406.9
4353,-0.6000000000000001,0,6,3,1,0.7981611993163824,,406.9
4354,5.7,1,4,3,1,0.7981611993163824,,407.0
4355,-4.300000000000001,0,4,3,1,0.7981611993163824,,407.1
4356,-4.300000000000001,0,4,3,1,0.7981611993163824,,407.2
4357,-4.300000000000001,0,4,3,1,0.7981611993163824,,407.3
4358,-1.6,0,6,3,1,0.7981611993163824,,407.4
4359,-4.300000000000001,0,4,3,1,0.7981611993163824,,407.4
4360,-4.300000000000001,0,4,3,1,0.7981611993163824,,407.5
4361,-0.30000000000000004,0,4,3,1,0.7981611993163824,,407.6
4362,-4.300000000000001,0,4,3,1,0.7981611993163824,,407.6
4363,-0.30000000000000004,0,4,3,1,0.7981611993163824,,407.6
4364,-0.30000000000000004,0,4,3,1,0.7981611993163824,,407.7
4365,-4.300000000000001,0,4,3,1,0.7981611993163824,,407.8
4366,-4.300000000000001,0,4,3,1,0.7981611993163824,,407.9
4367,-2.3000000000000003,0,4,3,1,0.7981611993163824,,407.9
4368,-4.300000000000001,0,4,3,1,0.7981611993163824,,408.0
4369,-2.3000000000000003,0,4,3,1,0.7981611993163824,,408.0
4370,-4.300000000000001,0,4,3,1,0.7981611993163824,,408.1
4371,-4.300000000000001,0,4,3,1,0.7981611993163824,,408.2
4372,-4.300000000000001,0,4,3,1,0.7981611993163824,,408.3
4373,-4.300000000000001,0,4,3,1,0.7981611993163824,,408.3
4374,-4.300000000000001,0,4,3,1,0.7981611993163824,,408.4
4375,-4.300000000000001,0,4,3,1,0.7981611993163824,,408.6
4376,-4.300000000000001,0,4,3,1,0.7981611993163824,,408.6
4377,-4.300000000000001,0,4,3,1,0.7981611993163824,,408.7
4378,-4.300000000000001,0,4,3,1,0.7981611993163824,,408.8
4379,-4.300000000000001,0,4,3,1,0.7981611993163824,,408.9
4380,-4.300000000000001,0,4,3,1,0.7981611993163824,,409.0
4381,-4.300000000000001,0,4,3,1,0.7981611993163824,,409.1
4382,5.7,1,4,3,1,0.7981611993163824,,409.1
4383,-2.3000000000000003,0,4,3,1,0.7981611993163824,,409.2
4384,-4.300000000000001,0,4,3,1,0.7981611993163824,,409.2
4385,-4.300000000000001,0,4,3,1,0.7981611993163824,,409.3
4386,-4.300000000000001,0,4,3,1,0.7981611993163824,,409.4
4387,-4.300000000000001,0,4,3,1,0.7981611993163824,,409.4
4388,-4.300000000000001,0,4,3,1,0.7981611993163824,,409.5
4389,-4.300000000000001,0,4,3,1,0.7981611993163824,,409.6
4390,-0.30000000000000004,0,4,3,1,0.7981611993163824,,409.7
4391,-4.300000000000001,0,4,3,1,0.7981611993163824,,409.7
4392,-4.300000000000001,0,4,3,1,0.7981611993163824,,409.8
4393,-2.3000000000000003,0,4,3,1,0.7981611993163824,,409.9
4394,-4.300000000000001,0,4,3,1,0.7981611993163824,,410.0
4395,-5.6000000000000005,0,6,3,1,0.7981611993163824,,410.1
4396,-2.3000000000000003,0,4,3,1,0.7981611993163824,,410.1
4397,-4.300000000000001,0,4,3,1,0.7981611993163824,,410.2
4398,5.7,1,4,3,1,0.7981611993163824,,410.3
4399,-4.6000000000000005,0,6,3,1,0.7981611993163824,,410.4
4400,-4.300000000000001,0,4,3,1,0.7981611993163824,,410.5
4401,-4.300000000000001,0,4,3,1,0.7981611993163824,,410.5
4402,-4.300000000000001,0,4,3,1,0.7981611993163824,,410.6
4403,-4.300000000000001,0,4,3,1,0.7981611993163824,,410.6
4404,5.7,1,4,3,1,0.7981611993163824,,410.7
4405,-2.3000000000000003,0,4,3,1,0.7981611993163824,,410.8
4406,-4.300000000000001,0,4,3,1,0.7981611993163824,,410.9
4407,5.7,1,4,3,1,0.7981611993163824,,410.9
4408,-2.3000000000000003,0,4,3,1,0.7981611993163824,,411.0
4409,-2.3000000000000003,0,4,3,1,0.7981611993163824,,411.1
4410,5.7,1,4,3,1,0.7981611993163824,,411.1
4411,-4.300000000000001,0,4,3,1,0.7981611993163824,,411.2
4412,-2.3000000000000003,0,4,3,1,0.7981611993163824,,411.3
4413,-2.3000000000000003,0,4,3,1,0.7981611993163824,,411.4
4414,-4.300000000000001,0,4,3,1,0.7981611993163824,,411.5
4415,5.7,1,4,3,1,0.7981611993163824,,411.5
4416,-4.300000000000001,0,4,3,1,0.7981611993163824,,411.6
4417,5.7,1,4,3,1,0.7981611993163824,,411.7
4418,-4.300000000000001,0,4,3,1,0.7981611993163824,,411.7
4419,-4.300000000000001,0,4,3,1,0.7981611993163824,,411.8
4420,-5.4,0,5,4,1,0.7981611993163824,,411.9
4421,-4.300000000000001,0,4,3,1,0.7981611993163824,,411.9
4422,-4.300000000000001,0,4,3,1,0.7981611993163824,,412.0
4423,-2.6,0,6,3,1,0.7981611993163824,,412.0
4424,-4.300000000000001,0,4,3,1,0.7981611993163824,,412.1
4425,-0.6000000000000001,0,6,3,1,0.7981611993163824,,412.2
4426,-2.3000000000000003,0,4,3,1,0.7981611993163824,,412.3
4427,-4.300000000000001,0,4,3,1,0.7981611993163824,,412.3
4428,-4.300000000000001,0,4,3,1,0.7981611993163824,,412.4
4429,-4.300000000000001,0,4,3,1,0.7981611993163824,,412.5
4430,-2.3000000000000003,0,4,3,1,0.7981611993163824,,412.6
4431,5.7,1,4,3,1,0.7981611993163824,,412.6
4432,-4.300000000000001,0,4,3,1,0.7981611993163824,,412.6
4433,-0.30000000000000004,0,4,3,1,0.7981611993163824,,412.7
4434,-4.300000000000001,0,4,3,1,0.7981611993163824,,412.8
4435,-4.300000000000001,0,4,3,1,0.7981611993163824,,412.9
4436,-4.300000000000001,0,4,3,1,0.7981611993163824,,412.9
4437,-4.300000000000001,0,4,3,1,0.7981611993163824,,413.0
4438,-2.3000000000000003,0,4,3,1,0.7981611993163824,,413.1
4439,-2.6,0,6,3,1,0.7981611993163824,,413.2
4440,5.7,1,4,3,1,0.7981611993163824,,413.2
4441,-4.300000000000001,0,4,3,1,0.7981611993163824,,413.3
4442,-0.30000000000000004,0,4,3,1,0.7981611993163824,,413.4
4443,-4.300000000000001,0,4,3,1,0.7981611993163824,,413.4
4444,-2.3000000000000003,0,4,3,1,0.7981611993163824,,413.5
4445,-4.300000000000001,0,4,3,1,0.7981611993163824,,413.6
4446,-0.30000000000000004,0,4,3,1,0.7981611993163824,,413.6
4447,-4.300000000000001,0,4,3,1,0.7981611993163824,,413.7
4448,-4.300000000000001,0,4,3,1,0.7981611993163824,,413.8
4449,-2.3000000000000003,0,4,3,1,0.7981611993163824,,413.9
4450,-4.300000000000001,0,4,3,1,0.7981611993163824,,414.0
4451,-4.300000000000001,0,4,3,1,0.7981611993163824,,414.0
4452,-4.300000000000001,0,4,3,1,0.7981611993163824,,414.1
4453,-2.3000000000000003,0,4,3,1,0.7981611993163824,,414.1
4454,-4.300000000000001,0,4,3,1,0.7981611993163824,,414.2
4455,-4.300000000000001,0,4,3,1,0.7981611993163824,,414.2
4456,-0.30000000000000004,0,4,3,1,0.7981611993163824,,414.3
4457,-4.300000000000001,0,4,3,1,0.7981611993163824,,414.4
4458,-4.300000000000001,0,4,3,1,0.7981611993163824,,414.4
4459,-4.300000000000001,0,4,3,1,0.7981611993163824,,414.5
4460,-4.300000000000001,0,4,3,1,0.7981611993163824,,414.6
4461,-4.300000000000001,0,4,3,1,0.7981611993163824,,414.6
4462,-4.300000000000001,0,4,3,1,0.7981611993163824,,414.7
4463,-2.3000000000000003,0,4,3,1,0.7981611993163824,,414.7
4464,-4.300000000000001,0,4,3,1,0.7981611993163824,,414.8
4465,-0.30000000000000004,0,4,3,1,0.7981611993163824,,414.9
4466,-0.30000000000000004,0,4,3,1,0.7981611993163824,,414.9
4467,5.7,1,4,3,1,0.7981611993163824,,415.0
4468,-4.300000000000001,0,4,3,1,0.7981611993163824,,415.1
4469,-4.300000000000001,0,4,3,1,0.7981611993163824,,415.2
4470,-4.300000000000001,0,4,3,1,0.7981611993163824,,415.2
4471,-4.300000000000001,0,4,3,1,0.7981611993163824,,415.3
4472,-4.300000000000001,0,4,3,1,0.7981611993163824,,415.4
4473,-4.300000000000001,0,4,3,1,0.7981611993163824,,415.5
4474,-4.300000000000001,0,4,3,1,0.7981611993163824,,415.5
4475,-5.6000000000000005,0,6,3,1,0.7981611993163824,,415.6
4476,-0.30000000000000004,0,4,3,1,0.7981611993163824,,415.7
4477,-4.300000000000001,0,4,3,1,0.7981611993163824,,415.8
4478,-4.300000000000001,0,4,3,1,0.7981611993163824,,415.9
4479,-2.3000000000000003,0,4,3,1,0.7981611993163824,,415.9
4480,-2.3000000000000003,0,4,3,1,0.7981611993163824,,416.0
4481,-2.3000000000000003,0,4,3,1,0.7981611993163824,,416.1
4482,-4.300000000000001,0,4,3,1,0.7981611993163824,,416.2
4483,-4.300000000000001,0,4,3,1,0.7981611993163824,,416.3
4484,-2.3000000000000003,0,4,3,1,0.7981611993163824,,416.4
4485,-5.6000000000000005,0,6,3,1,0.7981611993163824,,416.5
4486,-4.300000000000001,0,4,3,1,0.7981611993163824,,416.5
4487,-4.300000000000001,0,4,3,1,0.7981611993163824,,416.6
4488,-0.30000000000000004,0,4,3,1,0.7981611993163824,,416.7
4489,-4.300000000000001,0,4,3,1,0.7981611993163824,,416.8
4490,-4.300000000000001,0,4,3,1,0.7981611993163824,,416.8
4491,-4.300000000000001,0,4,3,1,0.7981611993163824,,416.9
4492,-4.300000000000001,0,4,3,1,0.7981611993163824,,417.0
4493,-2.3000000000000003,0,4,3,1,0.7981611993163824,,417.0
4494,-4.300000000000001,0,4,3,1,0.7981611993163824,,417.1
4495,-2.3000000000000003,0,4,3,1,0.7981611993163824,,417.2
4496,-4.300000000000001,0,4,3,1,0.7981611993163824,,417.2
4497,5.7,1,4,3,1,0.7981611993163824,,417.3
4498,-4.300000000000001,0,4,3,1,0.7981611993163824,,417.3
4499,-4.300000000000001,0,4,3,1,0.7981611993163824,,417.4
4500,-4.300000000000001,0,4,3,1,0.7981611993163824,,417.5
4501,-4.300000000000001,0,4,3,1,0.7981611993163824,,422.7
4502,-0.30000000000000004,0,4,3,1,0.7981611993163824,,422.8
4503,-2.3000000000000003,0,4,3,1,0.7981611993163824,,422.8
4504,-2.3000000000000003,0,4,3,1,0.7981611993163824,,422.9
4505,5.7,1,4,3,1,0.7981611993163824,,423.0
4506,-4.300000000000001,0,4,3,1,0.7981611993163824,,423.1
4507,-0.30000000000000004,0,4,3,1,0.7981611993163824,,423.1
4508,-4.300000000000001,0,4,3,1,0.7981611993163824,,423.2
4509,-4.300000000000001,0,4,3,1,0.7981611993163824,,423.3
4510,-4.300000000000001,0,4,3,1,0.7981611993163824,,423.4
4511,-4.300000000000001,0,4,3,1,0.7981611993163824,,423.5
4512,-4.300000000000001,0,4,3,1,0.7981611993163824,,423.5
4513,-4.300000000000001,0,4,3,1,0.7981611993163824,,423.6
4514,-2.3000000000000003,0,4,3,1,0.7981611993163824,,423.7
4515,-2.3000000000000003,0,4,3,1,0.7981611993163824,,423.7
4516,-4.300000000000001,0,4,3,1,0.7981611993163824,,423.8
4517,-4.300000000000001,0,4,3,1,0.7981611993163824,,423.8
4518,-0.30000000000000004,0,4,3,1,0.7981611993163824,,423.9
4519,5.7,1,4,3,1,0.7981611993163824,,423.9
4520,5.7,1,4,3,1,0.7981611993163824,,424.0
4521,-2.3000000000000003,0,4,3,1,0.7981611993163824,,424.0
4522,-4.300000000000001,0,4,3,1,0.7981611993163824,,424.1
4523,-4.300000000000001,0,4,3,1,0.7981611993163824,,424.1
4524,-4.300000000000001,0,4,3,1,0.7981611993163824,,424.2
4525,-4.300000000000001,0,4,3,1,0.7981611993163824,,424.3
4526,5.7,1,4,3,1,0.7981611993163824,,424.3
4527,-4.300000000000001,0,4,3,1,0.7981611993163824,,424.4
4528,-1.6,0,6,3,1,0.7981611993163824,,424.4
4529,-4.300000000000001,0,4,3,1,0.7981611993163824,,424.5
4530,-4.300000000000001,0,4,3,1,0.7981611993163824,,424.6
4531,-4.300000000000001,0,4,3,1,0.7981611993163824,,424.7
4532,-4.300000000000001,0,4,3,1,0.7981611993163824,,424.8
4533,-4.300000000000001,0,4,3,1,0.7981611993163824,,424.9
4534,-4.300000000000001,0,4,3,1,0.7981611993163824,,424.9
4535,-4.300000000000001,0,4,3,1,0.7981611993163824,,425.0
4536,-4.300000000000001,0,4,3,1,0.7981611993163824,,425.1
4537,-4.300000000000001,0,4,3,1,0.7981611993163824,,425.2
4538,-4.300000000000001,0,4,3,1,0.7981611993163824,,425.3
4539,-4.300000000000001,0,4,3,1,0.7981611993163824,,425.4
4540,-0.30000000000000004,0,4,3,1,0.7981611993163824,,425.5
4541,-4.300000000000001,0,4,3,1,0.7981611993163824,,425.5
4542,-4.300000000000001,0,4,3,1,0.7981611993163824,,425.5
4543,5.7,1,4,3,1,0.7981611993163824,,425.6
4544,-4.300000000000001,0,4,3,1,0.7981611993163824,,425.7
4545,-4.300000000000001,0,4,3,1,0.7981611993163824,,425.8
4546,-4.300000000000001,0,4,3,1,0.7981611993163824,,425.9
4547,-4.300000000000001,0,4,3,1,0.7981611993163824,,426.0
4548,-4.300000000000001,0,4,3,1,0.7981611993163824,,426.0
4549,-4.300000000000001,0,4,3,1,0.7981611993163824,,426.1
4550,-2.3000000000000003,0,4,3,1,0.7981611993163824,,426.2
4551,-4.300000000000001,0,4,3,1,0.7981611993163824,,426.3
4552,-4.300000000000001,0,4,3,1,0.7981611993163824,,426.4
4553,-2.3000000000000003,0,4,3,1,0.7981611993163824,,426.4
4554,-4.300000000000001,0,4,3,1,0.7981611993163824,,426.5
4555,-4.300000000000001,0,4,3,1,0.7981611993163824,,426.5
4556,-4.300000000000001,0,4,3,1,0.7981611993163824,,426.6
4557,-4.300000000000001,0,4,3,1,0.7981611993163824,,426.7
4558,-4.300000000000001,0,4,3,1,0.7981611993163824,,426.8
4559,-0.30000000000000004,0,4,3,1,0.7981611993163824,,426.8
4560,-4.300000000000001,0,4,3,1,0.7981611993163824,,426.9
4561,-4.300000000000001,0,4,3,1,0.7981611993163824,,427.0
4562,-4.300000000000001,0,4,3,1,0.7981611993163824,,427.0
4563,-4.300000000000001,0,4,3,1,0.7981611993163824,,427.1
4564,-4.300000000000001,0,4,3,1,0.7981611993163824,,427.2
4565,-4.300000000000001,0,4,3,1,0.7981611993163824,,427.2
4566,-4.300000000000001,0,4,3,1,0.7981611993163824,,427.3
4567,-4.300000000000001,0,4,3,1,0.7981611993163824,,427.4
4568,-4.300000000000001,0,4,3,1,0.7981611993163824,,427.4
4569,-2.3000000000000003,0,4,3,1,0.7981611993163824,,427.5
4570,5.4,1,6,3,1,0.7981611993163824,,427.5
4571,-4.300000000000001,0,4,3,1,0.7981611993163824,,427.6
4572,-4.300000000000001,0,4,3,1,0.7981611993163824,,427.7
4573,-0.30000000000000004,0,4,3,1,0.7981611993163824,,427.7
4574,-4.300000000000001,0,4,3,1,0.7981611993163824,,427.8
4575,-4.300000000000001,0,4,3,1,0.7981611993163824,,427.9
4576,-4.300000000000001,0,4,3,1,0.7981611993163824,,428.0
4577,5.7,1,4,3,1,0.7622601045295596,1.263920471770689,428.6
4578,-4.300000000000001,0,4,3,1,0.7622601045295596,,428.7
4579,-4.6,0,6,3,1,0.7622601045295596,,428.8
4580,-4.300000000000001,0,4,3,1,0.7622601045295596,,428.9
4581,-2.3000000000000003,0,4,3,1,0.7622601045295596,,429.0
4582,-4.300000000000001,0,4,3,1,0.7622601045295596,,429.0
4583,-2.3000000000000003,0,4,3,1,0.7622601045295596,,429.1
4584,-4.300000000000001,0,4,3,1,0.7622601045295596,,429.2
4585,-4.300000000000001,0,4,3,1,0.7622601045295596,,429.3
4586,-2.3000000000000003,0,4,3,1,0.7622601045295596,,429.4
4587,-4.300000000000001,0,4,3,1,0.7622601045295596,,429.4
4588,-4.300000000000001,0,4,3,1,0.7622601045295596,,429.5
4589,-4.300000000000001,0,4,3,1,0.7622601045295596,,429.6
4590,-0.30000000000000004,0,4,3,1,0.7622601045295596,,429.6
4591,-4.300000000000001,0,4,3,1,0.7622601045295596,,429.7
4592,-0.30000000000000004,0,4,3,1,0.7622601045295596,,429.7
4593,-2.3000000000000003,0,4,3,1,0.7622601045295596,,429.8
4594,-2.3000000000000003,0,4,3,1,0.7622601045295596,,429.8
4595,-4.300000000000001,0,4,3,1,0.7622601045295596,,429.9
4596,-4.300000000000001,0,4,3,1,0.7622601045295596,,430.0
4597,-4.300000000000001,0,4,3,1,0.7622601045295596,,430.0
4598,-4.300000000000001,0,4,3,1,0.7622601045295596,,430.1
4599,-4.300000000000001,0,4,3,1,0.7622601045295596,,430.2
4600,-2.3000000000000003,0,4,3,1,0.7622601045295596,,430.2
4601,-2.3000000000000003,0,4,3,1,0.7622601045295596,,430.3
4602,-4.300000000000001,0,4,3,1,0.7622601045295596,,430.4
4603,-2.3000000000000003,0,4,3,1,0.7622601045295596,,430.4
4604,-4.300000000000001,0,4,3,1,0.7622601045295596,,430.5
4605,-4.300000000000001,0,4,3,1,0.7622601045295596,,430.6
4606,-4.300000000000001,0,4,3,1,0.7622601045295596,,430.6
4607,-4.300000000000001,0,4,3,1,0.7622601045295596,,430.7
4608,-0.30000000000000004,0,4,3,1,0.7622601045295596,,430.7
4609,-4.300000000000001,0,4,3,1,0.7622601045295596,,430.8
4610,-5.4,0,5,4,1,0.7622601045295596,,430.9
4611,-4.300000000000001,0,4,3,1,0.7622601045295596,,431.0
4612,-4.300000000000001,0,4,3,1,0.7622601045295596,,431.0
4613,-4.300000000000001,0,4,3,1,0.7622601045295596,,431.1
4614,-4.300000000000001,0,4,3,1,0.7622601045295596,,431.2
4615,-5.6000000000000005,0,6,3,1,0.7622601045295596,,431.3
4616,-4.300000000000001,0,4,3,1,0.7622601045295596,,431.4
4617,5.7,1,4,3,1,0.7622601045295596,,431.4
4618,-4.300000000000001,0,4,3,1,0.7622601045295596,,431.5
4619,-0.30000000000000004,0,4,3,1,0.7622601045295596,,431.5
4620,5.7,1,4,3,1,0.7622601045295596,,431.6
4621,-4.300000000000001,0,4,3,1,0.7622601045295596,,431.6
4622,5.7,1,4,3,1,0.7622601045295596,,431.7
4623,-4.300000000000001,0,4,3,1,0.7622601045295596,,431.8
4624,-4.300000000000001,0,4,3,1,0.7622601045295596,,431.9
4625,-0.30000000000000004,0,4,3,1,0.7622601045295596,,432.0
4626,-4.300000000000001,0,4,3,1,0.7622601045295596,,432.1
4627,-4.300000000000001,0,4,3,1,0.7622601045295596,,432.1
4628,-4.300000000000001,0,4,3,1,0.7622601045295596,,432.2
4629,-4.300000000000001,0,4,3,1,0.7622601045295596,,432.2
4630,-2.3000000000000003,0,4,3,1,0.7622601045295596,,432.3
4631,-2.3000000000000003,0,4,3,1,0.7622601045295596,,432.4
4632,-2.3000000000000003,0,4,3,1,0.7622601045295596,,432.5
4633,-4.300000000000001,0,4,3,1,0.7622601045295596,,432.5
4634,-0.30000000000000004,0,4,3,1,0.7622601045295596,,432.6
4635,-2.3000000000000003,0,4,3,1,0.7622601045295596,,432.6
4636,-4.300000000000001,0,4,3,1,0.7622601045295596,,432.7
4637,-4.300000000000001,0,4,3,1,0.7622601045295596,,432.8
4638,-4.300000000000001,0,4,3,1,0.7622601045295596,,432.9
4639,-0.30000000000000004,0,4,3,1,0.7622601045295596,,432.9
4640,-4.300000000000001,0,4,3,1,0.7622601045295596,,433.0
4641,-2.3000000000000003,0,4,3,1,0.7622601045295596,,433.0
4642,-4.300000000000001,0,4,3,1,0.7622601045295596,,433.1
4643,-0.30000000000000004,0,4,3,1,0.7622601045295596,,433.1
4644,-4.300000000000001,0,4,3,1,0.7622601045295596,,433.2
4645,-4.300000000000001,0,4,3,1,0.7622601045295596,,433.3
4646,-4.300000000000001,0,4,3,1,0.7622601045295596,,433.4
4647,-4.300000000000001,0,4,3,1,0.7622601045295596,,433.5
4648,-4.300000000000001,0,4,3,1,0.7622601045295596,,433.5
4649,-4.300000000000001,0,4,3,1,0.7622601045295596,,433.6
4650,-2.3000000000000003,0,4,3,1,0.7622601045295596,,433.7
4651,-4.300000000000001,0,4,3,1,0.7622601045295596,,433.8
4652,-4.300000000000001,0,4,3,1,0.7622601045295596,,433.8
4653,-2.3000000000000003,0,4,3,1,0.7622601045295596,,433.9
4654,5.7,1,4,3,1,0.7622601045295596,,433.9
4655,-4.300000000000001,0,4,3,1,0.7622601045295596,,434.0
4656,-4.300000000000001,0,4,3,1,0.7622601045295596,,434.1
4657,-4.300000000000001,0,4,3,1,0.7622601045295596,,434.2
4658,-4.300000000000001,0,4,3,1,0.7622601045295596,,434.2
4659,-4.300000000000001,0,4,3,1,0.7622601045295596,,434.3
4660,-4.300000000000001,0,4,3,1,0.7622601045295596,,434.3
4661,-4.300000000000001,0,4,3,1,0.7622601045295596,,434.4
4662,-4.300000000000001,0,4,3,1,0.7622601045295596,,434.5
4663,-0.6000000000000001,0,6,3,1,0.7622601045295596,,434.5
4664,-2.3000000000000003,0,4,3,1,0.7622601045295596,,434.6
4665,-4.300000000000001,0,4,3,1,0.7622601045295596,,434.6
4666,-4.300000000000001,0,4,3,1,0.7622601045295596,,434.7
4667,-2.3000000000000003,0,4,3,1,0.7622601045295596,,434.8
4668,5.7,1,4,3,1,0.7622601045295596,,434.8
4669,-4.300000000000001,0,4,3,1,0.7622601045295596,,434.9
4670,5.4,1,6,3,1,0.7622601045295596,,435.0
4671,-4.300000000000001,0,4,3,1,0.7622601045295596,,435.1
4672,-2.3000000000000003,0,4,3,1,0.7622601045295596,,435.1
4673,-4.300000000000001,0,4,3,1,0.7622601045295596,,435.1
4674,-2.3000000000000003,0,4,3,1,0.7622601045295596,,435.2
4675,-4.300000000000001,0,4,3,1,0.7622601045295596,,435.3
4676,-4.300000000000001,0,4,3,1,0.7622601045295596,,435.3
4677,-4.300000000000001,0,4,3,1,0.7622601045295596,,435.4
4678,-0.30000000000000004,0,4,3,1,0.7622601045295596,,435.5
4679,-2.3000000000000003,0,4,3,1,0.7622601045295596,,435.5
4680,-4.300000000000001,0,4,3,1,0.7622601045295596,,435.6
4681,-4.300000000000001,0,4,3,1,0.7622601045295596,,435.7
4682,-2.3000000000000003,0,4,3,1,0.7622601045295596,,435.8
4683,-4.300000000000001,0,4,3,1,0.7622601045295596,,435.9
4684,-4.300000000000001,0,4,3,1,0.7622601045295596,,435.9
4685,-4.300000000000001,0,4,3,1,0.7622601045295596,,436.0
4686,-4.300000000000001,0,4,3,1,0.7622601045295596,,436.1
4687,-4.300000000000001,0,4,3,1,0.7622601045295596,,436.2
4688,-2.3000000000000003,0,4,3,1,0.7622601045295596,,436.3
4689,-0.30000000000000004,0,4,3,1,0.7622601045295596,,436.3
4690,-0.30000000000000004,0,4,3,1,0.7622601045295596,,436.4
4691,5.7,1,4,3,1,0.7622601045295596,,436.5
4692,-4.300000000000001,0,4,3,1,0.7622601045295596,,436.6
4693,-5.6000000000000005,0,6,3,1,0.7622601045295596,,436.6
4694,-4.300000000000001,0,4,3,1,0.7622601045295596,,436.7
4695,-0.30000000000000004,0,4,3,1,0.7622601045295596,,436.8
4696,-0.30000000000000004,0,4,3,1,0.7622601045295596,,436.8
4697,-4.300000000000001,0,4,3,1,0.7622601045295596,,436.9
4698,-4.300000000000001,0,4,3,1,0.7622601045295596,,437.0
4699,-2.3000000000000003,0,4,3,1,0.7622601045295596,,437.0
4700,-4.300000000000001,0,4,3,1,0.7622601045295596,,437.0
4701,5.7,1,4,3,1,0.7622601045295596,,437.1
4702,-4.300000000000001,0,4,3,1,0.7622601045295596,,437.2
4703,-2.3000000000000003,0,4,3,1,0.7622601045295596,,437.3
4704,-4.300000000000001,0,4,3,1,0.7622601045295596,,437.3
4705,-4.300000000000001,0,4,3,1,0.7622601045295596,,437.4
4706,5.7,1,4,3,1,0.7622601045295596,,437.5
4707,-2.3000000000000003,0,4,3,1,0.7622601045295596,,437.5
4708,-0.30000000000000004,0,4,3,1,0.7622601045295596,,437.6
4709,5.7,1,4,3,1,0.7622601045295596,,437.6
4710,-4.300000000000001,0,4,3,1,0.7622601045295596,,437.7
4711,-4.300000000000001,0,4,3,1,0.7622601045295596,,437.8
4712,-4.300000000000001,0,4,3,1,0.7622601045295596,,437.9
4713,-4.300000000000001,0,4,3,1,0.7622601045295596,,437.9
4714,-5.4,0,5,4,1,0.7622601045295596,,438.0
4715,-4.300000000000001,0,4,3,1,0.7622601045295596,,438.1
4716,-4.300000000000001,0,4,3,1,0.7622601045295596,,438.2
4717,-2.3000000000000003,0,4,3,1,0.7622601045295596,,438.2
4718,-2.3000000000000003,0,4,3,1,0.7622601045295596,,438.3
4719,-4.300000000000001,0,4,3,1,0.7622601045295596,,438.3
4720,-4.300000000000001,0,4,3,1,0.7622601045295596,,438.4
4721,-4.6,0,6,3,1,0.7622601045295596,,438.5
4722,-0.30000000000000004,0,4,3,1,0.7622601045295596,,438.6
4723,-2.3000000000000003,0,4,3,1,0.7622601045295596,,438.6
4724,-2.3000000000000003,0,4,3,1,0.7622601045295596,,438.7
4725,5.7,1,4,3,1,0.7622601045295596,,438.7
4726,-4.300000000000001,0,4,3,1,0.7622601045295596,,438.8
4727,-4.300000000000001,0,4,3,1,0.7622601045295596,,438.9
4728,-4.300000000000001,0,4,3,1,0.7622601045295596,,439.0
4729,-4.300000000000001,0,4,3,1,0.7622601045295596,,439.0
4730,-4.300000000000001,0,4,3,1,0.7622601045295596,,439.1
4731,-4.300000000000001,0,4,3,1,0.7622601045295596,,439.2
4732,-4.300000000000001,0,4,3,1,0.7622601045295596,,439.2
4733,-2.3000000000000003,0,4,3,1,0.7622601045295596,,439.3
4734,-4.300000000000001,0,4,3,1,0.7622601045295596,,439.4
4735,-4.300000000000001,0,4,3,1,0.7622601045295596,,439.4
4736,-2.3000000000000003,0,4,3,1,0.7622601045295596,,439.5
4737,-2.3000000000000003,0,4,3,1,0.7622601045295596,,439.6
4738,-5.6000000000000005,0,6,3,1,0.7622601045295596,,439.6
4739,-2.3000000000000003,0,4,3,1,0.7622601045295596,,439.7
4740,5.7,1,4,3,1,0.7622601045295596,,439.8
4741,-4.300000000000001,0,4,3,1,0.7622601045295596,,439.9
4742,-0.30000000000000004,0,4,3,1,0.7622601045295596,,440.0
4743,-2.3000000000000003,0,4,3,1,0.7622601045295596,,440.0
4744,-4.300000000000001,0,4,3,1,0.7622601045295596,,440.1
4745,-4.300000000000001,0,4,3,1,0.7622601045295596,,440.1
4746,-4.300000000000001,0,4,3,1,0.7622601045295596,,440.1
4747,-4.6,0,6,3,1,0.7622601045295596,,440.2
4748,-2.3000000000000003,0,4,3,1,0.7622601045295596,,440.3
4749,-2.3000000000000003,0,4,3,1,0.7622601045295596,,440.3
4750,-4.300000000000001,0,4,3,1,0.7622601045295596,,440.4
4751,-4.300000000000001,0,4,3,1,0.7622601045295596,,440.5
4752,-4.300000000000001,0,4,3,1,0.7622601045295596,,440.5
4753,-4.300000000000001,0,4,3,1,0.7622601045295596,,440.6
4754,-4.300000000000001,0,4,3,1,0.7622601045295596,,440.7
4755,-4.300000000000001,0,4,3,1,0.7622601045295596,,440.7
4756,-4.300000000000001,0,4,3,1,0.7622601045295596,,440.8
4757,-4.300000000000001,0,4,3,1,0.7622601045295596,,440.9
4758,-4.300000000000001,0,4,3,1,0.7622601045295596,,440.9
4759,5.7,1,4,3,1,0.7622601045295596,,441.0
4760,-3.6,0,6,3,1,0.7622601045295596,,441.0
4761,-4.300000000000001,0,4,3,1,0.7622601045295596,,441.1
4762,-0.30000000000000004,0,4,3,1,0.7622601045295596,,441.2
4763,-0.30000000000000004,0,4,3,1,0.7622601045295596,,441.3
4764,-0.30000000000000004,0,4,3,1,0.7622601045295596,,441.3
4765,-2.3000000000000003,0,4,3,1,0.7622601045295596,,441.4
4766,-4.300000000000001,0,4,3,1,0.7622601045295596,,441.5
4767,-4.300000000000001,0,4,3,1,0.7622601045295596,,441.5
4768,-4.300000000000001,0,4,3,1,0.7622601045295596,,441.6
4769,-2.3000000000000003,0,4,3,1,0.7622601045295596,,441.7
4770,-2.3000000000000003,0,4,3,1,0.7622601045295596,,441.8
4771,-4.300000000000001,0,4,3,1,0.7622601045295596,,441.9
4772,5.7,1,4,3,1,0.7622601045295596,,442.0
4773,-4.300000000000001,0,4,3,1,0.7622601045295596,,442.1
4774,-2.3000000000000003,0,4,3,1,0.7622601045295596,,442.2
4775,-4.300000000000001,0,4,3,1,0.7622601045295596,,442.3
4776,-4.300000000000001,0,4,3,1,0.7622601045295596,,442.3
4777,-4.300000000000001,0,4,3,1,0.7622601045295596,,442.4
4778,-5.6000000000000005,0,6,3,1,0.7622601045295596,,442.5
4779,5.7,1,4,3,1,0.7622601045295596,,442.6
4780,-4.300000000000001,0,4,3,1,0.7622601045295596,,442.7
4781,-4.300000000000001,0,4,3,1,0.7622601045295596,,442.7
4782,-4.300000000000001,0,4,3,1,0.7622601045295596,,442.8
4783,-4.300000000000001,0,4,3,1,0.7622601045295596,,442.9
4784,-4.300000000000001,0,4,3,1,0.7622601045295596,,443.0
4785,-4.300000000000001,0,4,3,1,0.7622601045295596,,443.1
4786,-2.3000000000000003,0,4,3,1,0.7622601045295596,,443.1
4787,-4.300000000000001,0,4,3,1,0.7622601045295596,,443.2
4788,-4.300000000000001,0,4,3,1,0.7622601045295596,,443.2
4789,-4.300000000000001,0,4,3,1,0.7622601045295596,,443.3
4790,-2.3000000000000003,0,4,3,1,0.7622601045295596,,443.4
4791,-4.300000000000001,0,4,3,1,0.7622601045295596,,443.4
4792,-4.300000000000001,0,4,3,1,0.7622601045295596,,443.5
4793,-2.3000000000000003,0,4,3,1,0.7622601045295596,,443.5
4794,-2.3000000000000003,0,4,3,1,0.7622601045295596,,443.6
4795,-2.3000000000000003,0,4,3,1,0.7622601045295596,,443.6
4796,-0.30000000000000004,0,4,3,1,0.7622601045295596,,443.7
4797,-2.3000000000000003,0,4,3,1,0.7622601045295596,,443.8
4798,-4.300000000000001,0,4,3,1,0.7622601045295596,,443.9
4799,-4.300000000000001,0,4,3,1,0.7622601045295596,,444.0
4800,-4.300000000000001,0,4,3,1,0.7622601045295596,,444.1
4801,-4.300000000000001,0,4,3,1,0.7622601045295596,,444.1
4802,-2.3000000000000003,0,4,3,1,0.7622601045295596,,444.2
4803,-0.30000000000000004,0,4,3,1,0.7622601045295596,,444.2
4804,5.7,1,4,3,1,0.7622601045295596,,444.3
4805,-4.300000000000001,0,4,3,1,0.7622601045295596,,444.4
4806,-4.300000000000001,0,4,3,1,0.7622601045295596,,444.4
4807,-4.300000000000001,0,4,3,1,0.7622601045295596,,444.5
4808,5.7,1,4,3,1,0.7622601045295596,,444.6
4809,-4.300000000000001,0,4,3,1,0.7622601045295596,,444.7
4810,-2.3000000000000003,0,4,3,1,0.7622601045295596,,444.7
4811,-4.300000000000001,0,4,3,1,0.7622601045295596,,444.8
4812,-4.300000000000001,0,4,3,1,0.7622601045295596,,444.9
4813,-0.30000000000000004,0,4,3,1,0.7622601045295596,,445.0
4814,-0.30000000000000004,0,4,3,1,0.7622601045295596,,445.1
4815,-0.30000000000000004,0,4,3,1,0.7622601045295596,,445.1
4816,-0.30000000000000004,0,4,3,1,0.7622601045295596,,445.2
4817,-4.300000000000001,0,4,3,1,0.7622601045295596,,445.2
4818,-4.300000000000001,0,4,3,1,0.7622601045295596,,445.3
4819,-4.300000000000001,0,4,3,1,0.7622601045295596,,445.4
4820,-4.300000000000001,0,4,3,1,0.7622601045295596,,445.4
4821,-0.30000000000000004,0,4,3,1,0.7622601045295596,,445.5
4822,-4.300000000000001,0,4,3,1,0.7622601045295596,,445.5
4823,-4.300000000000001,0,4,3,1,0.7622601045295596,,445.6
4824,-4.300000000000001,0,4,3,1,0.7622601045295596,,445.7
4825,-2.3000000000000003,0,4,3,1,0.7622601045295596,,445.7
4826,-4.300000000000001,0,4,3,1,0.7622601045295596,,445.8
4827,-4.300000000000001,0,4,3,1,0.7622601045295596,,445.9
4828,-4.300000000000001,0,4,3,1,0.7622601045295596,,446.0
4829,-4.300000000000001,0,4,3,1,0.7622601045295596,,446.0
4830,-4.300000000000001,0,4,3,1,0.7622601045295596,,446.1
4831,-4.300000000000001,0,4,3,1,0.7622601045295596,,446.1
4832,-2.3000000000000003,0,4,3,1,0.7622601045295596,,446.2
4833,-4.300000000000001,0,4,3,1,0.7622601045295596,,446.3
4834,-2.3000000000000003,0,4,3,1,0.7622601045295596,,446.4
4835,-4.300000000000001,0,4,3,1,0.7622601045295596,,446.4
4836,-4.300000000000001,0,4,3,1,0.7622601045295596,,446.6
4837,-4.300000000000001,0,4,3,1,0.7622601045295596,,446.6
4838,-2.3000000000000003,0,4,3,1,0.7622601045295596,,446.6
4839,-4.300000000000001,0,4,3,1,0.7622601045295596,,446.7
4840,-4.300000000000001,0,4,3,1,0.7622601045295596,,446.8
4841,-4.300000000000001,0,4,3,1,0.7622601045295596,,446.9
4842,-0.30000000000000004,0,4,3,1,0.7622601045295596,,446.9
4843,-4.300000000000001,0,4,3,1,0.7622601045295596,,447.0
4844,-0.30000000000000004,0,4,3,1,0.7622601045295596,,447.1
4845,-4.300000000000001,0,4,3,1,0.7622601045295596,,447.2
4846,-4.300000000000001,0,4,3,1,0.7622601045295596,,447.2
4847,-4.300000000000001,0,4,3,1,0.7622601045295596,,447.3
4848,-2.3000000000000003,0,4,3,1,0.7622601045295596,,447.3
4849,-4.300000000000001,0,4,3,1,0.7622601045295596,,447.4
4850,-4.300000000000001,0,4,3,1,0.7622601045295596,,447.5
4851,-4.300000000000001,0,4,3,1,0.7622601045295596,,447.5
4852,-4.300000000000001,0,4,3,1,0.7622601045295596,,447.6
4853,5.7,1,4,3,1,0.7622601045295596,,447.6
4854,-4.300000000000001,0,4,3,1,0.7622601045295596,,447.7
4855,-4.300000000000001,0,4,3,1,0.7622601045295596,,447.8
4856,-0.30000000000000004,0,4,3,1,0.7622601045295596,,447.8
4857,5.7,1,4,3,1,0.7622601045295596,,447.9
4858,-4.300000000000001,0,4,3,1,0.7622601045295596,,448.0
4859,-4.300000000000001,0,4,3,1,0.7622601045295596,,448.0
4860,-4.300000000000001,0,4,3,1,0.7622601045295596,,448.1
4861,-4.300000000000001,0,4,3,1,0.7622601045295596,,448.1
4862,-5.4,0,5,4,1,0.7622601045295596,,448.2
4863,-2.3000000000000003,0,4,3,1,0.7622601045295596,,448.3
4864,-4.300000000000001,0,4,3,1,0.7622601045295596,,448.4
4865,-4.300000000000001,0,4,3,1,0.7622601045295596,,448.4
4866,-4.300000000000001,0,4,3,1,0.7622601045295596,,448.5
4867,-2.3000000000000003,0,4,3,1,0.7622601045295596,,448.5
4868,-4.300000000000001,0,4,3,1,0.7622601045295596,,448.6
4869,-2.3000000000000003,0,4,3,1,0.7622601045295596,,448.7
4870,-4.300000000000001,0,4,3,1,0.7622601045295596,,448.7
4871,-0.30000000000000004,0,4,3,1,0.7622601045295596,,448.8
4872,-2.3000000000000003,0,4,3,1,0.7622601045295596,,448.8
4873,-4.300000000000001,0,4,3,1,0.7622601045295596,,448.9
4874,-4.300000000000001,0,4,3,1,0.7622601045295596,,449.0
4875,-4.300000000000001,0,4,3,1,0.7622601045295596,,449.0
4876,-4.300000000000001,0,4,3,1,0.7622601045295596,,449.1
4877,-4.300000000000001,0,4,3,1,0.7622601045295596,,449.2
4878,-4.300000000000001,0,4,3,1,0.7622601045295596,,449.3
4879,-2.3000000000000003,0,4,3,1,0.7622601045295596,,449.3
4880,-2.3000000000000003,0,4,3,1,0.7622601045295596,,449.4
4881,5.7,1,4,3,1,0.7622601045295596,,449.4
4882,-0.30000000000000004,0,4,3,1,0.7622601045295596,,449.5
4883,-4.300000000000001,0,4,3,1,0.7622601045295596,,449.5
4884,-4.300000000000001,0,4,3,1,0.7622601045295596,,449.6
4885,-0.30000000000000004,0,4,3,1,0.7622601045295596,,449.7
4886,5.7,1,4,3,1,0.7622601045295596,,449.7
4887,5.7,1,4,3,1,0.7622601045295596,,449.8
4888,-2.3000000000000003,0,4,3,1,0.7622601045295596,,449.9
4889,-0.30000000000000004,0,4,3,1,0.7622601045295596,,449.9
4890,-4.300000000000001,0,4,3,1,0.7622601045295596,,450.0
4891,-0.30000000000000004,0,4,3,1,0.7622601045295596,,450.1
4892,-4.300000000000001,0,4,3,1,0.7622601045295596,,450.2
4893,-4.300000000000001,0,4,3,1,0.7622601045295596,,450.3
4894,-2.3000000000000003,0,4,3,1,0.7622601045295596,,450.4
4895,-2.3000000000000003,0,4,3,1,0.7622601045295596,,450.4
4896,-2.3000000000000003,0,4,3,1,0.7622601045295596,,450.5
4897,5.7,1,4,3,1,0.7622601045295596,,450.6
4898,-4.300000000000001,0,4,3,1,0.7622601045295596,,450.7
4899,-4.300000000000001,0,4,3,1,0.7622601045295596,,450.7
4900,-4.300000000000001,0,4,3,1,0.7622601045295596,,450.8
4901,-4.300000000000001,0,4,3,1,0.7622601045295596,,450.9
4902,-4.300000000000001,0,4,3,1,0.7622601045295596,,450.9
4903,-4.300000000000001,0,4,3,1,0.7622601045295596,,451.0
4904,-4.300000000000001,0,4,3,1,0.7622601045295596,,451.1
4905,5.7,1,4,3,1,0.7622601045295596,,451.1
4906,-4.300000000000001,0,4,3,1,0.7622601045295596,,451.2
4907,-0.30000000000000004,0,4,3,1,0.7622601045295596,,451.2
4908,5.4,1,6,3,1,0.7622601045295596,,451.2
4909,5.7,1,4,3,1,0.7622601045295596,,451.3
4910,-4.300000000000001,0,4,3,1,0.7622601045295596,,451.4
4911,-4.300000000000001,0,4,3,1,0.7622601045295596,,451.5
4912,-2.3000000000000003,0,4,3,1,0.7622601045295596,,451.6
4913,5.7,1,4,3,1,0.7622601045295596,,451.7
4914,-0.30000000000000004,0,4,3,1,0.7622601045295596,,451.7
4915,-2.3000000000000003,0,4,3,1,0.7622601045295596,,451.8
4916,5.7,1,4,3,1,0.7622601045295596,,451.8
4917,-4.300000000000001,0,4,3,1,0.7622601045295596,,451.9
4918,-4.300000000000001,0,4,3,1,0.7622601045295596,,452.0
4919,-4.300000000000001,0,4,3,1,0.7622601045295596,,452.1
4920,-0.30000000000000004,0,4,3,1,0.7622601045295596,,452.1
4921,-4.300000000000001,0,4,3,1,0.7622601045295596,,452.1
4922,-2.3000000000000003,0,4,3,1,0.7622601045295596,,452.2
4923,-4.300000000000001,0,4,3,1,0.7622601045295596,,452.3
4924,-4.300000000000001,0,4,3,1,0.7622601045295596,,452.3
4925,-4.300000000000001,0,4,3,1,0.7622601045295596,,452.4
4926,-4.300000000000001,0,4,3,1,0.7622601045295596,,452.5
4927,-0.30000000000000004,0,4,3,1,0.7622601045295596,,452.5
4928,-4.300000000000001,0,4,3,1,0.7622601045295596,,452.6
4929,-4.6000000000000005,0,6,3,1,0.7622601045295596,,452.7
4930,-0.30000000000000004,0,4,3,1,0.7622601045295596,,452.7
4931,-4.300000000000001,0,4,3,1,0.7622601045295596,,452.8
4932,-4.300000000000001,0,4,3,1,0.7622601045295596,,452.9
4933,-2.3000000000000003,0,4,3,1,0.7622601045295596,,452.9
4934,-4.300000000000001,0,4,3,1,0.7622601045295596,,453.0
4935,-4.300000000000001,0,4,3,1,0.7622601045295596,,453.0
4936,-0.30000000000000004,0,4,3,1,0.7622601045295596,,453.1
4937,-4.300000000000001,0,4,3,1,0.7622601045295596,,453.2
4938,-4.300000000000001,0,4,3,1,0.7622601045295596,,453.2
4939,5.4,1,6,3,1,0.7622601045295596,,453.3
4940,-2.3000000000000003,0,4,3,1,0.7622601045295596,,453.4
4941,-4.6,0,6,3,1,0.7622601045295596,,453.4
4942,-4.300000000000001,0,4,3,1,0.7622601045295596,,453.5
4943,-4.300000000000001,0,4,3,1,0.7622601045295596,,453.5
4944,-4.300000000000001,0,4,3,1,0.7622601045295596,,453.6
4945,-2.6,0,6,3,1,0.7622601045295596,,453.6
4946,-0.30000000000000004,0,4,3,1,0.7622601045295596,,453.7
4947,-4.300000000000001,0,4,3,1,0.7622601045295596,,453.8
4948,-4.300000000000001,0,4,3,1,0.7622601045295596,,453.9
4949,-4.300000000000001,0,4,3,1,0.7622601045295596,,453.9
4950,-4.300000000000001,0,4,3,1,0.7622601045295596,,454.0
4951,-4.300000000000001,0,4,3,1,0.7622601045295596,,454.1
4952,-4.300000000000001,0,4,3,1,0.7622601045295596,,454.2
4953,-4.300000000000001,0,4,3,1,0.7622601045295596,,454.3
4954,-4.300000000000001,0,4,3,1,0.7622601045295596,,454.3
4955,5.7,1,4,3,1,0.7622601045295596,,454.4
4956,-4.300000000000001,0,4,3,1,0.7622601045295596,,454.5
4957,-0.30000000000000004,0,4,3,1,0.7622601045295596,,454.6
4958,-2.3000000000000003,0,4,3,1,0.7622601045295596,,454.7
4959,-4.300000000000001,0,4,3,1,0.7622601045295596,,454.7
4960,-4.300000000000001,0,4,3,1,0.7622601045295596,,454.8
4961,5.7,1,4,3,1,0.7622601045295596,,454.9
4962,-2.3000000000000003,0,4,3,1,0.7622601045295596,,455.0
4963,5.7,1,4,3,1,0.7622601045295596,,455.1
4964,-0.6000000000000001,0,6,3,1,0.7622601045295596,,455.1
4965,-2.3000000000000003,0,4,3,1,0.7622601045295596,,455.2
4966,-0.30000000000000004,0,4,3,1,0.7622601045295596,,455.3
4967,-4.300000000000001,0,4,3,1,0.7622601045295596,,455.3
4968,-2.3000000000000003,0,4,3,1,0.7622601045295596,,455.3
4969,-4.300000000000001,0,4,3,1,0.7622601045295596,,455.4
4970,-5.6000000000000005,0,6,3,1,0.7622601045295596,,455.5
4971,-2.3000000000000003,0,4,3,1,0.7622601045295596,,455.5
4972,-4.300000000000001,0,4,3,1,0.7622601045295596,,455.6
4973,-4.300000000000001,0,4,3,1,0.7622601045295596,,455.7
4974,-0.6000000000000001,0,6,3,1,0.7622601045295596,,455.7
4975,-4.300000000000001,0,4,3,1,0.7622601045295596,,455.8
4976,-0.30000000000000004,0,4,3,1,0.7622601045295596,,455.8
4977,-4.300000000000001,0,4,3,1,0.7622601045295596,,455.9
4978,-4.300000000000001,0,4,3,1,0.7622601045295596,,455.9
4979,-2.3000000000000003,0,4,3,1,0.7622601045295596,,456.0
4980,-4.300000000000001,0,4,3,1,0.7622601045295596,,456.1
4981,-4.6,0,6,3,1,0.7622601045295596,,456.2
4982,-4.300000000000001,0,4,3,1,0.7622601045295596,,456.2
4983,-4.300000000000001,0,4,3,1,0.7622601045295596,,456.3
4984,-4.300000000000001,0,4,3,1,0.7622601045295596,,456.3
4985,-6.9,0,8,3,1,0.7622601045295596,,456.4
4986,-2.3000000000000003,0,4,3,1,0.7622601045295596,,456.5
4987,5.7,1,4,3,1,0.7622601045295596,,456.6
4988,-4.300000000000001,0,4,3,1,0.7622601045295596,,456.6
4989,-4.300000000000001,0,4,3,1,0.7622601045295596,,456.7
4990,-2.3000000000000003,0,4,3,1,0.7622601045295596,,456.8
4991,-5.6000000000000005,0,6,3,1,0.7622601045295596,,456.8
4992,-4.300000000000001,0,4,3,1,0.7622601045295596,,456.8
4993,-4.300000000000001,0,4,3,1,0.7622601045295596,,456.9
4994,-4.300000000000001,0,4,3,1,0.7622601045295596,,457.0
4995,5.7,1,4,3,1,0.7622601045295596,,457.1
4996,-4.300000000000001,0,4,3,1,0.7622601045295596,,457.2
4997,-2.3000000000000003,0,4,3,1,0.7622601045295596,,457.2
4998,-4.300000000000001,0,4,3,1,0.7622601045295596,,457.3
4999,5.7,1,4,3,1,0.7622601045295596,,457.3
5000,-4.300000000000001,0,4,3,1,0.7622601045295596,,457.4
5001,-4.300000000000001,0,4,3,1,0.7622601045295596,,462.8
5002,-4.300000000000001,0,4,3,1,0.7622601045295596,,462.8
5003,-4.300000000000001,0,4,3,1,0.7622601045295596,,462.9
5004,-2.3000000000000003,0,4,3,1,0.7622601045295596,,462.9
5005,-0.30000000000000004,0,4,3,1,0.7622601045295596,,463.0
5006,-4.300000000000001,0,4,3,1,0.7622601045295596,,463.1
5007,-0.30000000000000004,0,4,3,1,0.7622601045295596,,463.1
5008,-4.300000000000001,0,4,3,1,0.7622601045295596,,463.2
5009,-4.300000000000001,0,4,3,1,0.7622601045295596,,463.2
5010,-4.300000000000001,0,4,3,1,0.7622601045295596,,463.3
5011,-0.30000000000000004,0,4,3,1,0.7622601045295596,,463.4
5012,-2.3000000000000003,0,4,3,1,0.7622601045295596,,463.4
5013,5.7,1,4,3,1,0.7622601045295596,,463.5
5014,-4.300000000000001,0,4,3,1,0.7622601045295596,,463.6
5015,-4.300000000000001,0,4,3,1,0.7622601045295596,,463.7
5016,-0.30000000000000004,0,4,3,1,0.7622601045295596,,463.7
5017,-0.30000000000000004,0,4,3,1,0.7622601045295596,,463.8
5018,-4.300000000000001,0,4,3,1,0.7622601045295596,,463.9
5019,-4.300000000000001,0,4,3,1,0.7622601045295596,,463.9
5020,-4.300000000000001,0,4,3,1,0.7622601045295596,,464.0
5021,-0.30000000000000004,0,4,3,1,0.7622601045295596,,464.1
5022,-4.300000000000001,0,4,3,1,0.7622601045295596,,464.2
5023,-4.300000000000001,0,4,3,1,0.7622601045295596,,464.2
5024,-0.30000000000000004,0,4,3,1,0.7622601045295596,,464.3
5025,-4.300000000000001,0,4,3,1,0.7622601045295596,,464.4
5026,-4.300000000000001,0,4,3,1,0.7622601045295596,,464.5
5027,-4.300000000000001,0,4,3,1,0.7622601045295596,,464.6
5028,-4.300000000000001,0,4,3,1,0.7622601045295596,,464.7
5029,-4.300000000000001,0,4,3,1,0.7622601045295596,,464.7
5030,-2.3000000000000003,0,4,3,1,0.7622601045295596,,464.8
5031,-4.300000000000001,0,4,3,1,0.7622601045295596,,464.9
5032,-4.300000000000001,0,4,3,1,0.7622601045295596,,465.0
5033,-4.300000000000001,0,4,3,1,0.7622601045295596,,465.1
5034,-2.3000000000000003,0,4,3,1,0.7622601045295596,,465.1
5035,-4.300000000000001,0,4,3,1,0.7622601045295596,,465.2
5036,-0.30000000000000004,0,4,3,1,0.7622601045295596,,465.3
5037,-4.300000000000001,0,4,3,1,0.7622601045295596,,465.3
5038,-4.300000000000001,0,4,3,1,0.7622601045295596,,465.4
5039,-4.300000000000001,0,4,3,1,0.7622601045295596,,465.5
5040,-4.300000000000001,0,4,3,1,0.7622601045295596,,465.6
5041,-4.300000000000001,0,4,3,1,0.7622601045295596,,465.7
5042,-4.300000000000001,0,4,3,1,0.7622601045295596,,465.8
5043,-0.30000000000000004,0,4,3,1,0.7622601045295596,,465.8
5044,-4.300000000000001,0,4,3,1,0.7622601045295596,,465.9
5045,-2.3000000000000003,0,4,3,1,0.7622601045295596,,466.0
5046,-4.300000000000001,0,4,3,1,0.7622601045295596,,466.1
5047,-4.300000000000001,0,4,3,1,0.7622601045295596,,466.1
5048,-4.300000000000001,0,4,3,1,0.7622601045295596,,466.2
5049,-4.300000000000001,0,4,3,1,0.7622601045295596,,466.3
5050,-4.300000000000001,0,4,3,1,0.7622601045295596,,466.4
5051,-4.300000000000001,0,4,3,1,0.7622601045295596,,466.4
5052,-4.300000000000001,0,4,3,1,0.7622601045295596,,466.5
5053,-2.3000000000000003,0,4,3,1,0.7622601045295596,,466.6
5054,-0.30000000000000004,0,4,3,1,0.7622601045295596,,466.7
5055,-2.3000000000000003,0,4,3,1,0.7622601045295596,,466.7
5056,-4.300000000000001,0,4,3,1,0.7622601045295596,,466.8
5057,-4.300000000000001,0,4,3,1,0.7622601045295596,,466.9
5058,-4.300000000000001,0,4,3,1,0.7622601045295596,,466.9
5059,-4.300000000000001,0,4,3,1,0.7622601045295596,,467.0
5060,-4.300000000000001,0,4,3,1,0.7622601045295596,,467.0
5061,-4.300000000000001,0,4,3,1,0.7622601045295596,,467.1
5062,5.7,1,4,3,1,0.7622601045295596,,467.2
5063,-4.300000000000001,0,4,3,1,0.7622601045295596,,467.2
5064,-4.300000000000001,0,4,3,1,0.7622601045295596,,467.3
5065,-4.300000000000001,0,4,3,1,0.7622601045295596,,467.3
5066,-4.6,0,6,3,1,0.7622601045295596,,467.4
5067,-4.300000000000001,0,4,3,1,0.7622601045295596,,467.5
5068,5.7,1,4,3,1,0.7622601045295596,,467.6
5069,-2.3000000000000003,0,4,3,1,0.7622601045295596,,467.6
5070,-2.3000000000000003,0,4,3,1,0.7622601045295596,,467.7
5071,-4.300000000000001,0,4,3,1,0.7622601045295596,,467.8
5072,-4.300000000000001,0,4,3,1,0.7622601045295596,,467.8
5073,-4.300000000000001,0,4,3,1,0.7622601045295596,,467.9
5074,-4.6000000000000005,0,6,3,1,0.7622601045295596,,468.0
5075,-5.6000000000000005,0,6,3,1,0.7034630100242794,1.235172986984253,468.6
5076,-4.300000000000001,0,4,3,1,0.7034630100242794,,468.7
5077,-4.300000000000001,0,4,3,1,0.7034630100242794,,468.7
5078,-2.3000000000000003,0,4,3,1,0.7034630100242794,,468.8
5079,-4.300000000000001,0,4,3,1,0.7034630100242794,,468.8
5080,-4.300000000000001,0,4,3,1,0.7034630100242794,,468.9
5081,-4.300000000000001,0,4,3,1,0.7034630100242794,,469.0
5082,-4.300000000000001,0,4,3,1,0.7034630100242794,,469.0
5083,-4.300000000000001,0,4,3,1,0.7034630100242794,,469.1
5084,-2.3000000000000003,0,4,3,1,0.7034630100242794,,469.2
5085,-4.300000000000001,0,4,3,1,0.7034630100242794,,469.2
5086,-4.300000000000001,0,4,3,1,0.7034630100242794,,469.3
5087,5.7,1,4,3,1,0.7034630100242794,,469.4
5088,-2.3000000000000003,0,4,3,1,0.7034630100242794,,469.5
5089,-4.300000000000001,0,4,3,1,0.7034630100242794,,469.5
5090,-4.300000000000001,0,4,3,1,0.7034630100242794,,469.6
5091,-4.300000000000001,0,4,3,1,0.7034630100242794,,469.7
5092,-4.300000000000001,0,4,3,1,0.7034630100242794,,469.7
5093,-2.3000000000000003,0,4,3,1,0.7034630100242794,,469.8
5094,-4.300000000000001,0,4,3,1,0.7034630100242794,,469.9
5095,-4.300000000000001,0,4,3,1,0.7034630100242794,,470.0
5096,-2.3000000000000003,0,4,3,1,0.7034630100242794,,470.1
5097,-4.300000000000001,0,4,3,1,0.7034630100242794,,470.1
5098,-4.300000000000001,0,4,3,1,0.7034630100242794,,470.2
5099,-2.3000000000000003,0,4,3,1,0.7034630100242794,,470.3
5100,-0.30000000000000004,0,4,3,1,0.7034630100242794,,470.4
5101,-2.3000000000000003,0,4,3,1,0.7034630100242794,,470.5
5102,-4.300000000000001,0,4,3,1,0.7034630100242794,,470.5
5103,-0.30000000000000004,0,4,3,1,0.7034630100242794,,470.6
5104,-4.300000000000001,0,4,3,1,0.7034630100242794,,470.7
5105,-4.300000000000001,0,4,3,1,0.7034630100242794,,470.7
5106,-0.30000000000000004,0,4,3,1,0.7034630100242794,,470.8
5107,-2.3000000000000003,0,4,3,1,0.7034630100242794,,470.8
5108,-4.300000000000001,0,4,3,1,0.7034630100242794,,470.9
5109,-4.300000000000001,0,4,3,1,0.7034630100242794,,471.0
5110,5.7,1,4,3,1,0.7034630100242794,,471.1
5111,-4.300000000000001,0,4,3,1,0.7034630100242794,,471.1
5112,-4.300000000000001,0,4,3,1,0.7034630100242794,,471.2
5113,-4.300000000000001,0,4,3,1,0.7034630100242794,,471.2
5114,-2.3000000000000003,0,4,3,1,0.7034630100242794,,471.4
5115,-4.300000000000001,0,4,3,1,0.7034630100242794,,471.4
5116,-4.300000000000001,0,4,3,1,0.7034630100242794,,471.5
5117,-4.300000000000001,0,4,3,1,0.7034630100242794,,471.6
5118,-2.3000000000000003,0,4,3,1,0.7034630100242794,,471.6
5119,-4.6000000000000005,0,6,3,1,0.7034630100242794,,471.7
5120,-4.300000000000001,0,4,3,1,0.7034630100242794,,471.7
5121,-4.300000000000001,0,4,3,1,0.7034630100242794,,471.8
5122,-0.30000000000000004,0,4,3,1,0.7034630100242794,,471.8
5123,-4.300000000000001,0,4,3,1,0.7034630100242794,,471.9
5124,-4.300000000000001,0,4,3,1,0.7034630100242794,,472.0
5125,-4.300000000000001,0,4,3,1,0.7034630100242794,,472.1
5126,-4.300000000000001,0,4,3,1,0.7034630100242794,,472.1
5127,-2.3000000000000003,0,4,3,1,0.7034630100242794,,472.2
5128,-5.4,0,5,4,1,0.7034630100242794,,472.2
5129,-2.3000000000000003,0,4,3,1,0.7034630100242794,,472.3
5130,-4.300000000000001,0,4,3,1,0.7034630100242794,,472.4
5131,-4.300000000000001,0,4,3,1,0.7034630100242794,,472.5
5132,-4.300000000000001,0,4,3,1,0.7034630100242794,,472.6
5133,-2.3000000000000003,0,4,3,1,0.7034630100242794,,472.7
5134,-2.3000000000000003,0,4,3,1,0.7034630100242794,,472.8
5135,-2.3000000000000003,0,4,3,1,0.7034630100242794,,472.8
5136,-2.3000000000000003,0,4,3,1,0.7034630100242794,,472.9
5137,-4.300000000000001,0,4,3,1,0.7034630100242794,,473.0
5138,-4.300000000000001,0,4,3,1,0.7034630100242794,,473.1
5139,-0.30000000000000004,0,4,3,1,0.7034630100242794,,473.1
5140,-0.30000000000000004,0,4,3,1,0.7034630100242794,,473.2
5141,-4.300000000000001,0,4,3,1,0.7034630100242794,,473.3
5142,-2.3000000000000003,0,4,3,1,0.7034630100242794,,473.3
5143,-2.3000000000000003,0,4,3,1,0.7034630100242794,,473.4
5144,-2.3000000000000003,0,4,3,1,0.7034630100242794,,473.4
5145,-0.30000000000000004,0,4,3,1,0.7034630100242794,,473.5
5146,-4.300000000000001,0,4,3,1,0.7034630100242794,,473.6
5147,-2.3000000000000003,0,4,3,1,0.7034630100242794,,473.6
5148,-4.300000000000001,0,4,3,1,0.7034630100242794,,473.7
5149,-4.300000000000001,0,4,3,1,0.7034630100242794,,473.8
5150,-2.3000000000000003,0,4,3,1,0.7034630100242794,,473.8
5151,-4.300000000000001,0,4,3,1,0.7034630100242794,,473.9
5152,-4.300000000000001,0,4,3,1,0.7034630100242794,,473.9
5153,-4.300000000000001,0,4,3,1,0.7034630100242794,,473.9
5154,-4.300000000000001,0,4,3,1,0.7034630100242794,,474.0
5155,-4.300000000000001,0,4,3,1,0.7034630100242794,,474.1
5156,-4.300000000000001,0,4,3,1,0.7034630100242794,,474.1
5157,-4.300000000000001,0,4,3,1,0.7034630100242794,,474.2
5158,-2.3000000000000003,0,4,3,1,0.7034630100242794,,474.2
5159,-4.300000000000001,0,4,3,1,0.7034630100242794,,474.3
5160,5.7,1,4,3,1,0.7034630100242794,,474.4
5161,-4.6000000000000005,0,6,3,1,0.7034630100242794,,474.5
5162,-4.300000000000001,0,4,3,1,0.7034630100242794,,474.5
5163,-4.300000000000001,0,4,3,1,0.7034630100242794,,474.6
5164,-2.3000000000000003,0,4,3,1,0.7034630100242794,,474.7
5165,-0.30000000000000004,0,4,3,1,0.7034630100242794,,474.7
5166,-4.300000000000001,0,4,3,1,0.7034630100242794,,474.8
5167,-0.30000000000000004,0,4,3,1,0.7034630100242794,,474.9
5168,-4.300000000000001,0,4,3,1,0.7034630100242794,,474.9
5169,-4.300000000000001,0,4,3,1,0.7034630100242794,,475.0
5170,-4.300000000000001,0,4,3,1,0.7034630100242794,,475.1
5171,-0.30000000000000004,0,4,3,1,0.7034630100242794,,475.1
5172,-4.300000000000001,0,4,3,1,0.7034630100242794,,475.2
5173,-4.300000000000001,0,4,3,1,0.7034630100242794,,475.3
5174,-2.3000000000000003,0,4,3,1,0.7034630100242794,,475.3
5175,-3.6000000000000005,0,6,3,1,0.7034630100242794,,475.4
5176,-4.300000000000001,0,4,3,1,0.7034630100242794,,475.4
5177,-2.3000000000000003,0,4,3,1,0.7034630100242794,,475.5
5178,-4.300000000000001,0,4,3,1,0.7034630100242794,,475.6
5179,-4.300000000000001,0,4,3,1,0.7034630100242794,,475.6
5180,-0.30000000000000004,0,4,3,1,0.7034630100242794,,475.7
5181,-4.300000000000001,0,4,3,1,0.7034630100242794,,475.7
5182,-2.3000000000000003,0,4,3,1,0.7034630100242794,,475.8
5183,-4.300000000000001,0,4,3,1,0.7034630100242794,,475.9
5184,-2.3000000000000003,0,4,3,1,0.7034630100242794,,475.9
5185,5.7,1,4,3,1,0.7034630100242794,,476.0
5186,-4.300000000000001,0,4,3,1,0.7034630100242794,,476.0
5187,-2.3000000000000003,0,4,3,1,0.7034630100242794,,476.1
5188,-4.300000000000001,0,4,3,1,0.7034630100242794,,476.1
5189,-0.30000000000000004,0,4,3,1,0.7034630100242794,,476.2
5190,-4.300000000000001,0,4,3,1,0.7034630100242794,,476.3
5191,-4.300000000000001,0,4,3,1,0.7034630100242794,,476.4
5192,-4.300000000000001,0,4,3,1,0.7034630100242794,,476.4
5193,-0.30000000000000004,0,4,3,1,0.7034630100242794,,476.5
5194,-5.4,0,5,4,1,0.7034630100242794,,476.5
5195,-2.3000000000000003,0,4,3,1,0.7034630100242794,,476.6
5196,-2.3000000000000003,0,4,3,1,0.7034630100242794,,476.7
5197,-4.300000000000001,0,4,3,1,0.7034630100242794,,476.7
5198,-2.3000000000000003,0,4,3,1,0.7034630100242794,,476.8
5199,-4.300000000000001,0,4,3,1,0.7034630100242794,,476.9
5200,-4.300000000000001,0,4,3,1,0.7034630100242794,,476.9
5201,-4.300000000000001,0,4,3,1,0.7034630100242794,,477.0
5202,-2.3000000000000003,0,4,3,1,0.7034630100242794,,477.1
5203,5.7,1,4,3,1,0.7034630100242794,,477.1
5204,-4.300000000000001,0,4,3,1,0.7034630100242794,,477.2
5205,-4.300000000000001,0,4,3,1,0.7034630100242794,,477.3
5206,-0.30000000000000004,0,4,3,1,0.7034630100242794,,477.3
5207,-4.300000000000001,0,4,3,1,0.7034630100242794,,477.4
5208,-2.3000000000000003,0,4,3,1,0.7034630100242794,,477.5
5209,-4.300000000000001,0,4,3,1,0.7034630100242794,,477.6
5210,-4.300000000000001,0,4,3,1,0.7034630100242794,,477.7
5211,-4.300000000000001,0,4,3,1,0.7034630100242794,,477.7
5212,-4.300000000000001,0,4,3,1,0.7034630100242794,,477.8
5213,-4.300000000000001,0,4,3,1,0.7034630100242794,,477.8
5214,-4.300000000000001,0,4,3,1,0.7034630100242794,,477.9
5215,-2.3000000000000003,0,4,3,1,0.7034630100242794,,478.0
5216,-4.300000000000001,0,4,3,1,0.7034630100242794,,478.0
5217,-4.300000000000001,0,4,3,1,0.7034630100242794,,478.1
5218,-4.300000000000001,0,4,3,1,0.7034630100242794,,478.2
5219,-2.3000000000000003,0,4,3,1,0.7034630100242794,,478.2
5220,-4.300000000000001,0,4,3,1,0.7034630100242794,,478.3
5221,-2.3000000000000003,0,4,3,1,0.7034630100242794,,478.4
5222,-4.300000000000001,0,4,3,1,0.7034630100242794,,478.5
5223,-4.300000000000001,0,4,3,1,0.7034630100242794,,478.5
5224,-2.3000000000000003,0,4,3,1,0.7034630100242794,,478.6
5225,5.7,1,4,3,1,0.7034630100242794,,478.7
5226,-2.3000000000000003,0,4,3,1,0.7034630100242794,,478.8
5227,-4.300000000000001,0,4,3,1,0.7034630100242794,,478.8
5228,-4.300000000000001,0,4,3,1,0.7034630100242794,,478.9
5229,-4.300000000000001,0,4,3,1,0.7034630100242794,,478.9
5230,-4.300000000000001,0,4,3,1,0.7034630100242794,,479.0
5231,-0.30000000000000004,0,4,3,1,0.7034630100242794,,479.1
5232,-4.300000000000001,0,4,3,1,0.7034630100242794,,479.2
5233,-4.300000000000001,0,4,3,1,0.7034630100242794,,479.3
5234,-4.300000000000001,0,4,3,1,0.7034630100242794,,479.4
5235,-2.3000000000000003,0,4,3,1,0.7034630100242794,,479.4
5236,-4.300000000000001,0,4,3,1,0.7034630100242794,,479.5
5237,-0.30000000000000004,0,4,3,1,0.7034630100242794,,479.5
5238,-2.3000000000000003,0,4,3,1,0.7034630100242794,,479.6
5239,-4.300000000000001,0,4,3,1,0.7034630100242794,,479.6
5240,-4.300000000000001,0,4,3,1,0.7034630100242794,,479.7
5241,-2.3000000000000003,0,4,3,1,0.7034630100242794,,479.8
5242,-2.3000000000000003,0,4,3,1,0.7034630100242794,,479.9
5243,-4.300000000000001,0,4,3,1,0.7034630100242794,,480.0
5244,-4.300000000000001,0,4,3,1,0.7034630100242794,,480.1
5245,-4.300000000000001,0,4,3,1,0.7034630100242794,,480.1
5246,5.7,1,4,3,1,0.7034630100242794,,480.2
5247,-4.300000000000001,0,4,3,1,0.7034630100242794,,480.3
5248,-4.300000000000001,0,4,3,1,0.7034630100242794,,480.3
5249,5.7,1,4,3,1,0.7034630100242794,,480.4
5250,-4.300000000000001,0,4,3,1,0.7034630100242794,,480.5
5251,-2.6,0,6,3,1,0.7034630100242794,,480.6
5252,-4.300000000000001,0,4,3,1,0.7034630100242794,,480.6
5253,-4.300000000000001,0,4,3,1,0.7034630100242794,,480.7
5254,-2.3000000000000003,0,4,3,1,0.7034630100242794,,480.8
5255,-0.30000000000000004,0,4,3,1,0.7034630100242794,,480.8
5256,-4.300000000000001,0,4,3,1,0.7034630100242794,,480.9
5257,-4.300000000000001,0,4,3,1,0.7034630100242794,,481.0
5258,-0.30000000000000004,0,4,3,1,0.7034630100242794,,481.0
5259,-4.300000000000001,0,4,3,1,0.7034630100242794,,481.1
5260,-4.300000000000001,0,4,3,1,0.7034630100242794,,481.2
5261,-1.4000000000000001,0,5,4,1,0.7034630100242794,,481.3
5262,-4.300000000000001,0,4,3,1,0.7034630100242794,,481.4
5263,-2.3000000000000003,0,4,3,1,0.7034630100242794,,481.4
5264,-4.300000000000001,0,4,3,1,0.7034630100242794,,481.5
5265,-2.3000000000000003,0,4,3,1,0.7034630100242794,,481.6
5266,-4.300000000000001,0,4,3,1,0.7034630100242794,,481.6
5267,-4.300000000000001,0,4,3,1,0.7034630100242794,,481.7
5268,-4.300000000000001,0,4,3,1,0.7034630100242794,,481.8
5269,-4.300000000000001,0,4,3,1,0.7034630100242794,,481.8
5270,-4.300000000000001,0,4,3,1,0.7034630100242794,,481.9
5271,-4.300000000000001,0,4,3,1,0.7034630100242794,,481.9
5272,-4.300000000000001,0,4,3,1,0.7034630100242794,,482.0
5273,-4.300000000000001,0,4,3,1,0.7034630100242794,,482.1
5274,-4.300000000000001,0,4,3,1,0.7034630100242794,,482.2
5275,-0.30000000000000004,0,4,3,1,0.7034630100242794,,482.3
5276,-0.30000000000000004,0,4,3,1,0.7034630100242794,,482.5
5277,-4.300000000000001,0,4,3,1,0.7034630100242794,,482.5
5278,-2.3000000000000003,0,4,3,1,0.7034630100242794,,482.6
5279,-4.300000000000001,0,4,3,1,0.7034630100242794,,482.6
5280,-4.300000000000001,0,4,3,1,0.7034630100242794,,482.7
5281,-4.300000000000001,0,4,3,1,0.7034630100242794,,482.7
5282,-2.3000000000000003,0,4,3,1,0.7034630100242794,,482.8
5283,-4.300000000000001,0,4,3,1,0.7034630100242794,,482.8
5284,-4.300000000000001,0,4,3,1,0.7034630100242794,,482.9
5285,-2.3000000000000003,0,4,3,1,0.7034630100242794,,482.9
5286,-0.30000000000000004,0,4,3,1,0.7034630100242794,,483.0
5287,-4.300000000000001,0,4,3,1,0.7034630100242794,,483.1
5288,5.7,1,4,3,1,0.7034630100242794,,483.1
5289,-4.300000000000001,0,4,3,1,0.7034630100242794,,483.2
5290,-4.300000000000001,0,4,3,1,0.7034630100242794,,483.3
5291,-0.30000000000000004,0,4,3,1,0.7034630100242794,,483.4
5292,-4.300000000000001,0,4,3,1,0.7034630100242794,,483.5
5293,-4.300000000000001,0,4,3,1,0.7034630100242794,,483.5
5294,-4.300000000000001,0,4,3,1,0.7034630100242794,,483.6
5295,-2.3000000000000003,0,4,3,1,0.7034630100242794,,483.6
5296,-0.30000000000000004,0,4,3,1,0.7034630100242794,,483.7
5297,-2.3000000000000003,0,4,3,1,0.7034630100242794,,483.7
5298,-4.300000000000001,0,4,3,1,0.7034630100242794,,483.8
5299,-4.300000000000001,0,4,3,1,0.7034630100242794,,483.8
5300,-0.30000000000000004,0,4,3,1,0.7034630100242794,,483.9
5301,-4.300000000000001,0,4,3,1,0.7034630100242794,,484.0
5302,-0.30000000000000004,0,4,3,1,0.7034630100242794,,484.0
5303,-4.300000000000001,0,4,3,1,0.7034630100242794,,484.1
5304,-4.300000000000001,0,4,3,1,0.7034630100242794,,484.2
5305,-4.300000000000001,0,4,3,1,0.7034630100242794,,484.2
5306,-2.3000000000000003,0,4,3,1,0.7034630100242794,,484.3
5307,-2.3000000000000003,0,4,3,1,0.7034630100242794,,484.3
5308,-4.300000000000001,0,4,3,1,0.7034630100242794,,484.4
5309,-4.300000000000001,0,4,3,1,0.7034630100242794,,484.5
5310,-4.300000000000001,0,4,3,1,0.7034630100242794,,484.5
5311,-4.300000000000001,0,4,3,1,0.7034630100242794,,484.6
5312,-4.300000000000001,0,4,3,1,0.7034630100242794,,484.6
5313,-4.300000000000001,0,4,3,1,0.7034630100242794,,484.7
5314,-0.30000000000000004,0,4,3,1,0.7034630100242794,,484.8
5315,-4.300000000000001,0,4,3,1,0.7034630100242794,,484.9
5316,5.7,1,4,3,1,0.7034630100242794,,484.9
5317,-4.300000000000001,0,4,3,1,0.7034630100242794,,484.9
5318,-2.3000000000000003,0,4,3,1,0.7034630100242794,,485.0
5319,-2.3000000000000003,0,4,3,1,0.7034630100242794,,485.0
5320,-2.3000000000000003,0,4,3,1,0.7034630100242794,,485.1
5321,-4.300000000000001,0,4,3,1,0.7034630100242794,,485.1
5322,-4.300000000000001,0,4,3,1,0.7034630100242794,,485.2
5323,-4.300000000000001,0,4,3,1,0.7034630100242794,,485.2
5324,-2.3000000000000003,0,4,3,1,0.7034630100242794,,485.3
5325,-2.3000000000000003,0,4,3,1,0.7034630100242794,,485.3
5326,5.7,1,4,3,1,0.7034630100242794,,485.4
5327,-4.300000000000001,0,4,3,1,0.7034630100242794,,485.4
5328,-0.30000000000000004,0,4,3,1,0.7034630100242794,,485.5
5329,-4.300000000000001,0,4,3,1,0.7034630100242794,,485.6
5330,-4.300000000000001,0,4,3,1,0.7034630100242794,,485.6
5331,-2.3000000000000003,0,4,3,1,0.7034630100242794,,485.6
5332,-2.3000000000000003,0,4,3,1,0.7034630100242794,,485.7
5333,-4.300000000000001,0,4,3,1,0.7034630100242794,,485.7
5334,-2.3000000000000003,0,4,3,1,0.7034630100242794,,485.8
5335,-2.3000000000000003,0,4,3,1,0.7034630100242794,,485.9
5336,-4.300000000000001,0,4,3,1,0.7034630100242794,,486.0
5337,-4.300000000000001,0,4,3,1,0.7034630100242794,,486.1
5338,-4.300000000000001,0,4,3,1,0.7034630100242794,,486.1
5339,5.7,1,4,3,1,0.7034630100242794,,486.2
5340,-4.300000000000001,0,4,3,1,0.7034630100242794,,486.3
5341,-4.300000000000001,0,4,3,1,0.7034630100242794,,486.3
5342,-4.300000000000001,0,4,3,1,0.7034630100242794,,486.4
5343,-4.300000000000001,0,4,3,1,0.7034630100242794,,486.5
5344,-4.300000000000001,0,4,3,1,0.7034630100242794,,486.5
5345,-4.300000000000001,0,4,3,1,0.7034630100242794,,486.6
5346,-4.300000000000001,0,4,3,1,0.7034630100242794,,486.7
5347,4.4,1,6,3,1,0.7034630100242794,,486.8
5348,-0.30000000000000004,0,4,3,1,0.7034630100242794,,486.8
5349,-4.300000000000001,0,4,3,1,0.7034630100242794,,486.9
5350,5.7,1,4,3,1,0.7034630100242794,,486.9
5351,-2.3000000000000003,0,4,3,1,0.7034630100242794,,487.0
5352,-4.300000000000001,0,4,3,1,0.7034630100242794,,487.0
5353,-4.300000000000001,0,4,3,1,0.7034630100242794,,487.1
5354,-2.3000000000000003,0,4,3,1,0.7034630100242794,,487.1
5355,-4.300000000000001,0,4,3,1,0.7034630100242794,,487.2
5356,-5.6000000000000005,0,6,3,1,0.7034630100242794,,487.3
5357,-4.300000000000001,0,4,3,1,0.7034630100242794,,487.3
5358,-4.300000000000001,0,4,3,1,0.7034630100242794,,487.4
5359,-4.300000000000001,0,4,3,1,0.7034630100242794,,487.5
5360,-2.3000000000000003,0,4,3,1,0.7034630100242794,,487.5
5361,-2.3000000000000003,0,4,3,1,0.7034630100242794,,487.6
5362,-4.6000000000000005,0,6,3,1,0.7034630100242794,,487.7
5363,-0.30000000000000004,0,4,3,1,0.7034630100242794,,487.7
5364,-4.300000000000001,0,4,3,1,0.7034630100242794,,487.8
5365,-5.4,0,5,4,1,0.7034630100242794,,487.9
5366,-4.300000000000001,0,4,3,1,0.7034630100242794,,488.0
5367,-4.300000000000001,0,4,3,1,0.7034630100242794,,488.1
5368,-2.3000000000000003,0,4,3,1,0.7034630100242794,,488.1
5369,-4.300000000000001,0,4,3,1,0.7034630100242794,,488.2
5370,-0.30000000000000004,0,4,3,1,0.7034630100242794,,488.2
5371,-0.30000000000000004,0,4,3,1,0.7034630100242794,,488.3
5372,-4.300000000000001,0,4,3,1,0.7034630100242794,,488.4
5373,5.7,1,4,3,1,0.7034630100242794,,488.5
5374,-4.300000000000001,0,4,3,1,0.7034630100242794,,488.5
5375,-4.300000000000001,0,4,3,1,0.7034630100242794,,488.6
5376,-4.300000000000001,0,4,3,1,0.7034630100242794,,488.6
5377,-4.300000000000001,0,4,3,1,0.7034630100242794,,488.7
5378,-4.300000000000001,0,4,3,1,0.7034630100242794,,488.8
5379,-0.30000000000000004,0,4,3,1,0.7034630100242794,,488.9
5380,-0.30000000000000004,0,4,3,1,0.7034630100242794,,488.9
5381,-2.3000000000000003,0,4,3,1,0.7034630100242794,,489.0
5382,-4.300000000000001,0,4,3,1,0.7034630100242794,,489.0
5383,-2.3000000000000003,0,4,3,1,0.7034630100242794,,489.1
5384,5.7,1,4,3,1,0.7034630100242794,,489.2
5385,-2.3000000000000003,0,4,3,1,0.7034630100242794,,489.2
5386,-4.300000000000001,0,4,3,1,0.7034630100242794,,489.3
5387,-0.30000000000000004,0,4,3,1,0.7034630100242794,,489.3
5388,-0.30000000000000004,0,4,3,1,0.7034630100242794,,489.4
5389,-4.300000000000001,0,4,3,1,0.7034630100242794,,489.5
5390,-4.300000000000001,0,4,3,1,0.7034630100242794,,489.6
5391,-4.300000000000001,0,4,3,1,0.7034630100242794,,489.6
5392,-4.300000000000001,0,4,3,1,0.7034630100242794,,489.7
5393,-4.6000000000000005,0,6,3,1,0.7034630100242794,,489.8
5394,-4.300000000000001,0,4,3,1,0.7034630100242794,,489.9
5395,-2.3000000000000003,0,4,3,1,0.7034630100242794,,489.9
5396,-2.3000000000000003,0,4,3,1,0.7034630100242794,,490.0
5397,-4.300000000000001,0,4,3,1,0.7034630100242794,,490.0
5398,-0.30000000000000004,0,4,3,1,0.7034630100242794,,490.1
5399,-0.30000000000000004,0,4,3,1,0.7034630100242794,,490.1
5400,-4.300000000000001,0,4,3,1,0.7034630100242794,,490.2
5401,-4.300000000000001,0,4,3,1,0.7034630100242794,,490.2
5402,-2.3000000000000003,0,4,3,1,0.7034630100242794,,490.3
5403,5.7,1,4,3,1,0.7034630100242794,,490.4
5404,-2.3000000000000003,0,4,3,1,0.7034630100242794,,490.5
5405,-2.3000000000000003,0,4,3,1,0.7034630100242794,,490.5
5406,-4.300000000000001,0,4,3,1,0.7034630100242794,,490.6
5407,-4.300000000000001,0,4,3,1,0.7034630100242794,,490.6
5408,-4.300000000000001,0,4,3,1,0.7034630100242794,,490.7
5409,-4.300000000000001,0,4,3,1,0.7034630100242794,,490.8
5410,-4.300000000000001,0,4,3,1,0.7034630100242794,,490.9
5411,5.7,1,4,3,1,0.7034630100242794,,490.9
5412,-4.300000000000001,0,4,3,1,0.7034630100242794,,491.0
5413,5.7,1,4,3,1,0.7034630100242794,,491.1
5414,-4.300000000000001,0,4,3,1,0.7034630100242794,,491.2
5415,-4.300000000000001,0,4,3,1,0.7034630100242794,,491.2
5416,-4.300000000000001,0,4,3,1,0.7034630100242794,,491.3
5417,-4.300000000000001,0,4,3,1,0.7034630100242794,,491.3
5418,-4.300000000000001,0,4,3,1,0.7034630100242794,,491.4
5419,-4.300000000000001,0,4,3,1,0.7034630100242794,,491.4
5420,-2.3000000000000003,0,4,3,1,0.7034630100242794,,491.5
5421,-2.3000000000000003,0,4,3,1,0.7034630100242794,,491.5
5422,5.7,1,4,3,1,0.7034630100242794,,491.5
5423,-0.30000000000000004,0,4,3,1,0.7034630100242794,,491.6
5424,-4.300000000000001,0,4,3,1,0.7034630100242794,,491.7
5425,5.7,1,4,3,1,0.7034630100242794,,491.8
5426,-4.300000000000001,0,4,3,1,0.7034630100242794,,491.8
5427,-4.300000000000001,0,4,3,1,0.7034630100242794,,491.9
5428,5.7,1,4,3,1,0.7034630100242794,,491.9
5429,-2.3000000000000003,0,4,3,1,0.7034630100242794,,492.0
5430,-4.300000000000001,0,4,3,1,0.7034630100242794,,492.0
5431,-4.300000000000001,0,4,3,1,0.7034630100242794,,492.0
5432,-2.3000000000000003,0,4,3,1,0.7034630100242794,,492.1
5433,5.7,1,4,3,1,0.7034630100242794,,492.2
5434,5.7,1,4,3,1,0.7034630100242794,,492.3
5435,-4.300000000000001,0,4,3,1,0.7034630100242794,,492.4
5436,-4.300000000000001,0,4,3,1,0.7034630100242794,,492.4
5437,-4.300000000000001,0,4,3,1,0.7034630100242794,,492.5
5438,5.7,1,4,3,1,0.7034630100242794,,492.5
5439,-0.30000000000000004,0,4,3,1,0.7034630100242794,,492.6
5440,-4.300000000000001,0,4,3,1,0.7034630100242794,,492.7
5441,-4.300000000000001,0,4,3,1,0.7034630100242794,,492.7
5442,-4.300000000000001,0,4,3,1,0.7034630100242794,,492.8
5443,-4.300000000000001,0,4,3,1,0.7034630100242794,,492.8
5444,-4.300000000000001,0,4,3,1,0.7034630100242794,,493.0
5445,-4.300000000000001,0,4,3,1,0.7034630100242794,,493.0
5446,-4.6000000000000005,0,6,3,1,0.7034630100242794,,493.1
5447,-2.3000000000000003,0,4,3,1,0.7034630100242794,,493.1
5448,-4.300000000000001,0,4,3,1,0.7034630100242794,,493.2
5449,-2.3000000000000003,0,4,3,1,0.7034630100242794,,493.3
5450,-2.3000000000000003,0,4,3,1,0.7034630100242794,,493.3
5451,-2.3000000000000003,0,4,3,1,0.7034630100242794,,493.4
5452,-2.3000000000000003,0,4,3,1,0.7034630100242794,,493.4
5453,5.7,1,4,3,1,0.7034630100242794,,493.5
5454,-4.300000000000001,0,4,3,1,0.7034630100242794,,493.5
5455,-0.30000000000000004,0,4,3,1,0.7034630100242794,,493.6
5456,5.7,1,4,3,1,0.7034630100242794,,493.7
5457,-4.300000000000001,0,4,3,1,0.7034630100242794,,493.7
5458,5.7,1,4,3,1,0.7034630100242794,,493.8
5459,-4.300000000000001,0,4,3,1,0.7034630100242794,,493.8
5460,-2.3000000000000003,0,4,3,1,0.7034630100242794,,493.9
5461,-2.3000000000000003,0,4,3,1,0.7034630100242794,,494.0
5462,-4.300000000000001,0,4,3,1,0.7034630100242794,,494.0
5463,-2.3000000000000003,0,4,3,1,0.7034630100242794,,494.1
5464,-4.300000000000001,0,4,3,1,0.7034630100242794,,494.2
5465,-4.300000000000001,0,4,3,1,0.7034630100242794,,494.2
5466,-2.3000000000000003,0,4,3,1,0.7034630100242794,,494.3
5467,5.7,1,4,3,1,0.7034630100242794,,494.4
5468,-4.300000000000001,0,4,3,1,0.7034630100242794,,494.4
5469,-4.300000000000001,0,4,3,1,0.7034630100242794,,494.5
5470,-4.300000000000001,0,4,3,1,0.7034630100242794,,494.6
5471,-4.300000000000001,0,4,3,1,0.7034630100242794,,494.7
5472,-4.300000000000001,0,4,3,1,0.7034630100242794,,494.7
5473,5.7,1,4,3,1,0.7034630100242794,,494.8
5474,-4.300000000000001,0,4,3,1,0.7034630100242794,,494.9
5475,-0.30000000000000004,0,4,3,1,0.7034630100242794,,494.9
5476,5.7,1,4,3,1,0.7034630100242794,,495.0
5477,-5.4,0,5,4,1,0.7034630100242794,,495.1
5478,-2.3000000000000003,0,4,3,1,0.7034630100242794,,495.1
5479,-2.3000000000000003,0,4,3,1,0.7034630100242794,,495.2
5480,-2.3000000000000003,0,4,3,1,0.7034630100242794,,495.2
5481,-4.300000000000001,0,4,3,1,0.7034630100242794,,495.3
5482,-2.3000000000000003,0,4,3,1,0.7034630100242794,,495.4
5483,-0.30000000000000004,0,4,3,1,0.7034630100242794,,495.5
5484,-4.300000000000001,0,4,3,1,0.7034630100242794,,495.5
5485,-4.300000000000001,0,4,3,1,0.7034630100242794,,495.6
5486,-4.300000000000001,0,4,3,1,0.7034630100242794,,495.6
5487,-4.300000000000001,0,4,3,1,0.7034630100242794,,495.7
5488,-4.300000000000001,0,4,3,1,0.7034630100242794,,495.8
5489,-4.300000000000001,0,4,3,1,0.7034630100242794,,495.8
5490,-2.3000000000000003,0,4,3,1,0.7034630100242794,,495.9
5491,-4.300000000000001,0,4,3,1,0.7034630100242794,,495.9
5492,-4.300000000000001,0,4,3,1,0.7034630100242794,,496.0
5493,-2.3000000000000003,0,4,3,1,0.7034630100242794,,496.1
5494,-4.300000000000001,0,4,3,1,0.7034630100242794,,496.1
5495,-4.300000000000001,0,4,3,1,0.7034630100242794,,496.2
5496,-4.6,0,6,3,1,0.7034630100242794,,496.2
5497,-4.300000000000001,0,4,3,1,0.7034630100242794,,496.3
5498,-4.300000000000001,0,4,3,1,0.7034630100242794,,496.3
5499,-0.30000000000000004,0,4,3,1,0.7034630100242794,,496.4
5500,-2.3000000000000003,0,4,3,1,0.7034630100242794,,496.5
5501,-2.3000000000000003,0,4,3,1,0.7034630100242794,,501.7
5502,-4.300000000000001,0,4,3,1,0.7034630100242794,,501.8
5503,-4.300000000000001,0,4,3,1,0.7034630100242794,,501.9
5504,-0.30000000000000004,0,4,3,1,0.7034630100242794,,501.9
5505,-4.300000000000001,0,4,3,1,0.7034630100242794,,502.0
5506,-4.300000000000001,0,4,3,1,0.7034630100242794,,502.1
5507,-0.30000000000000004,0,4,3,1,0.7034630100242794,,502.2
5508,-4.300000000000001,0,4,3,1,0.7034630100242794,,502.3
5509,-2.6,0,6,3,1,0.7034630100242794,,502.3
5510,-4.300000000000001,0,4,3,1,0.7034630100242794,,502.4
5511,-2.3000000000000003,0,4,3,1,0.7034630100242794,,502.4
5512,-4.300000000000001,0,4,3,1,0.7034630100242794,,502.5
5513,-2.3000000000000003,0,4,3,1,0.7034630100242794,,502.6
5514,-4.300000000000001,0,4,3,1,0.7034630100242794,,502.6
5515,5.7,1,4,3,1,0.7034630100242794,,502.7
5516,-4.300000000000001,0,4,3,1,0.7034630100242794,,502.8
5517,-0.30000000000000004,0,4,3,1,0.7034630100242794,,502.9
5518,-4.300000000000001,0,4,3,1,0.7034630100242794,,503.0
5519,-2.3000000000000003,0,4,3,1,0.7034630100242794,,503.0
5520,-4.300000000000001,0,4,3,1,0.7034630100242794,,503.1
5521,-2.3000000000000003,0,4,3,1,0.7034630100242794,,503.2
5522,-4.300000000000001,0,4,3,1,0.7034630100242794,,503.2
5523,-4.300000000000001,0,4,3,1,0.7034630100242794,,503.3
5524,-4.300000000000001,0,4,3,1,0.7034630100242794,,503.3
5525,-4.300000000000001,0,4,3,1,0.7034630100242794,,503.4
5526,-4.300000000000001,0,4,3,1,0.7034630100242794,,503.5
5527,5.7,1,4,3,1,0.7034630100242794,,503.5
5528,-4.300000000000001,0,4,3,1,0.7034630100242794,,503.6
5529,-2.3000000000000003,0,4,3,1,0.7034630100242794,,503.7
5530,-0.30000000000000004,0,4,3,1,0.7034630100242794,,503.8
5531,-4.300000000000001,0,4,3,1,0.7034630100242794,,503.9
5532,-0.30000000000000004,0,4,3,1,0.7034630100242794,,503.9
5533,-0.30000000000000004,0,4,3,1,0.7034630100242794,,504.0
5534,-4.300000000000001,0,4,3,1,0.7034630100242794,,504.1
5535,5.7,1,4,3,1,0.7034630100242794,,504.2
5536,-4.300000000000001,0,4,3,1,0.7034630100242794,,504.2
5537,-4.300000000000001,0,4,3,1,0.7034630100242794,,504.3
5538,-4.300000000000001,0,4,3,1,0.7034630100242794,,504.3
5539,-2.3000000000000003,0,4,3,1,0.7034630100242794,,504.4
5540,-2.3000000000000003,0,4,3,1,0.7034630100242794,,504.4
5541,5.7,1,4,3,1,0.7034630100242794,,504.5
5542,5.7,1,4,3,1,0.7034630100242794,,504.6
5543,-4.300000000000001,0,4,3,1,0.7034630100242794,,504.7
5544,-0.30000000000000004,0,4,3,1,0.7034630100242794,,504.8
5545,-4.300000000000001,0,4,3,1,0.7034630100242794,,504.8
5546,-4.300000000000001,0,4,3,1,0.7034630100242794,,504.9
5547,-4.300000000000001,0,4,3,1,0.7034630100242794,,504.9
5548,-2.3000000000000003,0,4,3,1,0.7034630100242794,,505.0
5549,-4.300000000000001,0,4,3,1,0.7034630100242794,,505.1
5550,-4.300000000000001,0,4,3,1,0.7034630100242794,,505.1
5551,-4.300000000000001,0,4,3,1,0.7034630100242794,,505.2
5552,-4.300000000000001,0,4,3,1,0.7034630100242794,,505.3
5553,-4.300000000000001,0,4,3,1,0.7034630100242794,,505.3
5554,-4.300000000000001,0,4,3,1,0.7034630100242794,,505.4
5555,-4.300000000000001,0,4,3,1,0.7034630100242794,,505.5
5556,-4.300000000000001,0,4,3,1,0.7034630100242794,,505.5
5557,-4.300000000000001,0,4,3,1,0.7034630100242794,,505.6
5558,-4.300000000000001,0,4,3,1,0.7034630100242794,,505.6
5559,-4.300000000000001,0,4,3,1,0.7034630100242794,,505.7
5560,-4.300000000000001,0,4,3,1,0.7034630100242794,,505.8
5561,-4.300000000000001,0,4,3,1,0.7034630100242794,,505.9
5562,-4.300000000000001,0,4,3,1,0.7034630100242794,,506.0
5563,-4.300000000000001,0,4,3,1,0.7034630100242794,,506.0
5564,-4.300000000000001,0,4,3,1,0.7034630100242794,,506.1
5565,-0.30000000000000004,0,4,3,1,0.7034630100242794,,506.2
5566,-2.3000000000000003,0,4,3,1,0.7034630100242794,,506.2
5567,-4.6,0,6,3,1,0.7034630100242794,,506.3
5568,5.4,1,6,3,1,0.7034630100242794,,506.3
5569,-2.3000000000000003,0,4,3,1,0.7034630100242794,,506.4
5570,5.7,1,4,3,1,0.7034630100242794,,506.4
5571,-0.30000000000000004,0,4,3,1,0.7034630100242794,,506.5
5572,-2.3000000000000003,0,4,3,1,0.7034630100242794,,506.6
5573,-4.300000000000001,0,4,3,1,0.7034630100242794,,506.6
5574,5.7,1,4,3,1,0.7034630100242794,,506.7
5575,-0.30000000000000004,0,4,3,1,0.7034630100242794,,506.7
5576,-4.300000000000001,0,4,3,1,0.7034630100242794,,506.8
5577,-4.300000000000001,0,4,3,1,0.7034630100242794,,506.9
5578,-4.300000000000001,0,4,3,1,0.7034630100242794,,507.0
5579,-4.300000000000001,0,4,3,1,0.7034630100242794,,507.0
5580,-4.300000000000001,0,4,3,1,0.6830530487932265,1.3421730347909033,507.7
5581,-4.300000000000001,0,4,3,1,0.6830530487932265,,507.8
5582,-4.300000000000001,0,4,3,1,0.6830530487932265,,507.8
5583,5.7,1,4,3,1,0.6830530487932265,,507.9
5584,-4.300000000000001,0,4,3,1,0.6830530487932265,,508.0
5585,-4.300000000000001,0,4,3,1,0.6830530487932265,,508.1
5586,5.7,1,4,3,1,0.6830530487932265,,508.1
5587,5.7,1,4,3,1,0.6830530487932265,,508.2
5588,-4.300000000000001,0,4,3,1,0.6830530487932265,,508.3
5589,-4.300000000000001,0,4,3,1,0.6830530487932265,,508.4
5590,-4.300000000000001,0,4,3,1,0.6830530487932265,,508.4
5591,-2.3000000000000003,0,4,3,1,0.6830530487932265,,508.5
5592,-2.3000000000000003,0,4,3,1,0.6830530487932265,,508.5
5593,5.7,1,4,3,1,0.6830530487932265,,508.5
5594,-2.3000000000000003,0,4,3,1,0.6830530487932265,,508.6
5595,-0.30000000000000004,0,4,3,1,0.6830530487932265,,508.7
5596,-4.300000000000001,0,4,3,1,0.6830530487932265,,508.8
5597,-2.3000000000000003,0,4,3,1,0.6830530487932265,,508.9
5598,-4.300000000000001,0,4,3,1,0.6830530487932265,,508.9
5599,-4.300000000000001,0,4,3,1,0.6830530487932265,,509.0
5600,-4.300000000000001,0,4,3,1,0.6830530487932265,,509.1
5601,-4.300000000000001,0,4,3,1,0.6830530487932265,,509.1
5602,-4.300000000000001,0,4,3,1,0.6830530487932265,,509.2
5603,-4.300000000000001,0,4,3,1,0.6830530487932265,,509.2
5604,-4.300000000000001,0,4,3,1,0.6830530487932265,,509.2
5605,-4.300000000000001,0,4,3,1,0.6830530487932265,,509.3
5606,5.7,1,4,3,1,0.6830530487932265,,509.4
5607,-4.300000000000001,0,4,3,1,0.6830530487932265,,509.4
5608,-4.300000000000001,0,4,3,1,0.6830530487932265,,509.5
5609,-2.6,0,6,3,1,0.6830530487932265,,509.6
5610,-4.300000000000001,0,4,3,1,0.6830530487932265,,509.7
5611,-4.300000000000001,0,4,3,1,0.6830530487932265,,509.8
5612,-2.3000000000000003,0,4,3,1,0.6830530487932265,,509.8
5613,-2.3000000000000003,0,4,3,1,0.6830530487932265,,509.9
5614,-4.300000000000001,0,4,3,1,0.6830530487932265,,510.0
5615,-4.300000000000001,0,4,3,1,0.6830530487932265,,510.0
5616,-4.300000000000001,0,4,3,1,0.6830530487932265,,510.1
5617,-4.300000000000001,0,4,3,1,0.6830530487932265,,510.1
5618,-4.300000000000001,0,4,3,1,0.6830530487932265,,510.2
5619,-2.3000000000000003,0,4,3,1,0.6830530487932265,,510.3
5620,5.7,1,4,3,1,0.6830530487932265,,510.3
5621,-0.30000000000000004,0,4,3,1,0.6830530487932265,,510.4
5622,-4.300000000000001,0,4,3,1,0.6830530487932265,,510.4
5623,-2.3000000000000003,0,4,3,1,0.6830530487932265,,510.5
5624,-2.3000000000000003,0,4,3,1,0.6830530487932265,,510.5
5625,-4.300000000000001,0,4,3,1,0.6830530487932265,,510.6
5626,-0.30000000000000004,0,4,3,1,0.6830530487932265,,510.7
5627,-4.300000000000001,0,4,3,1,0.6830530487932265,,510.7
5628,-2.3000000000000003,0,4,3,1,0.6830530487932265,,510.8
5629,-2.3000000000000003,0,4,3,1,0.6830530487932265,,510.9
5630,5.7,1,4,3,1,0.6830530487932265,,510.9
5631,-4.300000000000001,0,4,3,1,0.6830530487932265,,511.0
5632,5.7,1,4,3,1,0.6830530487932265,,511.1
5633,-4.300000000000001,0,4,3,1,0.6830530487932265,,511.1
5634,5.7,1,4,3,1,0.6830530487932265,,511.2
5635,-4.300000000000001,0,4,3,1,0.6830530487932265,,511.3
5636,-4.300000000000001,0,4,3,1,0.6830530487932265,,511.3
5637,-4.300000000000001,0,4,3,1,0.6830530487932265,,511.4
5638,-1.6,0,6,3,1,0.6830530487932265,,511.5
5639,-4.300000000000001,0,4,3,1,0.6830530487932265,,511.6
5640,-4.300000000000001,0,4,3,1,0.6830530487932265,,511.7
5641,-4.300000000000001,0,4,3,1,0.6830530487932265,,511.8
5642,-4.300000000000001,0,4,3,1,0.6830530487932265,,511.8
5643,-4.300000000000001,0,4,3,1,0.6830530487932265,,511.9
5644,-2.3000000000000003,0,4,3,1,0.6830530487932265,,512.0
5645,-4.300000000000001,0,4,3,1,0.6830530487932265,,512.1
5646,-4.300000000000001,0,4,3,1,0.6830530487932265,,512.2
5647,-4.300000000000001,0,4,3,1,0.6830530487932265,,512.2
5648,5.7,1,4,3,1,0.6830530487932265,,512.3
5649,-4.300000000000001,0,4,3,1,0.6830530487932265,,512.3
5650,-2.3000000000000003,0,4,3,1,0.6830530487932265,,512.4
5651,5.7,1,4,3,1,0.6830530487932265,,512.4
5652,-0.30000000000000004,0,4,3,1,0.6830530487932265,,512.5
5653,-4.300000000000001,0,4,3,1,0.6830530487932265,,512.6
5654,-4.300000000000001,0,4,3,1,0.6830530487932265,,512.6
5655,-2.3000000000000003,0,4,3,1,0.6830530487932265,,512.7
5656,-2.3000000000000003,0,4,3,1,0.6830530487932265,,512.7
5657,-2.3000000000000003,0,4,3,1,0.6830530487932265,,512.8
5658,5.7,1,4,3,1,0.6830530487932265,,512.8
5659,-4.300000000000001,0,4,3,1,0.6830530487932265,,512.9
5660,-4.300000000000001,0,4,3,1,0.6830530487932265,,513.0
5661,-4.300000000000001,0,4,3,1,0.6830530487932265,,513.1
5662,-4.300000000000001,0,4,3,1,0.6830530487932265,,513.1
5663,-4.300000000000001,0,4,3,1,0.6830530487932265,,513.2
5664,-4.300000000000001,0,4,3,1,0.6830530487932265,,513.3
5665,-2.3000000000000003,0,4,3,1,0.6830530487932265,,513.4
5666,-4.300000000000001,0,4,3,1,0.6830530487932265,,513.4
5667,-4.300000000000001,0,4,3,1,0.6830530487932265,,513.5
5668,-4.300000000000001,0,4,3,1,0.6830530487932265,,513.6
5669,-2.6,0,6,3,1,0.6830530487932265,,513.6
5670,-2.6,0,6,3,1,0.6830530487932265,,513.7
5671,-4.300000000000001,0,4,3,1,0.6830530487932265,,513.8
5672,-4.6000000000000005,0,6,3,1,0.6830530487932265,,513.9
5673,-4.300000000000001,0,4,3,1,0.6830530487932265,,514.0
5674,-4.300000000000001,0,4,3,1,0.6830530487932265,,514.0
5675,-4.300000000000001,0,4,3,1,0.6830530487932265,,514.1
5676,-5.4,0,5,4,1,0.6830530487932265,,514.2
5677,-2.3000000000000003,0,4,3,1,0.6830530487932265,,514.3
5678,-1.6,0,6,3,1,0.6830530487932265,,514.4
5679,-0.30000000000000004,0,4,3,1,0.6830530487932265,,514.4
5680,-4.300000000000001,0,4,3,1,0.6830530487932265,,514.5
5681,5.7,1,4,3,1,0.6830530487932265,,514.5
5682,-4.300000000000001,0,4,3,1,0.6830530487932265,,514.6
5683,-4.300000000000001,0,4,3,1,0.6830530487932265,,514.7
5684,5.7,1,4,3,1,0.6830530487932265,,514.8
5685,-4.300000000000001,0,4,3,1,0.6830530487932265,,514.8
5686,-4.300000000000001,0,4,3,1,0.6830530487932265,,514.8
5687,-0.30000000000000004,0,4,3,1,0.6830530487932265,,514.9
5688,-0.30000000000000004,0,4,3,1,0.6830530487932265,,515.0
5689,-4.300000000000001,0,4,3,1,0.6830530487932265,,515.0
5690,-2.3000000000000003,0,4,3,1,0.6830530487932265,,515.1
5691,5.7,1,4,3,1,0.6830530487932265,,515.1
5692,-4.300000000000001,0,4,3,1,0.6830530487932265,,515.2
5693,-4.300000000000001,0,4,3,1,0.6830530487932265,,515.3
5694,-4.300000000000001,0,4,3,1,0.6830530487932265,,515.3
5695,-0.30000000000000004,0,4,3,1,0.6830530487932265,,515.4
5696,-0.30000000000000004,0,4,3,1,0.6830530487932265,,515.5
5697,-4.300000000000001,0,4,3,1,0.6830530487932265,,515.6
5698,-0.30000000000000004,0,4,3,1,0.6830530487932265,,515.6
5699,-2.3000000000000003,0,4,3,1,0.6830530487932265,,515.6
5700,-4.300000000000001,0,4,3,1,0.6830530487932265,,515.7
5701,-2.3000000000000003,0,4,3,1,0.6830530487932265,,515.8
5702,-0.30000000000000004,0,4,3,1,0.6830530487932265,,515.9
5703,-4.300000000000001,0,4,3,1,0.6830530487932265,,516.0
5704,-2.3000000000000003,0,4,3,1,0.6830530487932265,,516.0
5705,-5.4,0,5,4,1,0.6830530487932265,,516.1
5706,-2.3000000000000003,0,4,3,1,0.6830530487932265,,516.2
5707,-4.300000000000001,0,4,3,1,0.6830530487932265,,516.2
5708,-1.4000000000000001,0,5,4,1,0.6830530487932265,,516.3
5709,-5.4,0,5,4,1,0.6830530487932265,,516.4
5710,-4.300000000000001,0,4,3,1,0.6830530487932265,,516.5
5711,5.7,1,4,3,1,0.6830530487932265,,516.5
5712,-4.6000000000000005,0,6,3,1,0.6830530487932265,,516.6
5713,-4.300000000000001,0,4,3,1,0.6830530487932265,,516.6
5714,-4.300000000000001,0,4,3,1,0.6830530487932265,,516.7
5715,-2.3000000000000003,0,4,3,1,0.6830530487932265,,516.7
5716,-2.3000000000000003,0,4,3,1,0.6830530487932265,,516.8
5717,-4.300000000000001,0,4,3,1,0.6830530487932265,,516.9
5718,-2.3000000000000003,0,4,3,1,0.6830530487932265,,517.0
5719,-1.6,0,6,3,1,0.6830530487932265,,517.0
5720,-5.9,0,8,3,1,0.6830530487932265,,517.2
5721,-2.3000000000000003,0,4,3,1,0.6830530487932265,,517.2
5722,-2.3000000000000003,0,4,3,1,0.6830530487932265,,517.3
5723,-4.300000000000001,0,4,3,1,0.6830530487932265,,517.3
5724,-1.6,0,6,3,1,0.6830530487932265,,517.4
5725,5.7,1,4,3,1,0.6830530487932265,,517.5
5726,-4.300000000000001,0,4,3,1,0.6830530487932265,,517.5
5727,-4.300000000000001,0,4,3,1,0.6830530487932265,,517.6
5728,-4.300000000000001,0,4,3,1,0.6830530487932265,,517.7
5729,-2.3000000000000003,0,4,3,1,0.6830530487932265,,517.8
5730,-4.300000000000001,0,4,3,1,0.6830530487932265,,517.8
5731,-4.300000000000001,0,4,3,1,0.6830530487932265,,517.9
5732,-4.300000000000001,0,4,3,1,0.6830530487932265,,518.0
5733,-4.300000000000001,0,4,3,1,0.6830530487932265,,518.1
5734,5.7,1,4,3,1,0.6830530487932265,,518.2
5735,-4.300000000000001,0,4,3,1,0.6830530487932265,,518.3
5736,-4.300000000000001,0,4,3,1,0.6830530487932265,,518.3
5737,-4.300000000000001,0,4,3,1,0.6830530487932265,,518.4
5738,-2.3000000000000003,0,4,3,1,0.6830530487932265,,518.5
5739,-2.3000000000000003,0,4,3,1,0.6830530487932265,,518.5
5740,-4.300000000000001,0,4,3,1,0.6830530487932265,,518.6
5741,-2.3000000000000003,0,4,3,1,0.6830530487932265,,518.6
5742,-2.3000000000000003,0,4,3,1,0.6830530487932265,,518.7
5743,-4.300000000000001,0,4,3,1,0.6830530487932265,,518.8
5744,5.7,1,4,3,1,0.6830530487932265,,518.9
5745,-4.300000000000001,0,4,3,1,0.6830530487932265,,519.0
5746,5.7,1,4,3,1,0.6830530487932265,,519.0
5747,-4.300000000000001,0,4,3,1,0.6830530487932265,,519.1
5748,-4.300000000000001,0,4,3,1,0.6830530487932265,,519.2
5749,-4.300000000000001,0,4,3,1,0.6830530487932265,,519.2
5750,-4.300000000000001,0,4,3,1,0.6830530487932265,,519.3
5751,-4.300000000000001,0,4,3,1,0.6830530487932265,,519.4
5752,-4.300000000000001,0,4,3,1,0.6830530487932265,,519.5
5753,-4.300000000000001,0,4,3,1,0.6830530487932265,,519.6
5754,-4.300000000000001,0,4,3,1,0.6830530487932265,,519.7
5755,-4.300000000000001,0,4,3,1,0.6830530487932265,,519.7
5756,-0.30000000000000004,0,4,3,1,0.6830530487932265,,519.8
5757,-2.3000000000000003,0,4,3,1,0.6830530487932265,,519.9
5758,-4.300000000000001,0,4,3,1,0.6830530487932265,,520.0
5759,-4.300000000000001,0,4,3,1,0.6830530487932265,,520.0
5760,-4.6000000000000005,0,6,3,1,0.6830530487932265,,520.0
5761,-2.3000000000000003,0,4,3,1,0.6830530487932265,,520.1
5762,-4.300000000000001,0,4,3,1,0.6830530487932265,,520.2
5763,-4.300000000000001,0,4,3,1,0.6830530487932265,,520.2
5764,-3.6,0,6,3,1,0.6830530487932265,,520.3
5765,-4.300000000000001,0,4,3,1,0.6830530487932265,,520.4
5766,-4.6000000000000005,0,6,3,1,0.6830530487932265,,520.4
5767,-2.9000000000000004,0,8,3,1,0.6830530487932265,,520.5
5768,5.7,1,4,3,1,0.6830530487932265,,520.5
5769,-4.300000000000001,0,4,3,1,0.6830530487932265,,520.6
5770,-4.300000000000001,0,4,3,1,0.6830530487932265,,520.6
5771,-4.300000000000001,0,4,3,1,0.6830530487932265,,520.7
5772,-2.3000000000000003,0,4,3,1,0.6830530487932265,,520.8
5773,-4.300000000000001,0,4,3,1,0.6830530487932265,,520.8
5774,-4.300000000000001,0,4,3,1,0.6830530487932265,,520.9
5775,-0.30000000000000004,0,4,3,1,0.6830530487932265,,521.0
5776,5.7,1,4,3,1,0.6830530487932265,,521.0
5777,-4.300000000000001,0,4,3,1,0.6830530487932265,,521.1
5778,-4.300000000000001,0,4,3,1,0.6830530487932265,,521.2
5779,-2.3000000000000003,0,4,3,1,0.6830530487932265,,521.2
5780,-4.300000000000001,0,4,3,1,0.6830530487932265,,521.3
5781,-4.300000000000001,0,4,3,1,0.6830530487932265,,521.4
5782,-2.3000000000000003,0,4,3,1,0.6830530487932265,,521.5
5783,-4.300000000000001,0,4,3,1,0.6830530487932265,,521.5
5784,-4.300000000000001,0,4,3,1,0.6830530487932265,,521.6
5785,-4.6000000000000005,0,6,3,1,0.6830530487932265,,521.6
5786,-4.300000000000001,0,4,3,1,0.6830530487932265,,521.7
5787,-4.300000000000001,0,4,3,1,0.6830530487932265,,521.8
5788,-4.300000000000001,0,4,3,1,0.6830530487932265,,521.9
5789,-4.300000000000001,0,4,3,1,0.6830530487932265,,521.9
5790,-4.300000000000001,0,4,3,1,0.6830530487932265,,522.0
5791,-4.300000000000001,0,4,3,1,0.6830530487932265,,522.1
5792,-4.300000000000001,0,4,3,1,0.6830530487932265,,522.2
5793,-4.300000000000001,0,4,3,1,0.6830530487932265,,522.2
5794,-2.3000000000000003,0,4,3,1,0.6830530487932265,,522.3
5795,-4.300000000000001,0,4,3,1,0.6830530487932265,,522.4
5796,-4.300000000000001,0,4,3,1,0.6830530487932265,,522.4
5797,-4.300000000000001,0,4,3,1,0.6830530487932265,,522.5
5798,-4.300000000000001,0,4,3,1,0.6830530487932265,,522.5
5799,-4.300000000000001,0,4,3,1,0.6830530487932265,,522.6
5800,-4.300000000000001,0,4,3,1,0.6830530487932265,,522.7
5801,5.7,1,4,3,1,0.6830530487932265,,522.7
5802,-4.300000000000001,0,4,3,1,0.6830530487932265,,522.8
5803,-4.300000000000001,0,4,3,1,0.6830530487932265,,522.9
5804,-4.300000000000001,0,4,3,1,0.6830530487932265,,523.0
5805,-4.300000000000001,0,4,3,1,0.6830530487932265,,523.1
5806,-4.300000000000001,0,4,3,1,0.6830530487932265,,523.1
5807,-4.300000000000001,0,4,3,1,0.6830530487932265,,523.2
5808,-2.3000000000000003,0,4,3,1,0.6830530487932265,,523.3
5809,-4.300000000000001,0,4,3,1,0.6830530487932265,,523.3
5810,-4.300000000000001,0,4,3,1,0.6830530487932265,,523.4
5811,-0.30000000000000004,0,4,3,1,0.6830530487932265,,523.4
5812,-2.3000000000000003,0,4,3,1,0.6830530487932265,,523.5
5813,-4.300000000000001,0,4,3,1,0.6830530487932265,,523.6
5814,-4.300000000000001,0,4,3,1,0.6830530487932265,,523.6
5815,-4.300000000000001,0,4,3,1,0.6830530487932265,,523.7
5816,-2.3000000000000003,0,4,3,1,0.6830530487932265,,523.8
5817,-4.6,0,6,3,1,0.6830530487932265,,523.9
5818,-2.3000000000000003,0,4,3,1,0.6830530487932265,,523.9
5819,-2.3000000000000003,0,4,3,1,0.6830530487932265,,523.9
5820,-4.300000000000001,0,4,3,1,0.6830530487932265,,524.0
5821,-2.3000000000000003,0,4,3,1,0.6830530487932265,,524.1
5822,-4.300000000000001,0,4,3,1,0.6830530487932265,,524.2
5823,-4.300000000000001,0,4,3,1,0.6830530487932265,,524.2
5824,-4.300000000000001,0,4,3,1,0.6830530487932265,,524.3
5825,-4.300000000000001,0,4,3,1,0.6830530487932265,,524.4
5826,-4.6000000000000005,0,6,3,1,0.6830530487932265,,524.5
5827,-4.300000000000001,0,4,3,1,0.6830530487932265,,524.5
5828,-4.300000000000001,0,4,3,1,0.6830530487932265,,524.6
5829,-0.30000000000000004,0,4,3,1,0.6830530487932265,,524.6
5830,-2.3000000000000003,0,4,3,1,0.6830530487932265,,524.7
5831,-4.300000000000001,0,4,3,1,0.6830530487932265,,524.8
5832,-4.300000000000001,0,4,3,1,0.6830530487932265,,524.8
5833,-0.6000000000000001,0,6,3,1,0.6830530487932265,,524.9
5834,-4.300000000000001,0,4,3,1,0.6830530487932265,,524.9
5835,-2.3000000000000003,0,4,3,1,0.6830530487932265,,525.0
5836,-4.300000000000001,0,4,3,1,0.6830530487932265,,525.0
5837,-4.300000000000001,0,4,3,1,0.6830530487932265,,525.1
5838,-4.300000000000001,0,4,3,1,0.6830530487932265,,525.1
5839,-0.30000000000000004,0,4,3,1,0.6830530487932265,,525.2
5840,-5.6000000000000005,0,6,3,1,0.6830530487932265,,525.3
5841,-2.6,0,6,3,1,0.6830530487932265,,525.3
5842,-4.300000000000001,0,4,3,1,0.6830530487932265,,525.4
5843,-4.300000000000001,0,4,3,1,0.6830530487932265,,525.5
5844,-4.300000000000001,0,4,3,1,0.6830530487932265,,525.5
5845,-4.300000000000001,0,4,3,1,0.6830530487932265,,525.6
5846,-4.300000000000001,0,4,3,1,0.6830530487932265,,525.6
5847,-4.300000000000001,0,4,3,1,0.6830530487932265,,525.8
5848,-4.300000000000001,0,4,3,1,0.6830530487932265,,525.9
5849,-4.300000000000001,0,4,3,1,0.6830530487932265,,526.0
5850,-4.300000000000001,0,4,3,1,0.6830530487932265,,526.0
5851,-2.3000000000000003,0,4,3,1,0.6830530487932265,,526.2
5852,-4.300000000000001,0,4,3,1,0.6830530487932265,,526.2
5853,-0.30000000000000004,0,4,3,1,0.6830530487932265,,526.3
5854,-2.3000000000000003,0,4,3,1,0.6830530487932265,,526.4
5855,-4.300000000000001,0,4,3,1,0.6830530487932265,,526.5
5856,-4.300000000000001,0,4,3,1,0.6830530487932265,,526.5
5857,-4.300000000000001,0,4,3,1,0.6830530487932265,,526.6
5858,-4.6000000000000005,0,6,3,1,0.6830530487932265,,526.7
5859,-4.300000000000001,0,4,3,1,0.6830530487932265,,526.7
5860,-0.30000000000000004,0,4,3,1,0.6830530487932265,,526.8
5861,-4.300000000000001,0,4,3,1,0.6830530487932265,,526.8
5862,-0.30000000000000004,0,4,3,1,0.6830530487932265,,526.9
5863,-2.3000000000000003,0,4,3,1,0.6830530487932265,,526.9
5864,-4.300000000000001,0,4,3,1,0.6830530487932265,,527.0
5865,-4.300000000000001,0,4,3,1,0.6830530487932265,,527.1
5866,-4.300000000000001,0,4,3,1,0.6830530487932265,,527.1
5867,-0.30000000000000004,0,4,3,1,0.6830530487932265,,527.2
5868,-2.3000000000000003,0,4,3,1,0.6830530487932265,,527.2
5869,-2.6,0,6,3,1,0.6830530487932265,,527.3
5870,-4.300000000000001,0,4,3,1,0.6830530487932265,,527.4
5871,-0.30000000000000004,0,4,3,1,0.6830530487932265,,527.4
5872,-4.300000000000001,0,4,3,1,0.6830530487932265,,527.5
5873,-4.300000000000001,0,4,3,1,0.6830530487932265,,527.6
5874,-4.300000000000001,0,4,3,1,0.6830530487932265,,527.7
5875,-0.30000000000000004,0,4,3,1,0.6830530487932265,,527.8
5876,-0.30000000000000004,0,4,3,1,0.6830530487932265,,527.8
5877,-4.300000000000001,0,4,3,1,0.6830530487932265,,527.9
5878,-4.300000000000001,0,4,3,1,0.6830530487932265,,528.0
5879,-4.300000000000001,0,4,3,1,0.6830530487932265,,528.1
5880,-2.3000000000000003,0,4,3,1,0.6830530487932265,,528.1
5881,-2.3000000000000003,0,4,3,1,0.6830530487932265,,528.2
5882,-2.3000000000000003,0,4,3,1,0.6830530487932265,,528.2
5883,-4.300000000000001,0,4,3,1,0.6830530487932265,,528.3
5884,-4.300000000000001,0,4,3,1,0.6830530487932265,,528.4
5885,-4.300000000000001,0,4,3,1,0.6830530487932265,,528.4
5886,-4.300000000000001,0,4,3,1,0.6830530487932265,,528.5
5887,-2.3000000000000003,0,4,3,1,0.6830530487932265,,528.6
5888,-0.30000000000000004,0,4,3,1,0.6830530487932265,,528.6
5889,-4.300000000000001,0,4,3,1,0.6830530487932265,,528.7
5890,-4.300000000000001,0,4,3,1,0.6830530487932265,,528.7
5891,-4.300000000000001,0,4,3,1,0.6830530487932265,,528.8
5892,-4.300000000000001,0,4,3,1,0.6830530487932265,,528.9
5893,-2.3000000000000003,0,4,3,1,0.6830530487932265,,528.9
5894,-4.300000000000001,0,4,3,1,0.6830530487932265,,529.0
5895,-4.300000000000001,0,4,3,1,0.6830530487932265,,529.1
5896,-4.300000000000001,0,4,3,1,0.6830530487932265,,529.1
5897,-4.300000000000001,0,4,3,1,0.6830530487932265,,529.2
5898,-4.300000000000001,0,4,3,1,0.6830530487932265,,529.3
5899,-4.300000000000001,0,4,3,1,0.6830530487932265,,529.3
5900,-2.3000000000000003,0,4,3,1,0.6830530487932265,,529.4
5901,-2.3000000000000003,0,4,3,1,0.6830530487932265,,529.4
5902,-2.3000000000000003,0,4,3,1,0.6830530487932265,,529.6
5903,-4.300000000000001,0,4,3,1,0.6830530487932265,,529.6
5904,-4.300000000000001,0,4,3,1,0.6830530487932265,,529.7
5905,-4.300000000000001,0,4,3,1,0.6830530487932265,,529.8
5906,-2.3000000000000003,0,4,3,1,0.6830530487932265,,529.8
5907,-4.300000000000001,0,4,3,1,0.6830530487932265,,529.9
5908,-4.300000000000001,0,4,3,1,0.6830530487932265,,530.0
5909,-0.30000000000000004,0,4,3,1,0.6830530487932265,,530.1
5910,-5.6000000000000005,0,6,3,1,0.6830530487932265,,530.2
5911,-4.6,0,6,3,1,0.6830530487932265,,530.2
5912,-4.300000000000001,0,4,3,1,0.6830530487932265,,530.3
5913,-0.30000000000000004,0,4,3,1,0.6830530487932265,,530.4
5914,-4.300000000000001,0,4,3,1,0.6830530487932265,,530.5
5915,-4.300000000000001,0,4,3,1,0.6830530487932265,,530.5
5916,5.7,1,4,3,1,0.6830530487932265,,530.6
5917,-4.300000000000001,0,4,3,1,0.6830530487932265,,530.7
5918,5.7,1,4,3,1,0.6830530487932265,,530.7
5919,-4.300000000000001,0,4,3,1,0.6830530487932265,,530.8
5920,-4.300000000000001,0,4,3,1,0.6830530487932265,,530.8
5921,-4.300000000000001,0,4,3,1,0.6830530487932265,,530.9
5922,-2.3000000000000003,0,4,3,1,0.6830530487932265,,531.0
5923,-4.300000000000001,0,4,3,1,0.6830530487932265,,531.0
5924,-4.300000000000001,0,4,3,1,0.6830530487932265,,531.1
5925,-4.300000000000001,0,4,3,1,0.6830530487932265,,531.2
5926,-4.300000000000001,0,4,3,1,0.6830530487932265,,531.2
5927,-4.300000000000001,0,4,3,1,0.6830530487932265,,531.3
5928,5.7,1,4,3,1,0.6830530487932265,,531.4
5929,-4.300000000000001,0,4,3,1,0.6830530487932265,,531.4
5930,-4.300000000000001,0,4,3,1,0.6830530487932265,,531.5
5931,-2.3000000000000003,0,4,3,1,0.6830530487932265,,531.6
5932,-4.300000000000001,0,4,3,1,0.6830530487932265,,531.6
5933,-2.3000000000000003,0,4,3,1,0.6830530487932265,,531.7
5934,-4.300000000000001,0,4,3,1,0.6830530487932265,,531.8
5935,-4.300000000000001,0,4,3,1,0.6830530487932265,,531.8
5936,-4.300000000000001,0,4,3,1,0.6830530487932265,,531.9
5937,-2.3000000000000003,0,4,3,1,0.6830530487932265,,531.9
5938,-2.3000000000000003,0,4,3,1,0.6830530487932265,,532.0
5939,5.7,1,4,3,1,0.6830530487932265,,532.1
5940,-2.3000000000000003,0,4,3,1,0.6830530487932265,,532.2
5941,-4.300000000000001,0,4,3,1,0.6830530487932265,,532.2
5942,-4.300000000000001,0,4,3,1,0.6830530487932265,,532.3
5943,-2.3000000000000003,0,4,3,1,0.6830530487932265,,532.3
5944,-4.300000000000001,0,4,3,1,0.6830530487932265,,532.4
5945,-4.300000000000001,0,4,3,1,0.6830530487932265,,532.5
5946,5.7,1,4,3,1,0.6830530487932265,,532.5
5947,-4.300000000000001,0,4,3,1,0.6830530487932265,,532.5
5948,-4.300000000000001,0,4,3,1,0.6830530487932265,,532.6
5949,-4.300000000000001,0,4,3,1,0.6830530487932265,,532.7
5950,-0.30000000000000004,0,4,3,1,0.6830530487932265,,532.8
5951,-4.300000000000001,0,4,3,1,0.6830530487932265,,532.9
5952,-4.300000000000001,0,4,3,1,0.6830530487932265,,532.9
5953,-2.3000000000000003,0,4,3,1,0.6830530487932265,,533.0
5954,-2.3000000000000003,0,4,3,1,0.6830530487932265,,533.1
5955,-4.300000000000001,0,4,3,1,0.6830530487932265,,533.1
5956,-4.6,0,6,3,1,0.6830530487932265,,533.2
5957,-4.300000000000001,0,4,3,1,0.6830530487932265,,533.3
5958,-0.30000000000000004,0,4,3,1,0.6830530487932265,,533.3
5959,-4.300000000000001,0,4,3,1,0.6830530487932265,,533.4
5960,-4.300000000000001,0,4,3,1,0.6830530487932265,,533.5
5961,5.7,1,4,3,1,0.6830530487932265,,533.6
5962,-2.3000000000000003,0,4,3,1,0.6830530487932265,,533.7
5963,-2.3000000000000003,0,4,3,1,0.6830530487932265,,533.8
5964,-4.300000000000001,0,4,3,1,0.6830530487932265,,533.8
5965,0.6000000000000001,0,5,4,1,0.6830530487932265,,533.9
5966,-4.300000000000001,0,4,3,1,0.6830530487932265,,533.9
5967,-4.300000000000001,0,4,3,1,0.6830530487932265,,534.0
5968,-4.300000000000001,0,4,3,1,0.6830530487932265,,534.0
5969,-4.300000000000001,0,4,3,1,0.6830530487932265,,534.1
5970,-4.300000000000001,0,4,3,1,0.6830530487932265,,534.2
5971,-4.300000000000001,0,4,3,1,0.6830530487932265,,534.2
5972,-4.300000000000001,0,4,3,1,0.6830530487932265,,534.3
5973,-0.30000000000000004,0,4,3,1,0.6830530487932265,,534.4
5974,-4.300000000000001,0,4,3,1,0.6830530487932265,,534.5
5975,-4.300000000000001,0,4,3,1,0.6830530487932265,,534.6
5976,-0.30000000000000004,0,4,3,1,0.6830530487932265,,534.6
5977,-5.6000000000000005,0,6,3,1,0.6830530487932265,,534.6
5978,-0.30000000000000004,0,4,3,1,0.6830530487932265,,534.7
5979,-4.300000000000001,0,4,3,1,0.6830530487932265,,534.7
5980,5.7,1,4,3,1,0.6830530487932265,,534.8
5981,-4.300000000000001,0,4,3,1,0.6830530487932265,,534.8
5982,-4.300000000000001,0,4,3,1,0.6830530487932265,,534.9
5983,5.7,1,4,3,1,0.6830530487932265,,534.9
5984,-4.300000000000001,0,4,3,1,0.6830530487932265,,535.0
5985,-4.300000000000001,0,4,3,1,0.6830530487932265,,535.1
5986,-4.300000000000001,0,4,3,1,0.6830530487932265,,535.1
5987,-4.300000000000001,0,4,3,1,0.6830530487932265,,535.2
5988,-2.3000000000000003,0,4,3,1,0.6830530487932265,,535.2
5989,-4.300000000000001,0,4,3,1,0.6830530487932265,,535.3
5990,-4.300000000000001,0,4,3,1,0.6830530487932265,,535.4
5991,-0.30000000000000004,0,4,3,1,0.6830530487932265,,535.5
5992,-4.300000000000001,0,4,3,1,0.6830530487932265,,535.6
5993,-0.30000000000000004,0,4,3,1,0.6830530487932265,,535.6
5994,-4.300000000000001,0,4,3,1,0.6830530487932265,,535.7
5995,-4.300000000000001,0,4,3,1,0.6830530487932265,,535.7
5996,-4.300000000000001,0,4,3,1,0.6830530487932265,,535.8
5997,-4.300000000000001,0,4,3,1,0.6830530487932265,,535.8
5998,-4.300000000000001,0,4,3,1,0.6830530487932265,,535.9
5999,-2.3000000000000003,0,4,3,1,0.6830530487932265,,536.0
6000,-4.300000000000001,0,4,3,1,0.6830530487932265,,536.0
6001,-4.300000000000001,0,4,3,1,0.6830530487932265,,541.2
6002,-2.3000000000000003,0,4,3,1,0.6830530487932265,,541.3
6003,-4.300000000000001,0,4,3,1,0.6830530487932265,,541.4
6004,-0.30000000000000004,0,4,3,1,0.6830530487932265,,541.4
6005,5.4,1,6,3,1,0.6830530487932265,,541.5
6006,-2.3000000000000003,0,4,3,1,0.6830530487932265,,541.5
6007,-4.300000000000001,0,4,3,1,0.6830530487932265,,541.6
6008,-3.4000000000000004,0,5,4,1,0.6830530487932265,,541.7
6009,-4.300000000000001,0,4,3,1,0.6830530487932265,,541.7
6010,5.7,1,4,3,1,0.6830530487932265,,541.8
6011,-2.3000000000000003,0,4,3,1,0.6830530487932265,,541.8
6012,-4.300000000000001,0,4,3,1,0.6830530487932265,,541.9
6013,-4.300000000000001,0,4,3,1,0.6830530487932265,,542.0
6014,-4.300000000000001,0,4,3,1,0.6830530487932265,,542.1
6015,-4.300000000000001,0,4,3,1,0.6830530487932265,,542.1
6016,-4.300000000000001,0,4,3,1,0.6830530487932265,,542.2
6017,-2.9000000000000004,0,8,3,1,0.6830530487932265,,542.3
6018,-0.30000000000000004,0,4,3,1,0.6830530487932265,,542.4
6019,-4.300000000000001,0,4,3,1,0.6830530487932265,,542.5
6020,-4.300000000000001,0,4,3,1,0.6830530487932265,,542.5
6021,-4.300000000000001,0,4,3,1,0.6830530487932265,,542.6
6022,-0.30000000000000004,0,4,3,1,0.6830530487932265,,542.6
6023,5.7,1,4,3,1,0.6830530487932265,,542.7
6024,-2.3000000000000003,0,4,3,1,0.6830530487932265,,542.8
6025,-4.300000000000001,0,4,3,1,0.6830530487932265,,542.9
6026,-2.3000000000000003,0,4,3,1,0.6830530487932265,,542.9
6027,-4.300000000000001,0,4,3,1,0.6830530487932265,,543.0
6028,-2.3000000000000003,0,4,3,1,0.6830530487932265,,543.0
6029,-2.3000000000000003,0,4,3,1,0.6830530487932265,,543.0
6030,-4.300000000000001,0,4,3,1,0.6830530487932265,,543.1
6031,-4.300000000000001,0,4,3,1,0.6830530487932265,,543.1
6032,-2.3000000000000003,0,4,3,1,0.6830530487932265,,543.2
6033,-4.300000000000001,0,4,3,1,0.6830530487932265,,543.3
6034,-4.300000000000001,0,4,3,1,0.6830530487932265,,543.4
6035,-4.300000000000001,0,4,3,1,0.6830530487932265,,543.4
6036,-4.300000000000001,0,4,3,1,0.6830530487932265,,543.5
6037,-2.3000000000000003,0,4,3,1,0.6830530487932265,,543.6
6038,-4.300000000000001,0,4,3,1,0.6830530487932265,,543.7
6039,-4.300000000000001,0,4,3,1,0.6830530487932265,,543.8
6040,-4.300000000000001,0,4,3,1,0.6830530487932265,,543.8
6041,-4.300000000000001,0,4,3,1,0.6830530487932265,,543.9
6042,-4.300000000000001,0,4,3,1,0.6830530487932265,,543.9
6043,-4.300000000000001,0,4,3,1,0.6830530487932265,,544.1
6044,-4.300000000000001,0,4,3,1,0.6830530487932265,,544.1
6045,-4.300000000000001,0,4,3,1,0.6830530487932265,,544.2
6046,-2.3000000000000003,0,4,3,1,0.6830530487932265,,544.2
6047,-4.300000000000001,0,4,3,1,0.6830530487932265,,544.3
6048,-0.30000000000000004,0,4,3,1,0.6830530487932265,,544.4
6049,-4.300000000000001,0,4,3,1,0.6830530487932265,,544.5
6050,-2.3000000000000003,0,4,3,1,0.6830530487932265,,544.5
6051,5.7,1,4,3,1,0.6830530487932265,,544.6
6052,-4.300000000000001,0,4,3,1,0.6830530487932265,,544.6
6053,-2.3000000000000003,0,4,3,1,0.6830530487932265,,544.7
6054,-4.300000000000001,0,4,3,1,0.6830530487932265,,544.8
6055,-4.300000000000001,0,4,3,1,0.6830530487932265,,544.8
6056,-0.30000000000000004,0,4,3,1,0.6830530487932265,,544.9
6057,-2.3000000000000003,0,4,3,1,0.6830530487932265,,545.0
6058,-0.30000000000000004,0,4,3,1,0.6830530487932265,,545.0
6059,-4.300000000000001,0,4,3,1,0.6830530487932265,,545.0
6060,-4.300000000000001,0,4,3,1,0.6830530487932265,,545.1
6061,-4.300000000000001,0,4,3,1,0.6830530487932265,,545.2
6062,-0.30000000000000004,0,4,3,1,0.6830530487932265,,545.3
6063,-4.300000000000001,0,4,3,1,0.6830530487932265,,545.4
6064,-4.300000000000001,0,4,3,1,0.6830530487932265,,545.5
6065,-4.300000000000001,0,4,3,1,0.6830530487932265,,545.6
6066,-4.300000000000001,0,4,3,1,0.6830530487932265,,545.7
6067,-4.300000000000001,0,4,3,1,0.6830530487932265,,545.7
6068,-4.300000000000001,0,4,3,1,0.6830530487932265,,545.8
6069,-4.300000000000001,0,4,3,1,0.6830530487932265,,545.9
6070,-0.30000000000000004,0,4,3,1,0.6830530487932265,,545.9
6071,-4.300000000000001,0,4,3,1,0.6830530487932265,,546.0
6072,-4.6,0,6,3,1,0.6830530487932265,,546.1
6073,5.7,1,4,3,1,0.6830530487932265,,546.2
6074,-0.30000000000000004,0,4,3,1,0.6637196319643408,1.2512859860435128,546.9
6075,-4.300000000000001,0,4,3,1,0.6637196319643408,,547.0
6076,-0.30000000000000004,0,4,3,1,0.6637196319643408,,547.0
6077,-4.300000000000001,0,4,3,1,0.6637196319643408,,547.1
6078,-4.300000000000001,0,4,3,1,0.6637196319643408,,547.1
6079,-4.300000000000001,0,4,3,1,0.6637196319643408,,547.3
6080,-4.300000000000001,0,4,3,1,0.6637196319643408,,547.3
6081,-4.300000000000001,0,4,3,1,0.6637196319643408,,547.4
6082,-4.300000000000001,0,4,3,1,0.6637196319643408,,547.5
6083,-4.300000000000001,0,4,3,1,0.6637196319643408,,547.6
6084,-4.300000000000001,0,4,3,1,0.6637196319643408,,547.6
6085,-0.30000000000000004,0,4,3,1,0.6637196319643408,,547.7
6086,-4.300000000000001,0,4,3,1,0.6637196319643408,,547.7
6087,-0.30000000000000004,0,4,3,1,0.6637196319643408,,547.8
6088,5.7,1,4,3,1,0.6637196319643408,,547.8
6089,-4.300000000000001,0,4,3,1,0.6637196319643408,,547.9
6090,-4.300000000000001,0,4,3,1,0.6637196319643408,,548.0
6091,-4.300000000000001,0,4,3,1,0.6637196319643408,,548.0
6092,5.7,1,4,3,1,0.6637196319643408,,548.1
6093,-2.3000000000000003,0,4,3,1,0.6637196319643408,,548.1
6094,-4.300000000000001,0,4,3,1,0.6637196319643408,,548.2
6095,-4.300000000000001,0,4,3,1,0.6637196319643408,,548.2
6096,5.7,1,4,3,1,0.6637196319643408,,548.3
6097,-2.3000000000000003,0,4,3,1,0.6637196319643408,,548.3
6098,-4.300000000000001,0,4,3,1,0.6637196319643408,,548.4
6099,-2.3000000000000003,0,4,3,1,0.6637196319643408,,548.4
6100,-0.30000000000000004,0,4,3,1,0.6637196319643408,,548.4
6101,-4.300000000000001,0,4,3,1,0.6637196319643408,,548.5
6102,-4.300000000000001,0,4,3,1,0.6637196319643408,,548.6
6103,-4.300000000000001,0,4,3,1,0.6637196319643408,,548.6
6104,-4.300000000000001,0,4,3,1,0.6637196319643408,,548.7
6105,-4.6000000000000005,0,6,3,1,0.6637196319643408,,548.8
6106,5.7,1,4,3,1,0.6637196319643408,,548.9
6107,-2.3000000000000003,0,4,3,1,0.6637196319643408,,549.0
6108,-0.30000000000000004,0,4,3,1,0.6637196319643408,,549.1
6109,-2.3000000000000003,0,4,3,1,0.6637196319643408,,549.1
6110,-4.300000000000001,0,4,3,1,0.6637196319643408,,549.2
6111,-4.300000000000001,0,4,3,1,0.6637196319643408,,549.3
6112,-4.300000000000001,0,4,3,1,0.6637196319643408,,549.3
6113,-4.300000000000001,0,4,3,1,0.6637196319643408,,549.4
6114,-3.6000000000000005,0,6,3,1,0.6637196319643408,,549.5
6115,-4.300000000000001,0,4,3,1,0.6637196319643408,,549.5
6116,-4.300000000000001,0,4,3,1,0.6637196319643408,,549.6
6117,-4.300000000000001,0,4,3,1,0.6637196319643408,,549.6
6118,-4.300000000000001,0,4,3,1,0.6637196319643408,,549.7
6119,-4.300000000000001,0,4,3,1,0.6637196319643408,,549.8
6120,-4.300000000000001,0,4,3,1,0.6637196319643408,,549.8
6121,-4.300000000000001,0,4,3,1,0.6637196319643408,,549.9
6122,-5.4,0,5,4,1,0.6637196319643408,,550.0
6123,-4.300000000000001,0,4,3,1,0.6637196319643408,,550.0
6124,-2.3000000000000003,0,4,3,1,0.6637196319643408,,550.1
6125,-4.300000000000001,0,4,3,1,0.6637196319643408,,550.2
6126,-4.300000000000001,0,4,3,1,0.6637196319643408,,550.3
6127,-4.6000000000000005,0,6,3,1,0.6637196319643408,,550.4
6128,-4.300000000000001,0,4,3,1,0.6637196319643408,,550.4
6129,-4.300000000000001,0,4,3,1,0.6637196319643408,,550.5
6130,-2.3000000000000003,0,4,3,1,0.6637196319643408,,550.6
6131,-4.300000000000001,0,4,3,1,0.6637196319643408,,550.6
6132,-4.300000000000001,0,4,3,1,0.6637196319643408,,550.7
6133,-0.30000000000000004,0,4,3,1,0.6637196319643408,,550.7
6134,-4.300000000000001,0,4,3,1,0.6637196319643408,,550.7
6135,-4.300000000000001,0,4,3,1,0.6637196319643408,,550.8
6136,-4.300000000000001,0,4,3,1,0.6637196319643408,,550.9
6137,-2.3000000000000003,0,4,3,1,0.6637196319643408,,551.0
6138,-2.3000000000000003,0,4,3,1,0.6637196319643408,,551.1
6139,-4.300000000000001,0,4,3,1,0.6637196319643408,,551.1
6140,-4.300000000000001,0,4,3,1,0.6637196319643408,,551.2
6141,-0.30000000000000004,0,4,3,1,0.6637196319643408,,551.2
6142,-4.300000000000001,0,4,3,1,0.6637196319643408,,551.3
6143,-2.3000000000000003,0,4,3,1,0.6637196319643408,,551.3
6144,-4.300000000000001,0,4,3,1,0.6637196319643408,,551.4
6145,-4.300000000000001,0,4,3,1,0.6637196319643408,,551.5
6146,-4.300000000000001,0,4,3,1,0.6637196319643408,,551.6
6147,-4.300000000000001,0,4,3,1,0.6637196319643408,,551.6
6148,-4.300000000000001,0,4,3,1,0.6637196319643408,,551.7
6149,-5.6000000000000005,0,6,3,1,0.6637196319643408,,551.8
6150,-4.300000000000001,0,4,3,1,0.6637196319643408,,551.8
6151,-4.300000000000001,0,4,3,1,0.6637196319643408,,551.9
6152,-4.300000000000001,0,4,3,1,0.6637196319643408,,552.0
6153,5.7,1,4,3,1,0.6637196319643408,,552.0
6154,-0.30000000000000004,0,4,3,1,0.6637196319643408,,552.1
6155,-0.30000000000000004,0,4,3,1,0.6637196319643408,,552.1
6156,-4.300000000000001,0,4,3,1,0.6637196319643408,,552.2
6157,-4.300000000000001,0,4,3,1,0.6637196319643408,,552.2
6158,-4.300000000000001,0,4,3,1,0.6637196319643408,,552.3
6159,-0.30000000000000004,0,4,3,1,0.6637196319643408,,552.4
6160,-0.30000000000000004,0,4,3,1,0.6637196319643408,,552.4
6161,5.7,1,4,3,1,0.6637196319643408,,552.5
6162,5.7,1,4,3,1,0.6637196319643408,,552.6
6163,-4.300000000000001,0,4,3,1,0.6637196319643408,,552.6
6164,-4.300000000000001,0,4,3,1,0.6637196319643408,,552.7
6165,-0.30000000000000004,0,4,3,1,0.6637196319643408,,552.7
6166,-4.300000000000001,0,4,3,1,0.6637196319643408,,552.8
6167,-4.300000000000001,0,4,3,1,0.6637196319643408,,552.8
6168,-0.30000000000000004,0,4,3,1,0.6637196319643408,,552.9
6169,-4.300000000000001,0,4,3,1,0.6637196319643408,,553.0
6170,-2.3000000000000003,0,4,3,1,0.6637196319643408,,553.0
6171,-2.3000000000000003,0,4,3,1,0.6637196319643408,,553.1
6172,-4.300000000000001,0,4,3,1,0.6637196319643408,,553.1
6173,-4.300000000000001,0,4,3,1,0.6637196319643408,,553.2
6174,-4.300000000000001,0,4,3,1,0.6637196319643408,,553.3
6175,-2.3000000000000003,0,4,3,1,0.6637196319643408,,553.3
6176,-2.3000000000000003,0,4,3,1,0.6637196319643408,,553.3
6177,-4.300000000000001,0,4,3,1,0.6637196319643408,,553.4
6178,-4.6000000000000005,0,6,3,1,0.6637196319643408,,553.5
6179,-4.300000000000001,0,4,3,1,0.6637196319643408,,553.6
6180,-2.3000000000000003,0,4,3,1,0.6637196319643408,,553.6
6181,-4.300000000000001,0,4,3,1,0.6637196319643408,,553.7
6182,-0.30000000000000004,0,4,3,1,0.6637196319643408,,553.8
6183,-4.300000000000001,0,4,3,1,0.6637196319643408,,553.9
6184,-0.30000000000000004,0,4,3,1,0.6637196319643408,,553.9
6185,-0.30000000000000004,0,4,3,1,0.6637196319643408,,554.0
6186,-4.300000000000001,0,4,3,1,0.6637196319643408,,554.1
6187,-4.300000000000001,0,4,3,1,0.6637196319643408,,554.2
6188,-2.3000000000000003,0,4,3,1,0.6637196319643408,,554.2
6189,-4.300000000000001,0,4,3,1,0.6637196319643408,,554.3
6190,-4.300000000000001,0,4,3,1,0.6637196319643408,,554.4
6191,-0.30000000000000004,0,4,3,1,0.6637196319643408,,554.5
6192,-4.300000000000001,0,4,3,1,0.6637196319643408,,554.5
6193,-4.300000000000001,0,4,3,1,0.6637196319643408,,554.6
6194,-4.300000000000001,0,4,3,1,0.6637196319643408,,554.7
6195,-2.3000000000000003,0,4,3,1,0.6637196319643408,,554.7
6196,-0.6000000000000001,0,6,3,1,0.6637196319643408,,554.7
6197,-4.300000000000001,0,4,3,1,0.6637196319643408,,554.8
6198,-4.300000000000001,0,4,3,1,0.6637196319643408,,554.9
6199,-2.3000000000000003,0,4,3,1,0.6637196319643408,,555.0
6200,-4.300000000000001,0,4,3,1,0.6637196319643408,,555.0
6201,-4.300000000000001,0,4,3,1,0.6637196319643408,,555.1
6202,-0.30000000000000004,0,4,3,1,0.6637196319643408,,555.1
6203,-4.300000000000001,0,4,3,1,0.6637196319643408,,555.2
6204,5.7,1,4,3,1,0.6637196319643408,,555.2
6205,5.4,1,6,3,1,0.6637196319643408,,555.3
6206,-4.300000000000001,0,4,3,1,0.6637196319643408,,555.3
6207,-2.3000000000000003,0,4,3,1,0.6637196319643408,,555.4
6208,-4.300000000000001,0,4,3,1,0.6637196319643408,,555.5
6209,-4.300000000000001,0,4,3,1,0.6637196319643408,,555.5
6210,-4.300000000000001,0,4,3,1,0.6637196319643408,,555.6
6211,-4.300000000000001,0,4,3,1,0.6637196319643408,,555.7
6212,-0.30000000000000004,0,4,3,1,0.6637196319643408,,555.8
6213,-4.300000000000001,0,4,3,1,0.6637196319643408,,555.8
6214,-4.300000000000001,0,4,3,1,0.6637196319643408,,555.9
6215,-4.300000000000001,0,4,3,1,0.6637196319643408,,556.0
6216,-4.300000000000001,0,4,3,1,0.6637196319643408,,556.0
6217,-4.300000000000001,0,4,3,1,0.6637196319643408,,556.1
6218,-4.300000000000001,0,4,3,1,0.6637196319643408,,556.2
6219,-4.300000000000001,0,4,3,1,0.6637196319643408,,556.2
6220,-5.6000000000000005,0,6,3,1,0.6637196319643408,,556.3
6221,-4.300000000000001,0,4,3,1,0.6637196319643408,,556.4
6222,-2.3000000000000003,0,4,3,1,0.6637196319643408,,556.5
6223,-0.30000000000000004,0,4,3,1,0.6637196319643408,,556.5
6224,-4.300000000000001,0,4,3,1,0.6637196319643408,,556.6
6225,-2.3000000000000003,0,4,3,1,0.6637196319643408,,556.7
6226,-0.6000000000000001,0,6,3,1,0.6637196319643408,,556.7
6227,-0.30000000000000004,0,4,3,1,0.6637196319643408,,556.8
6228,5.7,1,4,3,1,0.6637196319643408,,556.9
6229,-2.3000000000000003,0,4,3,1,0.6637196319643408,,556.9
6230,-4.300000000000001,0,4,3,1,0.6637196319643408,,557.0
6231,-4.300000000000001,0,4,3,1,0.6637196319643408,,557.1
6232,5.7,1,4,3,1,0.6637196319643408,,557.1
6233,-4.300000000000001,0,4,3,1,0.6637196319643408,,557.2
6234,-2.3000000000000003,0,4,3,1,0.6637196319643408,,557.2
6235,-4.300000000000001,0,4,3,1,0.6637196319643408,,557.3
6236,-4.300000000000001,0,4,3,1,0.6637196319643408,,557.4
6237,-4.300000000000001,0,4,3,1,0.6637196319643408,,557.5
6238,-2.3000000000000003,0,4,3,1,0.6637196319643408,,557.5
6239,-0.30000000000000004,0,4,3,1,0.6637196319643408,,557.6
6240,-4.300000000000001,0,4,3,1,0.6637196319643408,,557.6
6241,-2.3000000000000003,0,4,3,1,0.6637196319643408,,557.7
6242,-0.30000000000000004,0,4,3,1,0.6637196319643408,,557.7
6243,-0.30000000000000004,0,4,3,1,0.6637196319643408,,557.8
6244,-4.300000000000001,0,4,3,1,0.6637196319643408,,557.9
6245,-0.30000000000000004,0,4,3,1,0.6637196319643408,,557.9
6246,-4.300000000000001,0,4,3,1,0.6637196319643408,,557.9
6247,-4.300000000000001,0,4,3,1,0.6637196319643408,,558.0
6248,-2.3000000000000003,0,4,3,1,0.6637196319643408,,558.1
6249,-0.30000000000000004,0,4,3,1,0.6637196319643408,,558.1
6250,-4.300000000000001,0,4,3,1,0.6637196319643408,,558.2
6251,-0.30000000000000004,0,4,3,1,0.6637196319643408,,558.2
6252,-4.300000000000001,0,4,3,1,0.6637196319643408,,558.3
6253,-4.300000000000001,0,4,3,1,0.6637196319643408,,558.4
6254,-4.300000000000001,0,4,3,1,0.6637196319643408,,558.5
6255,-0.30000000000000004,0,4,3,1,0.6637196319643408,,558.6
6256,5.7,1,4,3,1,0.6637196319643408,,558.6
6257,-4.300000000000001,0,4,3,1,0.6637196319643408,,558.6
6258,-4.300000000000001,0,4,3,1,0.6637196319643408,,558.7
6259,-4.300000000000001,0,4,3,1,0.6637196319643408,,558.7
6260,5.7,1,4,3,1,0.6637196319643408,,558.8
6261,-2.3000000000000003,0,4,3,1,0.6637196319643408,,558.8
6262,-2.3000000000000003,0,4,3,1,0.6637196319643408,,558.9
6263,-2.3000000000000003,0,4,3,1,0.6637196319643408,,559.0
6264,-4.300000000000001,0,4,3,1,0.6637196319643408,,559.0
6265,-4.300000000000001,0,4,3,1,0.6637196319643408,,559.1
6266,-4.300000000000001,0,4,3,1,0.6637196319643408,,559.2
6267,-4.300000000000001,0,4,3,1,0.6637196319643408,,559.2
6268,-4.300000000000001,0,4,3,1,0.6637196319643408,,559.3
6269,-4.300000000000001,0,4,3,1,0.6637196319643408,,559.3
6270,5.7,1,4,3,1,0.6637196319643408,,559.4
6271,-4.9,0,8,3,1,0.6637196319643408,,559.5
6272,-2.6,0,6,3,1,0.6637196319643408,,559.5
6273,-2.3000000000000003,0,4,3,1,0.6637196319643408,,559.6
6274,-4.300000000000001,0,4,3,1,0.6637196319643408,,559.6
6275,-2.3000000000000003,0,4,3,1,0.6637196319643408,,559.7
6276,-4.300000000000001,0,4,3,1,0.6637196319643408,,559.7
6277,-4.300000000000001,0,4,3,1,0.6637196319643408,,559.8
6278,-4.300000000000001,0,4,3,1,0.6637196319643408,,559.9
6279,-4.300000000000001,0,4,3,1,0.6637196319643408,,560.0
6280,-0.30000000000000004,0,4,3,1,0.6637196319643408,,560.1
6281,-4.6,0,6,3,1,0.6637196319643408,,560.1
6282,-4.300000000000001,0,4,3,1,0.6637196319643408,,560.2
6283,5.4,1,6,3,1,0.6637196319643408,,560.3
6284,-4.300000000000001,0,4,3,1,0.6637196319643408,,560.3
6285,-2.3000000000000003,0,4,3,1,0.6637196319643408,,560.4
6286,-4.300000000000001,0,4,3,1,0.6637196319643408,,560.5
6287,-2.3000000000000003,0,4,3,1,0.6637196319643408,,560.6
6288,-4.300000000000001,0,4,3,1,0.6637196319643408,,560.6
6289,-4.300000000000001,0,4,3,1,0.6637196319643408,,560.6
6290,-0.30000000000000004,0,4,3,1,0.6637196319643408,,560.7
6291,5.7,1,4,3,1,0.6637196319643408,,560.8
6292,-0.30000000000000004,0,4,3,1,0.6637196319643408,,560.8
6293,-4.300000000000001,0,4,3,1,0.6637196319643408,,560.9
6294,-0.30000000000000004,0,4,3,1,0.6637196319643408,,561.0
6295,-4.300000000000001,0,4,3,1,0.6637196319643408,,561.0
6296,-0.30000000000000004,0,4,3,1,0.6637196319643408,,561.0
6297,-0.30000000000000004,0,4,3,1,0.6637196319643408,,561.1
6298,-2.3000000000000003,0,4,3,1,0.6637196319643408,,561.2
6299,-0.30000000000000004,0,4,3,1,0.6637196319643408,,561.2
6300,-4.300000000000001,0,4,3,1,0.6637196319643408,,561.3
6301,-4.300000000000001,0,4,3,1,0.6637196319643408,,561.4
6302,-2.3000000000000003,0,4,3,1,0.6637196319643408,,561.4
6303,-2.3000000000000003,0,4,3,1,0.6637196319643408,,561.5
6304,-4.300000000000001,0,4,3,1,0.6637196319643408,,561.5
6305,-4.300000000000001,0,4,3,1,0.6637196319643408,,561.6
6306,-0.30000000000000004,0,4,3,1,0.6637196319643408,,561.6
6307,-4.300000000000001,0,4,3,1,0.6637196319643408,,561.7
6308,-2.3000000000000003,0,4,3,1,0.6637196319643408,,561.8
6309,-4.300000000000001,0,4,3,1,0.6637196319643408,,561.9
6310,-4.300000000000001,0,4,3,1,0.6637196319643408,,562.0
6311,-4.300000000000001,0,4,3,1,0.6637196319643408,,562.0
6312,-2.3000000000000003,0,4,3,1,0.6637196319643408,,562.1
6313,-2.3000000000000003,0,4,3,1,0.6637196319643408,,562.1
6314,-4.300000000000001,0,4,3,1,0.6637196319643408,,562.2
6315,-2.3000000000000003,0,4,3,1,0.6637196319643408,,562.3
6316,-2.3000000000000003,0,4,3,1,0.6637196319643408,,562.3
6317,-0.30000000000000004,0,4,3,1,0.6637196319643408,,562.4
6318,-4.300000000000001,0,4,3,1,0.6637196319643408,,562.5
6319,-4.300000000000001,0,4,3,1,0.6637196319643408,,562.6
6320,5.7,1,4,3,1,0.6637196319643408,,562.6
6321,-4.300000000000001,0,4,3,1,0.6637196319643408,,562.7
6322,-2.3000000000000003,0,4,3,1,0.6637196319643408,,562.7
6323,-4.300000000000001,0,4,3,1,0.6637196319643408,,562.8
6324,-4.300000000000001,0,4,3,1,0.6637196319643408,,562.9
6325,5.7,1,4,3,1,0.6637196319643408,,562.9
6326,5.7,1,4,3,1,0.6637196319643408,,563.0
6327,-4.300000000000001,0,4,3,1,0.6637196319643408,,563.1
6328,-0.30000000000000004,0,4,3,1,0.6637196319643408,,563.2
6329,-2.3000000000000003,0,4,3,1,0.6637196319643408,,563.2
6330,-4.300000000000001,0,4,3,1,0.6637196319643408,,563.3
6331,-0.30000000000000004,0,4,3,1,0.6637196319643408,,563.3
6332,-4.300000000000001,0,4,3,1,0.6637196319643408,,563.4
6333,-2.3000000000000003,0,4,3,1,0.6637196319643408,,563.4
6334,-4.300000000000001,0,4,3,1,0.6637196319643408,,563.5
6335,-2.3000000000000003,0,4,3,1,0.6637196319643408,,563.6
6336,-4.300000000000001,0,4,3,1,0.6637196319643408,,563.6
6337,-0.30000000000000004,0,4,3,1,0.6637196319643408,,563.6
6338,-0.30000000000000004,0,4,3,1,0.6637196319643408,,563.7
6339,-4.300000000000001,0,4,3,1,0.6637196319643408,,563.8
6340,-4.300000000000001,0,4,3,1,0.6637196319643408,,563.9
6341,-4.300000000000001,0,4,3,1,0.6637196319643408,,563.9
6342,-4.300000000000001,0,4,3,1,0.6637196319643408,,563.9
6343,-2.3000000000000003,0,4,3,1,0.6637196319643408,,564.0
6344,-4.300000000000001,0,4,3,1,0.6637196319643408,,564.1
6345,-4.300000000000001,0,4,3,1,0.6637196319643408,,564.2
6346,-4.300000000000001,0,4,3,1,0.6637196319643408,,564.3
6347,-4.300000000000001,0,4,3,1,0.6637196319643408,,564.3
6348,-4.300000000000001,0,4,3,1,0.6637196319643408,,564.4
6349,-4.300000000000001,0,4,3,1,0.6637196319643408,,564.5
6350,-4.300000000000001,0,4,3,1,0.6637196319643408,,564.6
6351,-4.300000000000001,0,4,3,1,0.6637196319643408,,564.6
6352,-4.300000000000001,0,4,3,1,0.6637196319643408,,564.7
6353,-4.300000000000001,0,4,3,1,0.6637196319643408,,564.7
6354,-2.3000000000000003,0,4,3,1,0.6637196319643408,,564.8
6355,-4.300000000000001,0,4,3,1,0.6637196319643408,,564.8
6356,-4.300000000000001,0,4,3,1,0.6637196319643408,,564.9
6357,-4.300000000000001,0,4,3,1,0.6637196319643408,,565.0
6358,-2.3000000000000003,0,4,3,1,0.6637196319643408,,565.0
6359,-2.3000000000000003,0,4,3,1,0.6637196319643408,,565.1
6360,-4.300000000000001,0,4,3,1,0.6637196319643408,,565.2
6361,-4.300000000000001,0,4,3,1,0.6637196319643408,,565.2
6362,-4.300000000000001,0,4,3,1,0.6637196319643408,,565.3
6363,5.7,1,4,3,1,0.6637196319643408,,565.4
6364,-2.3000000000000003,0,4,3,1,0.6637196319643408,,565.4
6365,-5.6000000000000005,0,6,3,1,0.6637196319643408,,565.5
6366,-2.3000000000000003,0,4,3,1,0.6637196319643408,,565.5
6367,-4.300000000000001,0,4,3,1,0.6637196319643408,,565.6
6368,-4.300000000000001,0,4,3,1,0.6637196319643408,,565.7
6369,-2.3000000000000003,0,4,3,1,0.6637196319643408,,565.8
6370,-4.300000000000001,0,4,3,1,0.6637196319643408,,565.9
6371,-4.300000000000001,0,4,3,1,0.6637196319643408,,565.9
6372,-4.300000000000001,0,4,3,1,0.6637196319643408,,566.0
6373,-2.3000000000000003,0,4,3,1,0.6637196319643408,,566.1
6374,-2.3000000000000003,0,4,3,1,0.6637196319643408,,566.1
6375,-4.300000000000001,0,4,3,1,0.6637196319643408,,566.2
6376,-4.300000000000001,0,4,3,1,0.6637196319643408,,566.3
6377,-2.3000000000000003,0,4,3,1,0.6637196319643408,,566.4
6378,-0.30000000000000004,0,4,3,1,0.6637196319643408,,566.5
6379,-4.300000000000001,0,4,3,1,0.6637196319643408,,566.5
6380,-4.300000000000001,0,4,3,1,0.6637196319643408,,566.6
6381,-4.300000000000001,0,4,3,1,0.6637196319643408,,566.7
6382,-4.300000000000001,0,4,3,1,0.6637196319643408,,566.7
6383,-4.300000000000001,0,4,3,1,0.6637196319643408,,566.8
6384,-0.30000000000000004,0,4,3,1,0.6637196319643408,,566.8
6385,-4.300000000000001,0,4,3,1,0.6637196319643408,,566.9
6386,-4.300000000000001,0,4,3,1,0.6637196319643408,,567.0
6387,-4.300000000000001,0,4,3,1,0.6637196319643408,,567.1
6388,5.7,1,4,3,1,0.6637196319643408,,567.1
6389,-4.300000000000001,0,4,3,1,0.6637196319643408,,567.2
6390,-4.300000000000001,0,4,3,1,0.6637196319643408,,567.2
6391,-0.30000000000000004,0,4,3,1,0.6637196319643408,,567.3
6392,-4.300000000000001,0,4,3,1,0.6637196319643408,,567.4
6393,-0.30000000000000004,0,4,3,1,0.6637196319643408,,567.5
6394,-4.300000000000001,0,4,3,1,0.6637196319643408,,567.5
6395,-0.30000000000000004,0,4,3,1,0.6637196319643408,,567.6
6396,-0.30000000000000004,0,4,3,1,0.6637196319643408,,567.6
6397,-4.300000000000001,0,4,3,1,0.6637196319643408,,567.7
6398,-4.300000000000001,0,4,3,1,0.6637196319643408,,567.8
6399,-4.300000000000001,0,4,3,1,0.6637196319643408,,567.9
6400,-4.300000000000001,0,4,3,1,0.6637196319643408,,567.9
6401,-4.300000000000001,0,4,3,1,0.6637196319643408,,567.9
6402,-2.3000000000000003,0,4,3,1,0.6637196319643408,,568.0
6403,-4.300000000000001,0,4,3,1,0.6637196319643408,,568.1
6404,-4.300000000000001,0,4,3,1,0.6637196319643408,,568.1
6405,-4.300000000000001,0,4,3,1,0.6637196319643408,,568.2
6406,-0.30000000000000004,0,4,3,1,0.6637196319643408,,568.3
6407,-4.300000000000001,0,4,3,1,0.6637196319643408,,568.3
6408,-0.30000000000000004,0,4,3,1,0.6637196319643408,,568.4
6409,-2.3000000000000003,0,4,3,1,0.6637196319643408,,568.4
6410,-2.3000000000000003,0,4,3,1,0.6637196319643408,,568.5
6411,-4.300000000000001,0,4,3,1,0.6637196319643408,,568.5
6412,-4.300000000000001,0,4,3,1,0.6637196319643408,,568.6
6413,-4.300000000000001,0,4,3,1,0.6637196319643408,,568.6
6414,-4.300000000000001,0,4,3,1,0.6637196319643408,,568.7
6415,-4.300000000000001,0,4,3,1,0.6637196319643408,,568.7
6416,-4.300000000000001,0,4,3,1,0.6637196319643408,,568.8
6417,5.7,1,4,3,1,0.6637196319643408,,568.8
6418,-4.300000000000001,0,4,3,1,0.6637196319643408,,568.8
6419,-4.300000000000001,0,4,3,1,0.6637196319643408,,568.9
6420,-4.300000000000001,0,4,3,1,0.6637196319643408,,569.0
6421,-0.30000000000000004,0,4,3,1,0.6637196319643408,,569.0
6422,-0.30000000000000004,0,4,3,1,0.6637196319643408,,569.1
6423,-4.300000000000001,0,4,3,1,0.6637196319643408,,569.2
6424,-4.300000000000001,0,4,3,1,0.6637196319643408,,569.3
6425,-4.300000000000001,0,4,3,1,0.6637196319643408,,569.3
6426,-4.300000000000001,0,4,3,1,0.6637196319643408,,569.4
6427,-4.300000000000001,0,4,3,1,0.6637196319643408,,569.5
6428,-4.300000000000001,0,4,3,1,0.6637196319643408,,569.5
6429,-0.30000000000000004,0,4,3,1,0.6637196319643408,,569.6
6430,-0.30000000000000004,0,4,3,1,0.6637196319643408,,569.7
6431,-4.300000000000001,0,4,3,1,0.6637196319643408,,569.8
6432,-2.3000000000000003,0,4,3,1,0.6637196319643408,,569.8
6433,-4.300000000000001,0,4,3,1,0.6637196319643408,,569.9
6434,-2.3000000000000003,0,4,3,1,0.6637196319643408,,570.0
6435,-4.300000000000001,0,4,3,1,0.6637196319643408,,570.0
6436,-4.300000000000001,0,4,3,1,0.6637196319643408,,570.1
6437,-4.300000000000001,0,4,3,1,0.6637196319643408,,570.2
6438,-4.300000000000001,0,4,3,1,0.6637196319643408,,570.3
6439,-4.300000000000001,0,4,3,1,0.6637196319643408,,570.4
6440,-2.3000000000000003,0,4,3,1,0.6637196319643408,,570.4
6441,-4.300000000000001,0,4,3,1,0.6637196319643408,,570.5
6442,-2.3000000000000003,0,4,3,1,0.6637196319643408,,570.5
6443,-2.3000000000000003,0,4,3,1,0.6637196319643408,,570.6
6444,-0.30000000000000004,0,4,3,1,0.6637196319643408,,570.7
6445,-4.300000000000001,0,4,3,1,0.6637196319643408,,570.7
6446,-2.3000000000000003,0,4,3,1,0.6637196319643408,,570.7
6447,5.7,1,4,3,1,0.6637196319643408,,570.8
6448,-4.300000000000001,0,4,3,1,0.6637196319643408,,570.9
6449,-4.300000000000001,0,4,3,1,0.6637196319643408,,571.0
6450,-2.3000000000000003,0,4,3,1,0.6637196319643408,,571.0
6451,-4.300000000000001,0,4,3,1,0.6637196319643408,,571.1
6452,-4.300000000000001,0,4,3,1,0.6637196319643408,,571.1
6453,-2.3000000000000003,0,4,3,1,0.6637196319643408,,571.2
6454,-2.3000000000000003,0,4,3,1,0.6637196319643408,,571.2
6455,-4.300000000000001,0,4,3,1,0.6637196319643408,,571.3
6456,-4.300000000000001,0,4,3,1,0.6637196319643408,,571.3
6457,-4.300000000000001,0,4,3,1,0.6637196319643408,,571.4
6458,-4.300000000000001,0,4,3,1,0.6637196319643408,,571.4
6459,-4.300000000000001,0,4,3,1,0.6637196319643408,,571.5
6460,5.7,1,4,3,1,0.6637196319643408,,571.6
6461,-4.300000000000001,0,4,3,1,0.6637196319643408,,571.6
6462,-4.300000000000001,0,4,3,1,0.6637196319643408,,571.7
6463,-4.300000000000001,0,4,3,1,0.6637196319643408,,571.7
6464,5.7,1,4,3,1,0.6637196319643408,,571.7
6465,-4.300000000000001,0,4,3,1,0.6637196319643408,,571.8
6466,-4.300000000000001,0,4,3,1,0.6637196319643408,,571.9
6467,-4.300000000000001,0,4,3,1,0.6637196319643408,,571.9
6468,-4.300000000000001,0,4,3,1,0.6637196319643408,,572.0
6469,-4.300000000000001,0,4,3,1,0.6637196319643408,,572.1
6470,-4.300000000000001,0,4,3,1,0.6637196319643408,,572.1
6471,-0.30000000000000004,0,4,3,1,0.6637196319643408,,572.2
6472,-4.300000000000001,0,4,3,1,0.6637196319643408,,572.3
6473,-4.300000000000001,0,4,3,1,0.6637196319643408,,572.4
6474,-4.300000000000001,0,4,3,1,0.6637196319643408,,572.5
6475,-2.3000000000000003,0,4,3,1,0.6637196319643408,,572.5
6476,-4.300000000000001,0,4,3,1,0.6637196319643408,,572.6
6477,-0.30000000000000004,0,4,3,1,0.6637196319643408,,572.6
6478,-0.6000000000000001,0,6,3,1,0.6637196319643408,,572.7
6479,-4.300000000000001,0,4,3,1,0.6637196319643408,,572.8
6480,-4.300000000000001,0,4,3,1,0.6637196319643408,,572.8
6481,-4.300000000000001,0,4,3,1,0.6637196319643408,,572.9
6482,-2.3000000000000003,0,4,3,1,0.6637196319643408,,572.9
6483,-4.300000000000001,0,4,3,1,0.6637196319643408,,573.0
6484,-4.300000000000001,0,4,3,1,0.6637196319643408,,573.0
6485,-4.300000000000001,0,4,3,1,0.6637196319643408,,573.1
6486,-4.300000000000001,0,4,3,1,0.6637196319643408,,573.2
6487,-4.300000000000001,0,4,3,1,0.6637196319643408,,573.2
6488,-4.300000000000001,0,4,3,1,0.6637196319643408,,573.3
6489,-4.300000000000001,0,4,3,1,0.6637196319643408,,573.4
6490,-4.300000000000001,0,4,3,1,0.6637196319643408,,573.4
6491,-0.30000000000000004,0,4,3,1,0.6637196319643408,,573.5
6492,5.7,1,4,3,1,0.6637196319643408,,573.6
6493,-2.3000000000000003,0,4,3,1,0.6637196319643408,,573.7
6494,-4.300000000000001,0,4,3,1,0.6637196319643408,,573.8
6495,-4.300000000000001,0,4,3,1,0.6637196319643408,,573.8
6496,5.7,1,4,3,1,0.6637196319643408,,573.9
6497,-4.300000000000001,0,4,3,1,0.6637196319643408,,574.0
6498,-4.300000000000001,0,4,3,1,0.6637196319643408,,574.0
6499,-2.3000000000000003,0,4,3,1,0.6637196319643408,,574.1
6500,-4.300000000000001,0,4,3,1,0.6637196319643408,,574.1
6501,-4.300000000000001,0,4,3,1,0.6637196319643408,,579.1
6502,5.7,1,4,3,1,0.6637196319643408,,579.2
6503,-0.30000000000000004,0,4,3,1,0.6637196319643408,,579.3
6504,-2.3000000000000003,0,4,3,1,0.6637196319643408,,579.3
6505,-4.300000000000001,0,4,3,1,0.6637196319643408,,579.4
6506,-4.300000000000001,0,4,3,1,0.6637196319643408,,579.4
6507,-4.300000000000001,0,4,3,1,0.6637196319643408,,579.5
6508,-4.6000000000000005,0,6,3,1,0.6637196319643408,,579.5
6509,-4.300000000000001,0,4,3,1,0.6637196319643408,,579.6
6510,-0.30000000000000004,0,4,3,1,0.6637196319643408,,579.7
6511,-2.3000000000000003,0,4,3,1,0.6637196319643408,,579.7
6512,-4.300000000000001,0,4,3,1,0.6637196319643408,,579.7
6513,-4.300000000000001,0,4,3,1,0.6637196319643408,,579.8
6514,-2.3000000000000003,0,4,3,1,0.6637196319643408,,579.9
6515,-2.3000000000000003,0,4,3,1,0.6637196319643408,,579.9
6516,-0.30000000000000004,0,4,3,1,0.6637196319643408,,580.0
6517,5.7,1,4,3,1,0.6637196319643408,,580.0
6518,5.7,1,4,3,1,0.6637196319643408,,580.1
6519,-4.300000000000001,0,4,3,1,0.6637196319643408,,580.1
6520,-2.3000000000000003,0,4,3,1,0.6637196319643408,,580.2
6521,-2.3000000000000003,0,4,3,1,0.6637196319643408,,580.3
6522,-4.300000000000001,0,4,3,1,0.6637196319643408,,580.3
6523,-4.300000000000001,0,4,3,1,0.6637196319643408,,580.4
6524,5.7,1,4,3,1,0.6637196319643408,,580.5
6525,-2.3000000000000003,0,4,3,1,0.6637196319643408,,580.5
6526,-4.300000000000001,0,4,3,1,0.6637196319643408,,580.5
6527,-4.300000000000001,0,4,3,1,0.6637196319643408,,580.6
6528,-4.300000000000001,0,4,3,1,0.6637196319643408,,580.7
6529,-2.3000000000000003,0,4,3,1,0.6637196319643408,,580.7
6530,-4.300000000000001,0,4,3,1,0.6637196319643408,,580.8
6531,-4.300000000000001,0,4,3,1,0.6637196319643408,,580.9
6532,-2.3000000000000003,0,4,3,1,0.6637196319643408,,581.0
6533,-4.300000000000001,0,4,3,1,0.6637196319643408,,581.0
6534,-5.6000000000000005,0,6,3,1,0.6637196319643408,,581.1
6535,-4.300000000000001,0,4,3,1,0.6637196319643408,,581.2
6536,-0.30000000000000004,0,4,3,1,0.6637196319643408,,581.2
6537,-4.300000000000001,0,4,3,1,0.6637196319643408,,581.3
6538,5.7,1,4,3,1,0.6637196319643408,,581.3
6539,-4.300000000000001,0,4,3,1,0.6637196319643408,,581.4
6540,-4.300000000000001,0,4,3,1,0.6637196319643408,,581.5
6541,-4.300000000000001,0,4,3,1,0.6637196319643408,,581.6
6542,-0.30000000000000004,0,4,3,1,0.6637196319643408,,581.7
6543,-4.300000000000001,0,4,3,1,0.6637196319643408,,581.7
6544,-2.3000000000000003,0,4,3,1,0.6637196319643408,,581.8
6545,-4.300000000000001,0,4,3,1,0.6637196319643408,,581.9
6546,-4.300000000000001,0,4,3,1,0.6637196319643408,,582.0
6547,-4.300000000000001,0,4,3,1,0.6637196319643408,,582.1
6548,-4.300000000000001,0,4,3,1,0.6637196319643408,,582.1
6549,-2.3000000000000003,0,4,3,1,0.6637196319643408,,582.2
6550,-4.300000000000001,0,4,3,1,0.6637196319643408,,582.3
6551,-4.300000000000001,0,4,3,1,0.6637196319643408,,582.3
6552,-4.300000000000001,0,4,3,1,0.6637196319643408,,582.4
6553,-4.300000000000001,0,4,3,1,0.6637196319643408,,582.4
6554,-5.6000000000000005,0,6,3,1,0.6637196319643408,,582.5
6555,-4.300000000000001,0,4,3,1,0.6637196319643408,,582.6
6556,-4.300000000000001,0,4,3,1,0.6637196319643408,,582.7
6557,-4.300000000000001,0,4,3,1,0.6637196319643408,,582.8
6558,5.7,1,4,3,1,0.6637196319643408,,582.8
6559,-4.300000000000001,0,4,3,1,0.6637196319643408,,582.9
6560,-4.300000000000001,0,4,3,1,0.6637196319643408,,582.9
6561,-4.300000000000001,0,4,3,1,0.6637196319643408,,583.0
6562,-4.300000000000001,0,4,3,1,0.6637196319643408,,583.1
6563,-2.3000000000000003,0,4,3,1,0.6637196319643408,,583.2
6564,-4.300000000000001,0,4,3,1,0.6637196319643408,,583.2
6565,-4.300000000000001,0,4,3,1,0.6637196319643408,,583.3
6566,-1.6,0,6,3,1,0.6637196319643408,,583.4
6567,-4.300000000000001,0,4,3,1,0.6637196319643408,,583.5
6568,-2.3000000000000003,0,4,3,1,0.6637196319643408,,583.6
6569,5.7,1,4,3,1,0.6637196319643408,,583.7
6570,-5.6000000000000005,0,6,3,1,0.6637196319643408,,583.8
6571,-2.3000000000000003,0,4,3,1,0.6637196319643408,,583.8
6572,-2.3000000000000003,0,4,3,1,0.6637196319643408,,583.9
6573,-2.9000000000000004,0,8,3,1,0.6637196319643408,,583.9
6574,5.7,1,4,3,1,0.6082982961088419,1.1971298609860241,584.6
6575,5.4,1,6,3,1,0.6082982961088419,,584.7
6576,-2.3000000000000003,0,4,3,1,0.6082982961088419,,584.7
6577,-4.300000000000001,0,4,3,1,0.6082982961088419,,584.8
6578,-4.300000000000001,0,4,3,1,0.6082982961088419,,584.9
6579,-2.3000000000000003,0,4,3,1,0.6082982961088419,,584.9
6580,-4.300000000000001,0,4,3,1,0.6082982961088419,,585.0
6581,-0.30000000000000004,0,4,3,1,0.6082982961088419,,585.1
6582,-2.3000000000000003,0,4,3,1,0.6082982961088419,,585.1
6583,-4.300000000000001,0,4,3,1,0.6082982961088419,,585.2
6584,-0.30000000000000004,0,4,3,1,0.6082982961088419,,585.3
6585,-2.3000000000000003,0,4,3,1,0.6082982961088419,,585.4
6586,-2.3000000000000003,0,4,3,1,0.6082982961088419,,585.4
6587,-3.6000000000000005,0,6,3,1,0.6082982961088419,,585.5
6588,-4.300000000000001,0,4,3,1,0.6082982961088419,,585.6
6589,-4.300000000000001,0,4,3,1,0.6082982961088419,,585.6
6590,5.7,1,4,3,1,0.6082982961088419,,585.7
6591,-4.300000000000001,0,4,3,1,0.6082982961088419,,585.8
6592,-4.300000000000001,0,4,3,1,0.6082982961088419,,585.9
6593,-0.30000000000000004,0,4,3,1,0.6082982961088419,,585.9
6594,-4.300000000000001,0,4,3,1,0.6082982961088419,,586.0
6595,-4.300000000000001,0,4,3,1,0.6082982961088419,,586.0
6596,5.7,1,4,3,1,0.6082982961088419,,586.1
6597,-4.300000000000001,0,4,3,1,0.6082982961088419,,586.2
6598,-4.300000000000001,0,4,3,1,0.6082982961088419,,586.3
6599,-4.300000000000001,0,4,3,1,0.6082982961088419,,586.3
6600,-2.3000000000000003,0,4,3,1,0.6082982961088419,,586.4
6601,-0.30000000000000004,0,4,3,1,0.6082982961088419,,586.4
6602,-2.3000000000000003,0,4,3,1,0.6082982961088419,,586.5
6603,-0.30000000000000004,0,4,3,1,0.6082982961088419,,586.5
6604,-4.300000000000001,0,4,3,1,0.6082982961088419,,586.6
6605,-4.300000000000001,0,4,3,1,0.6082982961088419,,586.7
6606,-4.300000000000001,0,4,3,1,0.6082982961088419,,586.7
6607,-0.30000000000000004,0,4,3,1,0.6082982961088419,,586.8
6608,-2.3000000000000003,0,4,3,1,0.6082982961088419,,586.8
6609,-4.300000000000001,0,4,3,1,0.6082982961088419,,586.9
6610,-0.30000000000000004,0,4,3,1,0.6082982961088419,,587.0
6611,-2.3000000000000003,0,4,3,1,0.6082982961088419,,587.1
6612,-0.30000000000000004,0,4,3,1,0.6082982961088419,,587.2
6613,-0.30000000000000004,0,4,3,1,0.6082982961088419,,587.2
6614,-4.300000000000001,0,4,3,1,0.6082982961088419,,587.3
6615,-4.300000000000001,0,4,3,1,0.6082982961088419,,587.3
6616,-0.30000000000000004,0,4,3,1,0.6082982961088419,,587.3
6617,-4.300000000000001,0,4,3,1,0.6082982961088419,,587.4
6618,-4.300000000000001,0,4,3,1,0.6082982961088419,,587.4
6619,-4.300000000000001,0,4,3,1,0.6082982961088419,,587.5
6620,5.7,1,4,3,1,0.6082982961088419,,587.6
6621,-4.300000000000001,0,4,3,1,0.6082982961088419,,587.6
6622,-4.300000000000001,0,4,3,1,0.6082982961088419,,587.7
6623,5.7,1,4,3,1,0.6082982961088419,,587.7
6624,-2.3000000000000003,0,4,3,1,0.6082982961088419,,587.8
6625,-1.4000000000000001,0,5,4,1,0.6082982961088419,,587.8
6626,5.7,1,4,3,1,0.6082982961088419,,587.9
6627,-2.3000000000000003,0,4,3,1,0.6082982961088419,,588.0
6628,-4.300000000000001,0,4,3,1,0.6082982961088419,,588.1
6629,-4.300000000000001,0,4,3,1,0.6082982961088419,,588.1
6630,-0.30000000000000004,0,4,3,1,0.6082982961088419,,588.2
6631,-4.300000000000001,0,4,3,1,0.6082982961088419,,588.3
6632,-2.3000000000000003,0,4,3,1,0.6082982961088419,,588.3
6633,-4.300000000000001,0,4,3,1,0.6082982961088419,,588.4
6634,-4.300000000000001,0,4,3,1,0.6082982961088419,,588.4
6635,-4.300000000000001,0,4,3,1,0.6082982961088419,,588.5
6636,-4.300000000000001,0,4,3,1,0.6082982961088419,,588.6
6637,-4.300000000000001,0,4,3,1,0.6082982961088419,,588.6
6638,-4.300000000000001,0,4,3,1,0.6082982961088419,,588.7
6639,-4.300000000000001,0,4,3,1,0.6082982961088419,,588.8
6640,-0.6000000000000001,0,6,3,1,0.6082982961088419,,588.9
6641,-4.300000000000001,0,4,3,1,0.6082982961088419,,589.0
6642,5.7,1,4,3,1,0.6082982961088419,,589.0
6643,-4.300000000000001,0,4,3,1,0.6082982961088419,,589.1
6644,-4.300000000000001,0,4,3,1,0.6082982961088419,,589.1
6645,-4.300000000000001,0,4,3,1,0.6082982961088419,,589.2
6646,-4.300000000000001,0,4,3,1,0.6082982961088419,,589.3
6647,-0.6000000000000001,0,6,3,1,0.6082982961088419,,589.3
6648,-2.3000000000000003,0,4,3,1,0.6082982961088419,,589.4
6649,-2.3000000000000003,0,4,3,1,0.6082982961088419,,589.5
6650,-4.6,0,6,3,1,0.6082982961088419,,589.6
6651,-4.300000000000001,0,4,3,1,0.6082982961088419,,589.6
6652,-4.300000000000001,0,4,3,1,0.6082982961088419,,589.7
6653,-2.3000000000000003,0,4,3,1,0.6082982961088419,,589.8
6654,-4.300000000000001,0,4,3,1,0.6082982961088419,,589.9
6655,-0.30000000000000004,0,4,3,1,0.6082982961088419,,589.9
6656,-4.300000000000001,0,4,3,1,0.6082982961088419,,590.0
6657,-4.300000000000001,0,4,3,1,0.6082982961088419,,590.1
6658,-0.30000000000000004,0,4,3,1,0.6082982961088419,,590.1
6659,5.7,1,4,3,1,0.6082982961088419,,590.1
6660,-2.3000000000000003,0,4,3,1,0.6082982961088419,,590.2
6661,-2.3000000000000003,0,4,3,1,0.6082982961088419,,590.2
6662,-4.300000000000001,0,4,3,1,0.6082982961088419,,590.3
6663,-4.300000000000001,0,4,3,1,0.6082982961088419,,590.4
6664,-1.6,0,6,3,1,0.6082982961088419,,590.5
6665,-0.30000000000000004,0,4,3,1,0.6082982961088419,,590.5
6666,5.7,1,4,3,1,0.6082982961088419,,590.6
6667,-4.300000000000001,0,4,3,1,0.6082982961088419,,590.6
6668,-4.300000000000001,0,4,3,1,0.6082982961088419,,590.7
6669,-4.300000000000001,0,4,3,1,0.6082982961088419,,590.8
6670,-4.300000000000001,0,4,3,1,0.6082982961088419,,590.9
6671,-4.300000000000001,0,4,3,1,0.6082982961088419,,590.9
6672,-4.300000000000001,0,4,3,1,0.6082982961088419,,591.0
6673,-2.3000000000000003,0,4,3,1,0.6082982961088419,,591.1
6674,-4.300000000000001,0,4,3,1,0.6082982961088419,,591.1
6675,-0.30000000000000004,0,4,3,1,0.6082982961088419,,591.2
6676,-4.300000000000001,0,4,3,1,0.6082982961088419,,591.2
6677,-4.300000000000001,0,4,3,1,0.6082982961088419,,591.3
6678,-4.300000000000001,0,4,3,1,0.6082982961088419,,591.4
6679,-0.30000000000000004,0,4,3,1,0.6082982961088419,,591.5
6680,-4.300000000000001,0,4,3,1,0.6082982961088419,,591.5
6681,-4.300000000000001,0,4,3,1,0.6082982961088419,,591.6
6682,-0.30000000000000004,0,4,3,1,0.6082982961088419,,591.7
6683,-4.300000000000001,0,4,3,1,0.6082982961088419,,591.8
6684,-0.30000000000000004,0,4,3,1,0.6082982961088419,,591.8
6685,-0.30000000000000004,0,4,3,1,0.6082982961088419,,591.9
6686,-2.3000000000000003,0,4,3,1,0.6082982961088419,,592.0
6687,-4.300000000000001,0,4,3,1,0.6082982961088419,,592.0
6688,-4.300000000000001,0,4,3,1,0.6082982961088419,,592.1
6689,-2.3000000000000003,0,4,3,1,0.6082982961088419,,592.2
6690,-4.300000000000001,0,4,3,1,0.6082982961088419,,592.2
6691,-4.300000000000001,0,4,3,1,0.6082982961088419,,592.3
6692,-4.300000000000001,0,4,3,1,0.6082982961088419,,592.4
6693,-4.6000000000000005,0,6,3,1,0.6082982961088419,,592.4
6694,-0.30000000000000004,0,4,3,1,0.6082982961088419,,592.5
6695,-4.300000000000001,0,4,3,1,0.6082982961088419,,592.6
6696,-4.300000000000001,0,4,3,1,0.6082982961088419,,592.7
6697,-2.3000000000000003,0,4,3,1,0.6082982961088419,,592.7
6698,-4.300000000000001,0,4,3,1,0.6082982961088419,,592.8
6699,-4.300000000000001,0,4,3,1,0.6082982961088419,,592.9
6700,-2.3000000000000003,0,4,3,1,0.6082982961088419,,592.9
6701,-2.3000000000000003,0,4,3,1,0.6082982961088419,,593.0
6702,-4.300000000000001,0,4,3,1,0.6082982961088419,,593.0
6703,-4.300000000000001,0,4,3,1,0.6082982961088419,,593.1
6704,-2.3000000000000003,0,4,3,1,0.6082982961088419,,593.2
6705,-4.300000000000001,0,4,3,1,0.6082982961088419,,593.3
6706,-0.30000000000000004,0,4,3,1,0.6082982961088419,,593.3
6707,-4.300000000000001,0,4,3,1,0.6082982961088419,,593.4
6708,-5.4,0,5,4,1,0.6082982961088419,,593.4
6709,-4.300000000000001,0,4,3,1,0.6082982961088419,,593.5
6710,-4.300000000000001,0,4,3,1,0.6082982961088419,,593.5
6711,-4.300000000000001,0,4,3,1,0.6082982961088419,,593.6
6712,-4.300000000000001,0,4,3,1,0.6082982961088419,,593.7
6713,5.7,1,4,3,1,0.6082982961088419,,593.7
6714,-4.300000000000001,0,4,3,1,0.6082982961088419,,593.8
6715,-2.3000000000000003,0,4,3,1,0.6082982961088419,,593.9
6716,-4.300000000000001,0,4,3,1,0.6082982961088419,,594.0
6717,-0.30000000000000004,0,4,3,1,0.6082982961088419,,594.0
6718,-2.3000000000000003,0,4,3,1,0.6082982961088419,,594.1
6719,-4.300000000000001,0,4,3,1,0.6082982961088419,,594.2
6720,-4.300000000000001,0,4,3,1,0.6082982961088419,,594.3
6721,-4.300000000000001,0,4,3,1,0.6082982961088419,,594.3
6722,-4.300000000000001,0,4,3,1,0.6082982961088419,,594.4
6723,5.7,1,4,3,1,0.6082982961088419,,594.5
6724,-4.300000000000001,0,4,3,1,0.6082982961088419,,594.5
6725,-4.300000000000001,0,4,3,1,0.6082982961088419,,594.6
6726,-4.300000000000001,0,4,3,1,0.6082982961088419,,594.7
6727,-2.3000000000000003,0,4,3,1,0.6082982961088419,,594.7
6728,-4.300000000000001,0,4,3,1,0.6082982961088419,,594.8
6729,-4.300000000000001,0,4,3,1,0.6082982961088419,,594.8
6730,-4.300000000000001,0,4,3,1,0.6082982961088419,,594.9
6731,-4.300000000000001,0,4,3,1,0.6082982961088419,,595.0
6732,-4.300000000000001,0,4,3,1,0.6082982961088419,,595.0
6733,5.7,1,4,3,1,0.6082982961088419,,595.1
6734,-2.3000000000000003,0,4,3,1,0.6082982961088419,,595.2
6735,-4.300000000000001,0,4,3,1,0.6082982961088419,,595.3
6736,-2.3000000000000003,0,4,3,1,0.6082982961088419,,595.4
6737,-4.300000000000001,0,4,3,1,0.6082982961088419,,595.4
6738,-2.3000000000000003,0,4,3,1,0.6082982961088419,,595.5
6739,-4.300000000000001,0,4,3,1,0.6082982961088419,,595.6
6740,-4.300000000000001,0,4,3,1,0.6082982961088419,,595.6
6741,-4.300000000000001,0,4,3,1,0.6082982961088419,,595.7
6742,-2.3000000000000003,0,4,3,1,0.6082982961088419,,595.8
6743,-4.300000000000001,0,4,3,1,0.6082982961088419,,595.8
6744,-2.3000000000000003,0,4,3,1,0.6082982961088419,,595.9
6745,-4.300000000000001,0,4,3,1,0.6082982961088419,,595.9
6746,-0.30000000000000004,0,4,3,1,0.6082982961088419,,596.0
6747,5.7,1,4,3,1,0.6082982961088419,,596.0
6748,-4.6,0,6,3,1,0.6082982961088419,,596.1
6749,-2.3000000000000003,0,4,3,1,0.6082982961088419,,596.2
6750,5.7,1,4,3,1,0.6082982961088419,,596.3
6751,5.7,1,4,3,1,0.6082982961088419,,596.3
6752,-2.6,0,6,3,1,0.6082982961088419,,596.4
6753,-4.300000000000001,0,4,3,1,0.6082982961088419,,596.5
6754,-4.300000000000001,0,4,3,1,0.6082982961088419,,596.5
6755,-4.300000000000001,0,4,3,1,0.6082982961088419,,596.6
6756,-4.300000000000001,0,4,3,1,0.6082982961088419,,596.6
6757,-2.3000000000000003,0,4,3,1,0.6082982961088419,,596.7
6758,-4.300000000000001,0,4,3,1,0.6082982961088419,,596.7
6759,-4.300000000000001,0,4,3,1,0.6082982961088419,,596.8
6760,-0.30000000000000004,0,4,3,1,0.6082982961088419,,596.8
6761,-4.300000000000001,0,4,3,1,0.6082982961088419,,596.9
6762,-4.300000000000001,0,4,3,1,0.6082982961088419,,596.9
6763,-4.300000000000001,0,4,3,1,0.6082982961088419,,597.0
6764,-2.3000000000000003,0,4,3,1,0.6082982961088419,,597.0
6765,-4.300000000000001,0,4,3,1,0.6082982961088419,,597.1
6766,-2.3000000000000003,0,4,3,1,0.6082982961088419,,597.1
6767,-2.3000000000000003,0,4,3,1,0.6082982961088419,,597.2
6768,-2.3000000000000003,0,4,3,1,0.6082982961088419,,597.3
6769,-4.300000000000001,0,4,3,1,0.6082982961088419,,597.3
6770,-4.300000000000001,0,4,3,1,0.6082982961088419,,597.4
6771,-4.300000000000001,0,4,3,1,0.6082982961088419,,597.4
6772,-4.300000000000001,0,4,3,1,0.6082982961088419,,597.5
6773,-2.3000000000000003,0,4,3,1,0.6082982961088419,,597.6
6774,-4.300000000000001,0,4,3,1,0.6082982961088419,,597.6
6775,-4.300000000000001,0,4,3,1,0.6082982961088419,,597.7
6776,-4.300000000000001,0,4,3,1,0.6082982961088419,,597.7
6777,-2.3000000000000003,0,4,3,1,0.6082982961088419,,597.8
6778,-4.300000000000001,0,4,3,1,0.6082982961088419,,597.8
6779,-4.300000000000001,0,4,3,1,0.6082982961088419,,597.9
6780,-4.300000000000001,0,4,3,1,0.6082982961088419,,597.9
6781,-2.3000000000000003,0,4,3,1,0.6082982961088419,,598.0
6782,-2.3000000000000003,0,4,3,1,0.6082982961088419,,598.1
6783,-4.300000000000001,0,4,3,1,0.6082982961088419,,598.1
6784,-4.300000000000001,0,4,3,1,0.6082982961088419,,598.2
6785,-4.300000000000001,0,4,3,1,0.6082982961088419,,598.2
6786,5.7,1,4,3,1,0.6082982961088419,,598.3
6787,-4.300000000000001,0,4,3,1,0.6082982961088419,,598.4
6788,-4.300000000000001,0,4,3,1,0.6082982961088419,,598.5
6789,-2.3000000000000003,0,4,3,1,0.6082982961088419,,598.5
6790,-4.300000000000001,0,4,3,1,0.6082982961088419,,598.6
6791,-4.300000000000001,0,4,3,1,0.6082982961088419,,598.7
6792,-4.300000000000001,0,4,3,1,0.6082982961088419,,598.8
6793,-4.300000000000001,0,4,3,1,0.6082982961088419,,598.8
6794,-4.300000000000001,0,4,3,1,0.6082982961088419,,598.9
6795,-4.300000000000001,0,4,3,1,0.6082982961088419,,599.0
6796,-1.4000000000000001,0,5,4,1,0.6082982961088419,,599.0
6797,-2.3000000000000003,0,4,3,1,0.6082982961088419,,599.1
6798,-4.300000000000001,0,4,3,1,0.6082982961088419,,599.2
6799,-4.300000000000001,0,4,3,1,0.6082982961088419,,599.3
6800,-4.300000000000001,0,4,3,1,0.6082982961088419,,599.4
6801,-4.300000000000001,0,4,3,1,0.6082982961088419,,599.5
6802,-2.3000000000000003,0,4,3,1,0.6082982961088419,,599.5
6803,-4.300000000000001,0,4,3,1,0.6082982961088419,,599.6
6804,-2.3000000000000003,0,4,3,1,0.6082982961088419,,599.7
6805,-4.300000000000001,0,4,3,1,0.6082982961088419,,599.7
6806,-4.300000000000001,0,4,3,1,0.6082982961088419,,599.8
6807,-4.300000000000001,0,4,3,1,0.6082982961088419,,599.9
6808,-2.3000000000000003,0,4,3,1,0.6082982961088419,,599.9
6809,-0.30000000000000004,0,4,3,1,0.6082982961088419,,600.0
6810,-4.300000000000001,0,4,3,1,0.6082982961088419,,600.1
6811,-4.300000000000001,0,4,3,1,0.6082982961088419,,600.2
6812,-4.300000000000001,0,4,3,1,0.6082982961088419,,600.2
6813,5.7,1,4,3,1,0.6082982961088419,,600.3
6814,-4.300000000000001,0,4,3,1,0.6082982961088419,,600.4
6815,-4.300000000000001,0,4,3,1,0.6082982961088419,,600.5
6816,5.7,1,4,3,1,0.6082982961088419,,600.5
6817,-4.300000000000001,0,4,3,1,0.6082982961088419,,600.6
6818,-4.300000000000001,0,4,3,1,0.6082982961088419,,600.6
6819,-2.3000000000000003,0,4,3,1,0.6082982961088419,,600.7
6820,-2.3000000000000003,0,4,3,1,0.6082982961088419,,600.7
6821,-2.3000000000000003,0,4,3,1,0.6082982961088419,,600.8
6822,-2.3000000000000003,0,4,3,1,0.6082982961088419,,600.8
6823,-4.300000000000001,0,4,3,1,0.6082982961088419,,600.8
6824,5.7,1,4,3,1,0.6082982961088419,,600.9
6825,-2.3000000000000003,0,4,3,1,0.6082982961088419,,601.0
6826,-4.300000000000001,0,4,3,1,0.6082982961088419,,601.0
6827,-4.300000000000001,0,4,3,1,0.6082982961088419,,601.1
6828,-4.300000000000001,0,4,3,1,0.6082982961088419,,601.2
6829,-4.300000000000001,0,4,3,1,0.6082982961088419,,601.2
6830,-4.300000000000001,0,4,3,1,0.6082982961088419,,601.3
6831,-4.300000000000001,0,4,3,1,0.6082982961088419,,601.4
6832,-2.3000000000000003,0,4,3,1,0.6082982961088419,,601.4
6833,-4.300000000000001,0,4,3,1,0.6082982961088419,,601.5
6834,-0.30000000000000004,0,4,3,1,0.6082982961088419,,601.5
6835,-4.300000000000001,0,4,3,1,0.6082982961088419,,601.5
6836,-4.300000000000001,0,4,3,1,0.6082982961088419,,601.6
6837,-4.300000000000001,0,4,3,1,0.6082982961088419,,601.7
6838,-0.30000000000000004,0,4,3,1,0.6082982961088419,,601.8
6839,-4.300000000000001,0,4,3,1,0.6082982961088419,,601.9
6840,-4.300000000000001,0,4,3,1,0.6082982961088419,,602.0
6841,-4.300000000000001,0,4,3,1,0.6082982961088419,,602.1
6842,-4.300000000000001,0,4,3,1,0.6082982961088419,,602.1
6843,-0.30000000000000004,0,4,3,1,0.6082982961088419,,602.2
6844,-4.300000000000001,0,4,3,1,0.6082982961088419,,602.2
6845,-2.3000000000000003,0,4,3,1,0.6082982961088419,,602.2
6846,-4.300000000000001,0,4,3,1,0.6082982961088419,,602.3
6847,-4.300000000000001,0,4,3,1,0.6082982961088419,,602.4
6848,-4.300000000000001,0,4,3,1,0.6082982961088419,,602.4
6849,-4.300000000000001,0,4,3,1,0.6082982961088419,,602.5
6850,-4.300000000000001,0,4,3,1,0.6082982961088419,,602.6
6851,-0.30000000000000004,0,4,3,1,0.6082982961088419,,602.6
6852,-0.30000000000000004,0,4,3,1,0.6082982961088419,,602.7
6853,-2.3000000000000003,0,4,3,1,0.6082982961088419,,602.8
6854,-4.300000000000001,0,4,3,1,0.6082982961088419,,602.8
6855,-0.30000000000000004,0,4,3,1,0.6082982961088419,,602.9
6856,-2.3000000000000003,0,4,3,1,0.6082982961088419,,602.9
6857,-4.300000000000001,0,4,3,1,0.6082982961088419,,603.0
6858,-4.300000000000001,0,4,3,1,0.6082982961088419,,603.1
6859,-4.300000000000001,0,4,3,1,0.6082982961088419,,603.2
6860,-4.300000000000001,0,4,3,1,0.6082982961088419,,603.2
6861,-2.3000000000000003,0,4,3,1,0.6082982961088419,,603.3
6862,-0.30000000000000004,0,4,3,1,0.6082982961088419,,603.4
6863,-4.300000000000001,0,4,3,1,0.6082982961088419,,603.5
6864,-4.300000000000001,0,4,3,1,0.6082982961088419,,603.6
6865,-4.300000000000001,0,4,3,1,0.6082982961088419,,603.6
6866,-4.300000000000001,0,4,3,1,0.6082982961088419,,603.7
6867,-4.300000000000001,0,4,3,1,0.6082982961088419,,603.8
6868,-2.3000000000000003,0,4,3,1,0.6082982961088419,,603.9
6869,-4.300000000000001,0,4,3,1,0.6082982961088419,,603.9
6870,-4.300000000000001,0,4,3,1,0.6082982961088419,,604.0
6871,-4.300000000000001,0,4,3,1,0.6082982961088419,,604.0
6872,-4.300000000000001,0,4,3,1,0.6082982961088419,,604.1
6873,-0.30000000000000004,0,4,3,1,0.6082982961088419,,604.1
6874,5.4,1,6,3,1,0.6082982961088419,,604.2
6875,-4.300000000000001,0,4,3,1,0.6082982961088419,,604.2
6876,-2.3000000000000003,0,4,3,1,0.6082982961088419,,604.3
6877,-4.300000000000001,0,4,3,1,0.6082982961088419,,604.4
6878,-4.300000000000001,0,4,3,1,0.6082982961088419,,604.4
6879,-4.300000000000001,0,4,3,1,0.6082982961088419,,604.5
6880,-2.3000000000000003,0,4,3,1,0.6082982961088419,,604.6
6881,-4.300000000000001,0,4,3,1,0.6082982961088419,,604.6
6882,-4.300000000000001,0,4,3,1,0.6082982961088419,,604.6
6883,-4.300000000000001,0,4,3,1,0.6082982961088419,,604.7
6884,-4.300000000000001,0,4,3,1,0.6082982961088419,,604.7
6885,-4.300000000000001,0,4,3,1,0.6082982961088419,,604.8
6886,5.7,1,4,3,1,0.6082982961088419,,604.9
6887,-4.300000000000001,0,4,3,1,0.6082982961088419,,604.9
6888,-2.3000000000000003,0,4,3,1,0.6082982961088419,,605.0
6889,-2.3000000000000003,0,4,3,1,0.6082982961088419,,605.1
6890,-4.300000000000001,0,4,3,1,0.6082982961088419,,605.1
6891,-4.300000000000001,0,4,3,1,0.6082982961088419,,605.2
6892,-4.300000000000001,0,4,3,1,0.6082982961088419,,605.3
6893,-4.300000000000001,0,4,3,1,0.6082982961088419,,605.3
6894,-4.300000000000001,0,4,3,1,0.6082982961088419,,605.4
6895,-4.300000000000001,0,4,3,1,0.6082982961088419,,605.5
6896,5.7,1,4,3,1,0.6082982961088419,,605.5
6897,-4.300000000000001,0,4,3,1,0.6082982961088419,,605.6
6898,5.7,1,4,3,1,0.6082982961088419,,605.7
6899,-5.6000000000000005,0,6,3,1,0.6082982961088419,,605.8
6900,5.7,1,4,3,1,0.6082982961088419,,605.9
6901,-3.4000000000000004,0,5,4,1,0.6082982961088419,,605.9
6902,-4.300000000000001,0,4,3,1,0.6082982961088419,,606.0
6903,5.7,1,4,3,1,0.6082982961088419,,606.1
6904,5.7,1,4,3,1,0.6082982961088419,,606.1
6905,-4.300000000000001,0,4,3,1,0.6082982961088419,,606.2
6906,-2.3000000000000003,0,4,3,1,0.6082982961088419,,606.3
6907,-4.300000000000001,0,4,3,1,0.6082982961088419,,606.4
6908,-2.3000000000000003,0,4,3,1,0.6082982961088419,,606.4
6909,-4.300000000000001,0,4,3,1,0.6082982961088419,,606.6
6910,-2.3000000000000003,0,4,3,1,0.6082982961088419,,606.6
6911,-2.3000000000000003,0,4,3,1,0.6082982961088419,,606.7
6912,-4.300000000000001,0,4,3,1,0.6082982961088419,,606.8
6913,-4.300000000000001,0,4,3,1,0.6082982961088419,,606.8
6914,5.7,1,4,3,1,0.6082982961088419,,606.9
6915,-4.300000000000001,0,4,3,1,0.6082982961088419,,607.0
6916,-2.3000000000000003,0,4,3,1,0.6082982961088419,,607.0
6917,-4.300000000000001,0,4,3,1,0.6082982961088419,,607.1
6918,-4.300000000000001,0,4,3,1,0.6082982961088419,,607.1
6919,-2.3000000000000003,0,4,3,1,0.6082982961088419,,607.2
6920,-4.300000000000001,0,4,3,1,0.6082982961088419,,607.3
6921,-4.300000000000001,0,4,3,1,0.6082982961088419,,607.3
6922,-2.3000000000000003,0,4,3,1,0.6082982961088419,,607.4
6923,5.7,1,4,3,1,0.6082982961088419,,607.5
6924,-4.300000000000001,0,4,3,1,0.6082982961088419,,607.5
6925,-2.3000000000000003,0,4,3,1,0.6082982961088419,,607.6
6926,-4.300000000000001,0,4,3,1,0.6082982961088419,,607.7
6927,-4.300000000000001,0,4,3,1,0.6082982961088419,,607.8
6928,-4.300000000000001,0,4,3,1,0.6082982961088419,,607.9
6929,-4.300000000000001,0,4,3,1,0.6082982961088419,,607.9
6930,-4.300000000000001,0,4,3,1,0.6082982961088419,,608.0
6931,-4.300000000000001,0,4,3,1,0.6082982961088419,,608.1
6932,-2.3000000000000003,0,4,3,1,0.6082982961088419,,608.2
6933,-5.9,0,8,3,1,0.6082982961088419,,608.2
6934,-4.300000000000001,0,4,3,1,0.6082982961088419,,608.3
6935,-4.300000000000001,0,4,3,1,0.6082982961088419,,608.4
6936,-4.300000000000001,0,4,3,1,0.6082982961088419,,608.5
6937,-4.300000000000001,0,4,3,1,0.6082982961088419,,608.5
6938,-2.3000000000000003,0,4,3,1,0.6082982961088419,,608.6
6939,-0.30000000000000004,0,4,3,1,0.6082982961088419,,608.7
6940,-0.30000000000000004,0,4,3,1,0.6082982961088419,,608.7
6941,-4.300000000000001,0,4,3,1,0.6082982961088419,,608.8
6942,-0.30000000000000004,0,4,3,1,0.6082982961088419,,608.8
6943,-4.300000000000001,0,4,3,1,0.6082982961088419,,608.9
6944,-0.30000000000000004,0,4,3,1,0.6082982961088419,,609.0
6945,-4.300000000000001,0,4,3,1,0.6082982961088419,,609.1
6946,-0.30000000000000004,0,4,3,1,0.6082982961088419,,609.1
6947,-0.30000000000000004,0,4,3,1,0.6082982961088419,,609.2
6948,-4.300000000000001,0,4,3,1,0.6082982961088419,,609.3
6949,-4.300000000000001,0,4,3,1,0.6082982961088419,,609.3
6950,-4.300000000000001,0,4,3,1,0.6082982961088419,,609.4
6951,-4.300000000000001,0,4,3,1,0.6082982961088419,,609.5
6952,-4.300000000000001,0,4,3,1,0.6082982961088419,,609.6
6953,-4.300000000000001,0,4,3,1,0.6082982961088419,,609.6
6954,-4.300000000000001,0,4,3,1,0.6082982961088419,,609.7
6955,-4.300000000000001,0,4,3,1,0.6082982961088419,,609.8
6956,-4.300000000000001,0,4,3,1,0.6082982961088419,,609.8
6957,-4.300000000000001,0,4,3,1,0.6082982961088419,,609.9
6958,-4.300000000000001,0,4,3,1,0.6082982961088419,,609.9
6959,5.7,1,4,3,1,0.6082982961088419,,610.0
6960,-4.300000000000001,0,4,3,1,0.6082982961088419,,610.1
6961,-0.30000000000000004,0,4,3,1,0.6082982961088419,,610.2
6962,-0.30000000000000004,0,4,3,1,0.6082982961088419,,610.2
6963,-4.300000000000001,0,4,3,1,0.6082982961088419,,610.3
6964,5.7,1,4,3,1,0.6082982961088419,,610.3
6965,-0.30000000000000004,0,4,3,1,0.6082982961088419,,610.4
6966,4.4,1,6,3,1,0.6082982961088419,,610.5
6967,-2.3000000000000003,0,4,3,1,0.6082982961088419,,610.6
6968,-4.300000000000001,0,4,3,1,0.6082982961088419,,610.6
6969,-4.300000000000001,0,4,3,1,0.6082982961088419,,610.7
6970,-0.30000000000000004,0,4,3,1,0.6082982961088419,,610.8
6971,-0.30000000000000004,0,4,3,1,0.6082982961088419,,610.8
6972,-4.300000000000001,0,4,3,1,0.6082982961088419,,610.9
6973,-2.3000000000000003,0,4,3,1,0.6082982961088419,,611.0
6974,-4.300000000000001,0,4,3,1,0.6082982961088419,,611.1
6975,-4.300000000000001,0,4,3,1,0.6082982961088419,,611.2
6976,5.7,1,4,3,1,0.6082982961088419,,611.3
6977,-4.300000000000001,0,4,3,1,0.6082982961088419,,611.3
6978,-4.300000000000001,0,4,3,1,0.6082982961088419,,611.4
6979,-2.6,0,6,3,1,0.6082982961088419,,611.5
6980,5.7,1,4,3,1,0.6082982961088419,,611.5
6981,-2.3000000000000003,0,4,3,1,0.6082982961088419,,611.5
6982,-4.300000000000001,0,4,3,1,0.6082982961088419,,611.6
6983,-4.300000000000001,0,4,3,1,0.6082982961088419,,611.6
6984,-4.300000000000001,0,4,3,1,0.6082982961088419,,611.7
6985,-4.300000000000001,0,4,3,1,0.6082982961088419,,611.7
6986,-0.30000000000000004,0,4,3,1,0.6082982961088419,,611.8
6987,-4.300000000000001,0,4,3,1,0.6082982961088419,,611.8
6988,-4.300000000000001,0,4,3,1,0.6082982961088419,,611.9
6989,-2.3000000000000003,0,4,3,1,0.6082982961088419,,612.0
6990,0.6000000000000001,0,5,4,1,0.6082982961088419,,612.1
6991,-4.300000000000001,0,4,3,1,0.6082982961088419,,612.1
6992,-2.6,0,6,3,1,0.6082982961088419,,612.1
6993,-4.300000000000001,0,4,3,1,0.6082982961088419,,612.2
6994,-4.300000000000001,0,4,3,1,0.6082982961088419,,612.3
6995,-4.6000000000000005,0,6,3,1,0.6082982961088419,,612.3
6996,-4.300000000000001,0,4,3,1,0.6082982961088419,,612.4
6997,-4.300000000000001,0,4,3,1,0.6082982961088419,,612.5
6998,5.7,1,4,3,1,0.6082982961088419,,612.5
6999,-4.300000000000001,0,4,3,1,0.6082982961088419,,612.6
7000,-2.3000000000000003,0,4,3,1,0.6082982961088419,,612.7
7001,-4.300000000000001,0,4,3,1,0.6082982961088419,,617.8
7002,-2.3000000000000003,0,4,3,1,0.6082982961088419,,617.9
7003,-4.300000000000001,0,4,3,1,0.6082982961088419,,617.9
7004,-4.6000000000000005,0,6,3,1,0.6082982961088419,,618.0
7005,-4.300000000000001,0,4,3,1,0.6082982961088419,,618.1
7006,-4.300000000000001,0,4,3,1,0.6082982961088419,,618.2
7007,-4.300000000000001,0,4,3,1,0.6082982961088419,,618.3
7008,-4.300000000000001,0,4,3,1,0.6082982961088419,,618.3
7009,-5.4,0,5,4,1,0.6082982961088419,,618.4
7010,-2.3000000000000003,0,4,3,1,0.6082982961088419,,618.5
7011,-2.3000000000000003,0,4,3,1,0.6082982961088419,,618.6
7012,-4.300000000000001,0,4,3,1,0.6082982961088419,,618.6
7013,-2.3000000000000003,0,4,3,1,0.6082982961088419,,618.7
7014,-4.300000000000001,0,4,3,1,0.6082982961088419,,618.8
7015,-4.300000000000001,0,4,3,1,0.6082982961088419,,618.8
7016,-2.3000000000000003,0,4,3,1,0.6082982961088419,,618.9
7017,-4.300000000000001,0,4,3,1,0.6082982961088419,,619.0
7018,-2.3000000000000003,0,4,3,1,0.6082982961088419,,619.1
7019,-2.3000000000000003,0,4,3,1,0.6082982961088419,,619.1
7020,-4.300000000000001,0,4,3,1,0.6082982961088419,,619.2
7021,-4.300000000000001,0,4,3,1,0.6082982961088419,,619.3
7022,-4.300000000000001,0,4,3,1,0.6082982961088419,,619.3
7023,-4.300000000000001,0,4,3,1,0.6082982961088419,,619.4
7024,-0.30000000000000004,0,4,3,1,0.6082982961088419,,619.5
7025,-4.300000000000001,0,4,3,1,0.6082982961088419,,619.6
7026,-4.300000000000001,0,4,3,1,0.6082982961088419,,619.6
7027,-5.6000000000000005,0,6,3,1,0.6082982961088419,,619.7
7028,-4.300000000000001,0,4,3,1,0.6082982961088419,,619.7
7029,-4.300000000000001,0,4,3,1,0.6082982961088419,,619.8
7030,-2.3000000000000003,0,4,3,1,0.6082982961088419,,619.9
7031,-4.300000000000001,0,4,3,1,0.6082982961088419,,619.9
7032,-2.3000000000000003,0,4,3,1,0.6082982961088419,,620.0
7033,5.4,1,6,3,1,0.6082982961088419,,620.1
7034,-4.300000000000001,0,4,3,1,0.6082982961088419,,620.2
7035,-4.300000000000001,0,4,3,1,0.6082982961088419,,620.2
7036,-4.300000000000001,0,4,3,1,0.6082982961088419,,620.3
7037,-2.3000000000000003,0,4,3,1,0.6082982961088419,,620.4
7038,5.7,1,4,3,1,0.6082982961088419,,620.5
7039,-4.300000000000001,0,4,3,1,0.6082982961088419,,620.5
7040,-2.3000000000000003,0,4,3,1,0.6082982961088419,,620.6
7041,-4.300000000000001,0,4,3,1,0.6082982961088419,,620.7
7042,5.7,1,4,3,1,0.6082982961088419,,620.7
7043,-2.3000000000000003,0,4,3,1,0.6082982961088419,,620.8
7044,-4.300000000000001,0,4,3,1,0.6082982961088419,,620.9
7045,-2.3000000000000003,0,4,3,1,0.6082982961088419,,621.0
7046,-5.6000000000000005,0,6,3,1,0.6082982961088419,,621.0
7047,-2.3000000000000003,0,4,3,1,0.6082982961088419,,621.1
7048,-4.300000000000001,0,4,3,1,0.6082982961088419,,621.2
7049,-4.300000000000001,0,4,3,1,0.6082982961088419,,621.2
7050,-2.3000000000000003,0,4,3,1,0.6082982961088419,,621.3
7051,-4.300000000000001,0,4,3,1,0.6082982961088419,,621.4
7052,-4.300000000000001,0,4,3,1,0.6082982961088419,,621.4
7053,5.7,1,4,3,1,0.6082982961088419,,621.5
7054,-2.3000000000000003,0,4,3,1,0.6082982961088419,,621.6
7055,-4.300000000000001,0,4,3,1,0.6082982961088419,,621.6
7056,-2.3000000000000003,0,4,3,1,0.6082982961088419,,621.7
7057,-4.300000000000001,0,4,3,1,0.6082982961088419,,621.7
7058,-0.30000000000000004,0,4,3,1,0.6082982961088419,,621.8
7059,-0.30000000000000004,0,4,3,1,0.6082982961088419,,621.8
7060,-4.300000000000001,0,4,3,1,0.6082982961088419,,621.9
7061,-4.300000000000001,0,4,3,1,0.6082982961088419,,622.0
7062,-2.3000000000000003,0,4,3,1,0.6082982961088419,,622.1
7063,-4.300000000000001,0,4,3,1,0.6082982961088419,,622.2
7064,5.7,1,4,3,1,0.6082982961088419,,622.3
7065,-4.300000000000001,0,4,3,1,0.6082982961088419,,622.4
7066,-4.300000000000001,0,4,3,1,0.6082982961088419,,622.4
7067,-4.300000000000001,0,4,3,1,0.6082982961088419,,622.5
7068,4.4,1,6,3,1,0.6082982961088419,,622.6
7069,-4.300000000000001,0,4,3,1,0.6082982961088419,,622.7
7070,-4.300000000000001,0,4,3,1,0.6082982961088419,,622.8
7071,5.7,1,4,3,1,0.6082982961088419,,622.9
7072,-4.300000000000001,0,4,3,1,0.6082982961088419,,622.9
7073,-4.300000000000001,0,4,3,1,0.6082982961088419,,623.0
7074,5.7,1,4,3,1,0.629318080144003,1.3185667069628835,623.7
7075,-2.3000000000000003,0,4,3,1,0.629318080144003,,623.7
7076,-4.300000000000001,0,4,3,1,0.629318080144003,,623.8
7077,-2.3000000000000003,0,4,3,1,0.629318080144003,,623.8
7078,-4.300000000000001,0,4,3,1,0.629318080144003,,623.9
7079,-2.3000000000000003,0,4,3,1,0.629318080144003,,623.9
7080,-2.3000000000000003,0,4,3,1,0.629318080144003,,624.0
7081,-4.300000000000001,0,4,3,1,0.629318080144003,,624.0
7082,-4.300000000000001,0,4,3,1,0.629318080144003,,624.1
7083,-4.300000000000001,0,4,3,1,0.629318080144003,,624.1
7084,-4.300000000000001,0,4,3,1,0.629318080144003,,624.2
7085,-0.30000000000000004,0,4,3,1,0.629318080144003,,624.3
7086,-4.300000000000001,0,4,3,1,0.629318080144003,,624.3
7087,5.7,1,4,3,1,0.629318080144003,,624.3
7088,-0.30000000000000004,0,4,3,1,0.629318080144003,,624.4
7089,5.7,1,4,3,1,0.629318080144003,,624.5
7090,-0.30000000000000004,0,4,3,1,0.629318080144003,,624.6
7091,-4.300000000000001,0,4,3,1,0.629318080144003,,624.6
7092,-4.300000000000001,0,4,3,1,0.629318080144003,,624.7
7093,-0.30000000000000004,0,4,3,1,0.629318080144003,,624.7
7094,-2.3000000000000003,0,4,3,1,0.629318080144003,,624.8
7095,-4.300000000000001,0,4,3,1,0.629318080144003,,624.9
7096,-0.30000000000000004,0,4,3,1,0.629318080144003,,624.9
7097,-4.300000000000001,0,4,3,1,0.629318080144003,,625.0
7098,-2.3000000000000003,0,4,3,1,0.629318080144003,,625.0
7099,-2.6,0,6,3,1,0.629318080144003,,625.1
7100,-4.300000000000001,0,4,3,1,0.629318080144003,,625.1
7101,-4.6000000000000005,0,6,3,1,0.629318080144003,,625.2
7102,-4.300000000000001,0,4,3,1,0.629318080144003,,625.3
7103,-4.300000000000001,0,4,3,1,0.629318080144003,,625.4
7104,-4.300000000000001,0,4,3,1,0.629318080144003,,625.4
7105,-4.300000000000001,0,4,3,1,0.629318080144003,,625.4
7106,5.7,1,4,3,1,0.629318080144003,,625.5
7107,5.7,1,4,3,1,0.629318080144003,,625.6
7108,-2.3000000000000003,0,4,3,1,0.629318080144003,,625.7
7109,-4.300000000000001,0,4,3,1,0.629318080144003,,625.8
7110,-4.300000000000001,0,4,3,1,0.629318080144003,,625.8
7111,5.7,1,4,3,1,0.629318080144003,,625.9
7112,-0.30000000000000004,0,4,3,1,0.629318080144003,,625.9
7113,5.4,1,6,3,1,0.629318080144003,,626.0
7114,-4.300000000000001,0,4,3,1,0.629318080144003,,626.0
7115,-4.300000000000001,0,4,3,1,0.629318080144003,,626.1
7116,-2.3000000000000003,0,4,3,1,0.629318080144003,,626.2
7117,-4.300000000000001,0,4,3,1,0.629318080144003,,626.2
7118,-2.3000000000000003,0,4,3,1,0.629318080144003,,626.3
7119,-0.30000000000000004,0,4,3,1,0.629318080144003,,626.4
7120,-4.300000000000001,0,4,3,1,0.629318080144003,,626.4
7121,-4.300000000000001,0,4,3,1,0.629318080144003,,626.5
7122,-4.300000000000001,0,4,3,1,0.629318080144003,,626.6
7123,-2.3000000000000003,0,4,3,1,0.629318080144003,,626.6
7124,-3.4000000000000004,0,5,4,1,0.629318080144003,,626.6
7125,-2.3000000000000003,0,4,3,1,0.629318080144003,,626.7
7126,-4.300000000000001,0,4,3,1,0.629318080144003,,626.8
7127,-4.300000000000001,0,4,3,1,0.629318080144003,,626.8
7128,-4.300000000000001,0,4,3,1,0.629318080144003,,626.9
7129,-0.30000000000000004,0,4,3,1,0.629318080144003,,626.9
7130,-0.6000000000000001,0,6,3,1,0.629318080144003,,627.0
7131,-0.30000000000000004,0,4,3,1,0.629318080144003,,627.1
7132,5.7,1,4,3,1,0.629318080144003,,627.2
7133,-4.300000000000001,0,4,3,1,0.629318080144003,,627.3
7134,-0.30000000000000004,0,4,3,1,0.629318080144003,,627.4
7135,-2.3000000000000003,0,4,3,1,0.629318080144003,,627.5
7136,-4.300000000000001,0,4,3,1,0.629318080144003,,627.5
7137,-4.300000000000001,0,4,3,1,0.629318080144003,,627.6
7138,-4.300000000000001,0,4,3,1,0.629318080144003,,627.7
7139,-4.300000000000001,0,4,3,1,0.629318080144003,,627.7
7140,-2.3000000000000003,0,4,3,1,0.629318080144003,,627.7
7141,-4.300000000000001,0,4,3,1,0.629318080144003,,627.8
7142,-2.3000000000000003,0,4,3,1,0.629318080144003,,627.9
7143,-2.3000000000000003,0,4,3,1,0.629318080144003,,628.0
7144,-4.300000000000001,0,4,3,1,0.629318080144003,,628.0
7145,-4.300000000000001,0,4,3,1,0.629318080144003,,628.1
7146,-2.3000000000000003,0,4,3,1,0.629318080144003,,628.1
7147,-0.30000000000000004,0,4,3,1,0.629318080144003,,628.2
7148,-4.300000000000001,0,4,3,1,0.629318080144003,,628.2
7149,-4.300000000000001,0,4,3,1,0.629318080144003,,628.3
7150,-2.3000000000000003,0,4,3,1,0.629318080144003,,628.4
7151,-0.30000000000000004,0,4,3,1,0.629318080144003,,628.4
7152,5.7,1,4,3,1,0.629318080144003,,628.5
7153,5.7,1,4,3,1,0.629318080144003,,628.5
7154,-4.300000000000001,0,4,3,1,0.629318080144003,,628.6
7155,-4.300000000000001,0,4,3,1,0.629318080144003,,628.7
7156,-2.3000000000000003,0,4,3,1,0.629318080144003,,628.7
7157,-4.300000000000001,0,4,3,1,0.629318080144003,,628.8
7158,-4.300000000000001,0,4,3,1,0.629318080144003,,628.9
7159,-4.300000000000001,0,4,3,1,0.629318080144003,,629.0
7160,5.7,1,4,3,1,0.629318080144003,,629.0
7161,-2.3000000000000003,0,4,3,1,0.629318080144003,,629.1
7162,-4.300000000000001,0,4,3,1,0.629318080144003,,629.2
7163,-4.300000000000001,0,4,3,1,0.629318080144003,,629.2
7164,5.7,1,4,3,1,0.629318080144003,,629.3
7165,-0.30000000000000004,0,4,3,1,0.629318080144003,,629.4
7166,-2.3000000000000003,0,4,3,1,0.629318080144003,,629.5
7167,5.7,1,4,3,1,0.629318080144003,,629.6
7168,-4.300000000000001,0,4,3,1,0.629318080144003,,629.6
7169,-4.300000000000001,0,4,3,1,0.629318080144003,,629.7
7170,-2.3000000000000003,0,4,3,1,0.629318080144003,,629.8
7171,-4.300000000000001,0,4,3,1,0.629318080144003,,629.9
7172,-4.300000000000001,0,4,3,1,0.629318080144003,,630.0
7173,-0.30000000000000004,0,4,3,1,0.629318080144003,,630.0
7174,-2.3000000000000003,0,4,3,1,0.629318080144003,,630.1
7175,-4.300000000000001,0,4,3,1,0.629318080144003,,630.1
7176,-2.3000000000000003,0,4,3,1,0.629318080144003,,630.2
7177,-4.300000000000001,0,4,3,1,0.629318080144003,,630.2
7178,-4.300000000000001,0,4,3,1,0.629318080144003,,630.3
7179,-5.4,0,5,4,1,0.629318080144003,,630.4
7180,-0.30000000000000004,0,4,3,1,0.629318080144003,,630.4
7181,5.7,1,4,3,1,0.629318080144003,,630.5
7182,5.7,1,4,3,1,0.629318080144003,,630.5
7183,5.7,1,4,3,1,0.629318080144003,,630.6
7184,-4.300000000000001,0,4,3,1,0.629318080144003,,630.7
7185,5.7,1,4,3,1,0.629318080144003,,630.8
7186,-2.3000000000000003,0,4,3,1,0.629318080144003,,630.8
7187,-4.300000000000001,0,4,3,1,0.629318080144003,,630.9
7188,-0.30000000000000004,0,4,3,1,0.629318080144003,,631.0
7189,-2.3000000000000003,0,4,3,1,0.629318080144003,,631.0
7190,-2.3000000000000003,0,4,3,1,0.629318080144003,,631.1
7191,-0.30000000000000004,0,4,3,1,0.629318080144003,,631.2
7192,-0.30000000000000004,0,4,3,1,0.629318080144003,,631.3
7193,-4.300000000000001,0,4,3,1,0.629318080144003,,631.4
7194,-2.3000000000000003,0,4,3,1,0.629318080144003,,631.4
7195,-4.300000000000001,0,4,3,1,0.629318080144003,,631.5
7196,-0.30000000000000004,0,4,3,1,0.629318080144003,,631.6
7197,-2.3000000000000003,0,4,3,1,0.629318080144003,,631.6
7198,-4.300000000000001,0,4,3,1,0.629318080144003,,631.7
7199,-4.300000000000001,0,4,3,1,0.629318080144003,,631.8
7200,-4.300000000000001,0,4,3,1,0.629318080144003,,631.8
7201,-4.300000000000001,0,4,3,1,0.629318080144003,,631.9
7202,5.7,1,4,3,1,0.629318080144003,,631.9
7203,-0.30000000000000004,0,4,3,1,0.629318080144003,,632.0
7204,-2.3000000000000003,0,4,3,1,0.629318080144003,,632.0
7205,-2.3000000000000003,0,4,3,1,0.629318080144003,,632.1
7206,-0.30000000000000004,0,4,3,1,0.629318080144003,,632.2
7207,-2.3000000000000003,0,4,3,1,0.629318080144003,,632.3
7208,-4.6000000000000005,0,6,3,1,0.629318080144003,,632.4
7209,-4.300000000000001,0,4,3,1,0.629318080144003,,632.4
7210,-2.3000000000000003,0,4,3,1,0.629318080144003,,632.5
7211,-4.300000000000001,0,4,3,1,0.629318080144003,,632.6
7212,-4.300000000000001,0,4,3,1,0.629318080144003,,632.7
7213,-4.300000000000001,0,4,3,1,0.629318080144003,,632.7
7214,5.7,1,4,3,1,0.629318080144003,,632.8
7215,5.7,1,4,3,1,0.629318080144003,,632.9
7216,-4.300000000000001,0,4,3,1,0.629318080144003,,633.0
7217,-2.3000000000000003,0,4,3,1,0.629318080144003,,633.0
7218,-2.3000000000000003,0,4,3,1,0.629318080144003,,633.1
7219,-1.6,0,6,3,1,0.629318080144003,,633.2
7220,-0.30000000000000004,0,4,3,1,0.629318080144003,,633.2
7221,-4.300000000000001,0,4,3,1,0.629318080144003,,633.3
7222,-2.3000000000000003,0,4,3,1,0.629318080144003,,633.3
7223,-2.3000000000000003,0,4,3,1,0.629318080144003,,633.4
7224,5.7,1,4,3,1,0.629318080144003,,633.4
7225,-4.300000000000001,0,4,3,1,0.629318080144003,,633.5
7226,-4.300000000000001,0,4,3,1,0.629318080144003,,633.5
7227,-4.300000000000001,0,4,3,1,0.629318080144003,,633.6
7228,-4.300000000000001,0,4,3,1,0.629318080144003,,633.7
7229,-4.300000000000001,0,4,3,1,0.629318080144003,,633.8
7230,-4.300000000000001,0,4,3,1,0.629318080144003,,633.8
7231,-4.300000000000001,0,4,3,1,0.629318080144003,,633.9
7232,-2.3000000000000003,0,4,3,1,0.629318080144003,,634.0
7233,-4.300000000000001,0,4,3,1,0.629318080144003,,634.0
7234,-4.300000000000001,0,4,3,1,0.629318080144003,,634.1
7235,-2.3000000000000003,0,4,3,1,0.629318080144003,,634.1
7236,-2.3000000000000003,0,4,3,1,0.629318080144003,,634.2
7237,-2.3000000000000003,0,4,3,1,0.629318080144003,,634.3
7238,-2.3000000000000003,0,4,3,1,0.629318080144003,,634.3
7239,-4.300000000000001,0,4,3,1,0.629318080144003,,634.4
7240,-4.300000000000001,0,4,3,1,0.629318080144003,,634.4
7241,-2.3000000000000003,0,4,3,1,0.629318080144003,,634.5
7242,-4.300000000000001,0,4,3,1,0.629318080144003,,634.6
7243,-2.3000000000000003,0,4,3,1,0.629318080144003,,634.7
7244,-4.300000000000001,0,4,3,1,0.629318080144003,,634.7
7245,-4.300000000000001,0,4,3,1,0.629318080144003,,634.8
7246,-4.300000000000001,0,4,3,1,0.629318080144003,,634.8
7247,-4.300000000000001,0,4,3,1,0.629318080144003,,634.9
7248,-0.30000000000000004,0,4,3,1,0.629318080144003,,635.0
7249,5.7,1,4,3,1,0.629318080144003,,635.0
7250,-4.300000000000001,0,4,3,1,0.629318080144003,,635.1
7251,-4.300000000000001,0,4,3,1,0.629318080144003,,635.2
7252,-2.3000000000000003,0,4,3,1,0.629318080144003,,635.2
7253,-4.300000000000001,0,4,3,1,0.629318080144003,,635.3
7254,-4.300000000000001,0,4,3,1,0.629318080144003,,635.4
7255,-4.300000000000001,0,4,3,1,0.629318080144003,,635.4
7256,-4.300000000000001,0,4,3,1,0.629318080144003,,635.5
7257,-4.300000000000001,0,4,3,1,0.629318080144003,,635.5
7258,-4.300000000000001,0,4,3,1,0.629318080144003,,635.7
7259,5.7,1,4,3,1,0.629318080144003,,635.7
7260,-4.300000000000001,0,4,3,1,0.629318080144003,,635.8
7261,-2.3000000000000003,0,4,3,1,0.629318080144003,,635.9
7262,-4.300000000000001,0,4,3,1,0.629318080144003,,635.9
7263,-4.300000000000001,0,4,3,1,0.629318080144003,,636.0
7264,-4.300000000000001,0,4,3,1,0.629318080144003,,636.1
7265,-4.300000000000001,0,4,3,1,0.629318080144003,,636.2
7266,-2.3000000000000003,0,4,3,1,0.629318080144003,,636.2
7267,-0.30000000000000004,0,4,3,1,0.629318080144003,,636.3
7268,-0.30000000000000004,0,4,3,1,0.629318080144003,,636.4
7269,-4.300000000000001,0,4,3,1,0.629318080144003,,636.4
7270,-2.3000000000000003,0,4,3,1,0.629318080144003,,636.5
7271,-2.3000000000000003,0,4,3,1,0.629318080144003,,636.6
7272,5.7,1,4,3,1,0.629318080144003,,636.7
7273,5.7,1,4,3,1,0.629318080144003,,636.8
7274,-2.3000000000000003,0,4,3,1,0.629318080144003,,636.8
7275,-4.300000000000001,0,4,3,1,0.629318080144003,,636.9
7276,5.7,1,4,3,1,0.629318080144003,,637.0
7277,5.4,1,6,3,1,0.629318080144003,,637.0
7278,-0.30000000000000004,0,4,3,1,0.629318080144003,,637.1
7279,-4.300000000000001,0,4,3,1,0.629318080144003,,637.1
7280,-0.30000000000000004,0,4,3,1,0.629318080144003,,637.2
7281,-4.300000000000001,0,4,3,1,0.629318080144003,,637.3
7282,-4.300000000000001,0,4,3,1,0.629318080144003,,637.4
7283,-4.300000000000001,0,4,3,1,0.629318080144003,,637.4
7284,-4.300000000000001,0,4,3,1,0.629318080144003,,637.5
7285,-4.300000000000001,0,4,3,1,0.629318080144003,,637.6
7286,5.7,1,4,3,1,0.629318080144003,,637.7
7287,-4.300000000000001,0,4,3,1,0.629318080144003,,637.7
7288,5.7,1,4,3,1,0.629318080144003,,637.8
7289,-4.300000000000001,0,4,3,1,0.629318080144003,,637.8
7290,-4.300000000000001,0,4,3,1,0.629318080144003,,637.9
7291,-2.3000000000000003,0,4,3,1,0.629318080144003,,637.9
7292,-0.30000000000000004,0,4,3,1,0.629318080144003,,638.0
7293,-4.300000000000001,0,4,3,1,0.629318080144003,,638.0
7294,-4.300000000000001,0,4,3,1,0.629318080144003,,638.1
7295,-4.300000000000001,0,4,3,1,0.629318080144003,,638.2
7296,-4.300000000000001,0,4,3,1,0.629318080144003,,638.2
7297,-0.30000000000000004,0,4,3,1,0.629318080144003,,638.3
7298,-4.300000000000001,0,4,3,1,0.629318080144003,,638.4
7299,5.7,1,4,3,1,0.629318080144003,,638.5
7300,-4.300000000000001,0,4,3,1,0.629318080144003,,638.6
7301,-4.300000000000001,0,4,3,1,0.629318080144003,,638.6
7302,5.7,1,4,3,1,0.629318080144003,,638.7
7303,-4.300000000000001,0,4,3,1,0.629318080144003,,638.7
7304,-4.300000000000001,0,4,3,1,0.629318080144003,,638.8
7305,-2.3000000000000003,0,4,3,1,0.629318080144003,,638.8
7306,-4.300000000000001,0,4,3,1,0.629318080144003,,638.9
7307,-4.300000000000001,0,4,3,1,0.629318080144003,,639.0
7308,-0.30000000000000004,0,4,3,1,0.629318080144003,,639.0
7309,-0.30000000000000004,0,4,3,1,0.629318080144003,,639.1
7310,5.7,1,4,3,1,0.629318080144003,,639.1
7311,-4.300000000000001,0,4,3,1,0.629318080144003,,639.2
7312,-4.300000000000001,0,4,3,1,0.629318080144003,,639.3
7313,-4.300000000000001,0,4,3,1,0.629318080144003,,639.4
7314,5.7,1,4,3,1,0.629318080144003,,639.5
7315,-4.300000000000001,0,4,3,1,0.629318080144003,,639.5
7316,-4.300000000000001,0,4,3,1,0.629318080144003,,639.6
7317,-4.300000000000001,0,4,3,1,0.629318080144003,,639.7
7318,-0.30000000000000004,0,4,3,1,0.629318080144003,,639.8
7319,-4.300000000000001,0,4,3,1,0.629318080144003,,639.8
7320,-4.300000000000001,0,4,3,1,0.629318080144003,,639.9
7321,-2.3000000000000003,0,4,3,1,0.629318080144003,,639.9
7322,5.7,1,4,3,1,0.629318080144003,,640.0
7323,-4.300000000000001,0,4,3,1,0.629318080144003,,640.1
7324,-2.3000000000000003,0,4,3,1,0.629318080144003,,640.1
7325,-4.300000000000001,0,4,3,1,0.629318080144003,,640.2
7326,-4.300000000000001,0,4,3,1,0.629318080144003,,640.2
7327,-4.300000000000001,0,4,3,1,0.629318080144003,,640.3
7328,-2.3000000000000003,0,4,3,1,0.629318080144003,,640.4
7329,-0.30000000000000004,0,4,3,1,0.629318080144003,,640.5
7330,-4.300000000000001,0,4,3,1,0.629318080144003,,640.6
7331,-5.6000000000000005,0,6,3,1,0.629318080144003,,640.7
7332,-4.300000000000001,0,4,3,1,0.629318080144003,,640.7
7333,5.7,1,4,3,1,0.629318080144003,,640.8
7334,5.7,1,4,3,1,0.629318080144003,,640.9
7335,-4.300000000000001,0,4,3,1,0.629318080144003,,640.9
7336,-4.300000000000001,0,4,3,1,0.629318080144003,,641.0
7337,-4.300000000000001,0,4,3,1,0.629318080144003,,641.1
7338,-2.3000000000000003,0,4,3,1,0.629318080144003,,641.2
7339,5.7,1,4,3,1,0.629318080144003,,641.2
7340,-2.3000000000000003,0,4,3,1,0.629318080144003,,641.3
7341,5.7,1,4,3,1,0.629318080144003,,641.3
7342,-4.300000000000001,0,4,3,1,0.629318080144003,,641.4
7343,-4.300000000000001,0,4,3,1,0.629318080144003,,641.4
7344,-4.300000000000001,0,4,3,1,0.629318080144003,,641.4
7345,-4.300000000000001,0,4,3,1,0.629318080144003,,641.5
7346,-0.30000000000000004,0,4,3,1,0.629318080144003,,641.5
7347,-4.300000000000001,0,4,3,1,0.629318080144003,,641.6
7348,-4.300000000000001,0,4,3,1,0.629318080144003,,641.7
7349,-4.300000000000001,0,4,3,1,0.629318080144003,,641.8
7350,-4.300000000000001,0,4,3,1,0.629318080144003,,641.8
7351,-4.300000000000001,0,4,3,1,0.629318080144003,,641.9
7352,-4.300000000000001,0,4,3,1,0.629318080144003,,641.9
7353,-0.30000000000000004,0,4,3,1,0.629318080144003,,642.0
7354,-0.30000000000000004,0,4,3,1,0.629318080144003,,642.1
7355,-0.30000000000000004,0,4,3,1,0.629318080144003,,642.1
7356,5.7,1,4,3,1,0.629318080144003,,642.1
7357,5.7,1,4,3,1,0.629318080144003,,642.2
7358,-2.3000000000000003,0,4,3,1,0.629318080144003,,642.3
7359,-4.300000000000001,0,4,3,1,0.629318080144003,,642.4
7360,-4.300000000000001,0,4,3,1,0.629318080144003,,642.5
7361,-2.3000000000000003,0,4,3,1,0.629318080144003,,642.6
7362,-4.300000000000001,0,4,3,1,0.629318080144003,,642.6
7363,-0.30000000000000004,0,4,3,1,0.629318080144003,,642.7
7364,-4.300000000000001,0,4,3,1,0.629318080144003,,642.7
7365,-4.300000000000001,0,4,3,1,0.629318080144003,,642.8
7366,-0.30000000000000004,0,4,3,1,0.629318080144003,,642.9
7367,-4.300000000000001,0,4,3,1,0.629318080144003,,642.9
7368,5.7,1,4,3,1,0.629318080144003,,643.0
7369,-0.30000000000000004,0,4,3,1,0.629318080144003,,643.1
7370,-4.300000000000001,0,4,3,1,0.629318080144003,,643.1
7371,-4.300000000000001,0,4,3,1,0.629318080144003,,643.2
7372,-4.300000000000001,0,4,3,1,0.629318080144003,,643.3
7373,-4.300000000000001,0,4,3,1,0.629318080144003,,643.4
7374,5.7,1,4,3,1,0.629318080144003,,643.5
7375,-4.300000000000001,0,4,3,1,0.629318080144003,,643.5
7376,-2.3000000000000003,0,4,3,1,0.629318080144003,,643.6
7377,-4.300000000000001,0,4,3,1,0.629318080144003,,643.6
7378,-0.30000000000000004,0,4,3,1,0.629318080144003,,643.7
7379,-4.300000000000001,0,4,3,1,0.629318080144003,,643.7
7380,-4.300000000000001,0,4,3,1,0.629318080144003,,643.8
7381,-4.300000000000001,0,4,3,1,0.629318080144003,,643.9
7382,-0.6000000000000001,0,6,3,1,0.629318080144003,,643.9
7383,-4.300000000000001,0,4,3,1,0.629318080144003,,644.0
7384,-2.3000000000000003,0,4,3,1,0.629318080144003,,644.1
7385,-4.300000000000001,0,4,3,1,0.629318080144003,,644.2
7386,-4.300000000000001,0,4,3,1,0.629318080144003,,644.2
7387,-2.3000000000000003,0,4,3,1,0.629318080144003,,644.3
7388,-0.30000000000000004,0,4,3,1,0.629318080144003,,644.3
7389,-4.300000000000001,0,4,3,1,0.629318080144003,,644.4
7390,-2.3000000000000003,0,4,3,1,0.629318080144003,,644.5
7391,-2.3000000000000003,0,4,3,1,0.629318080144003,,644.6
7392,-4.300000000000001,0,4,3,1,0.629318080144003,,644.6
7393,-4.300000000000001,0,4,3,1,0.629318080144003,,644.7
7394,-4.300000000000001,0,4,3,1,0.629318080144003,,644.7
7395,-4.300000000000001,0,4,3,1,0.629318080144003,,644.8
7396,-4.300000000000001,0,4,3,1,0.629318080144003,,644.9
7397,-4.300000000000001,0,4,3,1,0.629318080144003,,645.0
7398,-2.3000000000000003,0,4,3,1,0.629318080144003,,645.0
7399,-4.300000000000001,0,4,3,1,0.629318080144003,,645.0
7400,-4.300000000000001,0,4,3,1,0.629318080144003,,645.1
7401,5.7,1,4,3,1,0.629318080144003,,645.2
7402,-4.300000000000001,0,4,3,1,0.629318080144003,,645.3
7403,-4.300000000000001,0,4,3,1,0.629318080144003,,645.3
7404,5.7,1,4,3,1,0.629318080144003,,645.4
7405,-0.30000000000000004,0,4,3,1,0.629318080144003,,645.5
7406,-0.30000000000000004,0,4,3,1,0.629318080144003,,645.5
7407,-4.300000000000001,0,4,3,1,0.629318080144003,,645.6
7408,-4.300000000000001,0,4,3,1,0.629318080144003,,645.7
7409,-4.300000000000001,0,4,3,1,0.629318080144003,,645.8
7410,-0.30000000000000004,0,4,3,1,0.629318080144003,,645.9
7411,5.7,1,4,3,1,0.629318080144003,,645.9
7412,-4.300000000000001,0,4,3,1,0.629318080144003,,646.0
7413,-4.300000000000001,0,4,3,1,0.629318080144003,,646.0
7414,-2.3000000000000003,0,4,3,1,0.629318080144003,,646.1
7415,-4.300000000000001,0,4,3,1,0.629318080144003,,646.1
7416,-4.300000000000001,0,4,3,1,0.629318080144003,,646.2
7417,-3.6000000000000005,0,6,3,1,0.629318080144003,,646.3
7418,-3.9000000000000004,0,8,3,1,0.629318080144003,,646.4
7419,-4.300000000000001,0,4,3,1,0.629318080144003,,646.5
7420,-0.30000000000000004,0,4,3,1,0.629318080144003,,646.5
7421,-4.300000000000001,0,4,3,1,0.629318080144003,,646.6
7422,-4.300000000000001,0,4,3,1,0.629318080144003,,646.6
7423,-4.300000000000001,0,4,3,1,0.629318080144003,,646.7
7424,5.7,1,4,3,1,0.629318080144003,,646.8
7425,-4.300000000000001,0,4,3,1,0.629318080144003,,646.8
7426,-2.3000000000000003,0,4,3,1,0.629318080144003,,646.9
7427,-5.4,0,5,4,1,0.629318080144003,,646.9
7428,-4.300000000000001,0,4,3,1,0.629318080144003,,647.0
7429,-3.6000000000000005,0,6,3,1,0.629318080144003,,647.1
7430,-4.300000000000001,0,4,3,1,0.629318080144003,,647.1
7431,-2.3000000000000003,0,4,3,1,0.629318080144003,,647.2
7432,-4.300000000000001,0,4,3,1,0.629318080144003,,647.2
7433,-4.300000000000001,0,4,3,1,0.629318080144003,,647.3
7434,-4.300000000000001,0,4,3,1,0.629318080144003,,647.4
7435,-4.300000000000001,0,4,3,1,0.629318080144003,,647.4
7436,-4.300000000000001,0,4,3,1,0.629318080144003,,647.5
7437,-0.30000000000000004,0,4,3,1,0.629318080144003,,647.6
7438,5.7,1,4,3,1,0.629318080144003,,647.7
7439,-4.300000000000001,0,4,3,1,0.629318080144003,,647.8
7440,-4.300000000000001,0,4,3,1,0.629318080144003,,647.8
7441,-4.300000000000001,0,4,3,1,0.629318080144003,,647.9
7442,-4.300000000000001,0,4,3,1,0.629318080144003,,648.0
7443,5.7,1,4,3,1,0.629318080144003,,648.0
7444,-4.300000000000001,0,4,3,1,0.629318080144003,,648.1
7445,-2.3000000000000003,0,4,3,1,0.629318080144003,,648.1
7446,-4.300000000000001,0,4,3,1,0.629318080144003,,648.2
7447,-4.300000000000001,0,4,3,1,0.629318080144003,,648.3
7448,-2.3000000000000003,0,4,3,1,0.629318080144003,,648.3
7449,-4.300000000000001,0,4,3,1,0.629318080144003,,648.4
7450,-0.30000000000000004,0,4,3,1,0.629318080144003,,648.4
7451,-4.300000000000001,0,4,3,1,0.629318080144003,,648.5
7452,-4.300000000000001,0,4,3,1,0.629318080144003,,648.6
7453,-0.30000000000000004,0,4,3,1,0.629318080144003,,648.7
7454,-0.30000000000000004,0,4,3,1,0.629318080144003,,648.7
7455,-4.300000000000001,0,4,3,1,0.629318080144003,,648.8
7456,-2.3000000000000003,0,4,3,1,0.629318080144003,,648.9
7457,-2.3000000000000003,0,4,3,1,0.629318080144003,,649.0
7458,-2.3000000000000003,0,4,3,1,0.629318080144003,,649.0
7459,-4.300000000000001,0,4,3,1,0.629318080144003,,649.1
7460,-4.300000000000001,0,4,3,1,0.629318080144003,,649.2
7461,-4.300000000000001,0,4,3,1,0.629318080144003,,649.2
7462,-4.300000000000001,0,4,3,1,0.629318080144003,,649.3
7463,-4.300000000000001,0,4,3,1,0.629318080144003,,649.4
7464,-2.3000000000000003,0,4,3,1,0.629318080144003,,649.5
7465,-4.300000000000001,0,4,3,1,0.629318080144003,,649.5
7466,5.4,1,6,3,1,0.629318080144003,,649.6
7467,-2.3000000000000003,0,4,3,1,0.629318080144003,,649.6
7468,-4.300000000000001,0,4,3,1,0.629318080144003,,649.7
7469,-2.3000000000000003,0,4,3,1,0.629318080144003,,649.8
7470,-4.300000000000001,0,4,3,1,0.629318080144003,,649.9
7471,-0.30000000000000004,0,4,3,1,0.629318080144003,,650.0
7472,-4.300000000000001,0,4,3,1,0.629318080144003,,650.1
7473,-4.300000000000001,0,4,3,1,0.629318080144003,,650.1
7474,-4.300000000000001,0,4,3,1,0.629318080144003,,650.2
7475,-2.3000000000000003,0,4,3,1,0.629318080144003,,650.3
7476,-4.300000000000001,0,4,3,1,0.629318080144003,,650.4
7477,-4.300000000000001,0,4,3,1,0.629318080144003,,650.5
7478,-4.300000000000001,0,4,3,1,0.629318080144003,,650.6
7479,-4.300000000000001,0,4,3,1,0.629318080144003,,650.6
7480,-2.3000000000000003,0,4,3,1,0.629318080144003,,650.7
7481,-4.300000000000001,0,4,3,1,0.629318080144003,,650.8
7482,-4.300000000000001,0,4,3,1,0.629318080144003,,650.9
7483,-0.30000000000000004,0,4,3,1,0.629318080144003,,650.9
7484,-4.300000000000001,0,4,3,1,0.629318080144003,,651.0
7485,-4.300000000000001,0,4,3,1,0.629318080144003,,651.1
7486,-4.300000000000001,0,4,3,1,0.629318080144003,,651.1
7487,-0.30000000000000004,0,4,3,1,0.629318080144003,,651.2
7488,5.7,1,4,3,1,0.629318080144003,,651.2
7489,-4.300000000000001,0,4,3,1,0.629318080144003,,651.3
7490,-4.300000000000001,0,4,3,1,0.629318080144003,,651.3
7491,-4.300000000000001,0,4,3,1,0.629318080144003,,651.4
7492,-2.3000000000000003,0,4,3,1,0.629318080144003,,651.5
7493,5.7,1,4,3,1,0.629318080144003,,651.5
7494,-2.3000000000000003,0,4,3,1,0.629318080144003,,651.6
7495,5.7,1,4,3,1,0.629318080144003,,651.6
7496,-4.300000000000001,0,4,3,1,0.629318080144003,,651.7
7497,-0.30000000000000004,0,4,3,1,0.629318080144003,,651.8
7498,-5.6000000000000005,0,6,3,1,0.629318080144003,,651.8
7499,5.7,1,4,3,1,0.629318080144003,,651.9
7500,-4.300000000000001,0,4,3,1,0.629318080144003,,651.9
7501,-4.300000000000001,0,4,3,1,0.629318080144003,,657.0
7502,-4.300000000000001,0,4,3,1,0.629318080144003,,657.1
7503,-4.300000000000001,0,4,3,1,0.629318080144003,,657.1
7504,-4.300000000000001,0,4,3,1,0.629318080144003,,657.2
7505,-4.300000000000001,0,4,3,1,0.629318080144003,,657.3
7506,-0.30000000000000004,0,4,3,1,0.629318080144003,,657.3
7507,-0.30000000000000004,0,4,3,1,0.629318080144003,,657.4
7508,-2.3000000000000003,0,4,3,1,0.629318080144003,,657.4
7509,5.7,1,4,3,1,0.629318080144003,,657.4
7510,-3.6000000000000005,0,6,3,1,0.629318080144003,,657.5
7511,-4.300000000000001,0,4,3,1,0.629318080144003,,657.5
7512,-2.3000000000000003,0,4,3,1,0.629318080144003,,657.6
7513,-4.300000000000001,0,4,3,1,0.629318080144003,,657.6
7514,-0.30000000000000004,0,4,3,1,0.629318080144003,,657.7
7515,-4.300000000000001,0,4,3,1,0.629318080144003,,657.7
7516,-5.4,0,5,4,1,0.629318080144003,,657.8
7517,-4.300000000000001,0,4,3,1,0.629318080144003,,657.9
7518,-4.300000000000001,0,4,3,1,0.629318080144003,,657.9
7519,-4.300000000000001,0,4,3,1,0.629318080144003,,658.0
7520,-2.3000000000000003,0,4,3,1,0.629318080144003,,658.1
7521,5.7,1,4,3,1,0.629318080144003,,658.2
7522,-4.300000000000001,0,4,3,1,0.629318080144003,,658.3
7523,5.7,1,4,3,1,0.629318080144003,,658.3
7524,-2.3000000000000003,0,4,3,1,0.629318080144003,,658.4
7525,-4.300000000000001,0,4,3,1,0.629318080144003,,658.5
7526,-4.300000000000001,0,4,3,1,0.629318080144003,,658.5
7527,-2.3000000000000003,0,4,3,1,0.629318080144003,,658.6
7528,-0.30000000000000004,0,4,3,1,0.629318080144003,,658.6
7529,5.7,1,4,3,1,0.629318080144003,,658.7
7530,-4.300000000000001,0,4,3,1,0.629318080144003,,658.8
7531,-4.300000000000001,0,4,3,1,0.629318080144003,,658.9
7532,-4.300000000000001,0,4,3,1,0.629318080144003,,658.9
7533,-4.300000000000001,0,4,3,1,0.629318080144003,,659.0
7534,-4.300000000000001,0,4,3,1,0.629318080144003,,659.1
7535,5.7,1,4,3,1,0.629318080144003,,659.2
7536,5.7,1,4,3,1,0.629318080144003,,659.3
7537,-4.300000000000001,0,4,3,1,0.629318080144003,,659.3
7538,-4.300000000000001,0,4,3,1,0.629318080144003,,659.4
7539,-0.30000000000000004,0,4,3,1,0.629318080144003,,659.5
7540,5.7,1,4,3,1,0.629318080144003,,659.5
7541,-2.3000000000000003,0,4,3,1,0.629318080144003,,659.6
7542,-4.300000000000001,0,4,3,1,0.629318080144003,,659.7
7543,-2.3000000000000003,0,4,3,1,0.629318080144003,,659.7
7544,-4.300000000000001,0,4,3,1,0.629318080144003,,659.8
7545,-4.300000000000001,0,4,3,1,0.629318080144003,,659.9
7546,-2.3000000000000003,0,4,3,1,0.629318080144003,,660.0
7547,-4.300000000000001,0,4,3,1,0.629318080144003,,660.1
7548,-4.300000000000001,0,4,3,1,0.629318080144003,,660.1
7549,-4.300000000000001,0,4,3,1,0.629318080144003,,660.2
7550,-0.30000000000000004,0,4,3,1,0.629318080144003,,660.3
7551,-4.300000000000001,0,4,3,1,0.629318080144003,,660.4
7552,-4.300000000000001,0,4,3,1,0.629318080144003,,660.4
7553,-0.30000000000000004,0,4,3,1,0.629318080144003,,660.5
7554,-4.300000000000001,0,4,3,1,0.629318080144003,,660.6
7555,5.7,1,4,3,1,0.629318080144003,,660.6
7556,-1.4000000000000001,0,5,4,1,0.629318080144003,,660.7
7557,-4.300000000000001,0,4,3,1,0.629318080144003,,660.7
7558,-4.300000000000001,0,4,3,1,0.629318080144003,,660.8
7559,-4.300000000000001,0,4,3,1,0.629318080144003,,660.9
7560,-0.30000000000000004,0,4,3,1,0.629318080144003,,661.0
7561,-4.300000000000001,0,4,3,1,0.629318080144003,,661.0
7562,-2.3000000000000003,0,4,3,1,0.629318080144003,,661.1
7563,-4.300000000000001,0,4,3,1,0.629318080144003,,661.2
7564,-0.30000000000000004,0,4,3,1,0.629318080144003,,661.2
7565,-4.300000000000001,0,4,3,1,0.629318080144003,,661.2
7566,-4.300000000000001,0,4,3,1,0.629318080144003,,661.3
7567,-4.300000000000001,0,4,3,1,0.629318080144003,,661.4
7568,-0.30000000000000004,0,4,3,1,0.629318080144003,,661.4
7569,5.7,1,4,3,1,0.629318080144003,,661.5
7570,-2.3000000000000003,0,4,3,1,0.629318080144003,,661.6
7571,-4.300000000000001,0,4,3,1,0.629318080144003,,661.7
7572,-4.300000000000001,0,4,3,1,0.629318080144003,,661.7
7573,-3.6000000000000005,0,6,3,1,0.629318080144003,,661.8
7574,-0.30000000000000004,0,4,3,1,0.629318080144003,,661.9
7575,-4.300000000000001,0,4,3,1,0.629318080144003,,661.9
7576,-2.3000000000000003,0,4,3,1,0.6253435993567109,1.6717014703899622,662.6
7577,-4.300000000000001,0,4,3,1,0.6253435993567109,,662.6
7578,-0.30000000000000004,0,4,3,1,0.6253435993567109,,662.7
7579,-4.300000000000001,0,4,3,1,0.6253435993567109,,662.7
7580,-4.300000000000001,0,4,3,1,0.6253435993567109,,662.8
7581,-4.300000000000001,0,4,3,1,0.6253435993567109,,662.9
7582,-4.300000000000001,0,4,3,1,0.6253435993567109,,662.9
7583,5.7,1,4,3,1,0.6253435993567109,,663.0
7584,-2.3000000000000003,0,4,3,1,0.6253435993567109,,663.0
7585,-4.300000000000001,0,4,3,1,0.6253435993567109,,663.1
7586,-4.300000000000001,0,4,3,1,0.6253435993567109,,663.1
7587,-4.300000000000001,0,4,3,1,0.6253435993567109,,663.2
7588,-4.300000000000001,0,4,3,1,0.6253435993567109,,663.3
7589,-4.300000000000001,0,4,3,1,0.6253435993567109,,663.4
7590,5.7,1,4,3,1,0.6253435993567109,,663.5
7591,-4.300000000000001,0,4,3,1,0.6253435993567109,,663.5
7592,-2.3000000000000003,0,4,3,1,0.6253435993567109,,663.6
7593,-2.3000000000000003,0,4,3,1,0.6253435993567109,,663.6
7594,-0.30000000000000004,0,4,3,1,0.6253435993567109,,663.6
7595,5.7,1,4,3,1,0.6253435993567109,,663.7
7596,-4.300000000000001,0,4,3,1,0.6253435993567109,,663.8
7597,-4.300000000000001,0,4,3,1,0.6253435993567109,,663.8
7598,-4.300000000000001,0,4,3,1,0.6253435993567109,,663.9
7599,-4.300000000000001,0,4,3,1,0.6253435993567109,,664.0
7600,-4.300000000000001,0,4,3,1,0.6253435993567109,,664.1
7601,-4.300000000000001,0,4,3,1,0.6253435993567109,,664.1
7602,-2.3000000000000003,0,4,3,1,0.6253435993567109,,664.2
7603,-2.3000000000000003,0,4,3,1,0.6253435993567109,,664.2
7604,-2.3000000000000003,0,4,3,1,0.6253435993567109,,664.3
7605,-4.300000000000001,0,4,3,1,0.6253435993567109,,664.4
7606,-4.300000000000001,0,4,3,1,0.6253435993567109,,664.4
7607,-4.300000000000001,0,4,3,1,0.6253435993567109,,664.5
7608,-4.300000000000001,0,4,3,1,0.6253435993567109,,664.6
7609,-2.3000000000000003,0,4,3,1,0.6253435993567109,,664.6
7610,-4.300000000000001,0,4,3,1,0.6253435993567109,,664.7
7611,-4.300000000000001,0,4,3,1,0.6253435993567109,,664.8
7612,-4.300000000000001,0,4,3,1,0.6253435993567109,,664.9
7613,-4.300000000000001,0,4,3,1,0.6253435993567109,,664.9
7614,-4.300000000000001,0,4,3,1,0.6253435993567109,,665.0
7615,5.7,1,4,3,1,0.6253435993567109,,665.1
7616,-4.300000000000001,0,4,3,1,0.6253435993567109,,665.1
7617,-0.30000000000000004,0,4,3,1,0.6253435993567109,,665.2
7618,5.7,1,4,3,1,0.6253435993567109,,665.3
7619,-4.300000000000001,0,4,3,1,0.6253435993567109,,665.4
7620,5.7,1,4,3,1,0.6253435993567109,,665.4
7621,5.4,1,6,3,1,0.6253435993567109,,665.5
7622,-4.300000000000001,0,4,3,1,0.6253435993567109,,665.5
7623,-0.30000000000000004,0,4,3,1,0.6253435993567109,,665.6
7624,-4.300000000000001,0,4,3,1,0.6253435993567109,,665.7
7625,-2.3000000000000003,0,4,3,1,0.6253435993567109,,665.8
7626,-2.3000000000000003,0,4,3,1,0.6253435993567109,,665.8
7627,5.7,1,4,3,1,0.6253435993567109,,665.9
7628,-0.30000000000000004,0,4,3,1,0.6253435993567109,,665.9
7629,-4.300000000000001,0,4,3,1,0.6253435993567109,,666.0
7630,-4.300000000000001,0,4,3,1,0.6253435993567109,,666.0
7631,-0.30000000000000004,0,4,3,1,0.6253435993567109,,666.1
7632,5.7,1,4,3,1,0.6253435993567109,,666.2
7633,-4.300000000000001,0,4,3,1,0.6253435993567109,,666.2
7634,-4.300000000000001,0,4,3,1,0.6253435993567109,,666.3
7635,5.7,1,4,3,1,0.6253435993567109,,666.4
7636,-4.300000000000001,0,4,3,1,0.6253435993567109,,666.5
7637,-4.300000000000001,0,4,3,1,0.6253435993567109,,666.5
7638,-4.300000000000001,0,4,3,1,0.6253435993567109,,666.6
7639,-0.30000000000000004,0,4,3,1,0.6253435993567109,,666.7
7640,-4.300000000000001,0,4,3,1,0.6253435993567109,,666.7
7641,-4.300000000000001,0,4,3,1,0.6253435993567109,,666.8
7642,-4.300000000000001,0,4,3,1,0.6253435993567109,,666.8
7643,-4.300000000000001,0,4,3,1,0.6253435993567109,,666.9
7644,-4.300000000000001,0,4,3,1,0.6253435993567109,,666.9
7645,5.7,1,4,3,1,0.6253435993567109,,667.0
7646,-4.300000000000001,0,4,3,1,0.6253435993567109,,667.1
7647,-4.300000000000001,0,4,3,1,0.6253435993567109,,667.1
7648,-4.300000000000001,0,4,3,1,0.6253435993567109,,667.2
7649,-2.3000000000000003,0,4,3,1,0.6253435993567109,,667.3
7650,-4.300000000000001,0,4,3,1,0.6253435993567109,,667.4
7651,-4.300000000000001,0,4,3,1,0.6253435993567109,,667.4
7652,-4.300000000000001,0,4,3,1,0.6253435993567109,,667.5
7653,-4.300000000000001,0,4,3,1,0.6253435993567109,,667.6
7654,5.7,1,4,3,1,0.6253435993567109,,667.6
7655,-2.3000000000000003,0,4,3,1,0.6253435993567109,,667.7
7656,-4.300000000000001,0,4,3,1,0.6253435993567109,,667.7
7657,-4.300000000000001,0,4,3,1,0.6253435993567109,,667.8
7658,-4.300000000000001,0,4,3,1,0.6253435993567109,,667.9
7659,-4.300000000000001,0,4,3,1,0.6253435993567109,,667.9
7660,-4.300000000000001,0,4,3,1,0.6253435993567109,,668.0
7661,-2.3000000000000003,0,4,3,1,0.6253435993567109,,668.1
7662,-4.300000000000001,0,4,3,1,0.6253435993567109,,668.2
7663,-4.6000000000000005,0,6,3,1,0.6253435993567109,,668.2
7664,-4.300000000000001,0,4,3,1,0.6253435993567109,,668.3
7665,5.7,1,4,3,1,0.6253435993567109,,668.3
7666,-4.300000000000001,0,4,3,1,0.6253435993567109,,668.4
7667,-2.3000000000000003,0,4,3,1,0.6253435993567109,,668.5
7668,-4.300000000000001,0,4,3,1,0.6253435993567109,,668.6
7669,-4.300000000000001,0,4,3,1,0.6253435993567109,,668.6
7670,-4.300000000000001,0,4,3,1,0.6253435993567109,,668.7
7671,-4.300000000000001,0,4,3,1,0.6253435993567109,,668.8
7672,-0.30000000000000004,0,4,3,1,0.6253435993567109,,668.8
7673,-4.300000000000001,0,4,3,1,0.6253435993567109,,668.9
7674,-2.3000000000000003,0,4,3,1,0.6253435993567109,,669.0
7675,-4.300000000000001,0,4,3,1,0.6253435993567109,,669.0
7676,-4.300000000000001,0,4,3,1,0.6253435993567109,,669.1
7677,-4.300000000000001,0,4,3,1,0.6253435993567109,,669.2
7678,-0.30000000000000004,0,4,3,1,0.6253435993567109,,669.2
7679,-4.300000000000001,0,4,3,1,0.6253435993567109,,669.3
7680,-4.300000000000001,0,4,3,1,0.6253435993567109,,669.4
7681,-2.3000000000000003,0,4,3,1,0.6253435993567109,,669.4
7682,-4.300000000000001,0,4,3,1,0.6253435993567109,,669.5
7683,-2.3000000000000003,0,4,3,1,0.6253435993567109,,669.6
7684,-0.30000000000000004,0,4,3,1,0.6253435993567109,,669.6
7685,-0.30000000000000004,0,4,3,1,0.6253435993567109,,669.7
7686,-4.300000000000001,0,4,3,1,0.6253435993567109,,669.7
7687,-4.300000000000001,0,4,3,1,0.6253435993567109,,669.8
7688,-2.3000000000000003,0,4,3,1,0.6253435993567109,,669.9
7689,5.7,1,4,3,1,0.6253435993567109,,670.0
7690,-0.30000000000000004,0,4,3,1,0.6253435993567109,,670.0
7691,-4.300000000000001,0,4,3,1,0.6253435993567109,,670.0
7692,-2.3000000000000003,0,4,3,1,0.6253435993567109,,670.1
7693,-2.3000000000000003,0,4,3,1,0.6253435993567109,,670.2
7694,5.7,1,4,3,1,0.6253435993567109,,670.2
7695,-2.3000000000000003,0,4,3,1,0.6253435993567109,,670.3
7696,-4.300000000000001,0,4,3,1,0.6253435993567109,,670.4
7697,5.7,1,4,3,1,0.6253435993567109,,670.5
7698,-4.300000000000001,0,4,3,1,0.6253435993567109,,670.5
7699,-0.30000000000000004,0,4,3,1,0.6253435993567109,,670.6
7700,-4.300000000000001,0,4,3,1,0.6253435993567109,,670.6
7701,-4.6,0,6,3,1,0.6253435993567109,,670.7
7702,5.7,1,4,3,1,0.6253435993567109,,670.8
7703,-4.300000000000001,0,4,3,1,0.6253435993567109,,670.8
7704,-2.3000000000000003,0,4,3,1,0.6253435993567109,,670.9
7705,-4.300000000000001,0,4,3,1,0.6253435993567109,,670.9
7706,-4.300000000000001,0,4,3,1,0.6253435993567109,,671.0
7707,-4.300000000000001,0,4,3,1,0.6253435993567109,,671.1
7708,-4.300000000000001,0,4,3,1,0.6253435993567109,,671.1
7709,-4.300000000000001,0,4,3,1,0.6253435993567109,,671.2
7710,-4.300000000000001,0,4,3,1,0.6253435993567109,,671.2
7711,-4.300000000000001,0,4,3,1,0.6253435993567109,,671.3
7712,-4.300000000000001,0,4,3,1,0.6253435993567109,,671.3
7713,-2.3000000000000003,0,4,3,1,0.6253435993567109,,671.4
7714,5.7,1,4,3,1,0.6253435993567109,,671.4
7715,-4.300000000000001,0,4,3,1,0.6253435993567109,,671.5
7716,-0.30000000000000004,0,4,3,1,0.6253435993567109,,671.5
7717,-4.300000000000001,0,4,3,1,0.6253435993567109,,671.6
7718,-4.300000000000001,0,4,3,1,0.6253435993567109,,671.6
7719,-4.300000000000001,0,4,3,1,0.6253435993567109,,671.7
7720,-2.3000000000000003,0,4,3,1,0.6253435993567109,,671.7
7721,-4.300000000000001,0,4,3,1,0.6253435993567109,,671.8
7722,5.7,1,4,3,1,0.6253435993567109,,671.9
7723,-4.300000000000001,0,4,3,1,0.6253435993567109,,672.0
7724,-4.300000000000001,0,4,3,1,0.6253435993567109,,672.0
7725,-4.300000000000001,0,4,3,1,0.6253435993567109,,672.1
7726,-2.3000000000000003,0,4,3,1,0.6253435993567109,,672.2
7727,-0.30000000000000004,0,4,3,1,0.6253435993567109,,672.2
7728,-4.300000000000001,0,4,3,1,0.6253435993567109,,672.3
7729,-4.300000000000001,0,4,3,1,0.6253435993567109,,672.3
7730,-4.300000000000001,0,4,3,1,0.6253435993567109,,672.4
7731,5.7,1,4,3,1,0.6253435993567109,,672.5
7732,-0.30000000000000004,0,4,3,1,0.6253435993567109,,672.5
7733,-4.300000000000001,0,4,3,1,0.6253435993567109,,672.6
7734,-0.30000000000000004,0,4,3,1,0.6253435993567109,,672.6
7735,5.7,1,4,3,1,0.6253435993567109,,672.7
7736,-4.300000000000001,0,4,3,1,0.6253435993567109,,672.8
7737,5.7,1,4,3,1,0.6253435993567109,,672.8
7738,-4.300000000000001,0,4,3,1,0.6253435993567109,,672.9
7739,-4.300000000000001,0,4,3,1,0.6253435993567109,,672.9
7740,-2.3000000000000003,0,4,3,1,0.6253435993567109,,673.0
7741,-1.6,0,6,3,1,0.6253435993567109,,673.1
7742,-4.300000000000001,0,4,3,1,0.6253435993567109,,673.2
7743,-2.3000000000000003,0,4,3,1,0.6253435993567109,,673.3
7744,-0.30000000000000004,0,4,3,1,0.6253435993567109,,673.3
7745,-4.300000000000001,0,4,3,1,0.6253435993567109,,673.4
7746,-4.300000000000001,0,4,3,1,0.6253435993567109,,673.5
7747,-4.300000000000001,0,4,3,1,0.6253435993567109,,673.5
7748,-4.300000000000001,0,4,3,1,0.6253435993567109,,673.6
7749,-4.300000000000001,0,4,3,1,0.6253435993567109,,673.7
7750,-2.3000000000000003,0,4,3,1,0.6253435993567109,,673.7
7751,-2.3000000000000003,0,4,3,1,0.6253435993567109,,673.8
7752,-2.3000000000000003,0,4,3,1,0.6253435993567109,,673.8
7753,-4.300000000000001,0,4,3,1,0.6253435993567109,,673.9
7754,-4.300000000000001,0,4,3,1,0.6253435993567109,,674.0
7755,-4.300000000000001,0,4,3,1,0.6253435993567109,,674.1
7756,-4.300000000000001,0,4,3,1,0.6253435993567109,,674.1
7757,-0.30000000000000004,0,4,3,1,0.6253435993567109,,674.2
7758,-0.30000000000000004,0,4,3,1,0.6253435993567109,,674.2
7759,5.7,1,4,3,1,0.6253435993567109,,674.3
7760,-4.300000000000001,0,4,3,1,0.6253435993567109,,674.3
7761,-4.300000000000001,0,4,3,1,0.6253435993567109,,674.4
7762,-4.300000000000001,0,4,3,1,0.6253435993567109,,674.5
7763,-4.300000000000001,0,4,3,1,0.6253435993567109,,674.5
7764,-2.3000000000000003,0,4,3,1,0.6253435993567109,,674.6
7765,-4.300000000000001,0,4,3,1,0.6253435993567109,,674.7
7766,-4.300000000000001,0,4,3,1,0.6253435993567109,,674.7
7767,-2.3000000000000003,0,4,3,1,0.6253435993567109,,674.8
7768,-0.30000000000000004,0,4,3,1,0.6253435993567109,,674.9
7769,-2.3000000000000003,0,4,3,1,0.6253435993567109,,674.9
7770,-4.300000000000001,0,4,3,1,0.6253435993567109,,675.0
7771,-4.300000000000001,0,4,3,1,0.6253435993567109,,675.0
7772,-4.300000000000001,0,4,3,1,0.6253435993567109,,675.1
7773,-4.300000000000001,0,4,3,1,0.6253435993567109,,675.2
7774,-4.300000000000001,0,4,3,1,0.6253435993567109,,675.3
7775,-2.3000000000000003,0,4,3,1,0.6253435993567109,,675.3
7776,-4.300000000000001,0,4,3,1,0.6253435993567109,,675.4
7777,-2.3000000000000003,0,4,3,1,0.6253435993567109,,675.4
7778,-4.300000000000001,0,4,3,1,0.6253435993567109,,675.5
7779,-4.300000000000001,0,4,3,1,0.6253435993567109,,675.6
7780,-4.300000000000001,0,4,3,1,0.6253435993567109,,675.6
7781,-4.300000000000001,0,4,3,1,0.6253435993567109,,675.7
7782,-2.3000000000000003,0,4,3,1,0.6253435993567109,,675.8
7783,-0.30000000000000004,0,4,3,1,0.6253435993567109,,675.9
7784,-4.6000000000000005,0,6,3,1,0.6253435993567109,,676.0
7785,5.7,1,4,3,1,0.6253435993567109,,676.0
7786,-4.300000000000001,0,4,3,1,0.6253435993567109,,676.1
7787,-4.300000000000001,0,4,3,1,0.6253435993567109,,676.2
7788,-4.300000000000001,0,4,3,1,0.6253435993567109,,676.2
7789,-4.300000000000001,0,4,3,1,0.6253435993567109,,676.3
7790,5.7,1,4,3,1,0.6253435993567109,,676.4
7791,-0.30000000000000004,0,4,3,1,0.6253435993567109,,676.4
7792,-2.3000000000000003,0,4,3,1,0.6253435993567109,,676.5
7793,-4.300000000000001,0,4,3,1,0.6253435993567109,,676.5
7794,-4.300000000000001,0,4,3,1,0.6253435993567109,,676.6
7795,-4.300000000000001,0,4,3,1,0.6253435993567109,,676.6
7796,-4.300000000000001,0,4,3,1,0.6253435993567109,,676.7
7797,-4.300000000000001,0,4,3,1,0.6253435993567109,,676.8
7798,-4.300000000000001,0,4,3,1,0.6253435993567109,,676.8
7799,-4.300000000000001,0,4,3,1,0.6253435993567109,,676.9
7800,-4.300000000000001,0,4,3,1,0.6253435993567109,,677.0
7801,-4.300000000000001,0,4,3,1,0.6253435993567109,,677.1
7802,-4.300000000000001,0,4,3,1,0.6253435993567109,,677.2
7803,5.7,1,4,3,1,0.6253435993567109,,677.2
7804,-2.3000000000000003,0,4,3,1,0.6253435993567109,,677.3
7805,5.7,1,4,3,1,0.6253435993567109,,677.4
7806,-4.300000000000001,0,4,3,1,0.6253435993567109,,677.4
7807,-4.300000000000001,0,4,3,1,0.6253435993567109,,677.4
7808,-0.30000000000000004,0,4,3,1,0.6253435993567109,,677.5
7809,-4.300000000000001,0,4,3,1,0.6253435993567109,,677.6
7810,-4.300000000000001,0,4,3,1,0.6253435993567109,,677.6
7811,-4.6,0,6,3,1,0.6253435993567109,,677.6
7812,-4.300000000000001,0,4,3,1,0.6253435993567109,,677.7
7813,-4.300000000000001,0,4,3,1,0.6253435993567109,,677.7
7814,5.7,1,4,3,1,0.6253435993567109,,677.8
7815,-0.30000000000000004,0,4,3,1,0.6253435993567109,,677.8
7816,-4.300000000000001,0,4,3,1,0.6253435993567109,,677.8
7817,-2.3000000000000003,0,4,3,1,0.6253435993567109,,677.9
7818,-2.3000000000000003,0,4,3,1,0.6253435993567109,,678.0
7819,-0.30000000000000004,0,4,3,1,0.6253435993567109,,678.0
7820,5.7,1,4,3,1,0.6253435993567109,,678.1
7821,-4.300000000000001,0,4,3,1,0.6253435993567109,,678.2
7822,-4.9,0,8,3,1,0.6253435993567109,,678.2
7823,-0.30000000000000004,0,4,3,1,0.6253435993567109,,678.3
7824,-4.300000000000001,0,4,3,1,0.6253435993567109,,678.3
7825,-4.300000000000001,0,4,3,1,0.6253435993567109,,678.4
7826,-2.3000000000000003,0,4,3,1,0.6253435993567109,,678.4
7827,-4.300000000000001,0,4,3,1,0.6253435993567109,,678.5
7828,-4.300000000000001,0,4,3,1,0.6253435993567109,,678.6
7829,-4.300000000000001,0,4,3,1,0.6253435993567109,,678.6
7830,-4.300000000000001,0,4,3,1,0.6253435993567109,,678.7
7831,-0.30000000000000004,0,4,3,1,0.6253435993567109,,678.8
7832,-4.300000000000001,0,4,3,1,0.6253435993567109,,678.8
7833,-4.300000000000001,0,4,3,1,0.6253435993567109,,678.9
7834,-4.300000000000001,0,4,3,1,0.6253435993567109,,679.0
7835,-0.30000000000000004,0,4,3,1,0.6253435993567109,,679.1
7836,-4.300000000000001,0,4,3,1,0.6253435993567109,,679.1
7837,-4.300000000000001,0,4,3,1,0.6253435993567109,,679.2
7838,-2.3000000000000003,0,4,3,1,0.6253435993567109,,679.2
7839,-4.300000000000001,0,4,3,1,0.6253435993567109,,679.3
7840,-2.3000000000000003,0,4,3,1,0.6253435993567109,,679.3
7841,-4.300000000000001,0,4,3,1,0.6253435993567109,,679.4
7842,-4.300000000000001,0,4,3,1,0.6253435993567109,,679.5
7843,-4.300000000000001,0,4,3,1,0.6253435993567109,,679.5
7844,5.7,1,4,3,1,0.6253435993567109,,679.6
7845,-4.300000000000001,0,4,3,1,0.6253435993567109,,679.7
7846,-0.30000000000000004,0,4,3,1,0.6253435993567109,,679.8
7847,-2.3000000000000003,0,4,3,1,0.6253435993567109,,679.8
7848,-4.300000000000001,0,4,3,1,0.6253435993567109,,679.9
7849,5.7,1,4,3,1,0.6253435993567109,,679.9
7850,-4.300000000000001,0,4,3,1,0.6253435993567109,,680.0
7851,-0.30000000000000004,0,4,3,1,0.6253435993567109,,680.1
7852,-4.300000000000001,0,4,3,1,0.6253435993567109,,680.1
7853,-2.3000000000000003,0,4,3,1,0.6253435993567109,,680.2
7854,-4.300000000000001,0,4,3,1,0.6253435993567109,,680.2
7855,-4.300000000000001,0,4,3,1,0.6253435993567109,,680.3
7856,-4.300000000000001,0,4,3,1,0.6253435993567109,,680.3
7857,-4.300000000000001,0,4,3,1,0.6253435993567109,,680.4
7858,5.7,1,4,3,1,0.6253435993567109,,680.4
7859,-4.300000000000001,0,4,3,1,0.6253435993567109,,680.5
7860,-4.300000000000001,0,4,3,1,0.6253435993567109,,680.6
7861,-4.300000000000001,0,4,3,1,0.6253435993567109,,680.7
7862,-2.3000000000000003,0,4,3,1,0.6253435993567109,,680.7
7863,-4.300000000000001,0,4,3,1,0.6253435993567109,,680.8
7864,-2.3000000000000003,0,4,3,1,0.6253435993567109,,680.9
7865,5.7,1,4,3,1,0.6253435993567109,,680.9
7866,-4.300000000000001,0,4,3,1,0.6253435993567109,,681.0
7867,-4.300000000000001,0,4,3,1,0.6253435993567109,,681.1
7868,-4.300000000000001,0,4,3,1,0.6253435993567109,,681.2
7869,-2.3000000000000003,0,4,3,1,0.6253435993567109,,681.3
7870,-4.300000000000001,0,4,3,1,0.6253435993567109,,681.3
7871,-0.30000000000000004,0,4,3,1,0.6253435993567109,,681.4
7872,-4.300000000000001,0,4,3,1,0.6253435993567109,,681.4
7873,-2.3000000000000003,0,4,3,1,0.6253435993567109,,681.5
7874,-4.300000000000001,0,4,3,1,0.6253435993567109,,681.5
7875,-4.300000000000001,0,4,3,1,0.6253435993567109,,681.6
7876,-4.300000000000001,0,4,3,1,0.6253435993567109,,681.7
7877,-4.300000000000001,0,4,3,1,0.6253435993567109,,681.8
7878,-2.3000000000000003,0,4,3,1,0.6253435993567109,,681.8
7879,-2.6,0,6,3,1,0.6253435993567109,,681.9
7880,-2.3000000000000003,0,4,3,1,0.6253435993567109,,681.9
7881,-4.300000000000001,0,4,3,1,0.6253435993567109,,682.0
7882,-4.300000000000001,0,4,3,1,0.6253435993567109,,682.0
7883,-4.300000000000001,0,4,3,1,0.6253435993567109,,682.1
7884,-0.30000000000000004,0,4,3,1,0.6253435993567109,,682.2
7885,-4.300000000000001,0,4,3,1,0.6253435993567109,,682.2
7886,-4.300000000000001,0,4,3,1,0.6253435993567109,,682.2
7887,-2.3000000000000003,0,4,3,1,0.6253435993567109,,682.3
7888,-2.3000000000000003,0,4,3,1,0.6253435993567109,,682.3
7889,-0.30000000000000004,0,4,3,1,0.6253435993567109,,682.4
7890,5.7,1,4,3,1,0.6253435993567109,,682.4
7891,-2.3000000000000003,0,4,3,1,0.6253435993567109,,682.5
7892,-4.300000000000001,0,4,3,1,0.6253435993567109,,682.5
7893,-4.300000000000001,0,4,3,1,0.6253435993567109,,682.6
7894,-2.3000000000000003,0,4,3,1,0.6253435993567109,,682.6
7895,-2.3000000000000003,0,4,3,1,0.6253435993567109,,682.7
7896,5.7,1,4,3,1,0.6253435993567109,,682.8
7897,-4.300000000000001,0,4,3,1,0.6253435993567109,,682.8
7898,-2.3000000000000003,0,4,3,1,0.6253435993567109,,682.9
7899,-4.300000000000001,0,4,3,1,0.6253435993567109,,683.0
7900,5.7,1,4,3,1,0.6253435993567109,,683.0
7901,-2.3000000000000003,0,4,3,1,0.6253435993567109,,683.1
7902,-4.300000000000001,0,4,3,1,0.6253435993567109,,683.1
7903,-4.300000000000001,0,4,3,1,0.6253435993567109,,683.2
7904,-4.300000000000001,0,4,3,1,0.6253435993567109,,683.2
7905,-0.30000000000000004,0,4,3,1,0.6253435993567109,,683.3
7906,-0.30000000000000004,0,4,3,1,0.6253435993567109,,683.3
7907,-4.300000000000001,0,4,3,1,0.6253435993567109,,683.4
7908,-2.3000000000000003,0,4,3,1,0.6253435993567109,,683.5
7909,5.7,1,4,3,1,0.6253435993567109,,683.5
7910,-4.300000000000001,0,4,3,1,0.6253435993567109,,683.6
7911,-0.30000000000000004,0,4,3,1,0.6253435993567109,,683.6
7912,-4.300000000000001,0,4,3,1,0.6253435993567109,,683.7
7913,-4.300000000000001,0,4,3,1,0.6253435993567109,,683.8
7914,5.7,1,4,3,1,0.6253435993567109,,683.9
7915,-4.300000000000001,0,4,3,1,0.6253435993567109,,684.0
7916,-2.3000000000000003,0,4,3,1,0.6253435993567109,,684.0
7917,-4.300000000000001,0,4,3,1,0.6253435993567109,,684.1
7918,-0.30000000000000004,0,4,3,1,0.6253435993567109,,684.2
7919,-0.30000000000000004,0,4,3,1,0.6253435993567109,,684.3
7920,-4.300000000000001,0,4,3,1,0.6253435993567109,,684.4
7921,-4.300000000000001,0,4,3,1,0.6253435993567109,,684.4
7922,-4.300000000000001,0,4,3,1,0.6253435993567109,,684.5
7923,-4.300000000000001,0,4,3,1,0.6253435993567109,,684.6
7924,-2.3000000000000003,0,4,3,1,0.6253435993567109,,684.6
7925,-4.300000000000001,0,4,3,1,0.6253435993567109,,684.7
7926,-4.300000000000001,0,4,3,1,0.6253435993567109,,684.8
7927,5.7,1,4,3,1,0.6253435993567109,,684.8
7928,-2.3000000000000003,0,4,3,1,0.6253435993567109,,684.9
7929,-2.3000000000000003,0,4,3,1,0.6253435993567109,,685.0
7930,-4.300000000000001,0,4,3,1,0.6253435993567109,,685.1
7931,-4.300000000000001,0,4,3,1,0.6253435993567109,,685.1
7932,-4.300000000000001,0,4,3,1,0.6253435993567109,,685.1
7933,-2.3000000000000003,0,4,3,1,0.6253435993567109,,685.2
7934,-4.300000000000001,0,4,3,1,0.6253435993567109,,685.3
7935,-4.300000000000001,0,4,3,1,0.6253435993567109,,685.4
7936,-0.30000000000000004,0,4,3,1,0.6253435993567109,,685.4
7937,-4.300000000000001,0,4,3,1,0.6253435993567109,,685.5
7938,-4.300000000000001,0,4,3,1,0.6253435993567109,,685.5
7939,-2.3000000000000003,0,4,3,1,0.6253435993567109,,685.6
7940,5.7,1,4,3,1,0.6253435993567109,,685.6
7941,-4.300000000000001,0,4,3,1,0.6253435993567109,,685.7
7942,-2.3000000000000003,0,4,3,1,0.6253435993567109,,685.8
7943,-4.6000000000000005,0,6,3,1,0.6253435993567109,,685.9
7944,-2.3000000000000003,0,4,3,1,0.6253435993567109,,686.0
7945,5.7,1,4,3,1,0.6253435993567109,,686.0
7946,-4.300000000000001,0,4,3,1,0.6253435993567109,,686.1
7947,-4.300000000000001,0,4,3,1,0.6253435993567109,,686.2
7948,-4.300000000000001,0,4,3,1,0.6253435993567109,,686.3
7949,-0.30000000000000004,0,4,3,1,0.6253435993567109,,686.3
7950,-2.3000000000000003,0,4,3,1,0.6253435993567109,,686.3
7951,-4.300000000000001,0,4,3,1,0.6253435993567109,,686.4
7952,-4.300000000000001,0,4,3,1,0.6253435993567109,,686.5
7953,-4.300000000000001,0,4,3,1,0.6253435993567109,,686.5
7954,-4.300000000000001,0,4,3,1,0.6253435993567109,,686.6
7955,5.7,1,4,3,1,0.6253435993567109,,686.7
7956,-2.6,0,6,3,1,0.6253435993567109,,686.7
7957,5.7,1,4,3,1,0.6253435993567109,,686.8
7958,-2.6,0,6,3,1,0.6253435993567109,,686.8
7959,-4.300000000000001,0,4,3,1,0.6253435993567109,,686.9
7960,5.7,1,4,3,1,0.6253435993567109,,687.0
7961,-4.300000000000001,0,4,3,1,0.6253435993567109,,687.1
7962,-0.30000000000000004,0,4,3,1,0.6253435993567109,,687.1
7963,-2.3000000000000003,0,4,3,1,0.6253435993567109,,687.2
7964,-4.300000000000001,0,4,3,1,0.6253435993567109,,687.3
7965,-4.6,0,6,3,1,0.6253435993567109,,687.3
7966,-2.3000000000000003,0,4,3,1,0.6253435993567109,,687.4
7967,-4.300000000000001,0,4,3,1,0.6253435993567109,,687.5
7968,-4.300000000000001,0,4,3,1,0.6253435993567109,,687.6
7969,-4.300000000000001,0,4,3,1,0.6253435993567109,,687.7
7970,-4.300000000000001,0,4,3,1,0.6253435993567109,,687.7
7971,-4.300000000000001,0,4,3,1,0.6253435993567109,,687.8
7972,-4.300000000000001,0,4,3,1,0.6253435993567109,,687.9
7973,-4.300000000000001,0,4,3,1,0.6253435993567109,,687.9
7974,-4.300000000000001,0,4,3,1,0.6253435993567109,,688.0
7975,-2.3000000000000003,0,4,3,1,0.6253435993567109,,688.0
7976,5.7,1,4,3,1,0.6253435993567109,,688.1
7977,-4.300000000000001,0,4,3,1,0.6253435993567109,,688.1
7978,-0.30000000000000004,0,4,3,1,0.6253435993567109,,688.2
7979,-4.300000000000001,0,4,3,1,0.6253435993567109,,688.2
7980,-2.3000000000000003,0,4,3,1,0.6253435993567109,,688.3
7981,-4.300000000000001,0,4,3,1,0.6253435993567109,,688.4
7982,-4.300000000000001,0,4,3,1,0.6253435993567109,,688.4
7983,-2.3000000000000003,0,4,3,1,0.6253435993567109,,688.5
7984,-4.300000000000001,0,4,3,1,0.6253435993567109,,688.5
7985,-2.3000000000000003,0,4,3,1,0.6253435993567109,,688.6
7986,-4.300000000000001,0,4,3,1,0.6253435993567109,,688.7
7987,-4.300000000000001,0,4,3,1,0.6253435993567109,,688.7
7988,-4.300000000000001,0,4,3,1,0.6253435993567109,,688.8
7989,-4.300000000000001,0,4,3,1,0.6253435993567109,,688.9
7990,-4.6,0,6,3,1,0.6253435993567109,,688.9
7991,-4.6,0,6,3,1,0.6253435993567109,,689.0
7992,5.7,1,4,3,1,0.6253435993567109,,689.1
7993,-4.300000000000001,0,4,3,1,0.6253435993567109,,689.2
7994,-4.300000000000001,0,4,3,1,0.6253435993567109,,689.2
7995,-4.300000000000001,0,4,3,1,0.6253435993567109,,689.3
7996,-0.30000000000000004,0,4,3,1,0.6253435993567109,,689.3
7997,-4.300000000000001,0,4,3,1,0.6253435993567109,,689.4
7998,-4.300000000000001,0,4,3,1,0.6253435993567109,,689.4
7999,-4.300000000000001,0,4,3,1,0.6253435993567109,,689.5
8000,-4.300000000000001,0,4,3,1,0.6253435993567109,,689.6
8001,-4.300000000000001,0,4,3,1,0.6253435993567109,,694.5
8002,-4.300000000000001,0,4,3,1,0.6253435993567109,,694.6
8003,-4.300000000000001,0,4,3,1,0.6253435993567109,,694.7
8004,-4.300000000000001,0,4,3,1,0.6253435993567109,,694.8
8005,-4.300000000000001,0,4,3,1,0.6253435993567109,,694.9
8006,-4.300000000000001,0,4,3,1,0.6253435993567109,,694.9
8007,-4.300000000000001,0,4,3,1,0.6253435993567109,,695.0
8008,-4.300000000000001,0,4,3,1,0.6253435993567109,,695.0
8009,-4.300000000000001,0,4,3,1,0.6253435993567109,,695.1
8010,-4.300000000000001,0,4,3,1,0.6253435993567109,,695.1
8011,-0.30000000000000004,0,4,3,1,0.6253435993567109,,695.2
8012,-4.300000000000001,0,4,3,1,0.6253435993567109,,695.3
8013,-4.300000000000001,0,4,3,1,0.6253435993567109,,695.4
8014,5.7,1,4,3,1,0.6253435993567109,,695.4
8015,-4.300000000000001,0,4,3,1,0.6253435993567109,,695.4
8016,-2.3000000000000003,0,4,3,1,0.6253435993567109,,695.5
8017,-4.300000000000001,0,4,3,1,0.6253435993567109,,695.5
8018,-4.300000000000001,0,4,3,1,0.6253435993567109,,695.6
8019,-4.300000000000001,0,4,3,1,0.6253435993567109,,695.7
8020,5.7,1,4,3,1,0.6253435993567109,,695.7
8021,-0.30000000000000004,0,4,3,1,0.6253435993567109,,695.8
8022,-4.300000000000001,0,4,3,1,0.6253435993567109,,695.8
8023,-4.300000000000001,0,4,3,1,0.6253435993567109,,695.9
8024,-0.30000000000000004,0,4,3,1,0.6253435993567109,,696.0
8025,-4.300000000000001,0,4,3,1,0.6253435993567109,,696.0
8026,-0.30000000000000004,0,4,3,1,0.6253435993567109,,696.1
8027,-4.300000000000001,0,4,3,1,0.6253435993567109,,696.2
8028,-4.300000000000001,0,4,3,1,0.6253435993567109,,696.3
8029,-4.300000000000001,0,4,3,1,0.6253435993567109,,696.3
8030,-2.3000000000000003,0,4,3,1,0.6253435993567109,,696.4
8031,-4.300000000000001,0,4,3,1,0.6253435993567109,,696.5
8032,-4.300000000000001,0,4,3,1,0.6253435993567109,,696.5
8033,-2.3000000000000003,0,4,3,1,0.6253435993567109,,696.6
8034,-4.300000000000001,0,4,3,1,0.6253435993567109,,696.6
8035,-4.300000000000001,0,4,3,1,0.6253435993567109,,696.7
8036,-2.3000000000000003,0,4,3,1,0.6253435993567109,,696.8
8037,5.4,1,6,3,1,0.6253435993567109,,696.8
8038,-2.3000000000000003,0,4,3,1,0.6253435993567109,,696.9
8039,-4.300000000000001,0,4,3,1,0.6253435993567109,,696.9
8040,-4.300000000000001,0,4,3,1,0.6253435993567109,,697.0
8041,5.4,1,6,3,1,0.6253435993567109,,697.1
8042,-4.300000000000001,0,4,3,1,0.6253435993567109,,697.1
8043,-4.300000000000001,0,4,3,1,0.6253435993567109,,697.2
8044,-4.300000000000001,0,4,3,1,0.6253435993567109,,697.2
8045,-4.300000000000001,0,4,3,1,0.6253435993567109,,697.3
8046,-2.3000000000000003,0,4,3,1,0.6253435993567109,,697.3
8047,-4.300000000000001,0,4,3,1,0.6253435993567109,,697.4
8048,-4.300000000000001,0,4,3,1,0.6253435993567109,,697.5
8049,-2.3000000000000003,0,4,3,1,0.6253435993567109,,697.5
8050,-4.300000000000001,0,4,3,1,0.6253435993567109,,697.6
8051,5.7,1,4,3,1,0.6253435993567109,,697.6
8052,-4.300000000000001,0,4,3,1,0.6253435993567109,,697.7
8053,-4.300000000000001,0,4,3,1,0.6253435993567109,,697.8
8054,-4.300000000000001,0,4,3,1,0.6253435993567109,,697.8
8055,-2.3000000000000003,0,4,3,1,0.6253435993567109,,697.9
8056,-4.300000000000001,0,4,3,1,0.6253435993567109,,697.9
8057,-4.300000000000001,0,4,3,1,0.6253435993567109,,698.0
8058,-0.30000000000000004,0,4,3,1,0.6253435993567109,,698.1
8059,-4.300000000000001,0,4,3,1,0.6253435993567109,,698.1
8060,-2.3000000000000003,0,4,3,1,0.6253435993567109,,698.2
8061,-4.300000000000001,0,4,3,1,0.6253435993567109,,698.2
8062,5.7,1,4,3,1,0.6253435993567109,,698.3
8063,-4.300000000000001,0,4,3,1,0.6253435993567109,,698.3
8064,-4.300000000000001,0,4,3,1,0.6253435993567109,,698.4
8065,-4.300000000000001,0,4,3,1,0.6253435993567109,,698.4
8066,-2.3000000000000003,0,4,3,1,0.6253435993567109,,698.5
8067,-4.300000000000001,0,4,3,1,0.6253435993567109,,698.5
8068,-5.6000000000000005,0,6,3,1,0.6253435993567109,,698.6
8069,-4.300000000000001,0,4,3,1,0.6253435993567109,,698.7
8070,5.7,1,4,3,1,0.6253435993567109,,698.7
8071,-4.300000000000001,0,4,3,1,0.6253435993567109,,698.8
8072,-2.3000000000000003,0,4,3,1,0.6253435993567109,,698.9
8073,-4.300000000000001,0,4,3,1,0.6253435993567109,,698.9
8074,-4.300000000000001,0,4,3,1,0.6253435993567109,,699.0
8075,-2.3000000000000003,0,4,3,1,0.6253435993567109,,699.1
8076,-2.3000000000000003,0,4,3,1,0.6253435993567109,,699.2
8077,-2.3000000000000003,0,4,3,1,0.6253435993567109,,699.2
8078,-4.300000000000001,0,4,3,1,0.6253435993567109,,699.3
8079,-2.3000000000000003,0,4,3,1,0.6155675717163831,1.5681382180191576,699.9
8080,-4.300000000000001,0,4,3,1,0.6155675717163831,,700.0
8081,5.7,1,4,3,1,0.6155675717163831,,700.0
8082,5.7,1,4,3,1,0.6155675717163831,,700.1
8083,-0.30000000000000004,0,4,3,1,0.6155675717163831,,700.1
8084,-0.30000000000000004,0,4,3,1,0.6155675717163831,,700.2
8085,-4.300000000000001,0,4,3,1,0.6155675717163831,,700.3
8086,-0.30000000000000004,0,4,3,1,0.6155675717163831,,700.3
8087,-4.300000000000001,0,4,3,1,0.6155675717163831,,700.4
8088,-4.300000000000001,0,4,3,1,0.6155675717163831,,700.4
8089,-1.4000000000000001,0,5,4,1,0.6155675717163831,,700.5
8090,-2.3000000000000003,0,4,3,1,0.6155675717163831,,700.5
8091,-4.300000000000001,0,4,3,1,0.6155675717163831,,700.6
8092,-0.30000000000000004,0,4,3,1,0.6155675717163831,,700.7
8093,-4.300000000000001,0,4,3,1,0.6155675717163831,,700.7
8094,-0.30000000000000004,0,4,3,1,0.6155675717163831,,700.8
8095,-0.30000000000000004,0,4,3,1,0.6155675717163831,,700.9
8096,5.7,1,4,3,1,0.6155675717163831,,700.9
8097,-4.300000000000001,0,4,3,1,0.6155675717163831,,701.0
8098,-2.3000000000000003,0,4,3,1,0.6155675717163831,,701.0
8099,-2.3000000000000003,0,4,3,1,0.6155675717163831,,701.1
8100,-2.3000000000000003,0,4,3,1,0.6155675717163831,,701.2
8101,-4.300000000000001,0,4,3,1,0.6155675717163831,,701.3
8102,-4.300000000000001,0,4,3,1,0.6155675717163831,,701.3
8103,-4.300000000000001,0,4,3,1,0.6155675717163831,,701.4
8104,-4.300000000000001,0,4,3,1,0.6155675717163831,,701.5
8105,5.7,1,4,3,1,0.6155675717163831,,701.5
8106,-4.300000000000001,0,4,3,1,0.6155675717163831,,701.6
8107,-2.3000000000000003,0,4,3,1,0.6155675717163831,,701.7
8108,-4.300000000000001,0,4,3,1,0.6155675717163831,,701.8
8109,-0.30000000000000004,0,4,3,1,0.6155675717163831,,701.8
8110,5.7,1,4,3,1,0.6155675717163831,,701.9
8111,5.7,1,4,3,1,0.6155675717163831,,701.9
8112,-4.300000000000001,0,4,3,1,0.6155675717163831,,702.0
8113,-4.300000000000001,0,4,3,1,0.6155675717163831,,702.0
8114,-4.300000000000001,0,4,3,1,0.6155675717163831,,702.1
8115,-2.3000000000000003,0,4,3,1,0.6155675717163831,,702.1
8116,-4.300000000000001,0,4,3,1,0.6155675717163831,,702.2
8117,-2.3000000000000003,0,4,3,1,0.6155675717163831,,702.3
8118,-4.300000000000001,0,4,3,1,0.6155675717163831,,702.3
8119,-2.3000000000000003,0,4,3,1,0.6155675717163831,,702.4
8120,-4.300000000000001,0,4,3,1,0.6155675717163831,,702.4
8121,-2.3000000000000003,0,4,3,1,0.6155675717163831,,702.5
8122,-4.300000000000001,0,4,3,1,0.6155675717163831,,702.5
8123,-4.300000000000001,0,4,3,1,0.6155675717163831,,702.6
8124,-4.300000000000001,0,4,3,1,0.6155675717163831,,702.7
8125,-4.300000000000001,0,4,3,1,0.6155675717163831,,702.8
8126,-4.300000000000001,0,4,3,1,0.6155675717163831,,702.8
8127,-4.300000000000001,0,4,3,1,0.6155675717163831,,702.9
8128,-4.300000000000001,0,4,3,1,0.6155675717163831,,702.9
8129,-4.300000000000001,0,4,3,1,0.6155675717163831,,703.0
8130,-4.300000000000001,0,4,3,1,0.6155675717163831,,703.1
8131,-0.30000000000000004,0,4,3,1,0.6155675717163831,,703.2
8132,-4.300000000000001,0,4,3,1,0.6155675717163831,,703.3
8133,-4.300000000000001,0,4,3,1,0.6155675717163831,,703.3
8134,-4.300000000000001,0,4,3,1,0.6155675717163831,,703.4
8135,-2.3000000000000003,0,4,3,1,0.6155675717163831,,703.4
8136,-4.300000000000001,0,4,3,1,0.6155675717163831,,703.5
8137,-4.300000000000001,0,4,3,1,0.6155675717163831,,703.6
8138,-4.300000000000001,0,4,3,1,0.6155675717163831,,703.6
8139,-4.300000000000001,0,4,3,1,0.6155675717163831,,703.7
8140,-4.300000000000001,0,4,3,1,0.6155675717163831,,703.8
8141,-2.3000000000000003,0,4,3,1,0.6155675717163831,,703.8
8142,-4.300000000000001,0,4,3,1,0.6155675717163831,,703.9
8143,5.7,1,4,3,1,0.6155675717163831,,704.0
8144,5.7,1,4,3,1,0.6155675717163831,,704.1
8145,5.7,1,4,3,1,0.6155675717163831,,704.1
8146,-4.300000000000001,0,4,3,1,0.6155675717163831,,704.2
8147,-4.300000000000001,0,4,3,1,0.6155675717163831,,704.3
8148,5.7,1,4,3,1,0.6155675717163831,,704.3
8149,-4.300000000000001,0,4,3,1,0.6155675717163831,,704.3
8150,-2.3000000000000003,0,4,3,1,0.6155675717163831,,704.4
8151,-4.300000000000001,0,4,3,1,0.6155675717163831,,704.5
8152,-0.30000000000000004,0,4,3,1,0.6155675717163831,,704.6
8153,-4.300000000000001,0,4,3,1,0.6155675717163831,,704.6
8154,-2.3000000000000003,0,4,3,1,0.6155675717163831,,704.7
8155,5.7,1,4,3,1,0.6155675717163831,,704.8
8156,-4.300000000000001,0,4,3,1,0.6155675717163831,,704.9
8157,5.7,1,4,3,1,0.6155675717163831,,704.9
8158,-0.30000000000000004,0,4,3,1,0.6155675717163831,,705.0
8159,-4.300000000000001,0,4,3,1,0.6155675717163831,,705.0
8160,-4.6000000000000005,0,6,3,1,0.6155675717163831,,705.1
8161,-4.300000000000001,0,4,3,1,0.6155675717163831,,705.2
8162,5.7,1,4,3,1,0.6155675717163831,,705.2
8163,-4.300000000000001,0,4,3,1,0.6155675717163831,,705.3
8164,-4.300000000000001,0,4,3,1,0.6155675717163831,,705.4
8165,-4.300000000000001,0,4,3,1,0.6155675717163831,,705.4
8166,-4.300000000000001,0,4,3,1,0.6155675717163831,,705.5
8167,-4.300000000000001,0,4,3,1,0.6155675717163831,,705.5
8168,-4.300000000000001,0,4,3,1,0.6155675717163831,,705.6
8169,-4.300000000000001,0,4,3,1,0.6155675717163831,,705.7
8170,-4.300000000000001,0,4,3,1,0.6155675717163831,,705.8
8171,-4.300000000000001,0,4,3,1,0.6155675717163831,,705.8
8172,-4.300000000000001,0,4,3,1,0.6155675717163831,,705.9
8173,5.7,1,4,3,1,0.6155675717163831,,706.0
8174,-4.300000000000001,0,4,3,1,0.6155675717163831,,706.0
8175,-4.300000000000001,0,4,3,1,0.6155675717163831,,706.1
8176,-4.300000000000001,0,4,3,1,0.6155675717163831,,706.2
8177,5.7,1,4,3,1,0.6155675717163831,,706.2
8178,-4.300000000000001,0,4,3,1,0.6155675717163831,,706.3
8179,-4.300000000000001,0,4,3,1,0.6155675717163831,,706.4
8180,5.7,1,4,3,1,0.6155675717163831,,706.4
8181,-4.300000000000001,0,4,3,1,0.6155675717163831,,706.5
8182,-4.300000000000001,0,4,3,1,0.6155675717163831,,706.6
8183,-4.300000000000001,0,4,3,1,0.6155675717163831,,706.6
8184,-4.300000000000001,0,4,3,1,0.6155675717163831,,706.7
8185,-0.30000000000000004,0,4,3,1,0.6155675717163831,,706.7
8186,-4.300000000000001,0,4,3,1,0.6155675717163831,,706.8
8187,5.7,1,4,3,1,0.6155675717163831,,706.9
8188,-2.3000000000000003,0,4,3,1,0.6155675717163831,,706.9
8189,-4.300000000000001,0,4,3,1,0.6155675717163831,,707.0
8190,-4.300000000000001,0,4,3,1,0.6155675717163831,,707.0
8191,-2.3000000000000003,0,4,3,1,0.6155675717163831,,707.1
8192,-4.300000000000001,0,4,3,1,0.6155675717163831,,707.1
8193,5.7,1,4,3,1,0.6155675717163831,,707.2
8194,-4.300000000000001,0,4,3,1,0.6155675717163831,,707.3
8195,-4.300000000000001,0,4,3,1,0.6155675717163831,,707.3
8196,-2.3000000000000003,0,4,3,1,0.6155675717163831,,707.4
8197,-4.300000000000001,0,4,3,1,0.6155675717163831,,707.4
8198,5.7,1,4,3,1,0.6155675717163831,,707.4
8199,-4.300000000000001,0,4,3,1,0.6155675717163831,,707.5
8200,5.7,1,4,3,1,0.6155675717163831,,707.6
8201,-4.300000000000001,0,4,3,1,0.6155675717163831,,707.6
8202,-2.3000000000000003,0,4,3,1,0.6155675717163831,,707.7
8203,5.7,1,4,3,1,0.6155675717163831,,707.7
8204,5.7,1,4,3,1,0.6155675717163831,,707.8
8205,-4.300000000000001,0,4,3,1,0.6155675717163831,,707.9
8206,-0.30000000000000004,0,4,3,1,0.6155675717163831,,708.0
8207,-4.300000000000001,0,4,3,1,0.6155675717163831,,708.0
8208,-4.300000000000001,0,4,3,1,0.6155675717163831,,708.1
8209,-4.300000000000001,0,4,3,1,0.6155675717163831,,708.1
8210,-0.30000000000000004,0,4,3,1,0.6155675717163831,,708.2
8211,5.7,1,4,3,1,0.6155675717163831,,708.2
8212,-4.300000000000001,0,4,3,1,0.6155675717163831,,708.3
8213,-4.300000000000001,0,4,3,1,0.6155675717163831,,708.3
8214,-4.300000000000001,0,4,3,1,0.6155675717163831,,708.4
8215,-0.30000000000000004,0,4,3,1,0.6155675717163831,,708.5
8216,-4.300000000000001,0,4,3,1,0.6155675717163831,,708.5
8217,-0.30000000000000004,0,4,3,1,0.6155675717163831,,708.6
8218,-4.300000000000001,0,4,3,1,0.6155675717163831,,708.7
8219,-4.300000000000001,0,4,3,1,0.6155675717163831,,708.7
8220,-4.300000000000001,0,4,3,1,0.6155675717163831,,708.9
8221,-4.300000000000001,0,4,3,1,0.6155675717163831,,708.9
8222,-2.3000000000000003,0,4,3,1,0.6155675717163831,,709.0
8223,-0.30000000000000004,0,4,3,1,0.6155675717163831,,709.0
8224,-4.300000000000001,0,4,3,1,0.6155675717163831,,709.1
8225,-4.300000000000001,0,4,3,1,0.6155675717163831,,709.2
8226,5.7,1,4,3,1,0.6155675717163831,,709.2
8227,-0.30000000000000004,0,4,3,1,0.6155675717163831,,709.3
8228,-4.300000000000001,0,4,3,1,0.6155675717163831,,709.4
8229,5.7,1,4,3,1,0.6155675717163831,,709.5
8230,5.7,1,4,3,1,0.6155675717163831,,709.5
8231,-0.6000000000000001,0,6,3,1,0.6155675717163831,,709.6
8232,-0.30000000000000004,0,4,3,1,0.6155675717163831,,709.6
8233,-4.300000000000001,0,4,3,1,0.6155675717163831,,709.7
8234,-4.300000000000001,0,4,3,1,0.6155675717163831,,709.8
8235,-2.3000000000000003,0,4,3,1,0.6155675717163831,,709.8
8236,-4.300000000000001,0,4,3,1,0.6155675717163831,,709.9
8237,-4.300000000000001,0,4,3,1,0.6155675717163831,,710.0
8238,5.7,1,4,3,1,0.6155675717163831,,710.1
8239,-2.3000000000000003,0,4,3,1,0.6155675717163831,,710.1
8240,-4.300000000000001,0,4,3,1,0.6155675717163831,,710.2
8241,-4.300000000000001,0,4,3,1,0.6155675717163831,,710.3
8242,-4.300000000000001,0,4,3,1,0.6155675717163831,,710.4
8243,-4.300000000000001,0,4,3,1,0.6155675717163831,,710.4
8244,-0.30000000000000004,0,4,3,1,0.6155675717163831,,710.5
8245,-2.3000000000000003,0,4,3,1,0.6155675717163831,,710.6
8246,-0.30000000000000004,0,4,3,1,0.6155675717163831,,710.6
8247,-4.300000000000001,0,4,3,1,0.6155675717163831,,710.6
8248,-0.30000000000000004,0,4,3,1,0.6155675717163831,,710.7
8249,-2.3000000000000003,0,4,3,1,0.6155675717163831,,710.8
8250,5.7,1,4,3,1,0.6155675717163831,,710.8
8251,-4.300000000000001,0,4,3,1,0.6155675717163831,,710.9
8252,-2.3000000000000003,0,4,3,1,0.6155675717163831,,711.0
8253,-2.3000000000000003,0,4,3,1,0.6155675717163831,,711.0
8254,-4.300000000000001,0,4,3,1,0.6155675717163831,,711.0
8255,5.7,1,4,3,1,0.6155675717163831,,711.1
8256,-4.300000000000001,0,4,3,1,0.6155675717163831,,711.2
8257,-2.3000000000000003,0,4,3,1,0.6155675717163831,,711.2
8258,-4.300000000000001,0,4,3,1,0.6155675717163831,,711.3
8259,-2.3000000000000003,0,4,3,1,0.6155675717163831,,711.4
8260,-0.30000000000000004,0,4,3,1,0.6155675717163831,,711.4
8261,-4.300000000000001,0,4,3,1,0.6155675717163831,,711.5
8262,-4.300000000000001,0,4,3,1,0.6155675717163831,,711.5
8263,-4.300000000000001,0,4,3,1,0.6155675717163831,,711.6
8264,-4.300000000000001,0,4,3,1,0.6155675717163831,,711.6
8265,-4.300000000000001,0,4,3,1,0.6155675717163831,,711.7
8266,-2.3000000000000003,0,4,3,1,0.6155675717163831,,711.8
8267,-0.30000000000000004,0,4,3,1,0.6155675717163831,,711.9
8268,-2.3000000000000003,0,4,3,1,0.6155675717163831,,711.9
8269,-4.300000000000001,0,4,3,1,0.6155675717163831,,712.0
8270,-4.300000000000001,0,4,3,1,0.6155675717163831,,712.0
8271,5.7,1,4,3,1,0.6155675717163831,,712.1
8272,-4.300000000000001,0,4,3,1,0.6155675717163831,,712.2
8273,-0.30000000000000004,0,4,3,1,0.6155675717163831,,712.2
8274,-2.3000000000000003,0,4,3,1,0.6155675717163831,,712.3
8275,-0.30000000000000004,0,4,3,1,0.6155675717163831,,712.4
8276,-4.300000000000001,0,4,3,1,0.6155675717163831,,712.4
8277,-4.300000000000001,0,4,3,1,0.6155675717163831,,712.5
8278,-2.3000000000000003,0,4,3,1,0.6155675717163831,,712.6
8279,-2.3000000000000003,0,4,3,1,0.6155675717163831,,712.6
8280,-4.300000000000001,0,4,3,1,0.6155675717163831,,712.7
8281,5.7,1,4,3,1,0.6155675717163831,,712.8
8282,5.7,1,4,3,1,0.6155675717163831,,712.8
8283,-0.30000000000000004,0,4,3,1,0.6155675717163831,,712.9
8284,-4.300000000000001,0,4,3,1,0.6155675717163831,,712.9
8285,-2.3000000000000003,0,4,3,1,0.6155675717163831,,713.0
8286,5.7,1,4,3,1,0.6155675717163831,,713.1
8287,5.7,1,4,3,1,0.6155675717163831,,713.2
8288,5.7,1,4,3,1,0.6155675717163831,,713.2
8289,-4.300000000000001,0,4,3,1,0.6155675717163831,,713.3
8290,-4.300000000000001,0,4,3,1,0.6155675717163831,,713.4
8291,-4.300000000000001,0,4,3,1,0.6155675717163831,,713.4
8292,-4.300000000000001,0,4,3,1,0.6155675717163831,,713.5
8293,-1.6,0,6,3,1,0.6155675717163831,,713.5
8294,-0.30000000000000004,0,4,3,1,0.6155675717163831,,713.6
8295,5.7,1,4,3,1,0.6155675717163831,,713.6
8296,-4.300000000000001,0,4,3,1,0.6155675717163831,,713.7
8297,-2.3000000000000003,0,4,3,1,0.6155675717163831,,713.7
8298,-0.30000000000000004,0,4,3,1,0.6155675717163831,,713.8
8299,-4.300000000000001,0,4,3,1,0.6155675717163831,,713.9
8300,5.7,1,4,3,1,0.6155675717163831,,713.9
8301,-4.300000000000001,0,4,3,1,0.6155675717163831,,714.0
8302,-4.300000000000001,0,4,3,1,0.6155675717163831,,714.1
8303,-4.300000000000001,0,4,3,1,0.6155675717163831,,714.1
8304,-4.300000000000001,0,4,3,1,0.6155675717163831,,714.2
8305,-2.3000000000000003,0,4,3,1,0.6155675717163831,,714.3
8306,-0.30000000000000004,0,4,3,1,0.6155675717163831,,714.3
8307,5.7,1,4,3,1,0.6155675717163831,,714.4
8308,-4.300000000000001,0,4,3,1,0.6155675717163831,,714.5
8309,-4.300000000000001,0,4,3,1,0.6155675717163831,,714.5
8310,-2.3000000000000003,0,4,3,1,0.6155675717163831,,714.6
8311,-0.30000000000000004,0,4,3,1,0.6155675717163831,,714.6
8312,5.7,1,4,3,1,0.6155675717163831,,714.7
8313,-4.300000000000001,0,4,3,1,0.6155675717163831,,714.7
8314,-0.30000000000000004,0,4,3,1,0.6155675717163831,,714.8
8315,-4.300000000000001,0,4,3,1,0.6155675717163831,,714.8
8316,-4.300000000000001,0,4,3,1,0.6155675717163831,,714.9
8317,-0.30000000000000004,0,4,3,1,0.6155675717163831,,715.0
8318,-4.300000000000001,0,4,3,1,0.6155675717163831,,715.1
8319,5.7,1,4,3,1,0.6155675717163831,,715.1
8320,-4.300000000000001,0,4,3,1,0.6155675717163831,,715.2
8321,-4.300000000000001,0,4,3,1,0.6155675717163831,,715.3
8322,-2.3000000000000003,0,4,3,1,0.6155675717163831,,715.4
8323,-2.3000000000000003,0,4,3,1,0.6155675717163831,,715.4
8324,-4.300000000000001,0,4,3,1,0.6155675717163831,,715.5
8325,-2.3000000000000003,0,4,3,1,0.6155675717163831,,715.6
8326,-4.6,0,6,3,1,0.6155675717163831,,715.6
8327,-4.300000000000001,0,4,3,1,0.6155675717163831,,715.7
8328,-2.3000000000000003,0,4,3,1,0.6155675717163831,,715.8
8329,5.7,1,4,3,1,0.6155675717163831,,715.8
8330,-3.4000000000000004,0,5,4,1,0.6155675717163831,,715.9
8331,-4.300000000000001,0,4,3,1,0.6155675717163831,,716.0
8332,-4.300000000000001,0,4,3,1,0.6155675717163831,,716.1
8333,-4.300000000000001,0,4,3,1,0.6155675717163831,,716.1
8334,-0.30000000000000004,0,4,3,1,0.6155675717163831,,716.2
8335,-2.3000000000000003,0,4,3,1,0.6155675717163831,,716.3
8336,-4.300000000000001,0,4,3,1,0.6155675717163831,,716.3
8337,5.7,1,4,3,1,0.6155675717163831,,716.4
8338,-4.300000000000001,0,4,3,1,0.6155675717163831,,716.4
8339,-4.300000000000001,0,4,3,1,0.6155675717163831,,716.4
8340,-4.300000000000001,0,4,3,1,0.6155675717163831,,716.5
8341,-4.300000000000001,0,4,3,1,0.6155675717163831,,716.6
8342,-4.300000000000001,0,4,3,1,0.6155675717163831,,716.6
8343,-4.300000000000001,0,4,3,1,0.6155675717163831,,716.7
8344,-4.300000000000001,0,4,3,1,0.6155675717163831,,716.8
8345,-4.300000000000001,0,4,3,1,0.6155675717163831,,716.8
8346,-4.300000000000001,0,4,3,1,0.6155675717163831,,716.9
8347,-4.300000000000001,0,4,3,1,0.6155675717163831,,716.9
8348,-4.300000000000001,0,4,3,1,0.6155675717163831,,717.0
8349,-0.30000000000000004,0,4,3,1,0.6155675717163831,,717.1
8350,-2.3000000000000003,0,4,3,1,0.6155675717163831,,717.1
8351,-4.300000000000001,0,4,3,1,0.6155675717163831,,717.2
8352,-4.300000000000001,0,4,3,1,0.6155675717163831,,717.2
8353,-2.3000000000000003,0,4,3,1,0.6155675717163831,,717.3
8354,-4.300000000000001,0,4,3,1,0.6155675717163831,,717.3
8355,-4.300000000000001,0,4,3,1,0.6155675717163831,,717.4
8356,-4.300000000000001,0,4,3,1,0.6155675717163831,,717.5
8357,-2.3000000000000003,0,4,3,1,0.6155675717163831,,717.6
8358,-4.300000000000001,0,4,3,1,0.6155675717163831,,717.6
8359,-0.30000000000000004,0,4,3,1,0.6155675717163831,,717.7
8360,-2.3000000000000003,0,4,3,1,0.6155675717163831,,717.7
8361,-4.300000000000001,0,4,3,1,0.6155675717163831,,717.8
8362,-4.300000000000001,0,4,3,1,0.6155675717163831,,717.9
8363,-4.300000000000001,0,4,3,1,0.6155675717163831,,717.9
8364,-2.3000000000000003,0,4,3,1,0.6155675717163831,,718.0
8365,-4.300000000000001,0,4,3,1,0.6155675717163831,,718.0
8366,-4.300000000000001,0,4,3,1,0.6155675717163831,,718.1
8367,5.7,1,4,3,1,0.6155675717163831,,718.2
8368,-0.30000000000000004,0,4,3,1,0.6155675717163831,,718.2
8369,-4.300000000000001,0,4,3,1,0.6155675717163831,,718.3
8370,5.7,1,4,3,1,0.6155675717163831,,718.4
8371,-0.30000000000000004,0,4,3,1,0.6155675717163831,,718.4
8372,-0.30000000000000004,0,4,3,1,0.6155675717163831,,718.5
8373,-2.3000000000000003,0,4,3,1,0.6155675717163831,,718.5
8374,-4.300000000000001,0,4,3,1,0.6155675717163831,,718.6
8375,-4.300000000000001,0,4,3,1,0.6155675717163831,,718.6
8376,-4.300000000000001,0,4,3,1,0.6155675717163831,,718.7
8377,5.7,1,4,3,1,0.6155675717163831,,718.8
8378,-4.6000000000000005,0,6,3,1,0.6155675717163831,,718.8
8379,-3.6000000000000005,0,6,3,1,0.6155675717163831,,718.9
8380,-4.300000000000001,0,4,3,1,0.6155675717163831,,719.0
8381,5.7,1,4,3,1,0.6155675717163831,,719.0
8382,-4.300000000000001,0,4,3,1,0.6155675717163831,,719.1
8383,-4.300000000000001,0,4,3,1,0.6155675717163831,,719.1
8384,-4.300000000000001,0,4,3,1,0.6155675717163831,,719.2
8385,-4.300000000000001,0,4,3,1,0.6155675717163831,,719.3
8386,-4.300000000000001,0,4,3,1,0.6155675717163831,,719.4
8387,-4.300000000000001,0,4,3,1,0.6155675717163831,,719.5
8388,-2.6000000000000005,0,6,3,1,0.6155675717163831,,719.5
8389,-0.30000000000000004,0,4,3,1,0.6155675717163831,,719.6
8390,-4.300000000000001,0,4,3,1,0.6155675717163831,,719.6
8391,-2.3000000000000003,0,4,3,1,0.6155675717163831,,719.7
8392,-4.300000000000001,0,4,3,1,0.6155675717163831,,719.7
8393,-5.4,0,5,4,1,0.6155675717163831,,719.8
8394,-0.30000000000000004,0,4,3,1,0.6155675717163831,,719.8
8395,-3.6000000000000005,0,6,3,1,0.6155675717163831,,719.9
8396,-4.300000000000001,0,4,3,1,0.6155675717163831,,720.0
8397,-4.300000000000001,0,4,3,1,0.6155675717163831,,720.0
8398,-0.30000000000000004,0,4,3,1,0.6155675717163831,,720.1
8399,-4.300000000000001,0,4,3,1,0.6155675717163831,,720.1
8400,5.7,1,4,3,1,0.6155675717163831,,720.2
8401,-4.300000000000001,0,4,3,1,0.6155675717163831,,720.3
8402,-4.300000000000001,0,4,3,1,0.6155675717163831,,720.4
8403,-2.3000000000000003,0,4,3,1,0.6155675717163831,,720.5
8404,-4.300000000000001,0,4,3,1,0.6155675717163831,,720.5
8405,-4.300000000000001,0,4,3,1,0.6155675717163831,,720.6
8406,-4.300000000000001,0,4,3,1,0.6155675717163831,,720.7
8407,-2.3000000000000003,0,4,3,1,0.6155675717163831,,720.8
8408,5.7,1,4,3,1,0.6155675717163831,,720.8
8409,-4.300000000000001,0,4,3,1,0.6155675717163831,,720.9
8410,5.7,1,4,3,1,0.6155675717163831,,720.9
8411,-4.300000000000001,0,4,3,1,0.6155675717163831,,721.0
8412,-4.300000000000001,0,4,3,1,0.6155675717163831,,721.0
8413,-4.300000000000001,0,4,3,1,0.6155675717163831,,721.1
8414,-4.300000000000001,0,4,3,1,0.6155675717163831,,721.1
8415,-4.300000000000001,0,4,3,1,0.6155675717163831,,721.2
8416,-4.300000000000001,0,4,3,1,0.6155675717163831,,721.3
8417,-4.6000000000000005,0,6,3,1,0.6155675717163831,,721.4
8418,-4.300000000000001,0,4,3,1,0.6155675717163831,,721.5
8419,-4.300000000000001,0,4,3,1,0.6155675717163831,,721.6
8420,-2.3000000000000003,0,4,3,1,0.6155675717163831,,721.6
8421,-4.300000000000001,0,4,3,1,0.6155675717163831,,721.7
8422,-2.3000000000000003,0,4,3,1,0.6155675717163831,,721.8
8423,-4.300000000000001,0,4,3,1,0.6155675717163831,,721.8
8424,-2.3000000000000003,0,4,3,1,0.6155675717163831,,721.9
8425,-4.300000000000001,0,4,3,1,0.6155675717163831,,721.9
8426,-4.300000000000001,0,4,3,1,0.6155675717163831,,722.0
8427,-4.300000000000001,0,4,3,1,0.6155675717163831,,722.1
8428,-0.30000000000000004,0,4,3,1,0.6155675717163831,,722.2
8429,-4.300000000000001,0,4,3,1,0.6155675717163831,,722.2
8430,5.7,1,4,3,1,0.6155675717163831,,722.3
8431,-0.30000000000000004,0,4,3,1,0.6155675717163831,,722.3
8432,-4.300000000000001,0,4,3,1,0.6155675717163831,,722.4
8433,-4.300000000000001,0,4,3,1,0.6155675717163831,,722.5
8434,-4.300000000000001,0,4,3,1,0.6155675717163831,,722.5
8435,-4.300000000000001,0,4,3,1,0.6155675717163831,,722.6
8436,-4.300000000000001,0,4,3,1,0.6155675717163831,,722.7
8437,-4.300000000000001,0,4,3,1,0.6155675717163831,,722.8
8438,-4.300000000000001,0,4,3,1,0.6155675717163831,,722.8
8439,-4.300000000000001,0,4,3,1,0.6155675717163831,,722.9
8440,-4.300000000000001,0,4,3,1,0.6155675717163831,,723.0
8441,-0.30000000000000004,0,4,3,1,0.6155675717163831,,723.0
8442,-2.3000000000000003,0,4,3,1,0.6155675717163831,,723.1
8443,-4.300000000000001,0,4,3,1,0.6155675717163831,,723.2
8444,-4.300000000000001,0,4,3,1,0.6155675717163831,,723.2
8445,-4.300000000000001,0,4,3,1,0.6155675717163831,,723.3
8446,-0.30000000000000004,0,4,3,1,0.6155675717163831,,723.3
8447,-2.3000000000000003,0,4,3,1,0.6155675717163831,,723.4
8448,-4.300000000000001,0,4,3,1,0.6155675717163831,,723.5
8449,-2.3000000000000003,0,4,3,1,0.6155675717163831,,723.6
8450,-4.6,0,6,3,1,0.6155675717163831,,723.6
8451,-4.300000000000001,0,4,3,1,0.6155675717163831,,723.7
8452,-0.30000000000000004,0,4,3,1,0.6155675717163831,,723.7
8453,5.7,1,4,3,1,0.6155675717163831,,723.8
8454,-4.300000000000001,0,4,3,1,0.6155675717163831,,723.9
8455,-4.300000000000001,0,4,3,1,0.6155675717163831,,723.9
8456,-4.300000000000001,0,4,3,1,0.6155675717163831,,724.0
8457,-0.30000000000000004,0,4,3,1,0.6155675717163831,,724.1
8458,-4.300000000000001,0,4,3,1,0.6155675717163831,,724.1
8459,-4.300000000000001,0,4,3,1,0.6155675717163831,,724.2
8460,5.7,1,4,3,1,0.6155675717163831,,724.2
8461,-4.300000000000001,0,4,3,1,0.6155675717163831,,724.3
8462,-4.300000000000001,0,4,3,1,0.6155675717163831,,724.4
8463,-4.300000000000001,0,4,3,1,0.6155675717163831,,724.4
8464,0.6000000000000001,0,5,4,1,0.6155675717163831,,724.4
8465,-2.3000000000000003,0,4,3,1,0.6155675717163831,,724.5
8466,-4.300000000000001,0,4,3,1,0.6155675717163831,,724.6
8467,-4.300000000000001,0,4,3,1,0.6155675717163831,,724.6
8468,-2.6,0,6,3,1,0.6155675717163831,,724.7
8469,-0.30000000000000004,0,4,3,1,0.6155675717163831,,724.7
8470,-4.300000000000001,0,4,3,1,0.6155675717163831,,724.8
8471,-4.300000000000001,0,4,3,1,0.6155675717163831,,724.9
8472,-4.300000000000001,0,4,3,1,0.6155675717163831,,724.9
8473,-4.300000000000001,0,4,3,1,0.6155675717163831,,725.0
8474,-4.300000000000001,0,4,3,1,0.6155675717163831,,725.1
8475,-0.30000000000000004,0,4,3,1,0.6155675717163831,,725.2
8476,-4.300000000000001,0,4,3,1,0.6155675717163831,,725.3
8477,-2.3000000000000003,0,4,3,1,0.6155675717163831,,725.3
8478,-4.300000000000001,0,4,3,1,0.6155675717163831,,725.4
8479,-4.300000000000001,0,4,3,1,0.6155675717163831,,725.4
8480,-4.300000000000001,0,4,3,1,0.6155675717163831,,725.5
8481,-4.300000000000001,0,4,3,1,0.6155675717163831,,725.6
8482,-4.300000000000001,0,4,3,1,0.6155675717163831,,725.7
8483,-4.300000000000001,0,4,3,1,0.6155675717163831,,725.7
8484,-4.300000000000001,0,4,3,1,0.6155675717163831,,725.8
8485,-2.3000000000000003,0,4,3,1,0.6155675717163831,,725.8
8486,5.7,1,4,3,1,0.6155675717163831,,725.9
8487,-4.300000000000001,0,4,3,1,0.6155675717163831,,726.0
8488,5.7,1,4,3,1,0.6155675717163831,,726.1
8489,-4.300000000000001,0,4,3,1,0.6155675717163831,,726.1
8490,-4.300000000000001,0,4,3,1,0.6155675717163831,,726.2
8491,-0.30000000000000004,0,4,3,1,0.6155675717163831,,726.2
8492,-4.300000000000001,0,4,3,1,0.6155675717163831,,726.3
8493,-4.300000000000001,0,4,3,1,0.6155675717163831,,726.4
8494,-0.30000000000000004,0,4,3,1,0.6155675717163831,,726.5
8495,-4.300000000000001,0,4,3,1,0.6155675717163831,,726.5
8496,-2.3000000000000003,0,4,3,1,0.6155675717163831,,726.6
8497,-0.30000000000000004,0,4,3,1,0.6155675717163831,,726.7
8498,-4.300000000000001,0,4,3,1,0.6155675717163831,,726.7
8499,5.7,1,4,3,1,0.6155675717163831,,726.8
8500,-4.300000000000001,0,4,3,1,0.6155675717163831,,726.9
8501,-2.3000000000000003,0,4,3,1,0.6155675717163831,,731.9
8502,-2.3000000000000003,0,4,3,1,0.6155675717163831,,732.0
8503,-4.300000000000001,0,4,3,1,0.6155675717163831,,732.0
8504,-2.3000000000000003,0,4,3,1,0.6155675717163831,,732.1
8505,-4.300000000000001,0,4,3,1,0.6155675717163831,,732.1
8506,-4.300000000000001,0,4,3,1,0.6155675717163831,,732.2
8507,-4.300000000000001,0,4,3,1,0.6155675717163831,,732.3
8508,-4.300000000000001,0,4,3,1,0.6155675717163831,,732.3
8509,-4.300000000000001,0,4,3,1,0.6155675717163831,,732.4
8510,-4.300000000000001,0,4,3,1,0.6155675717163831,,732.4
8511,-4.300000000000001,0,4,3,1,0.6155675717163831,,732.5
8512,-5.4,0,5,4,1,0.6155675717163831,,732.5
8513,-2.6,0,6,3,1,0.6155675717163831,,732.6
8514,-2.3000000000000003,0,4,3,1,0.6155675717163831,,732.7
8515,-4.300000000000001,0,4,3,1,0.6155675717163831,,732.7
8516,-2.3000000000000003,0,4,3,1,0.6155675717163831,,732.8
8517,-4.300000000000001,0,4,3,1,0.6155675717163831,,732.9
8518,-4.300000000000001,0,4,3,1,0.6155675717163831,,733.0
8519,-0.30000000000000004,0,4,3,1,0.6155675717163831,,733.0
8520,-4.300000000000001,0,4,3,1,0.6155675717163831,,733.1
8521,-4.300000000000001,0,4,3,1,0.6155675717163831,,733.2
8522,-2.3000000000000003,0,4,3,1,0.6155675717163831,,733.3
8523,-4.300000000000001,0,4,3,1,0.6155675717163831,,733.3
8524,5.7,1,4,3,1,0.6155675717163831,,733.3
8525,-2.3000000000000003,0,4,3,1,0.6155675717163831,,733.4
8526,-0.30000000000000004,0,4,3,1,0.6155675717163831,,733.5
8527,-4.300000000000001,0,4,3,1,0.6155675717163831,,733.5
8528,-0.30000000000000004,0,4,3,1,0.6155675717163831,,733.6
8529,-4.300000000000001,0,4,3,1,0.6155675717163831,,733.6
8530,-2.3000000000000003,0,4,3,1,0.6155675717163831,,733.7
8531,-4.300000000000001,0,4,3,1,0.6155675717163831,,733.7
8532,-4.300000000000001,0,4,3,1,0.6155675717163831,,733.8
8533,-4.300000000000001,0,4,3,1,0.6155675717163831,,733.9
8534,5.7,1,4,3,1,0.6155675717163831,,733.9
8535,-2.3000000000000003,0,4,3,1,0.6155675717163831,,734.0
8536,5.7,1,4,3,1,0.6155675717163831,,734.0
8537,-4.300000000000001,0,4,3,1,0.6155675717163831,,734.1
8538,-4.300000000000001,0,4,3,1,0.6155675717163831,,734.1
8539,-4.300000000000001,0,4,3,1,0.6155675717163831,,734.2
8540,-4.300000000000001,0,4,3,1,0.6155675717163831,,734.2
8541,-4.6000000000000005,0,6,3,1,0.6155675717163831,,734.3
8542,-4.300000000000001,0,4,3,1,0.6155675717163831,,734.3
8543,-0.30000000000000004,0,4,3,1,0.6155675717163831,,734.4
8544,-0.30000000000000004,0,4,3,1,0.6155675717163831,,734.5
8545,-4.300000000000001,0,4,3,1,0.6155675717163831,,734.5
8546,-0.30000000000000004,0,4,3,1,0.6155675717163831,,734.6
8547,-0.30000000000000004,0,4,3,1,0.6155675717163831,,734.7
8548,-4.300000000000001,0,4,3,1,0.6155675717163831,,734.7
8549,5.7,1,4,3,1,0.6155675717163831,,734.7
8550,-4.300000000000001,0,4,3,1,0.6155675717163831,,734.8
8551,-4.300000000000001,0,4,3,1,0.6155675717163831,,734.9
8552,-0.30000000000000004,0,4,3,1,0.6155675717163831,,734.9
8553,-4.300000000000001,0,4,3,1,0.6155675717163831,,735.0
8554,-4.300000000000001,0,4,3,1,0.6155675717163831,,735.1
8555,-4.300000000000001,0,4,3,1,0.6155675717163831,,735.2
8556,-5.4,0,5,4,1,0.6155675717163831,,735.3
8557,-4.300000000000001,0,4,3,1,0.6155675717163831,,735.3
8558,-3.4000000000000004,0,5,4,1,0.6155675717163831,,735.4
8559,-2.3000000000000003,0,4,3,1,0.6155675717163831,,735.5
8560,-2.3000000000000003,0,4,3,1,0.6155675717163831,,735.6
8561,-0.6000000000000001,0,6,3,1,0.6155675717163831,,735.6
8562,-4.300000000000001,0,4,3,1,0.6155675717163831,,735.6
8563,-4.300000000000001,0,4,3,1,0.6155675717163831,,735.7
8564,-4.300000000000001,0,4,3,1,0.6155675717163831,,735.8
8565,-4.300000000000001,0,4,3,1,0.6155675717163831,,735.9
8566,-4.300000000000001,0,4,3,1,0.6155675717163831,,735.9
8567,-4.300000000000001,0,4,3,1,0.6155675717163831,,736.0
8568,-4.300000000000001,0,4,3,1,0.6155675717163831,,736.0
8569,-4.300000000000001,0,4,3,1,0.6155675717163831,,736.1
8570,5.7,1,4,3,1,0.6155675717163831,,736.2
8571,5.7,1,4,3,1,0.6155675717163831,,736.2
8572,-4.300000000000001,0,4,3,1,0.6155675717163831,,736.3
8573,5.7,1,4,3,1,0.6155675717163831,,736.4
8574,-4.300000000000001,0,4,3,1,0.6155675717163831,,736.4
8575,-4.300000000000001,0,4,3,1,0.6155675717163831,,736.5
8576,5.7,1,4,3,1,0.6155675717163831,,736.6
8577,-4.300000000000001,0,4,3,1,0.6155675717163831,,736.6
8578,-4.6000000000000005,0,6,3,1,0.6155675717163831,,736.7
8579,5.7,1,4,3,1,0.6155675717163831,,736.8
8580,-4.300000000000001,0,4,3,1,0.6155675717163831,,736.9
8581,-2.3000000000000003,0,4,3,1,0.6155675717163831,,736.9
8582,-0.30000000000000004,0,4,3,1,0.5674883655738086,1.6936208354309201,737.6
8583,-4.300000000000001,0,4,3,1,0.5674883655738086,,737.6
8584,-4.300000000000001,0,4,3,1,0.5674883655738086,,737.7
8585,-0.30000000000000004,0,4,3,1,0.5674883655738086,,737.7
8586,-4.300000000000001,0,4,3,1,0.5674883655738086,,737.8
8587,5.7,1,4,3,1,0.5674883655738086,,737.8
8588,-4.300000000000001,0,4,3,1,0.5674883655738086,,737.9
8589,-4.300000000000001,0,4,3,1,0.5674883655738086,,738.0
8590,-4.300000000000001,0,4,3,1,0.5674883655738086,,738.1
8591,-0.30000000000000004,0,4,3,1,0.5674883655738086,,738.1
8592,-5.4,0,5,4,1,0.5674883655738086,,738.2
8593,-2.3000000000000003,0,4,3,1,0.5674883655738086,,738.2
8594,-4.300000000000001,0,4,3,1,0.5674883655738086,,738.2
8595,-4.300000000000001,0,4,3,1,0.5674883655738086,,738.3
8596,-4.300000000000001,0,4,3,1,0.5674883655738086,,738.4
8597,5.7,1,4,3,1,0.5674883655738086,,738.4
8598,-4.300000000000001,0,4,3,1,0.5674883655738086,,738.5
8599,5.7,1,4,3,1,0.5674883655738086,,738.6
8600,-4.300000000000001,0,4,3,1,0.5674883655738086,,738.6
8601,-2.3000000000000003,0,4,3,1,0.5674883655738086,,738.7
8602,-2.3000000000000003,0,4,3,1,0.5674883655738086,,738.8
8603,-2.3000000000000003,0,4,3,1,0.5674883655738086,,738.8
8604,-4.300000000000001,0,4,3,1,0.5674883655738086,,738.9
8605,-2.3000000000000003,0,4,3,1,0.5674883655738086,,739.0
8606,-4.300000000000001,0,4,3,1,0.5674883655738086,,739.0
8607,-4.300000000000001,0,4,3,1,0.5674883655738086,,739.1
8608,-2.3000000000000003,0,4,3,1,0.5674883655738086,,739.1
8609,-4.300000000000001,0,4,3,1,0.5674883655738086,,739.2
8610,5.7,1,4,3,1,0.5674883655738086,,739.2
8611,-2.3000000000000003,0,4,3,1,0.5674883655738086,,739.3
8612,-4.300000000000001,0,4,3,1,0.5674883655738086,,739.3
8613,-4.300000000000001,0,4,3,1,0.5674883655738086,,739.4
8614,-2.3000000000000003,0,4,3,1,0.5674883655738086,,739.4
8615,-4.300000000000001,0,4,3,1,0.5674883655738086,,739.5
8616,-4.300000000000001,0,4,3,1,0.5674883655738086,,739.5
8617,5.7,1,4,3,1,0.5674883655738086,,739.6
8618,-2.3000000000000003,0,4,3,1,0.5674883655738086,,739.6
8619,-4.300000000000001,0,4,3,1,0.5674883655738086,,739.7
8620,5.7,1,4,3,1,0.5674883655738086,,739.7
8621,-4.300000000000001,0,4,3,1,0.5674883655738086,,739.8
8622,-4.300000000000001,0,4,3,1,0.5674883655738086,,739.9
8623,-4.300000000000001,0,4,3,1,0.5674883655738086,,739.9
8624,-2.3000000000000003,0,4,3,1,0.5674883655738086,,740.0
8625,-4.300000000000001,0,4,3,1,0.5674883655738086,,740.0
8626,-4.300000000000001,0,4,3,1,0.5674883655738086,,740.1
8627,-4.300000000000001,0,4,3,1,0.5674883655738086,,740.1
8628,-4.300000000000001,0,4,3,1,0.5674883655738086,,740.2
8629,-0.30000000000000004,0,4,3,1,0.5674883655738086,,740.2
8630,-4.300000000000001,0,4,3,1,0.5674883655738086,,740.3
8631,5.7,1,4,3,1,0.5674883655738086,,740.3
8632,-2.3000000000000003,0,4,3,1,0.5674883655738086,,740.4
8633,-4.300000000000001,0,4,3,1,0.5674883655738086,,740.5
8634,-2.3000000000000003,0,4,3,1,0.5674883655738086,,740.6
8635,-4.300000000000001,0,4,3,1,0.5674883655738086,,740.6
8636,-0.30000000000000004,0,4,3,1,0.5674883655738086,,740.7
8637,-2.3000000000000003,0,4,3,1,0.5674883655738086,,740.7
8638,-0.30000000000000004,0,4,3,1,0.5674883655738086,,740.8
8639,5.7,1,4,3,1,0.5674883655738086,,740.8
8640,-4.300000000000001,0,4,3,1,0.5674883655738086,,740.9
8641,-4.6000000000000005,0,6,3,1,0.5674883655738086,,741.0
8642,-0.30000000000000004,0,4,3,1,0.5674883655738086,,741.0
8643,-4.300000000000001,0,4,3,1,0.5674883655738086,,741.1
8644,-2.3000000000000003,0,4,3,1,0.5674883655738086,,741.2
8645,-2.3000000000000003,0,4,3,1,0.5674883655738086,,741.2
8646,-4.300000000000001,0,4,3,1,0.5674883655738086,,741.3
8647,-2.3000000000000003,0,4,3,1,0.5674883655738086,,741.3
8648,-2.3000000000000003,0,4,3,1,0.5674883655738086,,741.3
8649,-4.300000000000001,0,4,3,1,0.5674883655738086,,741.4
8650,-4.300000000000001,0,4,3,1,0.5674883655738086,,741.5
8651,-2.3000000000000003,0,4,3,1,0.5674883655738086,,741.6
8652,-4.300000000000001,0,4,3,1,0.5674883655738086,,741.7
8653,-4.300000000000001,0,4,3,1,0.5674883655738086,,741.7
8654,-4.300000000000001,0,4,3,1,0.5674883655738086,,741.8
8655,-2.3000000000000003,0,4,3,1,0.5674883655738086,,741.8
8656,-4.300000000000001,0,4,3,1,0.5674883655738086,,741.9
8657,5.7,1,4,3,1,0.5674883655738086,,741.9
8658,-2.3000000000000003,0,4,3,1,0.5674883655738086,,742.0
8659,-4.300000000000001,0,4,3,1,0.5674883655738086,,742.1
8660,-4.300000000000001,0,4,3,1,0.5674883655738086,,742.1
8661,5.7,1,4,3,1,0.5674883655738086,,742.2
8662,-4.300000000000001,0,4,3,1,0.5674883655738086,,742.3
8663,-2.3000000000000003,0,4,3,1,0.5674883655738086,,742.4
8664,-4.300000000000001,0,4,3,1,0.5674883655738086,,742.4
8665,-0.30000000000000004,0,4,3,1,0.5674883655738086,,742.5
8666,5.7,1,4,3,1,0.5674883655738086,,742.6
8667,-0.30000000000000004,0,4,3,1,0.5674883655738086,,742.6
8668,-4.300000000000001,0,4,3,1,0.5674883655738086,,742.7
8669,-4.300000000000001,0,4,3,1,0.5674883655738086,,742.8
8670,-4.300000000000001,0,4,3,1,0.5674883655738086,,742.8
8671,5.7,1,4,3,1,0.5674883655738086,,742.9
8672,5.7,1,4,3,1,0.5674883655738086,,742.9
8673,-4.300000000000001,0,4,3,1,0.5674883655738086,,743.0
8674,-4.300000000000001,0,4,3,1,0.5674883655738086,,743.0
8675,-2.3000000000000003,0,4,3,1,0.5674883655738086,,743.1
8676,-0.30000000000000004,0,4,3,1,0.5674883655738086,,743.1
8677,-4.300000000000001,0,4,3,1,0.5674883655738086,,743.2
8678,-0.30000000000000004,0,4,3,1,0.5674883655738086,,743.3
8679,-5.6000000000000005,0,6,3,1,0.5674883655738086,,743.3
8680,5.7,1,4,3,1,0.5674883655738086,,743.4
8681,-5.4,0,5,4,1,0.5674883655738086,,743.4
8682,5.7,1,4,3,1,0.5674883655738086,,743.4
8683,-0.30000000000000004,0,4,3,1,0.5674883655738086,,743.5
8684,-2.3000000000000003,0,4,3,1,0.5674883655738086,,743.6
8685,-4.300000000000001,0,4,3,1,0.5674883655738086,,743.6
8686,-4.300000000000001,0,4,3,1,0.5674883655738086,,743.7
8687,-0.30000000000000004,0,4,3,1,0.5674883655738086,,743.8
8688,5.7,1,4,3,1,0.5674883655738086,,743.8
8689,-4.300000000000001,0,4,3,1,0.5674883655738086,,743.9
8690,-4.300000000000001,0,4,3,1,0.5674883655738086,,744.0
8691,-4.300000000000001,0,4,3,1,0.5674883655738086,,744.0
8692,-2.3000000000000003,0,4,3,1,0.5674883655738086,,744.1
8693,-4.300000000000001,0,4,3,1,0.5674883655738086,,744.2
8694,-4.300000000000001,0,4,3,1,0.5674883655738086,,744.2
8695,-0.30000000000000004,0,4,3,1,0.5674883655738086,,744.3
8696,-4.300000000000001,0,4,3,1,0.5674883655738086,,744.3
8697,-2.3000000000000003,0,4,3,1,0.5674883655738086,,744.4
8698,-4.300000000000001,0,4,3,1,0.5674883655738086,,744.4
8699,-0.30000000000000004,0,4,3,1,0.5674883655738086,,744.5
8700,-4.300000000000001,0,4,3,1,0.5674883655738086,,744.5
8701,5.7,1,4,3,1,0.5674883655738086,,744.6
8702,-4.300000000000001,0,4,3,1,0.5674883655738086,,744.7
8703,-0.30000000000000004,0,4,3,1,0.5674883655738086,,744.7
8704,-4.300000000000001,0,4,3,1,0.5674883655738086,,744.8
8705,-4.300000000000001,0,4,3,1,0.5674883655738086,,744.8
8706,-4.300000000000001,0,4,3,1,0.5674883655738086,,744.9
8707,-4.300000000000001,0,4,3,1,0.5674883655738086,,744.9
8708,-5.700000000000001,0,7,4,1,0.5674883655738086,,745.0
8709,-4.300000000000001,0,4,3,1,0.5674883655738086,,745.1
8710,-4.300000000000001,0,4,3,1,0.5674883655738086,,745.1
8711,-4.300000000000001,0,4,3,1,0.5674883655738086,,745.2
8712,5.7,1,4,3,1,0.5674883655738086,,745.3
8713,-2.3000000000000003,0,4,3,1,0.5674883655738086,,745.4
8714,-4.300000000000001,0,4,3,1,0.5674883655738086,,745.4
8715,-2.3000000000000003,0,4,3,1,0.5674883655738086,,745.5
8716,-4.300000000000001,0,4,3,1,0.5674883655738086,,745.5
8717,-4.300000000000001,0,4,3,1,0.5674883655738086,,745.6
8718,-4.300000000000001,0,4,3,1,0.5674883655738086,,745.6
8719,5.7,1,4,3,1,0.5674883655738086,,745.6
8720,-4.300000000000001,0,4,3,1,0.5674883655738086,,745.7
8721,-0.30000000000000004,0,4,3,1,0.5674883655738086,,745.8
8722,-2.3000000000000003,0,4,3,1,0.5674883655738086,,745.9
8723,-0.30000000000000004,0,4,3,1,0.5674883655738086,,746.0
8724,-4.300000000000001,0,4,3,1,0.5674883655738086,,746.0
8725,-4.300000000000001,0,4,3,1,0.5674883655738086,,746.1
8726,5.7,1,4,3,1,0.5674883655738086,,746.1
8727,-0.30000000000000004,0,4,3,1,0.5674883655738086,,746.2
8728,-2.3000000000000003,0,4,3,1,0.5674883655738086,,746.2
8729,-2.6,0,6,3,1,0.5674883655738086,,746.2
8730,-4.300000000000001,0,4,3,1,0.5674883655738086,,746.3
8731,-0.30000000000000004,0,4,3,1,0.5674883655738086,,746.4
8732,-2.3000000000000003,0,4,3,1,0.5674883655738086,,746.5
8733,-4.300000000000001,0,4,3,1,0.5674883655738086,,746.5
8734,-2.3000000000000003,0,4,3,1,0.5674883655738086,,746.6
8735,-4.300000000000001,0,4,3,1,0.5674883655738086,,746.7
8736,-4.300000000000001,0,4,3,1,0.5674883655738086,,746.7
8737,-0.30000000000000004,0,4,3,1,0.5674883655738086,,746.8
8738,-2.3000000000000003,0,4,3,1,0.5674883655738086,,746.9
8739,-2.3000000000000003,0,4,3,1,0.5674883655738086,,746.9
8740,5.7,1,4,3,1,0.5674883655738086,,746.9
8741,-4.300000000000001,0,4,3,1,0.5674883655738086,,747.0
8742,-4.300000000000001,0,4,3,1,0.5674883655738086,,747.1
8743,-4.300000000000001,0,4,3,1,0.5674883655738086,,747.1
8744,5.7,1,4,3,1,0.5674883655738086,,747.2
8745,-0.30000000000000004,0,4,3,1,0.5674883655738086,,747.2
8746,-4.300000000000001,0,4,3,1,0.5674883655738086,,747.3
8747,-2.3000000000000003,0,4,3,1,0.5674883655738086,,747.4
8748,-0.30000000000000004,0,4,3,1,0.5674883655738086,,747.4
8749,5.7,1,4,3,1,0.5674883655738086,,747.5
8750,-4.300000000000001,0,4,3,1,0.5674883655738086,,747.5
8751,-4.300000000000001,0,4,3,1,0.5674883655738086,,747.6
8752,-2.3000000000000003,0,4,3,1,0.5674883655738086,,747.6
8753,5.7,1,4,3,1,0.5674883655738086,,747.7
8754,-0.30000000000000004,0,4,3,1,0.5674883655738086,,747.8
8755,-4.300000000000001,0,4,3,1,0.5674883655738086,,747.9
8756,-4.300000000000001,0,4,3,1,0.5674883655738086,,748.0
8757,-0.30000000000000004,0,4,3,1,0.5674883655738086,,748.0
8758,-4.300000000000001,0,4,3,1,0.5674883655738086,,748.1
8759,-4.300000000000001,0,4,3,1,0.5674883655738086,,748.2
8760,-4.300000000000001,0,4,3,1,0.5674883655738086,,748.2
8761,5.7,1,4,3,1,0.5674883655738086,,748.3
8762,-4.300000000000001,0,4,3,1,0.5674883655738086,,748.4
8763,5.7,1,4,3,1,0.5674883655738086,,748.4
8764,-2.3000000000000003,0,4,3,1,0.5674883655738086,,748.5
8765,-4.300000000000001,0,4,3,1,0.5674883655738086,,748.5
8766,-4.300000000000001,0,4,3,1,0.5674883655738086,,748.6
8767,-4.300000000000001,0,4,3,1,0.5674883655738086,,748.7
8768,-0.30000000000000004,0,4,3,1,0.5674883655738086,,748.7
8769,-2.3000000000000003,0,4,3,1,0.5674883655738086,,748.8
8770,-0.30000000000000004,0,4,3,1,0.5674883655738086,,748.8
8771,-4.300000000000001,0,4,3,1,0.5674883655738086,,748.9
8772,-4.300000000000001,0,4,3,1,0.5674883655738086,,748.9
8773,-4.300000000000001,0,4,3,1,0.5674883655738086,,749.0
8774,-2.3000000000000003,0,4,3,1,0.5674883655738086,,749.0
8775,-4.300000000000001,0,4,3,1,0.5674883655738086,,749.0
8776,-2.3000000000000003,0,4,3,1,0.5674883655738086,,749.1
8777,5.7,1,4,3,1,0.5674883655738086,,749.2
8778,-4.300000000000001,0,4,3,1,0.5674883655738086,,749.2
8779,-4.300000000000001,0,4,3,1,0.5674883655738086,,749.3
8780,-0.30000000000000004,0,4,3,1,0.5674883655738086,,749.3
8781,-4.300000000000001,0,4,3,1,0.5674883655738086,,749.4
8782,-4.300000000000001,0,4,3,1,0.5674883655738086,,749.4
8783,-2.3000000000000003,0,4,3,1,0.5674883655738086,,749.5
8784,5.7,1,4,3,1,0.5674883655738086,,749.6
8785,5.7,1,4,3,1,0.5674883655738086,,749.6
8786,-4.300000000000001,0,4,3,1,0.5674883655738086,,749.7
8787,-4.300000000000001,0,4,3,1,0.5674883655738086,,749.7
8788,-4.300000000000001,0,4,3,1,0.5674883655738086,,749.8
8789,-4.300000000000001,0,4,3,1,0.5674883655738086,,749.9
8790,5.7,1,4,3,1,0.5674883655738086,,749.9
8791,-4.300000000000001,0,4,3,1,0.5674883655738086,,749.9
8792,-4.300000000000001,0,4,3,1,0.5674883655738086,,749.9
8793,5.7,1,4,3,1,0.5674883655738086,,750.0
8794,-4.300000000000001,0,4,3,1,0.5674883655738086,,750.1
8795,-4.300000000000001,0,4,3,1,0.5674883655738086,,750.1
8796,-4.300000000000001,0,4,3,1,0.5674883655738086,,750.2
8797,-4.300000000000001,0,4,3,1,0.5674883655738086,,750.3
8798,-4.300000000000001,0,4,3,1,0.5674883655738086,,750.4
8799,-4.300000000000001,0,4,3,1,0.5674883655738086,,750.4
8800,-2.3000000000000003,0,4,3,1,0.5674883655738086,,750.5
8801,-0.30000000000000004,0,4,3,1,0.5674883655738086,,750.6
8802,-0.30000000000000004,0,4,3,1,0.5674883655738086,,750.6
8803,5.7,1,4,3,1,0.5674883655738086,,750.7
8804,-2.3000000000000003,0,4,3,1,0.5674883655738086,,750.8
8805,-4.300000000000001,0,4,3,1,0.5674883655738086,,750.8
8806,-4.300000000000001,0,4,3,1,0.5674883655738086,,750.9
8807,-4.300000000000001,0,4,3,1,0.5674883655738086,,751.0
8808,5.7,1,4,3,1,0.5674883655738086,,751.0
8809,-4.300000000000001,0,4,3,1,0.5674883655738086,,751.1
8810,-2.3000000000000003,0,4,3,1,0.5674883655738086,,751.2
8811,-0.30000000000000004,0,4,3,1,0.5674883655738086,,751.2
8812,-4.300000000000001,0,4,3,1,0.5674883655738086,,751.2
8813,-0.30000000000000004,0,4,3,1,0.5674883655738086,,751.3
8814,-0.30000000000000004,0,4,3,1,0.5674883655738086,,751.4
8815,-4.300000000000001,0,4,3,1,0.5674883655738086,,751.4
8816,-4.300000000000001,0,4,3,1,0.5674883655738086,,751.5
8817,-4.300000000000001,0,4,3,1,0.5674883655738086,,751.5
8818,-4.300000000000001,0,4,3,1,0.5674883655738086,,751.6
8819,-4.300000000000001,0,4,3,1,0.5674883655738086,,751.7
8820,-4.300000000000001,0,4,3,1,0.5674883655738086,,751.7
8821,5.7,1,4,3,1,0.5674883655738086,,751.8
8822,-4.9,0,8,3,1,0.5674883655738086,,751.9
8823,-4.300000000000001,0,4,3,1,0.5674883655738086,,751.9
8824,-4.300000000000001,0,4,3,1,0.5674883655738086,,752.0
8825,-4.300000000000001,0,4,3,1,0.5674883655738086,,752.1
8826,-2.3000000000000003,0,4,3,1,0.5674883655738086,,752.1
8827,-4.300000000000001,0,4,3,1,0.5674883655738086,,752.2
8828,-4.300000000000001,0,4,3,1,0.5674883655738086,,752.3
8829,-4.300000000000001,0,4,3,1,0.5674883655738086,,752.3
8830,-4.300000000000001,0,4,3,1,0.5674883655738086,,752.4
8831,-4.300000000000001,0,4,3,1,0.5674883655738086,,752.5
8832,-4.300000000000001,0,4,3,1,0.5674883655738086,,752.6
8833,-4.300000000000001,0,4,3,1,0.5674883655738086,,752.7
8834,-4.300000000000001,0,4,3,1,0.5674883655738086,,752.7
8835,-4.300000000000001,0,4,3,1,0.5674883655738086,,752.8
8836,-4.300000000000001,0,4,3,1,0.5674883655738086,,752.9
8837,-4.300000000000001,0,4,3,1,0.5674883655738086,,752.9
8838,-4.300000000000001,0,4,3,1,0.5674883655738086,,753.0
8839,-4.300000000000001,0,4,3,1,0.5674883655738086,,753.1
8840,-4.300000000000001,0,4,3,1,0.5674883655738086,,753.1
8841,-2.3000000000000003,0,4,3,1,0.5674883655738086,,753.2
8842,-0.30000000000000004,0,4,3,1,0.5674883655738086,,753.3
8843,-4.300000000000001,0,4,3,1,0.5674883655738086,,753.4
8844,-4.300000000000001,0,4,3,1,0.5674883655738086,,753.5
8845,-4.300000000000001,0,4,3,1,0.5674883655738086,,753.5
8846,-2.3000000000000003,0,4,3,1,0.5674883655738086,,753.6
8847,-4.300000000000001,0,4,3,1,0.5674883655738086,,753.6
8848,-2.3000000000000003,0,4,3,1,0.5674883655738086,,753.7
8849,5.7,1,4,3,1,0.5674883655738086,,753.8
8850,-4.300000000000001,0,4,3,1,0.5674883655738086,,753.8
8851,-4.300000000000001,0,4,3,1,0.5674883655738086,,753.9
8852,-0.30000000000000004,0,4,3,1,0.5674883655738086,,753.9
8853,5.7,1,4,3,1,0.5674883655738086,,754.0
8854,-4.300000000000001,0,4,3,1,0.5674883655738086,,754.1
8855,-4.300000000000001,0,4,3,1,0.5674883655738086,,754.1
8856,-2.3000000000000003,0,4,3,1,0.5674883655738086,,754.2
8857,-4.300000000000001,0,4,3,1,0.5674883655738086,,754.3
8858,-4.300000000000001,0,4,3,1,0.5674883655738086,,754.4
8859,-4.300000000000001,0,4,3,1,0.5674883655738086,,754.4
8860,-4.300000000000001,0,4,3,1,0.5674883655738086,,754.5
8861,-4.300000000000001,0,4,3,1,0.5674883655738086,,754.6
8862,-4.300000000000001,0,4,3,1,0.5674883655738086,,754.7
8863,5.7,1,4,3,1,0.5674883655738086,,754.7
8864,-4.300000000000001,0,4,3,1,0.5674883655738086,,754.8
8865,-4.300000000000001,0,4,3,1,0.5674883655738086,,754.8
8866,-4.300000000000001,0,4,3,1,0.5674883655738086,,754.9
8867,-4.300000000000001,0,4,3,1,0.5674883655738086,,754.9
8868,5.7,1,4,3,1,0.5674883655738086,,755.0
8869,-4.300000000000001,0,4,3,1,0.5674883655738086,,755.1
8870,-4.300000000000001,0,4,3,1,0.5674883655738086,,755.1
8871,-4.300000000000001,0,4,3,1,0.5674883655738086,,755.2
8872,-0.30000000000000004,0,4,3,1,0.5674883655738086,,755.3
8873,-4.300000000000001,0,4,3,1,0.5674883655738086,,755.3
8874,-0.30000000000000004,0,4,3,1,0.5674883655738086,,755.4
8875,-4.300000000000001,0,4,3,1,0.5674883655738086,,755.4
8876,-4.300000000000001,0,4,3,1,0.5674883655738086,,755.5
8877,-4.300000000000001,0,4,3,1,0.5674883655738086,,755.6
8878,-4.300000000000001,0,4,3,1,0.5674883655738086,,755.6
8879,-4.300000000000001,0,4,3,1,0.5674883655738086,,755.7
8880,-0.30000000000000004,0,4,3,1,0.5674883655738086,,755.8
8881,-2.3000000000000003,0,4,3,1,0.5674883655738086,,755.8
8882,-4.300000000000001,0,4,3,1,0.5674883655738086,,755.9
8883,5.7,1,4,3,1,0.5674883655738086,,755.9
8884,5.7,1,4,3,1,0.5674883655738086,,756.0
8885,-4.300000000000001,0,4,3,1,0.5674883655738086,,756.0
8886,5.7,1,4,3,1,0.5674883655738086,,756.1
8887,-4.300000000000001,0,4,3,1,0.5674883655738086,,756.1
8888,-2.3000000000000003,0,4,3,1,0.5674883655738086,,756.2
8889,-2.3000000000000003,0,4,3,1,0.5674883655738086,,756.2
8890,-0.30000000000000004,0,4,3,1,0.5674883655738086,,756.3
8891,-2.3000000000000003,0,4,3,1,0.5674883655738086,,756.3
8892,-4.300000000000001,0,4,3,1,0.5674883655738086,,756.4
8893,-4.300000000000001,0,4,3,1,0.5674883655738086,,756.4
8894,-4.300000000000001,0,4,3,1,0.5674883655738086,,756.4
8895,-2.3000000000000003,0,4,3,1,0.5674883655738086,,756.5
8896,5.7,1,4,3,1,0.5674883655738086,,756.6
8897,-4.300000000000001,0,4,3,1,0.5674883655738086,,756.6
8898,-2.6,0,6,3,1,0.5674883655738086,,756.7
8899,-4.300000000000001,0,4,3,1,0.5674883655738086,,756.8
8900,-2.3000000000000003,0,4,3,1,0.5674883655738086,,756.8
8901,-4.300000000000001,0,4,3,1,0.5674883655738086,,756.9
8902,-4.300000000000001,0,4,3,1,0.5674883655738086,,756.9
8903,-4.300000000000001,0,4,3,1,0.5674883655738086,,757.0
8904,-4.300000000000001,0,4,3,1,0.5674883655738086,,757.1
8905,-4.300000000000001,0,4,3,1,0.5674883655738086,,757.2
8906,-4.300000000000001,0,4,3,1,0.5674883655738086,,757.2
8907,-4.300000000000001,0,4,3,1,0.5674883655738086,,757.3
8908,-2.3000000000000003,0,4,3,1,0.5674883655738086,,757.3
8909,5.7,1,4,3,1,0.5674883655738086,,757.4
8910,-2.3000000000000003,0,4,3,1,0.5674883655738086,,757.4
8911,-4.300000000000001,0,4,3,1,0.5674883655738086,,757.5
8912,5.7,1,4,3,1,0.5674883655738086,,757.5
8913,-4.300000000000001,0,4,3,1,0.5674883655738086,,757.6
8914,5.7,1,4,3,1,0.5674883655738086,,757.6
8915,-4.300000000000001,0,4,3,1,0.5674883655738086,,757.7
8916,-4.300000000000001,0,4,3,1,0.5674883655738086,,757.7
8917,5.7,1,4,3,1,0.5674883655738086,,757.8
8918,-2.3000000000000003,0,4,3,1,0.5674883655738086,,757.9
8919,-4.300000000000001,0,4,3,1,0.5674883655738086,,758.0
8920,-4.300000000000001,0,4,3,1,0.5674883655738086,,758.0
8921,-0.30000000000000004,0,4,3,1,0.5674883655738086,,758.1
8922,-4.300000000000001,0,4,3,1,0.5674883655738086,,758.2
8923,-4.300000000000001,0,4,3,1,0.5674883655738086,,758.2
8924,-2.6,0,6,3,1,0.5674883655738086,,758.3
8925,-0.30000000000000004,0,4,3,1,0.5674883655738086,,758.4
8926,-4.300000000000001,0,4,3,1,0.5674883655738086,,758.5
8927,5.7,1,4,3,1,0.5674883655738086,,758.5
8928,5.7,1,4,3,1,0.5674883655738086,,758.6
8929,-0.30000000000000004,0,4,3,1,0.5674883655738086,,758.6
8930,-4.300000000000001,0,4,3,1,0.5674883655738086,,758.7
8931,-4.300000000000001,0,4,3,1,0.5674883655738086,,758.8
8932,5.7,1,4,3,1,0.5674883655738086,,758.8
8933,-4.300000000000001,0,4,3,1,0.5674883655738086,,758.9
8934,-4.300000000000001,0,4,3,1,0.5674883655738086,,759.0
8935,-4.300000000000001,0,4,3,1,0.5674883655738086,,759.0
8936,-4.300000000000001,0,4,3,1,0.5674883655738086,,759.1
8937,-4.300000000000001,0,4,3,1,0.5674883655738086,,759.2
8938,-4.300000000000001,0,4,3,1,0.5674883655738086,,759.2
8939,-4.300000000000001,0,4,3,1,0.5674883655738086,,759.3
8940,-4.300000000000001,0,4,3,1,0.5674883655738086,,759.3
8941,-2.3000000000000003,0,4,3,1,0.5674883655738086,,759.4
8942,-4.300000000000001,0,4,3,1,0.5674883655738086,,759.4
8943,-4.300000000000001,0,4,3,1,0.5674883655738086,,759.5
8944,5.7,1,4,3,1,0.5674883655738086,,759.6
8945,-4.300000000000001,0,4,3,1,0.5674883655738086,,759.6
8946,-4.300000000000001,0,4,3,1,0.5674883655738086,,759.7
8947,-4.300000000000001,0,4,3,1,0.5674883655738086,,759.8
8948,-2.3000000000000003,0,4,3,1,0.5674883655738086,,759.9
8949,-4.300000000000001,0,4,3,1,0.5674883655738086,,760.0
8950,-4.300000000000001,0,4,3,1,0.5674883655738086,,760.1
8951,-4.300000000000001,0,4,3,1,0.5674883655738086,,760.1
8952,-0.30000000000000004,0,4,3,1,0.5674883655738086,,760.2
8953,-4.300000000000001,0,4,3,1,0.5674883655738086,,760.3
8954,-4.300000000000001,0,4,3,1,0.5674883655738086,,760.3
8955,-4.300000000000001,0,4,3,1,0.5674883655738086,,760.4
8956,-4.300000000000001,0,4,3,1,0.5674883655738086,,760.4
8957,-4.300000000000001,0,4,3,1,0.5674883655738086,,760.5
8958,-4.300000000000001,0,4,3,1,0.5674883655738086,,760.6
8959,-4.300000000000001,0,4,3,1,0.5674883655738086,,760.6
8960,-4.300000000000001,0,4,3,1,0.5674883655738086,,760.7
8961,-4.300000000000001,0,4,3,1,0.5674883655738086,,760.8
8962,-4.300000000000001,0,4,3,1,0.5674883655738086,,760.8
8963,-4.300000000000001,0,4,3,1,0.5674883655738086,,760.9
8964,-4.300000000000001,0,4,3,1,0.5674883655738086,,761.0
8965,-4.300000000000001,0,4,3,1,0.5674883655738086,,761.1
8966,-4.300000000000001,0,4,3,1,0.5674883655738086,,761.1
8967,-0.30000000000000004,0,4,3,1,0.5674883655738086,,761.2
8968,-2.6,0,6,3,1,0.5674883655738086,,761.2
8969,-2.3000000000000003,0,4,3,1,0.5674883655738086,,761.3
8970,5.7,1,4,3,1,0.5674883655738086,,761.4
8971,-0.30000000000000004,0,4,3,1,0.5674883655738086,,761.4
8972,-4.300000000000001,0,4,3,1,0.5674883655738086,,761.5
8973,-4.300000000000001,0,4,3,1,0.5674883655738086,,761.5
8974,-4.300000000000001,0,4,3,1,0.5674883655738086,,761.6
8975,-4.300000000000001,0,4,3,1,0.5674883655738086,,761.7
8976,-4.300000000000001,0,4,3,1,0.5674883655738086,,761.8
8977,-4.300000000000001,0,4,3,1,0.5674883655738086,,761.8
8978,-4.300000000000001,0,4,3,1,0.5674883655738086,,761.9
8979,-3.6000000000000005,0,6,3,1,0.5674883655738086,,762.0
8980,5.7,1,4,3,1,0.5674883655738086,,762.1
8981,-4.300000000000001,0,4,3,1,0.5674883655738086,,762.1
8982,5.7,1,4,3,1,0.5674883655738086,,762.2
8983,-2.3000000000000003,0,4,3,1,0.5674883655738086,,762.3
8984,-4.6000000000000005,0,6,3,1,0.5674883655738086,,762.3
8985,-4.300000000000001,0,4,3,1,0.5674883655738086,,762.4
8986,-2.3000000000000003,0,4,3,1,0.5674883655738086,,762.4
8987,-4.300000000000001,0,4,3,1,0.5674883655738086,,762.5
8988,-0.30000000000000004,0,4,3,1,0.5674883655738086,,762.5
8989,-4.300000000000001,0,4,3,1,0.5674883655738086,,762.6
8990,-0.6000000000000001,0,6,3,1,0.5674883655738086,,762.6
8991,-2.3000000000000003,0,4,3,1,0.5674883655738086,,762.7
8992,-4.300000000000001,0,4,3,1,0.5674883655738086,,762.8
8993,-0.30000000000000004,0,4,3,1,0.5674883655738086,,762.8
8994,-4.300000000000001,0,4,3,1,0.5674883655738086,,762.9
8995,5.7,1,4,3,1,0.5674883655738086,,762.9
8996,-4.300000000000001,0,4,3,1,0.5674883655738086,,763.0
8997,-4.300000000000001,0,4,3,1,0.5674883655738086,,763.0
8998,-2.3000000000000003,0,4,3,1,0.5674883655738086,,763.1
8999,-2.3000000000000003,0,4,3,1,0.5674883655738086,,763.2
9000,-4.300000000000001,0,4,3,1,0.5674883655738086,,763.2
9001,5.7,1,4,3,1,0.5674883655738086,,768.2
9002,-4.300000000000001,0,4,3,1,0.5674883655738086,,768.3
9003,-4.300000000000001,0,4,3,1,0.5674883655738086,,768.3
9004,-4.6000000000000005,0,6,3,1,0.5674883655738086,,768.4
9005,-2.3000000000000003,0,4,3,1,0.5674883655738086,,768.4
9006,-4.300000000000001,0,4,3,1,0.5674883655738086,,768.5
9007,-4.300000000000001,0,4,3,1,0.5674883655738086,,768.5
9008,-4.300000000000001,0,4,3,1,0.5674883655738086,,768.6
9009,-4.300000000000001,0,4,3,1,0.5674883655738086,,768.7
9010,-4.300000000000001,0,4,3,1,0.5674883655738086,,768.8
9011,-2.3000000000000003,0,4,3,1,0.5674883655738086,,768.8
9012,-4.300000000000001,0,4,3,1,0.5674883655738086,,768.9
9013,-4.300000000000001,0,4,3,1,0.5674883655738086,,769.0
9014,-0.30000000000000004,0,4,3,1,0.5674883655738086,,769.1
9015,5.7,1,4,3,1,0.5674883655738086,,769.1
9016,-4.300000000000001,0,4,3,1,0.5674883655738086,,769.1
9017,-4.300000000000001,0,4,3,1,0.5674883655738086,,769.2
9018,-4.300000000000001,0,4,3,1,0.5674883655738086,,769.2
9019,-0.30000000000000004,0,4,3,1,0.5674883655738086,,769.3
9020,-4.300000000000001,0,4,3,1,0.5674883655738086,,769.3
9021,-4.300000000000001,0,4,3,1,0.5674883655738086,,769.4
9022,-2.3000000000000003,0,4,3,1,0.5674883655738086,,769.4
9023,-4.300000000000001,0,4,3,1,0.5674883655738086,,769.5
9024,-4.300000000000001,0,4,3,1,0.5674883655738086,,769.5
9025,5.7,1,4,3,1,0.5674883655738086,,769.6
9026,-4.300000000000001,0,4,3,1,0.5674883655738086,,769.7
9027,-2.3000000000000003,0,4,3,1,0.5674883655738086,,769.7
9028,-4.300000000000001,0,4,3,1,0.5674883655738086,,769.8
9029,-0.30000000000000004,0,4,3,1,0.5674883655738086,,769.8
9030,-4.300000000000001,0,4,3,1,0.5674883655738086,,769.9
9031,-2.3000000000000003,0,4,3,1,0.5674883655738086,,770.0
9032,-4.300000000000001,0,4,3,1,0.5674883655738086,,770.1
9033,-4.300000000000001,0,4,3,1,0.5674883655738086,,770.1
9034,5.7,1,4,3,1,0.5674883655738086,,770.2
9035,-4.300000000000001,0,4,3,1,0.5674883655738086,,770.2
9036,5.7,1,4,3,1,0.5674883655738086,,770.3
9037,-4.300000000000001,0,4,3,1,0.5674883655738086,,770.3
9038,5.7,1,4,3,1,0.5674883655738086,,770.4
9039,-4.300000000000001,0,4,3,1,0.5674883655738086,,770.5
9040,-4.300000000000001,0,4,3,1,0.5674883655738086,,770.5
9041,-4.300000000000001,0,4,3,1,0.5674883655738086,,770.6
9042,-4.300000000000001,0,4,3,1,0.5674883655738086,,770.7
9043,-2.3000000000000003,0,4,3,1,0.5674883655738086,,770.8
9044,-0.30000000000000004,0,4,3,1,0.5674883655738086,,770.8
9045,-0.30000000000000004,0,4,3,1,0.5674883655738086,,770.8
9046,-4.300000000000001,0,4,3,1,0.5674883655738086,,770.9
9047,-4.300000000000001,0,4,3,1,0.5674883655738086,,770.9
9048,5.7,1,4,3,1,0.5674883655738086,,771.0
9049,-4.300000000000001,0,4,3,1,0.5674883655738086,,771.1
9050,-2.3000000000000003,0,4,3,1,0.5674883655738086,,771.2
9051,-5.6000000000000005,0,6,3,1,0.5674883655738086,,771.3
9052,-0.30000000000000004,0,4,3,1,0.5674883655738086,,771.3
9053,-4.300000000000001,0,4,3,1,0.5674883655738086,,771.4
9054,-2.3000000000000003,0,4,3,1,0.5674883655738086,,771.4
9055,-4.300000000000001,0,4,3,1,0.5674883655738086,,771.5
9056,-4.300000000000001,0,4,3,1,0.5674883655738086,,771.6
9057,-4.300000000000001,0,4,3,1,0.5674883655738086,,771.6
9058,-2.3000000000000003,0,4,3,1,0.5674883655738086,,771.7
9059,-4.300000000000001,0,4,3,1,0.5674883655738086,,771.7
9060,-4.300000000000001,0,4,3,1,0.5674883655738086,,771.8
9061,-2.3000000000000003,0,4,3,1,0.5674883655738086,,771.9
9062,-4.300000000000001,0,4,3,1,0.5674883655738086,,771.9
9063,-4.300000000000001,0,4,3,1,0.5674883655738086,,772.0
9064,-4.300000000000001,0,4,3,1,0.5674883655738086,,772.1
9065,-4.300000000000001,0,4,3,1,0.5674883655738086,,772.1
9066,-4.300000000000001,0,4,3,1,0.5674883655738086,,772.2
9067,-2.3000000000000003,0,4,3,1,0.5674883655738086,,772.2
9068,-4.300000000000001,0,4,3,1,0.5674883655738086,,772.3
9069,-4.300000000000001,0,4,3,1,0.5674883655738086,,772.4
9070,-4.300000000000001,0,4,3,1,0.5674883655738086,,772.4
9071,-4.300000000000001,0,4,3,1,0.5674883655738086,,772.4
9072,-2.3000000000000003,0,4,3,1,0.5674883655738086,,772.5
9073,5.7,1,4,3,1,0.5674883655738086,,772.6
9074,-4.300000000000001,0,4,3,1,0.5674883655738086,,772.6
9075,-2.3000000000000003,0,4,3,1,0.5674883655738086,,772.6
9076,-4.300000000000001,0,4,3,1,0.5674883655738086,,772.7
9077,-4.300000000000001,0,4,3,1,0.5674883655738086,,772.7
9078,-4.300000000000001,0,4,3,1,0.5674883655738086,,772.8
9079,-4.300000000000001,0,4,3,1,0.5674883655738086,,772.8
9080,-0.30000000000000004,0,4,3,1,0.5674883655738086,,772.8
9081,5.7,1,4,3,1,0.5674883655738086,,772.9
9082,-4.300000000000001,0,4,3,1,0.5674883655738086,,773.0
9083,-0.30000000000000004,0,4,3,1,0.5674883655738086,,773.0
9084,-2.3000000000000003,0,4,3,1,0.5674883655738086,,773.1
9085,-2.3000000000000003,0,4,3,1,0.5674883655738086,,773.1
9086,-0.30000000000000004,0,4,3,1,0.5424588657915592,1.6209358666092157,773.8
9087,5.7,1,4,3,1,0.5424588657915592,,773.8
9088,-4.300000000000001,0,4,3,1,0.5424588657915592,,773.9
9089,-4.300000000000001,0,4,3,1,0.5424588657915592,,774.0
9090,5.7,1,4,3,1,0.5424588657915592,,774.1
9091,-4.300000000000001,0,4,3,1,0.5424588657915592,,774.1
9092,-2.3000000000000003,0,4,3,1,0.5424588657915592,,774.2
9093,-4.300000000000001,0,4,3,1,0.5424588657915592,,774.2
9094,-4.300000000000001,0,4,3,1,0.5424588657915592,,774.3
9095,-2.3000000000000003,0,4,3,1,0.5424588657915592,,774.4
9096,-4.300000000000001,0,4,3,1,0.5424588657915592,,774.5
9097,-4.300000000000001,0,4,3,1,0.5424588657915592,,774.5
9098,-4.300000000000001,0,4,3,1,0.5424588657915592,,774.5
9099,5.7,1,4,3,1,0.5424588657915592,,774.6
9100,-4.300000000000001,0,4,3,1,0.5424588657915592,,774.7
9101,5.7,1,4,3,1,0.5424588657915592,,774.7
9102,-4.300000000000001,0,4,3,1,0.5424588657915592,,774.8
9103,-4.300000000000001,0,4,3,1,0.5424588657915592,,774.8
9104,-0.30000000000000004,0,4,3,1,0.5424588657915592,,774.9
9105,-4.300000000000001,0,4,3,1,0.5424588657915592,,775.0
9106,-4.300000000000001,0,4,3,1,0.5424588657915592,,775.0
9107,-4.300000000000001,0,4,3,1,0.5424588657915592,,775.1
9108,-4.300000000000001,0,4,3,1,0.5424588657915592,,775.2
9109,-4.300000000000001,0,4,3,1,0.5424588657915592,,775.2
9110,-4.300000000000001,0,4,3,1,0.5424588657915592,,775.3
9111,-4.300000000000001,0,4,3,1,0.5424588657915592,,775.3
9112,-4.300000000000001,0,4,3,1,0.5424588657915592,,775.4
9113,-4.300000000000001,0,4,3,1,0.5424588657915592,,775.5
9114,-4.300000000000001,0,4,3,1,0.5424588657915592,,775.5
9115,-2.3000000000000003,0,4,3,1,0.5424588657915592,,775.5
9116,-4.300000000000001,0,4,3,1,0.5424588657915592,,775.6
9117,5.7,1,4,3,1,0.5424588657915592,,775.7
9118,5.7,1,4,3,1,0.5424588657915592,,775.8
9119,5.7,1,4,3,1,0.5424588657915592,,775.8
9120,-4.300000000000001,0,4,3,1,0.5424588657915592,,775.9
9121,-4.300000000000001,0,4,3,1,0.5424588657915592,,776.0
9122,-0.30000000000000004,0,4,3,1,0.5424588657915592,,776.0
9123,-2.3000000000000003,0,4,3,1,0.5424588657915592,,776.1
9124,-4.300000000000001,0,4,3,1,0.5424588657915592,,776.1
9125,5.7,1,4,3,1,0.5424588657915592,,776.1
9126,-4.300000000000001,0,4,3,1,0.5424588657915592,,776.2
9127,5.7,1,4,3,1,0.5424588657915592,,776.2
9128,-2.3000000000000003,0,4,3,1,0.5424588657915592,,776.3
9129,-4.300000000000001,0,4,3,1,0.5424588657915592,,776.4
9130,-0.30000000000000004,0,4,3,1,0.5424588657915592,,776.5
9131,-4.300000000000001,0,4,3,1,0.5424588657915592,,776.6
9132,-4.300000000000001,0,4,3,1,0.5424588657915592,,776.6
9133,-4.300000000000001,0,4,3,1,0.5424588657915592,,776.7
9134,-2.3000000000000003,0,4,3,1,0.5424588657915592,,776.7
9135,-4.300000000000001,0,4,3,1,0.5424588657915592,,776.8
9136,5.7,1,4,3,1,0.5424588657915592,,776.8
9137,-4.300000000000001,0,4,3,1,0.5424588657915592,,776.9
9138,-4.300000000000001,0,4,3,1,0.5424588657915592,,777.0
9139,-4.300000000000001,0,4,3,1,0.5424588657915592,,777.1
9140,-4.300000000000001,0,4,3,1,0.5424588657915592,,777.1
9141,-0.30000000000000004,0,4,3,1,0.5424588657915592,,777.2
9142,5.7,1,4,3,1,0.5424588657915592,,777.3
9143,-0.30000000000000004,0,4,3,1,0.5424588657915592,,777.3
9144,-4.300000000000001,0,4,3,1,0.5424588657915592,,777.4
9145,-4.300000000000001,0,4,3,1,0.5424588657915592,,777.5
9146,5.7,1,4,3,1,0.5424588657915592,,777.6
9147,5.7,1,4,3,1,0.5424588657915592,,777.6
9148,-0.30000000000000004,0,4,3,1,0.5424588657915592,,777.7
9149,-4.300000000000001,0,4,3,1,0.5424588657915592,,777.8
9150,-0.30000000000000004,0,4,3,1,0.5424588657915592,,777.9
9151,-2.3000000000000003,0,4,3,1,0.5424588657915592,,777.9
9152,-4.300000000000001,0,4,3,1,0.5424588657915592,,778.0
9153,-4.300000000000001,0,4,3,1,0.5424588657915592,,778.1
9154,-4.300000000000001,0,4,3,1,0.5424588657915592,,778.2
9155,-4.300000000000001,0,4,3,1,0.5424588657915592,,778.2
9156,-4.300000000000001,0,4,3,1,0.5424588657915592,,778.3
9157,-1.4000000000000001,0,5,4,1,0.5424588657915592,,778.4
9158,-4.300000000000001,0,4,3,1,0.5424588657915592,,778.4
9159,-0.30000000000000004,0,4,3,1,0.5424588657915592,,778.5
9160,5.7,1,4,3,1,0.5424588657915592,,778.5
9161,-4.300000000000001,0,4,3,1,0.5424588657915592,,778.6
9162,-4.300000000000001,0,4,3,1,0.5424588657915592,,778.7
9163,-2.3000000000000003,0,4,3,1,0.5424588657915592,,778.7
9164,-4.300000000000001,0,4,3,1,0.5424588657915592,,778.8
9165,-2.3000000000000003,0,4,3,1,0.5424588657915592,,778.9
9166,5.7,1,4,3,1,0.5424588657915592,,778.9
9167,-4.300000000000001,0,4,3,1,0.5424588657915592,,778.9
9168,-2.3000000000000003,0,4,3,1,0.5424588657915592,,779.0
9169,-4.300000000000001,0,4,3,1,0.5424588657915592,,779.1
9170,-4.300000000000001,0,4,3,1,0.5424588657915592,,779.2
9171,-4.300000000000001,0,4,3,1,0.5424588657915592,,779.2
9172,-4.300000000000001,0,4,3,1,0.5424588657915592,,779.3
9173,-0.30000000000000004,0,4,3,1,0.5424588657915592,,779.4
9174,-2.3000000000000003,0,4,3,1,0.5424588657915592,,779.4
9175,-5.6000000000000005,0,6,3,1,0.5424588657915592,,779.5
9176,-0.30000000000000004,0,4,3,1,0.5424588657915592,,779.6
9177,-4.300000000000001,0,4,3,1,0.5424588657915592,,779.6
9178,-4.300000000000001,0,4,3,1,0.5424588657915592,,779.6
9179,-4.300000000000001,0,4,3,1,0.5424588657915592,,779.7
9180,-4.300000000000001,0,4,3,1,0.5424588657915592,,779.8
9181,-4.300000000000001,0,4,3,1,0.5424588657915592,,779.9
9182,-4.300000000000001,0,4,3,1,0.5424588657915592,,779.9
9183,5.7,1,4,3,1,0.5424588657915592,,780.0
9184,5.7,1,4,3,1,0.5424588657915592,,780.0
9185,-4.300000000000001,0,4,3,1,0.5424588657915592,,780.1
9186,-2.3000000000000003,0,4,3,1,0.5424588657915592,,780.2
9187,-4.300000000000001,0,4,3,1,0.5424588657915592,,780.3
9188,-4.300000000000001,0,4,3,1,0.5424588657915592,,780.4
9189,-4.300000000000001,0,4,3,1,0.5424588657915592,,780.4
9190,-4.300000000000001,0,4,3,1,0.5424588657915592,,780.5
9191,-2.3000000000000003,0,4,3,1,0.5424588657915592,,780.5
9192,-0.30000000000000004,0,4,3,1,0.5424588657915592,,780.6
9193,-4.300000000000001,0,4,3,1,0.5424588657915592,,780.6
9194,-2.3000000000000003,0,4,3,1,0.5424588657915592,,780.7
9195,5.7,1,4,3,1,0.5424588657915592,,780.8
9196,-4.300000000000001,0,4,3,1,0.5424588657915592,,780.8
9197,-4.300000000000001,0,4,3,1,0.5424588657915592,,780.9
9198,-4.300000000000001,0,4,3,1,0.5424588657915592,,781.0
9199,5.7,1,4,3,1,0.5424588657915592,,781.0
9200,-4.300000000000001,0,4,3,1,0.5424588657915592,,781.1
9201,-4.300000000000001,0,4,3,1,0.5424588657915592,,781.2
9202,-4.300000000000001,0,4,3,1,0.5424588657915592,,781.3
9203,-2.3000000000000003,0,4,3,1,0.5424588657915592,,781.3
9204,-2.3000000000000003,0,4,3,1,0.5424588657915592,,781.4
9205,-4.300000000000001,0,4,3,1,0.5424588657915592,,781.4
9206,-2.3000000000000003,0,4,3,1,0.5424588657915592,,781.4
9207,-4.300000000000001,0,4,3,1,0.5424588657915592,,781.5
9208,-2.3000000000000003,0,4,3,1,0.5424588657915592,,781.6
9209,-4.300000000000001,0,4,3,1,0.5424588657915592,,781.6
9210,-4.300000000000001,0,4,3,1,0.5424588657915592,,781.7
9211,-4.300000000000001,0,4,3,1,0.5424588657915592,,781.8
9212,-4.300000000000001,0,4,3,1,0.5424588657915592,,781.8
9213,-4.300000000000001,0,4,3,1,0.5424588657915592,,781.9
9214,-4.300000000000001,0,4,3,1,0.5424588657915592,,782.0
9215,5.7,1,4,3,1,0.5424588657915592,,782.1
9216,-4.300000000000001,0,4,3,1,0.5424588657915592,,782.2
9217,-4.300000000000001,0,4,3,1,0.5424588657915592,,782.2
9218,-4.300000000000001,0,4,3,1,0.5424588657915592,,782.3
9219,-4.300000000000001,0,4,3,1,0.5424588657915592,,782.4
9220,-4.300000000000001,0,4,3,1,0.5424588657915592,,782.4
9221,-4.300000000000001,0,4,3,1,0.5424588657915592,,782.5
9222,-4.300000000000001,0,4,3,1,0.5424588657915592,,782.5
9223,-2.3000000000000003,0,4,3,1,0.5424588657915592,,782.5
9224,-4.300000000000001,0,4,3,1,0.5424588657915592,,782.6
9225,-0.30000000000000004,0,4,3,1,0.5424588657915592,,782.7
9226,-4.300000000000001,0,4,3,1,0.5424588657915592,,782.7
9227,-4.300000000000001,0,4,3,1,0.5424588657915592,,782.7
9228,5.7,1,4,3,1,0.5424588657915592,,782.8
9229,-4.300000000000001,0,4,3,1,0.5424588657915592,,782.8
9230,-4.300000000000001,0,4,3,1,0.5424588657915592,,782.9
9231,-4.300000000000001,0,4,3,1,0.5424588657915592,,783.0
9232,-4.300000000000001,0,4,3,1,0.5424588657915592,,783.1
9233,-4.300000000000001,0,4,3,1,0.5424588657915592,,783.2
9234,-4.300000000000001,0,4,3,1,0.5424588657915592,,783.2
9235,-4.300000000000001,0,4,3,1,0.5424588657915592,,783.3
9236,-4.300000000000001,0,4,3,1,0.5424588657915592,,783.4
9237,-4.300000000000001,0,4,3,1,0.5424588657915592,,783.4
9238,-0.30000000000000004,0,4,3,1,0.5424588657915592,,783.5
9239,5.7,1,4,3,1,0.5424588657915592,,783.6
9240,-4.300000000000001,0,4,3,1,0.5424588657915592,,783.6
9241,-2.3000000000000003,0,4,3,1,0.5424588657915592,,783.7
9242,-2.3000000000000003,0,4,3,1,0.5424588657915592,,783.7
9243,-0.30000000000000004,0,4,3,1,0.5424588657915592,,783.8
9244,5.7,1,4,3,1,0.5424588657915592,,783.8
9245,-4.300000000000001,0,4,3,1,0.5424588657915592,,784.0
9246,-2.3000000000000003,0,4,3,1,0.5424588657915592,,784.0
9247,-2.3000000000000003,0,4,3,1,0.5424588657915592,,784.0
9248,-4.300000000000001,0,4,3,1,0.5424588657915592,,784.1
9249,-4.300000000000001,0,4,3,1,0.5424588657915592,,784.2
9250,-4.300000000000001,0,4,3,1,0.5424588657915592,,784.2
9251,-4.300000000000001,0,4,3,1,0.5424588657915592,,784.3
9252,-4.300000000000001,0,4,3,1,0.5424588657915592,,784.3
9253,-4.300000000000001,0,4,3,1,0.5424588657915592,,784.4
9254,-4.300000000000001,0,4,3,1,0.5424588657915592,,784.5
9255,-4.300000000000001,0,4,3,1,0.5424588657915592,,784.5
9256,-2.3000000000000003,0,4,3,1,0.5424588657915592,,784.6
9257,-4.300000000000001,0,4,3,1,0.5424588657915592,,784.7
9258,-4.300000000000001,0,4,3,1,0.5424588657915592,,784.7
9259,5.7,1,4,3,1,0.5424588657915592,,784.8
9260,5.7,1,4,3,1,0.5424588657915592,,784.8
9261,-4.300000000000001,0,4,3,1,0.5424588657915592,,784.9
9262,-0.30000000000000004,0,4,3,1,0.5424588657915592,,785.0
9263,-0.30000000000000004,0,4,3,1,0.5424588657915592,,785.0
9264,-0.30000000000000004,0,4,3,1,0.5424588657915592,,785.1
9265,-4.300000000000001,0,4,3,1,0.5424588657915592,,785.1
9266,-2.3000000000000003,0,4,3,1,0.5424588657915592,,785.2
9267,-4.300000000000001,0,4,3,1,0.5424588657915592,,785.3
9268,-4.300000000000001,0,4,3,1,0.5424588657915592,,785.3
9269,-4.300000000000001,0,4,3,1,0.5424588657915592,,785.4
9270,-4.300000000000001,0,4,3,1,0.5424588657915592,,785.5
9271,-4.300000000000001,0,4,3,1,0.5424588657915592,,785.5
9272,-4.300000000000001,0,4,3,1,0.5424588657915592,,785.6
9273,-4.300000000000001,0,4,3,1,0.5424588657915592,,785.7
9274,-2.3000000000000003,0,4,3,1,0.5424588657915592,,785.7
9275,-0.30000000000000004,0,4,3,1,0.5424588657915592,,785.8
9276,-4.300000000000001,0,4,3,1,0.5424588657915592,,785.9
9277,-4.300000000000001,0,4,3,1,0.5424588657915592,,785.9
9278,-2.3000000000000003,0,4,3,1,0.5424588657915592,,786.0
9279,-2.3000000000000003,0,4,3,1,0.5424588657915592,,786.0
9280,5.7,1,4,3,1,0.5424588657915592,,786.1
9281,5.7,1,4,3,1,0.5424588657915592,,786.2
9282,5.7,1,4,3,1,0.5424588657915592,,786.2
9283,-4.300000000000001,0,4,3,1,0.5424588657915592,,786.3
9284,5.7,1,4,3,1,0.5424588657915592,,786.4
9285,-4.300000000000001,0,4,3,1,0.5424588657915592,,786.4
9286,-4.300000000000001,0,4,3,1,0.5424588657915592,,786.5
9287,-0.30000000000000004,0,4,3,1,0.5424588657915592,,786.5
9288,-4.300000000000001,0,4,3,1,0.5424588657915592,,786.6
9289,-2.3000000000000003,0,4,3,1,0.5424588657915592,,786.6
9290,-4.300000000000001,0,4,3,1,0.5424588657915592,,786.7
9291,5.7,1,4,3,1,0.5424588657915592,,786.7
9292,-0.30000000000000004,0,4,3,1,0.5424588657915592,,786.8
9293,-0.30000000000000004,0,4,3,1,0.5424588657915592,,786.8
9294,5.7,1,4,3,1,0.5424588657915592,,786.9
9295,-2.3000000000000003,0,4,3,1,0.5424588657915592,,786.9
9296,-4.300000000000001,0,4,3,1,0.5424588657915592,,787.0
9297,-2.3000000000000003,0,4,3,1,0.5424588657915592,,787.0
9298,-4.300000000000001,0,4,3,1,0.5424588657915592,,787.1
9299,-0.30000000000000004,0,4,3,1,0.5424588657915592,,787.1
9300,-4.300000000000001,0,4,3,1,0.5424588657915592,,787.2
9301,-4.300000000000001,0,4,3,1,0.5424588657915592,,787.3
9302,-0.30000000000000004,0,4,3,1,0.5424588657915592,,787.3
9303,-4.300000000000001,0,4,3,1,0.5424588657915592,,787.4
9304,-4.300000000000001,0,4,3,1,0.5424588657915592,,787.4
9305,-0.30000000000000004,0,4,3,1,0.5424588657915592,,787.5
9306,-4.300000000000001,0,4,3,1,0.5424588657915592,,787.6
9307,5.7,1,4,3,1,0.5424588657915592,,787.6
9308,-4.300000000000001,0,4,3,1,0.5424588657915592,,787.7
9309,-4.300000000000001,0,4,3,1,0.5424588657915592,,787.7
9310,-2.3000000000000003,0,4,3,1,0.5424588657915592,,787.8
9311,-2.3000000000000003,0,4,3,1,0.5424588657915592,,787.8
9312,-4.300000000000001,0,4,3,1,0.5424588657915592,,787.9
9313,-4.300000000000001,0,4,3,1,0.5424588657915592,,787.9
9314,-2.3000000000000003,0,4,3,1,0.5424588657915592,,788.0
9315,-4.300000000000001,0,4,3,1,0.5424588657915592,,788.1
9316,-4.300000000000001,0,4,3,1,0.5424588657915592,,788.1
9317,-0.30000000000000004,0,4,3,1,0.5424588657915592,,788.2
9318,-4.300000000000001,0,4,3,1,0.5424588657915592,,788.2
9319,-4.6000000000000005,0,6,3,1,0.5424588657915592,,788.3
9320,-4.300000000000001,0,4,3,1,0.5424588657915592,,788.3
9321,-4.300000000000001,0,4,3,1,0.5424588657915592,,788.4
9322,-4.300000000000001,0,4,3,1,0.5424588657915592,,788.4
9323,5.7,1,4,3,1,0.5424588657915592,,788.5
9324,-0.30000000000000004,0,4,3,1,0.5424588657915592,,788.6
9325,-4.300000000000001,0,4,3,1,0.5424588657915592,,788.6
9326,-0.30000000000000004,0,4,3,1,0.5424588657915592,,788.7
9327,-2.3000000000000003,0,4,3,1,0.5424588657915592,,788.7
9328,-0.30000000000000004,0,4,3,1,0.5424588657915592,,788.7
9329,-4.300000000000001,0,4,3,1,0.5424588657915592,,788.8
9330,-4.300000000000001,0,4,3,1,0.5424588657915592,,788.8
9331,-4.300000000000001,0,4,3,1,0.5424588657915592,,788.9
9332,-4.300000000000001,0,4,3,1,0.5424588657915592,,788.9
9333,-2.3000000000000003,0,4,3,1,0.5424588657915592,,789.0
9334,-4.300000000000001,0,4,3,1,0.5424588657915592,,789.1
9335,-0.30000000000000004,0,4,3,1,0.5424588657915592,,789.1
9336,-4.300000000000001,0,4,3,1,0.5424588657915592,,789.2
9337,-4.300000000000001,0,4,3,1,0.5424588657915592,,789.3
9338,-0.30000000000000004,0,4,3,1,0.5424588657915592,,789.4
9339,-5.4,0,5,4,1,0.5424588657915592,,789.5
9340,5.7,1,4,3,1,0.5424588657915592,,789.5
9341,-4.300000000000001,0,4,3,1,0.5424588657915592,,789.5
9342,5.7,1,4,3,1,0.5424588657915592,,789.6
9343,-2.3000000000000003,0,4,3,1,0.5424588657915592,,789.6
9344,-4.300000000000001,0,4,3,1,0.5424588657915592,,789.7
9345,-4.300000000000001,0,4,3,1,0.5424588657915592,,789.7
9346,-4.300000000000001,0,4,3,1,0.5424588657915592,,789.8
9347,-4.300000000000001,0,4,3,1,0.5424588657915592,,789.8
9348,-4.300000000000001,0,4,3,1,0.5424588657915592,,789.9
9349,5.7,1,4,3,1,0.5424588657915592,,789.9
9350,-4.300000000000001,0,4,3,1,0.5424588657915592,,790.0
9351,5.7,1,4,3,1,0.5424588657915592,,790.0
9352,5.7,1,4,3,1,0.5424588657915592,,790.1
9353,5.7,1,4,3,1,0.5424588657915592,,790.2
9354,5.7,1,4,3,1,0.5424588657915592,,790.2
9355,-4.300000000000001,0,4,3,1,0.5424588657915592,,790.3
9356,-4.300000000000001,0,4,3,1,0.5424588657915592,,790.3
9357,-4.300000000000001,0,4,3,1,0.5424588657915592,,790.4
9358,-4.300000000000001,0,4,3,1,0.5424588657915592,,790.5
9359,-4.300000000000001,0,4,3,1,0.5424588657915592,,790.5
9360,-4.300000000000001,0,4,3,1,0.5424588657915592,,790.6
9361,-4.300000000000001,0,4,3,1,0.5424588657915592,,790.7
9362,-2.3000000000000003,0,4,3,1,0.5424588657915592,,790.8
9363,-4.300000000000001,0,4,3,1,0.5424588657915592,,790.8
9364,-4.300000000000001,0,4,3,1,0.5424588657915592,,790.9
9365,-4.300000000000001,0,4,3,1,0.5424588657915592,,791.0
9366,-4.300000000000001,0,4,3,1,0.5424588657915592,,791.0
9367,-4.300000000000001,0,4,3,1,0.5424588657915592,,791.1
9368,-4.300000000000001,0,4,3,1,0.5424588657915592,,791.2
9369,5.7,1,4,3,1,0.5424588657915592,,791.2
9370,-4.300000000000001,0,4,3,1,0.5424588657915592,,791.3
9371,-2.3000000000000003,0,4,3,1,0.5424588657915592,,791.4
9372,-4.300000000000001,0,4,3,1,0.5424588657915592,,791.4
9373,-4.300000000000001,0,4,3,1,0.5424588657915592,,791.5
9374,-4.300000000000001,0,4,3,1,0.5424588657915592,,791.6
9375,-0.30000000000000004,0,4,3,1,0.5424588657915592,,791.7
9376,-0.30000000000000004,0,4,3,1,0.5424588657915592,,791.7
9377,-0.30000000000000004,0,4,3,1,0.5424588657915592,,791.8
9378,-4.300000000000001,0,4,3,1,0.5424588657915592,,791.9
9379,-4.300000000000001,0,4,3,1,0.5424588657915592,,792.0
9380,-4.300000000000001,0,4,3,1,0.5424588657915592,,792.0
9381,-4.300000000000001,0,4,3,1,0.5424588657915592,,792.1
9382,5.7,1,4,3,1,0.5424588657915592,,792.1
9383,-4.300000000000001,0,4,3,1,0.5424588657915592,,792.2
9384,-4.300000000000001,0,4,3,1,0.5424588657915592,,792.3
9385,-0.30000000000000004,0,4,3,1,0.5424588657915592,,792.3
9386,-4.300000000000001,0,4,3,1,0.5424588657915592,,792.4
9387,-4.300000000000001,0,4,3,1,0.5424588657915592,,792.5
9388,5.7,1,4,3,1,0.5424588657915592,,792.6
9389,-4.300000000000001,0,4,3,1,0.5424588657915592,,792.6
9390,-2.3000000000000003,0,4,3,1,0.5424588657915592,,792.7
9391,-0.30000000000000004,0,4,3,1,0.5424588657915592,,792.8
9392,-2.3000000000000003,0,4,3,1,0.5424588657915592,,792.8
9393,-2.3000000000000003,0,4,3,1,0.5424588657915592,,792.9
9394,5.7,1,4,3,1,0.5424588657915592,,793.0
9395,-4.300000000000001,0,4,3,1,0.5424588657915592,,793.0
9396,-4.300000000000001,0,4,3,1,0.5424588657915592,,793.1
9397,5.7,1,4,3,1,0.5424588657915592,,793.2
9398,-4.300000000000001,0,4,3,1,0.5424588657915592,,793.2
9399,-4.300000000000001,0,4,3,1,0.5424588657915592,,793.2
9400,-2.3000000000000003,0,4,3,1,0.5424588657915592,,793.3
9401,5.7,1,4,3,1,0.5424588657915592,,793.4
9402,5.7,1,4,3,1,0.5424588657915592,,793.4
9403,-4.300000000000001,0,4,3,1,0.5424588657915592,,793.5
9404,-4.300000000000001,0,4,3,1,0.5424588657915592,,793.5
9405,-4.300000000000001,0,4,3,1,0.5424588657915592,,793.6
9406,-4.300000000000001,0,4,3,1,0.5424588657915592,,793.7
9407,5.7,1,4,3,1,0.5424588657915592,,793.7
9408,-4.300000000000001,0,4,3,1,0.5424588657915592,,793.8
9409,5.7,1,4,3,1,0.5424588657915592,,793.8
9410,5.7,1,4,3,1,0.5424588657915592,,793.8
9411,-4.300000000000001,0,4,3,1,0.5424588657915592,,793.9
9412,-4.300000000000001,0,4,3,1,0.5424588657915592,,794.0
9413,-4.300000000000001,0,4,3,1,0.5424588657915592,,794.0
9414,-2.3000000000000003,0,4,3,1,0.5424588657915592,,794.1
9415,-4.300000000000001,0,4,3,1,0.5424588657915592,,794.1
9416,-2.3000000000000003,0,4,3,1,0.5424588657915592,,794.2
9417,-4.300000000000001,0,4,3,1,0.5424588657915592,,794.2
9418,5.7,1,4,3,1,0.5424588657915592,,794.3
9419,-4.300000000000001,0,4,3,1,0.5424588657915592,,794.3
9420,-4.300000000000001,0,4,3,1,0.5424588657915592,,794.4
9421,-4.300000000000001,0,4,3,1,0.5424588657915592,,794.4
9422,-4.300000000000001,0,4,3,1,0.5424588657915592,,794.5
9423,-4.300000000000001,0,4,3,1,0.5424588657915592,,794.6
9424,-4.300000000000001,0,4,3,1,0.5424588657915592,,794.6
9425,-4.300000000000001,0,4,3,1,0.5424588657915592,,794.7
9426,-4.300000000000001,0,4,3,1,0.5424588657915592,,794.8
9427,-4.300000000000001,0,4,3,1,0.5424588657915592,,794.8
9428,-0.30000000000000004,0,4,3,1,0.5424588657915592,,794.8
9429,5.7,1,4,3,1,0.5424588657915592,,794.9
9430,-2.3000000000000003,0,4,3,1,0.5424588657915592,,794.9
9431,-0.30000000000000004,0,4,3,1,0.5424588657915592,,795.0
9432,-0.30000000000000004,0,4,3,1,0.5424588657915592,,795.1
9433,-5.6000000000000005,0,6,3,1,0.5424588657915592,,795.1
9434,-4.300000000000001,0,4,3,1,0.5424588657915592,,795.2
9435,-3.4000000000000004,0,5,4,1,0.5424588657915592,,795.2
9436,5.7,1,4,3,1,0.5424588657915592,,795.3
9437,-4.300000000000001,0,4,3,1,0.5424588657915592,,795.4
9438,-4.300000000000001,0,4,3,1,0.5424588657915592,,795.5
9439,-2.3000000000000003,0,4,3,1,0.5424588657915592,,795.6
9440,-4.300000000000001,0,4,3,1,0.5424588657915592,,795.6
9441,-4.300000000000001,0,4,3,1,0.5424588657915592,,795.7
9442,5.7,1,4,3,1,0.5424588657915592,,795.8
9443,5.7,1,4,3,1,0.5424588657915592,,795.9
9444,-4.300000000000001,0,4,3,1,0.5424588657915592,,796.0
9445,5.7,1,4,3,1,0.5424588657915592,,796.0
9446,-4.300000000000001,0,4,3,1,0.5424588657915592,,796.0
9447,-4.300000000000001,0,4,3,1,0.5424588657915592,,796.1
9448,-5.4,0,5,4,1,0.5424588657915592,,796.1
9449,5.7,1,4,3,1,0.5424588657915592,,796.2
9450,-4.300000000000001,0,4,3,1,0.5424588657915592,,796.2
9451,-0.30000000000000004,0,4,3,1,0.5424588657915592,,796.3
9452,-4.300000000000001,0,4,3,1,0.5424588657915592,,796.4
9453,-4.300000000000001,0,4,3,1,0.5424588657915592,,796.4
9454,5.7,1,4,3,1,0.5424588657915592,,796.5
9455,5.7,1,4,3,1,0.5424588657915592,,796.5
9456,-2.3000000000000003,0,4,3,1,0.5424588657915592,,796.6
9457,-2.3000000000000003,0,4,3,1,0.5424588657915592,,796.7
9458,5.7,1,4,3,1,0.5424588657915592,,796.8
9459,-2.3000000000000003,0,4,3,1,0.5424588657915592,,796.9
9460,-0.30000000000000004,0,4,3,1,0.5424588657915592,,796.9
9461,-4.300000000000001,0,4,3,1,0.5424588657915592,,797.0
9462,-2.3000000000000003,0,4,3,1,0.5424588657915592,,797.0
9463,-4.300000000000001,0,4,3,1,0.5424588657915592,,797.1
9464,-4.300000000000001,0,4,3,1,0.5424588657915592,,797.2
9465,-4.300000000000001,0,4,3,1,0.5424588657915592,,797.2
9466,-0.30000000000000004,0,4,3,1,0.5424588657915592,,797.3
9467,-0.30000000000000004,0,4,3,1,0.5424588657915592,,797.4
9468,-4.300000000000001,0,4,3,1,0.5424588657915592,,797.4
9469,-4.300000000000001,0,4,3,1,0.5424588657915592,,797.5
9470,-0.30000000000000004,0,4,3,1,0.5424588657915592,,797.5
9471,-4.300000000000001,0,4,3,1,0.5424588657915592,,797.6
9472,-2.3000000000000003,0,4,3,1,0.5424588657915592,,797.7
9473,-4.300000000000001,0,4,3,1,0.5424588657915592,,797.7
9474,-4.300000000000001,0,4,3,1,0.5424588657915592,,797.8
9475,-4.300000000000001,0,4,3,1,0.5424588657915592,,797.9
9476,-0.30000000000000004,0,4,3,1,0.5424588657915592,,797.9
9477,-4.300000000000001,0,4,3,1,0.5424588657915592,,798.0
9478,-2.3000000000000003,0,4,3,1,0.5424588657915592,,798.0
9479,5.7,1,4,3,1,0.5424588657915592,,798.1
9480,5.7,1,4,3,1,0.5424588657915592,,798.1
9481,-3.4000000000000004,0,5,4,1,0.5424588657915592,,798.2
9482,-4.300000000000001,0,4,3,1,0.5424588657915592,,798.3
9483,-2.3000000000000003,0,4,3,1,0.5424588657915592,,798.4
9484,-4.300000000000001,0,4,3,1,0.5424588657915592,,798.4
9485,-0.30000000000000004,0,4,3,1,0.5424588657915592,,798.4
9486,-4.300000000000001,0,4,3,1,0.5424588657915592,,798.5
9487,-4.300000000000001,0,4,3,1,0.5424588657915592,,798.6
9488,-4.300000000000001,0,4,3,1,0.5424588657915592,,798.6
9489,-4.300000000000001,0,4,3,1,0.5424588657915592,,798.6
9490,5.7,1,4,3,1,0.5424588657915592,,798.7
9491,-0.30000000000000004,0,4,3,1,0.5424588657915592,,798.8
9492,-4.300000000000001,0,4,3,1,0.5424588657915592,,798.8
9493,-4.300000000000001,0,4,3,1,0.5424588657915592,,798.8
9494,5.7,1,4,3,1,0.5424588657915592,,798.9
9495,-4.300000000000001,0,4,3,1,0.5424588657915592,,799.0
9496,-2.3000000000000003,0,4,3,1,0.5424588657915592,,799.1
9497,5.7,1,4,3,1,0.5424588657915592,,799.1
9498,-2.3000000000000003,0,4,3,1,0.5424588657915592,,799.2
9499,-2.3000000000000003,0,4,3,1,0.5424588657915592,,799.3
9500,5.7,1,4,3,1,0.5424588657915592,,799.3
9501,-4.300000000000001,0,4,3,1,0.5424588657915592,,804.2
9502,-0.30000000000000004,0,4,3,1,0.5424588657915592,,804.2
9503,-2.3000000000000003,0,4,3,1,0.5424588657915592,,804.3
9504,5.7,1,4,3,1,0.5424588657915592,,804.4
9505,5.7,1,4,3,1,0.5424588657915592,,804.4
9506,-4.300000000000001,0,4,3,1,0.5424588657915592,,804.5
9507,-4.300000000000001,0,4,3,1,0.5424588657915592,,804.5
9508,-4.300000000000001,0,4,3,1,0.5424588657915592,,804.6
9509,-2.3000000000000003,0,4,3,1,0.5424588657915592,,804.7
9510,-2.3000000000000003,0,4,3,1,0.5424588657915592,,804.7
9511,-4.300000000000001,0,4,3,1,0.5424588657915592,,804.8
9512,-4.300000000000001,0,4,3,1,0.5424588657915592,,804.8
9513,5.7,1,4,3,1,0.5424588657915592,,804.9
9514,5.7,1,4,3,1,0.5424588657915592,,804.9
9515,-4.300000000000001,0,4,3,1,0.5424588657915592,,805.0
9516,-2.3000000000000003,0,4,3,1,0.5424588657915592,,805.1
9517,-0.30000000000000004,0,4,3,1,0.5424588657915592,,805.2
9518,-4.300000000000001,0,4,3,1,0.5424588657915592,,805.2
9519,5.7,1,4,3,1,0.5424588657915592,,805.3
9520,-4.300000000000001,0,4,3,1,0.5424588657915592,,805.3
9521,-4.300000000000001,0,4,3,1,0.5424588657915592,,805.4
9522,-0.30000000000000004,0,4,3,1,0.5424588657915592,,805.4
9523,-4.300000000000001,0,4,3,1,0.5424588657915592,,805.5
9524,-2.3000000000000003,0,4,3,1,0.5424588657915592,,805.5
9525,-4.300000000000001,0,4,3,1,0.5424588657915592,,805.5
9526,5.7,1,4,3,1,0.5424588657915592,,805.6
9527,5.7,1,4,3,1,0.5424588657915592,,805.7
9528,-4.300000000000001,0,4,3,1,0.5424588657915592,,805.7
9529,-4.300000000000001,0,4,3,1,0.5424588657915592,,805.8
9530,-0.30000000000000004,0,4,3,1,0.5424588657915592,,805.9
9531,-4.300000000000001,0,4,3,1,0.5424588657915592,,806.0
9532,-4.300000000000001,0,4,3,1,0.5424588657915592,,806.0
9533,-2.3000000000000003,0,4,3,1,0.5424588657915592,,806.1
9534,-2.3000000000000003,0,4,3,1,0.5424588657915592,,806.2
9535,-2.3000000000000003,0,4,3,1,0.5424588657915592,,806.3
9536,-2.3000000000000003,0,4,3,1,0.5424588657915592,,806.3
9537,-4.300000000000001,0,4,3,1,0.5424588657915592,,806.4
9538,-0.30000000000000004,0,4,3,1,0.5424588657915592,,806.4
9539,-4.300000000000001,0,4,3,1,0.5424588657915592,,806.5
9540,-4.300000000000001,0,4,3,1,0.5424588657915592,,806.6
9541,-2.3000000000000003,0,4,3,1,0.5424588657915592,,806.6
9542,-2.3000000000000003,0,4,3,1,0.5424588657915592,,806.7
9543,-4.300000000000001,0,4,3,1,0.5424588657915592,,806.7
9544,-4.6,0,6,3,1,0.5424588657915592,,806.8
9545,-4.300000000000001,0,4,3,1,0.5424588657915592,,806.9
9546,5.7,1,4,3,1,0.5424588657915592,,806.9
9547,5.7,1,4,3,1,0.5424588657915592,,807.0
9548,-4.300000000000001,0,4,3,1,0.5424588657915592,,807.1
9549,-4.300000000000001,0,4,3,1,0.5424588657915592,,807.1
9550,-4.300000000000001,0,4,3,1,0.5424588657915592,,807.1
9551,5.7,1,4,3,1,0.5424588657915592,,807.2
9552,5.7,1,4,3,1,0.5424588657915592,,807.2
9553,-2.3000000000000003,0,4,3,1,0.5424588657915592,,807.3
9554,5.7,1,4,3,1,0.5424588657915592,,807.4
9555,-2.3000000000000003,0,4,3,1,0.5424588657915592,,807.4
9556,-2.3000000000000003,0,4,3,1,0.5424588657915592,,807.5
9557,-0.30000000000000004,0,4,3,1,0.5424588657915592,,807.5
9558,-4.300000000000001,0,4,3,1,0.5424588657915592,,807.6
9559,-4.300000000000001,0,4,3,1,0.5424588657915592,,807.7
9560,-0.30000000000000004,0,4,3,1,0.5424588657915592,,807.7
9561,-2.3000000000000003,0,4,3,1,0.5424588657915592,,807.8
9562,-4.300000000000001,0,4,3,1,0.5424588657915592,,807.9
9563,-4.300000000000001,0,4,3,1,0.5424588657915592,,807.9
9564,-4.300000000000001,0,4,3,1,0.5424588657915592,,808.0
9565,-4.300000000000001,0,4,3,1,0.5424588657915592,,808.1
9566,-4.300000000000001,0,4,3,1,0.5424588657915592,,808.1
9567,-4.300000000000001,0,4,3,1,0.5424588657915592,,808.2
9568,5.7,1,4,3,1,0.5424588657915592,,808.2
9569,-4.300000000000001,0,4,3,1,0.5424588657915592,,808.3
9570,-4.300000000000001,0,4,3,1,0.5424588657915592,,808.3
9571,5.7,1,4,3,1,0.5424588657915592,,808.4
9572,-2.3000000000000003,0,4,3,1,0.5424588657915592,,808.5
9573,-4.300000000000001,0,4,3,1,0.5424588657915592,,808.5
9574,-4.300000000000001,0,4,3,1,0.5424588657915592,,808.6
9575,-4.300000000000001,0,4,3,1,0.5424588657915592,,808.6
9576,-0.30000000000000004,0,4,3,1,0.5424588657915592,,808.7
9577,-2.3000000000000003,0,4,3,1,0.5424588657915592,,808.7
9578,5.7,1,4,3,1,0.5424588657915592,,808.8
9579,-4.300000000000001,0,4,3,1,0.5424588657915592,,808.8
9580,-4.300000000000001,0,4,3,1,0.5424588657915592,,808.9
9581,-2.3000000000000003,0,4,3,1,0.5424588657915592,,808.9
9582,-4.300000000000001,0,4,3,1,0.5424588657915592,,809.0
9583,-4.300000000000001,0,4,3,1,0.5424588657915592,,809.1
9584,5.7,1,4,3,1,0.5424588657915592,,809.1
9585,-0.30000000000000004,0,4,3,1,0.5424588657915592,,809.2
9586,-4.300000000000001,0,4,3,1,0.5424588657915592,,809.2
9587,-0.30000000000000004,0,4,3,1,0.5424588657915592,,809.3
9588,-2.3000000000000003,0,4,3,1,0.5424588657915592,,809.4
9589,-2.3000000000000003,0,4,3,1,0.5424588657915592,,809.4
9590,-4.300000000000001,0,4,3,1,0.5424588657915592,,809.5
9591,-4.300000000000001,0,4,3,1,0.5424588657915592,,809.6
9592,-4.300000000000001,0,4,3,1,0.5424588657915592,,809.7
9593,5.7,1,4,3,1,0.5424588657915592,,809.7
9594,-0.6000000000000001,0,6,3,1,0.5412743089254946,1.7429102826863527,810.4
9595,-0.30000000000000004,0,4,3,1,0.5412743089254946,,810.4
9596,-2.3000000000000003,0,4,3,1,0.5412743089254946,,810.5
9597,5.4,1,6,3,1,0.5412743089254946,,810.6
9598,5.7,1,4,3,1,0.5412743089254946,,810.7
9599,-4.300000000000001,0,4,3,1,0.5412743089254946,,810.7
9600,-4.300000000000001,0,4,3,1,0.5412743089254946,,810.8
9601,-4.300000000000001,0,4,3,1,0.5412743089254946,,810.9
9602,-4.300000000000001,0,4,3,1,0.5412743089254946,,810.9
9603,-4.300000000000001,0,4,3,1,0.5412743089254946,,811.0
9604,-4.6000000000000005,0,6,3,1,0.5412743089254946,,811.0
9605,5.7,1,4,3,1,0.5412743089254946,,811.1
9606,5.7,1,4,3,1,0.5412743089254946,,811.2
9607,5.7,1,4,3,1,0.5412743089254946,,811.2
9608,-2.3000000000000003,0,4,3,1,0.5412743089254946,,811.2
9609,5.7,1,4,3,1,0.5412743089254946,,811.3
9610,-4.300000000000001,0,4,3,1,0.5412743089254946,,811.4
9611,-4.300000000000001,0,4,3,1,0.5412743089254946,,811.4
9612,5.7,1,4,3,1,0.5412743089254946,,811.5
9613,-4.300000000000001,0,4,3,1,0.5412743089254946,,811.5
9614,-2.3000000000000003,0,4,3,1,0.5412743089254946,,811.6
9615,5.7,1,4,3,1,0.5412743089254946,,811.6
9616,5.7,1,4,3,1,0.5412743089254946,,811.7
9617,-4.300000000000001,0,4,3,1,0.5412743089254946,,811.8
9618,5.7,1,4,3,1,0.5412743089254946,,811.8
9619,-2.3000000000000003,0,4,3,1,0.5412743089254946,,811.9
9620,-2.3000000000000003,0,4,3,1,0.5412743089254946,,811.9
9621,-4.300000000000001,0,4,3,1,0.5412743089254946,,812.0
9622,5.7,1,4,3,1,0.5412743089254946,,812.0
9623,-4.300000000000001,0,4,3,1,0.5412743089254946,,812.1
9624,-4.300000000000001,0,4,3,1,0.5412743089254946,,812.2
9625,5.7,1,4,3,1,0.5412743089254946,,812.2
9626,-4.300000000000001,0,4,3,1,0.5412743089254946,,812.3
9627,-4.300000000000001,0,4,3,1,0.5412743089254946,,812.3
9628,5.7,1,4,3,1,0.5412743089254946,,812.4
9629,-0.30000000000000004,0,4,3,1,0.5412743089254946,,812.5
9630,-2.3000000000000003,0,4,3,1,0.5412743089254946,,812.6
9631,-4.300000000000001,0,4,3,1,0.5412743089254946,,812.7
9632,-2.3000000000000003,0,4,3,1,0.5412743089254946,,812.7
9633,-4.300000000000001,0,4,3,1,0.5412743089254946,,812.8
9634,-2.3000000000000003,0,4,3,1,0.5412743089254946,,812.9
9635,-4.300000000000001,0,4,3,1,0.5412743089254946,,812.9
9636,-0.30000000000000004,0,4,3,1,0.5412743089254946,,812.9
9637,-0.30000000000000004,0,4,3,1,0.5412743089254946,,813.0
9638,-4.300000000000001,0,4,3,1,0.5412743089254946,,813.1
9639,-4.300000000000001,0,4,3,1,0.5412743089254946,,813.2
9640,-4.300000000000001,0,4,3,1,0.5412743089254946,,813.2
9641,-4.300000000000001,0,4,3,1,0.5412743089254946,,813.3
9642,-4.300000000000001,0,4,3,1,0.5412743089254946,,813.3
9643,5.7,1,4,3,1,0.5412743089254946,,813.3
9644,5.7,1,4,3,1,0.5412743089254946,,813.4
9645,-4.300000000000001,0,4,3,1,0.5412743089254946,,813.4
9646,-4.300000000000001,0,4,3,1,0.5412743089254946,,813.5
9647,-4.300000000000001,0,4,3,1,0.5412743089254946,,813.6
9648,-4.300000000000001,0,4,3,1,0.5412743089254946,,813.6
9649,-2.3000000000000003,0,4,3,1,0.5412743089254946,,813.7
9650,-4.300000000000001,0,4,3,1,0.5412743089254946,,813.8
9651,-2.3000000000000003,0,4,3,1,0.5412743089254946,,813.9
9652,-2.3000000000000003,0,4,3,1,0.5412743089254946,,813.9
9653,-2.3000000000000003,0,4,3,1,0.5412743089254946,,814.0
9654,-4.300000000000001,0,4,3,1,0.5412743089254946,,814.1
9655,-4.300000000000001,0,4,3,1,0.5412743089254946,,814.2
9656,-2.3000000000000003,0,4,3,1,0.5412743089254946,,814.2
9657,-4.300000000000001,0,4,3,1,0.5412743089254946,,814.2
9658,-4.300000000000001,0,4,3,1,0.5412743089254946,,814.3
9659,-4.300000000000001,0,4,3,1,0.5412743089254946,,814.4
9660,-2.3000000000000003,0,4,3,1,0.5412743089254946,,814.4
9661,-0.30000000000000004,0,4,3,1,0.5412743089254946,,814.5
9662,-4.300000000000001,0,4,3,1,0.5412743089254946,,814.6
9663,-2.3000000000000003,0,4,3,1,0.5412743089254946,,814.6
9664,-0.30000000000000004,0,4,3,1,0.5412743089254946,,814.6
9665,-0.30000000000000004,0,4,3,1,0.5412743089254946,,814.7
9666,-4.300000000000001,0,4,3,1,0.5412743089254946,,814.8
9667,-2.3000000000000003,0,4,3,1,0.5412743089254946,,814.8
9668,-4.300000000000001,0,4,3,1,0.5412743089254946,,814.9
9669,-0.30000000000000004,0,4,3,1,0.5412743089254946,,815.0
9670,-4.300000000000001,0,4,3,1,0.5412743089254946,,815.1
9671,-4.300000000000001,0,4,3,1,0.5412743089254946,,815.1
9672,5.7,1,4,3,1,0.5412743089254946,,815.2
9673,-4.300000000000001,0,4,3,1,0.5412743089254946,,815.3
9674,-0.30000000000000004,0,4,3,1,0.5412743089254946,,815.3
9675,-2.3000000000000003,0,4,3,1,0.5412743089254946,,815.4
9676,-4.300000000000001,0,4,3,1,0.5412743089254946,,815.4
9677,5.7,1,4,3,1,0.5412743089254946,,815.5
9678,-4.300000000000001,0,4,3,1,0.5412743089254946,,815.5
9679,-4.300000000000001,0,4,3,1,0.5412743089254946,,815.6
9680,5.7,1,4,3,1,0.5412743089254946,,815.7
9681,-2.3000000000000003,0,4,3,1,0.5412743089254946,,815.8
9682,-2.3000000000000003,0,4,3,1,0.5412743089254946,,815.8
9683,5.7,1,4,3,1,0.5412743089254946,,815.9
9684,-0.30000000000000004,0,4,3,1,0.5412743089254946,,815.9
9685,-4.300000000000001,0,4,3,1,0.5412743089254946,,816.0
9686,-4.300000000000001,0,4,3,1,0.5412743089254946,,816.1
9687,-4.300000000000001,0,4,3,1,0.5412743089254946,,816.2
9688,-2.3000000000000003,0,4,3,1,0.5412743089254946,,816.2
9689,-4.300000000000001,0,4,3,1,0.5412743089254946,,816.3
9690,-4.300000000000001,0,4,3,1,0.5412743089254946,,816.3
9691,-2.3000000000000003,0,4,3,1,0.5412743089254946,,816.4
9692,-0.30000000000000004,0,4,3,1,0.5412743089254946,,816.4
9693,-0.30000000000000004,0,4,3,1,0.5412743089254946,,816.5
9694,-4.300000000000001,0,4,3,1,0.5412743089254946,,816.6
9695,-4.300000000000001,0,4,3,1,0.5412743089254946,,816.6
9696,-4.300000000000001,0,4,3,1,0.5412743089254946,,816.7
9697,-2.3000000000000003,0,4,3,1,0.5412743089254946,,816.8
9698,-4.300000000000001,0,4,3,1,0.5412743089254946,,816.8
9699,5.7,1,4,3,1,0.5412743089254946,,816.9
9700,-4.300000000000001,0,4,3,1,0.5412743089254946,,816.9
9701,-4.300000000000001,0,4,3,1,0.5412743089254946,,817.0
9702,-4.300000000000001,0,4,3,1,0.5412743089254946,,817.1
9703,-4.300000000000001,0,4,3,1,0.5412743089254946,,817.1
9704,-0.30000000000000004,0,4,3,1,0.5412743089254946,,817.2
9705,-4.300000000000001,0,4,3,1,0.5412743089254946,,817.2
9706,-0.30000000000000004,0,4,3,1,0.5412743089254946,,817.2
9707,-0.30000000000000004,0,4,3,1,0.5412743089254946,,817.3
9708,-2.6,0,6,3,1,0.5412743089254946,,817.4
9709,-2.3000000000000003,0,4,3,1,0.5412743089254946,,817.4
9710,-4.300000000000001,0,4,3,1,0.5412743089254946,,817.5
9711,-4.300000000000001,0,4,3,1,0.5412743089254946,,817.6
9712,-2.3000000000000003,0,4,3,1,0.5412743089254946,,817.6
9713,-4.300000000000001,0,4,3,1,0.5412743089254946,,817.7
9714,-4.300000000000001,0,4,3,1,0.5412743089254946,,817.7
9715,-2.3000000000000003,0,4,3,1,0.5412743089254946,,817.8
9716,-4.300000000000001,0,4,3,1,0.5412743089254946,,817.9
9717,-0.30000000000000004,0,4,3,1,0.5412743089254946,,817.9
9718,-4.300000000000001,0,4,3,1,0.5412743089254946,,818.0
9719,5.7,1,4,3,1,0.5412743089254946,,818.1
9720,-0.30000000000000004,0,4,3,1,0.5412743089254946,,818.2
9721,-4.300000000000001,0,4,3,1,0.5412743089254946,,818.2
9722,-4.300000000000001,0,4,3,1,0.5412743089254946,,818.3
9723,-4.300000000000001,0,4,3,1,0.5412743089254946,,818.3
9724,5.7,1,4,3,1,0.5412743089254946,,818.4
9725,-4.300000000000001,0,4,3,1,0.5412743089254946,,818.5
9726,-4.300000000000001,0,4,3,1,0.5412743089254946,,818.5
9727,-4.300000000000001,0,4,3,1,0.5412743089254946,,818.6
9728,-4.300000000000001,0,4,3,1,0.5412743089254946,,818.6
9729,5.7,1,4,3,1,0.5412743089254946,,818.7
9730,-4.300000000000001,0,4,3,1,0.5412743089254946,,818.8
9731,-4.300000000000001,0,4,3,1,0.5412743089254946,,818.8
9732,-4.300000000000001,0,4,3,1,0.5412743089254946,,818.9
9733,-2.3000000000000003,0,4,3,1,0.5412743089254946,,819.0
9734,-4.300000000000001,0,4,3,1,0.5412743089254946,,819.1
9735,-2.3000000000000003,0,4,3,1,0.5412743089254946,,819.1
9736,-4.300000000000001,0,4,3,1,0.5412743089254946,,819.2
9737,-4.300000000000001,0,4,3,1,0.5412743089254946,,819.3
9738,-4.300000000000001,0,4,3,1,0.5412743089254946,,819.3
9739,-2.3000000000000003,0,4,3,1,0.5412743089254946,,819.4
9740,-4.300000000000001,0,4,3,1,0.5412743089254946,,819.4
9741,5.7,1,4,3,1,0.5412743089254946,,819.5
9742,5.7,1,4,3,1,0.5412743089254946,,819.5
9743,-0.30000000000000004,0,4,3,1,0.5412743089254946,,819.6
9744,-4.300000000000001,0,4,3,1,0.5412743089254946,,819.6
9745,-2.3000000000000003,0,4,3,1,0.5412743089254946,,819.7
9746,-4.300000000000001,0,4,3,1,0.5412743089254946,,819.7
9747,5.7,1,4,3,1,0.5412743089254946,,819.8
9748,-4.300000000000001,0,4,3,1,0.5412743089254946,,819.8
9749,-4.300000000000001,0,4,3,1,0.5412743089254946,,819.9
9750,-4.300000000000001,0,4,3,1,0.5412743089254946,,820.0
9751,-4.300000000000001,0,4,3,1,0.5412743089254946,,820.0
9752,-4.300000000000001,0,4,3,1,0.5412743089254946,,820.1
9753,-4.300000000000001,0,4,3,1,0.5412743089254946,,820.1
9754,-4.300000000000001,0,4,3,1,0.5412743089254946,,820.2
9755,-4.300000000000001,0,4,3,1,0.5412743089254946,,820.3
9756,-4.300000000000001,0,4,3,1,0.5412743089254946,,820.3
9757,-4.300000000000001,0,4,3,1,0.5412743089254946,,820.4
9758,-4.300000000000001,0,4,3,1,0.5412743089254946,,820.4
9759,-4.300000000000001,0,4,3,1,0.5412743089254946,,820.5
9760,-5.4,0,5,4,1,0.5412743089254946,,820.6
9761,-4.300000000000001,0,4,3,1,0.5412743089254946,,820.6
9762,-0.30000000000000004,0,4,3,1,0.5412743089254946,,820.7
9763,-4.300000000000001,0,4,3,1,0.5412743089254946,,820.8
9764,-2.3000000000000003,0,4,3,1,0.5412743089254946,,820.8
9765,-4.300000000000001,0,4,3,1,0.5412743089254946,,820.9
9766,-4.300000000000001,0,4,3,1,0.5412743089254946,,821.0
9767,-4.300000000000001,0,4,3,1,0.5412743089254946,,821.1
9768,-4.300000000000001,0,4,3,1,0.5412743089254946,,821.1
9769,-0.30000000000000004,0,4,3,1,0.5412743089254946,,821.2
9770,5.7,1,4,3,1,0.5412743089254946,,821.3
9771,-4.300000000000001,0,4,3,1,0.5412743089254946,,821.3
9772,-4.300000000000001,0,4,3,1,0.5412743089254946,,821.4
9773,-0.30000000000000004,0,4,3,1,0.5412743089254946,,821.4
9774,-0.30000000000000004,0,4,3,1,0.5412743089254946,,821.5
9775,5.7,1,4,3,1,0.5412743089254946,,821.5
9776,-2.3000000000000003,0,4,3,1,0.5412743089254946,,821.5
9777,-4.300000000000001,0,4,3,1,0.5412743089254946,,821.6
9778,-4.300000000000001,0,4,3,1,0.5412743089254946,,821.7
9779,-4.300000000000001,0,4,3,1,0.5412743089254946,,821.7
9780,-4.300000000000001,0,4,3,1,0.5412743089254946,,821.8
9781,5.7,1,4,3,1,0.5412743089254946,,821.8
9782,5.7,1,4,3,1,0.5412743089254946,,821.9
9783,-4.300000000000001,0,4,3,1,0.5412743089254946,,822.0
9784,-4.300000000000001,0,4,3,1,0.5412743089254946,,822.0
9785,-0.30000000000000004,0,4,3,1,0.5412743089254946,,822.0
9786,-4.300000000000001,0,4,3,1,0.5412743089254946,,822.1
9787,5.7,1,4,3,1,0.5412743089254946,,822.2
9788,5.7,1,4,3,1,0.5412743089254946,,822.2
9789,-4.300000000000001,0,4,3,1,0.5412743089254946,,822.3
9790,-4.300000000000001,0,4,3,1,0.5412743089254946,,822.3
9791,-4.300000000000001,0,4,3,1,0.5412743089254946,,822.4
9792,-0.30000000000000004,0,4,3,1,0.5412743089254946,,822.4
9793,-4.300000000000001,0,4,3,1,0.5412743089254946,,822.5
9794,-4.300000000000001,0,4,3,1,0.5412743089254946,,822.5
9795,-4.300000000000001,0,4,3,1,0.5412743089254946,,822.6
9796,-0.30000000000000004,0,4,3,1,0.5412743089254946,,822.6
9797,5.7,1,4,3,1,0.5412743089254946,,822.7
9798,-2.3000000000000003,0,4,3,1,0.5412743089254946,,822.8
9799,-4.300000000000001,0,4,3,1,0.5412743089254946,,822.8
9800,5.7,1,4,3,1,0.5412743089254946,,822.8
9801,-0.30000000000000004,0,4,3,1,0.5412743089254946,,822.9
9802,-4.300000000000001,0,4,3,1,0.5412743089254946,,822.9
9803,-4.300000000000001,0,4,3,1,0.5412743089254946,,823.0
9804,-0.30000000000000004,0,4,3,1,0.5412743089254946,,823.1
9805,-4.6000000000000005,0,6,3,1,0.5412743089254946,,823.2
9806,-4.300000000000001,0,4,3,1,0.5412743089254946,,823.2
9807,-4.300000000000001,0,4,3,1,0.5412743089254946,,823.3
9808,-0.30000000000000004,0,4,3,1,0.5412743089254946,,823.3
9809,-4.300000000000001,0,4,3,1,0.5412743089254946,,823.4
9810,-4.300000000000001,0,4,3,1,0.5412743089254946,,823.4
9811,5.7,1,4,3,1,0.5412743089254946,,823.5
9812,-0.30000000000000004,0,4,3,1,0.5412743089254946,,823.6
9813,5.7,1,4,3,1,0.5412743089254946,,823.6
9814,-4.300000000000001,0,4,3,1,0.5412743089254946,,823.7
9815,-2.3000000000000003,0,4,3,1,0.5412743089254946,,823.7
9816,5.7,1,4,3,1,0.5412743089254946,,823.8
9817,-4.300000000000001,0,4,3,1,0.5412743089254946,,823.8
9818,5.7,1,4,3,1,0.5412743089254946,,823.9
9819,-4.300000000000001,0,4,3,1,0.5412743089254946,,824.0
9820,-4.300000000000001,0,4,3,1,0.5412743089254946,,824.0
9821,5.7,1,4,3,1,0.5412743089254946,,824.0
9822,-4.300000000000001,0,4,3,1,0.5412743089254946,,824.1
9823,-4.300000000000001,0,4,3,1,0.5412743089254946,,824.2
9824,-4.300000000000001,0,4,3,1,0.5412743089254946,,824.2
9825,5.7,1,4,3,1,0.5412743089254946,,824.3
9826,-4.300000000000001,0,4,3,1,0.5412743089254946,,824.3
9827,5.7,1,4,3,1,0.5412743089254946,,824.4
9828,-4.300000000000001,0,4,3,1,0.5412743089254946,,824.5
9829,-2.3000000000000003,0,4,3,1,0.5412743089254946,,824.5
9830,-4.300000000000001,0,4,3,1,0.5412743089254946,,824.6
9831,-4.300000000000001,0,4,3,1,0.5412743089254946,,824.6
9832,-4.300000000000001,0,4,3,1,0.5412743089254946,,824.7
9833,-0.30000000000000004,0,4,3,1,0.5412743089254946,,824.8
9834,-2.3000000000000003,0,4,3,1,0.5412743089254946,,824.8
9835,-4.300000000000001,0,4,3,1,0.5412743089254946,,824.9
9836,-2.3000000000000003,0,4,3,1,0.5412743089254946,,824.9
9837,-4.300000000000001,0,4,3,1,0.5412743089254946,,825.0
9838,-4.300000000000001,0,4,3,1,0.5412743089254946,,825.0
9839,-4.300000000000001,0,4,3,1,0.5412743089254946,,825.1
9840,-4.300000000000001,0,4,3,1,0.5412743089254946,,825.2
9841,-4.300000000000001,0,4,3,1,0.5412743089254946,,825.2
9842,-4.300000000000001,0,4,3,1,0.5412743089254946,,825.3
9843,-4.300000000000001,0,4,3,1,0.5412743089254946,,825.4
9844,-2.3000000000000003,0,4,3,1,0.5412743089254946,,825.4
9845,-0.30000000000000004,0,4,3,1,0.5412743089254946,,825.5
9846,5.7,1,4,3,1,0.5412743089254946,,825.6
9847,-4.300000000000001,0,4,3,1,0.5412743089254946,,825.6
9848,-4.300000000000001,0,4,3,1,0.5412743089254946,,825.7
9849,-4.300000000000001,0,4,3,1,0.5412743089254946,,825.8
9850,-0.30000000000000004,0,4,3,1,0.5412743089254946,,825.9
9851,-4.300000000000001,0,4,3,1,0.5412743089254946,,825.9
9852,-2.3000000000000003,0,4,3,1,0.5412743089254946,,826.0
9853,-0.30000000000000004,0,4,3,1,0.5412743089254946,,826.1
9854,-4.300000000000001,0,4,3,1,0.5412743089254946,,826.1
9855,-4.300000000000001,0,4,3,1,0.5412743089254946,,826.2
9856,-2.6,0,6,3,1,0.5412743089254946,,826.2
9857,5.4,1,6,3,1,0.5412743089254946,,826.3
9858,-0.30000000000000004,0,4,3,1,0.5412743089254946,,826.3
9859,-2.6,0,6,3,1,0.5412743089254946,,826.4
9860,-4.300000000000001,0,4,3,1,0.5412743089254946,,826.5
9861,5.7,1,4,3,1,0.5412743089254946,,826.5
9862,-4.300000000000001,0,4,3,1,0.5412743089254946,,826.6
9863,-0.30000000000000004,0,4,3,1,0.5412743089254946,,826.6
9864,-4.300000000000001,0,4,3,1,0.5412743089254946,,826.7
9865,-4.300000000000001,0,4,3,1,0.5412743089254946,,826.7
9866,-4.300000000000001,0,4,3,1,0.5412743089254946,,826.8
9867,-4.300000000000001,0,4,3,1,0.5412743089254946,,826.8
9868,-4.300000000000001,0,4,3,1,0.5412743089254946,,826.9
9869,-2.3000000000000003,0,4,3,1,0.5412743089254946,,826.9
9870,5.7,1,4,3,1,0.5412743089254946,,827.0
9871,-0.30000000000000004,0,4,3,1,0.5412743089254946,,827.0
9872,-4.300000000000001,0,4,3,1,0.5412743089254946,,827.0
9873,-4.300000000000001,0,4,3,1,0.5412743089254946,,827.1
9874,-0.6000000000000001,0,6,3,1,0.5412743089254946,,827.1
9875,-4.300000000000001,0,4,3,1,0.5412743089254946,,827.2
9876,-4.300000000000001,0,4,3,1,0.5412743089254946,,827.2
9877,-2.3000000000000003,0,4,3,1,0.5412743089254946,,827.3
9878,-4.300000000000001,0,4,3,1,0.5412743089254946,,827.3
9879,-2.3000000000000003,0,4,3,1,0.5412743089254946,,827.4
9880,-4.300000000000001,0,4,3,1,0.5412743089254946,,827.5
9881,-4.300000000000001,0,4,3,1,0.5412743089254946,,827.5
9882,-4.300000000000001,0,4,3,1,0.5412743089254946,,827.5
9883,-0.30000000000000004,0,4,3,1,0.5412743089254946,,827.6
9884,5.7,1,4,3,1,0.5412743089254946,,827.6
9885,-4.300000000000001,0,4,3,1,0.5412743089254946,,827.7
9886,-2.3000000000000003,0,4,3,1,0.5412743089254946,,827.8
9887,-4.300000000000001,0,4,3,1,0.5412743089254946,,827.8
9888,-0.30000000000000004,0,4,3,1,0.5412743089254946,,827.9
9889,-3.6000000000000005,0,6,3,1,0.5412743089254946,,827.9
9890,5.7,1,4,3,1,0.5412743089254946,,828.0
9891,5.7,1,4,3,1,0.5412743089254946,,828.1
9892,5.7,1,4,3,1,0.5412743089254946,,828.1
9893,-4.300000000000001,0,4,3,1,0.5412743089254946,,828.2
9894,5.7,1,4,3,1,0.5412743089254946,,828.3
9895,-2.3000000000000003,0,4,3,1,0.5412743089254946,,828.3
9896,-0.30000000000000004,0,4,3,1,0.5412743089254946,,828.4
9897,-4.300000000000001,0,4,3,1,0.5412743089254946,,828.4
9898,-4.300000000000001,0,4,3,1,0.5412743089254946,,828.5
9899,-4.300000000000001,0,4,3,1,0.5412743089254946,,828.5
9900,-4.300000000000001,0,4,3,1,0.5412743089254946,,828.6
9901,-4.300000000000001,0,4,3,1,0.5412743089254946,,828.6
9902,-4.6000000000000005,0,6,3,1,0.5412743089254946,,828.7
9903,-4.300000000000001,0,4,3,1,0.5412743089254946,,828.7
9904,-2.3000000000000003,0,4,3,1,0.5412743089254946,,828.8
9905,-4.300000000000001,0,4,3,1,0.5412743089254946,,828.8
9906,-2.3000000000000003,0,4,3,1,0.5412743089254946,,828.8
9907,-4.300000000000001,0,4,3,1,0.5412743089254946,,828.9
9908,5.7,1,4,3,1,0.5412743089254946,,828.9
9909,5.7,1,4,3,1,0.5412743089254946,,829.0
9910,-4.300000000000001,0,4,3,1,0.5412743089254946,,829.1
9911,-4.300000000000001,0,4,3,1,0.5412743089254946,,829.1
9912,-4.300000000000001,0,4,3,1,0.5412743089254946,,829.2
9913,5.7,1,4,3,1,0.5412743089254946,,829.2
9914,-4.300000000000001,0,4,3,1,0.5412743089254946,,829.3
9915,5.7,1,4,3,1,0.5412743089254946,,829.3
9916,-4.300000000000001,0,4,3,1,0.5412743089254946,,829.4
9917,-4.300000000000001,0,4,3,1,0.5412743089254946,,829.5
9918,-0.30000000000000004,0,4,3,1,0.5412743089254946,,829.5
9919,-4.6000000000000005,0,6,3,1,0.5412743089254946,,829.6
9920,-4.300000000000001,0,4,3,1,0.5412743089254946,,829.6
9921,-4.300000000000001,0,4,3,1,0.5412743089254946,,829.7
9922,-0.30000000000000004,0,4,3,1,0.5412743089254946,,829.8
9923,-0.30000000000000004,0,4,3,1,0.5412743089254946,,829.8
9924,-4.6000000000000005,0,6,3,1,0.5412743089254946,,829.9
9925,-4.300000000000001,0,4,3,1,0.5412743089254946,,829.9
9926,-4.300000000000001,0,4,3,1,0.5412743089254946,,830.0
9927,-4.300000000000001,0,4,3,1,0.5412743089254946,,830.0
9928,-2.3000000000000003,0,4,3,1,0.5412743089254946,,830.1
9929,-2.3000000000000003,0,4,3,1,0.5412743089254946,,830.2
9930,5.7,1,4,3,1,0.5412743089254946,,830.2
9931,-2.3000000000000003,0,4,3,1,0.5412743089254946,,830.3
9932,4.4,1,6,3,1,0.5412743089254946,,830.3
9933,5.7,1,4,3,1,0.5412743089254946,,830.4
9934,-4.300000000000001,0,4,3,1,0.5412743089254946,,830.5
9935,-4.300000000000001,0,4,3,1,0.5412743089254946,,830.5
9936,-4.300000000000001,0,4,3,1,0.5412743089254946,,830.6
9937,-4.300000000000001,0,4,3,1,0.5412743089254946,,830.6
9938,-4.300000000000001,0,4,3,1,0.5412743089254946,,830.7
9939,-2.3000000000000003,0,4,3,1,0.5412743089254946,,830.8
9940,5.7,1,4,3,1,0.5412743089254946,,830.8
9941,5.7,1,4,3,1,0.5412743089254946,,830.8
9942,-0.30000000000000004,0,4,3,1,0.5412743089254946,,830.9
9943,-4.300000000000001,0,4,3,1,0.5412743089254946,,830.9
9944,-4.300000000000001,0,4,3,1,0.5412743089254946,,831.0
9945,-4.300000000000001,0,4,3,1,0.5412743089254946,,831.1
9946,-4.300000000000001,0,4,3,1,0.5412743089254946,,831.2
9947,5.7,1,4,3,1,0.5412743089254946,,831.2
9948,-4.300000000000001,0,4,3,1,0.5412743089254946,,831.3
9949,-2.3000000000000003,0,4,3,1,0.5412743089254946,,831.3
9950,-4.300000000000001,0,4,3,1,0.5412743089254946,,831.4
9951,5.7,1,4,3,1,0.5412743089254946,,831.5
9952,-4.300000000000001,0,4,3,1,0.5412743089254946,,831.5
9953,-4.300000000000001,0,4,3,1,0.5412743089254946,,831.6
9954,-0.30000000000000004,0,4,3,1,0.5412743089254946,,831.6
9955,-4.300000000000001,0,4,3,1,0.5412743089254946,,831.7
9956,-2.3000000000000003,0,4,3,1,0.5412743089254946,,831.8
9957,-4.300000000000001,0,4,3,1,0.5412743089254946,,831.8
9958,5.7,1,4,3,1,0.5412743089254946,,831.9
9959,5.7,1,4,3,1,0.5412743089254946,,832.0
9960,-0.30000000000000004,0,4,3,1,0.5412743089254946,,832.1
9961,-4.300000000000001,0,4,3,1,0.5412743089254946,,832.1
9962,-4.300000000000001,0,4,3,1,0.5412743089254946,,832.2
9963,-4.300000000000001,0,4,3,1,0.5412743089254946,,832.3
9964,-2.3000000000000003,0,4,3,1,0.5412743089254946,,832.3
9965,5.7,1,4,3,1,0.5412743089254946,,832.4
9966,-4.300000000000001,0,4,3,1,0.5412743089254946,,832.4
9967,-4.300000000000001,0,4,3,1,0.5412743089254946,,832.4
9968,-4.300000000000001,0,4,3,1,0.5412743089254946,,832.5
9969,-4.300000000000001,0,4,3,1,0.5412743089254946,,832.6
9970,-4.300000000000001,0,4,3,1,0.5412743089254946,,832.6
9971,-2.6,0,6,3,1,0.5412743089254946,,832.7
9972,5.7,1,4,3,1,0.5412743089254946,,832.7
9973,5.7,1,4,3,1,0.5412743089254946,,832.7
9974,-4.300000000000001,0,4,3,1,0.5412743089254946,,832.8
9975,-0.30000000000000004,0,4,3,1,0.5412743089254946,,832.8
9976,-2.3000000000000003,0,4,3,1,0.5412743089254946,,832.9
9977,5.7,1,4,3,1,0.5412743089254946,,833.0
9978,-4.300000000000001,0,4,3,1,0.5412743089254946,,833.0
9979,-4.300000000000001,0,4,3,1,0.5412743089254946,,833.1
9980,-4.300000000000001,0,4,3,1,0.5412743089254946,,833.2
9981,-2.3000000000000003,0,4,3,1,0.5412743089254946,,833.2
9982,-4.300000000000001,0,4,3,1,0.5412743089254946,,833.3
9983,5.7,1,4,3,1,0.5412743089254946,,833.4
9984,-4.300000000000001,0,4,3,1,0.5412743089254946,,833.5
9985,-4.300000000000001,0,4,3,1,0.5412743089254946,,833.6
9986,-0.30000000000000004,0,4,3,1,0.5412743089254946,,833.6
9987,-4.300000000000001,0,4,3,1,0.5412743089254946,,833.7
9988,-2.3000000000000003,0,4,3,1,0.5412743089254946,,833.7
9989,-2.3000000000000003,0,4,3,1,0.5412743089254946,,833.8
9990,-4.300000000000001,0,4,3,1,0.5412743089254946,,833.9
9991,-4.300000000000001,0,4,3,1,0.5412743089254946,,833.9
9992,-5.6000000000000005,0,6,3,1,0.5412743089254946,,834.0
9993,-4.300000000000001,0,4,3,1,0.5412743089254946,,834.0
9994,-4.300000000000001,0,4,3,1,0.5412743089254946,,834.1
9995,-2.3000000000000003,0,4,3,1,0.5412743089254946,,834.2
9996,-0.30000000000000004,0,4,3,1,0.5412743089254946,,834.2
9997,-4.300000000000001,0,4,3,1,0.5412743089254946,,834.3
9998,-2.3000000000000003,0,4,3,1,0.5412743089254946,,834.3
9999,-4.300000000000001,0,4,3,1,0.5412743089254946,,834.4
10000,-4.300000000000001,0,4,3,1,0.5412743089254946,,834.4
10001,-4.300000000000001,0,4,3,1,0.5412743089254946,,839.6
10002,-2.3000000000000003,0,4,3,1,0.5412743089254946,,839.6
10003,-2.3000000000000003,0,4,3,1,0.5412743089254946,,839.6
10004,-0.30000000000000004,0,4,3,1,0.5412743089254946,,839.7
10005,-4.300000000000001,0,4,3,1,0.5412743089254946,,839.8
10006,-2.3000000000000003,0,4,3,1,0.5412743089254946,,839.9
10007,-0.30000000000000004,0,4,3,1,0.5412743089254946,,839.9
10008,-4.300000000000001,0,4,3,1,0.5412743089254946,,840.0
10009,-4.300000000000001,0,4,3,1,0.5412743089254946,,840.1
10010,-4.300000000000001,0,4,3,1,0.5412743089254946,,840.1
10011,-0.30000000000000004,0,4,3,1,0.5412743089254946,,840.2
10012,-4.300000000000001,0,4,3,1,0.5412743089254946,,840.3
10013,-4.300000000000001,0,4,3,1,0.5412743089254946,,840.3
10014,-2.3000000000000003,0,4,3,1,0.5412743089254946,,840.4
10015,-2.3000000000000003,0,4,3,1,0.5412743089254946,,840.4
10016,-4.300000000000001,0,4,3,1,0.5412743089254946,,840.5
10017,5.7,1,4,3,1,0.5412743089254946,,840.5
10018,5.7,1,4,3,1,0.5412743089254946,,840.6
10019,-4.300000000000001,0,4,3,1,0.5412743089254946,,840.7
10020,-4.300000000000001,0,4,3,1,0.5412743089254946,,840.8
10021,-0.30000000000000004,0,4,3,1,0.5412743089254946,,840.8
10022,-2.3000000000000003,0,4,3,1,0.5412743089254946,,840.9
10023,-4.300000000000001,0,4,3,1,0.5412743089254946,,840.9
10024,-4.300000000000001,0,4,3,1,0.5412743089254946,,841.0
10025,5.7,1,4,3,1,0.5412743089254946,,841.1
10026,-4.300000000000001,0,4,3,1,0.5412743089254946,,841.2
10027,-4.300000000000001,0,4,3,1,0.5412743089254946,,841.2
10028,-4.300000000000001,0,4,3,1,0.5412743089254946,,841.3
10029,5.7,1,4,3,1,0.5412743089254946,,841.4
10030,-5.4,0,5,4,1,0.5412743089254946,,841.4
10031,-4.300000000000001,0,4,3,1,0.5412743089254946,,841.5
10032,-4.300000000000001,0,4,3,1,0.5412743089254946,,841.6
10033,5.7,1,4,3,1,0.5412743089254946,,841.7
10034,5.7,1,4,3,1,0.5412743089254946,,841.7
10035,-0.30000000000000004,0,4,3,1,0.5412743089254946,,841.8
10036,5.7,1,4,3,1,0.5412743089254946,,841.8
10037,-4.300000000000001,0,4,3,1,0.5412743089254946,,841.9
10038,-4.300000000000001,0,4,3,1,0.5412743089254946,,841.9
10039,-2.3000000000000003,0,4,3,1,0.5412743089254946,,842.1
10040,-2.3000000000000003,0,4,3,1,0.5412743089254946,,842.1
10041,-2.3000000000000003,0,4,3,1,0.5412743089254946,,842.2
10042,-4.300000000000001,0,4,3,1,0.5412743089254946,,842.2
10043,5.7,1,4,3,1,0.5412743089254946,,842.3
10044,-0.30000000000000004,0,4,3,1,0.5412743089254946,,842.3
10045,-4.300000000000001,0,4,3,1,0.5412743089254946,,842.4
10046,5.7,1,4,3,1,0.5412743089254946,,842.4
10047,-2.3000000000000003,0,4,3,1,0.5412743089254946,,842.5
10048,-4.300000000000001,0,4,3,1,0.5412743089254946,,842.6
10049,-4.300000000000001,0,4,3,1,0.5412743089254946,,842.7
10050,5.7,1,4,3,1,0.5412743089254946,,842.7
10051,-4.300000000000001,0,4,3,1,0.5412743089254946,,842.7
10052,5.7,1,4,3,1,0.5412743089254946,,842.8
10053,-4.300000000000001,0,4,3,1,0.5412743089254946,,842.9
10054,-2.3000000000000003,0,4,3,1,0.5412743089254946,,843.0
10055,-4.300000000000001,0,4,3,1,0.5412743089254946,,843.0
10056,5.7,1,4,3,1,0.5412743089254946,,843.1
10057,-4.300000000000001,0,4,3,1,0.5412743089254946,,843.2
10058,-2.3000000000000003,0,4,3,1,0.5412743089254946,,843.2
10059,-4.300000000000001,0,4,3,1,0.5412743089254946,,843.3
10060,-2.3000000000000003,0,4,3,1,0.5412743089254946,,843.4
10061,-4.300000000000001,0,4,3,1,0.5412743089254946,,843.5
10062,-4.300000000000001,0,4,3,1,0.5412743089254946,,843.5
10063,-4.300000000000001,0,4,3,1,0.5412743089254946,,843.6
10064,-4.300000000000001,0,4,3,1,0.5412743089254946,,843.7
10065,-4.300000000000001,0,4,3,1,0.5412743089254946,,843.7
10066,-4.300000000000001,0,4,3,1,0.5412743089254946,,843.8
10067,-4.300000000000001,0,4,3,1,0.5412743089254946,,843.8
10068,-4.300000000000001,0,4,3,1,0.5412743089254946,,843.8
10069,-4.300000000000001,0,4,3,1,0.5412743089254946,,843.9
10070,-4.300000000000001,0,4,3,1,0.5412743089254946,,844.0
10071,-4.300000000000001,0,4,3,1,0.5412743089254946,,844.0
10072,-4.300000000000001,0,4,3,1,0.5412743089254946,,844.1
10073,-0.30000000000000004,0,4,3,1,0.5412743089254946,,844.1
10074,-0.30000000000000004,0,4,3,1,0.5412743089254946,,844.1
10075,-4.300000000000001,0,4,3,1,0.5412743089254946,,844.2
10076,-4.300000000000001,0,4,3,1,0.5412743089254946,,844.3
10077,-4.300000000000001,0,4,3,1,0.5412743089254946,,844.3
10078,-4.300000000000001,0,4,3,1,0.5412743089254946,,844.4
10079,-4.300000000000001,0,4,3,1,0.5412743089254946,,844.5
10080,-4.300000000000001,0,4,3,1,0.5412743089254946,,844.5
10081,-2.3000000000000003,0,4,3,1,0.5412743089254946,,844.6
10082,-2.3000000000000003,0,4,3,1,0.5412743089254946,,844.6
10083,-4.300000000000001,0,4,3,1,0.5412743089254946,,844.7
10084,-4.300000000000001,0,4,3,1,0.5412743089254946,,844.7
10085,-4.300000000000001,0,4,3,1,0.5412743089254946,,844.8
10086,-4.300000000000001,0,4,3,1,0.5412743089254946,,844.9
10087,-4.300000000000001,0,4,3,1,0.5412743089254946,,844.9
10088,-4.300000000000001,0,4,3,1,0.5412743089254946,,844.9
10089,-0.30000000000000004,0,4,3,1,0.5412743089254946,,845.0
10090,-4.300000000000001,0,4,3,1,0.5412743089254946,,845.1
10091,-4.300000000000001,0,4,3,1,0.5412743089254946,,845.1
10092,-2.3000000000000003,0,4,3,1,0.5412743089254946,,845.2
10093,-5.4,0,5,4,1,0.5412743089254946,,845.2
10094,-2.3000000000000003,0,4,3,1,0.5412743089254946,,845.3
10095,-4.300000000000001,0,4,3,1,0.5412743089254946,,845.3
10096,-4.300000000000001,0,4,3,1,0.5412743089254946,,845.4
10097,-0.30000000000000004,0,4,3,1,0.5412743089254946,,845.5
10098,-4.300000000000001,0,4,3,1,0.5285289969760925,1.733455590903759,846.1
10099,-0.30000000000000004,0,4,3,1,0.5285289969760925,,846.2
10100,-4.300000000000001,0,4,3,1,0.5285289969760925,,846.3
10101,5.7,1,4,3,1,0.5285289969760925,,846.3
10102,-2.3000000000000003,0,4,3,1,0.5285289969760925,,846.4
10103,-2.3000000000000003,0,4,3,1,0.5285289969760925,,846.5
10104,-2.3000000000000003,0,4,3,1,0.5285289969760925,,846.5
10105,-4.300000000000001,0,4,3,1,0.5285289969760925,,846.5
10106,5.7,1,4,3,1,0.5285289969760925,,846.6
10107,-4.300000000000001,0,4,3,1,0.5285289969760925,,846.7
10108,-0.30000000000000004,0,4,3,1,0.5285289969760925,,846.7
10109,-0.30000000000000004,0,4,3,1,0.5285289969760925,,846.8
10110,-0.30000000000000004,0,4,3,1,0.5285289969760925,,846.9
10111,-4.300000000000001,0,4,3,1,0.5285289969760925,,846.9
10112,-0.30000000000000004,0,4,3,1,0.5285289969760925,,847.0
10113,5.7,1,4,3,1,0.5285289969760925,,847.0
10114,5.7,1,4,3,1,0.5285289969760925,,847.1
10115,-4.300000000000001,0,4,3,1,0.5285289969760925,,847.2
10116,-4.300000000000001,0,4,3,1,0.5285289969760925,,847.2
10117,-4.300000000000001,0,4,3,1,0.5285289969760925,,847.3
10118,-4.300000000000001,0,4,3,1,0.5285289969760925,,847.3
10119,-4.300000000000001,0,4,3,1,0.5285289969760925,,847.4
10120,-2.3000000000000003,0,4,3,1,0.5285289969760925,,847.5
10121,5.7,1,4,3,1,0.5285289969760925,,847.5
10122,-0.30000000000000004,0,4,3,1,0.5285289969760925,,847.6
10123,-2.3000000000000003,0,4,3,1,0.5285289969760925,,847.7
10124,-4.300000000000001,0,4,3,1,0.5285289969760925,,847.7
10125,-4.300000000000001,0,4,3,1,0.5285289969760925,,847.8
10126,-4.300000000000001,0,4,3,1,0.5285289969760925,,847.9
10127,-0.30000000000000004,0,4,3,1,0.5285289969760925,,847.9
10128,-4.300000000000001,0,4,3,1,0.5285289969760925,,848.0
10129,5.7,1,4,3,1,0.5285289969760925,,848.1
10130,-4.300000000000001,0,4,3,1,0.5285289969760925,,848.2
10131,-2.3000000000000003,0,4,3,1,0.5285289969760925,,848.3
10132,-0.30000000000000004,0,4,3,1,0.5285289969760925,,848.3
10133,-0.30000000000000004,0,4,3,1,0.5285289969760925,,848.4
10134,-4.300000000000001,0,4,3,1,0.5285289969760925,,848.5
10135,-2.3000000000000003,0,4,3,1,0.5285289969760925,,848.6
10136,-4.300000000000001,0,4,3,1,0.5285289969760925,,848.6
10137,-2.3000000000000003,0,4,3,1,0.5285289969760925,,848.7
10138,-4.300000000000001,0,4,3,1,0.5285289969760925,,848.8
10139,-1.4000000000000001,0,5,4,1,0.5285289969760925,,848.8
10140,-2.3000000000000003,0,4,3,1,0.5285289969760925,,848.9
10141,-2.3000000000000003,0,4,3,1,0.5285289969760925,,848.9
10142,-4.300000000000001,0,4,3,1,0.5285289969760925,,849.0
10143,5.7,1,4,3,1,0.5285289969760925,,849.1
10144,5.7,1,4,3,1,0.5285289969760925,,849.1
10145,-4.300000000000001,0,4,3,1,0.5285289969760925,,849.2
10146,5.7,1,4,3,1,0.5285289969760925,,849.3
10147,-4.300000000000001,0,4,3,1,0.5285289969760925,,849.3
10148,-4.300000000000001,0,4,3,1,0.5285289969760925,,849.4
10149,-3.4000000000000004,0,5,4,1,0.5285289969760925,,849.4
10150,-4.300000000000001,0,4,3,1,0.5285289969760925,,849.5
10151,-4.300000000000001,0,4,3,1,0.5285289969760925,,849.5
10152,-4.300000000000001,0,4,3,1,0.5285289969760925,,849.6
10153,-4.300000000000001,0,4,3,1,0.5285289969760925,,849.7
10154,-4.300000000000001,0,4,3,1,0.5285289969760925,,849.7
10155,-4.300000000000001,0,4,3,1,0.5285289969760925,,849.8
10156,-2.3000000000000003,0,4,3,1,0.5285289969760925,,849.8
10157,-4.300000000000001,0,4,3,1,0.5285289969760925,,849.9
10158,-2.3000000000000003,0,4,3,1,0.5285289969760925,,849.9
10159,-4.300000000000001,0,4,3,1,0.5285289969760925,,850.0
10160,-2.3000000000000003,0,4,3,1,0.5285289969760925,,850.0
10161,5.7,1,4,3,1,0.5285289969760925,,850.1
10162,-4.300000000000001,0,4,3,1,0.5285289969760925,,850.1
10163,-4.300000000000001,0,4,3,1,0.5285289969760925,,850.2
10164,-4.300000000000001,0,4,3,1,0.5285289969760925,,850.2
10165,-0.30000000000000004,0,4,3,1,0.5285289969760925,,850.3
10166,5.7,1,4,3,1,0.5285289969760925,,850.4
10167,5.7,1,4,3,1,0.5285289969760925,,850.4
10168,5.7,1,4,3,1,0.5285289969760925,,850.5
10169,-4.300000000000001,0,4,3,1,0.5285289969760925,,850.5
10170,-4.300000000000001,0,4,3,1,0.5285289969760925,,850.6
10171,-4.300000000000001,0,4,3,1,0.5285289969760925,,850.7
10172,-4.300000000000001,0,4,3,1,0.5285289969760925,,850.8
10173,-4.300000000000001,0,4,3,1,0.5285289969760925,,850.8
10174,-2.3000000000000003,0,4,3,1,0.5285289969760925,,850.9
10175,-4.300000000000001,0,4,3,1,0.5285289969760925,,851.0
10176,-4.300000000000001,0,4,3,1,0.5285289969760925,,851.0
10177,-4.300000000000001,0,4,3,1,0.5285289969760925,,851.1
10178,-4.300000000000001,0,4,3,1,0.5285289969760925,,851.2
10179,-4.300000000000001,0,4,3,1,0.5285289969760925,,851.3
10180,-4.300000000000001,0,4,3,1,0.5285289969760925,,851.3
10181,-4.300000000000001,0,4,3,1,0.5285289969760925,,851.4
10182,-4.300000000000001,0,4,3,1,0.5285289969760925,,851.5
10183,-4.300000000000001,0,4,3,1,0.5285289969760925,,851.5
10184,-4.300000000000001,0,4,3,1,0.5285289969760925,,851.6
10185,-2.3000000000000003,0,4,3,1,0.5285289969760925,,851.6
10186,5.7,1,4,3,1,0.5285289969760925,,851.7
10187,-4.300000000000001,0,4,3,1,0.5285289969760925,,851.7
10188,-2.3000000000000003,0,4,3,1,0.5285289969760925,,851.8
10189,5.7,1,4,3,1,0.5285289969760925,,851.8
10190,-4.300000000000001,0,4,3,1,0.5285289969760925,,851.9
10191,5.7,1,4,3,1,0.5285289969760925,,851.9
10192,-4.300000000000001,0,4,3,1,0.5285289969760925,,852.0
10193,-0.30000000000000004,0,4,3,1,0.5285289969760925,,852.0
10194,-4.300000000000001,0,4,3,1,0.5285289969760925,,852.1
10195,-4.300000000000001,0,4,3,1,0.5285289969760925,,852.2
10196,-4.300000000000001,0,4,3,1,0.5285289969760925,,852.2
10197,-2.3000000000000003,0,4,3,1,0.5285289969760925,,852.3
10198,-4.300000000000001,0,4,3,1,0.5285289969760925,,852.4
10199,-4.300000000000001,0,4,3,1,0.5285289969760925,,852.4
10200,-0.30000000000000004,0,4,3,1,0.5285289969760925,,852.4
10201,-4.300000000000001,0,4,3,1,0.5285289969760925,,852.5
10202,-2.3000000000000003,0,4,3,1,0.5285289969760925,,852.5
10203,5.7,1,4,3,1,0.5285289969760925,,852.6
10204,-4.300000000000001,0,4,3,1,0.5285289969760925,,852.7
10205,-2.3000000000000003,0,4,3,1,0.5285289969760925,,852.8
10206,-4.300000000000001,0,4,3,1,0.5285289969760925,,852.8
10207,-4.300000000000001,0,4,3,1,0.5285289969760925,,852.9
10208,-4.300000000000001,0,4,3,1,0.5285289969760925,,853.0
10209,-5.4,0,5,4,1,0.5285289969760925,,853.0
10210,-2.3000000000000003,0,4,3,1,0.5285289969760925,,853.1
10211,-0.30000000000000004,0,4,3,1,0.5285289969760925,,853.1
10212,-0.30000000000000004,0,4,3,1,0.5285289969760925,,853.2
10213,-4.300000000000001,0,4,3,1,0.5285289969760925,,853.3
10214,-4.300000000000001,0,4,3,1,0.5285289969760925,,853.3
10215,-4.300000000000001,0,4,3,1,0.5285289969760925,,853.4
10216,-2.3000000000000003,0,4,3,1,0.5285289969760925,,853.5
10217,-4.300000000000001,0,4,3,1,0.5285289969760925,,853.5
10218,-4.300000000000001,0,4,3,1,0.5285289969760925,,853.6
10219,-2.3000000000000003,0,4,3,1,0.5285289969760925,,853.6
10220,-4.300000000000001,0,4,3,1,0.5285289969760925,,853.7
10221,-4.300000000000001,0,4,3,1,0.5285289969760925,,853.8
10222,-4.300000000000001,0,4,3,1,0.5285289969760925,,853.8
10223,-2.3000000000000003,0,4,3,1,0.5285289969760925,,853.9
10224,-0.30000000000000004,0,4,3,1,0.5285289969760925,,853.9
10225,-0.30000000000000004,0,4,3,1,0.5285289969760925,,854.0
10226,-2.3000000000000003,0,4,3,1,0.5285289969760925,,854.1
10227,-4.300000000000001,0,4,3,1,0.5285289969760925,,854.1
10228,-4.300000000000001,0,4,3,1,0.5285289969760925,,854.2
10229,-4.300000000000001,0,4,3,1,0.5285289969760925,,854.3
10230,-4.300000000000001,0,4,3,1,0.5285289969760925,,854.3
10231,-4.300000000000001,0,4,3,1,0.5285289969760925,,854.4
10232,-4.300000000000001,0,4,3,1,0.5285289969760925,,854.4
10233,-2.3000000000000003,0,4,3,1,0.5285289969760925,,854.5
10234,-0.30000000000000004,0,4,3,1,0.5285289969760925,,854.5
10235,-4.300000000000001,0,4,3,1,0.5285289969760925,,854.6
10236,-4.300000000000001,0,4,3,1,0.5285289969760925,,854.6
10237,-4.300000000000001,0,4,3,1,0.5285289969760925,,854.7
10238,-2.3000000000000003,0,4,3,1,0.5285289969760925,,854.7
10239,-4.300000000000001,0,4,3,1,0.5285289969760925,,854.8
10240,-0.30000000000000004,0,4,3,1,0.5285289969760925,,854.9
10241,-4.300000000000001,0,4,3,1,0.5285289969760925,,854.9
10242,-2.3000000000000003,0,4,3,1,0.5285289969760925,,855.0
10243,5.7,1,4,3,1,0.5285289969760925,,855.1
10244,-4.300000000000001,0,4,3,1,0.5285289969760925,,855.2
10245,-2.3000000000000003,0,4,3,1,0.5285289969760925,,855.2
10246,-2.3000000000000003,0,4,3,1,0.5285289969760925,,855.3
10247,-4.300000000000001,0,4,3,1,0.5285289969760925,,855.4
10248,-4.300000000000001,0,4,3,1,0.5285289969760925,,855.5
10249,-4.300000000000001,0,4,3,1,0.5285289969760925,,855.6
10250,-4.300000000000001,0,4,3,1,0.5285289969760925,,855.6
10251,-4.300000000000001,0,4,3,1,0.5285289969760925,,855.8
10252,-4.300000000000001,0,4,3,1,0.5285289969760925,,855.8
10253,-4.300000000000001,0,4,3,1,0.5285289969760925,,855.9
10254,-2.3000000000000003,0,4,3,1,0.5285289969760925,,855.9
10255,-4.300000000000001,0,4,3,1,0.5285289969760925,,855.9
10256,-4.300000000000001,0,4,3,1,0.5285289969760925,,856.0
10257,-4.300000000000001,0,4,3,1,0.5285289969760925,,856.0
10258,5.7,1,4,3,1,0.5285289969760925,,856.1
10259,5.7,1,4,3,1,0.5285289969760925,,856.1
10260,5.7,1,4,3,1,0.5285289969760925,,856.2
10261,5.7,1,4,3,1,0.5285289969760925,,856.2
10262,-4.300000000000001,0,4,3,1,0.5285289969760925,,856.3
10263,-4.300000000000001,0,4,3,1,0.5285289969760925,,856.3
10264,-4.300000000000001,0,4,3,1,0.5285289969760925,,856.4
10265,-4.300000000000001,0,4,3,1,0.5285289969760925,,856.4
10266,-4.300000000000001,0,4,3,1,0.5285289969760925,,856.5
10267,-4.300000000000001,0,4,3,1,0.5285289969760925,,856.5
10268,-4.300000000000001,0,4,3,1,0.5285289969760925,,856.6
10269,-4.300000000000001,0,4,3,1,0.5285289969760925,,856.6
10270,5.7,1,4,3,1,0.5285289969760925,,856.7
10271,5.7,1,4,3,1,0.5285289969760925,,856.7
10272,-4.300000000000001,0,4,3,1,0.5285289969760925,,856.8
10273,-4.300000000000001,0,4,3,1,0.5285289969760925,,856.9
10274,-0.30000000000000004,0,4,3,1,0.5285289969760925,,857.0
10275,-4.300000000000001,0,4,3,1,0.5285289969760925,,857.0
10276,-0.30000000000000004,0,4,3,1,0.5285289969760925,,857.1
10277,-4.300000000000001,0,4,3,1,0.5285289969760925,,857.2
10278,-4.300000000000001,0,4,3,1,0.5285289969760925,,857.2
10279,-4.300000000000001,0,4,3,1,0.5285289969760925,,857.3
10280,-4.300000000000001,0,4,3,1,0.5285289969760925,,857.3
10281,-2.3000000000000003,0,4,3,1,0.5285289969760925,,857.4
10282,-4.300000000000001,0,4,3,1,0.5285289969760925,,857.5
10283,-2.3000000000000003,0,4,3,1,0.5285289969760925,,857.5
10284,-2.3000000000000003,0,4,3,1,0.5285289969760925,,857.6
10285,-4.300000000000001,0,4,3,1,0.5285289969760925,,857.6
10286,-0.30000000000000004,0,4,3,1,0.5285289969760925,,857.7
10287,-4.300000000000001,0,4,3,1,0.5285289969760925,,857.7
10288,-4.300000000000001,0,4,3,1,0.5285289969760925,,857.8
10289,-0.30000000000000004,0,4,3,1,0.5285289969760925,,857.9
10290,-2.3000000000000003,0,4,3,1,0.5285289969760925,,857.9
10291,-4.300000000000001,0,4,3,1,0.5285289969760925,,858.0
10292,5.7,1,4,3,1,0.5285289969760925,,858.1
10293,-0.30000000000000004,0,4,3,1,0.5285289969760925,,858.1
10294,5.7,1,4,3,1,0.5285289969760925,,858.1
10295,5.7,1,4,3,1,0.5285289969760925,,858.2
10296,-2.3000000000000003,0,4,3,1,0.5285289969760925,,858.2
10297,-2.3000000000000003,0,4,3,1,0.5285289969760925,,858.3
10298,-4.300000000000001,0,4,3,1,0.5285289969760925,,858.3
10299,5.7,1,4,3,1,0.5285289969760925,,858.4
10300,-0.30000000000000004,0,4,3,1,0.5285289969760925,,858.5
10301,-4.300000000000001,0,4,3,1,0.5285289969760925,,858.5
10302,-4.6,0,6,3,1,0.5285289969760925,,858.6
10303,-0.30000000000000004,0,4,3,1,0.5285289969760925,,858.7
10304,-3.4000000000000004,0,5,4,1,0.5285289969760925,,858.7
10305,-4.300000000000001,0,4,3,1,0.5285289969760925,,858.8
10306,-2.3000000000000003,0,4,3,1,0.5285289969760925,,858.9
10307,-4.300000000000001,0,4,3,1,0.5285289969760925,,858.9
10308,-4.300000000000001,0,4,3,1,0.5285289969760925,,858.9
10309,-4.300000000000001,0,4,3,1,0.5285289969760925,,859.0
10310,-4.300000000000001,0,4,3,1,0.5285289969760925,,859.0
10311,-2.3000000000000003,0,4,3,1,0.5285289969760925,,859.1
10312,5.7,1,4,3,1,0.5285289969760925,,859.2
10313,-0.30000000000000004,0,4,3,1,0.5285289969760925,,859.2
10314,-4.300000000000001,0,4,3,1,0.5285289969760925,,859.3
10315,5.7,1,4,3,1,0.5285289969760925,,859.4
10316,-4.300000000000001,0,4,3,1,0.5285289969760925,,859.4
10317,-0.6000000000000001,0,6,3,1,0.5285289969760925,,859.5
10318,-0.6000000000000001,0,6,3,1,0.5285289969760925,,859.5
10319,-4.300000000000001,0,4,3,1,0.5285289969760925,,859.6
10320,-4.300000000000001,0,4,3,1,0.5285289969760925,,859.6
10321,-2.3000000000000003,0,4,3,1,0.5285289969760925,,859.7
10322,-4.300000000000001,0,4,3,1,0.5285289969760925,,859.7
10323,-4.300000000000001,0,4,3,1,0.5285289969760925,,859.8
10324,-4.300000000000001,0,4,3,1,0.5285289969760925,,859.9
10325,-4.300000000000001,0,4,3,1,0.5285289969760925,,859.9
10326,-4.300000000000001,0,4,3,1,0.5285289969760925,,860.0
10327,-0.30000000000000004,0,4,3,1,0.5285289969760925,,860.1
10328,-4.6000000000000005,0,6,3,1,0.5285289969760925,,860.1
10329,5.7,1,4,3,1,0.5285289969760925,,860.2
10330,-2.3000000000000003,0,4,3,1,0.5285289969760925,,860.2
10331,-2.3000000000000003,0,4,3,1,0.5285289969760925,,860.3
10332,-4.300000000000001,0,4,3,1,0.5285289969760925,,860.3
10333,-4.300000000000001,0,4,3,1,0.5285289969760925,,860.4
10334,-4.300000000000001,0,4,3,1,0.5285289969760925,,860.4
10335,-2.3000000000000003,0,4,3,1,0.5285289969760925,,860.5
10336,-4.300000000000001,0,4,3,1,0.5285289969760925,,860.6
10337,-4.300000000000001,0,4,3,1,0.5285289969760925,,860.6
10338,-0.30000000000000004,0,4,3,1,0.5285289969760925,,860.7
10339,-4.300000000000001,0,4,3,1,0.5285289969760925,,860.7
10340,5.7,1,4,3,1,0.5285289969760925,,860.8
10341,-0.30000000000000004,0,4,3,1,0.5285289969760925,,860.8
10342,-4.300000000000001,0,4,3,1,0.5285289969760925,,860.9
10343,-0.30000000000000004,0,4,3,1,0.5285289969760925,,861.0
10344,-4.300000000000001,0,4,3,1,0.5285289969760925,,861.1
10345,-2.3000000000000003,0,4,3,1,0.5285289969760925,,861.2
10346,-4.300000000000001,0,4,3,1,0.5285289969760925,,861.3
10347,-4.300000000000001,0,4,3,1,0.5285289969760925,,861.3
10348,5.7,1,4,3,1,0.5285289969760925,,861.4
10349,-0.30000000000000004,0,4,3,1,0.5285289969760925,,861.5
10350,-4.300000000000001,0,4,3,1,0.5285289969760925,,861.5
10351,-2.3000000000000003,0,4,3,1,0.5285289969760925,,861.6
10352,-2.3000000000000003,0,4,3,1,0.5285289969760925,,861.6
10353,5.7,1,4,3,1,0.5285289969760925,,861.7
10354,-4.300000000000001,0,4,3,1,0.5285289969760925,,861.8
10355,-4.300000000000001,0,4,3,1,0.5285289969760925,,861.9
10356,5.7,1,4,3,1,0.5285289969760925,,861.9
10357,-2.3000000000000003,0,4,3,1,0.5285289969760925,,861.9
10358,5.7,1,4,3,1,0.5285289969760925,,862.0
10359,-0.30000000000000004,0,4,3,1,0.5285289969760925,,862.0
10360,-4.300000000000001,0,4,3,1,0.5285289969760925,,862.1
10361,-2.3000000000000003,0,4,3,1,0.5285289969760925,,862.2
10362,-2.3000000000000003,0,4,3,1,0.5285289969760925,,862.3
10363,-4.300000000000001,0,4,3,1,0.5285289969760925,,862.3
10364,-0.30000000000000004,0,4,3,1,0.5285289969760925,,862.3
10365,-2.3000000000000003,0,4,3,1,0.5285289969760925,,862.4
10366,-4.300000000000001,0,4,3,1,0.5285289969760925,,862.4
10367,-4.300000000000001,0,4,3,1,0.5285289969760925,,862.5
10368,-0.30000000000000004,0,4,3,1,0.5285289969760925,,862.5
10369,-0.30000000000000004,0,4,3,1,0.5285289969760925,,862.6
10370,-2.3000000000000003,0,4,3,1,0.5285289969760925,,862.7
10371,-2.3000000000000003,0,4,3,1,0.5285289969760925,,862.7
10372,-4.300000000000001,0,4,3,1,0.5285289969760925,,862.8
10373,-2.3000000000000003,0,4,3,1,0.5285289969760925,,862.8
10374,-4.300000000000001,0,4,3,1,0.5285289969760925,,862.9
10375,-4.300000000000001,0,4,3,1,0.5285289969760925,,863.0
10376,-4.300000000000001,0,4,3,1,0.5285289969760925,,863.0
10377,-4.300000000000001,0,4,3,1,0.5285289969760925,,863.0
10378,-4.300000000000001,0,4,3,1,0.5285289969760925,,863.0
10379,-4.6000000000000005,0,6,3,1,0.5285289969760925,,863.1
10380,-4.300000000000001,0,4,3,1,0.5285289969760925,,863.2
10381,-4.300000000000001,0,4,3,1,0.5285289969760925,,863.3
10382,5.7,1,4,3,1,0.5285289969760925,,863.3
10383,-4.300000000000001,0,4,3,1,0.5285289969760925,,863.4
10384,-4.300000000000001,0,4,3,1,0.5285289969760925,,863.5
10385,5.7,1,4,3,1,0.5285289969760925,,863.5
10386,-4.300000000000001,0,4,3,1,0.5285289969760925,,863.6
10387,0.6000000000000001,0,5,4,1,0.5285289969760925,,863.7
10388,-2.3000000000000003,0,4,3,1,0.5285289969760925,,863.7
10389,-4.300000000000001,0,4,3,1,0.5285289969760925,,863.8
10390,-0.30000000000000004,0,4,3,1,0.5285289969760925,,863.8
10391,5.7,1,4,3,1,0.5285289969760925,,863.9
10392,5.7,1,4,3,1,0.5285289969760925,,863.9
10393,-4.300000000000001,0,4,3,1,0.5285289969760925,,864.0
10394,-2.3000000000000003,0,4,3,1,0.5285289969760925,,864.1
10395,-4.300000000000001,0,4,3,1,0.5285289969760925,,864.1
10396,-5.4,0,5,4,1,0.5285289969760925,,864.2
10397,-4.300000000000001,0,4,3,1,0.5285289969760925,,864.3
10398,5.7,1,4,3,1,0.5285289969760925,,864.4
10399,5.7,1,4,3,1,0.5285289969760925,,864.5
10400,-2.3000000000000003,0,4,3,1,0.5285289969760925,,864.5
10401,-4.300000000000001,0,4,3,1,0.5285289969760925,,864.6
10402,5.4,1,6,3,1,0.5285289969760925,,864.6
10403,-4.300000000000001,0,4,3,1,0.5285289969760925,,864.7
10404,-4.300000000000001,0,4,3,1,0.5285289969760925,,864.8
10405,-2.3000000000000003,0,4,3,1,0.5285289969760925,,864.8
10406,-4.300000000000001,0,4,3,1,0.5285289969760925,,864.9
10407,-4.300000000000001,0,4,3,1,0.5285289969760925,,864.9
10408,-2.3000000000000003,0,4,3,1,0.5285289969760925,,864.9
10409,-4.300000000000001,0,4,3,1,0.5285289969760925,,865.0
10410,-2.3000000000000003,0,4,3,1,0.5285289969760925,,865.1
10411,-4.300000000000001,0,4,3,1,0.5285289969760925,,865.1
10412,-4.300000000000001,0,4,3,1,0.5285289969760925,,865.2
10413,-4.300000000000001,0,4,3,1,0.5285289969760925,,865.2
10414,-2.3000000000000003,0,4,3,1,0.5285289969760925,,865.3
10415,-5.4,0,5,4,1,0.5285289969760925,,865.4
10416,-4.300000000000001,0,4,3,1,0.5285289969760925,,865.4
10417,5.7,1,4,3,1,0.5285289969760925,,865.5
10418,5.7,1,4,3,1,0.5285289969760925,,865.6
10419,-4.300000000000001,0,4,3,1,0.5285289969760925,,865.6
10420,5.7,1,4,3,1,0.5285289969760925,,865.7
10421,-2.3000000000000003,0,4,3,1,0.5285289969760925,,865.8
10422,-4.300000000000001,0,4,3,1,0.5285289969760925,,865.8
10423,-4.300000000000001,0,4,3,1,0.5285289969760925,,865.9
10424,-2.3000000000000003,0,4,3,1,0.5285289969760925,,866.0
10425,-4.300000000000001,0,4,3,1,0.5285289969760925,,866.1
10426,-0.30000000000000004,0,4,3,1,0.5285289969760925,,866.1
10427,-4.300000000000001,0,4,3,1,0.5285289969760925,,866.2
10428,-2.3000000000000003,0,4,3,1,0.5285289969760925,,866.3
10429,-0.30000000000000004,0,4,3,1,0.5285289969760925,,866.4
10430,-0.30000000000000004,0,4,3,1,0.5285289969760925,,866.4
10431,-4.300000000000001,0,4,3,1,0.5285289969760925,,866.5
10432,-4.300000000000001,0,4,3,1,0.5285289969760925,,866.5
10433,-2.3000000000000003,0,4,3,1,0.5285289969760925,,866.6
10434,5.7,1,4,3,1,0.5285289969760925,,866.7
10435,-4.300000000000001,0,4,3,1,0.5285289969760925,,866.7
10436,-2.3000000000000003,0,4,3,1,0.5285289969760925,,866.7
10437,-4.300000000000001,0,4,3,1,0.5285289969760925,,866.8
10438,-4.300000000000001,0,4,3,1,0.5285289969760925,,866.8
10439,-0.30000000000000004,0,4,3,1,0.5285289969760925,,866.9
10440,-4.300000000000001,0,4,3,1,0.5285289969760925,,867.0
10441,-2.3000000000000003,0,4,3,1,0.5285289969760925,,867.1
10442,-4.300000000000001,0,4,3,1,0.5285289969760925,,867.2
10443,-4.300000000000001,0,4,3,1,0.5285289969760925,,867.2
10444,-4.300000000000001,0,4,3,1,0.5285289969760925,,867.3
10445,5.7,1,4,3,1,0.5285289969760925,,867.4
10446,-4.300000000000001,0,4,3,1,0.5285289969760925,,867.4
10447,-4.300000000000001,0,4,3,1,0.5285289969760925,,867.5
10448,-4.300000000000001,0,4,3,1,0.5285289969760925,,867.6
10449,-4.300000000000001,0,4,3,1,0.5285289969760925,,867.6
10450,-4.300000000000001,0,4,3,1,0.5285289969760925,,867.7
10451,-4.300000000000001,0,4,3,1,0.5285289969760925,,867.7
10452,-4.300000000000001,0,4,3,1,0.5285289969760925,,867.8
10453,-0.30000000000000004,0,4,3,1,0.5285289969760925,,867.9
10454,-2.3000000000000003,0,4,3,1,0.5285289969760925,,868.0
10455,5.7,1,4,3,1,0.5285289969760925,,868.1
10456,5.7,1,4,3,1,0.5285289969760925,,868.1
10457,-0.30000000000000004,0,4,3,1,0.5285289969760925,,868.2
10458,-2.3000000000000003,0,4,3,1,0.5285289969760925,,868.2
10459,-4.300000000000001,0,4,3,1,0.5285289969760925,,868.3
10460,-4.300000000000001,0,4,3,1,0.5285289969760925,,868.4
10461,-0.30000000000000004,0,4,3,1,0.5285289969760925,,868.4
10462,-4.300000000000001,0,4,3,1,0.5285289969760925,,868.5
10463,-4.300000000000001,0,4,3,1,0.5285289969760925,,868.6
10464,-4.300000000000001,0,4,3,1,0.5285289969760925,,868.6
10465,-4.300000000000001,0,4,3,1,0.5285289969760925,,868.7
10466,-4.300000000000001,0,4,3,1,0.5285289969760925,,868.8
10467,-4.300000000000001,0,4,3,1,0.5285289969760925,,868.8
10468,-4.300000000000001,0,4,3,1,0.5285289969760925,,868.9
10469,-4.300000000000001,0,4,3,1,0.5285289969760925,,869.0
10470,5.7,1,4,3,1,0.5285289969760925,,869.0
10471,5.7,1,4,3,1,0.5285289969760925,,869.1
10472,-4.300000000000001,0,4,3,1,0.5285289969760925,,869.1
10473,-4.300000000000001,0,4,3,1,0.5285289969760925,,869.2
10474,5.7,1,4,3,1,0.5285289969760925,,869.2
10475,-2.3000000000000003,0,4,3,1,0.5285289969760925,,869.3
10476,-4.300000000000001,0,4,3,1,0.5285289969760925,,869.4
10477,-4.300000000000001,0,4,3,1,0.5285289969760925,,869.5
10478,-2.3000000000000003,0,4,3,1,0.5285289969760925,,869.5
10479,-4.300000000000001,0,4,3,1,0.5285289969760925,,869.6
10480,-4.300000000000001,0,4,3,1,0.5285289969760925,,869.6
10481,-2.3000000000000003,0,4,3,1,0.5285289969760925,,869.6
10482,-0.30000000000000004,0,4,3,1,0.5285289969760925,,869.7
10483,5.7,1,4,3,1,0.5285289969760925,,869.8
10484,-4.300000000000001,0,4,3,1,0.5285289969760925,,869.9
10485,-2.3000000000000003,0,4,3,1,0.5285289969760925,,869.9
10486,-5.4,0,5,4,1,0.5285289969760925,,870.0
10487,-0.30000000000000004,0,4,3,1,0.5285289969760925,,870.0
10488,5.7,1,4,3,1,0.5285289969760925,,870.1
10489,-4.300000000000001,0,4,3,1,0.5285289969760925,,870.2
10490,5.7,1,4,3,1,0.5285289969760925,,870.2
10491,-4.300000000000001,0,4,3,1,0.5285289969760925,,870.3
10492,-4.300000000000001,0,4,3,1,0.5285289969760925,,870.4
10493,-4.300000000000001,0,4,3,1,0.5285289969760925,,870.4
10494,-4.300000000000001,0,4,3,1,0.5285289969760925,,870.5
10495,-4.300000000000001,0,4,3,1,0.5285289969760925,,870.5
10496,-4.300000000000001,0,4,3,1,0.5285289969760925,,870.6
10497,5.7,1,4,3,1,0.5285289969760925,,870.6
10498,5.7,1,4,3,1,0.5285289969760925,,870.7
10499,5.7,1,4,3,1,0.5285289969760925,,870.7
10500,-0.30000000000000004,0,4,3,1,0.5285289969760925,,870.8
10501,-2.3000000000000003,0,4,3,1,0.5285289969760925,,875.8
10502,-4.300000000000001,0,4,3,1,0.5285289969760925,,875.9
10503,-4.300000000000001,0,4,3,1,0.5285289969760925,,875.9
10504,-2.3000000000000003,0,4,3,1,0.5285289969760925,,876.0
10505,-0.30000000000000004,0,4,3,1,0.5285289969760925,,876.0
10506,-0.30000000000000004,0,4,3,1,0.5285289969760925,,876.1
10507,-4.300000000000001,0,4,3,1,0.5285289969760925,,876.1
10508,5.7,1,4,3,1,0.5285289969760925,,876.2
10509,-4.300000000000001,0,4,3,1,0.5285289969760925,,876.2
10510,-4.300000000000001,0,4,3,1,0.5285289969760925,,876.2
10511,-4.300000000000001,0,4,3,1,0.5285289969760925,,876.3
10512,-4.300000000000001,0,4,3,1,0.5285289969760925,,876.4
10513,5.7,1,4,3,1,0.5285289969760925,,876.4
10514,-4.300000000000001,0,4,3,1,0.5285289969760925,,876.5
10515,-0.30000000000000004,0,4,3,1,0.5285289969760925,,876.6
10516,-0.30000000000000004,0,4,3,1,0.5285289969760925,,876.7
10517,-0.30000000000000004,0,4,3,1,0.5285289969760925,,876.7
10518,-4.300000000000001,0,4,3,1,0.5285289969760925,,876.8
10519,-0.30000000000000004,0,4,3,1,0.5285289969760925,,876.8
10520,-3.4000000000000004,0,5,4,1,0.5285289969760925,,876.9
10521,-4.300000000000001,0,4,3,1,0.5285289969760925,,876.9
10522,-2.3000000000000003,0,4,3,1,0.5285289969760925,,877.0
10523,-4.300000000000001,0,4,3,1,0.5285289969760925,,877.0
10524,-4.300000000000001,0,4,3,1,0.5285289969760925,,877.1
10525,-5.4,0,5,4,1,0.5285289969760925,,877.2
10526,5.7,1,4,3,1,0.5285289969760925,,877.2
10527,-4.300000000000001,0,4,3,1,0.5285289969760925,,877.3
10528,-0.30000000000000004,0,4,3,1,0.5285289969760925,,877.3
10529,-4.300000000000001,0,4,3,1,0.5285289969760925,,877.4
10530,5.7,1,4,3,1,0.5285289969760925,,877.5
10531,-4.300000000000001,0,4,3,1,0.5285289969760925,,877.5
10532,-2.3000000000000003,0,4,3,1,0.5285289969760925,,877.6
10533,-4.300000000000001,0,4,3,1,0.5285289969760925,,877.7
10534,-4.300000000000001,0,4,3,1,0.5285289969760925,,877.7
10535,5.7,1,4,3,1,0.5285289969760925,,877.7
10536,-4.300000000000001,0,4,3,1,0.5285289969760925,,877.8
10537,-4.300000000000001,0,4,3,1,0.5285289969760925,,877.8
10538,5.7,1,4,3,1,0.5285289969760925,,877.9
10539,-0.30000000000000004,0,4,3,1,0.5285289969760925,,878.0
10540,5.7,1,4,3,1,0.5285289969760925,,878.0
10541,-4.300000000000001,0,4,3,1,0.5285289969760925,,878.1
10542,-4.300000000000001,0,4,3,1,0.5285289969760925,,878.1
10543,-3.6000000000000005,0,6,3,1,0.5285289969760925,,878.2
10544,5.7,1,4,3,1,0.5285289969760925,,878.2
10545,-0.30000000000000004,0,4,3,1,0.5285289969760925,,878.3
10546,-4.300000000000001,0,4,3,1,0.5285289969760925,,878.4
10547,-4.300000000000001,0,4,3,1,0.5285289969760925,,878.4
10548,-2.3000000000000003,0,4,3,1,0.5285289969760925,,878.5
10549,5.7,1,4,3,1,0.5285289969760925,,878.5
10550,-4.300000000000001,0,4,3,1,0.5285289969760925,,878.6
10551,-4.300000000000001,0,4,3,1,0.5285289969760925,,878.6
10552,-0.6000000000000001,0,6,3,1,0.5285289969760925,,878.7
10553,-4.6000000000000005,0,6,3,1,0.5285289969760925,,878.7
10554,-4.300000000000001,0,4,3,1,0.5285289969760925,,878.7
10555,-4.300000000000001,0,4,3,1,0.5285289969760925,,878.8
10556,5.7,1,4,3,1,0.5285289969760925,,878.8
10557,-2.3000000000000003,0,4,3,1,0.5285289969760925,,878.9
10558,-4.300000000000001,0,4,3,1,0.5285289969760925,,878.9
10559,5.7,1,4,3,1,0.5285289969760925,,879.0
10560,-4.300000000000001,0,4,3,1,0.5285289969760925,,879.0
10561,-0.30000000000000004,0,4,3,1,0.5285289969760925,,879.0
10562,5.7,1,4,3,1,0.5285289969760925,,879.1
10563,-2.3000000000000003,0,4,3,1,0.5285289969760925,,879.2
10564,-2.3000000000000003,0,4,3,1,0.5285289969760925,,879.2
10565,-4.300000000000001,0,4,3,1,0.5285289969760925,,879.3
10566,-4.300000000000001,0,4,3,1,0.5285289969760925,,879.4
10567,-4.300000000000001,0,4,3,1,0.5285289969760925,,879.5
10568,-4.300000000000001,0,4,3,1,0.5285289969760925,,879.5
10569,-4.300000000000001,0,4,3,1,0.5285289969760925,,879.6
10570,-4.300000000000001,0,4,3,1,0.5285289969760925,,879.6
10571,-2.3000000000000003,0,4,3,1,0.5285289969760925,,879.7
10572,-4.300000000000001,0,4,3,1,0.5285289969760925,,879.7
10573,-4.300000000000001,0,4,3,1,0.5285289969760925,,879.8
10574,-4.300000000000001,0,4,3,1,0.5285289969760925,,879.9
10575,5.7,1,4,3,1,0.5285289969760925,,880.0
10576,5.7,1,4,3,1,0.5285289969760925,,880.0
10577,-2.3000000000000003,0,4,3,1,0.5285289969760925,,880.0
10578,-4.300000000000001,0,4,3,1,0.5285289969760925,,880.1
10579,-4.300000000000001,0,4,3,1,0.5285289969760925,,880.1
10580,-4.300000000000001,0,4,3,1,0.5285289969760925,,880.2
10581,-0.30000000000000004,0,4,3,1,0.5285289969760925,,880.3
10582,-4.300000000000001,0,4,3,1,0.5285289969760925,,880.3
10583,5.7,1,4,3,1,0.5285289969760925,,880.4
10584,-4.300000000000001,0,4,3,1,0.5285289969760925,,880.4
10585,-4.300000000000001,0,4,3,1,0.5285289969760925,,880.5
10586,-2.3000000000000003,0,4,3,1,0.5285289969760925,,880.5
10587,-4.300000000000001,0,4,3,1,0.5285289969760925,,880.6
10588,-0.6000000000000001,0,6,3,1,0.5285289969760925,,880.6
10589,-4.300000000000001,0,4,3,1,0.5285289969760925,,880.6
10590,-4.300000000000001,0,4,3,1,0.5285289969760925,,880.7
10591,-2.3000000000000003,0,4,3,1,0.5285289969760925,,880.7
10592,-4.300000000000001,0,4,3,1,0.5285289969760925,,880.8
10593,-2.3000000000000003,0,4,3,1,0.5285289969760925,,880.8
10594,-4.300000000000001,0,4,3,1,0.5285289969760925,,880.9
10595,-4.300000000000001,0,4,3,1,0.5285289969760925,,881.0
10596,5.7,1,4,3,1,0.5285289969760925,,881.0
10597,-0.30000000000000004,0,4,3,1,0.5285289969760925,,881.1
10598,-0.30000000000000004,0,4,3,1,0.5285289969760925,,881.1
10599,-4.300000000000001,0,4,3,1,0.5285289969760925,,881.2
10600,-4.300000000000001,0,4,3,1,0.5285289969760925,,881.2
10601,-4.300000000000001,0,4,3,1,0.5285289969760925,,881.3
10602,-0.30000000000000004,0,4,3,1,0.5285289969760925,,881.4
10603,5.7,1,4,3,1,0.5148879850748926,1.881433516740799,882.1
10604,5.7,1,4,3,1,0.5148879850748926,,882.1
10605,5.7,1,4,3,1,0.5148879850748926,,882.2
10606,5.7,1,4,3,1,0.5148879850748926,,882.3
10607,-4.300000000000001,0,4,3,1,0.5148879850748926,,882.3
10608,-2.3000000000000003,0,4,3,1,0.5148879850748926,,882.4
10609,-4.300000000000001,0,4,3,1,0.5148879850748926,,882.5
10610,-2.3000000000000003,0,4,3,1,0.5148879850748926,,882.6
10611,-4.300000000000001,0,4,3,1,0.5148879850748926,,882.6
10612,5.7,1,4,3,1,0.5148879850748926,,882.7
10613,-4.300000000000001,0,4,3,1,0.5148879850748926,,882.7
10614,-4.300000000000001,0,4,3,1,0.5148879850748926,,882.7
10615,-4.300000000000001,0,4,3,1,0.5148879850748926,,882.8
10616,-4.300000000000001,0,4,3,1,0.5148879850748926,,882.8
10617,-4.300000000000001,0,4,3,1,0.5148879850748926,,882.8
10618,-2.3000000000000003,0,4,3,1,0.5148879850748926,,882.9
10619,-0.30000000000000004,0,4,3,1,0.5148879850748926,,882.9
10620,5.7,1,4,3,1,0.5148879850748926,,883.0
10621,-4.6000000000000005,0,6,3,1,0.5148879850748926,,883.1
10622,-2.3000000000000003,0,4,3,1,0.5148879850748926,,883.1
10623,-4.300000000000001,0,4,3,1,0.5148879850748926,,883.2
10624,5.7,1,4,3,1,0.5148879850748926,,883.2
10625,-0.30000000000000004,0,4,3,1,0.5148879850748926,,883.3
10626,-4.300000000000001,0,4,3,1,0.5148879850748926,,883.3
10627,-2.3000000000000003,0,4,3,1,0.5148879850748926,,883.4
10628,-2.3000000000000003,0,4,3,1,0.5148879850748926,,883.4
10629,5.7,1,4,3,1,0.5148879850748926,,883.5
10630,-0.30000000000000004,0,4,3,1,0.5148879850748926,,883.5
10631,-4.300000000000001,0,4,3,1,0.5148879850748926,,883.6
10632,-4.300000000000001,0,4,3,1,0.5148879850748926,,883.7
10633,-2.3000000000000003,0,4,3,1,0.5148879850748926,,883.7
10634,-1.6,0,6,3,1,0.5148879850748926,,883.8
10635,-4.300000000000001,0,4,3,1,0.5148879850748926,,883.9
10636,5.7,1,4,3,1,0.5148879850748926,,883.9
10637,-4.300000000000001,0,4,3,1,0.5148879850748926,,884.0
10638,-4.300000000000001,0,4,3,1,0.5148879850748926,,884.0
10639,-0.30000000000000004,0,4,3,1,0.5148879850748926,,884.0
10640,-4.300000000000001,0,4,3,1,0.5148879850748926,,884.1
10641,-4.300000000000001,0,4,3,1,0.5148879850748926,,884.2
10642,-4.300000000000001,0,4,3,1,0.5148879850748926,,884.2
10643,-4.300000000000001,0,4,3,1,0.5148879850748926,,884.3
10644,-4.300000000000001,0,4,3,1,0.5148879850748926,,884.3
10645,-2.3000000000000003,0,4,3,1,0.5148879850748926,,884.4
10646,-2.3000000000000003,0,4,3,1,0.5148879850748926,,884.4
10647,-2.6,0,6,3,1,0.5148879850748926,,884.5
10648,-4.300000000000001,0,4,3,1,0.5148879850748926,,884.5
10649,-4.300000000000001,0,4,3,1,0.5148879850748926,,884.6
10650,-4.300000000000001,0,4,3,1,0.5148879850748926,,884.6
10651,-4.300000000000001,0,4,3,1,0.5148879850748926,,884.7
10652,5.7,1,4,3,1,0.5148879850748926,,884.7
10653,-4.300000000000001,0,4,3,1,0.5148879850748926,,884.8
10654,-4.300000000000001,0,4,3,1,0.5148879850748926,,884.8
10655,-4.300000000000001,0,4,3,1,0.5148879850748926,,884.9
10656,5.7,1,4,3,1,0.5148879850748926,,885.0
10657,-0.30000000000000004,0,4,3,1,0.5148879850748926,,885.0
10658,5.7,1,4,3,1,0.5148879850748926,,885.1
10659,-2.3000000000000003,0,4,3,1,0.5148879850748926,,885.1
10660,5.7,1,4,3,1,0.5148879850748926,,885.2
10661,-0.30000000000000004,0,4,3,1,0.5148879850748926,,885.2
10662,-4.300000000000001,0,4,3,1,0.5148879850748926,,885.3
10663,-4.300000000000001,0,4,3,1,0.5148879850748926,,885.4
10664,-4.300000000000001,0,4,3,1,0.5148879850748926,,885.5
10665,-0.30000000000000004,0,4,3,1,0.5148879850748926,,885.5
10666,-4.300000000000001,0,4,3,1,0.5148879850748926,,885.6
10667,-2.3000000000000003,0,4,3,1,0.5148879850748926,,885.7
10668,-0.30000000000000004,0,4,3,1,0.5148879850748926,,885.7
10669,-2.3000000000000003,0,4,3,1,0.5148879850748926,,885.8
10670,-4.300000000000001,0,4,3,1,0.5148879850748926,,885.9
10671,5.7,1,4,3,1,0.5148879850748926,,885.9
10672,-2.3000000000000003,0,4,3,1,0.5148879850748926,,885.9
10673,-0.30000000000000004,0,4,3,1,0.5148879850748926,,885.9
10674,-4.300000000000001,0,4,3,1,0.5148879850748926,,886.0
10675,-4.300000000000001,0,4,3,1,0.5148879850748926,,886.0
10676,-4.300000000000001,0,4,3,1,0.5148879850748926,,886.1
10677,-0.30000000000000004,0,4,3,1,0.5148879850748926,,886.2
10678,5.7,1,4,3,1,0.5148879850748926,,886.2
10679,-4.300000000000001,0,4,3,1,0.5148879850748926,,886.3
10680,-0.30000000000000004,0,4,3,1,0.5148879850748926,,886.4
10681,5.7,1,4,3,1,0.5148879850748926,,886.4
10682,5.7,1,4,3,1,0.5148879850748926,,886.5
10683,-0.30000000000000004,0,4,3,1,0.5148879850748926,,886.6
10684,-4.300000000000001,0,4,3,1,0.5148879850748926,,886.6
10685,5.7,1,4,3,1,0.5148879850748926,,886.7
10686,-2.3000000000000003,0,4,3,1,0.5148879850748926,,886.7
10687,-4.300000000000001,0,4,3,1,0.5148879850748926,,886.8
10688,5.7,1,4,3,1,0.5148879850748926,,886.8
10689,-4.300000000000001,0,4,3,1,0.5148879850748926,,886.9
10690,-4.300000000000001,0,4,3,1,0.5148879850748926,,887.0
10691,5.7,1,4,3,1,0.5148879850748926,,887.1
10692,-2.3000000000000003,0,4,3,1,0.5148879850748926,,887.2
10693,-4.300000000000001,0,4,3,1,0.5148879850748926,,887.2
10694,-2.3000000000000003,0,4,3,1,0.5148879850748926,,887.3
10695,-4.300000000000001,0,4,3,1,0.5148879850748926,,887.4
10696,-4.300000000000001,0,4,3,1,0.5148879850748926,,887.4
10697,5.7,1,4,3,1,0.5148879850748926,,887.5
10698,-4.300000000000001,0,4,3,1,0.5148879850748926,,887.6
10699,-4.300000000000001,0,4,3,1,0.5148879850748926,,887.6
10700,-4.300000000000001,0,4,3,1,0.5148879850748926,,887.6
10701,-4.300000000000001,0,4,3,1,0.5148879850748926,,887.7
10702,-4.300000000000001,0,4,3,1,0.5148879850748926,,887.7
10703,5.7,1,4,3,1,0.5148879850748926,,887.7
10704,-2.3000000000000003,0,4,3,1,0.5148879850748926,,887.8
10705,5.7,1,4,3,1,0.5148879850748926,,887.9
10706,-4.300000000000001,0,4,3,1,0.5148879850748926,,887.9
10707,-0.30000000000000004,0,4,3,1,0.5148879850748926,,888.0
10708,5.7,1,4,3,1,0.5148879850748926,,888.0
10709,-4.300000000000001,0,4,3,1,0.5148879850748926,,888.1
10710,-2.3000000000000003,0,4,3,1,0.5148879850748926,,888.1
10711,-4.300000000000001,0,4,3,1,0.5148879850748926,,888.2
10712,-4.300000000000001,0,4,3,1,0.5148879850748926,,888.3
10713,-4.300000000000001,0,4,3,1,0.5148879850748926,,888.3
10714,-4.300000000000001,0,4,3,1,0.5148879850748926,,888.4
10715,5.7,1,4,3,1,0.5148879850748926,,888.4
10716,-4.300000000000001,0,4,3,1,0.5148879850748926,,888.5
10717,-4.300000000000001,0,4,3,1,0.5148879850748926,,888.5
10718,-4.300000000000001,0,4,3,1,0.5148879850748926,,888.6
10719,5.4,1,6,3,1,0.5148879850748926,,888.6
10720,-0.30000000000000004,0,4,3,1,0.5148879850748926,,888.7
10721,-0.30000000000000004,0,4,3,1,0.5148879850748926,,888.7
10722,-2.3000000000000003,0,4,3,1,0.5148879850748926,,888.8
10723,-4.300000000000001,0,4,3,1,0.5148879850748926,,888.8
10724,-4.300000000000001,0,4,3,1,0.5148879850748926,,888.9
10725,-3.4000000000000004,0,5,4,1,0.5148879850748926,,888.9
10726,-2.3000000000000003,0,4,3,1,0.5148879850748926,,889.0
10727,5.7,1,4,3,1,0.5148879850748926,,889.1
10728,-4.300000000000001,0,4,3,1,0.5148879850748926,,889.2
10729,-4.300000000000001,0,4,3,1,0.5148879850748926,,889.2
10730,-4.300000000000001,0,4,3,1,0.5148879850748926,,889.3
10731,5.7,1,4,3,1,0.5148879850748926,,889.3
10732,5.7,1,4,3,1,0.5148879850748926,,889.4
10733,-4.300000000000001,0,4,3,1,0.5148879850748926,,889.4
10734,-4.300000000000001,0,4,3,1,0.5148879850748926,,889.5
10735,5.7,1,4,3,1,0.5148879850748926,,889.5
10736,-0.30000000000000004,0,4,3,1,0.5148879850748926,,889.5
10737,-4.300000000000001,0,4,3,1,0.5148879850748926,,889.6
10738,-4.300000000000001,0,4,3,1,0.5148879850748926,,889.6
10739,-4.300000000000001,0,4,3,1,0.5148879850748926,,889.7
10740,-4.300000000000001,0,4,3,1,0.5148879850748926,,889.7
10741,-4.300000000000001,0,4,3,1,0.5148879850748926,,889.8
10742,-4.300000000000001,0,4,3,1,0.5148879850748926,,889.9
10743,-4.300000000000001,0,4,3,1,0.5148879850748926,,889.9
10744,-2.3000000000000003,0,4,3,1,0.5148879850748926,,890.0
10745,-4.300000000000001,0,4,3,1,0.5148879850748926,,890.0
10746,-4.300000000000001,0,4,3,1,0.5148879850748926,,890.1
10747,-2.3000000000000003,0,4,3,1,0.5148879850748926,,890.1
10748,-4.300000000000001,0,4,3,1,0.5148879850748926,,890.2
10749,-5.6000000000000005,0,6,3,1,0.5148879850748926,,890.3
10750,-4.300000000000001,0,4,3,1,0.5148879850748926,,890.3
10751,-4.300000000000001,0,4,3,1,0.5148879850748926,,890.4
10752,-4.300000000000001,0,4,3,1,0.5148879850748926,,890.5
10753,-2.3000000000000003,0,4,3,1,0.5148879850748926,,890.5
10754,-2.3000000000000003,0,4,3,1,0.5148879850748926,,890.5
10755,-4.300000000000001,0,4,3,1,0.5148879850748926,,890.6
10756,-4.300000000000001,0,4,3,1,0.5148879850748926,,890.7
10757,-5.6000000000000005,0,6,3,1,0.5148879850748926,,890.7
10758,-4.300000000000001,0,4,3,1,0.5148879850748926,,890.8
10759,-4.300000000000001,0,4,3,1,0.5148879850748926,,890.9
10760,-4.300000000000001,0,4,3,1,0.5148879850748926,,890.9
10761,-4.300000000000001,0,4,3,1,0.5148879850748926,,891.0
10762,-4.300000000000001,0,4,3,1,0.5148879850748926,,891.1
10763,-0.30000000000000004,0,4,3,1,0.5148879850748926,,891.2
10764,-2.3000000000000003,0,4,3,1,0.5148879850748926,,891.3
10765,-4.300000000000001,0,4,3,1,0.5148879850748926,,891.3
10766,-4.300000000000001,0,4,3,1,0.5148879850748926,,891.4
10767,-4.300000000000001,0,4,3,1,0.5148879850748926,,891.4
10768,-4.300000000000001,0,4,3,1,0.5148879850748926,,891.5
10769,-4.300000000000001,0,4,3,1,0.5148879850748926,,891.6
10770,5.7,1,4,3,1,0.5148879850748926,,891.6
10771,5.7,1,4,3,1,0.5148879850748926,,891.7
10772,-4.300000000000001,0,4,3,1,0.5148879850748926,,891.8
10773,-4.300000000000001,0,4,3,1,0.5148879850748926,,891.8
10774,-0.30000000000000004,0,4,3,1,0.5148879850748926,,891.9
10775,-4.300000000000001,0,4,3,1,0.5148879850748926,,891.9
10776,-2.3000000000000003,0,4,3,1,0.5148879850748926,,892.0
10777,-4.300000000000001,0,4,3,1,0.5148879850748926,,892.1
10778,-4.300000000000001,0,4,3,1,0.5148879850748926,,892.1
10779,5.7,1,4,3,1,0.5148879850748926,,892.2
10780,-2.3000000000000003,0,4,3,1,0.5148879850748926,,892.2
10781,-0.30000000000000004,0,4,3,1,0.5148879850748926,,892.2
10782,-4.300000000000001,0,4,3,1,0.5148879850748926,,892.3
10783,-2.3000000000000003,0,4,3,1,0.5148879850748926,,892.4
10784,-2.3000000000000003,0,4,3,1,0.5148879850748926,,892.4
10785,-4.300000000000001,0,4,3,1,0.5148879850748926,,892.5
10786,-4.300000000000001,0,4,3,1,0.5148879850748926,,892.6
10787,-2.3000000000000003,0,4,3,1,0.5148879850748926,,892.6
10788,-4.300000000000001,0,4,3,1,0.5148879850748926,,892.7
10789,5.7,1,4,3,1,0.5148879850748926,,892.8
10790,-4.300000000000001,0,4,3,1,0.5148879850748926,,892.8
10791,-4.300000000000001,0,4,3,1,0.5148879850748926,,892.9
10792,-2.3000000000000003,0,4,3,1,0.5148879850748926,,892.9
10793,-4.300000000000001,0,4,3,1,0.5148879850748926,,893.0
10794,-4.300000000000001,0,4,3,1,0.5148879850748926,,893.0
10795,5.7,1,4,3,1,0.5148879850748926,,893.1
10796,-4.300000000000001,0,4,3,1,0.5148879850748926,,893.2
10797,5.7,1,4,3,1,0.5148879850748926,,893.2
10798,-4.300000000000001,0,4,3,1,0.5148879850748926,,893.3
10799,5.7,1,4,3,1,0.5148879850748926,,893.3
10800,-4.300000000000001,0,4,3,1,0.5148879850748926,,893.4
10801,-2.3000000000000003,0,4,3,1,0.5148879850748926,,893.5
10802,-4.300000000000001,0,4,3,1,0.5148879850748926,,893.5
10803,-2.3000000000000003,0,4,3,1,0.5148879850748926,,893.6
10804,-2.3000000000000003,0,4,3,1,0.5148879850748926,,893.7
10805,-0.30000000000000004,0,4,3,1,0.5148879850748926,,893.7
10806,-0.30000000000000004,0,4,3,1,0.5148879850748926,,893.8
10807,-4.300000000000001,0,4,3,1,0.5148879850748926,,893.8
10808,5.4,1,6,3,1,0.5148879850748926,,893.9
10809,-0.30000000000000004,0,4,3,1,0.5148879850748926,,893.9
10810,-2.3000000000000003,0,4,3,1,0.5148879850748926,,894.0
10811,5.7,1,4,3,1,0.5148879850748926,,894.0
10812,-4.300000000000001,0,4,3,1,0.5148879850748926,,894.1
10813,-0.30000000000000004,0,4,3,1,0.5148879850748926,,894.1
10814,-0.30000000000000004,0,4,3,1,0.5148879850748926,,894.1
10815,5.7,1,4,3,1,0.5148879850748926,,894.2
10816,-0.30000000000000004,0,4,3,1,0.5148879850748926,,894.3
10817,-4.300000000000001,0,4,3,1,0.5148879850748926,,894.4
10818,-3.9000000000000004,0,8,3,1,0.5148879850748926,,894.4
10819,-4.300000000000001,0,4,3,1,0.5148879850748926,,894.5
10820,-4.300000000000001,0,4,3,1,0.5148879850748926,,894.5
10821,-0.30000000000000004,0,4,3,1,0.5148879850748926,,894.5
10822,-4.300000000000001,0,4,3,1,0.5148879850748926,,894.6
10823,-0.30000000000000004,0,4,3,1,0.5148879850748926,,894.7
10824,5.7,1,4,3,1,0.5148879850748926,,894.7
10825,-4.300000000000001,0,4,3,1,0.5148879850748926,,894.8
10826,-0.30000000000000004,0,4,3,1,0.5148879850748926,,894.9
10827,-4.300000000000001,0,4,3,1,0.5148879850748926,,894.9
10828,-0.30000000000000004,0,4,3,1,0.5148879850748926,,895.0
10829,-4.300000000000001,0,4,3,1,0.5148879850748926,,895.0
10830,-4.300000000000001,0,4,3,1,0.5148879850748926,,895.1
10831,-4.300000000000001,0,4,3,1,0.5148879850748926,,895.1
10832,-4.300000000000001,0,4,3,1,0.5148879850748926,,895.2
10833,5.7,1,4,3,1,0.5148879850748926,,895.2
10834,-4.300000000000001,0,4,3,1,0.5148879850748926,,895.2
10835,-4.300000000000001,0,4,3,1,0.5148879850748926,,895.3
10836,-4.300000000000001,0,4,3,1,0.5148879850748926,,895.4
10837,-4.300000000000001,0,4,3,1,0.5148879850748926,,895.4
10838,-4.300000000000001,0,4,3,1,0.5148879850748926,,895.5
10839,-4.300000000000001,0,4,3,1,0.5148879850748926,,895.6
10840,-4.300000000000001,0,4,3,1,0.5148879850748926,,895.7
10841,-4.300000000000001,0,4,3,1,0.5148879850748926,,895.7
10842,5.7,1,4,3,1,0.5148879850748926,,895.8
10843,-2.3000000000000003,0,4,3,1,0.5148879850748926,,895.8
10844,-4.300000000000001,0,4,3,1,0.5148879850748926,,895.9
10845,5.7,1,4,3,1,0.5148879850748926,,896.0
10846,-2.3000000000000003,0,4,3,1,0.5148879850748926,,896.0
10847,-0.30000000000000004,0,4,3,1,0.5148879850748926,,896.1
10848,5.7,1,4,3,1,0.5148879850748926,,896.1
10849,-2.3000000000000003,0,4,3,1,0.5148879850748926,,896.1
10850,-4.6000000000000005,0,6,3,1,0.5148879850748926,,896.2
10851,-4.300000000000001,0,4,3,1,0.5148879850748926,,896.2
10852,5.7,1,4,3,1,0.5148879850748926,,896.3
10853,-4.300000000000001,0,4,3,1,0.5148879850748926,,896.4
10854,-4.300000000000001,0,4,3,1,0.5148879850748926,,896.4
10855,-4.300000000000001,0,4,3,1,0.5148879850748926,,896.4
10856,5.7,1,4,3,1,0.5148879850748926,,896.5
10857,-2.3000000000000003,0,4,3,1,0.5148879850748926,,896.5
10858,-2.3000000000000003,0,4,3,1,0.5148879850748926,,896.6
10859,-4.300000000000001,0,4,3,1,0.5148879850748926,,896.7
10860,-4.300000000000001,0,4,3,1,0.5148879850748926,,896.7
10861,-4.300000000000001,0,4,3,1,0.5148879850748926,,896.8
10862,-0.30000000000000004,0,4,3,1,0.5148879850748926,,896.9
10863,5.7,1,4,3,1,0.5148879850748926,,896.9
10864,-4.300000000000001,0,4,3,1,0.5148879850748926,,897.0
10865,-0.30000000000000004,0,4,3,1,0.5148879850748926,,897.0
10866,-4.300000000000001,0,4,3,1,0.5148879850748926,,897.1
10867,-4.300000000000001,0,4,3,1,0.5148879850748926,,897.1
10868,-4.300000000000001,0,4,3,1,0.5148879850748926,,897.2
10869,-4.300000000000001,0,4,3,1,0.5148879850748926,,897.3
10870,-4.300000000000001,0,4,3,1,0.5148879850748926,,897.3
10871,-5.4,0,5,4,1,0.5148879850748926,,897.4
10872,-4.300000000000001,0,4,3,1,0.5148879850748926,,897.5
10873,5.7,1,4,3,1,0.5148879850748926,,897.5
10874,5.7,1,4,3,1,0.5148879850748926,,897.5
10875,-4.300000000000001,0,4,3,1,0.5148879850748926,,897.6
10876,-2.3000000000000003,0,4,3,1,0.5148879850748926,,897.7
10877,-4.300000000000001,0,4,3,1,0.5148879850748926,,897.7
10878,-2.3000000000000003,0,4,3,1,0.5148879850748926,,897.8
10879,-4.300000000000001,0,4,3,1,0.5148879850748926,,897.9
10880,-4.300000000000001,0,4,3,1,0.5148879850748926,,897.9
10881,-0.30000000000000004,0,4,3,1,0.5148879850748926,,898.0
10882,-4.300000000000001,0,4,3,1,0.5148879850748926,,898.1
10883,-0.30000000000000004,0,4,3,1,0.5148879850748926,,898.1
10884,-4.300000000000001,0,4,3,1,0.5148879850748926,,898.1
10885,-4.300000000000001,0,4,3,1,0.5148879850748926,,898.2
10886,-4.300000000000001,0,4,3,1,0.5148879850748926,,898.3
10887,-2.3000000000000003,0,4,3,1,0.5148879850748926,,898.4
10888,-4.300000000000001,0,4,3,1,0.5148879850748926,,898.4
10889,-4.300000000000001,0,4,3,1,0.5148879850748926,,898.4
10890,-4.300000000000001,0,4,3,1,0.5148879850748926,,898.4
10891,-4.300000000000001,0,4,3,1,0.5148879850748926,,898.5
10892,5.7,1,4,3,1,0.5148879850748926,,898.6
10893,-4.300000000000001,0,4,3,1,0.5148879850748926,,898.6
10894,-0.30000000000000004,0,4,3,1,0.5148879850748926,,898.7
10895,-4.300000000000001,0,4,3,1,0.5148879850748926,,898.7
10896,5.7,1,4,3,1,0.5148879850748926,,898.8
10897,-4.300000000000001,0,4,3,1,0.5148879850748926,,898.9
10898,-4.300000000000001,0,4,3,1,0.5148879850748926,,898.9
10899,-4.300000000000001,0,4,3,1,0.5148879850748926,,899.0
10900,-4.300000000000001,0,4,3,1,0.5148879850748926,,899.0
10901,-4.300000000000001,0,4,3,1,0.5148879850748926,,899.1
10902,-4.300000000000001,0,4,3,1,0.5148879850748926,,899.2
10903,5.7,1,4,3,1,0.5148879850748926,,899.2
10904,-4.300000000000001,0,4,3,1,0.5148879850748926,,899.3
10905,-4.300000000000001,0,4,3,1,0.5148879850748926,,899.3
10906,-4.300000000000001,0,4,3,1,0.5148879850748926,,899.4
10907,-4.300000000000001,0,4,3,1,0.5148879850748926,,899.4
10908,-4.300000000000001,0,4,3,1,0.5148879850748926,,899.4
10909,-4.300000000000001,0,4,3,1,0.5148879850748926,,899.5
10910,-4.300000000000001,0,4,3,1,0.5148879850748926,,899.6
10911,5.7,1,4,3,1,0.5148879850748926,,899.6
10912,-4.300000000000001,0,4,3,1,0.5148879850748926,,899.7
10913,-4.300000000000001,0,4,3,1,0.5148879850748926,,899.8
10914,-2.3000000000000003,0,4,3,1,0.5148879850748926,,899.8
10915,-4.300000000000001,0,4,3,1,0.5148879850748926,,899.9
10916,-2.3000000000000003,0,4,3,1,0.5148879850748926,,899.9
10917,-2.3000000000000003,0,4,3,1,0.5148879850748926,,900.0
10918,-4.300000000000001,0,4,3,1,0.5148879850748926,,900.1
10919,-4.300000000000001,0,4,3,1,0.5148879850748926,,900.1
10920,-4.300000000000001,0,4,3,1,0.5148879850748926,,900.2
10921,-4.300000000000001,0,4,3,1,0.5148879850748926,,900.3
10922,-4.300000000000001,0,4,3,1,0.5148879850748926,,900.3
10923,-4.300000000000001,0,4,3,1,0.5148879850748926,,900.4
10924,-0.30000000000000004,0,4,3,1,0.5148879850748926,,900.5
10925,-4.300000000000001,0,4,3,1,0.5148879850748926,,900.5
10926,-0.30000000000000004,0,4,3,1,0.5148879850748926,,900.6
10927,-4.300000000000001,0,4,3,1,0.5148879850748926,,900.7
10928,-2.3000000000000003,0,4,3,1,0.5148879850748926,,900.7
10929,-2.3000000000000003,0,4,3,1,0.5148879850748926,,900.8
10930,5.7,1,4,3,1,0.5148879850748926,,900.8
10931,-0.30000000000000004,0,4,3,1,0.5148879850748926,,900.9
10932,-2.3000000000000003,0,4,3,1,0.5148879850748926,,901.0
10933,-4.300000000000001,0,4,3,1,0.5148879850748926,,901.0
10934,-2.3000000000000003,0,4,3,1,0.5148879850748926,,901.1
10935,-2.3000000000000003,0,4,3,1,0.5148879850748926,,901.2
10936,-4.300000000000001,0,4,3,1,0.5148879850748926,,901.2
10937,-4.300000000000001,0,4,3,1,0.5148879850748926,,901.3
10938,-4.300000000000001,0,4,3,1,0.5148879850748926,,901.4
10939,-0.30000000000000004,0,4,3,1,0.5148879850748926,,901.4
10940,5.7,1,4,3,1,0.5148879850748926,,901.5
10941,-2.3000000000000003,0,4,3,1,0.5148879850748926,,901.5
10942,-2.3000000000000003,0,4,3,1,0.5148879850748926,,901.6
10943,5.7,1,4,3,1,0.5148879850748926,,901.7
10944,5.7,1,4,3,1,0.5148879850748926,,901.7
10945,-0.30000000000000004,0,4,3,1,0.5148879850748926,,901.8
10946,-4.300000000000001,0,4,3,1,0.5148879850748926,,901.8
10947,-4.300000000000001,0,4,3,1,0.5148879850748926,,901.9
10948,5.7,1,4,3,1,0.5148879850748926,,902.0
10949,-4.300000000000001,0,4,3,1,0.5148879850748926,,902.0
10950,-4.6000000000000005,0,6,3,1,0.5148879850748926,,902.1
10951,-4.300000000000001,0,4,3,1,0.5148879850748926,,902.1
10952,5.7,1,4,3,1,0.5148879850748926,,902.2
10953,-4.300000000000001,0,4,3,1,0.5148879850748926,,902.2
10954,-4.300000000000001,0,4,3,1,0.5148879850748926,,902.3
10955,-4.300000000000001,0,4,3,1,0.5148879850748926,,902.4
10956,-4.300000000000001,0,4,3,1,0.5148879850748926,,902.4
10957,-2.3000000000000003,0,4,3,1,0.5148879850748926,,902.5
10958,-4.300000000000001,0,4,3,1,0.5148879850748926,,902.6
10959,-4.300000000000001,0,4,3,1,0.5148879850748926,,902.6
10960,-4.300000000000001,0,4,3,1,0.5148879850748926,,902.7
10961,-4.300000000000001,0,4,3,1,0.5148879850748926,,902.8
10962,5.7,1,4,3,1,0.5148879850748926,,902.8
10963,-4.300000000000001,0,4,3,1,0.5148879850748926,,902.9
10964,-2.3000000000000003,0,4,3,1,0.5148879850748926,,902.9
10965,-2.3000000000000003,0,4,3,1,0.5148879850748926,,903.0
10966,-4.300000000000001,0,4,3,1,0.5148879850748926,,903.1
10967,-0.30000000000000004,0,4,3,1,0.5148879850748926,,903.1
10968,-4.300000000000001,0,4,3,1,0.5148879850748926,,903.2
10969,-4.300000000000001,0,4,3,1,0.5148879850748926,,903.2
10970,5.7,1,4,3,1,0.5148879850748926,,903.3
10971,5.7,1,4,3,1,0.5148879850748926,,903.3
10972,-4.300000000000001,0,4,3,1,0.5148879850748926,,903.4
10973,-4.300000000000001,0,4,3,1,0.5148879850748926,,903.4
10974,-4.300000000000001,0,4,3,1,0.5148879850748926,,903.5
10975,-2.3000000000000003,0,4,3,1,0.5148879850748926,,903.6
10976,5.4,1,6,3,1,0.5148879850748926,,903.7
10977,-4.300000000000001,0,4,3,1,0.5148879850748926,,903.7
10978,-4.300000000000001,0,4,3,1,0.5148879850748926,,903.8
10979,-4.300000000000001,0,4,3,1,0.5148879850748926,,903.9
10980,-4.300000000000001,0,4,3,1,0.5148879850748926,,903.9
10981,-4.300000000000001,0,4,3,1,0.5148879850748926,,904.0
10982,-4.300000000000001,0,4,3,1,0.5148879850748926,,904.0
10983,-0.30000000000000004,0,4,3,1,0.5148879850748926,,904.1
10984,-4.300000000000001,0,4,3,1,0.5148879850748926,,904.1
10985,-4.300000000000001,0,4,3,1,0.5148879850748926,,904.2
10986,-4.300000000000001,0,4,3,1,0.5148879850748926,,904.3
10987,5.7,1,4,3,1,0.5148879850748926,,904.3
10988,-4.300000000000001,0,4,3,1,0.5148879850748926,,904.4
10989,-2.3000000000000003,0,4,3,1,0.5148879850748926,,904.4
10990,5.7,1,4,3,1,0.5148879850748926,,904.5
10991,-2.3000000000000003,0,4,3,1,0.5148879850748926,,904.6
10992,-4.300000000000001,0,4,3,1,0.5148879850748926,,904.6
10993,-4.300000000000001,0,4,3,1,0.5148879850748926,,904.7
10994,-4.300000000000001,0,4,3,1,0.5148879850748926,,904.8
10995,-0.30000000000000004,0,4,3,1,0.5148879850748926,,904.8
10996,-4.300000000000001,0,4,3,1,0.5148879850748926,,904.9
10997,-4.300000000000001,0,4,3,1,0.5148879850748926,,905.0
10998,-0.30000000000000004,0,4,3,1,0.5148879850748926,,905.0
10999,-4.300000000000001,0,4,3,1,0.5148879850748926,,905.1
11000,-4.300000000000001,0,4,3,1,0.5148879850748926,,905.1
11001,-0.30000000000000004,0,4,3,1,0.5148879850748926,,910.0
11002,-2.3000000000000003,0,4,3,1,0.5148879850748926,,910.0
11003,-2.3000000000000003,0,4,3,1,0.5148879850748926,,910.1
11004,-3.4000000000000004,0,5,4,1,0.5148879850748926,,910.2
11005,-4.300000000000001,0,4,3,1,0.5148879850748926,,910.2
11006,-4.300000000000001,0,4,3,1,0.5148879850748926,,910.3
11007,-0.30000000000000004,0,4,3,1,0.5148879850748926,,910.3
11008,-4.300000000000001,0,4,3,1,0.5148879850748926,,910.4
11009,-4.300000000000001,0,4,3,1,0.5148879850748926,,910.4
11010,5.7,1,4,3,1,0.5148879850748926,,910.5
11011,5.7,1,4,3,1,0.5148879850748926,,910.6
11012,-2.3000000000000003,0,4,3,1,0.5148879850748926,,910.6
11013,-4.300000000000001,0,4,3,1,0.5148879850748926,,910.7
11014,-4.300000000000001,0,4,3,1,0.5148879850748926,,910.8
11015,-2.3000000000000003,0,4,3,1,0.5148879850748926,,910.8
11016,-4.300000000000001,0,4,3,1,0.5148879850748926,,910.9
11017,-4.300000000000001,0,4,3,1,0.5148879850748926,,911.0
11018,-2.3000000000000003,0,4,3,1,0.5148879850748926,,911.1
11019,-4.300000000000001,0,4,3,1,0.5148879850748926,,911.1
11020,-4.300000000000001,0,4,3,1,0.5148879850748926,,911.2
11021,-2.3000000000000003,0,4,3,1,0.5148879850748926,,911.2
11022,-2.3000000000000003,0,4,3,1,0.5148879850748926,,911.3
11023,-4.300000000000001,0,4,3,1,0.5148879850748926,,911.3
11024,-0.30000000000000004,0,4,3,1,0.5148879850748926,,911.4
11025,-4.300000000000001,0,4,3,1,0.5148879850748926,,911.5
11026,-2.3000000000000003,0,4,3,1,0.5148879850748926,,911.5
11027,-4.300000000000001,0,4,3,1,0.5148879850748926,,911.6
11028,-4.300000000000001,0,4,3,1,0.5148879850748926,,911.6
11029,-0.30000000000000004,0,4,3,1,0.5148879850748926,,911.7
11030,-4.300000000000001,0,4,3,1,0.5148879850748926,,911.7
11031,-4.300000000000001,0,4,3,1,0.5148879850748926,,911.8
11032,-0.30000000000000004,0,4,3,1,0.5148879850748926,,911.9
11033,-4.300000000000001,0,4,3,1,0.5148879850748926,,912.0
11034,-4.300000000000001,0,4,3,1,0.5148879850748926,,912.0
11035,-4.300000000000001,0,4,3,1,0.5148879850748926,,912.1
11036,-2.3000000000000003,0,4,3,1,0.5148879850748926,,912.1
11037,-0.6000000000000001,0,6,3,1,0.5148879850748926,,912.1
11038,-4.300000000000001,0,4,3,1,0.5148879850748926,,912.2
11039,-4.300000000000001,0,4,3,1,0.5148879850748926,,912.2
11040,-0.30000000000000004,0,4,3,1,0.5148879850748926,,912.3
11041,-4.300000000000001,0,4,3,1,0.5148879850748926,,912.4
11042,-2.3000000000000003,0,4,3,1,0.5148879850748926,,912.5
11043,-4.300000000000001,0,4,3,1,0.5148879850748926,,912.5
11044,-4.300000000000001,0,4,3,1,0.5148879850748926,,912.6
11045,-4.300000000000001,0,4,3,1,0.5148879850748926,,912.6
11046,-2.3000000000000003,0,4,3,1,0.5148879850748926,,912.7
11047,5.7,1,4,3,1,0.5148879850748926,,912.7
11048,-2.3000000000000003,0,4,3,1,0.5148879850748926,,912.8
11049,-4.300000000000001,0,4,3,1,0.5148879850748926,,912.8
11050,-2.3000000000000003,0,4,3,1,0.5148879850748926,,912.9
11051,-4.300000000000001,0,4,3,1,0.5148879850748926,,913.0
11052,-4.300000000000001,0,4,3,1,0.5148879850748926,,913.1
11053,-4.300000000000001,0,4,3,1,0.5148879850748926,,913.1
11054,-0.30000000000000004,0,4,3,1,0.5148879850748926,,913.1
11055,-4.300000000000001,0,4,3,1,0.5148879850748926,,913.2
11056,-4.300000000000001,0,4,3,1,0.5148879850748926,,913.3
11057,-4.300000000000001,0,4,3,1,0.5148879850748926,,913.4
11058,-0.30000000000000004,0,4,3,1,0.5148879850748926,,913.4
11059,-2.3000000000000003,0,4,3,1,0.5148879850748926,,913.5
11060,-4.300000000000001,0,4,3,1,0.5148879850748926,,913.6
11061,-2.3000000000000003,0,4,3,1,0.5148879850748926,,913.6
11062,-4.300000000000001,0,4,3,1,0.5148879850748926,,913.7
11063,5.7,1,4,3,1,0.5148879850748926,,913.8
11064,5.7,1,4,3,1,0.5148879850748926,,913.8
11065,-4.300000000000001,0,4,3,1,0.5148879850748926,,913.9
11066,-2.3000000000000003,0,4,3,1,0.5148879850748926,,913.9
11067,-2.3000000000000003,0,4,3,1,0.5148879850748926,,914.0
11068,5.7,1,4,3,1,0.5148879850748926,,914.1
11069,-4.300000000000001,0,4,3,1,0.5148879850748926,,914.1
11070,-4.300000000000001,0,4,3,1,0.5148879850748926,,914.2
11071,-0.30000000000000004,0,4,3,1,0.5148879850748926,,914.3
11072,-2.3000000000000003,0,4,3,1,0.5148879850748926,,914.3
11073,-4.300000000000001,0,4,3,1,0.5148879850748926,,914.4
11074,-2.3000000000000003,0,4,3,1,0.5148879850748926,,914.5
11075,-4.300000000000001,0,4,3,1,0.5148879850748926,,914.5
11076,-4.300000000000001,0,4,3,1,0.5148879850748926,,914.6
11077,-4.300000000000001,0,4,3,1,0.5148879850748926,,914.6
11078,-4.300000000000001,0,4,3,1,0.5148879850748926,,914.6
11079,-4.300000000000001,0,4,3,1,0.5148879850748926,,914.7
11080,-4.300000000000001,0,4,3,1,0.5148879850748926,,914.8
11081,-0.30000000000000004,0,4,3,1,0.5148879850748926,,914.9
11082,-2.3000000000000003,0,4,3,1,0.5148879850748926,,914.9
11083,-4.300000000000001,0,4,3,1,0.5148879850748926,,915.0
11084,-4.300000000000001,0,4,3,1,0.5148879850748926,,915.0
11085,5.7,1,4,3,1,0.5148879850748926,,915.1
11086,-4.300000000000001,0,4,3,1,0.5148879850748926,,915.2
11087,-4.300000000000001,0,4,3,1,0.5148879850748926,,915.2
11088,-4.300000000000001,0,4,3,1,0.5148879850748926,,915.3
11089,-4.300000000000001,0,4,3,1,0.5148879850748926,,915.3
11090,-4.300000000000001,0,4,3,1,0.5148879850748926,,915.4
11091,-4.300000000000001,0,4,3,1,0.5148879850748926,,915.4
11092,-4.300000000000001,0,4,3,1,0.5148879850748926,,915.4
11093,-4.300000000000001,0,4,3,1,0.5148879850748926,,915.5
11094,-4.300000000000001,0,4,3,1,0.5148879850748926,,915.6
11095,-2.3000000000000003,0,4,3,1,0.5148879850748926,,915.6
11096,-4.300000000000001,0,4,3,1,0.5148879850748926,,915.7
11097,-4.300000000000001,0,4,3,1,0.5148879850748926,,915.7
11098,-4.300000000000001,0,4,3,1,0.5148879850748926,,915.8
11099,-4.300000000000001,0,4,3,1,0.5148879850748926,,915.8
11100,-0.30000000000000004,0,4,3,1,0.5148879850748926,,915.9
11101,-4.300000000000001,0,4,3,1,0.5148879850748926,,916.0
11102,-4.300000000000001,0,4,3,1,0.5148879850748926,,916.0
11103,-4.300000000000001,0,4,3,1,0.5148879850748926,,916.1
11104,-4.300000000000001,0,4,3,1,0.5148879850748926,,916.1
11105,-0.30000000000000004,0,4,3,1,0.5148879850748926,,916.2
11106,5.7,1,4,3,1,0.5148879850748926,,916.2
11107,-2.3000000000000003,0,4,3,1,0.5072831779252738,1.8943172749131918,916.9
11108,-4.300000000000001,0,4,3,1,0.5072831779252738,,917.0
11109,5.7,1,4,3,1,0.5072831779252738,,917.0
11110,5.7,1,4,3,1,0.5072831779252738,,917.1
11111,5.7,1,4,3,1,0.5072831779252738,,917.1
11112,5.7,1,4,3,1,0.5072831779252738,,917.2
11113,-4.300000000000001,0,4,3,1,0.5072831779252738,,917.2
11114,-4.300000000000001,0,4,3,1,0.5072831779252738,,917.3
11115,-4.300000000000001,0,4,3,1,0.5072831779252738,,917.4
11116,5.7,1,4,3,1,0.5072831779252738,,917.4
11117,-4.300000000000001,0,4,3,1,0.5072831779252738,,917.4
11118,-4.300000000000001,0,4,3,1,0.5072831779252738,,917.5
11119,-4.300000000000001,0,4,3,1,0.5072831779252738,,917.5
11120,-2.3000000000000003,0,4,3,1,0.5072831779252738,,917.6
11121,-2.3000000000000003,0,4,3,1,0.5072831779252738,,917.6
11122,-4.300000000000001,0,4,3,1,0.5072831779252738,,917.7
11123,-2.3000000000000003,0,4,3,1,0.5072831779252738,,917.7
11124,-4.300000000000001,0,4,3,1,0.5072831779252738,,917.8
11125,-4.300000000000001,0,4,3,1,0.5072831779252738,,917.9
11126,5.7,1,4,3,1,0.5072831779252738,,917.9
11127,-4.300000000000001,0,4,3,1,0.5072831779252738,,918.0
11128,-2.3000000000000003,0,4,3,1,0.5072831779252738,,918.0
11129,-1.4000000000000001,0,5,4,1,0.5072831779252738,,918.1
11130,-2.3000000000000003,0,4,3,1,0.5072831779252738,,918.1
11131,-4.300000000000001,0,4,3,1,0.5072831779252738,,918.2
11132,-4.300000000000001,0,4,3,1,0.5072831779252738,,918.2
11133,-2.3000000000000003,0,4,3,1,0.5072831779252738,,918.3
11134,-4.300000000000001,0,4,3,1,0.5072831779252738,,918.3
11135,-0.30000000000000004,0,4,3,1,0.5072831779252738,,918.4
11136,-4.300000000000001,0,4,3,1,0.5072831779252738,,918.5
11137,-4.300000000000001,0,4,3,1,0.5072831779252738,,918.5
11138,-2.3000000000000003,0,4,3,1,0.5072831779252738,,918.6
11139,-2.3000000000000003,0,4,3,1,0.5072831779252738,,918.6
11140,-2.3000000000000003,0,4,3,1,0.5072831779252738,,918.7
11141,-2.3000000000000003,0,4,3,1,0.5072831779252738,,918.7
11142,-4.300000000000001,0,4,3,1,0.5072831779252738,,918.7
11143,-4.300000000000001,0,4,3,1,0.5072831779252738,,918.8
11144,-2.3000000000000003,0,4,3,1,0.5072831779252738,,918.8
11145,5.7,1,4,3,1,0.5072831779252738,,918.9
11146,-4.300000000000001,0,4,3,1,0.5072831779252738,,918.9
11147,-2.3000000000000003,0,4,3,1,0.5072831779252738,,919.0
11148,-2.3000000000000003,0,4,3,1,0.5072831779252738,,919.1
11149,-4.300000000000001,0,4,3,1,0.5072831779252738,,919.1
11150,-4.300000000000001,0,4,3,1,0.5072831779252738,,919.2
11151,-0.30000000000000004,0,4,3,1,0.5072831779252738,,919.2
11152,-4.300000000000001,0,4,3,1,0.5072831779252738,,919.3
11153,-4.300000000000001,0,4,3,1,0.5072831779252738,,919.4
11154,-0.30000000000000004,0,4,3,1,0.5072831779252738,,919.5
11155,-4.300000000000001,0,4,3,1,0.5072831779252738,,919.5
11156,-0.30000000000000004,0,4,3,1,0.5072831779252738,,919.6
11157,-4.300000000000001,0,4,3,1,0.5072831779252738,,919.7
11158,-4.300000000000001,0,4,3,1,0.5072831779252738,,919.7
11159,-0.30000000000000004,0,4,3,1,0.5072831779252738,,919.8
11160,-4.300000000000001,0,4,3,1,0.5072831779252738,,919.9
11161,5.7,1,4,3,1,0.5072831779252738,,919.9
11162,-4.300000000000001,0,4,3,1,0.5072831779252738,,920.0
11163,-4.300000000000001,0,4,3,1,0.5072831779252738,,920.0
11164,-4.300000000000001,0,4,3,1,0.5072831779252738,,920.1
11165,-0.30000000000000004,0,4,3,1,0.5072831779252738,,920.1
11166,-4.6000000000000005,0,6,3,1,0.5072831779252738,,920.2
11167,-4.300000000000001,0,4,3,1,0.5072831779252738,,920.2
11168,-4.300000000000001,0,4,3,1,0.5072831779252738,,920.3
11169,5.7,1,4,3,1,0.5072831779252738,,920.4
11170,-0.30000000000000004,0,4,3,1,0.5072831779252738,,920.4
11171,-4.300000000000001,0,4,3,1,0.5072831779252738,,920.5
11172,-0.30000000000000004,0,4,3,1,0.5072831779252738,,920.6
11173,-4.300000000000001,0,4,3,1,0.5072831779252738,,920.6
11174,-4.300000000000001,0,4,3,1,0.5072831779252738,,920.6
11175,-4.300000000000001,0,4,3,1,0.5072831779252738,,920.7
11176,-4.300000000000001,0,4,3,1,0.5072831779252738,,920.7
11177,-4.300000000000001,0,4,3,1,0.5072831779252738,,920.8
11178,-4.300000000000001,0,4,3,1,0.5072831779252738,,920.9
11179,-4.300000000000001,0,4,3,1,0.5072831779252738,,920.9
11180,-4.300000000000001,0,4,3,1,0.5072831779252738,,921.0
11181,-4.300000000000001,0,4,3,1,0.5072831779252738,,921.0
11182,-4.300000000000001,0,4,3,1,0.5072831779252738,,921.1
11183,-0.30000000000000004,0,4,3,1,0.5072831779252738,,921.2
11184,-2.3000000000000003,0,4,3,1,0.5072831779252738,,921.2
11185,5.7,1,4,3,1,0.5072831779252738,,921.3
11186,-4.300000000000001,0,4,3,1,0.5072831779252738,,921.3
11187,-4.300000000000001,0,4,3,1,0.5072831779252738,,921.4
11188,-4.300000000000001,0,4,3,1,0.5072831779252738,,921.4
11189,5.7,1,4,3,1,0.5072831779252738,,921.5
11190,-4.300000000000001,0,4,3,1,0.5072831779252738,,921.5
11191,-2.3000000000000003,0,4,3,1,0.5072831779252738,,921.6
11192,-4.300000000000001,0,4,3,1,0.5072831779252738,,921.7
11193,-4.300000000000001,0,4,3,1,0.5072831779252738,,921.8
11194,5.7,1,4,3,1,0.5072831779252738,,921.9
11195,-4.300000000000001,0,4,3,1,0.5072831779252738,,921.9
11196,-4.300000000000001,0,4,3,1,0.5072831779252738,,922.0
11197,-2.3000000000000003,0,4,3,1,0.5072831779252738,,922.0
11198,-2.3000000000000003,0,4,3,1,0.5072831779252738,,922.1
11199,-0.30000000000000004,0,4,3,1,0.5072831779252738,,922.1
11200,-4.300000000000001,0,4,3,1,0.5072831779252738,,922.1
11201,-4.300000000000001,0,4,3,1,0.5072831779252738,,922.2
11202,-0.30000000000000004,0,4,3,1,0.5072831779252738,,922.3
11203,-2.3000000000000003,0,4,3,1,0.5072831779252738,,922.3
11204,-2.3000000000000003,0,4,3,1,0.5072831779252738,,922.4
11205,-4.300000000000001,0,4,3,1,0.5072831779252738,,922.4
11206,-4.300000000000001,0,4,3,1,0.5072831779252738,,922.4
11207,-0.30000000000000004,0,4,3,1,0.5072831779252738,,922.5
11208,-2.3000000000000003,0,4,3,1,0.5072831779252738,,922.6
11209,-5.4,0,5,4,1,0.5072831779252738,,922.7
11210,-0.30000000000000004,0,4,3,1,0.5072831779252738,,922.8
11211,-2.3000000000000003,0,4,3,1,0.5072831779252738,,922.8
11212,5.7,1,4,3,1,0.5072831779252738,,922.9
11213,-2.3000000000000003,0,4,3,1,0.5072831779252738,,922.9
11214,-4.300000000000001,0,4,3,1,0.5072831779252738,,923.0
11215,-4.300000000000001,0,4,3,1,0.5072831779252738,,923.0
11216,-0.30000000000000004,0,4,3,1,0.5072831779252738,,923.1
11217,-4.300000000000001,0,4,3,1,0.5072831779252738,,923.1
11218,-4.300000000000001,0,4,3,1,0.5072831779252738,,923.2
11219,-4.300000000000001,0,4,3,1,0.5072831779252738,,923.3
11220,-0.30000000000000004,0,4,3,1,0.5072831779252738,,923.4
11221,-0.30000000000000004,0,4,3,1,0.5072831779252738,,923.4
11222,-2.6,0,6,3,1,0.5072831779252738,,923.5
11223,-4.300000000000001,0,4,3,1,0.5072831779252738,,923.6
11224,-4.300000000000001,0,4,3,1,0.5072831779252738,,923.7
11225,-2.3000000000000003,0,4,3,1,0.5072831779252738,,923.7
11226,-4.300000000000001,0,4,3,1,0.5072831779252738,,923.8
11227,-4.300000000000001,0,4,3,1,0.5072831779252738,,923.9
11228,-0.30000000000000004,0,4,3,1,0.5072831779252738,,924.0
11229,-4.300000000000001,0,4,3,1,0.5072831779252738,,924.0
11230,-4.300000000000001,0,4,3,1,0.5072831779252738,,924.1
11231,5.7,1,4,3,1,0.5072831779252738,,924.1
11232,-0.30000000000000004,0,4,3,1,0.5072831779252738,,924.2
11233,-4.300000000000001,0,4,3,1,0.5072831779252738,,924.2
11234,-4.300000000000001,0,4,3,1,0.5072831779252738,,924.3
11235,-4.300000000000001,0,4,3,1,0.5072831779252738,,924.3
11236,-4.300000000000001,0,4,3,1,0.5072831779252738,,924.4
11237,5.7,1,4,3,1,0.5072831779252738,,924.5
11238,-0.30000000000000004,0,4,3,1,0.5072831779252738,,924.5
11239,5.7,1,4,3,1,0.5072831779252738,,924.6
11240,5.7,1,4,3,1,0.5072831779252738,,924.6
11241,-4.300000000000001,0,4,3,1,0.5072831779252738,,924.7
11242,-2.3000000000000003,0,4,3,1,0.5072831779252738,,924.8
11243,-4.300000000000001,0,4,3,1,0.5072831779252738,,924.8
11244,-4.300000000000001,0,4,3,1,0.5072831779252738,,924.8
11245,5.7,1,4,3,1,0.5072831779252738,,924.9
11246,5.4,1,6,3,1,0.5072831779252738,,924.9
11247,-4.300000000000001,0,4,3,1,0.5072831779252738,,925.0
11248,-4.300000000000001,0,4,3,1,0.5072831779252738,,925.0
11249,-4.300000000000001,0,4,3,1,0.5072831779252738,,925.1
11250,-2.3000000000000003,0,4,3,1,0.5072831779252738,,925.2
11251,-4.300000000000001,0,4,3,1,0.5072831779252738,,925.2
11252,-4.300000000000001,0,4,3,1,0.5072831779252738,,925.3
11253,-4.300000000000001,0,4,3,1,0.5072831779252738,,925.3
11254,-2.3000000000000003,0,4,3,1,0.5072831779252738,,925.4
11255,-2.3000000000000003,0,4,3,1,0.5072831779252738,,925.4
11256,-4.300000000000001,0,4,3,1,0.5072831779252738,,925.5
11257,-2.3000000000000003,0,4,3,1,0.5072831779252738,,925.6
11258,-4.300000000000001,0,4,3,1,0.5072831779252738,,925.6
11259,-4.300000000000001,0,4,3,1,0.5072831779252738,,925.7
11260,-4.300000000000001,0,4,3,1,0.5072831779252738,,925.8
11261,-4.300000000000001,0,4,3,1,0.5072831779252738,,925.9
11262,-4.300000000000001,0,4,3,1,0.5072831779252738,,925.9
11263,-4.300000000000001,0,4,3,1,0.5072831779252738,,926.0
11264,-4.300000000000001,0,4,3,1,0.5072831779252738,,926.1
11265,5.7,1,4,3,1,0.5072831779252738,,926.1
11266,-4.300000000000001,0,4,3,1,0.5072831779252738,,926.2
11267,-4.300000000000001,0,4,3,1,0.5072831779252738,,926.3
11268,-4.300000000000001,0,4,3,1,0.5072831779252738,,926.4
11269,-4.300000000000001,0,4,3,1,0.5072831779252738,,926.4
11270,5.7,1,4,3,1,0.5072831779252738,,926.4
11271,5.7,1,4,3,1,0.5072831779252738,,926.5
11272,-0.30000000000000004,0,4,3,1,0.5072831779252738,,926.5
11273,-0.30000000000000004,0,4,3,1,0.5072831779252738,,926.6
11274,-4.300000000000001,0,4,3,1,0.5072831779252738,,926.6
11275,-0.30000000000000004,0,4,3,1,0.5072831779252738,,926.7
11276,-0.30000000000000004,0,4,3,1,0.5072831779252738,,926.7
11277,-4.300000000000001,0,4,3,1,0.5072831779252738,,926.8
11278,-2.3000000000000003,0,4,3,1,0.5072831779252738,,926.9
11279,5.7,1,4,3,1,0.5072831779252738,,927.0
11280,-0.30000000000000004,0,4,3,1,0.5072831779252738,,927.0
11281,-4.300000000000001,0,4,3,1,0.5072831779252738,,927.0
11282,-4.300000000000001,0,4,3,1,0.5072831779252738,,927.1
11283,5.7,1,4,3,1,0.5072831779252738,,927.2
11284,-0.30000000000000004,0,4,3,1,0.5072831779252738,,927.2
11285,-0.30000000000000004,0,4,3,1,0.5072831779252738,,927.3
11286,-4.300000000000001,0,4,3,1,0.5072831779252738,,927.3
11287,-4.300000000000001,0,4,3,1,0.5072831779252738,,927.4
11288,-4.300000000000001,0,4,3,1,0.5072831779252738,,927.4
11289,-4.300000000000001,0,4,3,1,0.5072831779252738,,927.5
11290,-4.300000000000001,0,4,3,1,0.5072831779252738,,927.6
11291,-4.300000000000001,0,4,3,1,0.5072831779252738,,927.6
11292,-4.300000000000001,0,4,3,1,0.5072831779252738,,927.6
11293,-4.300000000000001,0,4,3,1,0.5072831779252738,,927.7
11294,-0.30000000000000004,0,4,3,1,0.5072831779252738,,927.7
11295,-2.3000000000000003,0,4,3,1,0.5072831779252738,,927.8
11296,-2.3000000000000003,0,4,3,1,0.5072831779252738,,927.8
11297,5.7,1,4,3,1,0.5072831779252738,,927.8
11298,-4.300000000000001,0,4,3,1,0.5072831779252738,,927.9
11299,-4.300000000000001,0,4,3,1,0.5072831779252738,,928.0
11300,-4.300000000000001,0,4,3,1,0.5072831779252738,,928.1
11301,-2.3000000000000003,0,4,3,1,0.5072831779252738,,928.1
11302,-0.30000000000000004,0,4,3,1,0.5072831779252738,,928.2
11303,5.7,1,4,3,1,0.5072831779252738,,928.3
11304,-0.30000000000000004,0,4,3,1,0.5072831779252738,,928.3
11305,-4.300000000000001,0,4,3,1,0.5072831779252738,,928.3
11306,-4.300000000000001,0,4,3,1,0.5072831779252738,,928.3
11307,-2.3000000000000003,0,4,3,1,0.5072831779252738,,928.4
11308,-2.3000000000000003,0,4,3,1,0.5072831779252738,,928.5
11309,-4.300000000000001,0,4,3,1,0.5072831779252738,,928.5
11310,-4.300000000000001,0,4,3,1,0.5072831779252738,,928.6
11311,-4.300000000000001,0,4,3,1,0.5072831779252738,,928.6
11312,-4.6000000000000005,0,6,3,1,0.5072831779252738,,928.7
11313,5.7,1,4,3,1,0.5072831779252738,,928.8
11314,-4.300000000000001,0,4,3,1,0.5072831779252738,,928.8
11315,-4.300000000000001,0,4,3,1,0.5072831779252738,,928.9
11316,-4.300000000000001,0,4,3,1,0.5072831779252738,,928.9
11317,-4.300000000000001,0,4,3,1,0.5072831779252738,,929.0
11318,-4.300000000000001,0,4,3,1,0.5072831779252738,,929.0
11319,-4.300000000000001,0,4,3,1,0.5072831779252738,,929.1
11320,-4.300000000000001,0,4,3,1,0.5072831779252738,,929.1
11321,5.7,1,4,3,1,0.5072831779252738,,929.2
11322,-4.300000000000001,0,4,3,1,0.5072831779252738,,929.3
11323,-4.300000000000001,0,4,3,1,0.5072831779252738,,929.3
11324,5.7,1,4,3,1,0.5072831779252738,,929.3
11325,-4.300000000000001,0,4,3,1,0.5072831779252738,,929.4
11326,-4.300000000000001,0,4,3,1,0.5072831779252738,,929.5
11327,-4.300000000000001,0,4,3,1,0.5072831779252738,,929.5
11328,-4.300000000000001,0,4,3,1,0.5072831779252738,,929.6
11329,5.7,1,4,3,1,0.5072831779252738,,929.7
11330,5.7,1,4,3,1,0.5072831779252738,,929.7
11331,-4.300000000000001,0,4,3,1,0.5072831779252738,,929.8
11332,-4.300000000000001,0,4,3,1,0.5072831779252738,,929.8
11333,-2.3000000000000003,0,4,3,1,0.5072831779252738,,929.9
11334,-4.300000000000001,0,4,3,1,0.5072831779252738,,929.9
11335,-2.3000000000000003,0,4,3,1,0.5072831779252738,,930.0
11336,5.7,1,4,3,1,0.5072831779252738,,930.0
11337,-4.300000000000001,0,4,3,1,0.5072831779252738,,930.1
11338,-4.300000000000001,0,4,3,1,0.5072831779252738,,930.1
11339,5.7,1,4,3,1,0.5072831779252738,,930.2
11340,-4.300000000000001,0,4,3,1,0.5072831779252738,,930.3
11341,-4.300000000000001,0,4,3,1,0.5072831779252738,,930.3
11342,-4.6000000000000005,0,6,3,1,0.5072831779252738,,930.4
11343,-4.300000000000001,0,4,3,1,0.5072831779252738,,930.4
11344,-4.300000000000001,0,4,3,1,0.5072831779252738,,930.5
11345,-2.3000000000000003,0,4,3,1,0.5072831779252738,,930.5
11346,-4.300000000000001,0,4,3,1,0.5072831779252738,,930.6
11347,5.7,1,4,3,1,0.5072831779252738,,930.6
11348,-2.3000000000000003,0,4,3,1,0.5072831779252738,,930.7
11349,-4.300000000000001,0,4,3,1,0.5072831779252738,,930.8
11350,5.7,1,4,3,1,0.5072831779252738,,930.8
11351,-4.300000000000001,0,4,3,1,0.5072831779252738,,930.9
11352,-4.300000000000001,0,4,3,1,0.5072831779252738,,930.9
11353,-4.300000000000001,0,4,3,1,0.5072831779252738,,931.0
11354,-2.3000000000000003,0,4,3,1,0.5072831779252738,,931.0
11355,-4.300000000000001,0,4,3,1,0.5072831779252738,,931.1
11356,-4.300000000000001,0,4,3,1,0.5072831779252738,,931.1
11357,-2.3000000000000003,0,4,3,1,0.5072831779252738,,931.2
11358,-4.300000000000001,0,4,3,1,0.5072831779252738,,931.2
11359,-2.3000000000000003,0,4,3,1,0.5072831779252738,,931.3
11360,-2.3000000000000003,0,4,3,1,0.5072831779252738,,931.4
11361,5.7,1,4,3,1,0.5072831779252738,,931.4
11362,-2.3000000000000003,0,4,3,1,0.5072831779252738,,931.5
11363,5.7,1,4,3,1,0.5072831779252738,,931.5
11364,-4.300000000000001,0,4,3,1,0.5072831779252738,,931.6
11365,-4.300000000000001,0,4,3,1,0.5072831779252738,,931.7
11366,-2.3000000000000003,0,4,3,1,0.5072831779252738,,931.8
11367,-0.30000000000000004,0,4,3,1,0.5072831779252738,,931.8
11368,-2.3000000000000003,0,4,3,1,0.5072831779252738,,931.9
11369,5.7,1,4,3,1,0.5072831779252738,,932.0
11370,-2.3000000000000003,0,4,3,1,0.5072831779252738,,932.0
11371,-4.300000000000001,0,4,3,1,0.5072831779252738,,932.1
11372,-4.300000000000001,0,4,3,1,0.5072831779252738,,932.2
11373,-4.300000000000001,0,4,3,1,0.5072831779252738,,932.2
11374,-2.3000000000000003,0,4,3,1,0.5072831779252738,,932.3
11375,-4.300000000000001,0,4,3,1,0.5072831779252738,,932.3
11376,-4.300000000000001,0,4,3,1,0.5072831779252738,,932.4
11377,5.7,1,4,3,1,0.5072831779252738,,932.5
11378,-4.300000000000001,0,4,3,1,0.5072831779252738,,932.5
11379,-4.300000000000001,0,4,3,1,0.5072831779252738,,932.6
11380,-4.300000000000001,0,4,3,1,0.5072831779252738,,932.7
11381,-4.300000000000001,0,4,3,1,0.5072831779252738,,932.7
11382,-4.300000000000001,0,4,3,1,0.5072831779252738,,932.8
11383,-2.3000000000000003,0,4,3,1,0.5072831779252738,,932.8
11384,-4.300000000000001,0,4,3,1,0.5072831779252738,,932.9
11385,-4.300000000000001,0,4,3,1,0.5072831779252738,,933.0
11386,-4.300000000000001,0,4,3,1,0.5072831779252738,,933.0
11387,-0.30000000000000004,0,4,3,1,0.5072831779252738,,933.1
11388,-4.300000000000001,0,4,3,1,0.5072831779252738,,933.1
11389,-2.3000000000000003,0,4,3,1,0.5072831779252738,,933.1
11390,-4.300000000000001,0,4,3,1,0.5072831779252738,,933.2
11391,-4.300000000000001,0,4,3,1,0.5072831779252738,,933.3
11392,-4.300000000000001,0,4,3,1,0.5072831779252738,,933.3
11393,-4.300000000000001,0,4,3,1,0.5072831779252738,,933.4
11394,-4.300000000000001,0,4,3,1,0.5072831779252738,,933.5
11395,-4.300000000000001,0,4,3,1,0.5072831779252738,,933.5
11396,-4.300000000000001,0,4,3,1,0.5072831779252738,,933.6
11397,-4.300000000000001,0,4,3,1,0.5072831779252738,,933.7
11398,-4.300000000000001,0,4,3,1,0.5072831779252738,,933.7
11399,-2.3000000000000003,0,4,3,1,0.5072831779252738,,933.7
11400,-0.30000000000000004,0,4,3,1,0.5072831779252738,,933.8
11401,-4.300000000000001,0,4,3,1,0.5072831779252738,,933.8
11402,-5.9,0,8,3,1,0.5072831779252738,,933.9
11403,-4.300000000000001,0,4,3,1,0.5072831779252738,,933.9
11404,5.7,1,4,3,1,0.5072831779252738,,934.0
11405,-4.300000000000001,0,4,3,1,0.5072831779252738,,934.0
11406,5.7,1,4,3,1,0.5072831779252738,,934.0
11407,-4.300000000000001,0,4,3,1,0.5072831779252738,,934.1
11408,-4.300000000000001,0,4,3,1,0.5072831779252738,,934.1
11409,-4.300000000000001,0,4,3,1,0.5072831779252738,,934.2
11410,-0.30000000000000004,0,4,3,1,0.5072831779252738,,934.3
11411,-2.3000000000000003,0,4,3,1,0.5072831779252738,,934.3
11412,-4.300000000000001,0,4,3,1,0.5072831779252738,,934.4
11413,-4.300000000000001,0,4,3,1,0.5072831779252738,,934.5
11414,-0.30000000000000004,0,4,3,1,0.5072831779252738,,934.5
11415,-0.30000000000000004,0,4,3,1,0.5072831779252738,,934.5
11416,-0.30000000000000004,0,4,3,1,0.5072831779252738,,934.6
11417,-4.300000000000001,0,4,3,1,0.5072831779252738,,934.6
11418,-2.3000000000000003,0,4,3,1,0.5072831779252738,,934.6
11419,5.7,1,4,3,1,0.5072831779252738,,934.7
11420,-4.300000000000001,0,4,3,1,0.5072831779252738,,934.8
11421,-4.300000000000001,0,4,3,1,0.5072831779252738,,934.8
11422,-4.300000000000001,0,4,3,1,0.5072831779252738,,934.9
11423,-4.300000000000001,0,4,3,1,0.5072831779252738,,934.9
11424,-0.30000000000000004,0,4,3,1,0.5072831779252738,,935.0
11425,-4.300000000000001,0,4,3,1,0.5072831779252738,,935.1
11426,-2.3000000000000003,0,4,3,1,0.5072831779252738,,935.1
11427,-4.300000000000001,0,4,3,1,0.5072831779252738,,935.2
11428,-2.3000000000000003,0,4,3,1,0.5072831779252738,,935.3
11429,-4.300000000000001,0,4,3,1,0.5072831779252738,,935.3
11430,5.7,1,4,3,1,0.5072831779252738,,935.4
11431,5.7,1,4,3,1,0.5072831779252738,,935.4
11432,-4.300000000000001,0,4,3,1,0.5072831779252738,,935.5
11433,-4.300000000000001,0,4,3,1,0.5072831779252738,,935.5
11434,5.7,1,4,3,1,0.5072831779252738,,935.6
11435,-4.300000000000001,0,4,3,1,0.5072831779252738,,935.6
11436,-4.300000000000001,0,4,3,1,0.5072831779252738,,935.7
11437,-4.300000000000001,0,4,3,1,0.5072831779252738,,935.8
11438,-4.300000000000001,0,4,3,1,0.5072831779252738,,935.9
11439,-4.300000000000001,0,4,3,1,0.5072831779252738,,935.9
11440,-4.300000000000001,0,4,3,1,0.5072831779252738,,936.0
11441,-0.30000000000000004,0,4,3,1,0.5072831779252738,,936.0
11442,-4.300000000000001,0,4,3,1,0.5072831779252738,,936.1
11443,-2.3000000000000003,0,4,3,1,0.5072831779252738,,936.1
11444,-0.30000000000000004,0,4,3,1,0.5072831779252738,,936.2
11445,-4.300000000000001,0,4,3,1,0.5072831779252738,,936.2
11446,-4.300000000000001,0,4,3,1,0.5072831779252738,,936.3
11447,-2.3000000000000003,0,4,3,1,0.5072831779252738,,936.4
11448,-4.300000000000001,0,4,3,1,0.5072831779252738,,936.4
11449,5.7,1,4,3,1,0.5072831779252738,,936.5
11450,-2.3000000000000003,0,4,3,1,0.5072831779252738,,936.6
11451,5.7,1,4,3,1,0.5072831779252738,,936.6
11452,-4.300000000000001,0,4,3,1,0.5072831779252738,,936.7
11453,-4.300000000000001,0,4,3,1,0.5072831779252738,,936.7
11454,-0.30000000000000004,0,4,3,1,0.5072831779252738,,936.8
11455,-4.300000000000001,0,4,3,1,0.5072831779252738,,936.9
11456,-4.300000000000001,0,4,3,1,0.5072831779252738,,936.9
11457,-4.300000000000001,0,4,3,1,0.5072831779252738,,937.0
11458,-4.300000000000001,0,4,3,1,0.5072831779252738,,937.0
11459,-0.30000000000000004,0,4,3,1,0.5072831779252738,,937.1
11460,-2.3000000000000003,0,4,3,1,0.5072831779252738,,937.2
11461,-4.300000000000001,0,4,3,1,0.5072831779252738,,937.2
11462,-4.300000000000001,0,4,3,1,0.5072831779252738,,937.3
11463,-0.30000000000000004,0,4,3,1,0.5072831779252738,,937.3
11464,-4.300000000000001,0,4,3,1,0.5072831779252738,,937.3
11465,-4.300000000000001,0,4,3,1,0.5072831779252738,,937.4
11466,5.7,1,4,3,1,0.5072831779252738,,937.4
11467,-4.300000000000001,0,4,3,1,0.5072831779252738,,937.5
11468,-4.300000000000001,0,4,3,1,0.5072831779252738,,937.5
11469,-4.300000000000001,0,4,3,1,0.5072831779252738,,937.6
11470,-2.3000000000000003,0,4,3,1,0.5072831779252738,,937.7
11471,-4.300000000000001,0,4,3,1,0.5072831779252738,,937.7
11472,-4.300000000000001,0,4,3,1,0.5072831779252738,,937.8
11473,-4.300000000000001,0,4,3,1,0.5072831779252738,,937.9
11474,5.7,1,4,3,1,0.5072831779252738,,937.9
11475,5.7,1,4,3,1,0.5072831779252738,,938.0
11476,5.7,1,4,3,1,0.5072831779252738,,938.1
11477,-0.30000000000000004,0,4,3,1,0.5072831779252738,,938.1
11478,-4.300000000000001,0,4,3,1,0.5072831779252738,,938.1
11479,5.7,1,4,3,1,0.5072831779252738,,938.2
11480,-2.3000000000000003,0,4,3,1,0.5072831779252738,,938.3
11481,-2.3000000000000003,0,4,3,1,0.5072831779252738,,938.4
11482,-4.300000000000001,0,4,3,1,0.5072831779252738,,938.5
11483,-0.30000000000000004,0,4,3,1,0.5072831779252738,,938.5
11484,-4.300000000000001,0,4,3,1,0.5072831779252738,,938.6
11485,-2.3000000000000003,0,4,3,1,0.5072831779252738,,938.6
11486,-4.300000000000001,0,4,3,1,0.5072831779252738,,938.7
11487,-4.300000000000001,0,4,3,1,0.5072831779252738,,938.7
11488,5.7,1,4,3,1,0.5072831779252738,,938.8
11489,-0.30000000000000004,0,4,3,1,0.5072831779252738,,938.8
11490,5.7,1,4,3,1,0.5072831779252738,,938.9
11491,5.7,1,4,3,1,0.5072831779252738,,938.9
11492,5.7,1,4,3,1,0.5072831779252738,,939.0
11493,-4.300000000000001,0,4,3,1,0.5072831779252738,,939.0
11494,5.7,1,4,3,1,0.5072831779252738,,939.1
11495,-2.3000000000000003,0,4,3,1,0.5072831779252738,,939.2
11496,-4.300000000000001,0,4,3,1,0.5072831779252738,,939.2
11497,-4.300000000000001,0,4,3,1,0.5072831779252738,,939.3
11498,-4.300000000000001,0,4,3,1,0.5072831779252738,,939.4
11499,-0.30000000000000004,0,4,3,1,0.5072831779252738,,939.5
11500,-2.3000000000000003,0,4,3,1,0.5072831779252738,,939.5
11501,-2.3000000000000003,0,4,3,1,0.5072831779252738,,944.4
11502,-4.300000000000001,0,4,3,1,0.5072831779252738,,944.5
11503,5.7,1,4,3,1,0.5072831779252738,,944.5
11504,-2.6,0,6,3,1,0.5072831779252738,,944.6
11505,-0.30000000000000004,0,4,3,1,0.5072831779252738,,944.7
11506,5.7,1,4,3,1,0.5072831779252738,,944.7
11507,-0.30000000000000004,0,4,3,1,0.5072831779252738,,944.8
11508,-4.300000000000001,0,4,3,1,0.5072831779252738,,944.9
11509,-4.300000000000001,0,4,3,1,0.5072831779252738,,944.9
11510,-2.3000000000000003,0,4,3,1,0.5072831779252738,,945.0
11511,-4.300000000000001,0,4,3,1,0.5072831779252738,,945.0
11512,-0.30000000000000004,0,4,3,1,0.5072831779252738,,945.1
11513,-4.300000000000001,0,4,3,1,0.5072831779252738,,945.1
11514,-5.6000000000000005,0,6,3,1,0.5072831779252738,,945.2
11515,-4.300000000000001,0,4,3,1,0.5072831779252738,,945.2
11516,-4.300000000000001,0,4,3,1,0.5072831779252738,,945.3
11517,-2.3000000000000003,0,4,3,1,0.5072831779252738,,945.3
11518,-4.300000000000001,0,4,3,1,0.5072831779252738,,945.4
11519,5.7,1,4,3,1,0.5072831779252738,,945.5
11520,5.4,1,6,3,1,0.5072831779252738,,945.5
11521,-2.3000000000000003,0,4,3,1,0.5072831779252738,,945.6
11522,-4.300000000000001,0,4,3,1,0.5072831779252738,,945.7
11523,-4.300000000000001,0,4,3,1,0.5072831779252738,,945.7
11524,-4.300000000000001,0,4,3,1,0.5072831779252738,,945.8
11525,-0.30000000000000004,0,4,3,1,0.5072831779252738,,945.8
11526,-4.300000000000001,0,4,3,1,0.5072831779252738,,945.9
11527,-4.300000000000001,0,4,3,1,0.5072831779252738,,945.9
11528,5.7,1,4,3,1,0.5072831779252738,,946.0
11529,-4.300000000000001,0,4,3,1,0.5072831779252738,,946.0
11530,-4.300000000000001,0,4,3,1,0.5072831779252738,,946.1
11531,-2.3000000000000003,0,4,3,1,0.5072831779252738,,946.1
11532,5.7,1,4,3,1,0.5072831779252738,,946.1
11533,-4.300000000000001,0,4,3,1,0.5072831779252738,,946.2
11534,5.7,1,4,3,1,0.5072831779252738,,946.2
11535,-4.300000000000001,0,4,3,1,0.5072831779252738,,946.3
11536,-4.300000000000001,0,4,3,1,0.5072831779252738,,946.4
11537,-4.300000000000001,0,4,3,1,0.5072831779252738,,946.5
11538,5.7,1,4,3,1,0.5072831779252738,,946.5
11539,-0.30000000000000004,0,4,3,1,0.5072831779252738,,946.6
11540,-4.300000000000001,0,4,3,1,0.5072831779252738,,946.7
11541,-4.300000000000001,0,4,3,1,0.5072831779252738,,946.7
11542,-4.300000000000001,0,4,3,1,0.5072831779252738,,946.8
11543,-4.300000000000001,0,4,3,1,0.5072831779252738,,946.8
11544,-4.300000000000001,0,4,3,1,0.5072831779252738,,946.9
11545,-4.300000000000001,0,4,3,1,0.5072831779252738,,946.9
11546,-2.3000000000000003,0,4,3,1,0.5072831779252738,,947.0
11547,-4.300000000000001,0,4,3,1,0.5072831779252738,,947.1
11548,-4.300000000000001,0,4,3,1,0.5072831779252738,,947.2
11549,-4.300000000000001,0,4,3,1,0.5072831779252738,,947.3
11550,-4.300000000000001,0,4,3,1,0.5072831779252738,,947.3
11551,-2.3000000000000003,0,4,3,1,0.5072831779252738,,947.4
11552,-4.300000000000001,0,4,3,1,0.5072831779252738,,947.5
11553,-4.300000000000001,0,4,3,1,0.5072831779252738,,947.5
11554,-4.300000000000001,0,4,3,1,0.5072831779252738,,947.6
11555,-4.300000000000001,0,4,3,1,0.5072831779252738,,947.7
11556,-4.6000000000000005,0,6,3,1,0.5072831779252738,,947.7
11557,-4.300000000000001,0,4,3,1,0.5072831779252738,,947.8
11558,-4.300000000000001,0,4,3,1,0.5072831779252738,,947.9
11559,-0.30000000000000004,0,4,3,1,0.5072831779252738,,947.9
11560,-4.300000000000001,0,4,3,1,0.5072831779252738,,948.0
11561,-4.300000000000001,0,4,3,1,0.5072831779252738,,948.1
11562,-0.30000000000000004,0,4,3,1,0.5072831779252738,,948.1
11563,-4.300000000000001,0,4,3,1,0.5072831779252738,,948.2
11564,-4.300000000000001,0,4,3,1,0.5072831779252738,,948.3
11565,5.7,1,4,3,1,0.5072831779252738,,948.3
11566,-3.4000000000000004,0,5,4,1,0.5072831779252738,,948.4
11567,-2.3000000000000003,0,4,3,1,0.5072831779252738,,948.5
11568,-4.300000000000001,0,4,3,1,0.5072831779252738,,948.5
11569,-4.300000000000001,0,4,3,1,0.5072831779252738,,948.6
11570,5.7,1,4,3,1,0.5072831779252738,,948.6
11571,-0.30000000000000004,0,4,3,1,0.5072831779252738,,948.7
11572,-2.3000000000000003,0,4,3,1,0.5072831779252738,,948.8
11573,5.7,1,4,3,1,0.5072831779252738,,948.8
11574,-4.300000000000001,0,4,3,1,0.5072831779252738,,948.9
11575,-4.300000000000001,0,4,3,1,0.5072831779252738,,948.9
11576,-4.300000000000001,0,4,3,1,0.5072831779252738,,948.9
11577,-4.300000000000001,0,4,3,1,0.5072831779252738,,949.0
11578,-0.30000000000000004,0,4,3,1,0.5072831779252738,,949.0
11579,-2.3000000000000003,0,4,3,1,0.5072831779252738,,949.1
11580,-4.300000000000001,0,4,3,1,0.5072831779252738,,949.2
11581,-2.3000000000000003,0,4,3,1,0.5072831779252738,,949.2
11582,-4.300000000000001,0,4,3,1,0.5072831779252738,,949.3
11583,-0.30000000000000004,0,4,3,1,0.5072831779252738,,949.4
11584,-4.300000000000001,0,4,3,1,0.5072831779252738,,949.4
11585,-4.300000000000001,0,4,3,1,0.5072831779252738,,949.5
11586,-2.3000000000000003,0,4,3,1,0.5072831779252738,,949.5
11587,-4.300000000000001,0,4,3,1,0.5072831779252738,,949.6
11588,-0.30000000000000004,0,4,3,1,0.5072831779252738,,949.7
11589,-4.300000000000001,0,4,3,1,0.5072831779252738,,949.7
11590,5.7,1,4,3,1,0.5072831779252738,,949.8
11591,-0.30000000000000004,0,4,3,1,0.5072831779252738,,949.8
11592,-4.300000000000001,0,4,3,1,0.5072831779252738,,949.8
11593,-4.300000000000001,0,4,3,1,0.5072831779252738,,949.9
11594,-2.3000000000000003,0,4,3,1,0.5072831779252738,,949.9
11595,-0.30000000000000004,0,4,3,1,0.5072831779252738,,950.0
11596,-4.300000000000001,0,4,3,1,0.5072831779252738,,950.1
11597,-0.30000000000000004,0,4,3,1,0.5072831779252738,,950.1
11598,-4.300000000000001,0,4,3,1,0.5072831779252738,,950.2
11599,5.7,1,4,3,1,0.5072831779252738,,950.2
11600,-2.3000000000000003,0,4,3,1,0.5072831779252738,,950.2
11601,-0.6000000000000001,0,6,3,1,0.5072831779252738,,950.3
11602,-4.300000000000001,0,4,3,1,0.5072831779252738,,950.4
11603,-2.3000000000000003,0,4,3,1,0.5072831779252738,,950.4
11604,-4.300000000000001,0,4,3,1,0.5072831779252738,,950.5
11605,-4.300000000000001,0,4,3,1,0.5072831779252738,,950.6
11606,5.7,1,4,3,1,0.5072831779252738,,950.6
11607,-4.300000000000001,0,4,3,1,0.5072831779252738,,950.7
11608,-4.300000000000001,0,4,3,1,0.5072831779252738,,950.7
11609,-4.300000000000001,0,4,3,1,0.5072831779252738,,950.8
11610,5.7,1,4,3,1,0.5072831779252738,,950.8
11611,-0.30000000000000004,0,4,3,1,0.5072831779252738,,950.9
11612,-4.300000000000001,0,4,3,1,0.5072831779252738,,950.9
11613,-4.300000000000001,0,4,3,1,0.4861165580805391,1.801731490995735,951.6
11614,-0.30000000000000004,0,4,3,1,0.4861165580805391,,951.7
11615,-4.300000000000001,0,4,3,1,0.4861165580805391,,951.8
11616,5.7,1,4,3,1,0.4861165580805391,,951.8
11617,5.7,1,4,3,1,0.4861165580805391,,951.9
11618,-5.4,0,5,4,1,0.4861165580805391,,952.0
11619,-4.300000000000001,0,4,3,1,0.4861165580805391,,952.0
11620,-0.30000000000000004,0,4,3,1,0.4861165580805391,,952.0
11621,-0.30000000000000004,0,4,3,1,0.4861165580805391,,952.1
11622,-4.300000000000001,0,4,3,1,0.4861165580805391,,952.2
11623,-4.6000000000000005,0,6,3,1,0.4861165580805391,,952.2
11624,5.7,1,4,3,1,0.4861165580805391,,952.3
11625,-0.30000000000000004,0,4,3,1,0.4861165580805391,,952.3
11626,5.7,1,4,3,1,0.4861165580805391,,952.4
11627,-4.300000000000001,0,4,3,1,0.4861165580805391,,952.4
11628,-4.300000000000001,0,4,3,1,0.4861165580805391,,952.5
11629,-4.300000000000001,0,4,3,1,0.4861165580805391,,952.5
11630,-0.30000000000000004,0,4,3,1,0.4861165580805391,,952.6
11631,-4.300000000000001,0,4,3,1,0.4861165580805391,,952.6
11632,5.7,1,4,3,1,0.4861165580805391,,952.7
11633,-4.300000000000001,0,4,3,1,0.4861165580805391,,952.8
11634,-4.300000000000001,0,4,3,1,0.4861165580805391,,952.8
11635,-4.300000000000001,0,4,3,1,0.4861165580805391,,952.9
11636,-4.300000000000001,0,4,3,1,0.4861165580805391,,952.9
11637,-0.30000000000000004,0,4,3,1,0.4861165580805391,,953.0
11638,-4.300000000000001,0,4,3,1,0.4861165580805391,,953.0
11639,-0.30000000000000004,0,4,3,1,0.4861165580805391,,953.1
11640,-4.300000000000001,0,4,3,1,0.4861165580805391,,953.1
11641,-4.300000000000001,0,4,3,1,0.4861165580805391,,953.2
11642,-4.300000000000001,0,4,3,1,0.4861165580805391,,953.2
11643,-4.300000000000001,0,4,3,1,0.4861165580805391,,953.3
11644,5.7,1,4,3,1,0.4861165580805391,,953.4
11645,-4.300000000000001,0,4,3,1,0.4861165580805391,,953.4
11646,-4.300000000000001,0,4,3,1,0.4861165580805391,,953.5
11647,5.7,1,4,3,1,0.4861165580805391,,953.6
11648,-4.300000000000001,0,4,3,1,0.4861165580805391,,953.6
11649,-2.3000000000000003,0,4,3,1,0.4861165580805391,,953.7
11650,-4.300000000000001,0,4,3,1,0.4861165580805391,,953.8
11651,-4.300000000000001,0,4,3,1,0.4861165580805391,,953.8
11652,-4.300000000000001,0,4,3,1,0.4861165580805391,,953.9
11653,-4.300000000000001,0,4,3,1,0.4861165580805391,,953.9
11654,-4.300000000000001,0,4,3,1,0.4861165580805391,,953.9
11655,5.7,1,4,3,1,0.4861165580805391,,954.0
11656,-2.3000000000000003,0,4,3,1,0.4861165580805391,,954.1
11657,-0.30000000000000004,0,4,3,1,0.4861165580805391,,954.2
11658,-4.300000000000001,0,4,3,1,0.4861165580805391,,954.2
11659,-4.300000000000001,0,4,3,1,0.4861165580805391,,954.3
11660,5.7,1,4,3,1,0.4861165580805391,,954.4
11661,-2.3000000000000003,0,4,3,1,0.4861165580805391,,954.4
11662,-4.300000000000001,0,4,3,1,0.4861165580805391,,954.5
11663,-4.300000000000001,0,4,3,1,0.4861165580805391,,954.5
11664,-4.300000000000001,0,4,3,1,0.4861165580805391,,954.6
11665,-4.300000000000001,0,4,3,1,0.4861165580805391,,954.7
11666,-2.3000000000000003,0,4,3,1,0.4861165580805391,,954.7
11667,-3.4000000000000004,0,5,4,1,0.4861165580805391,,954.8
11668,5.7,1,4,3,1,0.4861165580805391,,954.9
11669,-2.3000000000000003,0,4,3,1,0.4861165580805391,,954.9
11670,-0.30000000000000004,0,4,3,1,0.4861165580805391,,955.0
11671,-4.300000000000001,0,4,3,1,0.4861165580805391,,955.1
11672,5.7,1,4,3,1,0.4861165580805391,,955.1
11673,-2.3000000000000003,0,4,3,1,0.4861165580805391,,955.2
11674,-4.300000000000001,0,4,3,1,0.4861165580805391,,955.2
11675,-4.300000000000001,0,4,3,1,0.4861165580805391,,955.2
11676,-4.300000000000001,0,4,3,1,0.4861165580805391,,955.3
11677,-4.300000000000001,0,4,3,1,0.4861165580805391,,955.4
11678,-4.300000000000001,0,4,3,1,0.4861165580805391,,955.5
11679,5.7,1,4,3,1,0.4861165580805391,,955.5
11680,-0.30000000000000004,0,4,3,1,0.4861165580805391,,955.6
11681,-4.300000000000001,0,4,3,1,0.4861165580805391,,955.7
11682,-4.300000000000001,0,4,3,1,0.4861165580805391,,955.7
11683,-4.300000000000001,0,4,3,1,0.4861165580805391,,955.8
11684,5.7,1,4,3,1,0.4861165580805391,,955.8
11685,-4.300000000000001,0,4,3,1,0.4861165580805391,,955.9
11686,-2.3000000000000003,0,4,3,1,0.4861165580805391,,955.9
11687,5.7,1,4,3,1,0.4861165580805391,,956.0
11688,5.7,1,4,3,1,0.4861165580805391,,956.0
11689,-4.300000000000001,0,4,3,1,0.4861165580805391,,956.1
11690,-4.300000000000001,0,4,3,1,0.4861165580805391,,956.2
11691,-0.30000000000000004,0,4,3,1,0.4861165580805391,,956.2
11692,-4.300000000000001,0,4,3,1,0.4861165580805391,,956.2
11693,-0.30000000000000004,0,4,3,1,0.4861165580805391,,956.3
11694,-4.300000000000001,0,4,3,1,0.4861165580805391,,956.4
11695,-2.3000000000000003,0,4,3,1,0.4861165580805391,,956.4
11696,5.7,1,4,3,1,0.4861165580805391,,956.5
11697,-4.300000000000001,0,4,3,1,0.4861165580805391,,956.5
11698,-4.300000000000001,0,4,3,1,0.4861165580805391,,956.6
11699,-2.3000000000000003,0,4,3,1,0.4861165580805391,,956.6
11700,-4.300000000000001,0,4,3,1,0.4861165580805391,,956.7
11701,-4.300000000000001,0,4,3,1,0.4861165580805391,,956.8
11702,-2.3000000000000003,0,4,3,1,0.4861165580805391,,956.8
11703,-4.300000000000001,0,4,3,1,0.4861165580805391,,956.8
11704,5.7,1,4,3,1,0.4861165580805391,,956.9
11705,-0.30000000000000004,0,4,3,1,0.4861165580805391,,956.9
11706,5.7,1,4,3,1,0.4861165580805391,,957.0
11707,5.7,1,4,3,1,0.4861165580805391,,957.0
11708,-2.3000000000000003,0,4,3,1,0.4861165580805391,,957.1
11709,5.7,1,4,3,1,0.4861165580805391,,957.2
11710,-4.300000000000001,0,4,3,1,0.4861165580805391,,957.2
11711,-2.3000000000000003,0,4,3,1,0.4861165580805391,,957.3
11712,5.7,1,4,3,1,0.4861165580805391,,957.3
11713,-2.3000000000000003,0,4,3,1,0.4861165580805391,,957.4
11714,-2.3000000000000003,0,4,3,1,0.4861165580805391,,957.5
11715,-4.300000000000001,0,4,3,1,0.4861165580805391,,957.6
11716,5.7,1,4,3,1,0.4861165580805391,,957.7
11717,-4.300000000000001,0,4,3,1,0.4861165580805391,,957.7
11718,-4.300000000000001,0,4,3,1,0.4861165580805391,,957.8
11719,5.7,1,4,3,1,0.4861165580805391,,957.9
11720,-4.300000000000001,0,4,3,1,0.4861165580805391,,957.9
11721,-4.300000000000001,0,4,3,1,0.4861165580805391,,958.0
11722,-4.300000000000001,0,4,3,1,0.4861165580805391,,958.1
11723,-4.300000000000001,0,4,3,1,0.4861165580805391,,958.1
11724,-2.3000000000000003,0,4,3,1,0.4861165580805391,,958.2
11725,-4.300000000000001,0,4,3,1,0.4861165580805391,,958.3
11726,-4.300000000000001,0,4,3,1,0.4861165580805391,,958.4
11727,-2.3000000000000003,0,4,3,1,0.4861165580805391,,958.4
11728,5.7,1,4,3,1,0.4861165580805391,,958.4
11729,-2.3000000000000003,0,4,3,1,0.4861165580805391,,958.5
11730,5.4,1,6,3,1,0.4861165580805391,,958.6
11731,5.7,1,4,3,1,0.4861165580805391,,958.7
11732,-4.300000000000001,0,4,3,1,0.4861165580805391,,958.8
11733,5.7,1,4,3,1,0.4861165580805391,,958.8
11734,-4.300000000000001,0,4,3,1,0.4861165580805391,,958.8
11735,-4.300000000000001,0,4,3,1,0.4861165580805391,,958.9
11736,-4.6,0,6,3,1,0.4861165580805391,,958.9
11737,-0.30000000000000004,0,4,3,1,0.4861165580805391,,959.0
11738,-2.3000000000000003,0,4,3,1,0.4861165580805391,,959.0
11739,-0.30000000000000004,0,4,3,1,0.4861165580805391,,959.1
11740,-4.300000000000001,0,4,3,1,0.4861165580805391,,959.2
11741,-4.300000000000001,0,4,3,1,0.4861165580805391,,959.2
11742,-4.300000000000001,0,4,3,1,0.4861165580805391,,959.3
11743,-4.300000000000001,0,4,3,1,0.4861165580805391,,959.3
11744,-4.300000000000001,0,4,3,1,0.4861165580805391,,959.4
11745,-2.3000000000000003,0,4,3,1,0.4861165580805391,,959.4
11746,-2.3000000000000003,0,4,3,1,0.4861165580805391,,959.5
11747,5.4,1,6,3,1,0.4861165580805391,,959.5
11748,-4.300000000000001,0,4,3,1,0.4861165580805391,,959.6
11749,5.7,1,4,3,1,0.4861165580805391,,959.7
11750,-4.300000000000001,0,4,3,1,0.4861165580805391,,959.7
11751,-0.30000000000000004,0,4,3,1,0.4861165580805391,,959.8
11752,-4.300000000000001,0,4,3,1,0.4861165580805391,,959.9
11753,-4.300000000000001,0,4,3,1,0.4861165580805391,,960.0
11754,-4.300000000000001,0,4,3,1,0.4861165580805391,,960.0
11755,-4.300000000000001,0,4,3,1,0.4861165580805391,,960.1
11756,-2.3000000000000003,0,4,3,1,0.4861165580805391,,960.1
11757,-4.300000000000001,0,4,3,1,0.4861165580805391,,960.1
11758,-0.30000000000000004,0,4,3,1,0.4861165580805391,,960.2
11759,-5.6000000000000005,0,6,3,1,0.4861165580805391,,960.2
11760,-2.3000000000000003,0,4,3,1,0.4861165580805391,,960.3
11761,-4.300000000000001,0,4,3,1,0.4861165580805391,,960.4
11762,-4.300000000000001,0,4,3,1,0.4861165580805391,,960.4
11763,-4.300000000000001,0,4,3,1,0.4861165580805391,,960.5
11764,-4.300000000000001,0,4,3,1,0.4861165580805391,,960.5
11765,-2.3000000000000003,0,4,3,1,0.4861165580805391,,960.6
11766,-4.300000000000001,0,4,3,1,0.4861165580805391,,960.6
11767,-4.300000000000001,0,4,3,1,0.4861165580805391,,960.7
11768,-4.300000000000001,0,4,3,1,0.4861165580805391,,960.8
11769,5.7,1,4,3,1,0.4861165580805391,,960.8
11770,5.7,1,4,3,1,0.4861165580805391,,960.9
11771,-4.300000000000001,0,4,3,1,0.4861165580805391,,960.9
11772,-4.300000000000001,0,4,3,1,0.4861165580805391,,961.0
11773,-4.300000000000001,0,4,3,1,0.4861165580805391,,961.1
11774,-0.30000000000000004,0,4,3,1,0.4861165580805391,,961.1
11775,-4.300000000000001,0,4,3,1,0.4861165580805391,,961.2
11776,-4.300000000000001,0,4,3,1,0.4861165580805391,,961.2
11777,-0.30000000000000004,0,4,3,1,0.4861165580805391,,961.3
11778,-4.300000000000001,0,4,3,1,0.4861165580805391,,961.4
11779,-0.30000000000000004,0,4,3,1,0.4861165580805391,,961.4
11780,-4.300000000000001,0,4,3,1,0.4861165580805391,,961.5
11781,-4.300000000000001,0,4,3,1,0.4861165580805391,,961.6
11782,-4.300000000000001,0,4,3,1,0.4861165580805391,,961.6
11783,-4.300000000000001,0,4,3,1,0.4861165580805391,,961.7
11784,-4.300000000000001,0,4,3,1,0.4861165580805391,,961.8
11785,-0.30000000000000004,0,4,3,1,0.4861165580805391,,961.8
11786,-2.3000000000000003,0,4,3,1,0.4861165580805391,,961.9
11787,5.7,1,4,3,1,0.4861165580805391,,962.0
11788,5.7,1,4,3,1,0.4861165580805391,,962.0
11789,-4.300000000000001,0,4,3,1,0.4861165580805391,,962.1
11790,5.7,1,4,3,1,0.4861165580805391,,962.2
11791,-4.300000000000001,0,4,3,1,0.4861165580805391,,962.2
11792,-4.300000000000001,0,4,3,1,0.4861165580805391,,962.3
11793,-4.300000000000001,0,4,3,1,0.4861165580805391,,962.3
11794,-4.300000000000001,0,4,3,1,0.4861165580805391,,962.4
11795,-0.30000000000000004,0,4,3,1,0.4861165580805391,,962.5
11796,-4.300000000000001,0,4,3,1,0.4861165580805391,,962.6
11797,-4.300000000000001,0,4,3,1,0.4861165580805391,,962.6
11798,-4.300000000000001,0,4,3,1,0.4861165580805391,,962.7
11799,-3.4000000000000004,0,5,4,1,0.4861165580805391,,962.8
11800,-0.30000000000000004,0,4,3,1,0.4861165580805391,,962.8
11801,-4.300000000000001,0,4,3,1,0.4861165580805391,,962.9
11802,5.7,1,4,3,1,0.4861165580805391,,962.9
11803,-0.30000000000000004,0,4,3,1,0.4861165580805391,,962.9
11804,-0.30000000000000004,0,4,3,1,0.4861165580805391,,963.0
11805,-4.300000000000001,0,4,3,1,0.4861165580805391,,963.0
11806,-4.300000000000001,0,4,3,1,0.4861165580805391,,963.1
11807,5.7,1,4,3,1,0.4861165580805391,,963.1
11808,-0.30000000000000004,0,4,3,1,0.4861165580805391,,963.1
11809,-2.3000000000000003,0,4,3,1,0.4861165580805391,,963.2
11810,-0.30000000000000004,0,4,3,1,0.4861165580805391,,963.2
11811,-4.300000000000001,0,4,3,1,0.4861165580805391,,963.3
11812,-4.300000000000001,0,4,3,1,0.4861165580805391,,963.4
11813,5.7,1,4,3,1,0.4861165580805391,,963.5
11814,5.7,1,4,3,1,0.4861165580805391,,963.5
11815,5.7,1,4,3,1,0.4861165580805391,,963.6
11816,-4.300000000000001,0,4,3,1,0.4861165580805391,,963.7
11817,-4.300000000000001,0,4,3,1,0.4861165580805391,,963.7
11818,5.7,1,4,3,1,0.4861165580805391,,963.8
11819,-4.300000000000001,0,4,3,1,0.4861165580805391,,963.9
11820,-4.300000000000001,0,4,3,1,0.4861165580805391,,964.0
11821,-0.30000000000000004,0,4,3,1,0.4861165580805391,,964.0
11822,-4.300000000000001,0,4,3,1,0.4861165580805391,,964.1
11823,-2.3000000000000003,0,4,3,1,0.4861165580805391,,964.1
11824,-4.300000000000001,0,4,3,1,0.4861165580805391,,964.1
11825,-4.300000000000001,0,4,3,1,0.4861165580805391,,964.2
11826,-4.300000000000001,0,4,3,1,0.4861165580805391,,964.3
11827,-0.30000000000000004,0,4,3,1,0.4861165580805391,,964.3
11828,-2.3000000000000003,0,4,3,1,0.4861165580805391,,964.4
11829,-2.3000000000000003,0,4,3,1,0.4861165580805391,,964.5
11830,-4.300000000000001,0,4,3,1,0.4861165580805391,,964.5
11831,5.7,1,4,3,1,0.4861165580805391,,964.6
11832,-2.3000000000000003,0,4,3,1,0.4861165580805391,,964.6
11833,-4.6000000000000005,0,6,3,1,0.4861165580805391,,964.7
11834,-4.300000000000001,0,4,3,1,0.4861165580805391,,964.7
11835,-2.3000000000000003,0,4,3,1,0.4861165580805391,,964.8
11836,-4.300000000000001,0,4,3,1,0.4861165580805391,,964.9
11837,-0.30000000000000004,0,4,3,1,0.4861165580805391,,964.9
11838,-4.300000000000001,0,4,3,1,0.4861165580805391,,965.0
11839,-2.3000000000000003,0,4,3,1,0.4861165580805391,,965.0
11840,-4.300000000000001,0,4,3,1,0.4861165580805391,,965.1
11841,-4.300000000000001,0,4,3,1,0.4861165580805391,,965.2
11842,-4.300000000000001,0,4,3,1,0.4861165580805391,,965.2
11843,-4.300000000000001,0,4,3,1,0.4861165580805391,,965.3
11844,-4.300000000000001,0,4,3,1,0.4861165580805391,,965.3
11845,-4.300000000000001,0,4,3,1,0.4861165580805391,,965.4
11846,5.7,1,4,3,1,0.4861165580805391,,965.5
11847,-0.30000000000000004,0,4,3,1,0.4861165580805391,,965.5
11848,5.7,1,4,3,1,0.4861165580805391,,965.6
11849,-4.300000000000001,0,4,3,1,0.4861165580805391,,965.6
11850,-4.300000000000001,0,4,3,1,0.4861165580805391,,965.7
11851,5.7,1,4,3,1,0.4861165580805391,,965.8
11852,5.7,1,4,3,1,0.4861165580805391,,965.9
11853,5.7,1,4,3,1,0.4861165580805391,,965.9
11854,-4.300000000000001,0,4,3,1,0.4861165580805391,,965.9
11855,-4.300000000000001,0,4,3,1,0.4861165580805391,,966.0
11856,-4.300000000000001,0,4,3,1,0.4861165580805391,,966.0
11857,5.7,1,4,3,1,0.4861165580805391,,966.1
11858,-4.300000000000001,0,4,3,1,0.4861165580805391,,966.1
11859,5.7,1,4,3,1,0.4861165580805391,,966.2
11860,-2.3000000000000003,0,4,3,1,0.4861165580805391,,966.2
11861,5.7,1,4,3,1,0.4861165580805391,,966.3
11862,-4.300000000000001,0,4,3,1,0.4861165580805391,,966.4
11863,5.7,1,4,3,1,0.4861165580805391,,966.4
11864,-4.300000000000001,0,4,3,1,0.4861165580805391,,966.5
11865,-2.3000000000000003,0,4,3,1,0.4861165580805391,,966.5
11866,-4.300000000000001,0,4,3,1,0.4861165580805391,,966.6
11867,-4.300000000000001,0,4,3,1,0.4861165580805391,,966.6
11868,-4.300000000000001,0,4,3,1,0.4861165580805391,,966.7
11869,-0.30000000000000004,0,4,3,1,0.4861165580805391,,966.8
11870,-4.300000000000001,0,4,3,1,0.4861165580805391,,966.8
11871,-2.3000000000000003,0,4,3,1,0.4861165580805391,,966.9
11872,-4.300000000000001,0,4,3,1,0.4861165580805391,,966.9
11873,-0.30000000000000004,0,4,3,1,0.4861165580805391,,967.0
11874,-4.300000000000001,0,4,3,1,0.4861165580805391,,967.0
11875,-2.3000000000000003,0,4,3,1,0.4861165580805391,,967.1
11876,-4.300000000000001,0,4,3,1,0.4861165580805391,,967.1
11877,-4.300000000000001,0,4,3,1,0.4861165580805391,,967.2
11878,-4.300000000000001,0,4,3,1,0.4861165580805391,,967.2
11879,-4.300000000000001,0,4,3,1,0.4861165580805391,,967.3
11880,-2.3000000000000003,0,4,3,1,0.4861165580805391,,967.3
11881,-2.3000000000000003,0,4,3,1,0.4861165580805391,,967.4
11882,-0.30000000000000004,0,4,3,1,0.4861165580805391,,967.4
11883,-4.300000000000001,0,4,3,1,0.4861165580805391,,967.5
11884,-4.300000000000001,0,4,3,1,0.4861165580805391,,967.6
11885,-4.300000000000001,0,4,3,1,0.4861165580805391,,967.6
11886,5.7,1,4,3,1,0.4861165580805391,,967.7
11887,-2.3000000000000003,0,4,3,1,0.4861165580805391,,967.7
11888,-4.300000000000001,0,4,3,1,0.4861165580805391,,967.8
11889,5.7,1,4,3,1,0.4861165580805391,,967.8
11890,-4.300000000000001,0,4,3,1,0.4861165580805391,,967.9
11891,5.7,1,4,3,1,0.4861165580805391,,968.0
11892,5.7,1,4,3,1,0.4861165580805391,,968.0
11893,-2.3000000000000003,0,4,3,1,0.4861165580805391,,968.1
11894,-4.300000000000001,0,4,3,1,0.4861165580805391,,968.2
11895,5.7,1,4,3,1,0.4861165580805391,,968.2
11896,5.7,1,4,3,1,0.4861165580805391,,968.3
11897,-4.300000000000001,0,4,3,1,0.4861165580805391,,968.3
11898,-2.3000000000000003,0,4,3,1,0.4861165580805391,,968.4
11899,-4.300000000000001,0,4,3,1,0.4861165580805391,,968.5
11900,5.7,1,4,3,1,0.4861165580805391,,968.5
11901,-4.300000000000001,0,4,3,1,0.4861165580805391,,968.5
11902,-4.300000000000001,0,4,3,1,0.4861165580805391,,968.6
11903,-0.30000000000000004,0,4,3,1,0.4861165580805391,,968.6
11904,-4.300000000000001,0,4,3,1,0.4861165580805391,,968.7
11905,-4.300000000000001,0,4,3,1,0.4861165580805391,,968.7
11906,5.7,1,4,3,1,0.4861165580805391,,968.8
11907,-2.3000000000000003,0,4,3,1,0.4861165580805391,,968.9
11908,5.7,1,4,3,1,0.4861165580805391,,969.0
11909,5.7,1,4,3,1,0.4861165580805391,,969.1
11910,-4.300000000000001,0,4,3,1,0.4861165580805391,,969.1
11911,-2.3000000000000003,0,4,3,1,0.4861165580805391,,969.2
11912,-0.30000000000000004,0,4,3,1,0.4861165580805391,,969.2
11913,-0.30000000000000004,0,4,3,1,0.4861165580805391,,969.2
11914,-4.300000000000001,0,4,3,1,0.4861165580805391,,969.3
11915,-2.3000000000000003,0,4,3,1,0.4861165580805391,,969.3
11916,5.7,1,4,3,1,0.4861165580805391,,969.4
11917,5.7,1,4,3,1,0.4861165580805391,,969.4
11918,5.7,1,4,3,1,0.4861165580805391,,969.5
11919,5.7,1,4,3,1,0.4861165580805391,,969.6
11920,5.7,1,4,3,1,0.4861165580805391,,969.6
11921,-2.3000000000000003,0,4,3,1,0.4861165580805391,,969.7
11922,5.7,1,4,3,1,0.4861165580805391,,969.7
11923,-4.300000000000001,0,4,3,1,0.4861165580805391,,969.8
11924,-2.3000000000000003,0,4,3,1,0.4861165580805391,,969.9
11925,-4.300000000000001,0,4,3,1,0.4861165580805391,,970.0
11926,5.7,1,4,3,1,0.4861165580805391,,970.0
11927,-2.3000000000000003,0,4,3,1,0.4861165580805391,,970.1
11928,-0.30000000000000004,0,4,3,1,0.4861165580805391,,970.1
11929,-0.30000000000000004,0,4,3,1,0.4861165580805391,,970.2
11930,-2.3000000000000003,0,4,3,1,0.4861165580805391,,970.2
11931,5.7,1,4,3,1,0.4861165580805391,,970.3
11932,-2.3000000000000003,0,4,3,1,0.4861165580805391,,970.3
11933,-4.300000000000001,0,4,3,1,0.4861165580805391,,970.4
11934,-4.6,0,6,3,1,0.4861165580805391,,970.4
11935,-4.300000000000001,0,4,3,1,0.4861165580805391,,970.4
11936,-4.300000000000001,0,4,3,1,0.4861165580805391,,970.5
11937,5.7,1,4,3,1,0.4861165580805391,,970.6
11938,-0.30000000000000004,0,4,3,1,0.4861165580805391,,970.7
11939,-4.300000000000001,0,4,3,1,0.4861165580805391,,970.7
11940,5.7,1,4,3,1,0.4861165580805391,,970.8
11941,-2.3000000000000003,0,4,3,1,0.4861165580805391,,970.9
11942,-2.3000000000000003,0,4,3,1,0.4861165580805391,,970.9
11943,5.7,1,4,3,1,0.4861165580805391,,970.9
11944,-4.300000000000001,0,4,3,1,0.4861165580805391,,971.0
11945,5.7,1,4,3,1,0.4861165580805391,,971.0
11946,-4.300000000000001,0,4,3,1,0.4861165580805391,,971.1
11947,-2.3000000000000003,0,4,3,1,0.4861165580805391,,971.1
11948,5.7,1,4,3,1,0.4861165580805391,,971.2
11949,-0.30000000000000004,0,4,3,1,0.4861165580805391,,971.3
11950,-0.30000000000000004,0,4,3,1,0.4861165580805391,,971.3
11951,-4.300000000000001,0,4,3,1,0.4861165580805391,,971.4
11952,-2.3000000000000003,0,4,3,1,0.4861165580805391,,971.4
11953,-4.300000000000001,0,4,3,1,0.4861165580805391,,971.5
11954,-2.3000000000000003,0,4,3,1,0.4861165580805391,,971.5
11955,-4.300000000000001,0,4,3,1,0.4861165580805391,,971.6
11956,5.7,1,4,3,1,0.4861165580805391,,971.7
11957,-4.300000000000001,0,4,3,1,0.4861165580805391,,971.7
11958,5.7,1,4,3,1,0.4861165580805391,,971.8
11959,5.7,1,4,3,1,0.4861165580805391,,971.8
11960,-4.300000000000001,0,4,3,1,0.4861165580805391,,971.9
11961,-2.3000000000000003,0,4,3,1,0.4861165580805391,,971.9
11962,-2.3000000000000003,0,4,3,1,0.4861165580805391,,972.0
11963,-4.300000000000001,0,4,3,1,0.4861165580805391,,972.0
11964,-4.300000000000001,0,4,3,1,0.4861165580805391,,972.1
11965,-4.300000000000001,0,4,3,1,0.4861165580805391,,972.2
11966,-4.300000000000001,0,4,3,1,0.4861165580805391,,972.2
11967,5.7,1,4,3,1,0.4861165580805391,,972.3
11968,-2.3000000000000003,0,4,3,1,0.4861165580805391,,972.4
11969,-4.300000000000001,0,4,3,1,0.4861165580805391,,972.5
11970,-2.3000000000000003,0,4,3,1,0.4861165580805391,,972.5
11971,-2.3000000000000003,0,4,3,1,0.4861165580805391,,972.6
11972,-4.300000000000001,0,4,3,1,0.4861165580805391,,972.6
11973,-4.300000000000001,0,4,3,1,0.4861165580805391,,972.7
11974,-2.3000000000000003,0,4,3,1,0.4861165580805391,,972.8
11975,5.7,1,4,3,1,0.4861165580805391,,972.8
11976,-4.300000000000001,0,4,3,1,0.4861165580805391,,972.9
11977,-4.300000000000001,0,4,3,1,0.4861165580805391,,973.0
11978,-4.300000000000001,0,4,3,1,0.4861165580805391,,973.0
11979,5.7,1,4,3,1,0.4861165580805391,,973.0
11980,5.7,1,4,3,1,0.4861165580805391,,973.1
11981,-4.300000000000001,0,4,3,1,0.4861165580805391,,973.1
11982,-4.300000000000001,0,4,3,1,0.4861165580805391,,973.2
11983,-4.6000000000000005,0,6,3,1,0.4861165580805391,,973.2
11984,5.7,1,4,3,1,0.4861165580805391,,973.3
11985,-4.300000000000001,0,4,3,1,0.4861165580805391,,973.4
11986,-2.3000000000000003,0,4,3,1,0.4861165580805391,,973.5
11987,-4.300000000000001,0,4,3,1,0.4861165580805391,,973.5
11988,-4.300000000000001,0,4,3,1,0.4861165580805391,,973.6
11989,-4.300000000000001,0,4,3,1,0.4861165580805391,,973.7
11990,-4.300000000000001,0,4,3,1,0.4861165580805391,,973.8
11991,-4.300000000000001,0,4,3,1,0.4861165580805391,,973.8
11992,-2.3000000000000003,0,4,3,1,0.4861165580805391,,973.9
11993,-4.300000000000001,0,4,3,1,0.4861165580805391,,974.0
11994,-4.300000000000001,0,4,3,1,0.4861165580805391,,974.0
11995,-4.300000000000001,0,4,3,1,0.4861165580805391,,974.1
11996,-4.300000000000001,0,4,3,1,0.4861165580805391,,974.1
11997,-4.300000000000001,0,4,3,1,0.4861165580805391,,974.2
11998,-0.30000000000000004,0,4,3,1,0.4861165580805391,,974.2
11999,-4.300000000000001,0,4,3,1,0.4861165580805391,,974.3
