episode,return,success,steps,final_depth,committed,explore,loss,wall
0,-6.2,0,10,3,1,0.0,,0.7
1,-5.6000000000000005,0,6,3,1,0.0,,0.8
2,-5.4,0,5,4,1,0.0,,0.9
3,-6.9,0,8,3,1,0.0,,1.1
4,-6.700000000000001,0,7,4,1,0.0,,1.2
5,-5.6000000000000005,0,6,3,1,0.0,,1.3
6,-5.4,0,5,4,1,0.0,,1.5
7,-5.4,0,5,4,1,0.0,,1.6
8,-9.5,0,12,3,1,0.0,,1.7
9,-5.6000000000000005,0,6,3,1,0.0,,1.8
10,-11.6,0,12,4,0,0.0,,2.0
11,-6.9,0,8,3,1,0.0,,2.1
12,-7.000000000000001,0,9,4,1,0.0,,2.2
13,-8.5,0,12,3,1,0.0,,2.4
14,-6.900000000000001,0,8,3,1,0.0,,2.5
15,-12.600000000000001,0,12,4,0,0.0,,2.6
16,-4.700000000000001,0,7,4,1,0.0,,2.7
17,-9.600000000000001,0,12,4,0,0.0,,2.9
18,-4.6000000000000005,0,6,3,1,0.0,,3.0
19,-9.700000000000001,0,12,2,0,0.0,,3.0
20,-4.700000000000001,0,12,2,0,0.0,,3.2
21,-7.0,0,9,4,1,0.0,,3.3
22,-4.300000000000001,0,4,3,1,0.0,,3.5
23,5.4,1,6,3,1,0.0,,3.6
24,-6.300000000000001,0,11,4,1,0.0,,3.7
25,-5.4,0,5,4,1,0.0,,3.8
26,-5.700000000000001,0,7,4,1,0.0,,3.9
27,-6.700000000000001,0,7,4,1,0.0,,4.0
28,-5.6000000000000005,0,6,3,1,0.0,,4.1
29,-5.300000000000001,0,11,4,1,0.0,,4.2
30,-6.700000000000001,0,7,4,1,0.0,,4.4
31,-8.000000000000002,0,9,4,1,0.0,,4.5
32,-4.300000000000001,0,4,3,1,0.0,,4.6
33,-5.4,0,5,4,1,0.0,,4.8
34,-9.3,0,11,4,1,0.0,,4.9
35,-4.300000000000001,0,4,3,1,0.0,,5.0
36,-9.6,0,12,4,0,0.0,,5.1
37,-6.700000000000001,0,7,4,1,0.0,,5.3
38,-7.0,0,9,4,1,0.0,,5.4
39,-5.4,0,5,4,1,0.0,,5.5
40,-5.7,0,7,4,1,0.0,,5.6
41,-4.700000000000001,0,7,4,1,0.0,,5.7
42,-4.0,0,9,4,1,0.0,,5.9
43,-4.300000000000001,0,4,3,1,0.0,,6.0
44,-4.300000000000001,0,4,3,1,0.0,,6.1
45,-11.600000000000001,0,12,4,0,0.0,,6.2
46,-5.4,0,5,4,1,0.0,,6.4
47,-8.0,0,9,4,1,0.0,,6.5
48,-8.200000000000001,0,10,3,1,0.0,,6.6
49,-6.5,0,12,3,1,0.0,,6.7
50,-6.700000000000001,0,7,4,1,0.0,,6.9
51,5.7,1,4,3,1,0.0,,7.0
52,-6.700000000000001,0,7,4,1,0.0,,7.1
53,-3.4000000000000004,0,5,4,1,0.0,,7.2
54,-3.4000000000000004,0,5,4,1,0.0,,7.3
55,-5.6000000000000005,0,6,3,1,0.0,,7.4
56,-5.7,0,7,4,1,0.0,,7.5
57,-7.000000000000002,0,9,4,1,0.0,,7.6
58,-5.0,0,9,4,1,0.0,,7.8
59,-8.3,0,11,4,1,0.0,,7.9
60,-8.0,0,9,4,1,0.0,,8.0
61,-6.700000000000001,0,7,4,1,0.0,,8.1
62,-6.3,0,11,4,1,0.0,,8.2
63,-3.4000000000000004,0,5,4,1,0.0,,8.3
64,-3.4000000000000004,0,5,4,1,0.0,,8.4
65,-5.4,0,5,4,1,0.0,,8.4
66,-7.0,0,9,4,1,0.0,,8.6
67,-8.600000000000001,0,12,4,0,0.0,,8.7
68,-6.000000000000001,0,9,4,1,0.0,,8.9
69,-6.9,0,8,3,1,0.0,,9.0
70,-5.6000000000000005,0,6,3,1,0.0,,9.2
71,-8.000000000000002,0,9,4,1,0.0,,9.3
72,-6.700000000000001,0,7,4,1,0.0,,9.4
73,-8.200000000000001,0,10,3,1,0.0,,9.6
74,-5.3,0,11,4,1,0.0,,9.7
75,-4.300000000000001,0,4,3,1,0.0,,9.8
76,-4.200000000000001,0,10,3,1,0.0,,9.9
77,-7.600000000000001,0,12,4,0,0.0,,10.0
78,-9.700000000000001,0,12,2,0,0.0,,10.2
79,-6.700000000000001,0,7,4,1,0.0,,10.3
80,-10.700000000000001,0,12,2,0,0.0,,10.5
81,-5.4,0,5,4,1,0.0,,10.5
82,-6.700000000000001,0,7,4,1,0.0,,10.6
83,-7.0,0,9,4,1,0.0,,10.8
84,-4.440892098500626e-16,0,9,4,1,0.0,,10.9
85,-9.3,0,11,4,1,0.0,,11.0
86,-8.8,0,12,0,0,0.0,,11.1
87,-6.300000000000001,0,11,4,1,0.0,,11.3
88,-5.6000000000000005,0,6,3,1,0.0,,11.4
89,-4.300000000000001,0,4,3,1,0.0,,11.5
90,-5.6000000000000005,0,6,3,1,0.0,,11.7
91,-5.6000000000000005,0,6,3,1,0.0,,11.8
92,-4.9,0,8,3,1,0.0,,11.9
93,-6.700000000000001,0,7,4,1,0.0,,12.0
94,-6.9,0,8,3,1,0.0,,12.1
95,-10.700000000000003,0,12,2,0,0.0,,12.2
96,-4.700000000000001,0,7,4,1,0.0,,12.3
97,-7.699999999999999,0,12,2,0,0.0,,12.5
98,-1.6,0,6,3,1,0.0,,12.6
99,-9.600000000000001,0,12,4,0,0.0,,12.8
100,-5.4,0,5,4,1,0.0,,12.9
101,-1.4000000000000001,0,5,4,1,0.0,,13.0
102,-4.300000000000001,0,4,3,1,0.0,,13.2
103,-3.2,0,10,3,1,0.0,,13.3
104,-6.700000000000001,0,7,4,1,0.0,,13.4
105,4.0,1,9,4,1,0.0,,13.5
106,-5.4,0,5,4,1,0.0,,13.7
107,-5.4,0,5,4,1,0.0,,13.8
108,-3.4000000000000004,0,5,4,1,0.0,,13.9
109,-6.700000000000001,0,7,4,1,0.0,,14.0
110,-6.700000000000001,0,7,4,1,0.0,,14.2
111,-6.700000000000001,0,7,4,1,0.0,,14.3
112,-5.6000000000000005,0,6,3,1,0.0,,14.4
113,-5.4,0,5,4,1,0.0,,14.5
114,-4.300000000000001,0,4,3,1,0.0,,14.5
115,-4.9,0,8,3,1,0.0,,14.6
116,-6.700000000000001,0,7,4,1,0.0,,14.8
117,-4.300000000000001,0,4,3,1,0.0,,14.9
118,-0.30000000000000004,0,4,3,1,0.0,,15.0
119,-9.700000000000001,0,12,2,0,0.0,,15.1
120,-7.500000000000002,0,12,3,1,0.0,,15.3
121,-4.700000000000001,0,7,4,1,0.0,,15.3
122,-9.6,0,12,4,0,0.0,,15.5
123,-12.6,0,12,4,0,0.0,,15.6
124,-2.3000000000000003,0,4,3,1,0.0,,15.8
125,-5.4,0,5,4,1,0.0,,15.8
126,-9.3,0,11,4,1,0.0,,15.9
127,-3.6000000000000005,0,6,3,1,0.0,,16.1
128,-6.700000000000001,0,7,4,1,0.0,,16.2
129,-6.9,0,8,3,1,0.0,,16.3
130,-5.4,0,5,4,1,0.0,,16.4
131,-8.000000000000002,0,9,4,1,0.0,,16.6
132,-4.700000000000001,0,7,4,1,0.0,,16.7
133,-12.600000000000001,0,12,4,0,0.0,,16.9
134,-6.000000000000001,0,9,4,1,0.0,,17.1
135,-9.6,0,12,4,0,0.0,,17.2
136,-5.4,0,5,4,1,0.0,,17.3
137,-4.700000000000001,0,7,4,1,0.0,,17.4
138,-6.700000000000001,0,12,2,0,0.0,,17.4
139,-1.6,0,6,3,1,0.0,,17.6
140,-2.3000000000000003,0,4,3,1,0.0,,17.6
141,-5.6000000000000005,0,6,3,1,0.0,,17.7
142,-4.700000000000001,0,7,4,1,0.0,,17.8
143,-10.600000000000001,0,12,4,0,0.0,,18.0
144,-5.700000000000001,0,7,4,1,0.0,,18.1
145,-6.700000000000001,0,7,4,1,0.0,,18.2
146,-4.300000000000001,0,4,3,1,0.0,,18.3
147,-4.6000000000000005,0,6,3,1,0.0,,18.4
148,-5.4,0,5,4,1,0.0,,18.5
149,-8.000000000000002,0,9,4,1,0.0,,18.7
150,-7.0,0,9,4,1,0.0,,18.8
151,-6.700000000000001,0,7,4,1,0.0,,18.9
152,-8.7,0,12,2,0,0.0,,19.1
153,-8.000000000000002,0,9,4,1,0.0,,19.1
154,-5.6000000000000005,0,6,3,1,0.0,,19.3
155,-6.700000000000001,0,7,4,1,0.0,,19.4
156,-2.7,0,7,4,1,0.0,,19.5
157,-7.2,0,10,3,1,0.0,,19.7
158,-8.0,0,9,4,1,0.0,,19.9
159,-4.9,0,8,3,1,0.0,,20.0
160,-4.700000000000001,0,7,4,1,0.0,,20.1
161,4.4,1,6,3,1,0.0,,20.2
162,-9.3,0,11,4,1,0.0,,20.3
163,-7.000000000000001,0,9,4,1,0.0,,20.4
164,-9.8,0,12,0,0,0.0,,20.5
165,-9.3,0,11,4,1,0.0,,20.6
166,-5.6000000000000005,0,6,3,1,0.0,,20.7
167,-6.700000000000001,0,7,4,1,0.0,,20.8
168,-7.300000000000001,0,11,4,1,0.0,,20.9
169,-4.300000000000001,0,4,3,1,0.0,,21.0
170,-4.500000000000001,0,12,3,1,0.0,,21.2
171,-6.700000000000001,0,7,4,1,0.0,,21.3
172,-5.4,0,5,4,1,0.0,,21.4
173,-2.3000000000000003,0,4,3,1,0.0,,21.5
174,-11.6,0,12,4,0,0.0,,21.6
175,-5.4,0,5,4,1,0.0,,21.7
176,-5.9,0,8,3,1,0.0,,21.9
177,-3.4000000000000004,0,5,4,1,0.0,,22.0
178,-11.6,0,12,4,0,0.0,,22.1
179,-5.7,0,7,4,1,0.0,,22.2
180,-5.9,0,8,3,1,0.0,,22.3
181,-1.4000000000000001,0,5,4,1,0.0,,22.4
182,-4.9,0,8,3,1,0.0,,22.5
183,-10.8,0,12,0,0,0.0,,22.7
184,-10.7,0,12,2,0,0.0,,22.8
185,-11.600000000000001,0,12,4,0,0.0,,23.0
186,-5.6000000000000005,0,6,3,1,0.0,,23.2
187,-6.9,0,8,3,1,0.0,,23.3
188,-5.4,0,5,4,1,0.0,,23.4
189,-10.700000000000001,0,12,2,0,0.0,,23.4
190,-5.4,0,5,4,1,0.0,,23.5
191,-4.300000000000001,0,4,3,1,0.0,,23.6
192,-6.0,0,9,4,1,0.0,,23.7
193,-5.4,0,5,4,1,0.0,,23.8
194,-3.4000000000000004,0,5,4,1,0.0,,23.9
195,-6.0,0,9,4,1,0.0,,24.0
196,-4.6000000000000005,0,6,3,1,0.0,,24.0
197,-5.7,0,7,4,1,0.0,,24.2
198,-8.6,0,12,4,0,0.0,,24.3
199,-7.0,0,9,4,1,0.0,,24.4
200,-12.600000000000001,0,12,4,0,0.0,,24.5
201,-5.6000000000000005,0,6,3,1,0.0,,24.6
202,-12.6,0,12,4,0,0.0,,24.8
203,-10.7,0,12,2,0,0.0,,24.8
204,-9.6,0,12,4,0,0.0,,25.0
205,-3.6,0,6,3,1,0.0,,25.1
206,-9.500000000000002,0,12,3,1,0.0,,25.3
207,-7.0,0,9,4,1,0.0,,25.4
208,-5.9,0,8,3,1,0.0,,25.5
209,-5.6000000000000005,0,6,3,1,0.0,,25.6
210,-10.600000000000001,0,12,4,0,0.0,,25.7
211,-4.7,0,7,4,1,0.0,,25.9
212,-10.600000000000001,0,12,4,0,0.0,,26.0
213,-5.700000000000001,0,7,4,1,0.0,,26.1
214,-6.700000000000001,0,12,2,0,0.0,,26.3
215,-5.700000000000001,0,7,4,1,0.0,,26.4
216,-5.700000000000001,0,7,4,1,0.0,,26.5
217,-6.700000000000001,0,7,4,1,0.0,,26.5
218,-5.6000000000000005,0,6,3,1,0.0,,26.7
219,-7.300000000000001,0,11,4,1,0.0,,26.8
220,-7.300000000000001,0,11,4,1,0.0,,27.0
221,-6.900000000000001,0,8,3,1,0.0,,27.1
222,-5.300000000000001,0,11,4,1,0.0,,27.2
223,-7.6000000000000005,0,12,4,0,0.0,,27.2
224,-12.6,0,12,4,0,0.0,,27.4
225,-6.700000000000001,0,7,4,1,0.0,,27.5
226,-5.4,0,5,4,1,0.0,,27.6
227,-5.7,0,7,4,1,0.0,,27.7
228,-5.4,0,5,4,1,0.0,,27.8
229,-1.4000000000000001,0,5,4,1,0.0,,27.9
230,-9.3,0,11,4,1,0.0,,28.0
231,-4.2,0,10,3,1,0.0,,28.1
232,-4.300000000000001,0,4,3,1,0.0,,28.2
233,-8.0,0,9,4,1,0.0,,28.4
234,-5.9,0,8,3,1,0.0,,28.5
235,-5.500000000000001,0,12,3,1,0.0,,28.6
236,-4.300000000000001,0,4,3,1,0.0,,28.7
237,-7.200000000000001,0,10,3,1,0.0,,28.8
238,-5.4,0,5,4,1,0.0,,28.9
239,-6.2,0,10,3,1,0.0,,29.0
240,-8.0,0,9,4,1,0.0,,29.1
241,-2.0,0,9,4,1,0.0,,29.2
242,-6.700000000000001,0,7,4,1,0.0,,29.3
243,-5.4,0,5,4,1,0.0,,29.4
244,-3.4000000000000004,0,5,4,1,0.0,,29.6
245,-8.3,0,11,4,1,0.0,,29.7
246,-8.5,0,12,3,1,0.0,,29.8
247,-8.200000000000003,0,10,3,1,0.0,,29.9
248,-5.4,0,5,4,1,0.0,,30.0
249,-6.700000000000001,0,7,4,1,0.0,,30.1
250,-7.300000000000001,0,11,4,1,0.0,,30.2
251,-4.300000000000001,0,4,3,1,0.0,,30.3
252,-2.9000000000000004,0,8,3,1,0.0,,30.4
253,-6.900000000000001,0,8,3,1,0.0,,30.5
254,-3.4000000000000004,0,5,4,1,0.0,,30.6
255,-4.300000000000001,0,11,4,1,0.0,,30.8
256,-5.4,0,5,4,1,1.4644959019497037,0.9471312346868217,31.7
257,-1.7000000000000002,0,7,4,1,1.4644959019497037,,31.8
258,-4.300000000000001,0,4,3,1,1.4644959019497037,,32.0
259,-5.4,0,5,4,1,1.4644959019497037,,32.1
260,-4.300000000000001,0,4,3,1,1.4644959019497037,,32.2
261,-2.3000000000000003,0,4,3,1,1.4644959019497037,,32.3
262,-5.4,0,5,4,1,1.4644959019497037,,32.4
263,-3.4000000000000004,0,5,4,1,1.4644959019497037,,32.5
264,-5.6000000000000005,0,6,3,1,1.4644959019497037,,32.6
265,-5.4,0,5,4,1,1.4644959019497037,,32.8
266,-7.0,0,9,4,1,1.4644959019497037,,32.9
267,-7.200000000000001,0,10,3,1,1.4644959019497037,,33.0
268,-7.300000000000002,0,11,4,1,1.4644959019497037,,33.1
269,-5.600000000000001,0,12,4,0,1.4644959019497037,,33.2
270,-5.4,0,5,4,1,1.4644959019497037,,33.3
271,-5.9,0,8,3,1,1.4644959019497037,,33.4
272,-5.6000000000000005,0,6,3,1,1.4644959019497037,,33.5
273,-3.4000000000000004,0,5,4,1,1.4644959019497037,,33.6
274,-3.4000000000000004,0,5,4,1,1.4644959019497037,,33.7
275,-4.6,0,6,3,1,1.4644959019497037,,33.8
276,-6.900000000000001,0,8,3,1,1.4644959019497037,,33.9
277,-5.4,0,5,4,1,1.4644959019497037,,33.9
278,-6.700000000000001,0,7,4,1,1.4644959019497037,,34.0
279,-6.700000000000001,0,7,4,1,1.4644959019497037,,34.1
280,-5.4,0,5,4,1,1.4644959019497037,,34.2
281,-5.4,0,5,4,1,1.4644959019497037,,34.3
282,-5.7,0,7,4,1,1.4644959019497037,,34.4
283,-6.700000000000001,0,7,4,1,1.4644959019497037,,34.6
284,-5.4,0,5,4,1,1.4644959019497037,,34.7
285,-4.0,0,9,4,1,1.4644959019497037,,34.8
286,-6.300000000000001,0,11,4,1,1.4644959019497037,,34.9
287,-5.4,0,5,4,1,1.4644959019497037,,35.0
288,-7.0,0,9,4,1,1.4644959019497037,,35.1
289,-7.299999999999999,0,11,4,1,1.4644959019497037,,35.2
290,-5.0,0,9,4,1,1.4644959019497037,,35.3
291,-4.700000000000001,0,7,4,1,1.4644959019497037,,35.4
292,-2.3000000000000003,0,4,3,1,1.4644959019497037,,35.5
293,-2.3000000000000003,0,4,3,1,1.4644959019497037,,35.5
294,-5.9,0,8,3,1,1.4644959019497037,,35.6
295,-7.000000000000001,0,9,4,1,1.4644959019497037,,35.7
296,-2.3000000000000003,0,4,3,1,1.4644959019497037,,35.8
297,-8.600000000000001,0,12,4,0,1.4644959019497037,,35.9
298,-8.0,0,9,4,1,1.4644959019497037,,36.0
299,-5.000000000000001,0,9,4,1,1.4644959019497037,,36.1
300,-5.4,0,5,4,1,1.4644959019497037,,36.3
301,-5.4,0,5,4,1,1.4644959019497037,,36.3
302,-4.300000000000001,0,4,3,1,1.4644959019497037,,36.5
303,-5.7,0,7,4,1,1.4644959019497037,,36.6
304,-3.4000000000000004,0,5,4,1,1.4644959019497037,,36.7
305,-3.6000000000000005,0,6,3,1,1.4644959019497037,,36.8
306,-5.6000000000000005,0,6,3,1,1.4644959019497037,,36.9
307,-5.4,0,5,4,1,1.4644959019497037,,37.1
308,-4.300000000000001,0,4,3,1,1.4644959019497037,,37.2
309,-4.300000000000001,0,4,3,1,1.4644959019497037,,37.3
310,-5.4,0,5,4,1,1.4644959019497037,,37.4
311,-8.000000000000002,0,9,4,1,1.4644959019497037,,37.5
312,-5.200000000000001,0,10,3,1,1.4644959019497037,,37.6
313,-4.300000000000001,0,4,3,1,1.4644959019497037,,37.7
314,-2.3000000000000003,0,4,3,1,1.4644959019497037,,37.8
315,-9.700000000000001,0,12,2,0,1.4644959019497037,,37.9
316,-6.700000000000001,0,7,4,1,1.4644959019497037,,38.0
317,-1.4000000000000001,0,5,4,1,1.4644959019497037,,38.2
318,-5.0,0,9,4,1,1.4644959019497037,,38.2
319,-2.3000000000000003,0,4,3,1,1.4644959019497037,,38.3
320,-5.4,0,5,4,1,1.4644959019497037,,38.4
321,-5.6000000000000005,0,6,3,1,1.4644959019497037,,38.6
322,-5.6000000000000005,0,6,3,1,1.4644959019497037,,38.7
323,-5.000000000000001,0,9,4,1,1.4644959019497037,,38.7
324,-4.7,0,7,4,1,1.4644959019497037,,38.8
325,-6.700000000000001,0,7,4,1,1.4644959019497037,,39.0
326,-3.4000000000000004,0,5,4,1,1.4644959019497037,,39.1
327,-0.30000000000000004,0,4,3,1,1.4644959019497037,,39.2
328,-2.3000000000000003,0,4,3,1,1.4644959019497037,,39.3
329,-7.000000000000002,0,9,4,1,1.4644959019497037,,39.4
330,-3.4000000000000004,0,5,4,1,1.4644959019497037,,39.5
331,-4.300000000000001,0,4,3,1,1.4644959019497037,,39.6
332,-6.700000000000001,0,7,4,1,1.4644959019497037,,39.7
333,-1.6,0,6,3,1,1.4644959019497037,,39.8
334,-3.4000000000000004,0,5,4,1,1.4644959019497037,,39.9
335,-4.300000000000001,0,4,3,1,1.4644959019497037,,40.0
336,-3.4000000000000004,0,5,4,1,1.4644959019497037,,40.1
337,-4.300000000000001,0,4,3,1,1.4644959019497037,,40.1
338,-5.4,0,5,4,1,1.4644959019497037,,40.2
339,-7.7,0,12,2,0,1.4644959019497037,,40.3
340,-4.300000000000001,0,4,3,1,1.4644959019497037,,40.4
341,-5.4,0,5,4,1,1.4644959019497037,,40.5
342,-5.4,0,5,4,1,1.4644959019497037,,40.6
343,-4.300000000000001,0,4,3,1,1.4644959019497037,,40.6
344,-2.9000000000000004,0,8,3,1,1.4644959019497037,,40.7
345,-4.300000000000001,0,4,3,1,1.4644959019497037,,40.8
346,-6.900000000000001,0,8,3,1,1.4644959019497037,,40.9
347,-5.4,0,5,4,1,1.4644959019497037,,41.0
348,-5.7,0,7,4,1,1.4644959019497037,,41.1
349,-6.700000000000001,0,7,4,1,1.4644959019497037,,41.2
350,-6.700000000000001,0,7,4,1,1.4644959019497037,,41.4
351,-5.4,0,5,4,1,1.4644959019497037,,41.5
352,-8.5,0,12,3,1,1.4644959019497037,,41.6
353,-5.6000000000000005,0,6,3,1,1.4644959019497037,,41.7
354,-6.700000000000001,0,7,4,1,1.4644959019497037,,41.8
355,-4.700000000000001,0,7,4,1,1.4644959019497037,,41.9
356,-6.700000000000001,0,7,4,1,1.4644959019497037,,42.0
357,-3.7,0,7,4,1,1.4644959019497037,,42.1
358,-5.6000000000000005,0,6,3,1,1.4644959019497037,,42.2
359,-1.4000000000000001,0,5,4,1,1.4644959019497037,,42.3
360,-6.700000000000001,0,7,4,1,1.4644959019497037,,42.4
361,-6.700000000000001,0,7,4,1,1.4644959019497037,,42.5
362,-4.300000000000001,0,4,3,1,1.4644959019497037,,42.6
363,-4.300000000000001,0,4,3,1,1.4644959019497037,,42.7
364,-5.4,0,5,4,1,1.4644959019497037,,42.8
365,-5.000000000000001,0,9,4,1,1.4644959019497037,,42.9
366,-4.0,0,9,4,1,1.4644959019497037,,43.0
367,-9.6,0,12,4,0,1.4644959019497037,,43.1
368,-5.4,0,5,4,1,1.4644959019497037,,43.2
369,-9.600000000000001,0,12,4,0,1.4644959019497037,,43.4
370,-5.4,0,5,4,1,1.4644959019497037,,43.5
371,-6.0,0,9,4,1,1.4644959019497037,,43.6
372,-3.7,0,7,4,1,1.4644959019497037,,43.7
373,-8.3,0,11,4,1,1.4644959019497037,,43.8
374,-2.7,0,7,4,1,1.4644959019497037,,43.8
375,-7.699999999999999,0,12,2,0,1.4644959019497037,,44.0
376,-6.9,0,8,3,1,1.4644959019497037,,44.1
377,-4.7,0,7,4,1,1.4644959019497037,,44.2
378,-7.200000000000001,0,10,3,1,1.4644959019497037,,44.3
379,-5.6000000000000005,0,6,3,1,1.4644959019497037,,44.4
380,-4.6000000000000005,0,6,3,1,1.4644959019497037,,44.5
381,-5.7,0,7,4,1,1.4644959019497037,,44.6
382,-3.4000000000000004,0,5,4,1,1.4644959019497037,,44.6
383,-5.6000000000000005,0,6,3,1,1.4644959019497037,,44.7
384,-9.5,0,12,3,1,1.4644959019497037,,44.8
385,-5.7,0,7,4,1,1.4644959019497037,,44.9
386,-6.300000000000001,0,11,4,1,1.4644959019497037,,45.0
387,-6.9,0,8,3,1,1.4644959019497037,,45.2
388,-6.700000000000001,0,7,4,1,1.4644959019497037,,45.3
389,-10.600000000000001,0,12,4,0,1.4644959019497037,,45.4
390,-8.000000000000002,0,9,4,1,1.4644959019497037,,45.5
391,-2.3000000000000003,0,4,3,1,1.4644959019497037,,45.6
392,-5.0,0,9,4,1,1.4644959019497037,,45.7
393,-5.4,0,5,4,1,1.4644959019497037,,45.8
394,-8.000000000000002,0,9,4,1,1.4644959019497037,,46.0
395,-5.4,0,5,4,1,1.4644959019497037,,46.0
396,-4.0,0,9,4,1,1.4644959019497037,,46.1
397,-6.700000000000001,0,7,4,1,1.4644959019497037,,46.2
398,-3.6000000000000005,0,6,3,1,1.4644959019497037,,46.3
399,-5.4,0,5,4,1,1.4644959019497037,,46.4
400,-1.4000000000000001,0,5,4,1,1.4644959019497037,,46.5
401,-5.4,0,5,4,1,1.4644959019497037,,46.6
402,-2.3000000000000003,0,4,3,1,1.4644959019497037,,46.6
403,-7.3,0,11,4,1,1.4644959019497037,,46.7
404,-5.4,0,5,4,1,1.4644959019497037,,46.8
405,-5.6000000000000005,0,6,3,1,1.4644959019497037,,46.9
406,-8.3,0,11,4,1,1.4644959019497037,,47.0
407,-4.300000000000001,0,4,3,1,1.4644959019497037,,47.0
408,-7.300000000000001,0,11,4,1,1.4644959019497037,,47.1
409,-1.4000000000000001,0,5,4,1,1.4644959019497037,,47.2
410,-4.300000000000001,0,4,3,1,1.4644959019497037,,47.3
411,-6.700000000000001,0,7,4,1,1.4644959019497037,,47.4
412,-1.7000000000000002,0,7,4,1,1.4644959019497037,,47.5
413,-4.300000000000001,0,4,3,1,1.4644959019497037,,47.6
414,-5.6000000000000005,0,6,3,1,1.4644959019497037,,47.7
415,-4.300000000000001,0,4,3,1,1.4644959019497037,,47.8
416,-4.300000000000001,0,4,3,1,1.4644959019497037,,47.9
417,-7.0,0,9,4,1,1.4644959019497037,,48.0
418,-8.0,0,9,4,1,1.4644959019497037,,48.2
419,-6.5,0,12,3,1,1.4644959019497037,,48.3
420,-5.000000000000001,0,9,4,1,1.4644959019497037,,48.4
421,-4.300000000000001,0,4,3,1,1.4644959019497037,,48.5
422,-5.4,0,5,4,1,1.4644959019497037,,48.6
423,-4.300000000000001,0,4,3,1,1.4644959019497037,,48.6
424,-5.4,0,5,4,1,1.4644959019497037,,48.7
425,-6.0,0,9,4,1,1.4644959019497037,,48.9
426,-5.4,0,5,4,1,1.4644959019497037,,49.0
427,-5.6000000000000005,0,6,3,1,1.4644959019497037,,49.0
428,-9.700000000000001,0,12,2,0,1.4644959019497037,,49.1
429,-4.300000000000001,0,4,3,1,1.4644959019497037,,49.2
430,-4.300000000000001,0,4,3,1,1.4644959019497037,,49.2
431,-7.200000000000001,0,10,3,1,1.4644959019497037,,49.4
432,-5.4,0,5,4,1,1.4644959019497037,,49.5
433,-6.000000000000001,0,9,4,1,1.4644959019497037,,49.6
434,-5.4,0,5,4,1,1.4644959019497037,,49.7
435,-2.9000000000000004,0,8,3,1,1.4644959019497037,,49.8
436,-4.300000000000001,0,4,3,1,1.4644959019497037,,49.9
437,-6.900000000000001,0,8,3,1,1.4644959019497037,,50.0
438,-5.9,0,8,3,1,1.4644959019497037,,50.1
439,-3.4000000000000004,0,5,4,1,1.4644959019497037,,50.2
440,-5.4,0,5,4,1,1.4644959019497037,,50.3
441,-8.000000000000002,0,9,4,1,1.4644959019497037,,50.4
442,-6.700000000000001,0,7,4,1,1.4644959019497037,,50.4
443,-6.200000000000001,0,10,3,1,1.4644959019497037,,50.6
444,-5.4,0,5,4,1,1.4644959019497037,,50.6
445,-4.700000000000001,0,7,4,1,1.4644959019497037,,50.7
446,-4.300000000000001,0,4,3,1,1.4644959019497037,,50.8
447,-3.6000000000000005,0,6,3,1,1.4644959019497037,,50.9
448,-6.700000000000001,0,7,4,1,1.4644959019497037,,51.1
449,-5.4,0,5,4,1,1.4644959019497037,,51.2
450,-4.300000000000001,0,4,3,1,1.4644959019497037,,51.3
451,-5.4,0,5,4,1,1.4644959019497037,,51.3
452,-2.3000000000000003,0,4,3,1,1.4644959019497037,,51.4
453,-3.6000000000000005,0,6,3,1,1.4644959019497037,,51.5
454,-2.3000000000000003,0,4,3,1,1.4644959019497037,,51.6
455,-2.3000000000000003,0,4,3,1,1.4644959019497037,,51.7
456,-6.700000000000001,0,7,4,1,1.4644959019497037,,51.9
457,-11.600000000000001,0,12,4,0,1.4644959019497037,,52.0
458,-2.3000000000000003,0,4,3,1,1.4644959019497037,,52.1
459,-3.4000000000000004,0,5,4,1,1.4644959019497037,,52.2
460,-5.6000000000000005,0,6,3,1,1.4644959019497037,,52.3
461,-3.4000000000000004,0,5,4,1,1.4644959019497037,,52.4
462,-3.4000000000000004,0,5,4,1,1.4644959019497037,,52.4
463,-4.6,0,6,3,1,1.4644959019497037,,52.6
464,-8.600000000000001,0,12,4,0,1.4644959019497037,,52.6
465,-4.700000000000001,0,7,4,1,1.4644959019497037,,52.8
466,-5.4,0,5,4,1,1.4644959019497037,,52.9
467,-3.6000000000000005,0,6,3,1,1.4644959019497037,,53.0
468,-1.4000000000000001,0,5,4,1,1.4644959019497037,,53.1
469,-5.7,0,7,4,1,1.4644959019497037,,53.2
470,-9.600000000000001,0,12,4,0,1.4644959019497037,,53.3
471,-2.3000000000000003,0,4,3,1,1.4644959019497037,,53.3
472,-3.6000000000000005,0,6,3,1,1.4644959019497037,,53.4
473,-12.600000000000001,0,12,4,0,1.4644959019497037,,53.5
474,-2.3000000000000003,0,4,3,1,1.4644959019497037,,53.6
475,-5.4,0,5,4,1,1.4644959019497037,,53.7
476,-7.2,0,10,3,1,1.4644959019497037,,53.8
477,-2.3000000000000003,0,4,3,1,1.4644959019497037,,53.9
478,-6.700000000000001,0,7,4,1,1.4644959019497037,,54.0
479,-6.700000000000001,0,7,4,1,1.4644959019497037,,54.1
480,-5.6000000000000005,0,6,3,1,1.4644959019497037,,54.2
481,-6.700000000000001,0,7,4,1,1.4644959019497037,,54.3
482,-3.5000000000000004,0,12,3,1,1.4644959019497037,,54.5
483,-6.300000000000001,0,11,4,1,1.4644959019497037,,54.6
484,-5.4,0,5,4,1,1.4644959019497037,,54.6
485,-5.7,0,7,4,1,1.4644959019497037,,54.7
486,-3.4000000000000004,0,5,4,1,1.4644959019497037,,54.8
487,-6.700000000000001,0,7,4,1,1.4644959019497037,,54.9
488,-4.700000000000001,0,7,4,1,1.4644959019497037,,55.0
489,-6.700000000000001,0,7,4,1,1.4644959019497037,,55.1
490,-5.4,0,5,4,1,1.4644959019497037,,55.2
491,-8.0,0,9,4,1,1.4644959019497037,,55.3
492,-12.6,0,12,4,0,1.4644959019497037,,55.4
493,-8.0,0,9,4,1,1.4644959019497037,,55.5
494,-4.700000000000001,0,7,4,1,1.4644959019497037,,55.6
495,-6.700000000000001,0,7,4,1,1.4644959019497037,,55.7
496,-5.4,0,5,4,1,1.4644959019497037,,55.8
497,-2.3000000000000003,0,4,3,1,1.4644959019497037,,55.9
498,-4.300000000000001,0,4,3,1,1.4644959019497037,,56.0
499,-4.300000000000001,0,4,3,1,1.4644959019497037,,56.1
500,-5.700000000000001,0,7,4,1,1.4644959019497037,,56.2
501,-3.6000000000000005,0,6,3,1,1.4644959019497037,,64.0
502,-6.900000000000001,0,8,3,1,1.4644959019497037,,64.1
503,-7.199999999999999,0,10,3,1,1.4644959019497037,,64.2
504,-5.4,0,5,4,1,1.4644959019497037,,64.4
505,-5.4,0,5,4,1,1.4644959019497037,,64.5
506,-5.4,0,5,4,1,1.4644959019497037,,64.6
507,-4.300000000000001,0,4,3,1,1.4644959019497037,,64.7
508,-4.300000000000001,0,4,3,1,1.4644959019497037,,64.8
509,-4.300000000000001,0,4,3,1,1.4644959019497037,,64.9
510,-4.2,0,10,3,1,1.4644959019497037,,65.0
511,-4.6000000000000005,0,6,3,1,1.4644959019497037,,65.1
512,-4.300000000000001,0,4,3,1,1.4644959019497037,,65.3
513,-5.4,0,5,4,1,1.4644959019497037,,65.4
514,-5.4,0,5,4,1,1.4644959019497037,,65.5
515,-1.6,0,6,3,1,1.4644959019497037,,65.6
516,-8.3,0,11,4,1,1.4644959019497037,,65.7
517,5.7,1,4,3,1,1.4644959019497037,,65.8
518,-5.4,0,5,4,1,1.4644959019497037,,65.9
519,-5.4,0,5,4,1,1.4644959019497037,,66.0
520,-7.0,0,9,4,1,1.4644959019497037,,66.1
521,-10.600000000000001,0,12,4,0,1.4644959019497037,,66.3
522,-6.700000000000001,0,7,4,1,1.4644959019497037,,66.4
523,-4.2,0,10,3,1,1.4644959019497037,,66.5
524,-5.0,0,9,4,1,1.4644959019497037,,66.6
525,-6.700000000000001,0,7,4,1,1.4644959019497037,,66.7
526,-4.9,0,8,3,1,1.4644959019497037,,66.8
527,-5.4,0,5,4,1,1.4644959019497037,,66.9
528,-5.4,0,5,4,1,1.4644959019497037,,67.1
529,-6.0,0,9,4,1,1.4644959019497037,,67.2
530,-5.4,0,5,4,1,1.4644959019497037,,67.3
531,-4.9,0,8,3,1,1.4644959019497037,,67.4
532,-12.6,0,12,4,0,1.4644959019497037,,67.6
533,-4.6000000000000005,0,6,3,1,1.4644959019497037,,67.6
534,-5.700000000000001,0,7,4,1,1.4644959019497037,,67.7
535,1.7999999999999994,1,10,3,1,1.4644959019497037,,67.8
536,-3.4000000000000004,0,5,4,1,1.4644959019497037,,67.9
537,-8.200000000000001,0,10,3,1,1.4644959019497037,,68.0
538,-5.4,0,5,4,1,1.4644959019497037,,68.1
539,-5.4,0,5,4,1,1.4644959019497037,,68.2
540,-5.9,0,8,3,1,1.4644959019497037,,68.3
541,3.1,1,8,3,1,1.4644959019497037,,68.5
542,-2.3000000000000003,0,4,3,1,1.4644959019497037,,68.5
543,-4.300000000000001,0,4,3,1,1.4644959019497037,,68.6
544,-8.6,0,12,4,0,1.4644959019497037,,68.7
545,-10.7,0,12,2,0,1.4644959019497037,,68.9
546,-6.000000000000001,0,9,4,1,1.4644959019497037,,69.0
547,-5.4,0,5,4,1,1.4644959019497037,,69.1
548,-5.6000000000000005,0,6,3,1,1.4644959019497037,,69.2
549,-5.3,0,11,4,1,1.4644959019497037,,69.3
550,-7.6000000000000005,0,12,4,0,1.4644959019497037,,69.5
551,-8.0,0,9,4,1,1.4644959019497037,,69.6
552,-4.300000000000001,0,4,3,1,1.4644959019497037,,69.7
553,-5.4,0,5,4,1,1.4644959019497037,,69.7
554,-6.700000000000001,0,7,4,1,1.4644959019497037,,69.9
555,-8.0,0,9,4,1,1.4644959019497037,,70.0
556,-8.700000000000001,0,12,2,0,1.4644959019497037,,70.1
557,-7.200000000000002,0,10,3,1,1.4217063914984465,0.7299105194397271,70.8
558,-6.0,0,9,4,1,1.4217063914984465,,70.8
559,-4.300000000000001,0,4,3,1,1.4217063914984465,,70.9
560,-6.700000000000001,0,7,4,1,1.4217063914984465,,71.1
561,-5.4,0,5,4,1,1.4217063914984465,,71.2
562,-5.6000000000000005,0,6,3,1,1.4217063914984465,,71.4
563,-5.4,0,5,4,1,1.4217063914984465,,71.5
564,-3.4000000000000004,0,5,4,1,1.4217063914984465,,71.6
565,-6.700000000000001,0,7,4,1,1.4217063914984465,,71.7
566,-4.300000000000001,0,4,3,1,1.4217063914984465,,71.7
567,-10.600000000000001,0,12,4,0,1.4217063914984465,,71.9
568,-4.300000000000001,0,4,3,1,1.4217063914984465,,72.0
569,-4.300000000000001,0,4,3,1,1.4217063914984465,,72.1
570,-5.9,0,8,3,1,1.4217063914984465,,72.2
571,-5.6000000000000005,0,6,3,1,1.4217063914984465,,72.3
572,-4.300000000000001,0,4,3,1,1.4217063914984465,,72.4
573,-4.300000000000001,0,4,3,1,1.4217063914984465,,72.5
574,-5.4,0,5,4,1,1.4217063914984465,,72.6
575,-3.4000000000000004,0,5,4,1,1.4217063914984465,,72.7
576,-4.300000000000001,0,4,3,1,1.4217063914984465,,72.8
577,-6.700000000000001,0,7,4,1,1.4217063914984465,,72.9
578,-5.6000000000000005,0,6,3,1,1.4217063914984465,,73.0
579,-3.4000000000000004,0,5,4,1,1.4217063914984465,,73.1
580,-5.6000000000000005,0,6,3,1,1.4217063914984465,,73.2
581,-4.300000000000001,0,4,3,1,1.4217063914984465,,73.2
582,-2.9000000000000004,0,8,3,1,1.4217063914984465,,73.3
583,-4.700000000000001,0,7,4,1,1.4217063914984465,,73.4
584,-4.300000000000001,0,4,3,1,1.4217063914984465,,73.5
585,-4.300000000000001,0,4,3,1,1.4217063914984465,,73.6
586,-6.700000000000001,0,7,4,1,1.4217063914984465,,73.7
587,-4.300000000000001,0,4,3,1,1.4217063914984465,,73.8
588,-5.0,0,9,4,1,1.4217063914984465,,73.9
589,-6.700000000000001,0,7,4,1,1.4217063914984465,,74.0
590,-5.0,0,9,4,1,1.4217063914984465,,74.1
591,-4.300000000000001,0,4,3,1,1.4217063914984465,,74.2
592,-5.700000000000001,0,7,4,1,1.4217063914984465,,74.3
593,-4.0,0,9,4,1,1.4217063914984465,,74.4
594,-6.700000000000001,0,7,4,1,1.4217063914984465,,74.5
595,-4.300000000000001,0,4,3,1,1.4217063914984465,,74.7
596,-5.4,0,5,4,1,1.4217063914984465,,74.8
597,-4.300000000000001,0,4,3,1,1.4217063914984465,,74.8
598,-4.300000000000001,0,4,3,1,1.4217063914984465,,74.9
599,-3.4000000000000004,0,5,4,1,1.4217063914984465,,75.0
600,-5.4,0,5,4,1,1.4217063914984465,,75.1
601,-5.4,0,5,4,1,1.4217063914984465,,75.1
602,-6.700000000000001,0,7,4,1,1.4217063914984465,,75.3
603,-5.6000000000000005,0,6,3,1,1.4217063914984465,,75.3
604,-3.6000000000000005,0,6,3,1,1.4217063914984465,,75.4
605,-5.4,0,5,4,1,1.4217063914984465,,75.5
606,-4.300000000000001,0,4,3,1,1.4217063914984465,,75.6
607,-8.0,0,9,4,1,1.4217063914984465,,75.7
608,5.4,1,6,3,1,1.4217063914984465,,75.8
609,-6.700000000000001,0,7,4,1,1.4217063914984465,,75.9
610,-6.700000000000001,0,7,4,1,1.4217063914984465,,76.0
611,-4.300000000000001,0,4,3,1,1.4217063914984465,,76.1
612,-4.6,0,6,3,1,1.4217063914984465,,76.2
613,-2.3000000000000003,0,4,3,1,1.4217063914984465,,76.2
614,-5.6000000000000005,0,6,3,1,1.4217063914984465,,76.4
615,-6.700000000000001,0,7,4,1,1.4217063914984465,,76.5
616,-5.6000000000000005,0,6,3,1,1.4217063914984465,,76.6
617,-4.300000000000001,0,4,3,1,1.4217063914984465,,76.7
618,-4.300000000000001,0,4,3,1,1.4217063914984465,,76.8
619,-4.700000000000001,0,7,4,1,1.4217063914984465,,76.9
620,-7.0,0,9,4,1,1.4217063914984465,,77.0
621,-3.4000000000000004,0,5,4,1,1.4217063914984465,,77.0
622,-4.700000000000001,0,7,4,1,1.4217063914984465,,77.1
623,-0.30000000000000004,0,4,3,1,1.4217063914984465,,77.2
624,-5.4,0,5,4,1,1.4217063914984465,,77.3
625,-5.4,0,5,4,1,1.4217063914984465,,77.4
626,-5.900000000000001,0,8,3,1,1.4217063914984465,,77.5
627,-5.4,0,5,4,1,1.4217063914984465,,77.6
628,-4.300000000000001,0,4,3,1,1.4217063914984465,,77.7
629,-8.000000000000002,0,9,4,1,1.4217063914984465,,77.8
630,-5.700000000000001,0,7,4,1,1.4217063914984465,,77.9
631,-5.4,0,5,4,1,1.4217063914984465,,78.0
632,-7.0,0,9,4,1,1.4217063914984465,,78.1
633,-5.6000000000000005,0,6,3,1,1.4217063914984465,,78.1
634,-6.700000000000001,0,7,4,1,1.4217063914984465,,78.3
635,-4.700000000000001,0,7,4,1,1.4217063914984465,,78.3
636,-5.0,0,9,4,1,1.4217063914984465,,78.4
637,-5.7,0,7,4,1,1.4217063914984465,,78.5
638,-5.4,0,5,4,1,1.4217063914984465,,78.6
639,-3.4000000000000004,0,5,4,1,1.4217063914984465,,78.7
640,-3.4000000000000004,0,5,4,1,1.4217063914984465,,78.8
641,-5.4,0,5,4,1,1.4217063914984465,,78.9
642,-5.4,0,5,4,1,1.4217063914984465,,79.0
643,-10.700000000000001,0,12,2,0,1.4217063914984465,,79.1
644,-6.700000000000001,0,7,4,1,1.4217063914984465,,79.2
645,-4.300000000000001,0,4,3,1,1.4217063914984465,,79.3
646,-6.700000000000001,0,7,4,1,1.4217063914984465,,79.4
647,-6.700000000000001,0,7,4,1,1.4217063914984465,,79.5
648,-5.6000000000000005,0,6,3,1,1.4217063914984465,,79.6
649,-6.000000000000001,0,9,4,1,1.4217063914984465,,79.7
650,-5.4,0,5,4,1,1.4217063914984465,,79.8
651,-6.700000000000001,0,7,4,1,1.4217063914984465,,79.9
652,-5.6000000000000005,0,6,3,1,1.4217063914984465,,80.0
653,-7.300000000000002,0,11,4,1,1.4217063914984465,,80.1
654,-4.300000000000001,0,4,3,1,1.4217063914984465,,80.2
655,-3.4000000000000004,0,5,4,1,1.4217063914984465,,80.3
656,-5.9,0,8,3,1,1.4217063914984465,,80.4
657,-5.6000000000000005,0,6,3,1,1.4217063914984465,,80.4
658,-5.4,0,5,4,1,1.4217063914984465,,80.5
659,-3.4000000000000004,0,5,4,1,1.4217063914984465,,80.6
660,-4.300000000000001,0,4,3,1,1.4217063914984465,,80.7
661,-8.0,0,9,4,1,1.4217063914984465,,80.8
662,-11.6,0,12,4,0,1.4217063914984465,,81.0
663,-4.300000000000001,0,4,3,1,1.4217063914984465,,81.0
664,-5.4,0,5,4,1,1.4217063914984465,,81.1
665,-6.700000000000001,0,7,4,1,1.4217063914984465,,81.2
666,-5.4,0,5,4,1,1.4217063914984465,,81.3
667,-6.700000000000001,0,7,4,1,1.4217063914984465,,81.4
668,-4.300000000000001,0,4,3,1,1.4217063914984465,,81.4
669,-4.300000000000001,0,4,3,1,1.4217063914984465,,81.5
670,-5.4,0,5,4,1,1.4217063914984465,,81.7
671,-5.4,0,5,4,1,1.4217063914984465,,81.8
672,-6.700000000000001,0,7,4,1,1.4217063914984465,,81.9
673,-6.700000000000001,0,7,4,1,1.4217063914984465,,82.0
674,-3.4000000000000004,0,5,4,1,1.4217063914984465,,82.2
675,-5.4,0,5,4,1,1.4217063914984465,,82.2
676,-5.4,0,5,4,1,1.4217063914984465,,82.4
677,-5.4,0,5,4,1,1.4217063914984465,,82.4
678,-4.300000000000001,0,4,3,1,1.4217063914984465,,82.5
679,-2.3000000000000003,0,4,3,1,1.4217063914984465,,82.6
680,-5.4,0,5,4,1,1.4217063914984465,,82.6
681,-6.900000000000001,0,8,3,1,1.4217063914984465,,82.7
682,-5.4,0,5,4,1,1.4217063914984465,,82.8
683,-8.5,0,12,3,1,1.4217063914984465,,82.9
684,-6.700000000000001,0,7,4,1,1.4217063914984465,,83.0
685,-11.7,0,12,2,0,1.4217063914984465,,83.1
686,-5.4,0,5,4,1,1.4217063914984465,,83.2
687,-4.300000000000001,0,4,3,1,1.4217063914984465,,83.2
688,-4.300000000000001,0,4,3,1,1.4217063914984465,,83.3
689,-5.6000000000000005,0,6,3,1,1.4217063914984465,,83.4
690,-5.700000000000001,0,7,4,1,1.4217063914984465,,83.5
691,-6.0,0,9,4,1,1.4217063914984465,,83.7
692,-3.4000000000000004,0,5,4,1,1.4217063914984465,,83.7
693,-6.700000000000001,0,7,4,1,1.4217063914984465,,83.8
694,4.4,1,6,3,1,1.4217063914984465,,83.9
695,-1.4000000000000001,0,5,4,1,1.4217063914984465,,84.0
696,-5.700000000000001,0,7,4,1,1.4217063914984465,,84.1
697,-4.9,0,8,3,1,1.4217063914984465,,84.2
698,-5.7,0,7,4,1,1.4217063914984465,,84.3
699,-5.4,0,5,4,1,1.4217063914984465,,84.4
700,-0.30000000000000004,0,4,3,1,1.4217063914984465,,84.5
701,-12.6,0,12,4,0,1.4217063914984465,,84.6
702,-5.4,0,5,4,1,1.4217063914984465,,84.7
703,-5.700000000000001,0,7,4,1,1.4217063914984465,,84.8
704,-3.4000000000000004,0,5,4,1,1.4217063914984465,,84.9
705,-5.4,0,5,4,1,1.4217063914984465,,85.0
706,-5.4,0,5,4,1,1.4217063914984465,,85.1
707,-4.300000000000001,0,4,3,1,1.4217063914984465,,85.2
708,-4.300000000000001,0,4,3,1,1.4217063914984465,,85.3
709,-2.3000000000000003,0,4,3,1,1.4217063914984465,,85.4
710,-2.3000000000000003,0,4,3,1,1.4217063914984465,,85.5
711,-5.4,0,5,4,1,1.4217063914984465,,85.5
712,-3.4000000000000004,0,5,4,1,1.4217063914984465,,85.6
713,-7.0,0,9,4,1,1.4217063914984465,,85.7
714,-2.3000000000000003,0,4,3,1,1.4217063914984465,,85.7
715,-5.6000000000000005,0,6,3,1,1.4217063914984465,,85.8
716,-2.3000000000000003,0,4,3,1,1.4217063914984465,,85.9
717,-2.3000000000000003,0,4,3,1,1.4217063914984465,,86.0
718,-7.000000000000001,0,9,4,1,1.4217063914984465,,86.0
719,-5.4,0,5,4,1,1.4217063914984465,,86.2
720,-5.4,0,5,4,1,1.4217063914984465,,86.2
721,-5.4,0,5,4,1,1.4217063914984465,,86.3
722,-5.4,0,5,4,1,1.4217063914984465,,86.4
723,-5.4,0,5,4,1,1.4217063914984465,,86.5
724,-3.4000000000000004,0,5,4,1,1.4217063914984465,,86.6
725,-8.0,0,9,4,1,1.4217063914984465,,86.7
726,-8.0,0,9,4,1,1.4217063914984465,,86.8
727,-4.6000000000000005,0,6,3,1,1.4217063914984465,,86.9
728,-5.4,0,5,4,1,1.4217063914984465,,87.0
729,-4.300000000000001,0,4,3,1,1.4217063914984465,,87.1
730,-5.4,0,5,4,1,1.4217063914984465,,87.1
731,-5.4,0,5,4,1,1.4217063914984465,,87.2
732,-2.3000000000000003,0,4,3,1,1.4217063914984465,,87.3
733,-3.0,0,9,4,1,1.4217063914984465,,87.4
734,-6.700000000000001,0,7,4,1,1.4217063914984465,,87.5
735,-5.0,0,9,4,1,1.4217063914984465,,87.6
736,-5.4,0,5,4,1,1.4217063914984465,,87.7
737,-5.4,0,5,4,1,1.4217063914984465,,87.7
738,-5.4,0,5,4,1,1.4217063914984465,,87.9
739,-4.6000000000000005,0,6,3,1,1.4217063914984465,,87.9
740,-5.4,0,5,4,1,1.4217063914984465,,88.0
741,-4.700000000000001,0,7,4,1,1.4217063914984465,,88.1
742,-6.000000000000001,0,9,4,1,1.4217063914984465,,88.2
743,-0.30000000000000004,0,4,3,1,1.4217063914984465,,88.3
744,-4.300000000000001,0,4,3,1,1.4217063914984465,,88.3
745,-5.4,0,5,4,1,1.4217063914984465,,88.4
746,-4.300000000000001,0,4,3,1,1.4217063914984465,,88.5
747,-5.4,0,5,4,1,1.4217063914984465,,88.6
748,-6.700000000000001,0,7,4,1,1.4217063914984465,,88.7
749,-5.6000000000000005,0,6,3,1,1.4217063914984465,,88.7
750,-2.3000000000000003,0,4,3,1,1.4217063914984465,,88.8
751,-8.3,0,11,4,1,1.4217063914984465,,89.0
752,-4.300000000000001,0,4,3,1,1.4217063914984465,,89.0
753,-5.4,0,5,4,1,1.4217063914984465,,89.1
754,-3.4000000000000004,0,5,4,1,1.4217063914984465,,89.2
755,-4.300000000000001,0,4,3,1,1.4217063914984465,,89.3
756,-4.300000000000001,0,4,3,1,1.4217063914984465,,89.4
757,-5.4,0,5,4,1,1.4217063914984465,,89.5
758,-4.9,0,8,3,1,1.4217063914984465,,89.5
759,-5.4,0,5,4,1,1.4217063914984465,,89.6
760,-5.4,0,5,4,1,1.4217063914984465,,89.7
761,-4.300000000000001,0,4,3,1,1.4217063914984465,,89.8
762,-6.700000000000001,0,7,4,1,1.4217063914984465,,89.9
763,-2.7,0,7,4,1,1.4217063914984465,,90.0
764,-1.6,0,6,3,1,1.4217063914984465,,90.1
765,-4.300000000000001,0,4,3,1,1.4217063914984465,,90.2
766,-1.4000000000000001,0,5,4,1,1.4217063914984465,,90.2
767,-5.4,0,5,4,1,1.4217063914984465,,90.3
768,-2.3000000000000003,0,4,3,1,1.4217063914984465,,90.4
769,-3.7000000000000006,0,7,4,1,1.4217063914984465,,90.5
770,-6.700000000000001,0,7,4,1,1.4217063914984465,,90.6
771,-5.4,0,5,4,1,1.4217063914984465,,90.7
772,-5.4,0,5,4,1,1.4217063914984465,,90.8
773,-4.9,0,8,3,1,1.4217063914984465,,90.9
774,-2.3000000000000003,0,4,3,1,1.4217063914984465,,90.9
775,-1.9000000000000001,0,8,3,1,1.4217063914984465,,91.0
776,-5.6000000000000005,0,6,3,1,1.4217063914984465,,91.1
777,-5.4,0,5,4,1,1.4217063914984465,,91.2
778,-5.4,0,5,4,1,1.4217063914984465,,91.3
779,-4.300000000000001,0,4,3,1,1.4217063914984465,,91.4
780,-2.6,0,6,3,1,1.4217063914984465,,91.5
781,-5.4,0,5,4,1,1.4217063914984465,,91.6
782,-4.300000000000001,0,4,3,1,1.4217063914984465,,91.6
783,-4.300000000000001,0,4,3,1,1.4217063914984465,,91.7
784,-5.000000000000001,0,9,4,1,1.4217063914984465,,91.8
785,-4.300000000000001,0,4,3,1,1.4217063914984465,,91.9
786,-7.0,0,9,4,1,1.4217063914984465,,92.0
787,-4.300000000000001,0,4,3,1,1.4217063914984465,,92.0
788,-1.4000000000000001,0,5,4,1,1.4217063914984465,,92.1
789,-6.900000000000001,0,8,3,1,1.4217063914984465,,92.2
790,-4.300000000000001,0,4,3,1,1.4217063914984465,,92.2
791,-3.3000000000000003,0,11,4,1,1.4217063914984465,,92.3
792,-8.0,0,9,4,1,1.4217063914984465,,92.5
793,-5.6000000000000005,0,6,3,1,1.4217063914984465,,92.6
794,-4.300000000000001,0,4,3,1,1.4217063914984465,,92.7
795,-0.7000000000000002,0,7,4,1,1.4217063914984465,,92.8
796,-4.300000000000001,0,4,3,1,1.4217063914984465,,92.9
797,-4.300000000000001,0,4,3,1,1.4217063914984465,,93.0
798,-5.4,0,5,4,1,1.4217063914984465,,93.1
799,-3.4000000000000004,0,5,4,1,1.4217063914984465,,93.2
800,-5.4,0,5,4,1,1.4217063914984465,,93.4
801,-5.6000000000000005,0,6,3,1,1.4217063914984465,,93.4
802,-4.9,0,8,3,1,1.4217063914984465,,93.5
803,-4.300000000000001,0,4,3,1,1.4217063914984465,,93.6
804,-3.4000000000000004,0,5,4,1,1.4217063914984465,,93.7
805,-4.300000000000001,0,4,3,1,1.4217063914984465,,93.7
806,-6.700000000000001,0,7,4,1,1.4217063914984465,,93.9
807,-5.7,0,7,4,1,1.4217063914984465,,94.0
808,-7.2,0,10,3,1,1.4217063914984465,,94.1
809,-6.900000000000001,0,8,3,1,1.4217063914984465,,94.2
810,-1.4000000000000001,0,5,4,1,1.4217063914984465,,94.3
811,-8.3,0,11,4,1,1.4217063914984465,,94.4
812,-5.4,0,5,4,1,1.4217063914984465,,94.5
813,-5.4,0,5,4,1,1.4217063914984465,,94.6
814,-6.9,0,8,3,1,1.4217063914984465,,94.6
815,-5.6000000000000005,0,6,3,1,1.4217063914984465,,94.7
816,-4.700000000000001,0,7,4,1,1.4217063914984465,,94.8
817,-3.4000000000000004,0,5,4,1,1.4217063914984465,,94.9
818,-3.4000000000000004,0,5,4,1,1.4217063914984465,,95.0
819,-1.7000000000000002,0,7,4,1,1.4217063914984465,,95.0
820,-6.0,0,9,4,1,1.4217063914984465,,95.1
821,-4.6,0,6,3,1,1.4217063914984465,,95.2
822,-5.4,0,5,4,1,1.4217063914984465,,95.3
823,-2.3000000000000003,0,4,3,1,1.4217063914984465,,95.3
824,-5.4,0,5,4,1,1.4217063914984465,,95.4
825,-3.7000000000000006,0,7,4,1,1.4217063914984465,,95.5
826,-4.300000000000001,0,4,3,1,1.4217063914984465,,95.6
827,-1.4000000000000001,0,5,4,1,1.4217063914984465,,95.7
828,-5.4,0,5,4,1,1.4217063914984465,,95.8
829,-2.3000000000000003,0,4,3,1,1.4217063914984465,,95.9
830,-5.4,0,5,4,1,1.4217063914984465,,96.0
831,-4.6,0,6,3,1,1.4217063914984465,,96.1
832,-4.300000000000001,0,4,3,1,1.4217063914984465,,96.2
833,-4.300000000000001,0,4,3,1,1.4217063914984465,,96.3
834,0.6000000000000001,0,5,4,1,1.4217063914984465,,96.3
835,-4.700000000000001,0,7,4,1,1.4217063914984465,,96.5
836,-4.300000000000001,0,4,3,1,1.4217063914984465,,96.5
837,-5.4,0,5,4,1,1.4217063914984465,,96.6
838,-5.4,0,5,4,1,1.4217063914984465,,96.7
839,-6.700000000000001,0,7,4,1,1.4217063914984465,,96.8
840,-8.0,0,9,4,1,1.4217063914984465,,96.9
841,-5.4,0,5,4,1,1.4217063914984465,,97.0
842,-5.4,0,5,4,1,1.4217063914984465,,97.1
843,-8.0,0,9,4,1,1.4217063914984465,,97.2
844,-6.700000000000001,0,7,4,1,1.4217063914984465,,97.3
845,-6.700000000000001,0,7,4,1,1.4217063914984465,,97.5
846,-6.700000000000001,0,7,4,1,1.4217063914984465,,97.5
847,-7.5,0,12,3,1,1.4217063914984465,,97.7
848,-7.200000000000001,0,10,3,1,1.4217063914984465,,97.8
849,-5.4,0,5,4,1,1.4217063914984465,,97.9
850,-11.600000000000001,0,12,4,0,1.4217063914984465,,98.0
851,-3.4000000000000004,0,5,4,1,1.4217063914984465,,98.1
852,-7.0,0,9,4,1,1.4217063914984465,,98.2
853,-5.4,0,5,4,1,1.4217063914984465,,98.3
854,-2.3000000000000003,0,4,3,1,1.4217063914984465,,98.3
855,-3.4000000000000004,0,5,4,1,1.4217063914984465,,98.4
856,-3.4000000000000004,0,5,4,1,1.4217063914984465,,98.5
857,-4.6,0,6,3,1,1.4217063914984465,,98.5
858,-3.4000000000000004,0,5,4,1,1.4217063914984465,,98.6
859,-4.300000000000001,0,4,3,1,1.4217063914984465,,98.7
860,-5.4,0,5,4,1,1.4217063914984465,,98.8
861,-5.4,0,5,4,1,1.4217063914984465,,98.9
862,-3.4000000000000004,0,5,4,1,1.4217063914984465,,99.0
863,-4.300000000000001,0,4,3,1,1.4217063914984465,,99.0
864,-3.7000000000000006,0,7,4,1,1.4217063914984465,,99.1
865,-6.700000000000001,0,7,4,1,1.4217063914984465,,99.2
866,-8.000000000000002,0,9,4,1,1.4217063914984465,,99.3
867,-5.2,0,10,3,1,1.4217063914984465,,99.4
868,-5.7,0,7,4,1,1.4217063914984465,,99.5
869,-3.4000000000000004,0,5,4,1,1.4217063914984465,,99.6
870,-5.4,0,5,4,1,1.4217063914984465,,99.7
871,-4.300000000000001,0,4,3,1,1.4217063914984465,,99.7
872,-5.4,0,5,4,1,1.4217063914984465,,99.8
873,-8.000000000000002,0,9,4,1,1.4217063914984465,,99.9
874,-6.700000000000001,0,7,4,1,1.4217063914984465,,100.0
875,-4.300000000000001,0,4,3,1,1.4217063914984465,,100.1
876,-6.700000000000001,0,7,4,1,1.4217063914984465,,100.2
877,-4.300000000000001,0,4,3,1,1.4217063914984465,,100.3
878,-1.4000000000000001,0,5,4,1,1.4217063914984465,,100.4
879,-5.6000000000000005,0,6,3,1,1.4217063914984465,,100.4
880,-5.4,0,5,4,1,1.4217063914984465,,100.5
881,0.6000000000000001,0,5,4,1,1.4217063914984465,,100.6
882,-3.4000000000000004,0,5,4,1,1.4217063914984465,,100.8
883,-5.4,0,5,4,1,1.4217063914984465,,100.9
884,-8.3,0,11,4,1,1.4217063914984465,,101.0
885,-9.3,0,11,4,1,1.4217063914984465,,101.1
886,-6.700000000000001,0,7,4,1,1.4217063914984465,,101.2
887,-6.700000000000001,0,7,4,1,1.4217063914984465,,101.3
888,-4.300000000000001,0,4,3,1,1.4217063914984465,,101.4
889,-2.3000000000000003,0,11,4,1,1.4217063914984465,,101.5
890,-3.4000000000000004,0,5,4,1,1.4217063914984465,,101.6
891,-4.9,0,8,3,1,1.4217063914984465,,101.7
892,-6.3,0,11,4,1,1.4217063914984465,,101.8
893,-6.2,0,10,3,1,1.4217063914984465,,101.9
894,-4.300000000000001,0,4,3,1,1.4217063914984465,,102.0
895,-6.0,0,9,4,1,1.4217063914984465,,102.1
896,-2.7,0,7,4,1,1.4217063914984465,,102.2
897,-6.700000000000001,0,7,4,1,1.3321891138330102,0.5810125360731035,102.8
898,-6.700000000000001,0,7,4,1,1.3321891138330102,,102.9
899,-2.3000000000000003,0,4,3,1,1.3321891138330102,,103.0
900,-4.300000000000001,0,4,3,1,1.3321891138330102,,103.1
901,-7.2,0,10,3,1,1.3321891138330102,,103.2
902,-4.300000000000001,0,4,3,1,1.3321891138330102,,103.3
903,-0.30000000000000004,0,4,3,1,1.3321891138330102,,103.4
904,-5.4,0,5,4,1,1.3321891138330102,,103.5
905,-4.700000000000001,0,7,4,1,1.3321891138330102,,103.6
906,-5.4,0,5,4,1,1.3321891138330102,,103.7
907,-5.9,0,8,3,1,1.3321891138330102,,103.8
908,-3.4000000000000004,0,5,4,1,1.3321891138330102,,103.8
909,-5.4,0,5,4,1,1.3321891138330102,,103.9
910,-2.3000000000000003,0,4,3,1,1.3321891138330102,,104.0
911,-4.300000000000001,0,4,3,1,1.3321891138330102,,104.1
912,-2.6,0,6,3,1,1.3321891138330102,,104.2
913,-5.9,0,8,3,1,1.3321891138330102,,104.3
914,-6.700000000000001,0,7,4,1,1.3321891138330102,,104.4
915,-4.300000000000001,0,4,3,1,1.3321891138330102,,104.5
916,-3.6000000000000005,0,6,3,1,1.3321891138330102,,104.6
917,-5.4,0,5,4,1,1.3321891138330102,,104.7
918,-7.0,0,9,4,1,1.3321891138330102,,104.8
919,-3.0,0,9,4,1,1.3321891138330102,,104.8
920,-6.0,0,9,4,1,1.3321891138330102,,104.9
921,-4.300000000000001,0,4,3,1,1.3321891138330102,,105.0
922,-4.300000000000001,0,4,3,1,1.3321891138330102,,105.1
923,-6.700000000000001,0,7,4,1,1.3321891138330102,,105.2
924,-4.700000000000001,0,7,4,1,1.3321891138330102,,105.3
925,-5.4,0,5,4,1,1.3321891138330102,,105.4
926,-0.7000000000000002,0,7,4,1,1.3321891138330102,,105.5
927,-5.4,0,5,4,1,1.3321891138330102,,105.5
928,-5.4,0,5,4,1,1.3321891138330102,,105.7
929,-5.4,0,5,4,1,1.3321891138330102,,105.8
930,-4.300000000000001,0,4,3,1,1.3321891138330102,,105.9
931,-5.4,0,5,4,1,1.3321891138330102,,105.9
932,-4.300000000000001,0,4,3,1,1.3321891138330102,,106.0
933,-5.4,0,5,4,1,1.3321891138330102,,106.1
934,-3.4000000000000004,0,5,4,1,1.3321891138330102,,106.2
935,-4.7,0,7,4,1,1.3321891138330102,,106.3
936,-1.4000000000000001,0,5,4,1,1.3321891138330102,,106.3
937,-1.4000000000000001,0,5,4,1,1.3321891138330102,,106.4
938,-4.300000000000001,0,4,3,1,1.3321891138330102,,106.5
939,-6.700000000000001,0,7,4,1,1.3321891138330102,,106.6
940,-4.300000000000001,0,4,3,1,1.3321891138330102,,106.7
941,-5.4,0,5,4,1,1.3321891138330102,,106.8
942,-4.300000000000001,0,4,3,1,1.3321891138330102,,106.9
943,-4.6000000000000005,0,6,3,1,1.3321891138330102,,107.0
944,-5.700000000000001,0,7,4,1,1.3321891138330102,,107.1
945,-2.3000000000000003,0,4,3,1,1.3321891138330102,,107.2
946,-4.300000000000001,0,4,3,1,1.3321891138330102,,107.3
947,-5.4,0,5,4,1,1.3321891138330102,,107.3
948,-5.6000000000000005,0,6,3,1,1.3321891138330102,,107.4
949,-2.3000000000000003,0,4,3,1,1.3321891138330102,,107.5
950,-3.4000000000000004,0,5,4,1,1.3321891138330102,,107.6
951,-5.7,0,7,4,1,1.3321891138330102,,107.6
952,-5.4,0,5,4,1,1.3321891138330102,,107.7
953,-3.4000000000000004,0,5,4,1,1.3321891138330102,,107.8
954,-5.9,0,8,3,1,1.3321891138330102,,107.9
955,-5.4,0,5,4,1,1.3321891138330102,,108.0
956,-4.300000000000001,0,4,3,1,1.3321891138330102,,108.1
957,-5.4,0,5,4,1,1.3321891138330102,,108.1
958,-4.300000000000001,0,4,3,1,1.3321891138330102,,108.2
959,-5.4,0,5,4,1,1.3321891138330102,,108.3
960,-6.200000000000001,0,10,3,1,1.3321891138330102,,108.4
961,-4.300000000000001,0,4,3,1,1.3321891138330102,,108.5
962,-3.6,0,6,3,1,1.3321891138330102,,108.6
963,-5.0,0,9,4,1,1.3321891138330102,,108.7
964,-6.700000000000001,0,7,4,1,1.3321891138330102,,108.8
965,-1.7000000000000002,0,7,4,1,1.3321891138330102,,108.9
966,-3.4000000000000004,0,5,4,1,1.3321891138330102,,109.0
967,-2.3000000000000003,0,4,3,1,1.3321891138330102,,109.1
968,-2.3000000000000003,0,4,3,1,1.3321891138330102,,109.1
969,-5.4,0,5,4,1,1.3321891138330102,,109.2
970,-5.6000000000000005,0,6,3,1,1.3321891138330102,,109.2
971,-4.700000000000001,0,7,4,1,1.3321891138330102,,109.3
972,-4.300000000000001,0,4,3,1,1.3321891138330102,,109.4
973,-3.6000000000000005,0,6,3,1,1.3321891138330102,,109.5
974,-2.3000000000000003,0,4,3,1,1.3321891138330102,,109.6
975,-2.3000000000000003,0,4,3,1,1.3321891138330102,,109.7
976,-4.6000000000000005,0,6,3,1,1.3321891138330102,,109.8
977,-6.700000000000001,0,7,4,1,1.3321891138330102,,109.8
978,-5.300000000000001,0,11,4,1,1.3321891138330102,,109.9
979,-5.4,0,5,4,1,1.3321891138330102,,110.0
980,4.4,1,6,3,1,1.3321891138330102,,110.1
981,-2.6,0,6,3,1,1.3321891138330102,,110.1
982,-4.300000000000001,0,4,3,1,1.3321891138330102,,110.2
983,-2.3000000000000003,0,4,3,1,1.3321891138330102,,110.2
984,-6.700000000000001,0,7,4,1,1.3321891138330102,,110.3
985,-2.3000000000000003,0,4,3,1,1.3321891138330102,,110.4
986,-5.4,0,5,4,1,1.3321891138330102,,110.5
987,-5.4,0,5,4,1,1.3321891138330102,,110.5
988,-5.6000000000000005,0,6,3,1,1.3321891138330102,,110.6
989,-5.9,0,8,3,1,1.3321891138330102,,110.7
990,-5.6000000000000005,0,6,3,1,1.3321891138330102,,110.8
991,-5.6000000000000005,0,6,3,1,1.3321891138330102,,110.9
992,-4.6000000000000005,0,6,3,1,1.3321891138330102,,111.0
993,-4.300000000000001,0,4,3,1,1.3321891138330102,,111.1
994,-4.300000000000001,0,4,3,1,1.3321891138330102,,111.1
995,-5.6000000000000005,0,6,3,1,1.3321891138330102,,111.2
996,-5.4,0,5,4,1,1.3321891138330102,,111.4
997,-5.4,0,5,4,1,1.3321891138330102,,111.4
998,-3.4000000000000004,0,5,4,1,1.3321891138330102,,111.5
999,-4.9,0,8,3,1,1.3321891138330102,,111.6
1000,-6.9,0,8,3,1,1.3321891138330102,,111.7
1001,-4.300000000000001,0,4,3,1,1.3321891138330102,,117.7
1002,-1.6,0,6,3,1,1.3321891138330102,,117.8
1003,-6.700000000000001,0,7,4,1,1.3321891138330102,,117.9
1004,-4.300000000000001,0,4,3,1,1.3321891138330102,,117.9
1005,-5.4,0,5,4,1,1.3321891138330102,,118.0
1006,-5.700000000000001,0,7,4,1,1.3321891138330102,,118.1
1007,-5.4,0,5,4,1,1.3321891138330102,,118.1
1008,-5.700000000000001,0,7,4,1,1.3321891138330102,,118.2
1009,-4.300000000000001,0,4,3,1,1.3321891138330102,,118.4
1010,-6.9,0,8,3,1,1.3321891138330102,,118.4
1011,-4.300000000000001,0,4,3,1,1.3321891138330102,,118.5
1012,-5.6000000000000005,0,6,3,1,1.3321891138330102,,118.6
1013,-5.4,0,5,4,1,1.3321891138330102,,118.7
1014,-5.4,0,5,4,1,1.3321891138330102,,118.8
1015,-4.300000000000001,0,4,3,1,1.3321891138330102,,118.9
1016,-4.300000000000001,0,4,3,1,1.3321891138330102,,119.0
1017,-5.4,0,5,4,1,1.3321891138330102,,119.1
1018,-8.7,0,12,2,0,1.3321891138330102,,119.2
1019,-1.4000000000000001,0,5,4,1,1.3321891138330102,,119.3
1020,-1.4000000000000001,0,5,4,1,1.3321891138330102,,119.3
1021,-5.4,0,5,4,1,1.3321891138330102,,119.4
1022,-4.300000000000001,0,4,3,1,1.3321891138330102,,119.6
1023,-4.300000000000001,0,4,3,1,1.3321891138330102,,119.6
1024,-4.300000000000001,0,4,3,1,1.3321891138330102,,119.8
1025,-3.4000000000000004,0,5,4,1,1.3321891138330102,,119.9
1026,-5.6000000000000005,0,6,3,1,1.3321891138330102,,120.0
1027,-4.300000000000001,0,4,3,1,1.3321891138330102,,120.1
1028,-4.300000000000001,0,4,3,1,1.3321891138330102,,120.2
1029,-3.9000000000000004,0,8,3,1,1.3321891138330102,,120.3
1030,-2.3000000000000003,0,4,3,1,1.3321891138330102,,120.3
1031,-5.4,0,5,4,1,1.3321891138330102,,120.4
1032,-4.6000000000000005,0,6,3,1,1.3321891138330102,,120.5
1033,-4.300000000000001,0,4,3,1,1.3321891138330102,,120.5
1034,-5.4,0,5,4,1,1.3321891138330102,,120.6
1035,-2.3000000000000003,0,4,3,1,1.3321891138330102,,120.7
1036,-5.6000000000000005,0,6,3,1,1.3321891138330102,,120.8
1037,-4.300000000000001,0,4,3,1,1.3321891138330102,,120.9
1038,-1.4000000000000001,0,5,4,1,1.3321891138330102,,120.9
1039,-4.300000000000001,0,4,3,1,1.3321891138330102,,121.0
1040,-5.4,0,5,4,1,1.3321891138330102,,121.1
1041,-5.6000000000000005,0,6,3,1,1.3321891138330102,,121.2
1042,-5.4,0,5,4,1,1.3321891138330102,,121.3
1043,-3.4000000000000004,0,5,4,1,1.3321891138330102,,121.3
1044,-5.4,0,5,4,1,1.3321891138330102,,121.4
1045,-3.4000000000000004,0,5,4,1,1.3321891138330102,,121.5
1046,-6.9,0,8,3,1,1.3321891138330102,,121.6
1047,-4.300000000000001,0,4,3,1,1.3321891138330102,,121.6
1048,-5.7,0,7,4,1,1.3321891138330102,,121.7
1049,-5.7,0,7,4,1,1.3321891138330102,,121.8
1050,-4.300000000000001,0,4,3,1,1.3321891138330102,,121.9
1051,-4.300000000000001,0,4,3,1,1.3321891138330102,,122.0
1052,-4.6,0,6,3,1,1.3321891138330102,,122.0
1053,-5.4,0,5,4,1,1.3321891138330102,,122.1
1054,-6.700000000000001,0,7,4,1,1.3321891138330102,,122.2
1055,-5.4,0,5,4,1,1.3321891138330102,,122.3
1056,-0.30000000000000004,0,4,3,1,1.3321891138330102,,122.3
1057,-4.300000000000001,0,4,3,1,1.3321891138330102,,122.4
1058,-6.700000000000001,0,7,4,1,1.3321891138330102,,122.5
1059,-3.4000000000000004,0,5,4,1,1.3321891138330102,,122.6
1060,-2.3000000000000003,0,4,3,1,1.3321891138330102,,122.6
1061,-5.6000000000000005,0,6,3,1,1.3321891138330102,,122.7
1062,-4.9,0,8,3,1,1.3321891138330102,,122.8
1063,-4.700000000000001,0,7,4,1,1.3321891138330102,,122.9
1064,-5.4,0,5,4,1,1.3321891138330102,,123.0
1065,-5.4,0,5,4,1,1.3321891138330102,,123.0
1066,-5.6000000000000005,0,6,3,1,1.3321891138330102,,123.1
1067,-4.300000000000001,0,4,3,1,1.3321891138330102,,123.2
1068,-4.300000000000001,0,4,3,1,1.3321891138330102,,123.3
1069,-4.300000000000001,0,4,3,1,1.3321891138330102,,123.3
1070,-4.300000000000001,0,4,3,1,1.3321891138330102,,123.4
1071,-5.4,0,5,4,1,1.3321891138330102,,123.5
1072,-4.300000000000001,0,4,3,1,1.3321891138330102,,123.6
1073,-5.4,0,5,4,1,1.3321891138330102,,123.7
1074,-1.6,0,6,3,1,1.3321891138330102,,123.7
1075,-4.6,0,6,3,1,1.3321891138330102,,123.8
1076,4.4,1,6,3,1,1.3321891138330102,,123.9
1077,-0.30000000000000004,0,4,3,1,1.3321891138330102,,124.0
1078,-5.4,0,5,4,1,1.3321891138330102,,124.1
1079,-5.4,0,5,4,1,1.3321891138330102,,124.2
1080,-7.0,0,9,4,1,1.3321891138330102,,124.3
1081,-3.7,0,7,4,1,1.3321891138330102,,124.4
1082,-1.4000000000000001,0,5,4,1,1.3321891138330102,,124.4
1083,-5.4,0,5,4,1,1.3321891138330102,,124.5
1084,-4.300000000000001,0,4,3,1,1.3321891138330102,,124.5
1085,-5.4,0,5,4,1,1.3321891138330102,,124.6
1086,-3.7,0,7,4,1,1.3321891138330102,,124.7
1087,-5.7,0,7,4,1,1.3321891138330102,,124.8
1088,-4.300000000000001,0,4,3,1,1.3321891138330102,,124.9
1089,-0.30000000000000004,0,4,3,1,1.3321891138330102,,125.0
1090,-7.0,0,9,4,1,1.3321891138330102,,125.1
1091,-3.4000000000000004,0,5,4,1,1.3321891138330102,,125.2
1092,-5.4,0,5,4,1,1.3321891138330102,,125.2
1093,-4.300000000000001,0,4,3,1,1.3321891138330102,,125.3
1094,-4.300000000000001,0,4,3,1,1.3321891138330102,,125.4
1095,-4.300000000000001,0,4,3,1,1.3321891138330102,,125.4
1096,-4.300000000000001,0,4,3,1,1.3321891138330102,,125.5
1097,-4.300000000000001,0,4,3,1,1.3321891138330102,,125.6
1098,-5.700000000000001,0,7,4,1,1.3321891138330102,,125.7
1099,-4.300000000000001,0,4,3,1,1.3321891138330102,,125.7
1100,-3.4000000000000004,0,5,4,1,1.3321891138330102,,125.8
1101,-5.6000000000000005,0,6,3,1,1.3321891138330102,,125.9
1102,-4.300000000000001,0,11,4,1,1.3321891138330102,,125.9
1103,-5.4,0,5,4,1,1.3321891138330102,,126.0
1104,-4.300000000000001,0,4,3,1,1.3321891138330102,,126.1
1105,-4.300000000000001,0,4,3,1,1.3321891138330102,,126.1
1106,-5.700000000000001,0,7,4,1,1.3321891138330102,,126.2
1107,-6.9,0,8,3,1,1.3321891138330102,,126.3
1108,-5.4,0,5,4,1,1.3321891138330102,,126.4
1109,-5.6000000000000005,0,6,3,1,1.3321891138330102,,126.5
1110,-4.300000000000001,0,4,3,1,1.3321891138330102,,126.5
1111,-5.4,0,5,4,1,1.3321891138330102,,126.6
1112,-8.0,0,9,4,1,1.3321891138330102,,126.7
1113,-4.300000000000001,0,4,3,1,1.3321891138330102,,126.8
1114,-4.300000000000001,0,4,3,1,1.3321891138330102,,126.8
1115,-4.300000000000001,0,4,3,1,1.3321891138330102,,126.9
1116,-2.3000000000000003,0,4,3,1,1.3321891138330102,,127.0
1117,-4.300000000000001,0,4,3,1,1.3321891138330102,,127.1
1118,-2.9000000000000004,0,8,3,1,1.3321891138330102,,127.2
1119,-3.4000000000000004,0,5,4,1,1.3321891138330102,,127.3
1120,-4.300000000000001,0,4,3,1,1.3321891138330102,,127.3
1121,-3.6000000000000005,0,6,3,1,1.3321891138330102,,127.5
1122,-5.4,0,5,4,1,1.3321891138330102,,127.6
1123,-4.300000000000001,0,4,3,1,1.3321891138330102,,127.6
1124,-5.4,0,5,4,1,1.3321891138330102,,127.7
1125,-5.4,0,5,4,1,1.3321891138330102,,127.8
1126,-4.300000000000001,0,4,3,1,1.3321891138330102,,127.9
1127,-5.4,0,5,4,1,1.3321891138330102,,128.0
1128,-0.30000000000000004,0,4,3,1,1.3321891138330102,,128.1
1129,-6.9,0,8,3,1,1.3321891138330102,,128.2
1130,-5.4,0,5,4,1,1.3321891138330102,,128.3
1131,-3.7,0,7,4,1,1.3321891138330102,,128.4
1132,-3.4000000000000004,0,5,4,1,1.3321891138330102,,128.5
1133,-5.4,0,5,4,1,1.3321891138330102,,128.5
1134,-2.3000000000000003,0,4,3,1,1.3321891138330102,,128.6
1135,-4.9,0,8,3,1,1.3321891138330102,,128.7
1136,-6.200000000000001,0,10,3,1,1.3321891138330102,,128.7
1137,-2.3000000000000003,0,4,3,1,1.3321891138330102,,128.8
1138,-4.700000000000001,0,7,4,1,1.3321891138330102,,128.9
1139,-6.700000000000001,0,7,4,1,1.3321891138330102,,129.0
1140,-5.4,0,5,4,1,1.3321891138330102,,129.1
1141,-5.6000000000000005,0,6,3,1,1.3321891138330102,,129.2
1142,-4.300000000000001,0,4,3,1,1.3321891138330102,,129.2
1143,-3.6000000000000005,0,6,3,1,1.3321891138330102,,129.3
1144,-6.700000000000001,0,7,4,1,1.3321891138330102,,129.4
1145,-4.6,0,6,3,1,1.3321891138330102,,129.5
1146,-4.300000000000001,0,4,3,1,1.3321891138330102,,129.5
1147,-5.4,0,5,4,1,1.3321891138330102,,129.6
1148,-4.300000000000001,0,4,3,1,1.3321891138330102,,129.7
1149,-0.30000000000000004,0,4,3,1,1.3321891138330102,,129.7
1150,-5.6000000000000005,0,6,3,1,1.3321891138330102,,129.8
1151,-5.4,0,5,4,1,1.3321891138330102,,129.8
1152,-6.700000000000001,0,7,4,1,1.3321891138330102,,129.9
1153,-0.30000000000000004,0,4,3,1,1.3321891138330102,,130.0
1154,-4.300000000000001,0,4,3,1,1.3321891138330102,,130.1
1155,-4.300000000000001,0,4,3,1,1.3321891138330102,,130.2
1156,-4.300000000000001,0,4,3,1,1.3321891138330102,,130.2
1157,-5.4,0,5,4,1,1.3321891138330102,,130.3
1158,-5.4,0,5,4,1,1.3321891138330102,,130.4
1159,-3.4000000000000004,0,5,4,1,1.3321891138330102,,130.4
1160,-2.3000000000000003,0,4,3,1,1.3321891138330102,,130.5
1161,-3.4000000000000004,0,5,4,1,1.3321891138330102,,130.6
1162,-8.3,0,11,4,1,1.3321891138330102,,130.7
1163,-4.300000000000001,0,4,3,1,1.3321891138330102,,130.7
1164,-8.0,0,9,4,1,1.3321891138330102,,130.8
1165,-7.0,0,9,4,1,1.3321891138330102,,130.9
1166,-4.300000000000001,0,4,3,1,1.3321891138330102,,130.9
1167,-6.700000000000001,0,7,4,1,1.3321891138330102,,131.0
1168,-5.4,0,5,4,1,1.3321891138330102,,131.1
1169,-4.300000000000001,0,4,3,1,1.3321891138330102,,131.2
1170,-4.300000000000001,0,4,3,1,1.3321891138330102,,131.3
1171,5.7,1,4,3,1,1.3321891138330102,,131.4
1172,-3.7,0,7,4,1,1.3321891138330102,,131.5
1173,-4.300000000000001,0,4,3,1,1.3321891138330102,,131.6
1174,-6.700000000000001,0,7,4,1,1.3321891138330102,,131.7
1175,-1.4000000000000001,0,5,4,1,1.3321891138330102,,131.8
1176,-4.6,0,6,3,1,1.3321891138330102,,131.8
1177,-4.300000000000001,0,4,3,1,1.3321891138330102,,131.9
1178,-5.6000000000000005,0,6,3,1,1.3321891138330102,,132.0
1179,-4.300000000000001,0,4,3,1,1.3321891138330102,,132.0
1180,-5.4,0,5,4,1,1.3321891138330102,,132.1
1181,-4.300000000000001,0,4,3,1,1.3321891138330102,,132.1
1182,-4.300000000000001,0,4,3,1,1.3321891138330102,,132.2
1183,-5.6000000000000005,0,6,3,1,1.3321891138330102,,132.3
1184,-4.300000000000001,0,4,3,1,1.3321891138330102,,132.3
1185,-4.300000000000001,0,4,3,1,1.3321891138330102,,132.4
1186,-5.4,0,5,4,1,1.3321891138330102,,132.6
1187,-4.300000000000001,0,4,3,1,1.3321891138330102,,132.7
1188,-4.300000000000001,0,4,3,1,1.3321891138330102,,132.7
1189,-4.700000000000001,0,7,4,1,1.3321891138330102,,132.8
1190,-6.700000000000001,0,7,4,1,1.3321891138330102,,132.9
1191,-4.200000000000001,0,10,3,1,1.3321891138330102,,133.1
1192,-3.6000000000000005,0,6,3,1,1.3321891138330102,,133.1
1193,-3.4000000000000004,0,5,4,1,1.3321891138330102,,133.2
1194,-4.300000000000001,0,4,3,1,1.3321891138330102,,133.2
1195,-4.300000000000001,0,4,3,1,1.3321891138330102,,133.3
1196,-4.300000000000001,0,4,3,1,1.3321891138330102,,133.4
1197,-7.300000000000001,0,11,4,1,1.3321891138330102,,133.5
1198,-4.300000000000001,0,4,3,1,1.3321891138330102,,133.5
1199,-4.300000000000001,0,4,3,1,1.3321891138330102,,133.6
1200,-5.0,0,9,4,1,1.3321891138330102,,133.7
1201,-4.300000000000001,0,4,3,1,1.3321891138330102,,133.8
1202,-4.9,0,8,3,1,1.3321891138330102,,133.9
1203,-5.6000000000000005,0,6,3,1,1.3321891138330102,,134.0
1204,-5.4,0,5,4,1,1.3321891138330102,,134.1
1205,-5.4,0,5,4,1,1.3321891138330102,,134.1
1206,-2.3000000000000003,0,4,3,1,1.3321891138330102,,134.2
1207,-4.6000000000000005,0,6,3,1,1.3321891138330102,,134.3
1208,-5.9,0,8,3,1,1.3321891138330102,,134.4
1209,-4.300000000000001,0,4,3,1,1.3321891138330102,,134.5
1210,-2.3000000000000003,0,4,3,1,1.3321891138330102,,134.6
1211,-6.700000000000001,0,7,4,1,1.3321891138330102,,134.7
1212,-5.4,0,5,4,1,1.3321891138330102,,134.8
1213,-4.300000000000001,0,4,3,1,1.3321891138330102,,134.9
1214,-5.4,0,5,4,1,1.3321891138330102,,134.9
1215,-3.6000000000000005,0,6,3,1,1.3321891138330102,,135.0
1216,-5.6000000000000005,0,6,3,1,1.3321891138330102,,135.1
1217,-5.4,0,5,4,1,1.3321891138330102,,135.2
1218,-4.300000000000001,0,4,3,1,1.3321891138330102,,135.2
1219,-4.9,0,8,3,1,1.3321891138330102,,135.4
1220,-5.4,0,5,4,1,1.3321891138330102,,135.4
1221,-4.6000000000000005,0,6,3,1,1.3321891138330102,,135.5
1222,-2.7,0,7,4,1,1.3321891138330102,,135.6
1223,-6.9,0,8,3,1,1.3321891138330102,,135.7
1224,-4.300000000000001,0,4,3,1,1.3321891138330102,,135.8
1225,-5.6000000000000005,0,6,3,1,1.3321891138330102,,135.9
1226,-5.4,0,5,4,1,1.3321891138330102,,136.0
1227,-3.4000000000000004,0,5,4,1,1.3321891138330102,,136.1
1228,-5.4,0,5,4,1,1.3321891138330102,,136.2
1229,-5.4,0,5,4,1,1.3321891138330102,,136.3
1230,-1.7000000000000002,0,7,4,1,1.3321891138330102,,136.4
1231,-4.300000000000001,0,4,3,1,1.3321891138330102,,136.4
1232,-5.7,0,7,4,1,1.3321891138330102,,136.5
1233,-5.4,0,5,4,1,1.3321891138330102,,136.6
1234,-1.4000000000000001,0,5,4,1,1.3321891138330102,,136.7
1235,-0.7,0,7,4,1,1.3321891138330102,,136.8
1236,-5.4,0,5,4,1,1.3321891138330102,,136.8
1237,-3.4000000000000004,0,5,4,1,1.3321891138330102,,136.9
1238,-2.6,0,6,3,1,1.3321891138330102,,137.0
1239,-4.300000000000001,0,4,3,1,1.3321891138330102,,137.1
1240,-5.6000000000000005,0,6,3,1,1.3321891138330102,,137.2
1241,-5.4,0,5,4,1,1.3321891138330102,,137.2
1242,-5.0,0,9,4,1,1.3321891138330102,,137.3
1243,-5.6000000000000005,0,6,3,1,1.3321891138330102,,137.4
1244,-8.0,0,9,4,1,1.3321891138330102,,137.5
1245,-2.6,0,6,3,1,1.3321891138330102,,137.6
1246,-4.300000000000001,0,4,3,1,1.3321891138330102,,137.6
1247,-4.300000000000001,0,4,3,1,1.3321891138330102,,137.7
1248,-4.9,0,8,3,1,1.3321891138330102,,137.8
1249,-4.300000000000001,0,4,3,1,1.3321891138330102,,137.9
1250,-6.0,0,9,4,1,1.3321891138330102,,138.0
1251,-5.4,0,5,4,1,1.3321891138330102,,138.1
1252,-5.700000000000001,0,7,4,1,1.3321891138330102,,138.2
1253,-5.4,0,5,4,1,1.3321891138330102,,138.3
1254,6.6,1,5,4,1,1.3321891138330102,,138.4
1255,-6.700000000000001,0,7,4,1,1.3321891138330102,,138.5
1256,-5.4,0,5,4,1,1.3321891138330102,,138.5
1257,-5.6000000000000005,0,6,3,1,1.3321891138330102,,138.6
1258,-4.700000000000001,0,7,4,1,1.3321891138330102,,138.7
1259,-0.30000000000000004,0,4,3,1,1.3321891138330102,,138.7
1260,-5.700000000000001,0,7,4,1,1.3321891138330102,,138.8
1261,-5.6000000000000005,0,6,3,1,1.3321891138330102,,138.9
1262,-9.3,0,11,4,1,1.3321891138330102,,139.0
1263,-6.700000000000001,0,7,4,1,1.3321891138330102,,139.1
1264,-2.3000000000000003,0,4,3,1,1.3321891138330102,,139.2
1265,-6.000000000000001,0,9,4,1,1.3321891138330102,,139.2
1266,-4.6000000000000005,0,6,3,1,1.3321891138330102,,139.3
1267,-4.300000000000001,0,4,3,1,1.2894446616992354,0.5196889785584062,139.9
1268,-5.4,0,5,4,1,1.2894446616992354,,140.0
1269,-5.4,0,5,4,1,1.2894446616992354,,140.1
1270,-5.4,0,5,4,1,1.2894446616992354,,140.1
1271,-4.300000000000001,0,4,3,1,1.2894446616992354,,140.2
1272,-6.700000000000001,0,7,4,1,1.2894446616992354,,140.3
1273,-4.300000000000001,0,4,3,1,1.2894446616992354,,140.4
1274,-4.300000000000001,0,4,3,1,1.2894446616992354,,140.4
1275,-4.300000000000001,0,4,3,1,1.2894446616992354,,140.5
1276,5.7,1,4,3,1,1.2894446616992354,,140.5
1277,-5.4,0,5,4,1,1.2894446616992354,,140.6
1278,-5.7,0,7,4,1,1.2894446616992354,,140.7
1279,-6.700000000000001,0,7,4,1,1.2894446616992354,,140.8
1280,-4.300000000000001,0,4,3,1,1.2894446616992354,,140.8
1281,-2.3000000000000003,0,4,3,1,1.2894446616992354,,140.9
1282,-3.4000000000000004,0,5,4,1,1.2894446616992354,,141.0
1283,-4.300000000000001,0,4,3,1,1.2894446616992354,,141.0
1284,-0.30000000000000004,0,4,3,1,1.2894446616992354,,141.1
1285,-5.4,0,5,4,1,1.2894446616992354,,141.2
1286,-5.4,0,5,4,1,1.2894446616992354,,141.3
1287,-2.3000000000000003,0,4,3,1,1.2894446616992354,,141.4
1288,-5.4,0,5,4,1,1.2894446616992354,,141.5
1289,-4.300000000000001,0,4,3,1,1.2894446616992354,,141.5
1290,-4.300000000000001,0,4,3,1,1.2894446616992354,,141.6
1291,-3.4000000000000004,0,5,4,1,1.2894446616992354,,141.7
1292,-4.300000000000001,0,4,3,1,1.2894446616992354,,141.8
1293,-4.300000000000001,0,4,3,1,1.2894446616992354,,141.8
1294,-4.300000000000001,0,4,3,1,1.2894446616992354,,141.9
1295,-0.6000000000000001,0,6,3,1,1.2894446616992354,,142.0
1296,-3.6,0,6,3,1,1.2894446616992354,,142.1
1297,-5.4,0,5,4,1,1.2894446616992354,,142.1
1298,-4.300000000000001,0,4,3,1,1.2894446616992354,,142.2
1299,-5.4,0,5,4,1,1.2894446616992354,,142.3
1300,-4.300000000000001,0,4,3,1,1.2894446616992354,,142.4
1301,0.3999999999999999,0,6,3,1,1.2894446616992354,,142.5
1302,-4.300000000000001,0,4,3,1,1.2894446616992354,,142.6
1303,-4.300000000000001,0,4,3,1,1.2894446616992354,,142.6
1304,-5.4,0,5,4,1,1.2894446616992354,,142.7
1305,-2.3000000000000003,0,4,3,1,1.2894446616992354,,142.8
1306,-5.6000000000000005,0,6,3,1,1.2894446616992354,,142.8
1307,-3.4000000000000004,0,5,4,1,1.2894446616992354,,142.9
1308,-4.300000000000001,0,4,3,1,1.2894446616992354,,142.9
1309,-4.300000000000001,0,4,3,1,1.2894446616992354,,143.0
1310,-3.4000000000000004,0,5,4,1,1.2894446616992354,,143.1
1311,-6.9,0,8,3,1,1.2894446616992354,,143.2
1312,-0.30000000000000004,0,4,3,1,1.2894446616992354,,143.2
1313,-4.7,0,7,4,1,1.2894446616992354,,143.3
1314,-1.4000000000000001,0,5,4,1,1.2894446616992354,,143.4
1315,-4.300000000000001,0,4,3,1,1.2894446616992354,,143.5
1316,-4.300000000000001,0,4,3,1,1.2894446616992354,,143.5
1317,-4.300000000000001,0,4,3,1,1.2894446616992354,,143.6
1318,-4.300000000000001,0,4,3,1,1.2894446616992354,,143.6
1319,-2.3000000000000003,0,4,3,1,1.2894446616992354,,143.7
1320,-4.300000000000001,0,4,3,1,1.2894446616992354,,143.8
1321,-4.300000000000001,0,4,3,1,1.2894446616992354,,143.9
1322,-4.300000000000001,0,4,3,1,1.2894446616992354,,144.0
1323,-4.9,0,8,3,1,1.2894446616992354,,144.1
1324,-4.300000000000001,0,4,3,1,1.2894446616992354,,144.1
1325,-5.4,0,5,4,1,1.2894446616992354,,144.2
1326,-4.300000000000001,0,4,3,1,1.2894446616992354,,144.3
1327,-4.300000000000001,0,4,3,1,1.2894446616992354,,144.4
1328,-5.4,0,5,4,1,1.2894446616992354,,144.5
1329,-3.6000000000000005,0,6,3,1,1.2894446616992354,,144.5
1330,-4.7,0,7,4,1,1.2894446616992354,,144.7
1331,-4.300000000000001,0,4,3,1,1.2894446616992354,,144.8
1332,-3.900000000000001,0,8,3,1,1.2894446616992354,,144.8
1333,-4.300000000000001,0,4,3,1,1.2894446616992354,,144.9
1334,-4.300000000000001,0,4,3,1,1.2894446616992354,,145.0
1335,-4.300000000000001,0,4,3,1,1.2894446616992354,,145.0
1336,-4.300000000000001,0,4,3,1,1.2894446616992354,,145.1
1337,-4.300000000000001,0,4,3,1,1.2894446616992354,,145.2
1338,-5.4,0,5,4,1,1.2894446616992354,,145.3
1339,-4.300000000000001,0,4,3,1,1.2894446616992354,,145.4
1340,-5.4,0,5,4,1,1.2894446616992354,,145.5
1341,5.7,1,4,3,1,1.2894446616992354,,145.6
1342,-4.300000000000001,0,4,3,1,1.2894446616992354,,145.7
1343,-4.300000000000001,0,4,3,1,1.2894446616992354,,145.7
1344,-3.4000000000000004,0,5,4,1,1.2894446616992354,,145.8
1345,-4.300000000000001,0,4,3,1,1.2894446616992354,,145.9
1346,-4.300000000000001,0,4,3,1,1.2894446616992354,,146.0
1347,-4.300000000000001,0,4,3,1,1.2894446616992354,,146.1
1348,-4.300000000000001,0,4,3,1,1.2894446616992354,,146.1
1349,-5.4,0,5,4,1,1.2894446616992354,,146.2
1350,-4.300000000000001,0,4,3,1,1.2894446616992354,,146.3
1351,-4.300000000000001,0,4,3,1,1.2894446616992354,,146.4
1352,-4.6000000000000005,0,6,3,1,1.2894446616992354,,146.4
1353,-4.300000000000001,0,4,3,1,1.2894446616992354,,146.5
1354,-4.300000000000001,0,4,3,1,1.2894446616992354,,146.6
1355,-4.300000000000001,0,4,3,1,1.2894446616992354,,146.7
1356,-5.0,0,9,4,1,1.2894446616992354,,146.8
1357,-5.4,0,5,4,1,1.2894446616992354,,146.9
1358,-5.700000000000001,0,7,4,1,1.2894446616992354,,147.0
1359,-5.4,0,5,4,1,1.2894446616992354,,147.1
1360,-4.6000000000000005,0,6,3,1,1.2894446616992354,,147.1
1361,-0.6000000000000001,0,6,3,1,1.2894446616992354,,147.2
1362,-5.4,0,5,4,1,1.2894446616992354,,147.3
1363,-4.300000000000001,0,4,3,1,1.2894446616992354,,147.4
1364,-5.4,0,5,4,1,1.2894446616992354,,147.4
1365,-2.3000000000000003,0,4,3,1,1.2894446616992354,,147.5
1366,5.7,1,4,3,1,1.2894446616992354,,147.5
1367,-5.9,0,8,3,1,1.2894446616992354,,147.6
1368,-2.3000000000000003,0,4,3,1,1.2894446616992354,,147.7
1369,-5.4,0,5,4,1,1.2894446616992354,,147.8
1370,-2.3000000000000003,0,4,3,1,1.2894446616992354,,147.8
1371,-2.3000000000000003,0,4,3,1,1.2894446616992354,,147.9
1372,-6.700000000000001,0,7,4,1,1.2894446616992354,,148.0
1373,-4.300000000000001,0,4,3,1,1.2894446616992354,,148.1
1374,-4.300000000000001,0,4,3,1,1.2894446616992354,,148.1
1375,-4.300000000000001,0,4,3,1,1.2894446616992354,,148.2
1376,-5.4,0,5,4,1,1.2894446616992354,,148.3
1377,-4.300000000000001,0,4,3,1,1.2894446616992354,,148.3
1378,-0.30000000000000004,0,4,3,1,1.2894446616992354,,148.4
1379,-2.7,0,7,4,1,1.2894446616992354,,148.5
1380,-5.6000000000000005,0,6,3,1,1.2894446616992354,,148.6
1381,-5.4,0,5,4,1,1.2894446616992354,,148.7
1382,-8.0,0,9,4,1,1.2894446616992354,,148.8
1383,-5.6000000000000005,0,6,3,1,1.2894446616992354,,148.9
1384,-4.300000000000001,0,4,3,1,1.2894446616992354,,149.0
1385,-5.6000000000000005,0,6,3,1,1.2894446616992354,,149.1
1386,-4.300000000000001,0,4,3,1,1.2894446616992354,,149.1
1387,-3.6000000000000005,0,6,3,1,1.2894446616992354,,149.2
1388,-3.4000000000000004,0,5,4,1,1.2894446616992354,,149.3
1389,-5.4,0,5,4,1,1.2894446616992354,,149.4
1390,-2.3000000000000003,0,4,3,1,1.2894446616992354,,149.5
1391,-5.4,0,5,4,1,1.2894446616992354,,149.5
1392,-1.4000000000000001,0,5,4,1,1.2894446616992354,,149.6
1393,-2.3000000000000003,0,4,3,1,1.2894446616992354,,149.6
1394,-4.300000000000001,0,4,3,1,1.2894446616992354,,149.7
1395,-4.300000000000001,0,4,3,1,1.2894446616992354,,149.8
1396,-8.0,0,9,4,1,1.2894446616992354,,149.8
1397,-2.3000000000000003,0,4,3,1,1.2894446616992354,,149.9
1398,-5.6000000000000005,0,6,3,1,1.2894446616992354,,150.0
1399,-5.6000000000000005,0,6,3,1,1.2894446616992354,,150.1
1400,-4.300000000000001,0,4,3,1,1.2894446616992354,,150.2
1401,-5.6000000000000005,0,6,3,1,1.2894446616992354,,150.2
1402,-4.300000000000001,0,4,3,1,1.2894446616992354,,150.3
1403,-2.3000000000000003,0,4,3,1,1.2894446616992354,,150.4
1404,-2.3000000000000003,0,4,3,1,1.2894446616992354,,150.5
1405,-5.9,0,8,3,1,1.2894446616992354,,150.6
1406,-4.300000000000001,0,4,3,1,1.2894446616992354,,150.7
1407,-5.4,0,5,4,1,1.2894446616992354,,150.8
1408,-4.300000000000001,0,4,3,1,1.2894446616992354,,150.8
1409,-3.4000000000000004,0,5,4,1,1.2894446616992354,,150.9
1410,6.6,1,5,4,1,1.2894446616992354,,151.0
1411,-5.9,0,8,3,1,1.2894446616992354,,151.1
1412,-5.4,0,5,4,1,1.2894446616992354,,151.2
1413,-0.30000000000000004,0,4,3,1,1.2894446616992354,,151.3
1414,-2.3000000000000003,0,4,3,1,1.2894446616992354,,151.4
1415,-5.4,0,5,4,1,1.2894446616992354,,151.5
1416,-5.4,0,5,4,1,1.2894446616992354,,151.5
1417,-4.300000000000001,0,4,3,1,1.2894446616992354,,151.6
1418,-2.3000000000000003,0,4,3,1,1.2894446616992354,,151.7
1419,-4.300000000000001,0,4,3,1,1.2894446616992354,,151.7
1420,-5.6000000000000005,0,6,3,1,1.2894446616992354,,151.8
1421,-4.300000000000001,0,4,3,1,1.2894446616992354,,151.8
1422,-3.4000000000000004,0,5,4,1,1.2894446616992354,,151.9
1423,-4.300000000000001,0,4,3,1,1.2894446616992354,,152.0
1424,-4.300000000000001,0,4,3,1,1.2894446616992354,,152.1
1425,-4.300000000000001,0,4,3,1,1.2894446616992354,,152.1
1426,-4.300000000000001,0,4,3,1,1.2894446616992354,,152.2
1427,-4.300000000000001,0,4,3,1,1.2894446616992354,,152.3
1428,-5.4,0,5,4,1,1.2894446616992354,,152.4
1429,-4.300000000000001,0,4,3,1,1.2894446616992354,,152.5
1430,-4.300000000000001,0,4,3,1,1.2894446616992354,,152.6
1431,-4.300000000000001,0,4,3,1,1.2894446616992354,,152.7
1432,-6.700000000000001,0,7,4,1,1.2894446616992354,,152.8
1433,-4.300000000000001,0,4,3,1,1.2894446616992354,,152.8
1434,-2.3000000000000003,0,4,3,1,1.2894446616992354,,152.9
1435,-5.6000000000000005,0,6,3,1,1.2894446616992354,,153.0
1436,-4.300000000000001,0,4,3,1,1.2894446616992354,,153.1
1437,-5.9,0,8,3,1,1.2894446616992354,,153.1
1438,-4.300000000000001,0,4,3,1,1.2894446616992354,,153.2
1439,-2.3000000000000003,0,4,3,1,1.2894446616992354,,153.3
1440,-3.6000000000000005,0,6,3,1,1.2894446616992354,,153.4
1441,-4.300000000000001,0,4,3,1,1.2894446616992354,,153.4
1442,-4.300000000000001,0,4,3,1,1.2894446616992354,,153.5
1443,-4.300000000000001,0,4,3,1,1.2894446616992354,,153.6
1444,-5.4,0,5,4,1,1.2894446616992354,,153.7
1445,-4.300000000000001,0,4,3,1,1.2894446616992354,,153.8
1446,-4.6,0,6,3,1,1.2894446616992354,,153.9
1447,-4.300000000000001,0,4,3,1,1.2894446616992354,,153.9
1448,-5.9,0,8,3,1,1.2894446616992354,,154.0
1449,-5.4,0,5,4,1,1.2894446616992354,,154.1
1450,-5.4,0,5,4,1,1.2894446616992354,,154.2
1451,-4.300000000000001,0,4,3,1,1.2894446616992354,,154.3
1452,-5.4,0,5,4,1,1.2894446616992354,,154.4
1453,-5.4,0,5,4,1,1.2894446616992354,,154.4
1454,-3.6000000000000005,0,6,3,1,1.2894446616992354,,154.5
1455,0.6000000000000001,0,5,4,1,1.2894446616992354,,154.6
1456,-5.4,0,5,4,1,1.2894446616992354,,154.6
1457,-4.9,0,8,3,1,1.2894446616992354,,154.7
1458,-0.30000000000000004,0,4,3,1,1.2894446616992354,,154.8
1459,-5.4,0,5,4,1,1.2894446616992354,,154.9
1460,-6.700000000000001,0,7,4,1,1.2894446616992354,,155.0
1461,-6.0,0,9,4,1,1.2894446616992354,,155.0
1462,-4.300000000000001,0,4,3,1,1.2894446616992354,,155.1
1463,-4.300000000000001,0,4,3,1,1.2894446616992354,,155.2
1464,-4.300000000000001,0,4,3,1,1.2894446616992354,,155.2
1465,-0.30000000000000004,0,4,3,1,1.2894446616992354,,155.3
1466,-4.300000000000001,0,4,3,1,1.2894446616992354,,155.4
1467,-4.300000000000001,0,4,3,1,1.2894446616992354,,155.4
1468,-5.4,0,5,4,1,1.2894446616992354,,155.5
1469,-2.3000000000000003,0,4,3,1,1.2894446616992354,,155.6
1470,-5.6000000000000005,0,6,3,1,1.2894446616992354,,155.7
1471,-6.700000000000001,0,7,4,1,1.2894446616992354,,155.7
1472,-0.30000000000000004,0,4,3,1,1.2894446616992354,,155.8
1473,-4.300000000000001,0,4,3,1,1.2894446616992354,,155.9
1474,-2.3000000000000003,0,4,3,1,1.2894446616992354,,156.0
1475,-5.6000000000000005,0,6,3,1,1.2894446616992354,,156.1
1476,5.7,1,4,3,1,1.2894446616992354,,156.2
1477,-4.300000000000001,0,4,3,1,1.2894446616992354,,156.3
1478,-4.300000000000001,0,4,3,1,1.2894446616992354,,156.4
1479,-4.300000000000001,0,4,3,1,1.2894446616992354,,156.5
1480,-0.6000000000000001,0,6,3,1,1.2894446616992354,,156.5
1481,-7.0,0,9,4,1,1.2894446616992354,,156.6
1482,-4.300000000000001,0,4,3,1,1.2894446616992354,,156.7
1483,-4.300000000000001,0,4,3,1,1.2894446616992354,,156.8
1484,-3.4000000000000004,0,5,4,1,1.2894446616992354,,156.8
1485,-4.300000000000001,0,4,3,1,1.2894446616992354,,156.9
1486,-7.200000000000001,0,10,3,1,1.2894446616992354,,157.0
1487,-4.300000000000001,0,4,3,1,1.2894446616992354,,157.0
1488,-4.300000000000001,0,4,3,1,1.2894446616992354,,157.1
1489,-4.300000000000001,0,4,3,1,1.2894446616992354,,157.2
1490,-4.300000000000001,0,4,3,1,1.2894446616992354,,157.2
1491,-4.300000000000001,0,4,3,1,1.2894446616992354,,157.3
1492,5.7,1,4,3,1,1.2894446616992354,,157.4
1493,-5.700000000000001,0,7,4,1,1.2894446616992354,,157.5
1494,-5.0,0,9,4,1,1.2894446616992354,,157.6
1495,-5.4,0,5,4,1,1.2894446616992354,,157.7
1496,-3.7,0,7,4,1,1.2894446616992354,,157.8
1497,-5.4,0,5,4,1,1.2894446616992354,,157.9
1498,-4.300000000000001,0,4,3,1,1.2894446616992354,,157.9
1499,-2.3000000000000003,0,4,3,1,1.2894446616992354,,158.0
1500,-4.6,0,6,3,1,1.2894446616992354,,158.1
1501,-4.300000000000001,0,4,3,1,1.2894446616992354,,163.2
1502,-2.9000000000000004,0,8,3,1,1.2894446616992354,,163.3
1503,-5.4,0,5,4,1,1.2894446616992354,,163.4
1504,-6.700000000000001,0,7,4,1,1.2894446616992354,,163.5
1505,-3.6000000000000005,0,6,3,1,1.2894446616992354,,163.6
1506,5.0,1,9,4,1,1.2894446616992354,,163.7
1507,-4.300000000000001,0,4,3,1,1.2894446616992354,,163.7
1508,-4.300000000000001,0,4,3,1,1.2894446616992354,,163.8
1509,-0.30000000000000004,0,4,3,1,1.2894446616992354,,163.9
1510,-5.6000000000000005,0,6,3,1,1.2894446616992354,,164.0
1511,-4.300000000000001,0,4,3,1,1.2894446616992354,,164.1
1512,-3.4000000000000004,0,5,4,1,1.2894446616992354,,164.1
1513,-5.700000000000001,0,7,4,1,1.2894446616992354,,164.2
1514,-4.300000000000001,0,4,3,1,1.2894446616992354,,164.2
1515,-4.300000000000001,0,4,3,1,1.2894446616992354,,164.3
1516,-5.4,0,5,4,1,1.2894446616992354,,164.4
1517,-5.4,0,5,4,1,1.2894446616992354,,164.5
1518,-4.6000000000000005,0,6,3,1,1.2894446616992354,,164.6
1519,-0.30000000000000004,0,4,3,1,1.2894446616992354,,164.7
1520,-3.6000000000000005,0,6,3,1,1.2894446616992354,,164.8
1521,-4.300000000000001,0,4,3,1,1.2894446616992354,,164.8
1522,-5.4,0,5,4,1,1.2894446616992354,,164.9
1523,-3.6000000000000005,0,6,3,1,1.2894446616992354,,165.0
1524,-1.4000000000000001,0,5,4,1,1.2894446616992354,,165.0
1525,-4.300000000000001,0,4,3,1,1.2894446616992354,,165.1
1526,-6.700000000000001,0,7,4,1,1.2894446616992354,,165.2
1527,-2.3000000000000003,0,4,3,1,1.2894446616992354,,165.3
1528,-5.4,0,5,4,1,1.2894446616992354,,165.3
1529,-4.300000000000001,0,4,3,1,1.2894446616992354,,165.4
1530,-4.6,0,6,3,1,1.2894446616992354,,165.4
1531,-4.300000000000001,0,4,3,1,1.2894446616992354,,165.5
1532,-5.4,0,5,4,1,1.2894446616992354,,165.6
1533,-6.700000000000001,0,7,4,1,1.2894446616992354,,165.7
1534,-5.4,0,5,4,1,1.2894446616992354,,165.8
1535,-1.4000000000000001,0,5,4,1,1.2894446616992354,,165.9
1536,-5.4,0,5,4,1,1.2894446616992354,,166.0
1537,-8.200000000000003,0,10,3,1,1.2894446616992354,,166.1
1538,-0.9000000000000001,0,8,3,1,1.2894446616992354,,166.2
1539,-4.300000000000001,0,4,3,1,1.2894446616992354,,166.2
1540,-4.300000000000001,0,4,3,1,1.2894446616992354,,166.3
1541,-5.4,0,5,4,1,1.2894446616992354,,166.4
1542,-5.4,0,5,4,1,1.2894446616992354,,166.5
1543,5.7,1,4,3,1,1.2894446616992354,,166.5
1544,-4.6000000000000005,0,6,3,1,1.2894446616992354,,166.6
1545,-2.3000000000000003,0,4,3,1,1.2894446616992354,,166.7
1546,-4.6,0,6,3,1,1.2894446616992354,,166.8
1547,-4.300000000000001,0,4,3,1,1.2894446616992354,,166.8
1548,-2.3000000000000003,0,4,3,1,1.2894446616992354,,166.9
1549,-2.3000000000000003,0,4,3,1,1.2894446616992354,,167.0
1550,-5.6000000000000005,0,6,3,1,1.2894446616992354,,167.0
1551,-2.3000000000000003,0,4,3,1,1.2894446616992354,,167.1
1552,-1.6,0,6,3,1,1.2894446616992354,,167.2
1553,-5.4,0,5,4,1,1.2894446616992354,,167.2
1554,-0.30000000000000004,0,4,3,1,1.2894446616992354,,167.3
1555,-4.300000000000001,0,4,3,1,1.2894446616992354,,167.4
1556,-4.300000000000001,0,4,3,1,1.2894446616992354,,167.4
1557,-5.6000000000000005,0,6,3,1,1.2894446616992354,,167.5
1558,-5.4,0,5,4,1,1.2894446616992354,,167.6
1559,-0.30000000000000004,0,4,3,1,1.2894446616992354,,167.7
1560,-4.300000000000001,0,4,3,1,1.2894446616992354,,167.7
1561,-5.4,0,5,4,1,1.2894446616992354,,167.8
1562,-7.0,0,9,4,1,1.2894446616992354,,167.9
1563,-3.6,0,6,3,1,1.2894446616992354,,168.0
1564,-3.4000000000000004,0,5,4,1,1.2894446616992354,,168.0
1565,-2.3000000000000003,0,4,3,1,1.2894446616992354,,168.1
1566,-4.300000000000001,0,4,3,1,1.2894446616992354,,168.2
1567,-4.300000000000001,0,4,3,1,1.2894446616992354,,168.2
1568,-4.300000000000001,0,4,3,1,1.2894446616992354,,168.3
1569,-6.700000000000001,0,7,4,1,1.2894446616992354,,168.4
1570,-4.300000000000001,0,4,3,1,1.2894446616992354,,168.5
1571,-2.3000000000000003,0,4,3,1,1.2894446616992354,,168.6
1572,-5.6000000000000005,0,6,3,1,1.2894446616992354,,168.7
1573,-5.6000000000000005,0,6,3,1,1.2894446616992354,,168.8
1574,-3.4000000000000004,0,5,4,1,1.2894446616992354,,168.9
1575,-4.300000000000001,0,4,3,1,1.2894446616992354,,169.0
1576,-4.300000000000001,0,4,3,1,1.2894446616992354,,169.0
1577,-5.6000000000000005,0,6,3,1,1.2894446616992354,,169.1
1578,-2.3000000000000003,0,4,3,1,1.2894446616992354,,169.2
1579,-5.4,0,5,4,1,1.2894446616992354,,169.3
1580,-4.6000000000000005,0,6,3,1,1.2894446616992354,,169.4
1581,-2.3000000000000003,0,4,3,1,1.2894446616992354,,169.4
1582,-4.300000000000001,0,4,3,1,1.2894446616992354,,169.5
1583,-3.6000000000000005,0,6,3,1,1.2894446616992354,,169.6
1584,-4.300000000000001,0,4,3,1,1.2894446616992354,,169.7
1585,-4.300000000000001,0,4,3,1,1.2894446616992354,,169.8
1586,-0.9000000000000001,0,8,3,1,1.2894446616992354,,169.9
1587,-2.3000000000000003,0,4,3,1,1.2894446616992354,,169.9
1588,-2.3000000000000003,0,4,3,1,1.2894446616992354,,170.0
1589,-5.6000000000000005,0,6,3,1,1.2894446616992354,,170.1
1590,-2.3000000000000003,0,4,3,1,1.2894446616992354,,170.2
1591,-5.4,0,5,4,1,1.2894446616992354,,170.2
1592,-5.4,0,5,4,1,1.2894446616992354,,170.3
1593,-4.300000000000001,0,4,3,1,1.2894446616992354,,170.4
1594,-4.300000000000001,0,4,3,1,1.2894446616992354,,170.4
1595,-4.300000000000001,0,4,3,1,1.2894446616992354,,170.5
1596,-4.300000000000001,0,4,3,1,1.2894446616992354,,170.6
1597,-6.700000000000001,0,7,4,1,1.2894446616992354,,170.7
1598,-5.6000000000000005,0,6,3,1,1.2894446616992354,,170.8
1599,-3.6,0,6,3,1,1.2894446616992354,,170.8
1600,-5.4,0,5,4,1,1.2894446616992354,,171.0
1601,-4.300000000000001,0,4,3,1,1.2894446616992354,,171.0
1602,-2.3000000000000003,0,4,3,1,1.2894446616992354,,171.1
1603,-4.300000000000001,0,4,3,1,1.2894446616992354,,171.2
1604,-5.6000000000000005,0,6,3,1,1.2894446616992354,,171.3
1605,-4.300000000000001,0,4,3,1,1.2894446616992354,,171.4
1606,-4.300000000000001,0,4,3,1,1.2894446616992354,,171.4
1607,-4.300000000000001,0,4,3,1,1.2894446616992354,,171.5
1608,-4.300000000000001,0,4,3,1,1.2894446616992354,,171.6
1609,-4.300000000000001,0,4,3,1,1.2894446616992354,,171.7
1610,-4.300000000000001,0,4,3,1,1.2894446616992354,,171.8
1611,-5.4,0,5,4,1,1.2894446616992354,,171.9
1612,-6.700000000000001,0,7,4,1,1.2894446616992354,,172.0
1613,-2.3000000000000003,0,4,3,1,1.2894446616992354,,172.0
1614,-5.6000000000000005,0,6,3,1,1.2894446616992354,,172.1
1615,-4.300000000000001,0,4,3,1,1.2894446616992354,,172.2
1616,-4.6,0,6,3,1,1.2894446616992354,,172.3
1617,-5.4,0,5,4,1,1.2894446616992354,,172.4
1618,-4.300000000000001,0,4,3,1,1.2894446616992354,,172.4
1619,-5.6000000000000005,0,6,3,1,1.2894446616992354,,172.5
1620,-5.4,0,5,4,1,1.2894446616992354,,172.6
1621,-4.300000000000001,0,4,3,1,1.2894446616992354,,172.8
1622,-4.200000000000001,0,10,3,1,1.2894446616992354,,172.9
1623,-2.3000000000000003,0,4,3,1,1.2894446616992354,,173.0
1624,-5.4,0,5,4,1,1.2894446616992354,,173.1
1625,-0.30000000000000004,0,4,3,1,1.2894446616992354,,173.2
1626,-4.300000000000001,0,4,3,1,1.2894446616992354,,173.3
1627,-4.300000000000001,0,4,3,1,1.2894446616992354,,173.3
1628,-5.4,0,5,4,1,1.2894446616992354,,173.4
1629,-2.9000000000000004,0,8,3,1,1.2894446616992354,,173.6
1630,-4.300000000000001,0,4,3,1,1.2894446616992354,,173.6
1631,-7.0,0,9,4,1,1.2894446616992354,,173.8
1632,-4.300000000000001,0,4,3,1,1.2894446616992354,,173.8
1633,-5.4,0,5,4,1,1.2894446616992354,,173.9
1634,-4.300000000000001,0,4,3,1,1.2894446616992354,,174.0
1635,-3.4000000000000004,0,5,4,1,1.2894446616992354,,174.0
1636,-4.300000000000001,0,4,3,1,1.2894446616992354,,174.1
1637,-5.4,0,5,4,1,1.2894446616992354,,174.2
1638,-4.300000000000001,0,4,3,1,1.2894446616992354,,174.3
1639,-5.4,0,5,4,1,1.2894446616992354,,174.4
1640,-4.300000000000001,0,4,3,1,1.2894446616992354,,174.4
1641,-4.300000000000001,0,4,3,1,1.2894446616992354,,174.5
1642,-4.300000000000001,0,4,3,1,1.2894446616992354,,174.6
1643,-1.4000000000000001,0,5,4,1,1.2894446616992354,,174.6
1644,-5.4,0,5,4,1,1.2894446616992354,,174.7
1645,-4.300000000000001,0,4,3,1,1.2894446616992354,,174.8
1646,-2.3000000000000003,0,4,3,1,1.2894446616992354,,174.8
1647,-4.300000000000001,0,4,3,1,1.2894446616992354,,174.9
1648,-2.3000000000000003,0,4,3,1,1.2894446616992354,,175.0
1649,-4.300000000000001,0,4,3,1,1.2894446616992354,,175.1
1650,5.7,1,4,3,1,1.2894446616992354,,175.2
1651,-2.900000000000001,0,8,3,1,1.2894446616992354,,175.3
1652,-4.300000000000001,0,4,3,1,1.2894446616992354,,175.3
1653,-5.4,0,5,4,1,1.2894446616992354,,175.4
1654,-4.300000000000001,0,4,3,1,1.2894446616992354,,175.5
1655,-5.6000000000000005,0,6,3,1,1.2894446616992354,,175.5
1656,-5.4,0,5,4,1,1.2894446616992354,,175.6
1657,-5.4,0,5,4,1,1.2894446616992354,,175.7
1658,-2.3000000000000003,0,4,3,1,1.2894446616992354,,175.8
1659,-5.4,0,5,4,1,1.2894446616992354,,175.9
1660,-3.4000000000000004,0,5,4,1,1.2894446616992354,,176.0
1661,-2.3000000000000003,0,4,3,1,1.2894446616992354,,176.0
1662,-2.3000000000000003,0,4,3,1,1.2894446616992354,,176.1
1663,-4.300000000000001,0,4,3,1,1.2894446616992354,,176.2
1664,-4.300000000000001,0,4,3,1,1.2894446616992354,,176.3
1665,-4.300000000000001,0,4,3,1,1.2894446616992354,,176.4
1666,-4.300000000000001,0,4,3,1,1.2894446616992354,,176.4
1667,-0.30000000000000004,0,4,3,1,1.2894446616992354,,176.5
1668,-4.300000000000001,0,4,3,1,1.2894446616992354,,176.6
1669,-5.7,0,7,4,1,1.2894446616992354,,176.7
1670,-5.4,0,5,4,1,1.2894446616992354,,176.7
1671,-5.4,0,5,4,1,1.2894446616992354,,176.8
1672,-5.4,0,5,4,1,1.2894446616992354,,176.9
1673,-3.6000000000000005,0,6,3,1,1.2894446616992354,,177.0
1674,-4.300000000000001,0,4,3,1,1.2894446616992354,,177.1
1675,-2.3000000000000003,0,4,3,1,1.2894446616992354,,177.1
1676,-5.700000000000001,0,7,4,1,1.2894446616992354,,177.3
1677,-4.300000000000001,0,4,3,1,1.2894446616992354,,177.3
1678,-5.4,0,5,4,1,1.2894446616992354,,177.5
1679,-2.3000000000000003,0,4,3,1,1.2894446616992354,,177.5
1680,-2.7,0,7,4,1,1.2894446616992354,,177.6
1681,-4.300000000000001,0,4,3,1,1.2894446616992354,,177.7
1682,-4.300000000000001,0,4,3,1,1.2894446616992354,,177.9
1683,-6.700000000000001,0,7,4,1,1.177710022777319,0.6918636177433655,178.5
1684,-5.9,0,8,3,1,1.177710022777319,,178.6
1685,-5.6000000000000005,0,6,3,1,1.177710022777319,,178.7
1686,-2.3000000000000003,0,4,3,1,1.177710022777319,,178.8
1687,-4.300000000000001,0,4,3,1,1.177710022777319,,178.8
1688,-3.4000000000000004,0,5,4,1,1.177710022777319,,178.9
1689,-5.4,0,5,4,1,1.177710022777319,,179.0
1690,-4.300000000000001,0,4,3,1,1.177710022777319,,179.1
1691,-2.3000000000000003,0,4,3,1,1.177710022777319,,179.2
1692,-2.3000000000000003,0,4,3,1,1.177710022777319,,179.3
1693,-3.6000000000000005,0,6,3,1,1.177710022777319,,179.3
1694,-4.300000000000001,0,4,3,1,1.177710022777319,,179.4
1695,-1.6,0,6,3,1,1.177710022777319,,179.5
1696,5.7,1,4,3,1,1.177710022777319,,179.6
1697,-4.300000000000001,0,4,3,1,1.177710022777319,,179.7
1698,-0.30000000000000004,0,4,3,1,1.177710022777319,,179.8
1699,-0.30000000000000004,0,4,3,1,1.177710022777319,,179.8
1700,-4.300000000000001,0,4,3,1,1.177710022777319,,179.9
1701,-4.300000000000001,0,4,3,1,1.177710022777319,,180.0
1702,-3.4000000000000004,0,5,4,1,1.177710022777319,,180.1
1703,-4.300000000000001,0,4,3,1,1.177710022777319,,180.1
1704,-2.3000000000000003,0,4,3,1,1.177710022777319,,180.2
1705,-4.300000000000001,0,4,3,1,1.177710022777319,,180.3
1706,-5.6000000000000005,0,6,3,1,1.177710022777319,,180.4
1707,-4.300000000000001,0,4,3,1,1.177710022777319,,180.5
1708,-4.300000000000001,0,4,3,1,1.177710022777319,,180.5
1709,-4.300000000000001,0,4,3,1,1.177710022777319,,180.6
1710,-4.300000000000001,0,4,3,1,1.177710022777319,,180.7
1711,-3.6000000000000005,0,6,3,1,1.177710022777319,,180.8
1712,-4.6,0,6,3,1,1.177710022777319,,180.9
1713,-3.4000000000000004,0,5,4,1,1.177710022777319,,181.0
1714,-3.4000000000000004,0,5,4,1,1.177710022777319,,181.1
1715,-2.3000000000000003,0,4,3,1,1.177710022777319,,181.1
1716,-3.4000000000000004,0,5,4,1,1.177710022777319,,181.2
1717,-4.300000000000001,0,4,3,1,1.177710022777319,,181.3
1718,-4.300000000000001,0,4,3,1,1.177710022777319,,181.4
1719,-0.30000000000000004,0,4,3,1,1.177710022777319,,181.5
1720,-4.300000000000001,0,4,3,1,1.177710022777319,,181.6
1721,-2.3000000000000003,0,4,3,1,1.177710022777319,,181.7
1722,-4.300000000000001,0,4,3,1,1.177710022777319,,181.7
1723,-4.300000000000001,0,4,3,1,1.177710022777319,,181.8
1724,-4.300000000000001,0,4,3,1,1.177710022777319,,181.9
1725,-2.3000000000000003,0,4,3,1,1.177710022777319,,182.0
1726,-4.300000000000001,0,4,3,1,1.177710022777319,,182.0
1727,-4.300000000000001,0,4,3,1,1.177710022777319,,182.1
1728,-5.4,0,5,4,1,1.177710022777319,,182.1
1729,-4.300000000000001,0,4,3,1,1.177710022777319,,182.3
1730,-5.7,0,7,4,1,1.177710022777319,,182.3
1731,-4.300000000000001,0,4,3,1,1.177710022777319,,182.4
1732,-5.4,0,5,4,1,1.177710022777319,,182.5
1733,-4.300000000000001,0,4,3,1,1.177710022777319,,182.5
1734,-4.300000000000001,0,4,3,1,1.177710022777319,,182.6
1735,-4.300000000000001,0,4,3,1,1.177710022777319,,182.7
1736,-5.4,0,5,4,1,1.177710022777319,,182.8
1737,-4.300000000000001,0,4,3,1,1.177710022777319,,182.9
1738,-2.3000000000000003,0,4,3,1,1.177710022777319,,183.0
1739,-4.700000000000001,0,7,4,1,1.177710022777319,,183.1
1740,-4.300000000000001,0,4,3,1,1.177710022777319,,183.2
1741,-2.3000000000000003,0,4,3,1,1.177710022777319,,183.2
1742,-2.3000000000000003,0,4,3,1,1.177710022777319,,183.3
1743,-2.3000000000000003,0,4,3,1,1.177710022777319,,183.3
1744,-5.4,0,5,4,1,1.177710022777319,,183.5
1745,-4.300000000000001,0,4,3,1,1.177710022777319,,183.5
1746,-3.6000000000000005,0,6,3,1,1.177710022777319,,183.6
1747,-4.300000000000001,0,4,3,1,1.177710022777319,,183.7
1748,-5.4,0,5,4,1,1.177710022777319,,183.8
1749,-4.300000000000001,0,4,3,1,1.177710022777319,,183.9
1750,-4.300000000000001,0,4,3,1,1.177710022777319,,183.9
1751,-2.3000000000000003,0,4,3,1,1.177710022777319,,184.0
1752,-4.300000000000001,0,4,3,1,1.177710022777319,,184.0
1753,-4.300000000000001,0,4,3,1,1.177710022777319,,184.1
1754,-5.4,0,5,4,1,1.177710022777319,,184.2
1755,-5.4,0,5,4,1,1.177710022777319,,184.3
1756,-4.300000000000001,0,4,3,1,1.177710022777319,,184.3
1757,-0.30000000000000004,0,4,3,1,1.177710022777319,,184.4
1758,-4.300000000000001,0,4,3,1,1.177710022777319,,184.5
1759,-4.300000000000001,0,4,3,1,1.177710022777319,,184.5
1760,-4.300000000000001,0,4,3,1,1.177710022777319,,184.6
1761,-4.300000000000001,0,4,3,1,1.177710022777319,,184.7
1762,-5.4,0,5,4,1,1.177710022777319,,184.8
1763,-4.300000000000001,0,4,3,1,1.177710022777319,,184.9
1764,-4.300000000000001,0,4,3,1,1.177710022777319,,185.0
1765,-4.300000000000001,0,4,3,1,1.177710022777319,,185.0
1766,-4.300000000000001,0,4,3,1,1.177710022777319,,185.1
1767,-4.300000000000001,0,4,3,1,1.177710022777319,,185.1
1768,-2.3000000000000003,0,4,3,1,1.177710022777319,,185.2
1769,-4.300000000000001,0,4,3,1,1.177710022777319,,185.3
1770,-4.300000000000001,0,4,3,1,1.177710022777319,,185.4
1771,-2.3000000000000003,0,4,3,1,1.177710022777319,,185.5
1772,-4.300000000000001,0,4,3,1,1.177710022777319,,185.5
1773,-4.300000000000001,0,4,3,1,1.177710022777319,,185.6
1774,5.7,1,4,3,1,1.177710022777319,,185.6
1775,-5.4,0,5,4,1,1.177710022777319,,185.7
1776,-4.300000000000001,0,4,3,1,1.177710022777319,,185.7
1777,0.09999999999999964,0,8,3,1,1.177710022777319,,185.8
1778,-2.3000000000000003,0,4,3,1,1.177710022777319,,185.9
1779,-2.3000000000000003,0,4,3,1,1.177710022777319,,186.0
1780,-2.6,0,6,3,1,1.177710022777319,,186.1
1781,-6.700000000000001,0,7,4,1,1.177710022777319,,186.1
1782,-2.3000000000000003,0,4,3,1,1.177710022777319,,186.2
1783,-4.300000000000001,0,4,3,1,1.177710022777319,,186.3
1784,-5.6000000000000005,0,6,3,1,1.177710022777319,,186.4
1785,-2.3000000000000003,0,4,3,1,1.177710022777319,,186.5
1786,-4.300000000000001,0,4,3,1,1.177710022777319,,186.5
1787,-3.4000000000000004,0,5,4,1,1.177710022777319,,186.6
1788,-0.30000000000000004,0,4,3,1,1.177710022777319,,186.7
1789,-2.3000000000000003,0,4,3,1,1.177710022777319,,186.7
1790,-4.300000000000001,0,4,3,1,1.177710022777319,,186.8
1791,-5.4,0,5,4,1,1.177710022777319,,186.9
1792,-4.300000000000001,0,4,3,1,1.177710022777319,,186.9
1793,-4.6,0,6,3,1,1.177710022777319,,187.0
1794,-4.300000000000001,0,4,3,1,1.177710022777319,,187.1
1795,-4.300000000000001,0,4,3,1,1.177710022777319,,187.2
1796,-2.3000000000000003,0,4,3,1,1.177710022777319,,187.2
1797,-4.300000000000001,0,4,3,1,1.177710022777319,,187.3
1798,-4.300000000000001,0,4,3,1,1.177710022777319,,187.4
1799,-4.300000000000001,0,4,3,1,1.177710022777319,,187.5
1800,-2.3000000000000003,0,4,3,1,1.177710022777319,,187.5
1801,-4.300000000000001,0,4,3,1,1.177710022777319,,187.6
1802,-5.6000000000000005,0,6,3,1,1.177710022777319,,187.7
1803,-4.6,0,6,3,1,1.177710022777319,,187.8
1804,-3.4000000000000004,0,5,4,1,1.177710022777319,,187.8
1805,-4.300000000000001,0,4,3,1,1.177710022777319,,187.9
1806,-8.0,0,9,4,1,1.177710022777319,,188.0
1807,-4.300000000000001,0,4,3,1,1.177710022777319,,188.1
1808,-5.6000000000000005,0,6,3,1,1.177710022777319,,188.2
1809,-2.3000000000000003,0,4,3,1,1.177710022777319,,188.3
1810,-5.4,0,5,4,1,1.177710022777319,,188.4
1811,-4.300000000000001,0,4,3,1,1.177710022777319,,188.5
1812,-2.3000000000000003,0,4,3,1,1.177710022777319,,188.5
1813,-2.3000000000000003,0,4,3,1,1.177710022777319,,188.6
1814,-6.700000000000001,0,7,4,1,1.177710022777319,,188.7
1815,-4.300000000000001,0,4,3,1,1.177710022777319,,188.8
1816,-4.300000000000001,0,4,3,1,1.177710022777319,,188.8
1817,-4.300000000000001,0,4,3,1,1.177710022777319,,188.9
1818,-4.300000000000001,0,4,3,1,1.177710022777319,,188.9
1819,-5.4,0,5,4,1,1.177710022777319,,189.0
1820,-5.7,0,7,4,1,1.177710022777319,,189.1
1821,-3.4000000000000004,0,5,4,1,1.177710022777319,,189.2
1822,-2.3000000000000003,0,4,3,1,1.177710022777319,,189.2
1823,-4.300000000000001,0,4,3,1,1.177710022777319,,189.3
1824,-2.3000000000000003,0,4,3,1,1.177710022777319,,189.3
1825,-4.300000000000001,0,4,3,1,1.177710022777319,,189.4
1826,-3.6,0,6,3,1,1.177710022777319,,189.5
1827,-4.300000000000001,0,4,3,1,1.177710022777319,,189.6
1828,-2.3000000000000003,0,4,3,1,1.177710022777319,,189.6
1829,-3.6000000000000005,0,6,3,1,1.177710022777319,,189.7
1830,-2.3000000000000003,0,4,3,1,1.177710022777319,,189.8
1831,-5.6000000000000005,0,6,3,1,1.177710022777319,,189.9
1832,-3.4000000000000004,0,5,4,1,1.177710022777319,,190.0
1833,-2.3000000000000003,0,4,3,1,1.177710022777319,,190.0
1834,-4.300000000000001,0,4,3,1,1.177710022777319,,190.1
1835,-4.300000000000001,0,4,3,1,1.177710022777319,,190.2
1836,-2.3000000000000003,0,4,3,1,1.177710022777319,,190.3
1837,-5.700000000000001,0,7,4,1,1.177710022777319,,190.4
1838,-4.300000000000001,0,4,3,1,1.177710022777319,,190.4
1839,-4.300000000000001,0,4,3,1,1.177710022777319,,190.5
1840,6.6,1,5,4,1,1.177710022777319,,190.6
1841,-4.300000000000001,0,4,3,1,1.177710022777319,,190.7
1842,-5.6000000000000005,0,6,3,1,1.177710022777319,,190.7
1843,-4.300000000000001,0,4,3,1,1.177710022777319,,190.8
1844,-2.3000000000000003,0,4,3,1,1.177710022777319,,190.8
1845,-4.300000000000001,0,4,3,1,1.177710022777319,,190.9
1846,-2.3000000000000003,0,4,3,1,1.177710022777319,,191.0
1847,-5.6000000000000005,0,6,3,1,1.177710022777319,,191.1
1848,-3.4000000000000004,0,5,4,1,1.177710022777319,,191.1
1849,-1.4000000000000001,0,5,4,1,1.177710022777319,,191.2
1850,6.6,1,5,4,1,1.177710022777319,,191.3
1851,-4.300000000000001,0,4,3,1,1.177710022777319,,191.4
1852,-0.30000000000000004,0,4,3,1,1.177710022777319,,191.5
1853,-4.300000000000001,0,4,3,1,1.177710022777319,,191.5
1854,-2.3000000000000003,0,4,3,1,1.177710022777319,,191.6
1855,-5.6000000000000005,0,6,3,1,1.177710022777319,,191.7
1856,-4.300000000000001,0,4,3,1,1.177710022777319,,191.8
1857,-4.300000000000001,0,4,3,1,1.177710022777319,,191.8
1858,-4.300000000000001,0,4,3,1,1.177710022777319,,191.9
1859,-4.300000000000001,0,4,3,1,1.177710022777319,,192.0
1860,-2.3000000000000003,0,4,3,1,1.177710022777319,,192.0
1861,-5.4,0,5,4,1,1.177710022777319,,192.1
1862,-4.300000000000001,0,4,3,1,1.177710022777319,,192.1
1863,-5.6000000000000005,0,6,3,1,1.177710022777319,,192.2
1864,-3.6000000000000005,0,6,3,1,1.177710022777319,,192.3
1865,-2.3000000000000003,0,4,3,1,1.177710022777319,,192.4
1866,-4.300000000000001,0,4,3,1,1.177710022777319,,192.5
1867,-4.300000000000001,0,4,3,1,1.177710022777319,,192.6
1868,-4.300000000000001,0,4,3,1,1.177710022777319,,192.6
1869,-4.300000000000001,0,4,3,1,1.177710022777319,,192.7
1870,-4.300000000000001,0,4,3,1,1.177710022777319,,192.8
1871,-4.9,0,8,3,1,1.177710022777319,,192.9
1872,-7.5,0,12,3,1,1.177710022777319,,193.0
1873,-2.3000000000000003,0,4,3,1,1.177710022777319,,193.1
1874,-2.3000000000000003,0,4,3,1,1.177710022777319,,193.1
1875,-5.6000000000000005,0,6,3,1,1.177710022777319,,193.2
1876,-4.300000000000001,0,4,3,1,1.177710022777319,,193.2
1877,-4.300000000000001,0,4,3,1,1.177710022777319,,193.3
1878,-3.4000000000000004,0,5,4,1,1.177710022777319,,193.3
1879,-0.30000000000000004,0,4,3,1,1.177710022777319,,193.4
1880,-4.300000000000001,0,4,3,1,1.177710022777319,,193.4
1881,-3.6,0,6,3,1,1.177710022777319,,193.5
1882,-4.300000000000001,0,4,3,1,1.177710022777319,,193.6
1883,-3.6000000000000005,0,6,3,1,1.177710022777319,,193.7
1884,-4.6,0,6,3,1,1.177710022777319,,193.8
1885,-2.3000000000000003,0,4,3,1,1.177710022777319,,193.9
1886,-4.300000000000001,0,4,3,1,1.177710022777319,,194.0
1887,-3.6,0,6,3,1,1.177710022777319,,194.0
1888,-4.300000000000001,0,4,3,1,1.177710022777319,,194.1
1889,-1.9000000000000001,0,8,3,1,1.177710022777319,,194.2
1890,-5.4,0,5,4,1,1.177710022777319,,194.3
1891,-4.6000000000000005,0,6,3,1,1.177710022777319,,194.4
1892,-2.3000000000000003,0,4,3,1,1.177710022777319,,194.4
1893,-4.300000000000001,0,4,3,1,1.177710022777319,,194.5
1894,-4.300000000000001,0,4,3,1,1.177710022777319,,194.6
1895,-4.300000000000001,0,4,3,1,1.177710022777319,,194.7
1896,-0.30000000000000004,0,4,3,1,1.177710022777319,,194.8
1897,-4.300000000000001,0,4,3,1,1.177710022777319,,194.9
1898,-4.300000000000001,0,4,3,1,1.177710022777319,,194.9
1899,-3.4000000000000004,0,5,4,1,1.177710022777319,,195.0
1900,-2.3000000000000003,0,4,3,1,1.177710022777319,,195.0
1901,-3.4000000000000004,0,5,4,1,1.177710022777319,,195.1
1902,-4.6000000000000005,0,6,3,1,1.177710022777319,,195.2
1903,-0.30000000000000004,0,4,3,1,1.177710022777319,,195.2
1904,-4.300000000000001,0,4,3,1,1.177710022777319,,195.3
1905,-2.3000000000000003,0,4,3,1,1.177710022777319,,195.4
1906,-4.300000000000001,0,4,3,1,1.177710022777319,,195.5
1907,-4.300000000000001,0,4,3,1,1.177710022777319,,195.5
1908,-4.300000000000001,0,4,3,1,1.177710022777319,,195.6
1909,-4.300000000000001,0,4,3,1,1.177710022777319,,195.7
1910,-5.4,0,5,4,1,1.177710022777319,,195.8
1911,-8.000000000000002,0,9,4,1,1.177710022777319,,195.9
1912,-5.4,0,5,4,1,1.177710022777319,,196.0
1913,-4.300000000000001,0,4,3,1,1.177710022777319,,196.0
1914,-4.300000000000001,0,4,3,1,1.177710022777319,,196.1
1915,-5.6000000000000005,0,6,3,1,1.177710022777319,,196.2
1916,-4.300000000000001,0,4,3,1,1.177710022777319,,196.3
1917,-4.300000000000001,0,4,3,1,1.177710022777319,,196.3
1918,-5.4,0,5,4,1,1.177710022777319,,196.4
1919,-4.300000000000001,0,4,3,1,1.177710022777319,,196.5
1920,-5.6000000000000005,0,6,3,1,1.177710022777319,,196.6
1921,-2.3000000000000003,0,4,3,1,1.177710022777319,,196.6
1922,-5.4,0,5,4,1,1.177710022777319,,196.7
1923,-4.300000000000001,0,4,3,1,1.177710022777319,,196.8
1924,-2.3000000000000003,0,4,3,1,1.177710022777319,,196.8
1925,-2.3000000000000003,0,4,3,1,1.177710022777319,,196.9
1926,-5.4,0,5,4,1,1.177710022777319,,197.0
1927,-4.300000000000001,0,4,3,1,1.177710022777319,,197.1
1928,-5.6000000000000005,0,6,3,1,1.177710022777319,,197.1
1929,-4.300000000000001,0,4,3,1,1.177710022777319,,197.2
1930,-3.6000000000000005,0,6,3,1,1.177710022777319,,197.3
1931,-5.4,0,5,4,1,1.177710022777319,,197.4
1932,-4.300000000000001,0,4,3,1,1.177710022777319,,197.5
1933,-4.300000000000001,0,4,3,1,1.177710022777319,,197.5
1934,-5.4,0,5,4,1,1.177710022777319,,197.6
1935,-5.6000000000000005,0,6,3,1,1.177710022777319,,197.7
1936,-4.300000000000001,0,4,3,1,1.177710022777319,,197.8
1937,-4.300000000000001,0,4,3,1,1.177710022777319,,197.8
1938,-5.4,0,5,4,1,1.177710022777319,,197.9
1939,-5.6000000000000005,0,6,3,1,1.177710022777319,,198.0
1940,-4.300000000000001,0,4,3,1,1.177710022777319,,198.0
1941,-0.30000000000000004,0,4,3,1,1.177710022777319,,198.1
1942,-5.4,0,5,4,1,1.177710022777319,,198.2
1943,-4.300000000000001,0,4,3,1,1.177710022777319,,198.2
1944,-4.300000000000001,0,4,3,1,1.177710022777319,,198.3
1945,-4.300000000000001,0,4,3,1,1.177710022777319,,198.4
1946,-4.6000000000000005,0,6,3,1,1.177710022777319,,198.4
1947,-4.6,0,6,3,1,1.177710022777319,,198.5
1948,-3.4000000000000004,0,5,4,1,1.177710022777319,,198.5
1949,-4.300000000000001,0,4,3,1,1.177710022777319,,198.6
1950,-4.300000000000001,0,4,3,1,1.177710022777319,,198.7
1951,-4.6,0,6,3,1,1.177710022777319,,198.8
1952,-4.300000000000001,0,4,3,1,1.177710022777319,,198.9
1953,-2.3000000000000003,0,4,3,1,1.177710022777319,,199.0
1954,-2.3000000000000003,0,4,3,1,1.177710022777319,,199.0
1955,-2.3000000000000003,0,4,3,1,1.177710022777319,,199.1
1956,-0.30000000000000004,0,4,3,1,1.177710022777319,,199.2
1957,-5.6000000000000005,0,6,3,1,1.177710022777319,,199.3
1958,-5.4,0,5,4,1,1.177710022777319,,199.3
1959,-2.3000000000000003,0,4,3,1,1.177710022777319,,199.4
1960,0.3999999999999999,0,6,3,1,1.177710022777319,,199.5
1961,-4.300000000000001,0,4,3,1,1.177710022777319,,199.6
1962,-5.4,0,5,4,1,1.177710022777319,,199.7
1963,-1.6,0,6,3,1,1.177710022777319,,199.8
1964,-4.6000000000000005,0,6,3,1,1.177710022777319,,199.9
1965,-4.300000000000001,0,4,3,1,1.177710022777319,,200.0
1966,-4.300000000000001,0,4,3,1,1.177710022777319,,200.0
1967,-3.6,0,6,3,1,1.177710022777319,,200.1
1968,-4.300000000000001,0,4,3,1,1.177710022777319,,200.2
1969,-2.3000000000000003,0,4,3,1,1.177710022777319,,200.3
1970,-4.300000000000001,0,4,3,1,1.177710022777319,,200.4
1971,-4.300000000000001,0,4,3,1,1.177710022777319,,200.4
1972,-4.300000000000001,0,4,3,1,1.177710022777319,,200.5
1973,-5.6000000000000005,0,6,3,1,1.177710022777319,,200.6
1974,-4.300000000000001,0,4,3,1,1.177710022777319,,200.7
1975,-1.9000000000000001,0,8,3,1,1.177710022777319,,200.8
1976,-2.3000000000000003,0,4,3,1,1.177710022777319,,200.9
1977,-6.700000000000001,0,7,4,1,1.177710022777319,,201.0
1978,-4.300000000000001,0,4,3,1,1.177710022777319,,201.0
1979,-4.6000000000000005,0,6,3,1,1.177710022777319,,201.1
1980,-5.4,0,5,4,1,1.177710022777319,,201.2
1981,-4.300000000000001,0,4,3,1,1.177710022777319,,201.3
1982,-4.300000000000001,0,4,3,1,1.177710022777319,,201.3
1983,-4.300000000000001,0,4,3,1,1.177710022777319,,201.4
1984,-6.700000000000001,0,7,4,1,1.177710022777319,,201.5
1985,-2.3000000000000003,0,4,3,1,1.177710022777319,,201.6
1986,-4.300000000000001,0,4,3,1,1.177710022777319,,201.7
1987,-2.3000000000000003,0,4,3,1,1.177710022777319,,201.7
1988,-4.300000000000001,0,4,3,1,1.177710022777319,,201.8
1989,-6.0,0,9,4,1,1.177710022777319,,201.9
1990,-4.300000000000001,0,4,3,1,1.177710022777319,,201.9
1991,-3.4000000000000004,0,5,4,1,1.177710022777319,,202.0
1992,-3.4000000000000004,0,5,4,1,1.177710022777319,,202.1
1993,-5.4,0,5,4,1,1.177710022777319,,202.2
1994,-4.300000000000001,0,4,3,1,1.177710022777319,,202.3
1995,-4.300000000000001,0,4,3,1,1.177710022777319,,202.4
1996,-5.6000000000000005,0,6,3,1,1.177710022777319,,202.5
1997,5.7,1,4,3,1,1.177710022777319,,202.6
1998,-4.300000000000001,0,4,3,1,1.177710022777319,,202.6
1999,-3.4000000000000004,0,5,4,1,1.177710022777319,,202.7
2000,-5.4,0,5,4,1,1.177710022777319,,202.8
2001,-4.300000000000001,0,4,3,1,1.177710022777319,,207.7
2002,-2.3000000000000003,0,4,3,1,1.177710022777319,,207.8
2003,-2.6,0,6,3,1,1.177710022777319,,207.9
2004,-4.300000000000001,0,4,3,1,1.177710022777319,,207.9
2005,-4.300000000000001,0,4,3,1,1.177710022777319,,208.0
2006,-4.300000000000001,0,4,3,1,1.177710022777319,,208.1
2007,-4.300000000000001,0,4,3,1,1.177710022777319,,208.1
2008,-4.300000000000001,0,4,3,1,1.177710022777319,,208.2
2009,-4.300000000000001,0,4,3,1,1.177710022777319,,208.2
2010,-4.300000000000001,0,4,3,1,1.177710022777319,,208.3
2011,-4.300000000000001,0,4,3,1,1.177710022777319,,208.4
2012,-2.3000000000000003,0,4,3,1,1.177710022777319,,208.5
2013,-4.300000000000001,0,4,3,1,1.177710022777319,,208.5
2014,-6.700000000000001,0,7,4,1,1.177710022777319,,208.6
2015,-5.4,0,5,4,1,1.177710022777319,,208.7
2016,-2.3000000000000003,0,4,3,1,1.177710022777319,,208.7
2017,-4.300000000000001,0,4,3,1,1.177710022777319,,208.8
2018,-3.6000000000000005,0,6,3,1,1.177710022777319,,209.0
2019,-5.4,0,5,4,1,1.177710022777319,,209.0
2020,-1.6,0,6,3,1,1.177710022777319,,209.1
2021,-2.3000000000000003,0,4,3,1,1.177710022777319,,209.2
2022,-1.6,0,6,3,1,1.177710022777319,,209.3
2023,-6.700000000000001,0,7,4,1,1.177710022777319,,209.4
2024,-3.4000000000000004,0,5,4,1,1.177710022777319,,209.5
2025,5.7,1,4,3,1,1.177710022777319,,209.5
2026,-3.6,0,6,3,1,1.177710022777319,,209.6
2027,-2.3000000000000003,0,4,3,1,1.177710022777319,,209.7
2028,-3.4000000000000004,0,5,4,1,1.177710022777319,,209.8
2029,-4.300000000000001,0,4,3,1,1.177710022777319,,209.8
2030,-2.3000000000000003,0,4,3,1,1.177710022777319,,209.9
2031,-5.4,0,5,4,1,1.177710022777319,,210.0
2032,-2.3000000000000003,0,4,3,1,1.177710022777319,,210.1
2033,-5.4,0,5,4,1,1.177710022777319,,210.2
2034,-5.4,0,5,4,1,1.177710022777319,,210.3
2035,-2.3000000000000003,0,4,3,1,1.177710022777319,,210.4
2036,-4.300000000000001,0,4,3,1,1.177710022777319,,210.4
2037,-3.4000000000000004,0,5,4,1,1.177710022777319,,210.5
2038,-6.9,0,8,3,1,1.177710022777319,,210.6
2039,-4.300000000000001,0,4,3,1,1.177710022777319,,210.7
2040,-4.300000000000001,0,4,3,1,1.177710022777319,,210.7
2041,-5.6000000000000005,0,6,3,1,1.177710022777319,,210.8
2042,-4.6000000000000005,0,6,3,1,1.177710022777319,,210.8
2043,-4.300000000000001,0,4,3,1,1.177710022777319,,210.9
2044,-5.4,0,5,4,1,1.177710022777319,,210.9
2045,-4.300000000000001,0,4,3,1,1.177710022777319,,211.0
2046,-4.300000000000001,0,4,3,1,1.177710022777319,,211.1
2047,-4.300000000000001,0,4,3,1,1.177710022777319,,211.2
2048,-2.3000000000000003,0,4,3,1,1.177710022777319,,211.3
2049,-4.300000000000001,0,4,3,1,1.177710022777319,,211.4
2050,-4.300000000000001,0,4,3,1,1.177710022777319,,211.4
2051,-4.300000000000001,0,4,3,1,1.177710022777319,,211.5
2052,-6.700000000000001,0,7,4,1,1.177710022777319,,211.6
2053,-5.4,0,5,4,1,1.177710022777319,,211.7
2054,-2.3000000000000003,0,4,3,1,1.177710022777319,,211.7
2055,-2.9000000000000004,0,8,3,1,1.177710022777319,,211.8
2056,-4.300000000000001,0,4,3,1,1.177710022777319,,211.9
2057,-3.4000000000000004,0,5,4,1,1.177710022777319,,212.0
2058,-6.300000000000001,0,11,4,1,1.177710022777319,,212.0
2059,-4.300000000000001,0,4,3,1,1.177710022777319,,212.1
2060,-2.3000000000000003,0,4,3,1,1.177710022777319,,212.2
2061,-4.300000000000001,0,4,3,1,1.177710022777319,,212.3
2062,-4.300000000000001,0,4,3,1,1.177710022777319,,212.4
2063,-4.300000000000001,0,4,3,1,1.177710022777319,,212.5
2064,-4.300000000000001,0,4,3,1,1.177710022777319,,212.5
2065,-2.3000000000000003,0,4,3,1,1.177710022777319,,212.6
2066,-4.300000000000001,0,4,3,1,1.177710022777319,,212.7
2067,-4.300000000000001,0,4,3,1,1.177710022777319,,212.8
2068,-5.4,0,5,4,1,1.177710022777319,,212.8
2069,-1.6,0,6,3,1,1.177710022777319,,212.9
2070,-4.300000000000001,0,4,3,1,1.177710022777319,,213.0
2071,-4.9,0,8,3,1,1.177710022777319,,213.1
2072,-4.6,0,6,3,1,1.177710022777319,,213.1
2073,-2.3000000000000003,0,4,3,1,1.177710022777319,,213.2
2074,-0.30000000000000004,0,4,3,1,1.177710022777319,,213.3
2075,-4.300000000000001,0,4,3,1,1.177710022777319,,213.3
2076,-2.3000000000000003,0,4,3,1,1.177710022777319,,213.4
2077,-4.300000000000001,0,4,3,1,1.177710022777319,,213.5
2078,-4.300000000000001,0,4,3,1,1.177710022777319,,213.6
2079,-4.300000000000001,0,4,3,1,1.177710022777319,,213.7
2080,-4.300000000000001,0,4,3,1,1.177710022777319,,213.8
2081,-4.300000000000001,0,4,3,1,1.177710022777319,,213.9
2082,-5.4,0,5,4,1,1.177710022777319,,214.0
2083,-4.300000000000001,0,4,3,1,1.177710022777319,,214.0
2084,-5.6000000000000005,0,6,3,1,1.177710022777319,,214.1
2085,-4.300000000000001,0,4,3,1,1.177710022777319,,214.2
2086,-4.300000000000001,0,4,3,1,1.177710022777319,,214.2
2087,-4.300000000000001,0,4,3,1,1.177710022777319,,214.3
2088,-4.300000000000001,0,4,3,1,1.177710022777319,,214.4
2089,-5.6000000000000005,0,6,3,1,1.177710022777319,,214.5
2090,-5.4,0,5,4,1,1.177710022777319,,214.6
2091,-4.300000000000001,0,4,3,1,1.177710022777319,,214.6
2092,-4.300000000000001,0,4,3,1,1.177710022777319,,214.7
2093,-2.6,0,6,3,1,1.177710022777319,,214.7
2094,5.7,1,4,3,1,1.177710022777319,,214.8
2095,-5.9,0,8,3,1,1.177710022777319,,214.9
2096,-4.300000000000001,0,4,3,1,1.177710022777319,,215.0
2097,-5.4,0,5,4,1,1.177710022777319,,215.0
2098,-5.6000000000000005,0,6,3,1,1.177710022777319,,215.1
2099,-4.300000000000001,0,4,3,1,1.177710022777319,,215.2
2100,-4.300000000000001,0,4,3,1,1.177710022777319,,215.3
2101,-4.300000000000001,0,4,3,1,1.177710022777319,,215.3
2102,-4.300000000000001,0,4,3,1,1.177710022777319,,215.4
2103,-4.300000000000001,0,4,3,1,1.177710022777319,,215.5
2104,-5.4,0,5,4,1,1.177710022777319,,215.5
2105,-4.300000000000001,0,4,3,1,1.177710022777319,,215.6
2106,-2.3000000000000003,0,4,3,1,1.177710022777319,,215.6
2107,-4.300000000000001,0,4,3,1,1.177710022777319,,215.7
2108,-4.300000000000001,0,4,3,1,1.177710022777319,,215.8
2109,-4.300000000000001,0,4,3,1,1.177710022777319,,215.9
2110,-2.3000000000000003,0,4,3,1,1.177710022777319,,216.0
2111,-2.3000000000000003,0,4,3,1,1.177710022777319,,216.0
2112,-4.300000000000001,0,4,3,1,1.177710022777319,,216.1
2113,-4.300000000000001,0,4,3,1,1.177710022777319,,216.1
2114,-4.300000000000001,0,4,3,1,1.177710022777319,,216.2
2115,-4.300000000000001,0,4,3,1,1.177710022777319,,216.3
2116,-4.300000000000001,0,4,3,1,1.177710022777319,,216.3
2117,-4.300000000000001,0,4,3,1,1.177710022777319,,216.4
2118,-4.300000000000001,0,4,3,1,1.177710022777319,,216.5
2119,-4.300000000000001,0,4,3,1,1.177710022777319,,216.6
2120,-4.300000000000001,0,4,3,1,1.177710022777319,,216.7
2121,-5.4,0,5,4,1,1.177710022777319,,216.8
2122,-4.300000000000001,0,4,3,1,1.177710022777319,,216.8
2123,-2.3000000000000003,0,4,3,1,1.177710022777319,,216.9
2124,-2.3000000000000003,0,4,3,1,1.177710022777319,,217.0
2125,-4.300000000000001,0,4,3,1,1.068334016483277,0.5305237895227037,217.6
2126,-4.300000000000001,0,4,3,1,1.068334016483277,,217.7
2127,-4.300000000000001,0,4,3,1,1.068334016483277,,217.8
2128,-5.4,0,5,4,1,1.068334016483277,,217.9
2129,-4.300000000000001,0,4,3,1,1.068334016483277,,217.9
2130,-0.30000000000000004,0,4,3,1,1.068334016483277,,218.0
2131,-5.6000000000000005,0,6,3,1,1.068334016483277,,218.1
2132,-2.3000000000000003,0,4,3,1,1.068334016483277,,218.1
2133,-2.6,0,6,3,1,1.068334016483277,,218.2
2134,-2.3000000000000003,0,4,3,1,1.068334016483277,,218.3
2135,-3.4000000000000004,0,5,4,1,1.068334016483277,,218.3
2136,-0.30000000000000004,0,4,3,1,1.068334016483277,,218.4
2137,-4.300000000000001,0,4,3,1,1.068334016483277,,218.5
2138,-3.4000000000000004,0,5,4,1,1.068334016483277,,218.5
2139,-4.300000000000001,0,4,3,1,1.068334016483277,,218.6
2140,-4.300000000000001,0,4,3,1,1.068334016483277,,218.7
2141,5.7,1,4,3,1,1.068334016483277,,218.7
2142,-2.3000000000000003,0,4,3,1,1.068334016483277,,218.8
2143,-4.700000000000001,0,7,4,1,1.068334016483277,,218.9
2144,-3.4000000000000004,0,5,4,1,1.068334016483277,,219.0
2145,-2.3000000000000003,0,4,3,1,1.068334016483277,,219.1
2146,-4.6000000000000005,0,6,3,1,1.068334016483277,,219.1
2147,-4.300000000000001,0,4,3,1,1.068334016483277,,219.2
2148,-5.6000000000000005,0,6,3,1,1.068334016483277,,219.3
2149,-4.300000000000001,0,4,3,1,1.068334016483277,,219.4
2150,-4.300000000000001,0,4,3,1,1.068334016483277,,219.4
2151,-4.300000000000001,0,4,3,1,1.068334016483277,,219.5
2152,-4.300000000000001,0,4,3,1,1.068334016483277,,219.6
2153,-0.30000000000000004,0,4,3,1,1.068334016483277,,219.7
2154,-4.300000000000001,0,4,3,1,1.068334016483277,,219.7
2155,-4.300000000000001,0,4,3,1,1.068334016483277,,219.8
2156,-2.3000000000000003,0,4,3,1,1.068334016483277,,219.9
2157,-4.300000000000001,0,4,3,1,1.068334016483277,,220.0
2158,-0.30000000000000004,0,4,3,1,1.068334016483277,,220.0
2159,-4.300000000000001,0,4,3,1,1.068334016483277,,220.1
2160,-3.7,0,7,4,1,1.068334016483277,,220.1
2161,-3.6000000000000005,0,6,3,1,1.068334016483277,,220.2
2162,-5.6000000000000005,0,6,3,1,1.068334016483277,,220.3
2163,-5.6000000000000005,0,6,3,1,1.068334016483277,,220.4
2164,-0.30000000000000004,0,4,3,1,1.068334016483277,,220.5
2165,-4.300000000000001,0,4,3,1,1.068334016483277,,220.5
2166,-4.300000000000001,0,4,3,1,1.068334016483277,,220.6
2167,-4.300000000000001,0,4,3,1,1.068334016483277,,220.6
2168,-0.30000000000000004,0,4,3,1,1.068334016483277,,220.7
2169,-4.300000000000001,0,4,3,1,1.068334016483277,,220.8
2170,-0.30000000000000004,0,4,3,1,1.068334016483277,,220.8
2171,-4.300000000000001,0,4,3,1,1.068334016483277,,220.9
2172,-4.300000000000001,0,4,3,1,1.068334016483277,,220.9
2173,5.7,1,4,3,1,1.068334016483277,,221.0
2174,-4.300000000000001,0,4,3,1,1.068334016483277,,221.1
2175,-2.3000000000000003,0,4,3,1,1.068334016483277,,221.2
2176,-5.4,0,5,4,1,1.068334016483277,,221.2
2177,-4.300000000000001,0,4,3,1,1.068334016483277,,221.3
2178,-4.300000000000001,0,4,3,1,1.068334016483277,,221.3
2179,-4.300000000000001,0,4,3,1,1.068334016483277,,221.4
2180,-6.9,0,8,3,1,1.068334016483277,,221.4
2181,-4.300000000000001,0,4,3,1,1.068334016483277,,221.5
2182,-4.300000000000001,0,4,3,1,1.068334016483277,,221.6
2183,-4.300000000000001,0,4,3,1,1.068334016483277,,221.6
2184,-4.300000000000001,0,4,3,1,1.068334016483277,,221.7
2185,-2.3000000000000003,0,4,3,1,1.068334016483277,,221.7
2186,-4.300000000000001,0,4,3,1,1.068334016483277,,221.8
2187,-4.300000000000001,0,4,3,1,1.068334016483277,,221.9
2188,-4.300000000000001,0,4,3,1,1.068334016483277,,222.0
2189,-0.30000000000000004,0,4,3,1,1.068334016483277,,222.1
2190,-4.300000000000001,0,4,3,1,1.068334016483277,,222.1
2191,-2.3000000000000003,0,4,3,1,1.068334016483277,,222.2
2192,-0.30000000000000004,0,4,3,1,1.068334016483277,,222.3
2193,-4.300000000000001,0,4,3,1,1.068334016483277,,222.4
2194,-4.300000000000001,0,4,3,1,1.068334016483277,,222.4
2195,-2.3000000000000003,0,4,3,1,1.068334016483277,,222.5
2196,-0.30000000000000004,0,4,3,1,1.068334016483277,,222.6
2197,-4.300000000000001,0,4,3,1,1.068334016483277,,222.7
2198,-2.3000000000000003,0,4,3,1,1.068334016483277,,222.8
2199,5.7,1,4,3,1,1.068334016483277,,222.8
2200,-4.300000000000001,0,4,3,1,1.068334016483277,,222.9
2201,-3.6000000000000005,0,6,3,1,1.068334016483277,,223.0
2202,-5.4,0,5,4,1,1.068334016483277,,223.1
2203,-4.300000000000001,0,4,3,1,1.068334016483277,,223.2
2204,-3.6000000000000005,0,6,3,1,1.068334016483277,,223.2
2205,-4.300000000000001,0,4,3,1,1.068334016483277,,223.3
2206,-2.6,0,6,3,1,1.068334016483277,,223.4
2207,-5.6000000000000005,0,6,3,1,1.068334016483277,,223.5
2208,-4.300000000000001,0,4,3,1,1.068334016483277,,223.5
2209,-4.300000000000001,0,4,3,1,1.068334016483277,,223.6
2210,-1.4000000000000001,0,5,4,1,1.068334016483277,,223.7
2211,-2.3000000000000003,0,4,3,1,1.068334016483277,,223.8
2212,-3.6000000000000005,0,6,3,1,1.068334016483277,,223.8
2213,-4.300000000000001,0,4,3,1,1.068334016483277,,223.9
2214,-4.300000000000001,0,4,3,1,1.068334016483277,,223.9
2215,-4.300000000000001,0,4,3,1,1.068334016483277,,224.0
2216,-2.3000000000000003,0,4,3,1,1.068334016483277,,224.1
2217,-4.300000000000001,0,4,3,1,1.068334016483277,,224.2
2218,-4.300000000000001,0,4,3,1,1.068334016483277,,224.2
2219,-2.3000000000000003,0,4,3,1,1.068334016483277,,224.3
2220,-0.30000000000000004,0,4,3,1,1.068334016483277,,224.4
2221,-4.6000000000000005,0,6,3,1,1.068334016483277,,224.5
2222,-2.3000000000000003,0,4,3,1,1.068334016483277,,224.5
2223,-6.200000000000001,0,10,3,1,1.068334016483277,,224.6
2224,-4.300000000000001,0,4,3,1,1.068334016483277,,224.7
2225,-2.3000000000000003,0,4,3,1,1.068334016483277,,224.7
2226,-5.6000000000000005,0,6,3,1,1.068334016483277,,224.8
2227,-4.300000000000001,0,4,3,1,1.068334016483277,,224.8
2228,-4.300000000000001,0,4,3,1,1.068334016483277,,224.9
2229,-4.300000000000001,0,4,3,1,1.068334016483277,,225.0
2230,-4.300000000000001,0,4,3,1,1.068334016483277,,225.1
2231,-2.3000000000000003,0,4,3,1,1.068334016483277,,225.2
2232,-4.6,0,6,3,1,1.068334016483277,,225.3
2233,-4.300000000000001,0,4,3,1,1.068334016483277,,225.4
2234,-3.4000000000000004,0,5,4,1,1.068334016483277,,225.4
2235,-2.3000000000000003,0,4,3,1,1.068334016483277,,225.5
2236,-0.30000000000000004,0,4,3,1,1.068334016483277,,225.6
2237,-0.30000000000000004,0,4,3,1,1.068334016483277,,225.6
2238,-4.300000000000001,0,4,3,1,1.068334016483277,,225.7
2239,-4.300000000000001,0,4,3,1,1.068334016483277,,225.7
2240,-0.30000000000000004,0,4,3,1,1.068334016483277,,225.8
2241,-4.300000000000001,0,4,3,1,1.068334016483277,,225.9
2242,-2.3000000000000003,0,4,3,1,1.068334016483277,,225.9
2243,5.7,1,4,3,1,1.068334016483277,,226.0
2244,-4.300000000000001,0,4,3,1,1.068334016483277,,226.1
2245,-4.300000000000001,0,4,3,1,1.068334016483277,,226.2
2246,-4.300000000000001,0,4,3,1,1.068334016483277,,226.2
2247,-0.30000000000000004,0,4,3,1,1.068334016483277,,226.3
2248,-4.300000000000001,0,4,3,1,1.068334016483277,,226.4
2249,-5.4,0,5,4,1,1.068334016483277,,226.5
2250,-1.4000000000000001,0,5,4,1,1.068334016483277,,226.6
2251,-1.6,0,6,3,1,1.068334016483277,,226.6
2252,-4.300000000000001,0,4,3,1,1.068334016483277,,226.7
2253,-5.4,0,5,4,1,1.068334016483277,,226.7
2254,-4.300000000000001,0,4,3,1,1.068334016483277,,226.8
2255,-4.300000000000001,0,4,3,1,1.068334016483277,,226.9
2256,-0.30000000000000004,0,4,3,1,1.068334016483277,,227.0
2257,-4.300000000000001,0,4,3,1,1.068334016483277,,227.1
2258,5.7,1,4,3,1,1.068334016483277,,227.2
2259,-4.300000000000001,0,4,3,1,1.068334016483277,,227.3
2260,-4.300000000000001,0,4,3,1,1.068334016483277,,227.4
2261,-2.3000000000000003,0,4,3,1,1.068334016483277,,227.5
2262,-2.3000000000000003,0,4,3,1,1.068334016483277,,227.5
2263,-4.300000000000001,0,4,3,1,1.068334016483277,,227.6
2264,-4.300000000000001,0,4,3,1,1.068334016483277,,227.7
2265,-4.300000000000001,0,4,3,1,1.068334016483277,,227.8
2266,-4.300000000000001,0,4,3,1,1.068334016483277,,227.8
2267,-4.300000000000001,0,4,3,1,1.068334016483277,,227.9
2268,-4.300000000000001,0,4,3,1,1.068334016483277,,228.0
2269,-5.6000000000000005,0,6,3,1,1.068334016483277,,228.1
2270,-4.300000000000001,0,4,3,1,1.068334016483277,,228.2
2271,-4.300000000000001,0,4,3,1,1.068334016483277,,228.3
2272,-4.300000000000001,0,4,3,1,1.068334016483277,,228.3
2273,-3.6000000000000005,0,6,3,1,1.068334016483277,,228.3
2274,-4.300000000000001,0,4,3,1,1.068334016483277,,228.4
2275,-4.300000000000001,0,4,3,1,1.068334016483277,,228.5
2276,-6.9,0,8,3,1,1.068334016483277,,228.5
2277,-4.7,0,7,4,1,1.068334016483277,,228.6
2278,-5.6000000000000005,0,6,3,1,1.068334016483277,,228.7
2279,-4.300000000000001,0,4,3,1,1.068334016483277,,228.8
2280,-4.300000000000001,0,4,3,1,1.068334016483277,,228.8
2281,-4.300000000000001,0,4,3,1,1.068334016483277,,228.9
2282,-5.7,0,7,4,1,1.068334016483277,,229.0
2283,-5.4,0,5,4,1,1.068334016483277,,229.1
2284,-3.6000000000000005,0,6,3,1,1.068334016483277,,229.2
2285,-4.300000000000001,0,4,3,1,1.068334016483277,,229.2
2286,-4.300000000000001,0,4,3,1,1.068334016483277,,229.3
2287,-4.300000000000001,0,4,3,1,1.068334016483277,,229.4
2288,-4.300000000000001,0,4,3,1,1.068334016483277,,229.5
2289,-4.300000000000001,0,4,3,1,1.068334016483277,,229.5
2290,-5.9,0,8,3,1,1.068334016483277,,229.6
2291,-4.6,0,6,3,1,1.068334016483277,,229.7
2292,-2.3000000000000003,0,4,3,1,1.068334016483277,,229.8
2293,-4.300000000000001,0,4,3,1,1.068334016483277,,229.9
2294,-2.3000000000000003,0,4,3,1,1.068334016483277,,230.0
2295,-4.300000000000001,0,4,3,1,1.068334016483277,,230.1
2296,-4.9,0,8,3,1,1.068334016483277,,230.2
2297,-2.3000000000000003,0,4,3,1,1.068334016483277,,230.2
2298,-2.3000000000000003,0,4,3,1,1.068334016483277,,230.3
2299,-4.300000000000001,0,4,3,1,1.068334016483277,,230.4
2300,-4.300000000000001,0,4,3,1,1.068334016483277,,230.4
2301,5.7,1,4,3,1,1.068334016483277,,230.5
2302,-4.300000000000001,0,4,3,1,1.068334016483277,,230.6
2303,-4.300000000000001,0,4,3,1,1.068334016483277,,230.6
2304,5.7,1,4,3,1,1.068334016483277,,230.7
2305,-4.300000000000001,0,4,3,1,1.068334016483277,,230.8
2306,-4.300000000000001,0,4,3,1,1.068334016483277,,230.8
2307,-4.300000000000001,0,4,3,1,1.068334016483277,,230.9
2308,-5.4,0,5,4,1,1.068334016483277,,231.0
2309,-4.300000000000001,0,4,3,1,1.068334016483277,,231.1
2310,-4.300000000000001,0,4,3,1,1.068334016483277,,231.1
2311,-4.300000000000001,0,4,3,1,1.068334016483277,,231.2
2312,-5.6000000000000005,0,6,3,1,1.068334016483277,,231.3
2313,-4.300000000000001,0,4,3,1,1.068334016483277,,231.4
2314,-4.300000000000001,0,4,3,1,1.068334016483277,,231.4
2315,-4.300000000000001,0,4,3,1,1.068334016483277,,231.5
2316,-4.300000000000001,0,4,3,1,1.068334016483277,,231.6
2317,-4.300000000000001,0,4,3,1,1.068334016483277,,231.6
2318,-4.300000000000001,0,4,3,1,1.068334016483277,,231.7
2319,-4.300000000000001,0,4,3,1,1.068334016483277,,231.8
2320,-0.30000000000000004,0,4,3,1,1.068334016483277,,231.8
2321,-5.6000000000000005,0,6,3,1,1.068334016483277,,231.9
2322,-4.300000000000001,0,4,3,1,1.068334016483277,,232.0
2323,-4.300000000000001,0,4,3,1,1.068334016483277,,232.1
2324,-2.3000000000000003,0,4,3,1,1.068334016483277,,232.2
2325,-4.300000000000001,0,4,3,1,1.068334016483277,,232.2
2326,-4.300000000000001,0,4,3,1,1.068334016483277,,232.3
2327,-2.3000000000000003,0,4,3,1,1.068334016483277,,232.4
2328,-4.300000000000001,0,4,3,1,1.068334016483277,,232.4
2329,-4.300000000000001,0,4,3,1,1.068334016483277,,232.5
2330,-4.300000000000001,0,4,3,1,1.068334016483277,,232.5
2331,-4.300000000000001,0,4,3,1,1.068334016483277,,232.6
2332,-2.3000000000000003,0,4,3,1,1.068334016483277,,232.7
2333,-5.6000000000000005,0,6,3,1,1.068334016483277,,232.8
2334,-0.30000000000000004,0,4,3,1,1.068334016483277,,232.9
2335,-5.6000000000000005,0,6,3,1,1.068334016483277,,233.0
2336,-4.300000000000001,0,4,3,1,1.068334016483277,,233.1
2337,-4.300000000000001,0,4,3,1,1.068334016483277,,233.1
2338,-4.300000000000001,0,4,3,1,1.068334016483277,,233.2
2339,-4.300000000000001,0,4,3,1,1.068334016483277,,233.3
2340,-4.300000000000001,0,4,3,1,1.068334016483277,,233.4
2341,-2.3000000000000003,0,4,3,1,1.068334016483277,,233.5
2342,-4.300000000000001,0,4,3,1,1.068334016483277,,233.5
2343,-4.300000000000001,0,4,3,1,1.068334016483277,,233.6
2344,-4.300000000000001,0,4,3,1,1.068334016483277,,233.7
2345,-4.300000000000001,0,4,3,1,1.068334016483277,,233.8
2346,-4.300000000000001,0,4,3,1,1.068334016483277,,233.9
2347,-2.3000000000000003,0,4,3,1,1.068334016483277,,233.9
2348,-4.300000000000001,0,4,3,1,1.068334016483277,,234.0
2349,-4.300000000000001,0,4,3,1,1.068334016483277,,234.1
2350,-4.300000000000001,0,4,3,1,1.068334016483277,,234.1
2351,-4.300000000000001,0,4,3,1,1.068334016483277,,234.2
2352,-4.300000000000001,0,4,3,1,1.068334016483277,,234.3
2353,-4.300000000000001,0,4,3,1,1.068334016483277,,234.4
2354,-4.300000000000001,0,4,3,1,1.068334016483277,,234.4
2355,-4.300000000000001,0,4,3,1,1.068334016483277,,234.5
2356,-2.3000000000000003,0,4,3,1,1.068334016483277,,234.6
2357,-4.300000000000001,0,4,3,1,1.068334016483277,,234.7
2358,-4.300000000000001,0,4,3,1,1.068334016483277,,234.7
2359,-2.3000000000000003,0,4,3,1,1.068334016483277,,234.8
2360,-0.30000000000000004,0,4,3,1,1.068334016483277,,234.9
2361,-4.300000000000001,0,4,3,1,1.068334016483277,,234.9
2362,-4.300000000000001,0,4,3,1,1.068334016483277,,235.0
2363,-0.30000000000000004,0,4,3,1,1.068334016483277,,235.1
2364,-4.300000000000001,0,4,3,1,1.068334016483277,,235.2
2365,-2.3000000000000003,0,4,3,1,1.068334016483277,,235.2
2366,-3.6000000000000005,0,6,3,1,1.068334016483277,,235.3
2367,-4.300000000000001,0,4,3,1,1.068334016483277,,235.4
2368,-5.4,0,5,4,1,1.068334016483277,,235.5
2369,-5.6000000000000005,0,6,3,1,1.068334016483277,,235.5
2370,-4.300000000000001,0,4,3,1,1.068334016483277,,235.6
2371,-4.300000000000001,0,4,3,1,1.068334016483277,,235.7
2372,-4.300000000000001,0,4,3,1,1.068334016483277,,235.8
2373,-2.3000000000000003,0,4,3,1,1.068334016483277,,235.8
2374,-4.300000000000001,0,4,3,1,1.068334016483277,,235.9
2375,-4.300000000000001,0,4,3,1,1.068334016483277,,236.0
2376,-4.300000000000001,0,4,3,1,1.068334016483277,,236.0
2377,-5.4,0,5,4,1,1.068334016483277,,236.1
2378,-4.300000000000001,0,4,3,1,1.068334016483277,,236.2
2379,-4.300000000000001,0,4,3,1,1.068334016483277,,236.3
2380,-4.300000000000001,0,4,3,1,1.068334016483277,,236.3
2381,-2.3000000000000003,0,4,3,1,1.068334016483277,,236.4
2382,-5.6000000000000005,0,6,3,1,1.068334016483277,,236.4
2383,-4.300000000000001,0,4,3,1,1.068334016483277,,236.5
2384,-4.300000000000001,0,4,3,1,1.068334016483277,,236.6
2385,-2.3000000000000003,0,4,3,1,1.068334016483277,,236.7
2386,-4.300000000000001,0,4,3,1,1.068334016483277,,236.7
2387,-4.300000000000001,0,4,3,1,1.068334016483277,,236.8
2388,-4.300000000000001,0,4,3,1,1.068334016483277,,236.9
2389,-2.3000000000000003,0,4,3,1,1.068334016483277,,237.0
2390,-4.300000000000001,0,4,3,1,1.068334016483277,,237.1
2391,-5.6000000000000005,0,6,3,1,1.068334016483277,,237.1
2392,-2.3000000000000003,0,4,3,1,1.068334016483277,,237.2
2393,-4.300000000000001,0,4,3,1,1.068334016483277,,237.3
2394,-4.9,0,8,3,1,1.068334016483277,,237.4
2395,-4.300000000000001,0,4,3,1,1.068334016483277,,237.5
2396,-4.300000000000001,0,4,3,1,1.068334016483277,,237.5
2397,-4.300000000000001,0,4,3,1,1.068334016483277,,237.6
2398,-4.300000000000001,0,4,3,1,1.068334016483277,,237.7
2399,-4.300000000000001,0,4,3,1,1.068334016483277,,237.7
2400,-4.300000000000001,0,4,3,1,1.068334016483277,,237.8
2401,-4.300000000000001,0,4,3,1,1.068334016483277,,237.9
2402,5.7,1,4,3,1,1.068334016483277,,237.9
2403,-4.300000000000001,0,4,3,1,1.068334016483277,,238.0
2404,-4.300000000000001,0,4,3,1,1.068334016483277,,238.0
2405,5.7,1,4,3,1,1.068334016483277,,238.1
2406,-4.300000000000001,0,4,3,1,1.068334016483277,,238.2
2407,-4.300000000000001,0,4,3,1,1.068334016483277,,238.3
2408,-2.3000000000000003,0,4,3,1,1.068334016483277,,238.3
2409,-4.300000000000001,0,4,3,1,1.068334016483277,,238.4
2410,-4.300000000000001,0,4,3,1,1.068334016483277,,238.5
2411,-2.3000000000000003,0,4,3,1,1.068334016483277,,238.6
2412,-2.3000000000000003,0,4,3,1,1.068334016483277,,238.7
2413,-2.3000000000000003,0,4,3,1,1.068334016483277,,238.7
2414,-4.300000000000001,0,4,3,1,1.068334016483277,,238.8
2415,-4.300000000000001,0,4,3,1,1.068334016483277,,238.8
2416,-4.300000000000001,0,4,3,1,1.068334016483277,,238.9
2417,-4.300000000000001,0,4,3,1,1.068334016483277,,238.9
2418,-4.300000000000001,0,4,3,1,1.068334016483277,,239.0
2419,-5.6000000000000005,0,6,3,1,1.068334016483277,,239.1
2420,-4.300000000000001,0,4,3,1,1.068334016483277,,239.2
2421,-4.300000000000001,0,4,3,1,1.068334016483277,,239.3
2422,-4.300000000000001,0,4,3,1,1.068334016483277,,239.3
2423,-4.300000000000001,0,4,3,1,1.068334016483277,,239.4
2424,-4.300000000000001,0,4,3,1,1.068334016483277,,239.4
2425,-4.300000000000001,0,4,3,1,1.068334016483277,,239.5
2426,-4.300000000000001,0,4,3,1,1.068334016483277,,239.5
2427,-4.300000000000001,0,4,3,1,1.068334016483277,,239.6
2428,-2.3000000000000003,0,4,3,1,1.068334016483277,,239.7
2429,-4.300000000000001,0,4,3,1,1.068334016483277,,239.8
2430,-4.300000000000001,0,4,3,1,1.068334016483277,,239.8
2431,-2.3000000000000003,0,4,3,1,1.068334016483277,,239.9
2432,-4.300000000000001,0,4,3,1,1.068334016483277,,240.0
2433,-4.300000000000001,0,4,3,1,1.068334016483277,,240.1
2434,-4.6,0,6,3,1,1.068334016483277,,240.2
2435,-4.300000000000001,0,4,3,1,1.068334016483277,,240.3
2436,-0.30000000000000004,0,4,3,1,1.068334016483277,,240.3
2437,-4.300000000000001,0,4,3,1,1.068334016483277,,240.4
2438,-2.3000000000000003,0,4,3,1,1.068334016483277,,240.5
2439,-4.300000000000001,0,4,3,1,1.068334016483277,,240.5
2440,-4.300000000000001,0,4,3,1,1.068334016483277,,240.6
2441,-4.300000000000001,0,4,3,1,1.068334016483277,,240.7
2442,-4.300000000000001,0,4,3,1,1.068334016483277,,240.8
2443,-4.300000000000001,0,4,3,1,1.068334016483277,,240.8
2444,-5.6000000000000005,0,6,3,1,1.068334016483277,,240.9
2445,-4.300000000000001,0,4,3,1,1.068334016483277,,241.0
2446,-4.6,0,6,3,1,1.068334016483277,,241.0
2447,-4.300000000000001,0,4,3,1,1.068334016483277,,241.1
2448,-5.6000000000000005,0,6,3,1,1.068334016483277,,241.2
2449,-0.30000000000000004,0,4,3,1,1.068334016483277,,241.2
2450,-4.300000000000001,0,4,3,1,1.068334016483277,,241.3
2451,-2.6,0,6,3,1,1.068334016483277,,241.4
2452,-2.3000000000000003,0,4,3,1,1.068334016483277,,241.4
2453,-0.30000000000000004,0,4,3,1,1.068334016483277,,241.5
2454,-4.300000000000001,0,4,3,1,1.068334016483277,,241.6
2455,-4.300000000000001,0,4,3,1,1.068334016483277,,241.7
2456,-0.30000000000000004,0,4,3,1,1.068334016483277,,241.7
2457,5.7,1,4,3,1,1.068334016483277,,241.8
2458,-4.300000000000001,0,4,3,1,1.068334016483277,,241.8
2459,-2.3000000000000003,0,4,3,1,1.068334016483277,,241.9
2460,-4.300000000000001,0,4,3,1,1.068334016483277,,241.9
2461,5.7,1,4,3,1,1.068334016483277,,242.0
2462,-4.300000000000001,0,4,3,1,1.068334016483277,,242.1
2463,-4.300000000000001,0,4,3,1,1.068334016483277,,242.2
2464,-4.300000000000001,0,4,3,1,1.068334016483277,,242.3
2465,5.7,1,4,3,1,1.068334016483277,,242.3
2466,5.7,1,4,3,1,1.068334016483277,,242.4
2467,-4.300000000000001,0,4,3,1,1.068334016483277,,242.4
2468,-4.300000000000001,0,4,3,1,1.068334016483277,,242.5
2469,-0.30000000000000004,0,4,3,1,1.068334016483277,,242.5
2470,-5.4,0,5,4,1,1.068334016483277,,242.6
2471,-4.300000000000001,0,4,3,1,1.068334016483277,,242.7
2472,-4.300000000000001,0,4,3,1,1.068334016483277,,242.8
2473,-1.6,0,6,3,1,1.068334016483277,,242.8
2474,-4.300000000000001,0,4,3,1,1.068334016483277,,242.9
2475,-4.300000000000001,0,4,3,1,1.068334016483277,,243.0
2476,-2.3000000000000003,0,4,3,1,1.068334016483277,,243.1
2477,-2.3000000000000003,0,4,3,1,1.068334016483277,,243.2
2478,-5.4,0,5,4,1,1.068334016483277,,243.2
2479,-4.300000000000001,0,4,3,1,1.068334016483277,,243.3
2480,-2.3000000000000003,0,4,3,1,1.068334016483277,,243.4
2481,-2.3000000000000003,0,4,3,1,1.068334016483277,,243.4
2482,-4.300000000000001,0,4,3,1,1.068334016483277,,243.5
2483,-2.3000000000000003,0,4,3,1,1.068334016483277,,243.6
2484,-4.300000000000001,0,4,3,1,1.068334016483277,,243.7
2485,-4.300000000000001,0,4,3,1,1.068334016483277,,243.7
2486,-5.4,0,5,4,1,1.068334016483277,,243.8
2487,-0.30000000000000004,0,4,3,1,1.068334016483277,,243.9
2488,-4.300000000000001,0,4,3,1,1.068334016483277,,244.0
2489,-4.300000000000001,0,4,3,1,1.068334016483277,,244.1
2490,-4.300000000000001,0,4,3,1,1.068334016483277,,244.2
2491,-4.300000000000001,0,4,3,1,1.068334016483277,,244.2
2492,-4.300000000000001,0,4,3,1,1.068334016483277,,244.3
2493,-4.300000000000001,0,4,3,1,1.068334016483277,,244.3
2494,-2.3000000000000003,0,4,3,1,1.068334016483277,,244.4
2495,-2.3000000000000003,0,4,3,1,1.068334016483277,,244.5
2496,-4.300000000000001,0,4,3,1,1.068334016483277,,244.5
2497,-4.300000000000001,0,4,3,1,1.068334016483277,,244.6
2498,-4.300000000000001,0,4,3,1,1.068334016483277,,244.7
2499,-4.300000000000001,0,4,3,1,1.068334016483277,,244.7
2500,-2.3000000000000003,0,4,3,1,1.068334016483277,,244.8
2501,-4.6,0,6,3,1,1.068334016483277,,249.9
2502,-4.300000000000001,0,4,3,1,1.068334016483277,,250.0
2503,-5.4,0,5,4,1,1.068334016483277,,250.0
2504,-4.300000000000001,0,4,3,1,1.068334016483277,,250.1
2505,-4.300000000000001,0,4,3,1,1.068334016483277,,250.2
2506,-4.300000000000001,0,4,3,1,1.068334016483277,,250.3
2507,-4.300000000000001,0,4,3,1,1.068334016483277,,250.3
2508,-4.300000000000001,0,4,3,1,1.068334016483277,,250.4
2509,-2.3000000000000003,0,4,3,1,1.068334016483277,,250.4
2510,-4.300000000000001,0,4,3,1,1.068334016483277,,250.5
2511,-4.300000000000001,0,4,3,1,1.068334016483277,,250.6
2512,-4.300000000000001,0,4,3,1,1.068334016483277,,250.7
2513,-4.300000000000001,0,4,3,1,1.068334016483277,,250.7
2514,-4.300000000000001,0,4,3,1,1.068334016483277,,250.8
2515,-2.3000000000000003,0,4,3,1,1.068334016483277,,250.8
2516,-4.300000000000001,0,4,3,1,1.068334016483277,,250.9
2517,-4.300000000000001,0,4,3,1,1.068334016483277,,251.0
2518,-4.300000000000001,0,4,3,1,1.068334016483277,,251.1
2519,-2.3000000000000003,0,4,3,1,1.068334016483277,,251.1
2520,-3.6,0,6,3,1,1.068334016483277,,251.2
2521,0.6000000000000001,0,5,4,1,1.068334016483277,,251.3
2522,-4.300000000000001,0,4,3,1,1.068334016483277,,251.3
2523,-4.300000000000001,0,4,3,1,1.068334016483277,,251.4
2524,-2.3000000000000003,0,4,3,1,1.068334016483277,,251.4
2525,-4.300000000000001,0,4,3,1,1.068334016483277,,251.5
2526,-4.300000000000001,0,4,3,1,1.068334016483277,,251.6
2527,-2.3000000000000003,0,4,3,1,1.068334016483277,,251.7
2528,-2.3000000000000003,0,4,3,1,1.068334016483277,,251.8
2529,-1.6,0,6,3,1,1.068334016483277,,251.9
2530,-4.300000000000001,0,4,3,1,1.068334016483277,,251.9
2531,-0.30000000000000004,0,4,3,1,1.068334016483277,,252.0
2532,-4.300000000000001,0,4,3,1,1.068334016483277,,252.1
2533,-2.3000000000000003,0,4,3,1,1.068334016483277,,252.1
2534,-4.300000000000001,0,4,3,1,1.068334016483277,,252.2
2535,-4.300000000000001,0,4,3,1,1.068334016483277,,252.2
2536,-4.300000000000001,0,4,3,1,1.068334016483277,,252.3
2537,-4.300000000000001,0,4,3,1,1.068334016483277,,252.4
2538,-4.300000000000001,0,4,3,1,1.068334016483277,,252.4
2539,-3.4000000000000004,0,5,4,1,1.068334016483277,,252.5
2540,-5.4,0,5,4,1,1.068334016483277,,252.6
2541,-4.300000000000001,0,4,3,1,1.068334016483277,,252.7
2542,-4.300000000000001,0,4,3,1,1.068334016483277,,252.8
2543,-4.300000000000001,0,4,3,1,1.068334016483277,,252.8
2544,-2.3000000000000003,0,4,3,1,1.068334016483277,,252.9
2545,-4.300000000000001,0,4,3,1,1.068334016483277,,253.0
2546,-4.300000000000001,0,4,3,1,1.068334016483277,,253.0
2547,-2.3000000000000003,0,4,3,1,1.068334016483277,,253.1
2548,-2.3000000000000003,0,4,3,1,1.068334016483277,,253.2
2549,-4.300000000000001,0,4,3,1,1.068334016483277,,253.3
2550,-2.3000000000000003,0,4,3,1,1.068334016483277,,253.4
2551,-4.300000000000001,0,4,3,1,1.068334016483277,,253.4
2552,-4.300000000000001,0,4,3,1,1.068334016483277,,253.5
2553,-4.300000000000001,0,4,3,1,1.068334016483277,,253.5
2554,-4.300000000000001,0,4,3,1,1.068334016483277,,253.6
2555,-4.300000000000001,0,4,3,1,1.068334016483277,,253.7
2556,-4.300000000000001,0,4,3,1,1.068334016483277,,253.7
2557,-2.3000000000000003,0,4,3,1,1.068334016483277,,253.8
2558,-4.300000000000001,0,4,3,1,1.068334016483277,,253.8
2559,-4.300000000000001,0,4,3,1,1.068334016483277,,253.9
2560,-2.3000000000000003,0,4,3,1,1.068334016483277,,253.9
2561,-3.4000000000000004,0,5,4,1,1.068334016483277,,254.0
2562,-3.6000000000000005,0,6,3,1,1.068334016483277,,254.1
2563,-5.6000000000000005,0,6,3,1,1.068334016483277,,254.2
2564,-4.300000000000001,0,4,3,1,1.068334016483277,,254.2
2565,-4.300000000000001,0,4,3,1,1.068334016483277,,254.3
2566,-2.3000000000000003,0,4,3,1,1.068334016483277,,254.4
2567,-2.6,0,6,3,1,1.068334016483277,,254.4
2568,-2.6,0,6,3,1,1.068334016483277,,254.5
2569,-4.300000000000001,0,4,3,1,1.068334016483277,,254.6
2570,-2.3000000000000003,0,4,3,1,1.068334016483277,,254.6
2571,-2.3000000000000003,0,4,3,1,1.068334016483277,,254.7
2572,-4.300000000000001,0,4,3,1,1.068334016483277,,254.8
2573,-4.300000000000001,0,4,3,1,1.068334016483277,,254.9
2574,-4.300000000000001,0,4,3,1,1.068334016483277,,255.0
2575,-4.300000000000001,0,4,3,1,1.068334016483277,,255.1
2576,-2.3000000000000003,0,4,3,1,1.068334016483277,,255.1
2577,-4.300000000000001,0,4,3,1,1.068334016483277,,255.2
2578,-4.300000000000001,0,4,3,1,1.068334016483277,,255.3
2579,-4.300000000000001,0,4,3,1,1.068334016483277,,255.3
2580,-4.300000000000001,0,4,3,1,1.068334016483277,,255.4
2581,-3.4000000000000004,0,5,4,1,1.068334016483277,,255.5
2582,-4.300000000000001,0,4,3,1,1.068334016483277,,255.6
2583,-2.3000000000000003,0,4,3,1,1.068334016483277,,255.6
2584,-4.300000000000001,0,4,3,1,1.068334016483277,,255.7
2585,-4.300000000000001,0,4,3,1,1.068334016483277,,255.8
2586,-4.300000000000001,0,4,3,1,1.068334016483277,,255.8
2587,-4.300000000000001,0,4,3,1,1.068334016483277,,255.9
2588,-4.300000000000001,0,4,3,1,1.068334016483277,,256.0
2589,-4.300000000000001,0,4,3,1,1.068334016483277,,256.1
2590,-4.300000000000001,0,4,3,1,1.068334016483277,,256.1
2591,-4.300000000000001,0,4,3,1,1.068334016483277,,256.2
2592,-4.300000000000001,0,4,3,1,1.068334016483277,,256.2
2593,-4.300000000000001,0,4,3,1,1.068334016483277,,256.3
2594,-5.6000000000000005,0,6,3,1,1.068334016483277,,256.4
2595,-4.300000000000001,0,4,3,1,1.068334016483277,,256.4
2596,-4.300000000000001,0,4,3,1,1.068334016483277,,256.5
2597,5.7,1,4,3,1,1.068334016483277,,256.6
2598,-5.7,0,7,4,1,1.068334016483277,,256.6
2599,-5.4,0,5,4,1,0.982409882824868,0.7096074206056073,257.3
2600,-4.300000000000001,0,4,3,1,0.982409882824868,,257.3
2601,-4.300000000000001,0,4,3,1,0.982409882824868,,257.4
2602,-4.6000000000000005,0,6,3,1,0.982409882824868,,257.4
2603,-4.300000000000001,0,4,3,1,0.982409882824868,,257.5
2604,-0.30000000000000004,0,4,3,1,0.982409882824868,,257.6
2605,-4.300000000000001,0,4,3,1,0.982409882824868,,257.6
2606,5.7,1,4,3,1,0.982409882824868,,257.7
2607,-2.3000000000000003,0,4,3,1,0.982409882824868,,257.7
2608,-4.300000000000001,0,4,3,1,0.982409882824868,,257.8
2609,-0.30000000000000004,0,4,3,1,0.982409882824868,,257.9
2610,-4.300000000000001,0,4,3,1,0.982409882824868,,258.0
2611,-4.6,0,6,3,1,0.982409882824868,,258.0
2612,-2.3000000000000003,0,4,3,1,0.982409882824868,,258.1
2613,-0.30000000000000004,0,4,3,1,0.982409882824868,,258.1
2614,-5.6000000000000005,0,6,3,1,0.982409882824868,,258.2
2615,-4.300000000000001,0,4,3,1,0.982409882824868,,258.3
2616,-2.3000000000000003,0,4,3,1,0.982409882824868,,258.3
2617,-4.300000000000001,0,4,3,1,0.982409882824868,,258.4
2618,-4.300000000000001,0,4,3,1,0.982409882824868,,258.5
2619,-4.300000000000001,0,4,3,1,0.982409882824868,,258.5
2620,-2.3000000000000003,0,4,3,1,0.982409882824868,,258.6
2621,-4.300000000000001,0,4,3,1,0.982409882824868,,258.7
2622,-2.3000000000000003,0,4,3,1,0.982409882824868,,258.7
2623,-4.300000000000001,0,4,3,1,0.982409882824868,,258.8
2624,5.7,1,4,3,1,0.982409882824868,,258.8
2625,-4.300000000000001,0,4,3,1,0.982409882824868,,258.9
2626,-4.300000000000001,0,4,3,1,0.982409882824868,,258.9
2627,-4.300000000000001,0,4,3,1,0.982409882824868,,259.0
2628,-4.300000000000001,0,4,3,1,0.982409882824868,,259.1
2629,-4.300000000000001,0,4,3,1,0.982409882824868,,259.2
2630,-5.4,0,5,4,1,0.982409882824868,,259.3
2631,-2.3000000000000003,0,4,3,1,0.982409882824868,,259.3
2632,-4.300000000000001,0,4,3,1,0.982409882824868,,259.4
2633,-4.300000000000001,0,4,3,1,0.982409882824868,,259.5
2634,-4.300000000000001,0,4,3,1,0.982409882824868,,259.6
2635,-4.300000000000001,0,4,3,1,0.982409882824868,,259.7
2636,-4.300000000000001,0,4,3,1,0.982409882824868,,259.8
2637,-4.300000000000001,0,4,3,1,0.982409882824868,,259.8
2638,-4.300000000000001,0,4,3,1,0.982409882824868,,259.9
2639,-4.300000000000001,0,4,3,1,0.982409882824868,,260.0
2640,-4.300000000000001,0,4,3,1,0.982409882824868,,260.0
2641,-3.6000000000000005,0,6,3,1,0.982409882824868,,260.2
2642,-4.300000000000001,0,4,3,1,0.982409882824868,,260.2
2643,-4.300000000000001,0,4,3,1,0.982409882824868,,260.2
2644,-4.300000000000001,0,4,3,1,0.982409882824868,,260.3
2645,5.7,1,4,3,1,0.982409882824868,,260.4
2646,-4.300000000000001,0,4,3,1,0.982409882824868,,260.5
2647,-4.300000000000001,0,4,3,1,0.982409882824868,,260.5
2648,5.7,1,4,3,1,0.982409882824868,,260.6
2649,-4.300000000000001,0,4,3,1,0.982409882824868,,260.6
2650,-4.300000000000001,0,4,3,1,0.982409882824868,,260.7
2651,-4.300000000000001,0,4,3,1,0.982409882824868,,260.8
2652,-4.300000000000001,0,4,3,1,0.982409882824868,,260.9
2653,-4.300000000000001,0,4,3,1,0.982409882824868,,260.9
2654,-0.30000000000000004,0,4,3,1,0.982409882824868,,261.0
2655,-4.300000000000001,0,4,3,1,0.982409882824868,,261.1
2656,-0.30000000000000004,0,4,3,1,0.982409882824868,,261.1
2657,-4.300000000000001,0,4,3,1,0.982409882824868,,261.2
2658,-4.300000000000001,0,4,3,1,0.982409882824868,,261.3
2659,-2.3000000000000003,0,4,3,1,0.982409882824868,,261.3
2660,-4.300000000000001,0,4,3,1,0.982409882824868,,261.4
2661,-4.300000000000001,0,4,3,1,0.982409882824868,,261.5
2662,-2.3000000000000003,0,4,3,1,0.982409882824868,,261.6
2663,-2.3000000000000003,0,4,3,1,0.982409882824868,,261.6
2664,-4.300000000000001,0,4,3,1,0.982409882824868,,261.7
2665,-0.30000000000000004,0,4,3,1,0.982409882824868,,261.7
2666,-4.300000000000001,0,4,3,1,0.982409882824868,,261.8
2667,-4.300000000000001,0,4,3,1,0.982409882824868,,261.8
2668,-4.300000000000001,0,4,3,1,0.982409882824868,,261.9
2669,-4.300000000000001,0,4,3,1,0.982409882824868,,262.0
2670,-4.300000000000001,0,4,3,1,0.982409882824868,,262.1
2671,-4.300000000000001,0,4,3,1,0.982409882824868,,262.1
2672,-0.30000000000000004,0,4,3,1,0.982409882824868,,262.2
2673,-2.3000000000000003,0,4,3,1,0.982409882824868,,262.2
2674,-2.3000000000000003,0,4,3,1,0.982409882824868,,262.3
2675,-2.3000000000000003,0,4,3,1,0.982409882824868,,262.3
2676,-0.30000000000000004,0,4,3,1,0.982409882824868,,262.4
2677,-4.300000000000001,0,4,3,1,0.982409882824868,,262.5
2678,-4.300000000000001,0,4,3,1,0.982409882824868,,262.6
2679,-4.300000000000001,0,4,3,1,0.982409882824868,,262.7
2680,-2.6,0,6,3,1,0.982409882824868,,262.7
2681,-4.300000000000001,0,4,3,1,0.982409882824868,,262.8
2682,-4.300000000000001,0,4,3,1,0.982409882824868,,262.9
2683,-4.300000000000001,0,4,3,1,0.982409882824868,,263.0
2684,-3.6,0,6,3,1,0.982409882824868,,263.1
2685,-4.300000000000001,0,4,3,1,0.982409882824868,,263.1
2686,-2.3000000000000003,0,4,3,1,0.982409882824868,,263.2
2687,-4.300000000000001,0,4,3,1,0.982409882824868,,263.2
2688,-2.3000000000000003,0,4,3,1,0.982409882824868,,263.3
2689,-4.300000000000001,0,4,3,1,0.982409882824868,,263.4
2690,-4.300000000000001,0,4,3,1,0.982409882824868,,263.4
2691,-4.300000000000001,0,4,3,1,0.982409882824868,,263.5
2692,5.7,1,4,3,1,0.982409882824868,,263.5
2693,-2.3000000000000003,0,4,3,1,0.982409882824868,,263.6
2694,-2.3000000000000003,0,4,3,1,0.982409882824868,,263.7
2695,5.7,1,4,3,1,0.982409882824868,,263.7
2696,-1.6,0,6,3,1,0.982409882824868,,263.8
2697,-4.300000000000001,0,4,3,1,0.982409882824868,,263.9
2698,-2.3000000000000003,0,4,3,1,0.982409882824868,,263.9
2699,-4.300000000000001,0,4,3,1,0.982409882824868,,264.0
2700,-4.300000000000001,0,4,3,1,0.982409882824868,,264.1
2701,-4.300000000000001,0,4,3,1,0.982409882824868,,264.1
2702,-4.300000000000001,0,4,3,1,0.982409882824868,,264.2
2703,-4.300000000000001,0,4,3,1,0.982409882824868,,264.3
2704,-4.300000000000001,0,4,3,1,0.982409882824868,,264.3
2705,-4.300000000000001,0,4,3,1,0.982409882824868,,264.4
2706,-0.30000000000000004,0,4,3,1,0.982409882824868,,264.4
2707,-4.300000000000001,0,4,3,1,0.982409882824868,,264.5
2708,-4.300000000000001,0,4,3,1,0.982409882824868,,264.6
2709,-4.6000000000000005,0,6,3,1,0.982409882824868,,264.7
2710,-4.300000000000001,0,4,3,1,0.982409882824868,,264.7
2711,-0.30000000000000004,0,4,3,1,0.982409882824868,,264.8
2712,-4.300000000000001,0,4,3,1,0.982409882824868,,264.9
2713,-0.30000000000000004,0,4,3,1,0.982409882824868,,264.9
2714,-0.30000000000000004,0,4,3,1,0.982409882824868,,265.0
2715,-4.300000000000001,0,4,3,1,0.982409882824868,,265.1
2716,-0.30000000000000004,0,4,3,1,0.982409882824868,,265.2
2717,-0.30000000000000004,0,4,3,1,0.982409882824868,,265.2
2718,-2.3000000000000003,0,4,3,1,0.982409882824868,,265.3
2719,-4.300000000000001,0,4,3,1,0.982409882824868,,265.5
2720,-4.300000000000001,0,4,3,1,0.982409882824868,,265.5
2721,-2.3000000000000003,0,4,3,1,0.982409882824868,,265.6
2722,-4.300000000000001,0,4,3,1,0.982409882824868,,265.6
2723,-4.300000000000001,0,4,3,1,0.982409882824868,,265.7
2724,-4.300000000000001,0,4,3,1,0.982409882824868,,265.8
2725,-4.300000000000001,0,4,3,1,0.982409882824868,,265.8
2726,-3.6000000000000005,0,6,3,1,0.982409882824868,,265.9
2727,-4.300000000000001,0,4,3,1,0.982409882824868,,266.0
2728,-4.300000000000001,0,4,3,1,0.982409882824868,,266.1
2729,-4.300000000000001,0,4,3,1,0.982409882824868,,266.1
2730,-4.300000000000001,0,4,3,1,0.982409882824868,,266.2
2731,-0.30000000000000004,0,4,3,1,0.982409882824868,,266.3
2732,-4.300000000000001,0,4,3,1,0.982409882824868,,266.4
2733,-4.300000000000001,0,4,3,1,0.982409882824868,,266.4
2734,-4.300000000000001,0,4,3,1,0.982409882824868,,266.5
2735,-4.300000000000001,0,4,3,1,0.982409882824868,,266.5
2736,-4.300000000000001,0,4,3,1,0.982409882824868,,266.5
2737,-4.300000000000001,0,4,3,1,0.982409882824868,,266.6
2738,-5.6000000000000005,0,6,3,1,0.982409882824868,,266.7
2739,-4.300000000000001,0,4,3,1,0.982409882824868,,266.7
2740,-0.30000000000000004,0,4,3,1,0.982409882824868,,266.8
2741,-4.300000000000001,0,4,3,1,0.982409882824868,,266.8
2742,-2.3000000000000003,0,4,3,1,0.982409882824868,,266.9
2743,-2.3000000000000003,0,4,3,1,0.982409882824868,,267.0
2744,-2.3000000000000003,0,4,3,1,0.982409882824868,,267.0
2745,-4.300000000000001,0,4,3,1,0.982409882824868,,267.1
2746,-0.30000000000000004,0,4,3,1,0.982409882824868,,267.2
2747,-2.3000000000000003,0,4,3,1,0.982409882824868,,267.2
2748,-3.4000000000000004,0,5,4,1,0.982409882824868,,267.3
2749,-4.300000000000001,0,4,3,1,0.982409882824868,,267.4
2750,-4.300000000000001,0,4,3,1,0.982409882824868,,267.5
2751,-4.300000000000001,0,4,3,1,0.982409882824868,,267.6
2752,-4.300000000000001,0,4,3,1,0.982409882824868,,267.7
2753,-0.30000000000000004,0,4,3,1,0.982409882824868,,267.8
2754,-2.3000000000000003,0,4,3,1,0.982409882824868,,267.8
2755,-4.300000000000001,0,4,3,1,0.982409882824868,,267.9
2756,-4.300000000000001,0,4,3,1,0.982409882824868,,267.9
2757,-1.6,0,6,3,1,0.982409882824868,,268.0
2758,-4.300000000000001,0,4,3,1,0.982409882824868,,268.1
2759,-4.300000000000001,0,4,3,1,0.982409882824868,,268.2
2760,-0.30000000000000004,0,4,3,1,0.982409882824868,,268.2
2761,-4.300000000000001,0,4,3,1,0.982409882824868,,268.3
2762,-4.300000000000001,0,4,3,1,0.982409882824868,,268.4
2763,-4.300000000000001,0,4,3,1,0.982409882824868,,268.4
2764,-4.300000000000001,0,4,3,1,0.982409882824868,,268.5
2765,-2.3000000000000003,0,4,3,1,0.982409882824868,,268.6
2766,-2.3000000000000003,0,4,3,1,0.982409882824868,,268.7
2767,-4.300000000000001,0,4,3,1,0.982409882824868,,268.7
2768,-4.300000000000001,0,4,3,1,0.982409882824868,,268.8
2769,-4.300000000000001,0,4,3,1,0.982409882824868,,268.9
2770,-4.300000000000001,0,4,3,1,0.982409882824868,,268.9
2771,-2.3000000000000003,0,4,3,1,0.982409882824868,,269.0
2772,-4.300000000000001,0,4,3,1,0.982409882824868,,269.1
2773,-5.6000000000000005,0,6,3,1,0.982409882824868,,269.2
2774,-4.300000000000001,0,4,3,1,0.982409882824868,,269.2
2775,-4.300000000000001,0,4,3,1,0.982409882824868,,269.3
2776,-4.300000000000001,0,4,3,1,0.982409882824868,,269.4
2777,-4.300000000000001,0,4,3,1,0.982409882824868,,269.5
2778,-2.9000000000000004,0,8,3,1,0.982409882824868,,269.6
2779,-4.300000000000001,0,4,3,1,0.982409882824868,,269.6
2780,-4.300000000000001,0,4,3,1,0.982409882824868,,269.7
2781,-2.3000000000000003,0,4,3,1,0.982409882824868,,269.8
2782,-4.300000000000001,0,4,3,1,0.982409882824868,,269.8
2783,-4.300000000000001,0,4,3,1,0.982409882824868,,269.9
2784,-2.3000000000000003,0,4,3,1,0.982409882824868,,270.0
2785,-5.4,0,5,4,1,0.982409882824868,,270.0
2786,5.7,1,4,3,1,0.982409882824868,,270.1
2787,-4.300000000000001,0,4,3,1,0.982409882824868,,270.1
2788,-0.30000000000000004,0,4,3,1,0.982409882824868,,270.2
2789,-4.300000000000001,0,4,3,1,0.982409882824868,,270.2
2790,-3.6000000000000005,0,6,3,1,0.982409882824868,,270.3
2791,5.7,1,4,3,1,0.982409882824868,,270.3
2792,-4.300000000000001,0,4,3,1,0.982409882824868,,270.4
2793,-4.300000000000001,0,4,3,1,0.982409882824868,,270.4
2794,-0.30000000000000004,0,4,3,1,0.982409882824868,,270.5
2795,-5.6000000000000005,0,6,3,1,0.982409882824868,,270.6
2796,-4.300000000000001,0,4,3,1,0.982409882824868,,270.7
2797,-4.300000000000001,0,4,3,1,0.982409882824868,,270.8
2798,-4.300000000000001,0,4,3,1,0.982409882824868,,270.8
2799,-4.300000000000001,0,4,3,1,0.982409882824868,,270.9
2800,-4.300000000000001,0,4,3,1,0.982409882824868,,270.9
2801,-4.300000000000001,0,4,3,1,0.982409882824868,,271.0
2802,-4.300000000000001,0,4,3,1,0.982409882824868,,271.0
2803,-2.3000000000000003,0,4,3,1,0.982409882824868,,271.1
2804,-4.300000000000001,0,4,3,1,0.982409882824868,,271.1
2805,-2.3000000000000003,0,4,3,1,0.982409882824868,,271.2
2806,-3.6000000000000005,0,6,3,1,0.982409882824868,,271.3
2807,-4.300000000000001,0,4,3,1,0.982409882824868,,271.4
2808,-4.300000000000001,0,4,3,1,0.982409882824868,,271.5
2809,-3.6,0,6,3,1,0.982409882824868,,271.5
2810,-0.30000000000000004,0,4,3,1,0.982409882824868,,271.6
2811,-4.300000000000001,0,4,3,1,0.982409882824868,,271.7
2812,-2.3000000000000003,0,4,3,1,0.982409882824868,,271.7
2813,-4.300000000000001,0,4,3,1,0.982409882824868,,271.8
2814,-4.300000000000001,0,4,3,1,0.982409882824868,,271.8
2815,-4.300000000000001,0,4,3,1,0.982409882824868,,271.9
2816,-4.300000000000001,0,4,3,1,0.982409882824868,,271.9
2817,-2.9000000000000004,0,8,3,1,0.982409882824868,,272.0
2818,-2.3000000000000003,0,4,3,1,0.982409882824868,,272.1
2819,-4.300000000000001,0,4,3,1,0.982409882824868,,272.2
2820,-0.30000000000000004,0,4,3,1,0.982409882824868,,272.2
2821,-4.300000000000001,0,4,3,1,0.982409882824868,,272.2
2822,-4.300000000000001,0,4,3,1,0.982409882824868,,272.4
2823,-4.300000000000001,0,4,3,1,0.982409882824868,,272.4
2824,-4.9,0,8,3,1,0.982409882824868,,272.5
2825,-4.300000000000001,0,4,3,1,0.982409882824868,,272.6
2826,-4.300000000000001,0,4,3,1,0.982409882824868,,272.6
2827,-4.300000000000001,0,4,3,1,0.982409882824868,,272.7
2828,-4.300000000000001,0,4,3,1,0.982409882824868,,272.8
2829,-2.3000000000000003,0,4,3,1,0.982409882824868,,272.8
2830,-2.3000000000000003,0,4,3,1,0.982409882824868,,272.9
2831,-4.300000000000001,0,4,3,1,0.982409882824868,,273.0
2832,-0.30000000000000004,0,4,3,1,0.982409882824868,,273.1
2833,-5.4,0,5,4,1,0.982409882824868,,273.1
2834,-2.3000000000000003,0,4,3,1,0.982409882824868,,273.2
2835,-4.300000000000001,0,4,3,1,0.982409882824868,,273.3
2836,-0.30000000000000004,0,4,3,1,0.982409882824868,,273.4
2837,-4.300000000000001,0,4,3,1,0.982409882824868,,273.4
2838,-4.300000000000001,0,4,3,1,0.982409882824868,,273.5
2839,-2.3000000000000003,0,4,3,1,0.982409882824868,,273.6
2840,-2.3000000000000003,0,4,3,1,0.982409882824868,,273.7
2841,-4.300000000000001,0,4,3,1,0.982409882824868,,273.7
2842,-4.300000000000001,0,4,3,1,0.982409882824868,,273.8
2843,-4.300000000000001,0,4,3,1,0.982409882824868,,273.9
2844,-2.3000000000000003,0,4,3,1,0.982409882824868,,274.0
2845,-5.6000000000000005,0,6,3,1,0.982409882824868,,274.1
2846,-4.300000000000001,0,4,3,1,0.982409882824868,,274.2
2847,-4.300000000000001,0,4,3,1,0.982409882824868,,274.2
2848,-0.30000000000000004,0,4,3,1,0.982409882824868,,274.3
2849,-2.3000000000000003,0,4,3,1,0.982409882824868,,274.3
2850,-4.300000000000001,0,4,3,1,0.982409882824868,,274.4
2851,-4.9,0,8,3,1,0.982409882824868,,274.5
2852,-4.300000000000001,0,4,3,1,0.982409882824868,,274.6
2853,-4.300000000000001,0,4,3,1,0.982409882824868,,274.6
2854,-4.300000000000001,0,4,3,1,0.982409882824868,,274.6
2855,-4.300000000000001,0,4,3,1,0.982409882824868,,274.7
2856,-4.300000000000001,0,4,3,1,0.982409882824868,,274.8
2857,-4.300000000000001,0,4,3,1,0.982409882824868,,274.8
2858,-4.300000000000001,0,4,3,1,0.982409882824868,,274.9
2859,-2.3000000000000003,0,4,3,1,0.982409882824868,,275.0
2860,5.7,1,4,3,1,0.982409882824868,,275.0
2861,-4.300000000000001,0,4,3,1,0.982409882824868,,275.1
2862,-4.300000000000001,0,4,3,1,0.982409882824868,,275.1
2863,-4.300000000000001,0,4,3,1,0.982409882824868,,275.2
2864,-4.300000000000001,0,4,3,1,0.982409882824868,,275.3
2865,-4.300000000000001,0,4,3,1,0.982409882824868,,275.4
2866,-4.300000000000001,0,4,3,1,0.982409882824868,,275.5
2867,5.7,1,4,3,1,0.982409882824868,,275.5
2868,-0.30000000000000004,0,4,3,1,0.982409882824868,,275.6
2869,-4.300000000000001,0,4,3,1,0.982409882824868,,275.7
2870,-4.300000000000001,0,4,3,1,0.982409882824868,,275.7
2871,-2.3000000000000003,0,4,3,1,0.982409882824868,,275.8
2872,5.7,1,4,3,1,0.982409882824868,,275.9
2873,-4.300000000000001,0,4,3,1,0.982409882824868,,275.9
2874,-4.300000000000001,0,4,3,1,0.982409882824868,,275.9
2875,-4.300000000000001,0,4,3,1,0.982409882824868,,276.0
2876,-4.300000000000001,0,4,3,1,0.982409882824868,,276.1
2877,-2.3000000000000003,0,4,3,1,0.982409882824868,,276.2
2878,-4.300000000000001,0,4,3,1,0.982409882824868,,276.3
2879,-3.4000000000000004,0,5,4,1,0.982409882824868,,276.4
2880,-2.6,0,6,3,1,0.982409882824868,,276.5
2881,-4.300000000000001,0,4,3,1,0.982409882824868,,276.6
2882,-2.3000000000000003,0,4,3,1,0.982409882824868,,276.7
2883,-5.6000000000000005,0,6,3,1,0.982409882824868,,276.8
2884,-2.3000000000000003,0,4,3,1,0.982409882824868,,276.9
2885,-4.300000000000001,0,4,3,1,0.982409882824868,,276.9
2886,-4.6,0,6,3,1,0.982409882824868,,277.0
2887,-2.6,0,6,3,1,0.982409882824868,,277.1
2888,-2.3000000000000003,0,4,3,1,0.982409882824868,,277.2
2889,-0.30000000000000004,0,4,3,1,0.982409882824868,,277.2
2890,-4.300000000000001,0,4,3,1,0.982409882824868,,277.3
2891,-4.300000000000001,0,4,3,1,0.982409882824868,,277.4
2892,-2.3000000000000003,0,4,3,1,0.982409882824868,,277.5
2893,-4.300000000000001,0,4,3,1,0.982409882824868,,277.6
2894,-4.300000000000001,0,4,3,1,0.982409882824868,,277.6
2895,-4.300000000000001,0,4,3,1,0.982409882824868,,277.7
2896,-4.300000000000001,0,4,3,1,0.982409882824868,,277.8
2897,-4.300000000000001,0,4,3,1,0.982409882824868,,277.8
2898,-4.300000000000001,0,4,3,1,0.982409882824868,,277.9
2899,-2.3000000000000003,0,4,3,1,0.982409882824868,,278.0
2900,-0.30000000000000004,0,4,3,1,0.982409882824868,,278.0
2901,-2.3000000000000003,0,4,3,1,0.982409882824868,,278.1
2902,-0.30000000000000004,0,4,3,1,0.982409882824868,,278.2
2903,-4.300000000000001,0,4,3,1,0.982409882824868,,278.2
2904,-4.300000000000001,0,4,3,1,0.982409882824868,,278.3
2905,-4.300000000000001,0,4,3,1,0.982409882824868,,278.4
2906,-3.6000000000000005,0,6,3,1,0.982409882824868,,278.5
2907,-4.300000000000001,0,4,3,1,0.982409882824868,,278.5
2908,-3.6000000000000005,0,6,3,1,0.982409882824868,,278.6
2909,4.4,1,6,3,1,0.982409882824868,,278.7
2910,-4.300000000000001,0,4,3,1,0.982409882824868,,278.8
2911,-4.300000000000001,0,4,3,1,0.982409882824868,,278.8
2912,-4.300000000000001,0,4,3,1,0.982409882824868,,278.9
2913,-4.300000000000001,0,4,3,1,0.982409882824868,,278.9
2914,-4.300000000000001,0,4,3,1,0.982409882824868,,279.0
2915,-2.3000000000000003,0,4,3,1,0.982409882824868,,279.1
2916,-4.300000000000001,0,4,3,1,0.982409882824868,,279.2
2917,-4.300000000000001,0,4,3,1,0.982409882824868,,279.2
2918,-4.300000000000001,0,4,3,1,0.982409882824868,,279.3
2919,-3.6000000000000005,0,6,3,1,0.982409882824868,,279.3
2920,-4.300000000000001,0,4,3,1,0.982409882824868,,279.4
2921,-4.300000000000001,0,4,3,1,0.982409882824868,,279.5
2922,-4.300000000000001,0,4,3,1,0.982409882824868,,279.5
2923,-4.300000000000001,0,4,3,1,0.982409882824868,,279.6
2924,-4.300000000000001,0,4,3,1,0.982409882824868,,279.6
2925,-4.300000000000001,0,4,3,1,0.982409882824868,,279.7
2926,-0.30000000000000004,0,4,3,1,0.982409882824868,,279.8
2927,-0.30000000000000004,0,4,3,1,0.982409882824868,,279.8
2928,-4.300000000000001,0,4,3,1,0.982409882824868,,279.9
2929,-4.300000000000001,0,4,3,1,0.982409882824868,,280.0
2930,-4.300000000000001,0,4,3,1,0.982409882824868,,280.0
2931,-4.300000000000001,0,4,3,1,0.982409882824868,,280.1
2932,-4.300000000000001,0,4,3,1,0.982409882824868,,280.2
2933,-4.300000000000001,0,4,3,1,0.982409882824868,,280.3
2934,-4.300000000000001,0,4,3,1,0.982409882824868,,280.3
2935,-0.30000000000000004,0,4,3,1,0.982409882824868,,280.4
2936,-4.300000000000001,0,4,3,1,0.982409882824868,,280.5
2937,-4.300000000000001,0,4,3,1,0.982409882824868,,280.6
2938,-4.300000000000001,0,4,3,1,0.982409882824868,,280.7
2939,-4.300000000000001,0,4,3,1,0.982409882824868,,280.7
2940,-4.300000000000001,0,4,3,1,0.982409882824868,,280.8
2941,-2.3000000000000003,0,4,3,1,0.982409882824868,,280.8
2942,-0.30000000000000004,0,4,3,1,0.982409882824868,,280.9
2943,-4.300000000000001,0,4,3,1,0.982409882824868,,280.9
2944,-4.300000000000001,0,4,3,1,0.982409882824868,,281.0
2945,-0.30000000000000004,0,4,3,1,0.982409882824868,,281.1
2946,-4.300000000000001,0,4,3,1,0.982409882824868,,281.1
2947,-4.300000000000001,0,4,3,1,0.982409882824868,,281.2
2948,-4.300000000000001,0,4,3,1,0.982409882824868,,281.3
2949,-0.30000000000000004,0,4,3,1,0.982409882824868,,281.3
2950,-2.3000000000000003,0,4,3,1,0.982409882824868,,281.4
2951,-4.300000000000001,0,4,3,1,0.982409882824868,,281.5
2952,-2.3000000000000003,0,4,3,1,0.982409882824868,,281.6
2953,-0.30000000000000004,0,4,3,1,0.982409882824868,,281.6
2954,-4.300000000000001,0,4,3,1,0.982409882824868,,281.7
2955,-2.3000000000000003,0,4,3,1,0.982409882824868,,281.8
2956,5.7,1,4,3,1,0.982409882824868,,281.8
2957,-4.300000000000001,0,4,3,1,0.982409882824868,,281.9
2958,-4.300000000000001,0,4,3,1,0.982409882824868,,282.0
2959,-4.300000000000001,0,4,3,1,0.982409882824868,,282.0
2960,-0.30000000000000004,0,4,3,1,0.982409882824868,,282.1
2961,-2.3000000000000003,0,4,3,1,0.982409882824868,,282.2
2962,-4.300000000000001,0,4,3,1,0.982409882824868,,282.2
2963,-3.4000000000000004,0,5,4,1,0.982409882824868,,282.3
2964,-5.6000000000000005,0,6,3,1,0.982409882824868,,282.4
2965,-4.300000000000001,0,4,3,1,0.982409882824868,,282.5
2966,-0.30000000000000004,0,4,3,1,0.982409882824868,,282.5
2967,-4.300000000000001,0,4,3,1,0.982409882824868,,282.6
2968,-4.300000000000001,0,4,3,1,0.982409882824868,,282.7
2969,-0.30000000000000004,0,4,3,1,0.982409882824868,,282.8
2970,5.7,1,4,3,1,0.982409882824868,,282.8
2971,-2.3000000000000003,0,4,3,1,0.982409882824868,,282.9
2972,-4.300000000000001,0,4,3,1,0.982409882824868,,283.0
2973,-5.6000000000000005,0,6,3,1,0.982409882824868,,283.1
2974,-2.3000000000000003,0,4,3,1,0.982409882824868,,283.2
2975,-4.300000000000001,0,4,3,1,0.982409882824868,,283.2
2976,-4.300000000000001,0,4,3,1,0.982409882824868,,283.3
2977,-0.30000000000000004,0,4,3,1,0.982409882824868,,283.4
2978,-4.300000000000001,0,4,3,1,0.982409882824868,,283.4
2979,-4.300000000000001,0,4,3,1,0.982409882824868,,283.5
2980,-4.300000000000001,0,4,3,1,0.982409882824868,,283.5
2981,-2.3000000000000003,0,4,3,1,0.982409882824868,,283.6
2982,-4.300000000000001,0,4,3,1,0.982409882824868,,283.7
2983,-4.300000000000001,0,4,3,1,0.982409882824868,,283.8
2984,-4.300000000000001,0,4,3,1,0.982409882824868,,283.9
2985,-4.300000000000001,0,4,3,1,0.982409882824868,,283.9
2986,-4.300000000000001,0,4,3,1,0.982409882824868,,284.0
2987,-2.3000000000000003,0,4,3,1,0.982409882824868,,284.0
2988,-4.300000000000001,0,4,3,1,0.982409882824868,,284.1
2989,-2.3000000000000003,0,4,3,1,0.982409882824868,,284.2
2990,-2.3000000000000003,0,4,3,1,0.982409882824868,,284.3
2991,-4.300000000000001,0,4,3,1,0.982409882824868,,284.3
2992,-4.300000000000001,0,4,3,1,0.982409882824868,,284.4
2993,-2.3000000000000003,0,4,3,1,0.982409882824868,,284.5
2994,-2.3000000000000003,0,4,3,1,0.982409882824868,,284.6
2995,-4.300000000000001,0,4,3,1,0.982409882824868,,284.6
2996,-4.300000000000001,0,4,3,1,0.982409882824868,,284.7
2997,-2.3000000000000003,0,4,3,1,0.982409882824868,,284.8
2998,-2.3000000000000003,0,4,3,1,0.982409882824868,,284.9
2999,-2.3000000000000003,0,4,3,1,0.982409882824868,,284.9
3000,-0.30000000000000004,0,4,3,1,0.982409882824868,,284.9
3001,-4.300000000000001,0,4,3,1,0.982409882824868,,289.8
3002,-5.6000000000000005,0,6,3,1,0.982409882824868,,289.9
3003,-0.30000000000000004,0,4,3,1,0.982409882824868,,289.9
3004,-4.300000000000001,0,4,3,1,0.982409882824868,,290.0
3005,-4.300000000000001,0,4,3,1,0.982409882824868,,290.0
3006,-4.300000000000001,0,4,3,1,0.982409882824868,,290.1
3007,-2.3000000000000003,0,4,3,1,0.982409882824868,,290.1
3008,-4.300000000000001,0,4,3,1,0.982409882824868,,290.2
3009,-4.300000000000001,0,4,3,1,0.982409882824868,,290.3
3010,-4.300000000000001,0,4,3,1,0.982409882824868,,290.4
3011,-4.300000000000001,0,4,3,1,0.982409882824868,,290.4
3012,-4.300000000000001,0,4,3,1,0.982409882824868,,290.5
3013,-4.300000000000001,0,4,3,1,0.982409882824868,,290.6
3014,-0.30000000000000004,0,4,3,1,0.982409882824868,,290.6
3015,-4.300000000000001,0,4,3,1,0.982409882824868,,290.7
3016,-4.300000000000001,0,4,3,1,0.982409882824868,,290.7
3017,-4.300000000000001,0,4,3,1,0.982409882824868,,290.8
3018,-4.300000000000001,0,4,3,1,0.982409882824868,,290.9
3019,-3.6000000000000005,0,6,3,1,0.982409882824868,,290.9
3020,-4.300000000000001,0,4,3,1,0.982409882824868,,291.0
3021,-4.300000000000001,0,4,3,1,0.982409882824868,,291.0
3022,-4.300000000000001,0,4,3,1,0.982409882824868,,291.1
3023,-4.300000000000001,0,4,3,1,0.982409882824868,,291.1
3024,-0.30000000000000004,0,4,3,1,0.982409882824868,,291.2
3025,-2.3000000000000003,0,4,3,1,0.982409882824868,,291.2
3026,-4.300000000000001,0,4,3,1,0.982409882824868,,291.3
3027,-4.300000000000001,0,4,3,1,0.982409882824868,,291.4
3028,-0.30000000000000004,0,4,3,1,0.982409882824868,,291.5
3029,-2.3000000000000003,0,4,3,1,0.982409882824868,,291.5
3030,-4.300000000000001,0,4,3,1,0.982409882824868,,291.6
3031,-4.300000000000001,0,4,3,1,0.982409882824868,,291.7
3032,-2.3000000000000003,0,4,3,1,0.982409882824868,,291.7
3033,-2.3000000000000003,0,4,3,1,0.982409882824868,,291.8
3034,-4.300000000000001,0,4,3,1,0.982409882824868,,291.8
3035,-4.300000000000001,0,4,3,1,0.982409882824868,,291.9
3036,-2.6,0,6,3,1,0.982409882824868,,292.0
3037,-4.300000000000001,0,4,3,1,0.982409882824868,,292.1
3038,-4.300000000000001,0,4,3,1,0.982409882824868,,292.1
3039,-4.300000000000001,0,4,3,1,0.982409882824868,,292.2
3040,-4.300000000000001,0,4,3,1,0.982409882824868,,292.3
3041,-2.3000000000000003,0,4,3,1,0.982409882824868,,292.4
3042,-2.3000000000000003,0,4,3,1,0.982409882824868,,292.4
3043,-2.3000000000000003,0,4,3,1,0.982409882824868,,292.5
3044,-4.300000000000001,0,4,3,1,0.982409882824868,,292.6
3045,-4.300000000000001,0,4,3,1,0.982409882824868,,292.6
3046,-4.300000000000001,0,4,3,1,0.982409882824868,,292.7
3047,-2.3000000000000003,0,4,3,1,0.982409882824868,,292.8
3048,-4.300000000000001,0,4,3,1,0.982409882824868,,292.9
3049,-4.300000000000001,0,4,3,1,0.982409882824868,,292.9
3050,-2.3000000000000003,0,4,3,1,0.982409882824868,,293.0
3051,-2.3000000000000003,0,4,3,1,0.982409882824868,,293.0
3052,-2.3000000000000003,0,4,3,1,0.982409882824868,,293.1
3053,-4.9,0,8,3,1,0.982409882824868,,293.2
3054,-5.6000000000000005,0,6,3,1,0.982409882824868,,293.3
3055,-4.300000000000001,0,4,3,1,0.982409882824868,,293.3
3056,-4.300000000000001,0,4,3,1,0.982409882824868,,293.4
3057,-4.6000000000000005,0,6,3,1,0.982409882824868,,293.5
3058,-3.6,0,6,3,1,0.982409882824868,,293.5
3059,-4.300000000000001,0,4,3,1,0.982409882824868,,293.6
3060,-5.6000000000000005,0,6,3,1,0.982409882824868,,293.7
3061,-4.300000000000001,0,4,3,1,0.982409882824868,,293.8
3062,-2.6,0,6,3,1,0.982409882824868,,293.9
3063,-2.3000000000000003,0,4,3,1,0.982409882824868,,293.9
3064,-4.300000000000001,0,4,3,1,0.982409882824868,,294.0
3065,-4.300000000000001,0,4,3,1,0.982409882824868,,294.1
3066,-4.300000000000001,0,4,3,1,0.982409882824868,,294.2
3067,-0.6000000000000001,0,6,3,1,0.982409882824868,,294.3
3068,-2.3000000000000003,0,4,3,1,0.982409882824868,,294.3
3069,-4.6000000000000005,0,6,3,1,0.982409882824868,,294.4
3070,-0.30000000000000004,0,4,3,1,0.982409882824868,,294.4
3071,-4.300000000000001,0,4,3,1,0.982409882824868,,294.5
3072,-4.300000000000001,0,4,3,1,0.982409882824868,,294.6
3073,-4.6,0,6,3,1,0.982409882824868,,294.7
3074,-1.4000000000000001,0,5,4,1,0.982409882824868,,294.7
3075,-4.300000000000001,0,4,3,1,0.982409882824868,,294.8
3076,-4.300000000000001,0,4,3,1,0.982409882824868,,294.9
3077,-4.300000000000001,0,4,3,1,0.982409882824868,,294.9
3078,-0.30000000000000004,0,4,3,1,0.982409882824868,,295.0
3079,-4.300000000000001,0,4,3,1,0.982409882824868,,295.1
3080,-4.300000000000001,0,4,3,1,0.982409882824868,,295.1
3081,-2.3000000000000003,0,4,3,1,0.982409882824868,,295.1
3082,-4.300000000000001,0,4,3,1,0.982409882824868,,295.2
3083,-4.300000000000001,0,4,3,1,0.982409882824868,,295.3
3084,-0.30000000000000004,0,4,3,1,0.982409882824868,,295.3
3085,-4.300000000000001,0,4,3,1,0.9289783481508493,0.6643282509176061,296.0
3086,-3.4000000000000004,0,5,4,1,0.9289783481508493,,296.1
3087,-4.300000000000001,0,4,3,1,0.9289783481508493,,296.2
3088,-4.9,0,8,3,1,0.9289783481508493,,296.3
3089,-2.3000000000000003,0,4,3,1,0.9289783481508493,,296.3
3090,-4.300000000000001,0,4,3,1,0.9289783481508493,,296.4
3091,-4.300000000000001,0,4,3,1,0.9289783481508493,,296.4
3092,-4.300000000000001,0,4,3,1,0.9289783481508493,,296.5
3093,-4.300000000000001,0,4,3,1,0.9289783481508493,,296.6
3094,-4.300000000000001,0,4,3,1,0.9289783481508493,,296.7
3095,-5.4,0,5,4,1,0.9289783481508493,,296.7
3096,-4.300000000000001,0,4,3,1,0.9289783481508493,,296.8
3097,-4.300000000000001,0,4,3,1,0.9289783481508493,,296.9
3098,-0.30000000000000004,0,4,3,1,0.9289783481508493,,297.0
3099,-4.300000000000001,0,4,3,1,0.9289783481508493,,297.0
3100,-4.300000000000001,0,4,3,1,0.9289783481508493,,297.1
3101,-4.300000000000001,0,4,3,1,0.9289783481508493,,297.2
3102,-2.3000000000000003,0,4,3,1,0.9289783481508493,,297.2
3103,-4.300000000000001,0,4,3,1,0.9289783481508493,,297.3
3104,-2.3000000000000003,0,4,3,1,0.9289783481508493,,297.3
3105,-1.4000000000000001,0,5,4,1,0.9289783481508493,,297.4
3106,-3.6,0,6,3,1,0.9289783481508493,,297.5
3107,-2.3000000000000003,0,4,3,1,0.9289783481508493,,297.5
3108,5.7,1,4,3,1,0.9289783481508493,,297.6
3109,-4.300000000000001,0,4,3,1,0.9289783481508493,,297.7
3110,-4.300000000000001,0,4,3,1,0.9289783481508493,,297.7
3111,-2.3000000000000003,0,4,3,1,0.9289783481508493,,297.8
3112,-0.30000000000000004,0,4,3,1,0.9289783481508493,,297.8
3113,-4.300000000000001,0,4,3,1,0.9289783481508493,,297.9
3114,-5.6000000000000005,0,6,3,1,0.9289783481508493,,298.0
3115,-4.300000000000001,0,4,3,1,0.9289783481508493,,298.0
3116,-4.300000000000001,0,4,3,1,0.9289783481508493,,298.1
3117,-0.30000000000000004,0,4,3,1,0.9289783481508493,,298.2
3118,-0.30000000000000004,0,4,3,1,0.9289783481508493,,298.2
3119,-4.300000000000001,0,4,3,1,0.9289783481508493,,298.3
3120,-4.300000000000001,0,4,3,1,0.9289783481508493,,298.4
3121,-4.300000000000001,0,4,3,1,0.9289783481508493,,298.4
3122,-2.3000000000000003,0,4,3,1,0.9289783481508493,,298.5
3123,-4.300000000000001,0,4,3,1,0.9289783481508493,,298.6
3124,-4.300000000000001,0,4,3,1,0.9289783481508493,,298.7
3125,-2.3000000000000003,0,4,3,1,0.9289783481508493,,298.8
3126,-2.3000000000000003,0,4,3,1,0.9289783481508493,,298.8
3127,-2.3000000000000003,0,4,3,1,0.9289783481508493,,298.9
3128,-4.300000000000001,0,4,3,1,0.9289783481508493,,299.0
3129,-2.3000000000000003,0,4,3,1,0.9289783481508493,,299.0
3130,-4.300000000000001,0,4,3,1,0.9289783481508493,,299.1
3131,-4.6000000000000005,0,6,3,1,0.9289783481508493,,299.2
3132,-0.30000000000000004,0,4,3,1,0.9289783481508493,,299.2
3133,-4.300000000000001,0,4,3,1,0.9289783481508493,,299.3
3134,-4.300000000000001,0,4,3,1,0.9289783481508493,,299.4
3135,-4.300000000000001,0,4,3,1,0.9289783481508493,,299.5
3136,-0.30000000000000004,0,4,3,1,0.9289783481508493,,299.5
3137,-5.4,0,5,4,1,0.9289783481508493,,299.6
3138,-4.300000000000001,0,4,3,1,0.9289783481508493,,299.6
3139,5.7,1,4,3,1,0.9289783481508493,,299.7
3140,-4.300000000000001,0,4,3,1,0.9289783481508493,,299.8
3141,-0.30000000000000004,0,4,3,1,0.9289783481508493,,299.8
3142,-5.6000000000000005,0,6,3,1,0.9289783481508493,,299.9
3143,-4.300000000000001,0,4,3,1,0.9289783481508493,,300.0
3144,-2.3000000000000003,0,4,3,1,0.9289783481508493,,300.0
3145,-2.3000000000000003,0,4,3,1,0.9289783481508493,,300.1
3146,-4.300000000000001,0,4,3,1,0.9289783481508493,,300.2
3147,5.4,1,6,3,1,0.9289783481508493,,300.2
3148,-5.6000000000000005,0,6,3,1,0.9289783481508493,,300.3
3149,-2.3000000000000003,0,4,3,1,0.9289783481508493,,300.3
3150,-4.300000000000001,0,4,3,1,0.9289783481508493,,300.4
3151,-5.6000000000000005,0,6,3,1,0.9289783481508493,,300.5
3152,5.7,1,4,3,1,0.9289783481508493,,300.6
3153,-4.300000000000001,0,4,3,1,0.9289783481508493,,300.7
3154,-4.300000000000001,0,4,3,1,0.9289783481508493,,300.7
3155,-4.300000000000001,0,4,3,1,0.9289783481508493,,300.8
3156,-2.3000000000000003,0,4,3,1,0.9289783481508493,,300.9
3157,-2.3000000000000003,0,4,3,1,0.9289783481508493,,301.0
3158,-2.3000000000000003,0,4,3,1,0.9289783481508493,,301.0
3159,-2.3000000000000003,0,4,3,1,0.9289783481508493,,301.1
3160,-4.300000000000001,0,4,3,1,0.9289783481508493,,301.2
3161,-2.6,0,6,3,1,0.9289783481508493,,301.2
3162,-4.300000000000001,0,4,3,1,0.9289783481508493,,301.3
3163,-4.300000000000001,0,4,3,1,0.9289783481508493,,301.4
3164,-2.3000000000000003,0,4,3,1,0.9289783481508493,,301.4
3165,-2.3000000000000003,0,4,3,1,0.9289783481508493,,301.6
3166,-4.300000000000001,0,4,3,1,0.9289783481508493,,301.6
3167,-1.6,0,6,3,1,0.9289783481508493,,301.7
3168,-4.300000000000001,0,4,3,1,0.9289783481508493,,301.7
3169,-4.300000000000001,0,4,3,1,0.9289783481508493,,301.8
3170,-4.300000000000001,0,4,3,1,0.9289783481508493,,301.9
3171,-4.300000000000001,0,4,3,1,0.9289783481508493,,301.9
3172,-2.3000000000000003,0,4,3,1,0.9289783481508493,,302.0
3173,-4.300000000000001,0,4,3,1,0.9289783481508493,,302.0
3174,-0.30000000000000004,0,4,3,1,0.9289783481508493,,302.1
3175,-4.300000000000001,0,4,3,1,0.9289783481508493,,302.2
3176,-4.300000000000001,0,4,3,1,0.9289783481508493,,302.2
3177,-2.3000000000000003,0,4,3,1,0.9289783481508493,,302.3
3178,-4.300000000000001,0,4,3,1,0.9289783481508493,,302.3
3179,-4.300000000000001,0,4,3,1,0.9289783481508493,,302.3
3180,-4.300000000000001,0,4,3,1,0.9289783481508493,,302.4
3181,-4.300000000000001,0,4,3,1,0.9289783481508493,,302.5
3182,-4.300000000000001,0,4,3,1,0.9289783481508493,,302.6
3183,-4.300000000000001,0,4,3,1,0.9289783481508493,,302.7
3184,-4.300000000000001,0,4,3,1,0.9289783481508493,,302.8
3185,-4.300000000000001,0,4,3,1,0.9289783481508493,,302.8
3186,-4.300000000000001,0,4,3,1,0.9289783481508493,,302.9
3187,-4.300000000000001,0,4,3,1,0.9289783481508493,,302.9
3188,-4.300000000000001,0,4,3,1,0.9289783481508493,,303.0
3189,-4.300000000000001,0,4,3,1,0.9289783481508493,,303.0
3190,-4.300000000000001,0,4,3,1,0.9289783481508493,,303.1
3191,-2.3000000000000003,0,4,3,1,0.9289783481508493,,303.2
3192,-4.300000000000001,0,4,3,1,0.9289783481508493,,303.2
3193,-4.300000000000001,0,4,3,1,0.9289783481508493,,303.3
3194,-4.300000000000001,0,4,3,1,0.9289783481508493,,303.4
3195,-0.30000000000000004,0,4,3,1,0.9289783481508493,,303.5
3196,-4.300000000000001,0,4,3,1,0.9289783481508493,,303.6
3197,-4.300000000000001,0,4,3,1,0.9289783481508493,,303.6
3198,-4.300000000000001,0,4,3,1,0.9289783481508493,,303.7
3199,-4.300000000000001,0,4,3,1,0.9289783481508493,,303.7
3200,5.7,1,4,3,1,0.9289783481508493,,303.8
3201,-4.300000000000001,0,4,3,1,0.9289783481508493,,303.8
3202,-4.300000000000001,0,4,3,1,0.9289783481508493,,304.0
3203,-4.300000000000001,0,4,3,1,0.9289783481508493,,304.0
3204,-5.4,0,5,4,1,0.9289783481508493,,304.2
3205,-4.300000000000001,0,4,3,1,0.9289783481508493,,304.2
3206,-4.300000000000001,0,4,3,1,0.9289783481508493,,304.3
3207,-2.6,0,6,3,1,0.9289783481508493,,304.4
3208,-2.3000000000000003,0,4,3,1,0.9289783481508493,,304.4
3209,-4.6000000000000005,0,6,3,1,0.9289783481508493,,304.5
3210,-4.300000000000001,0,4,3,1,0.9289783481508493,,304.6
3211,-4.300000000000001,0,4,3,1,0.9289783481508493,,304.7
3212,-4.300000000000001,0,4,3,1,0.9289783481508493,,304.7
3213,-0.30000000000000004,0,4,3,1,0.9289783481508493,,304.8
3214,-4.300000000000001,0,4,3,1,0.9289783481508493,,304.8
3215,5.7,1,4,3,1,0.9289783481508493,,304.9
3216,-4.300000000000001,0,4,3,1,0.9289783481508493,,305.0
3217,5.4,1,6,3,1,0.9289783481508493,,305.1
3218,-4.300000000000001,0,4,3,1,0.9289783481508493,,305.1
3219,-4.300000000000001,0,4,3,1,0.9289783481508493,,305.2
3220,-4.300000000000001,0,4,3,1,0.9289783481508493,,305.3
3221,-0.30000000000000004,0,4,3,1,0.9289783481508493,,305.3
3222,-4.300000000000001,0,4,3,1,0.9289783481508493,,305.4
3223,-4.300000000000001,0,4,3,1,0.9289783481508493,,305.5
3224,-2.3000000000000003,0,4,3,1,0.9289783481508493,,305.5
3225,-4.300000000000001,0,4,3,1,0.9289783481508493,,305.6
3226,-4.300000000000001,0,4,3,1,0.9289783481508493,,305.7
3227,-4.300000000000001,0,4,3,1,0.9289783481508493,,305.8
3228,-4.300000000000001,0,4,3,1,0.9289783481508493,,305.9
3229,5.7,1,4,3,1,0.9289783481508493,,306.0
3230,-2.3000000000000003,0,4,3,1,0.9289783481508493,,306.0
3231,-4.300000000000001,0,4,3,1,0.9289783481508493,,306.1
3232,-4.300000000000001,0,4,3,1,0.9289783481508493,,306.2
3233,-2.3000000000000003,0,4,3,1,0.9289783481508493,,306.2
3234,-4.300000000000001,0,4,3,1,0.9289783481508493,,306.3
3235,-4.300000000000001,0,4,3,1,0.9289783481508493,,306.3
3236,-4.300000000000001,0,4,3,1,0.9289783481508493,,306.4
3237,-2.3000000000000003,0,4,3,1,0.9289783481508493,,306.5
3238,-4.300000000000001,0,4,3,1,0.9289783481508493,,306.5
3239,-4.300000000000001,0,4,3,1,0.9289783481508493,,306.6
3240,-2.3000000000000003,0,4,3,1,0.9289783481508493,,306.7
3241,-4.300000000000001,0,4,3,1,0.9289783481508493,,306.7
3242,-4.300000000000001,0,4,3,1,0.9289783481508493,,306.8
3243,-2.3000000000000003,0,4,3,1,0.9289783481508493,,306.9
3244,-2.3000000000000003,0,4,3,1,0.9289783481508493,,306.9
3245,-0.30000000000000004,0,4,3,1,0.9289783481508493,,307.0
3246,-4.300000000000001,0,4,3,1,0.9289783481508493,,307.0
3247,-4.300000000000001,0,4,3,1,0.9289783481508493,,307.1
3248,-4.300000000000001,0,4,3,1,0.9289783481508493,,307.2
3249,-2.3000000000000003,0,4,3,1,0.9289783481508493,,307.2
3250,-4.300000000000001,0,4,3,1,0.9289783481508493,,307.3
3251,-5.6000000000000005,0,6,3,1,0.9289783481508493,,307.4
3252,-2.3000000000000003,0,4,3,1,0.9289783481508493,,307.4
3253,-4.300000000000001,0,4,3,1,0.9289783481508493,,307.5
3254,5.7,1,4,3,1,0.9289783481508493,,307.6
3255,-4.300000000000001,0,4,3,1,0.9289783481508493,,307.6
3256,5.4,1,6,3,1,0.9289783481508493,,307.7
3257,-4.300000000000001,0,4,3,1,0.9289783481508493,,307.8
3258,-4.300000000000001,0,4,3,1,0.9289783481508493,,307.9
3259,-2.3000000000000003,0,4,3,1,0.9289783481508493,,307.9
3260,-0.30000000000000004,0,4,3,1,0.9289783481508493,,308.0
3261,5.7,1,4,3,1,0.9289783481508493,,308.1
3262,-5.9,0,8,3,1,0.9289783481508493,,308.2
3263,-4.6,0,6,3,1,0.9289783481508493,,308.2
3264,5.7,1,4,3,1,0.9289783481508493,,308.2
3265,-4.300000000000001,0,4,3,1,0.9289783481508493,,308.3
3266,-4.300000000000001,0,4,3,1,0.9289783481508493,,308.4
3267,-0.30000000000000004,0,4,3,1,0.9289783481508493,,308.4
3268,-4.300000000000001,0,4,3,1,0.9289783481508493,,308.5
3269,-4.300000000000001,0,4,3,1,0.9289783481508493,,308.6
3270,-4.300000000000001,0,4,3,1,0.9289783481508493,,308.6
3271,-4.300000000000001,0,4,3,1,0.9289783481508493,,308.7
3272,-2.3000000000000003,0,4,3,1,0.9289783481508493,,308.7
3273,-4.6,0,6,3,1,0.9289783481508493,,308.8
3274,-0.30000000000000004,0,4,3,1,0.9289783481508493,,308.9
3275,-0.30000000000000004,0,4,3,1,0.9289783481508493,,308.9
3276,-4.300000000000001,0,4,3,1,0.9289783481508493,,309.0
3277,-4.300000000000001,0,4,3,1,0.9289783481508493,,309.1
3278,-0.6000000000000001,0,6,3,1,0.9289783481508493,,309.1
3279,-5.9,0,8,3,1,0.9289783481508493,,309.2
3280,-2.3000000000000003,0,4,3,1,0.9289783481508493,,309.3
3281,-4.300000000000001,0,4,3,1,0.9289783481508493,,309.4
3282,-2.3000000000000003,0,4,3,1,0.9289783481508493,,309.4
3283,-4.300000000000001,0,4,3,1,0.9289783481508493,,309.5
3284,-5.4,0,5,4,1,0.9289783481508493,,309.5
3285,-4.300000000000001,0,4,3,1,0.9289783481508493,,309.6
3286,5.4,1,6,3,1,0.9289783481508493,,309.6
3287,-2.3000000000000003,0,4,3,1,0.9289783481508493,,309.7
3288,-4.300000000000001,0,4,3,1,0.9289783481508493,,309.7
3289,-4.300000000000001,0,4,3,1,0.9289783481508493,,309.8
3290,-4.300000000000001,0,4,3,1,0.9289783481508493,,309.8
3291,-0.30000000000000004,0,4,3,1,0.9289783481508493,,309.9
3292,-4.300000000000001,0,4,3,1,0.9289783481508493,,310.0
3293,-4.300000000000001,0,4,3,1,0.9289783481508493,,310.0
3294,-2.3000000000000003,0,4,3,1,0.9289783481508493,,310.1
3295,-0.30000000000000004,0,4,3,1,0.9289783481508493,,310.2
3296,-4.300000000000001,0,4,3,1,0.9289783481508493,,310.3
3297,-4.300000000000001,0,4,3,1,0.9289783481508493,,310.4
3298,-4.300000000000001,0,4,3,1,0.9289783481508493,,310.5
3299,-2.3000000000000003,0,4,3,1,0.9289783481508493,,310.5
3300,-4.300000000000001,0,4,3,1,0.9289783481508493,,310.6
3301,-4.300000000000001,0,4,3,1,0.9289783481508493,,310.7
3302,-2.3000000000000003,0,4,3,1,0.9289783481508493,,310.8
3303,-0.30000000000000004,0,4,3,1,0.9289783481508493,,310.8
3304,-0.30000000000000004,0,4,3,1,0.9289783481508493,,310.9
3305,-0.30000000000000004,0,4,3,1,0.9289783481508493,,310.9
3306,-4.300000000000001,0,4,3,1,0.9289783481508493,,311.0
3307,-4.300000000000001,0,4,3,1,0.9289783481508493,,311.0
3308,-4.300000000000001,0,4,3,1,0.9289783481508493,,311.1
3309,-4.300000000000001,0,4,3,1,0.9289783481508493,,311.1
3310,-2.3000000000000003,0,4,3,1,0.9289783481508493,,311.2
3311,-4.300000000000001,0,4,3,1,0.9289783481508493,,311.2
3312,-4.300000000000001,0,4,3,1,0.9289783481508493,,311.3
3313,-4.300000000000001,0,4,3,1,0.9289783481508493,,311.4
3314,-2.3000000000000003,0,4,3,1,0.9289783481508493,,311.4
3315,-4.300000000000001,0,4,3,1,0.9289783481508493,,311.5
3316,-4.300000000000001,0,4,3,1,0.9289783481508493,,311.6
3317,5.7,1,4,3,1,0.9289783481508493,,311.6
3318,-4.300000000000001,0,4,3,1,0.9289783481508493,,311.7
3319,-4.9,0,8,3,1,0.9289783481508493,,311.8
3320,-4.300000000000001,0,4,3,1,0.9289783481508493,,311.9
3321,-2.3000000000000003,0,4,3,1,0.9289783481508493,,312.0
3322,-4.300000000000001,0,4,3,1,0.9289783481508493,,312.0
3323,-4.6,0,6,3,1,0.9289783481508493,,312.1
3324,-4.300000000000001,0,4,3,1,0.9289783481508493,,312.2
3325,5.7,1,4,3,1,0.9289783481508493,,312.2
3326,-4.300000000000001,0,4,3,1,0.9289783481508493,,312.3
3327,-2.3000000000000003,0,4,3,1,0.9289783481508493,,312.4
3328,-2.3000000000000003,0,4,3,1,0.9289783481508493,,312.4
3329,-0.6000000000000001,0,6,3,1,0.9289783481508493,,312.5
3330,-4.300000000000001,0,4,3,1,0.9289783481508493,,312.6
3331,-4.300000000000001,0,4,3,1,0.9289783481508493,,312.7
3332,5.7,1,4,3,1,0.9289783481508493,,312.7
3333,-4.300000000000001,0,4,3,1,0.9289783481508493,,312.8
3334,-4.300000000000001,0,4,3,1,0.9289783481508493,,312.9
3335,-4.300000000000001,0,4,3,1,0.9289783481508493,,312.9
3336,-4.300000000000001,0,4,3,1,0.9289783481508493,,313.0
3337,-4.300000000000001,0,4,3,1,0.9289783481508493,,313.0
3338,-4.300000000000001,0,4,3,1,0.9289783481508493,,313.1
3339,-4.300000000000001,0,4,3,1,0.9289783481508493,,313.2
3340,-4.300000000000001,0,4,3,1,0.9289783481508493,,313.2
3341,-2.3000000000000003,0,4,3,1,0.9289783481508493,,313.3
3342,-4.300000000000001,0,4,3,1,0.9289783481508493,,313.3
3343,-4.300000000000001,0,4,3,1,0.9289783481508493,,313.4
3344,-4.300000000000001,0,4,3,1,0.9289783481508493,,313.5
3345,-4.300000000000001,0,4,3,1,0.9289783481508493,,313.6
3346,-0.30000000000000004,0,4,3,1,0.9289783481508493,,313.6
3347,-2.3000000000000003,0,4,3,1,0.9289783481508493,,313.7
3348,-2.3000000000000003,0,4,3,1,0.9289783481508493,,313.7
3349,-4.300000000000001,0,4,3,1,0.9289783481508493,,313.8
3350,-4.300000000000001,0,4,3,1,0.9289783481508493,,313.9
3351,-4.300000000000001,0,4,3,1,0.9289783481508493,,313.9
3352,-4.300000000000001,0,4,3,1,0.9289783481508493,,314.0
3353,-3.6000000000000005,0,6,3,1,0.9289783481508493,,314.1
3354,-4.300000000000001,0,4,3,1,0.9289783481508493,,314.1
3355,-2.3000000000000003,0,4,3,1,0.9289783481508493,,314.2
3356,-4.300000000000001,0,4,3,1,0.9289783481508493,,314.3
3357,-4.300000000000001,0,4,3,1,0.9289783481508493,,314.4
3358,-2.3000000000000003,0,4,3,1,0.9289783481508493,,314.4
3359,-2.3000000000000003,0,4,3,1,0.9289783481508493,,314.5
3360,-4.300000000000001,0,4,3,1,0.9289783481508493,,314.6
3361,-4.300000000000001,0,4,3,1,0.9289783481508493,,314.7
3362,-5.4,0,5,4,1,0.9289783481508493,,314.7
3363,-5.4,0,5,4,1,0.9289783481508493,,314.8
3364,-4.300000000000001,0,4,3,1,0.9289783481508493,,314.9
3365,-2.3000000000000003,0,4,3,1,0.9289783481508493,,314.9
3366,-5.6000000000000005,0,6,3,1,0.9289783481508493,,315.0
3367,-2.3000000000000003,0,4,3,1,0.9289783481508493,,315.0
3368,5.7,1,4,3,1,0.9289783481508493,,315.1
3369,-4.300000000000001,0,4,3,1,0.9289783481508493,,315.2
3370,-4.300000000000001,0,4,3,1,0.9289783481508493,,315.3
3371,-4.300000000000001,0,4,3,1,0.9289783481508493,,315.3
3372,-4.300000000000001,0,4,3,1,0.9289783481508493,,315.4
3373,-5.4,0,5,4,1,0.9289783481508493,,315.5
3374,-3.6000000000000005,0,6,3,1,0.9289783481508493,,315.6
3375,-0.30000000000000004,0,4,3,1,0.9289783481508493,,315.7
3376,-4.300000000000001,0,4,3,1,0.9289783481508493,,315.8
3377,-2.3000000000000003,0,4,3,1,0.9289783481508493,,315.8
3378,-4.300000000000001,0,4,3,1,0.9289783481508493,,315.9
3379,-2.3000000000000003,0,4,3,1,0.9289783481508493,,316.0
3380,-4.300000000000001,0,4,3,1,0.9289783481508493,,316.0
3381,-4.300000000000001,0,4,3,1,0.9289783481508493,,316.1
3382,-4.300000000000001,0,4,3,1,0.9289783481508493,,316.1
3383,-4.300000000000001,0,4,3,1,0.9289783481508493,,316.2
3384,-2.3000000000000003,0,4,3,1,0.9289783481508493,,316.3
3385,-4.300000000000001,0,4,3,1,0.9289783481508493,,316.3
3386,-4.300000000000001,0,4,3,1,0.9289783481508493,,316.4
3387,-2.3000000000000003,0,4,3,1,0.9289783481508493,,316.4
3388,-4.300000000000001,0,4,3,1,0.9289783481508493,,316.5
3389,-4.300000000000001,0,4,3,1,0.9289783481508493,,316.5
3390,-4.300000000000001,0,4,3,1,0.9289783481508493,,316.6
3391,-4.300000000000001,0,4,3,1,0.9289783481508493,,316.6
3392,-2.3000000000000003,0,4,3,1,0.9289783481508493,,316.7
3393,-4.300000000000001,0,4,3,1,0.9289783481508493,,316.8
3394,-2.3000000000000003,0,4,3,1,0.9289783481508493,,316.9
3395,-4.300000000000001,0,4,3,1,0.9289783481508493,,316.9
3396,-0.30000000000000004,0,4,3,1,0.9289783481508493,,317.0
3397,-4.300000000000001,0,4,3,1,0.9289783481508493,,317.0
3398,-4.300000000000001,0,4,3,1,0.9289783481508493,,317.1
3399,-4.300000000000001,0,4,3,1,0.9289783481508493,,317.1
3400,-4.300000000000001,0,4,3,1,0.9289783481508493,,317.2
3401,-4.300000000000001,0,4,3,1,0.9289783481508493,,317.3
3402,-4.300000000000001,0,4,3,1,0.9289783481508493,,317.3
3403,-4.300000000000001,0,4,3,1,0.9289783481508493,,317.4
3404,-3.6000000000000005,0,6,3,1,0.9289783481508493,,317.5
3405,5.7,1,4,3,1,0.9289783481508493,,317.5
3406,-4.300000000000001,0,4,3,1,0.9289783481508493,,317.6
3407,-4.300000000000001,0,4,3,1,0.9289783481508493,,317.6
3408,-4.300000000000001,0,4,3,1,0.9289783481508493,,317.7
3409,-5.4,0,5,4,1,0.9289783481508493,,317.7
3410,-0.30000000000000004,0,4,3,1,0.9289783481508493,,317.8
3411,-2.3000000000000003,0,4,3,1,0.9289783481508493,,317.9
3412,5.7,1,4,3,1,0.9289783481508493,,318.0
3413,-4.300000000000001,0,4,3,1,0.9289783481508493,,318.0
3414,-4.300000000000001,0,4,3,1,0.9289783481508493,,318.1
3415,-4.300000000000001,0,4,3,1,0.9289783481508493,,318.1
3416,-4.300000000000001,0,4,3,1,0.9289783481508493,,318.2
3417,-4.300000000000001,0,4,3,1,0.9289783481508493,,318.3
3418,-4.300000000000001,0,4,3,1,0.9289783481508493,,318.3
3419,-4.300000000000001,0,4,3,1,0.9289783481508493,,318.4
3420,5.7,1,4,3,1,0.9289783481508493,,318.5
3421,-2.3000000000000003,0,4,3,1,0.9289783481508493,,318.5
3422,-4.300000000000001,0,4,3,1,0.9289783481508493,,318.6
3423,-3.4000000000000004,0,5,4,1,0.9289783481508493,,318.7
3424,-5.4,0,5,4,1,0.9289783481508493,,318.7
3425,-4.300000000000001,0,4,3,1,0.9289783481508493,,318.8
3426,-4.9,0,8,3,1,0.9289783481508493,,318.9
3427,-4.300000000000001,0,4,3,1,0.9289783481508493,,319.0
3428,-2.3000000000000003,0,4,3,1,0.9289783481508493,,319.0
3429,5.7,1,4,3,1,0.9289783481508493,,319.1
3430,-4.300000000000001,0,4,3,1,0.9289783481508493,,319.1
3431,-4.300000000000001,0,4,3,1,0.9289783481508493,,319.2
3432,-2.3000000000000003,0,4,3,1,0.9289783481508493,,319.2
3433,-2.3000000000000003,0,4,3,1,0.9289783481508493,,319.3
3434,5.7,1,4,3,1,0.9289783481508493,,319.4
3435,-4.6,0,6,3,1,0.9289783481508493,,319.4
3436,-4.300000000000001,0,4,3,1,0.9289783481508493,,319.5
3437,-4.300000000000001,0,4,3,1,0.9289783481508493,,319.6
3438,-5.6000000000000005,0,6,3,1,0.9289783481508493,,319.6
3439,-4.300000000000001,0,4,3,1,0.9289783481508493,,319.7
3440,-4.300000000000001,0,4,3,1,0.9289783481508493,,319.7
3441,-4.300000000000001,0,4,3,1,0.9289783481508493,,319.8
3442,-4.9,0,8,3,1,0.9289783481508493,,319.9
3443,-4.300000000000001,0,4,3,1,0.9289783481508493,,319.9
3444,-5.4,0,5,4,1,0.9289783481508493,,320.0
3445,-4.300000000000001,0,4,3,1,0.9289783481508493,,320.1
3446,-0.30000000000000004,0,4,3,1,0.9289783481508493,,320.1
3447,-4.300000000000001,0,4,3,1,0.9289783481508493,,320.2
3448,-2.3000000000000003,0,4,3,1,0.9289783481508493,,320.3
3449,-2.3000000000000003,0,4,3,1,0.9289783481508493,,320.3
3450,-2.3000000000000003,0,4,3,1,0.9289783481508493,,320.4
3451,-4.300000000000001,0,4,3,1,0.9289783481508493,,320.5
3452,-2.3000000000000003,0,4,3,1,0.9289783481508493,,320.6
3453,-4.300000000000001,0,4,3,1,0.9289783481508493,,320.6
3454,-0.30000000000000004,0,4,3,1,0.9289783481508493,,320.7
3455,-4.300000000000001,0,4,3,1,0.9289783481508493,,320.7
3456,-0.30000000000000004,0,4,3,1,0.9289783481508493,,320.8
3457,-4.300000000000001,0,4,3,1,0.9289783481508493,,320.9
3458,-4.300000000000001,0,4,3,1,0.9289783481508493,,321.0
3459,-4.300000000000001,0,4,3,1,0.9289783481508493,,321.0
3460,-3.9000000000000004,0,8,3,1,0.9289783481508493,,321.1
3461,-4.300000000000001,0,4,3,1,0.9289783481508493,,321.2
3462,-4.300000000000001,0,4,3,1,0.9289783481508493,,321.2
3463,-4.300000000000001,0,4,3,1,0.9289783481508493,,321.3
3464,-4.300000000000001,0,4,3,1,0.9289783481508493,,321.4
3465,-4.300000000000001,0,4,3,1,0.9289783481508493,,321.4
3466,-0.30000000000000004,0,4,3,1,0.9289783481508493,,321.5
3467,-4.300000000000001,0,4,3,1,0.9289783481508493,,321.6
3468,-4.9,0,8,3,1,0.9289783481508493,,321.7
3469,-4.300000000000001,0,4,3,1,0.9289783481508493,,321.7
3470,-4.300000000000001,0,4,3,1,0.9289783481508493,,321.8
3471,-4.300000000000001,0,4,3,1,0.9289783481508493,,321.9
3472,-4.300000000000001,0,4,3,1,0.9289783481508493,,322.0
3473,-0.30000000000000004,0,4,3,1,0.9289783481508493,,322.0
3474,-4.300000000000001,0,4,3,1,0.9289783481508493,,322.1
3475,-4.300000000000001,0,4,3,1,0.9289783481508493,,322.2
3476,-4.300000000000001,0,4,3,1,0.9289783481508493,,322.2
3477,-4.300000000000001,0,4,3,1,0.9289783481508493,,322.3
3478,-4.300000000000001,0,4,3,1,0.9289783481508493,,322.4
3479,-4.300000000000001,0,4,3,1,0.9289783481508493,,322.4
3480,-4.6,0,6,3,1,0.9289783481508493,,322.5
3481,-0.30000000000000004,0,4,3,1,0.9289783481508493,,322.6
3482,-4.300000000000001,0,4,3,1,0.9289783481508493,,322.6
3483,-2.3000000000000003,0,4,3,1,0.9289783481508493,,322.7
3484,-4.300000000000001,0,4,3,1,0.9289783481508493,,322.8
3485,-0.30000000000000004,0,4,3,1,0.9289783481508493,,322.8
3486,-4.300000000000001,0,4,3,1,0.9289783481508493,,322.9
3487,5.7,1,4,3,1,0.9289783481508493,,323.0
3488,-4.300000000000001,0,4,3,1,0.9289783481508493,,323.0
3489,-4.300000000000001,0,4,3,1,0.9289783481508493,,323.1
3490,-4.300000000000001,0,4,3,1,0.9289783481508493,,323.1
3491,-4.300000000000001,0,4,3,1,0.9289783481508493,,323.2
3492,-4.300000000000001,0,4,3,1,0.9289783481508493,,323.3
3493,-4.300000000000001,0,4,3,1,0.9289783481508493,,323.4
3494,-2.3000000000000003,0,4,3,1,0.9289783481508493,,323.4
3495,-4.300000000000001,0,4,3,1,0.9289783481508493,,323.5
3496,-4.300000000000001,0,4,3,1,0.9289783481508493,,323.5
3497,-4.300000000000001,0,4,3,1,0.9289783481508493,,323.6
3498,-2.3000000000000003,0,4,3,1,0.9289783481508493,,323.6
3499,-4.300000000000001,0,4,3,1,0.9289783481508493,,323.7
3500,-4.300000000000001,0,4,3,1,0.9289783481508493,,323.8
3501,-4.300000000000001,0,4,3,1,0.9289783481508493,,328.4
3502,-0.30000000000000004,0,4,3,1,0.9289783481508493,,328.5
3503,-0.30000000000000004,0,4,3,1,0.9289783481508493,,328.5
3504,-4.300000000000001,0,4,3,1,0.9289783481508493,,328.6
3505,-4.300000000000001,0,4,3,1,0.9289783481508493,,328.6
3506,-0.30000000000000004,0,4,3,1,0.9289783481508493,,328.7
3507,-2.3000000000000003,0,4,3,1,0.9289783481508493,,328.7
3508,-2.3000000000000003,0,4,3,1,0.9289783481508493,,328.8
3509,-4.300000000000001,0,4,3,1,0.9289783481508493,,328.9
3510,-4.300000000000001,0,4,3,1,0.9289783481508493,,329.0
3511,-4.300000000000001,0,4,3,1,0.9289783481508493,,329.0
3512,-0.30000000000000004,0,4,3,1,0.9289783481508493,,329.1
3513,-4.300000000000001,0,4,3,1,0.9289783481508493,,329.1
3514,-4.300000000000001,0,4,3,1,0.9289783481508493,,329.2
3515,-4.300000000000001,0,4,3,1,0.9289783481508493,,329.2
3516,-4.300000000000001,0,4,3,1,0.9289783481508493,,329.3
3517,-2.3000000000000003,0,4,3,1,0.9289783481508493,,329.4
3518,-4.300000000000001,0,4,3,1,0.9289783481508493,,329.4
3519,-2.3000000000000003,0,4,3,1,0.9289783481508493,,329.5
3520,-4.300000000000001,0,4,3,1,0.9289783481508493,,329.6
3521,-2.3000000000000003,0,4,3,1,0.9289783481508493,,329.7
3522,-2.3000000000000003,0,4,3,1,0.9289783481508493,,329.7
3523,-2.3000000000000003,0,4,3,1,0.9289783481508493,,329.8
3524,-2.3000000000000003,0,4,3,1,0.9289783481508493,,329.8
3525,-3.6000000000000005,0,6,3,1,0.9289783481508493,,329.9
3526,-2.3000000000000003,0,4,3,1,0.9289783481508493,,329.9
3527,-4.300000000000001,0,4,3,1,0.9289783481508493,,330.0
3528,-5.6000000000000005,0,6,3,1,0.9289783481508493,,330.1
3529,-2.3000000000000003,0,4,3,1,0.9289783481508493,,330.2
3530,-4.300000000000001,0,4,3,1,0.9289783481508493,,330.3
3531,-4.300000000000001,0,4,3,1,0.9289783481508493,,330.4
3532,-2.3000000000000003,0,4,3,1,0.9289783481508493,,330.4
3533,-0.30000000000000004,0,4,3,1,0.9289783481508493,,330.5
3534,-4.300000000000001,0,4,3,1,0.9289783481508493,,330.5
3535,-4.6000000000000005,0,6,3,1,0.9289783481508493,,330.6
3536,-4.300000000000001,0,4,3,1,0.9289783481508493,,330.7
3537,-4.300000000000001,0,4,3,1,0.9289783481508493,,330.8
3538,-4.300000000000001,0,4,3,1,0.9289783481508493,,330.8
3539,-4.300000000000001,0,4,3,1,0.9289783481508493,,330.9
3540,-4.300000000000001,0,4,3,1,0.9289783481508493,,330.9
3541,-4.300000000000001,0,4,3,1,0.9289783481508493,,331.0
3542,-4.300000000000001,0,4,3,1,0.9289783481508493,,331.0
3543,-0.30000000000000004,0,4,3,1,0.9289783481508493,,331.1
3544,-4.300000000000001,0,4,3,1,0.9289783481508493,,331.1
3545,-5.6000000000000005,0,6,3,1,0.9289783481508493,,331.2
3546,-4.300000000000001,0,4,3,1,0.9289783481508493,,331.2
3547,-4.300000000000001,0,4,3,1,0.9289783481508493,,331.3
3548,-0.30000000000000004,0,4,3,1,0.9289783481508493,,331.4
3549,-4.300000000000001,0,4,3,1,0.9289783481508493,,331.4
3550,-4.300000000000001,0,4,3,1,0.9289783481508493,,331.5
3551,-4.300000000000001,0,4,3,1,0.9289783481508493,,331.6
3552,-4.300000000000001,0,4,3,1,0.9289783481508493,,331.7
3553,-2.3000000000000003,0,4,3,1,0.9289783481508493,,331.7
3554,-0.30000000000000004,0,4,3,1,0.9289783481508493,,331.8
3555,-4.300000000000001,0,4,3,1,0.9289783481508493,,331.8
3556,-2.3000000000000003,0,4,3,1,0.9289783481508493,,331.9
3557,-4.300000000000001,0,4,3,1,0.9289783481508493,,332.0
3558,5.7,1,4,3,1,0.9289783481508493,,332.1
3559,-4.300000000000001,0,4,3,1,0.9289783481508493,,332.2
3560,-4.300000000000001,0,4,3,1,0.9289783481508493,,332.2
3561,-3.6,0,6,3,1,0.9289783481508493,,332.3
3562,-4.300000000000001,0,4,3,1,0.9289783481508493,,332.4
3563,-2.3000000000000003,0,4,3,1,0.9289783481508493,,332.5
3564,-0.30000000000000004,0,4,3,1,0.9289783481508493,,332.5
3565,-4.300000000000001,0,4,3,1,0.9289783481508493,,332.6
3566,-5.6000000000000005,0,6,3,1,0.9289783481508493,,332.7
3567,-4.300000000000001,0,4,3,1,0.9289783481508493,,332.7
3568,5.7,1,4,3,1,0.9289783481508493,,332.8
3569,-4.300000000000001,0,4,3,1,0.8533045412041247,1.015837684739381,333.4
3570,-4.300000000000001,0,4,3,1,0.8533045412041247,,333.5
3571,-4.6000000000000005,0,6,3,1,0.8533045412041247,,333.5
3572,-4.300000000000001,0,4,3,1,0.8533045412041247,,333.6
3573,-5.6000000000000005,0,6,3,1,0.8533045412041247,,333.7
3574,-4.300000000000001,0,4,3,1,0.8533045412041247,,333.7
3575,-0.30000000000000004,0,4,3,1,0.8533045412041247,,333.8
3576,-0.30000000000000004,0,4,3,1,0.8533045412041247,,333.8
3577,-4.300000000000001,0,4,3,1,0.8533045412041247,,333.9
3578,-5.4,0,5,4,1,0.8533045412041247,,334.0
3579,5.7,1,4,3,1,0.8533045412041247,,334.1
3580,-4.300000000000001,0,4,3,1,0.8533045412041247,,334.1
3581,-2.3000000000000003,0,4,3,1,0.8533045412041247,,334.2
3582,-4.300000000000001,0,4,3,1,0.8533045412041247,,334.2
3583,-4.300000000000001,0,4,3,1,0.8533045412041247,,334.3
3584,-4.300000000000001,0,4,3,1,0.8533045412041247,,334.4
3585,-4.300000000000001,0,4,3,1,0.8533045412041247,,334.5
3586,-4.300000000000001,0,4,3,1,0.8533045412041247,,334.6
3587,-2.6,0,6,3,1,0.8533045412041247,,334.6
3588,-4.300000000000001,0,4,3,1,0.8533045412041247,,334.7
3589,-4.300000000000001,0,4,3,1,0.8533045412041247,,334.8
3590,-2.3000000000000003,0,4,3,1,0.8533045412041247,,334.8
3591,-4.300000000000001,0,4,3,1,0.8533045412041247,,334.9
3592,-4.300000000000001,0,4,3,1,0.8533045412041247,,334.9
3593,-4.300000000000001,0,4,3,1,0.8533045412041247,,334.9
3594,-4.300000000000001,0,4,3,1,0.8533045412041247,,335.0
3595,-2.6,0,6,3,1,0.8533045412041247,,335.1
3596,-2.6,0,6,3,1,0.8533045412041247,,335.1
3597,-4.300000000000001,0,4,3,1,0.8533045412041247,,335.1
3598,-4.300000000000001,0,4,3,1,0.8533045412041247,,335.2
3599,-4.300000000000001,0,4,3,1,0.8533045412041247,,335.2
3600,-4.300000000000001,0,4,3,1,0.8533045412041247,,335.3
3601,-2.3000000000000003,0,4,3,1,0.8533045412041247,,335.4
3602,-2.3000000000000003,0,4,3,1,0.8533045412041247,,335.4
3603,-4.300000000000001,0,4,3,1,0.8533045412041247,,335.5
3604,-4.300000000000001,0,4,3,1,0.8533045412041247,,335.6
3605,-2.3000000000000003,0,4,3,1,0.8533045412041247,,335.6
3606,-4.300000000000001,0,4,3,1,0.8533045412041247,,335.7
3607,-0.30000000000000004,0,4,3,1,0.8533045412041247,,335.8
3608,-4.300000000000001,0,4,3,1,0.8533045412041247,,335.8
3609,-5.6000000000000005,0,6,3,1,0.8533045412041247,,335.9
3610,-2.3000000000000003,0,4,3,1,0.8533045412041247,,336.0
3611,-2.3000000000000003,0,4,3,1,0.8533045412041247,,336.0
3612,-4.300000000000001,0,4,3,1,0.8533045412041247,,336.0
3613,-4.300000000000001,0,4,3,1,0.8533045412041247,,336.1
3614,-0.30000000000000004,0,4,3,1,0.8533045412041247,,336.2
3615,-4.300000000000001,0,4,3,1,0.8533045412041247,,336.2
3616,-4.300000000000001,0,4,3,1,0.8533045412041247,,336.3
3617,-4.300000000000001,0,4,3,1,0.8533045412041247,,336.4
3618,4.4,1,6,3,1,0.8533045412041247,,336.4
3619,-4.300000000000001,0,4,3,1,0.8533045412041247,,336.5
3620,-4.300000000000001,0,4,3,1,0.8533045412041247,,336.6
3621,-0.30000000000000004,0,4,3,1,0.8533045412041247,,336.6
3622,-2.3000000000000003,0,4,3,1,0.8533045412041247,,336.7
3623,-4.300000000000001,0,4,3,1,0.8533045412041247,,336.8
3624,-4.300000000000001,0,4,3,1,0.8533045412041247,,336.8
3625,5.7,1,4,3,1,0.8533045412041247,,336.9
3626,-4.300000000000001,0,4,3,1,0.8533045412041247,,336.9
3627,5.7,1,4,3,1,0.8533045412041247,,337.0
3628,-5.6000000000000005,0,6,3,1,0.8533045412041247,,337.1
3629,-4.300000000000001,0,4,3,1,0.8533045412041247,,337.1
3630,-4.6,0,6,3,1,0.8533045412041247,,337.2
3631,-4.300000000000001,0,4,3,1,0.8533045412041247,,337.3
3632,-4.300000000000001,0,4,3,1,0.8533045412041247,,337.4
3633,-4.300000000000001,0,4,3,1,0.8533045412041247,,337.4
3634,-0.6000000000000001,0,6,3,1,0.8533045412041247,,337.4
3635,-4.300000000000001,0,4,3,1,0.8533045412041247,,337.5
3636,-0.30000000000000004,0,4,3,1,0.8533045412041247,,337.5
3637,-4.300000000000001,0,4,3,1,0.8533045412041247,,337.6
3638,-4.300000000000001,0,4,3,1,0.8533045412041247,,337.7
3639,-5.6000000000000005,0,6,3,1,0.8533045412041247,,337.7
3640,-0.30000000000000004,0,4,3,1,0.8533045412041247,,337.8
3641,-2.3000000000000003,0,4,3,1,0.8533045412041247,,337.9
3642,-4.300000000000001,0,4,3,1,0.8533045412041247,,338.0
3643,-4.300000000000001,0,4,3,1,0.8533045412041247,,338.0
3644,-4.6000000000000005,0,6,3,1,0.8533045412041247,,338.1
3645,-2.3000000000000003,0,4,3,1,0.8533045412041247,,338.2
3646,-4.300000000000001,0,4,3,1,0.8533045412041247,,338.2
3647,-4.300000000000001,0,4,3,1,0.8533045412041247,,338.3
3648,-4.300000000000001,0,4,3,1,0.8533045412041247,,338.4
3649,-2.3000000000000003,0,4,3,1,0.8533045412041247,,338.5
3650,-4.300000000000001,0,4,3,1,0.8533045412041247,,338.5
3651,-4.6000000000000005,0,6,3,1,0.8533045412041247,,338.6
3652,-0.30000000000000004,0,4,3,1,0.8533045412041247,,338.7
3653,-2.3000000000000003,0,4,3,1,0.8533045412041247,,338.7
3654,-4.300000000000001,0,4,3,1,0.8533045412041247,,338.8
3655,-2.3000000000000003,0,4,3,1,0.8533045412041247,,338.8
3656,-0.30000000000000004,0,4,3,1,0.8533045412041247,,338.9
3657,-2.3000000000000003,0,4,3,1,0.8533045412041247,,339.0
3658,-4.300000000000001,0,4,3,1,0.8533045412041247,,339.0
3659,-2.3000000000000003,0,4,3,1,0.8533045412041247,,339.1
3660,-2.3000000000000003,0,4,3,1,0.8533045412041247,,339.1
3661,-4.300000000000001,0,4,3,1,0.8533045412041247,,339.2
3662,-0.30000000000000004,0,4,3,1,0.8533045412041247,,339.2
3663,-2.3000000000000003,0,4,3,1,0.8533045412041247,,339.3
3664,-2.3000000000000003,0,4,3,1,0.8533045412041247,,339.4
3665,-4.300000000000001,0,4,3,1,0.8533045412041247,,339.5
3666,-4.300000000000001,0,4,3,1,0.8533045412041247,,339.5
3667,-4.6,0,6,3,1,0.8533045412041247,,339.6
3668,5.7,1,4,3,1,0.8533045412041247,,339.6
3669,-4.300000000000001,0,4,3,1,0.8533045412041247,,339.7
3670,-4.300000000000001,0,4,3,1,0.8533045412041247,,339.7
3671,-4.300000000000001,0,4,3,1,0.8533045412041247,,339.8
3672,5.1,1,8,3,1,0.8533045412041247,,339.9
3673,-4.300000000000001,0,4,3,1,0.8533045412041247,,339.9
3674,-4.300000000000001,0,4,3,1,0.8533045412041247,,340.0
3675,-4.300000000000001,0,4,3,1,0.8533045412041247,,340.1
3676,-2.3000000000000003,0,4,3,1,0.8533045412041247,,340.2
3677,-0.30000000000000004,0,4,3,1,0.8533045412041247,,340.2
3678,-4.300000000000001,0,4,3,1,0.8533045412041247,,340.3
3679,-4.300000000000001,0,4,3,1,0.8533045412041247,,340.3
3680,-4.300000000000001,0,4,3,1,0.8533045412041247,,340.4
3681,-4.300000000000001,0,4,3,1,0.8533045412041247,,340.5
3682,-4.300000000000001,0,4,3,1,0.8533045412041247,,340.5
3683,-4.300000000000001,0,4,3,1,0.8533045412041247,,340.6
3684,-3.6000000000000005,0,6,3,1,0.8533045412041247,,340.7
3685,-4.300000000000001,0,4,3,1,0.8533045412041247,,340.8
3686,-4.300000000000001,0,4,3,1,0.8533045412041247,,340.9
3687,-4.300000000000001,0,4,3,1,0.8533045412041247,,340.9
3688,-4.300000000000001,0,4,3,1,0.8533045412041247,,341.0
3689,-4.300000000000001,0,4,3,1,0.8533045412041247,,341.1
3690,-4.300000000000001,0,4,3,1,0.8533045412041247,,341.1
3691,-4.300000000000001,0,4,3,1,0.8533045412041247,,341.2
3692,-4.300000000000001,0,4,3,1,0.8533045412041247,,341.2
3693,-4.300000000000001,0,4,3,1,0.8533045412041247,,341.3
3694,-4.300000000000001,0,4,3,1,0.8533045412041247,,341.4
3695,-4.300000000000001,0,4,3,1,0.8533045412041247,,341.4
3696,-4.300000000000001,0,4,3,1,0.8533045412041247,,341.5
3697,-4.300000000000001,0,4,3,1,0.8533045412041247,,341.6
3698,-2.3000000000000003,0,4,3,1,0.8533045412041247,,341.7
3699,-4.300000000000001,0,4,3,1,0.8533045412041247,,341.8
3700,-4.300000000000001,0,4,3,1,0.8533045412041247,,341.9
3701,-4.300000000000001,0,4,3,1,0.8533045412041247,,341.9
3702,-4.300000000000001,0,4,3,1,0.8533045412041247,,342.0
3703,-4.300000000000001,0,4,3,1,0.8533045412041247,,342.0
3704,-4.300000000000001,0,4,3,1,0.8533045412041247,,342.1
3705,-0.30000000000000004,0,4,3,1,0.8533045412041247,,342.1
3706,-2.3000000000000003,0,4,3,1,0.8533045412041247,,342.2
3707,-2.3000000000000003,0,4,3,1,0.8533045412041247,,342.3
3708,-4.300000000000001,0,4,3,1,0.8533045412041247,,342.3
3709,-4.300000000000001,0,4,3,1,0.8533045412041247,,342.4
3710,-4.300000000000001,0,4,3,1,0.8533045412041247,,342.5
3711,-2.3000000000000003,0,4,3,1,0.8533045412041247,,342.6
3712,-4.6000000000000005,0,6,3,1,0.8533045412041247,,342.6
3713,-4.300000000000001,0,4,3,1,0.8533045412041247,,342.7
3714,-4.300000000000001,0,4,3,1,0.8533045412041247,,342.7
3715,-2.3000000000000003,0,4,3,1,0.8533045412041247,,342.8
3716,5.7,1,4,3,1,0.8533045412041247,,342.9
3717,-2.3000000000000003,0,4,3,1,0.8533045412041247,,342.9
3718,5.7,1,4,3,1,0.8533045412041247,,342.9
3719,-4.300000000000001,0,4,3,1,0.8533045412041247,,343.0
3720,-4.300000000000001,0,4,3,1,0.8533045412041247,,343.0
3721,-4.300000000000001,0,4,3,1,0.8533045412041247,,343.1
3722,-4.300000000000001,0,4,3,1,0.8533045412041247,,343.2
3723,-4.300000000000001,0,4,3,1,0.8533045412041247,,343.2
3724,5.7,1,4,3,1,0.8533045412041247,,343.3
3725,-4.300000000000001,0,4,3,1,0.8533045412041247,,343.3
3726,-4.300000000000001,0,4,3,1,0.8533045412041247,,343.4
3727,-4.300000000000001,0,4,3,1,0.8533045412041247,,343.5
3728,-0.30000000000000004,0,4,3,1,0.8533045412041247,,343.6
3729,-4.300000000000001,0,4,3,1,0.8533045412041247,,343.6
3730,-4.300000000000001,0,4,3,1,0.8533045412041247,,343.7
3731,-0.30000000000000004,0,4,3,1,0.8533045412041247,,343.7
3732,-4.300000000000001,0,4,3,1,0.8533045412041247,,343.8
3733,-4.300000000000001,0,4,3,1,0.8533045412041247,,343.9
3734,-4.300000000000001,0,4,3,1,0.8533045412041247,,343.9
3735,-4.300000000000001,0,4,3,1,0.8533045412041247,,344.0
3736,-4.9,0,8,3,1,0.8533045412041247,,344.1
3737,-4.300000000000001,0,4,3,1,0.8533045412041247,,344.1
3738,-2.3000000000000003,0,4,3,1,0.8533045412041247,,344.1
3739,-2.3000000000000003,0,4,3,1,0.8533045412041247,,344.2
3740,4.4,1,6,3,1,0.8533045412041247,,344.3
3741,-4.300000000000001,0,4,3,1,0.8533045412041247,,344.4
3742,-4.300000000000001,0,4,3,1,0.8533045412041247,,344.4
3743,-4.300000000000001,0,4,3,1,0.8533045412041247,,344.5
3744,-4.300000000000001,0,4,3,1,0.8533045412041247,,344.6
3745,-2.3000000000000003,0,4,3,1,0.8533045412041247,,344.7
3746,-0.30000000000000004,0,4,3,1,0.8533045412041247,,344.7
3747,-4.300000000000001,0,4,3,1,0.8533045412041247,,344.8
3748,-4.300000000000001,0,4,3,1,0.8533045412041247,,344.8
3749,-2.3000000000000003,0,4,3,1,0.8533045412041247,,344.9
3750,-4.300000000000001,0,4,3,1,0.8533045412041247,,345.0
3751,-4.300000000000001,0,4,3,1,0.8533045412041247,,345.0
3752,-4.300000000000001,0,4,3,1,0.8533045412041247,,345.1
3753,-4.300000000000001,0,4,3,1,0.8533045412041247,,345.2
3754,-4.300000000000001,0,4,3,1,0.8533045412041247,,345.3
3755,-4.300000000000001,0,4,3,1,0.8533045412041247,,345.3
3756,-4.300000000000001,0,4,3,1,0.8533045412041247,,345.4
3757,-2.3000000000000003,0,4,3,1,0.8533045412041247,,345.5
3758,-4.300000000000001,0,4,3,1,0.8533045412041247,,345.5
3759,-4.300000000000001,0,4,3,1,0.8533045412041247,,345.6
3760,-4.9,0,8,3,1,0.8533045412041247,,345.7
3761,-2.3000000000000003,0,4,3,1,0.8533045412041247,,345.7
3762,-4.300000000000001,0,4,3,1,0.8533045412041247,,345.8
3763,-4.300000000000001,0,4,3,1,0.8533045412041247,,345.9
3764,-4.300000000000001,0,4,3,1,0.8533045412041247,,346.0
3765,-4.300000000000001,0,4,3,1,0.8533045412041247,,346.0
3766,5.7,1,4,3,1,0.8533045412041247,,346.1
3767,-4.300000000000001,0,4,3,1,0.8533045412041247,,346.2
3768,5.7,1,4,3,1,0.8533045412041247,,346.2
3769,-4.6000000000000005,0,6,3,1,0.8533045412041247,,346.3
3770,-4.300000000000001,0,4,3,1,0.8533045412041247,,346.4
3771,-4.300000000000001,0,4,3,1,0.8533045412041247,,346.4
3772,-4.300000000000001,0,4,3,1,0.8533045412041247,,346.5
3773,-1.6,0,6,3,1,0.8533045412041247,,346.6
3774,-4.300000000000001,0,4,3,1,0.8533045412041247,,346.6
3775,-4.300000000000001,0,4,3,1,0.8533045412041247,,346.7
3776,-2.3000000000000003,0,4,3,1,0.8533045412041247,,346.8
3777,-4.300000000000001,0,4,3,1,0.8533045412041247,,346.8
3778,-4.300000000000001,0,4,3,1,0.8533045412041247,,346.9
3779,-0.30000000000000004,0,4,3,1,0.8533045412041247,,347.0
3780,-4.300000000000001,0,4,3,1,0.8533045412041247,,347.0
3781,-4.300000000000001,0,4,3,1,0.8533045412041247,,347.1
3782,-2.3000000000000003,0,4,3,1,0.8533045412041247,,347.2
3783,-5.6000000000000005,0,6,3,1,0.8533045412041247,,347.3
3784,-4.300000000000001,0,4,3,1,0.8533045412041247,,347.3
3785,-4.300000000000001,0,4,3,1,0.8533045412041247,,347.4
3786,-4.300000000000001,0,4,3,1,0.8533045412041247,,347.4
3787,-4.300000000000001,0,4,3,1,0.8533045412041247,,347.5
3788,-2.3000000000000003,0,4,3,1,0.8533045412041247,,347.5
3789,5.7,1,4,3,1,0.8533045412041247,,347.6
3790,-2.3000000000000003,0,4,3,1,0.8533045412041247,,347.7
3791,-4.300000000000001,0,4,3,1,0.8533045412041247,,347.7
3792,-4.300000000000001,0,4,3,1,0.8533045412041247,,347.8
3793,-4.300000000000001,0,4,3,1,0.8533045412041247,,347.8
3794,-4.300000000000001,0,4,3,1,0.8533045412041247,,347.9
3795,-4.300000000000001,0,4,3,1,0.8533045412041247,,348.0
3796,-4.300000000000001,0,4,3,1,0.8533045412041247,,348.1
3797,-2.3000000000000003,0,4,3,1,0.8533045412041247,,348.2
3798,-2.3000000000000003,0,4,3,1,0.8533045412041247,,348.2
3799,-4.300000000000001,0,4,3,1,0.8533045412041247,,348.3
3800,-2.3000000000000003,0,4,3,1,0.8533045412041247,,348.4
3801,-4.300000000000001,0,4,3,1,0.8533045412041247,,348.4
3802,-4.300000000000001,0,4,3,1,0.8533045412041247,,348.5
3803,-2.3000000000000003,0,4,3,1,0.8533045412041247,,348.5
3804,5.7,1,4,3,1,0.8533045412041247,,348.6
3805,-4.300000000000001,0,4,3,1,0.8533045412041247,,348.6
3806,-4.300000000000001,0,4,3,1,0.8533045412041247,,348.7
3807,-4.300000000000001,0,4,3,1,0.8533045412041247,,348.8
3808,5.7,1,4,3,1,0.8533045412041247,,348.8
3809,-4.300000000000001,0,4,3,1,0.8533045412041247,,348.9
3810,-4.300000000000001,0,4,3,1,0.8533045412041247,,349.0
3811,-4.300000000000001,0,4,3,1,0.8533045412041247,,349.0
3812,-4.300000000000001,0,4,3,1,0.8533045412041247,,349.1
3813,-4.300000000000001,0,4,3,1,0.8533045412041247,,349.2
3814,-3.6000000000000005,0,6,3,1,0.8533045412041247,,349.3
3815,-4.300000000000001,0,4,3,1,0.8533045412041247,,349.3
3816,-0.30000000000000004,0,4,3,1,0.8533045412041247,,349.4
3817,-4.300000000000001,0,4,3,1,0.8533045412041247,,349.5
3818,-2.3000000000000003,0,4,3,1,0.8533045412041247,,349.5
3819,-0.30000000000000004,0,4,3,1,0.8533045412041247,,349.6
3820,-4.300000000000001,0,4,3,1,0.8533045412041247,,349.7
3821,-2.3000000000000003,0,4,3,1,0.8533045412041247,,349.7
3822,-4.300000000000001,0,4,3,1,0.8533045412041247,,349.8
3823,-4.300000000000001,0,4,3,1,0.8533045412041247,,349.9
3824,5.7,1,4,3,1,0.8533045412041247,,350.0
3825,-2.3000000000000003,0,4,3,1,0.8533045412041247,,350.0
3826,-2.3000000000000003,0,4,3,1,0.8533045412041247,,350.1
3827,-4.300000000000001,0,4,3,1,0.8533045412041247,,350.1
3828,-4.6000000000000005,0,6,3,1,0.8533045412041247,,350.2
3829,-4.300000000000001,0,4,3,1,0.8533045412041247,,350.2
3830,-0.30000000000000004,0,4,3,1,0.8533045412041247,,350.3
3831,-4.300000000000001,0,4,3,1,0.8533045412041247,,350.4
3832,-2.3000000000000003,0,4,3,1,0.8533045412041247,,350.5
3833,-4.300000000000001,0,4,3,1,0.8533045412041247,,350.5
3834,-4.300000000000001,0,4,3,1,0.8533045412041247,,350.6
3835,-4.300000000000001,0,4,3,1,0.8533045412041247,,350.7
3836,-2.3000000000000003,0,4,3,1,0.8533045412041247,,350.8
3837,-4.300000000000001,0,4,3,1,0.8533045412041247,,350.8
3838,-4.300000000000001,0,4,3,1,0.8533045412041247,,350.9
3839,-2.3000000000000003,0,4,3,1,0.8533045412041247,,351.0
3840,-4.300000000000001,0,4,3,1,0.8533045412041247,,351.1
3841,-4.300000000000001,0,4,3,1,0.8533045412041247,,351.1
3842,-4.300000000000001,0,4,3,1,0.8533045412041247,,351.2
3843,-4.300000000000001,0,4,3,1,0.8533045412041247,,351.3
3844,-4.300000000000001,0,4,3,1,0.8533045412041247,,351.3
3845,-1.6,0,6,3,1,0.8533045412041247,,351.4
3846,5.7,1,4,3,1,0.8533045412041247,,351.4
3847,-5.6000000000000005,0,6,3,1,0.8533045412041247,,351.5
3848,-2.3000000000000003,0,4,3,1,0.8533045412041247,,351.6
3849,-4.300000000000001,0,4,3,1,0.8533045412041247,,351.7
3850,-4.6000000000000005,0,6,3,1,0.8533045412041247,,351.8
3851,-4.300000000000001,0,4,3,1,0.8533045412041247,,351.9
3852,-2.6,0,6,3,1,0.8533045412041247,,351.9
3853,-4.300000000000001,0,4,3,1,0.8533045412041247,,351.9
3854,-4.300000000000001,0,4,3,1,0.8533045412041247,,352.0
3855,-4.300000000000001,0,4,3,1,0.8533045412041247,,352.0
3856,-4.300000000000001,0,4,3,1,0.8533045412041247,,352.1
3857,-2.3000000000000003,0,4,3,1,0.8533045412041247,,352.1
3858,-4.300000000000001,0,4,3,1,0.8533045412041247,,352.2
3859,-4.300000000000001,0,4,3,1,0.8533045412041247,,352.3
3860,5.7,1,4,3,1,0.8533045412041247,,352.3
3861,-4.300000000000001,0,4,3,1,0.8533045412041247,,352.4
3862,-2.3000000000000003,0,4,3,1,0.8533045412041247,,352.5
3863,-2.3000000000000003,0,4,3,1,0.8533045412041247,,352.5
3864,-4.300000000000001,0,4,3,1,0.8533045412041247,,352.6
3865,-4.300000000000001,0,4,3,1,0.8533045412041247,,352.6
3866,-4.300000000000001,0,4,3,1,0.8533045412041247,,352.7
3867,-4.300000000000001,0,4,3,1,0.8533045412041247,,352.8
3868,-2.3000000000000003,0,4,3,1,0.8533045412041247,,352.8
3869,-4.300000000000001,0,4,3,1,0.8533045412041247,,352.8
3870,-1.6,0,6,3,1,0.8533045412041247,,352.9
3871,-4.300000000000001,0,4,3,1,0.8533045412041247,,352.9
3872,-2.3000000000000003,0,4,3,1,0.8533045412041247,,353.0
3873,-4.300000000000001,0,4,3,1,0.8533045412041247,,353.0
3874,-4.300000000000001,0,4,3,1,0.8533045412041247,,353.1
3875,-5.4,0,5,4,1,0.8533045412041247,,353.2
3876,-4.300000000000001,0,4,3,1,0.8533045412041247,,353.2
3877,-1.6,0,6,3,1,0.8533045412041247,,353.3
3878,-0.30000000000000004,0,4,3,1,0.8533045412041247,,353.4
3879,-4.300000000000001,0,4,3,1,0.8533045412041247,,353.4
3880,-4.300000000000001,0,4,3,1,0.8533045412041247,,353.5
3881,-4.300000000000001,0,4,3,1,0.8533045412041247,,353.6
3882,-4.300000000000001,0,4,3,1,0.8533045412041247,,353.7
3883,-4.300000000000001,0,4,3,1,0.8533045412041247,,353.7
3884,-4.300000000000001,0,4,3,1,0.8533045412041247,,353.8
3885,-4.300000000000001,0,4,3,1,0.8533045412041247,,353.8
3886,-4.300000000000001,0,4,3,1,0.8533045412041247,,353.9
3887,5.7,1,4,3,1,0.8533045412041247,,353.9
3888,-4.300000000000001,0,4,3,1,0.8533045412041247,,354.0
3889,-4.9,0,8,3,1,0.8533045412041247,,354.1
3890,-2.6,0,6,3,1,0.8533045412041247,,354.1
3891,-4.300000000000001,0,4,3,1,0.8533045412041247,,354.2
3892,-2.3000000000000003,0,4,3,1,0.8533045412041247,,354.2
3893,-2.3000000000000003,0,4,3,1,0.8533045412041247,,354.3
3894,-2.3000000000000003,0,4,3,1,0.8533045412041247,,354.3
3895,-4.300000000000001,0,4,3,1,0.8533045412041247,,354.4
3896,-0.30000000000000004,0,4,3,1,0.8533045412041247,,354.5
3897,-0.30000000000000004,0,4,3,1,0.8533045412041247,,354.5
3898,-0.30000000000000004,0,4,3,1,0.8533045412041247,,354.6
3899,-4.300000000000001,0,4,3,1,0.8533045412041247,,354.6
3900,-4.300000000000001,0,4,3,1,0.8533045412041247,,354.7
3901,-4.300000000000001,0,4,3,1,0.8533045412041247,,354.7
3902,-4.300000000000001,0,4,3,1,0.8533045412041247,,354.8
3903,-4.300000000000001,0,4,3,1,0.8533045412041247,,354.8
3904,-0.30000000000000004,0,4,3,1,0.8533045412041247,,354.9
3905,-4.300000000000001,0,4,3,1,0.8533045412041247,,355.0
3906,-4.300000000000001,0,4,3,1,0.8533045412041247,,355.1
3907,-2.3000000000000003,0,4,3,1,0.8533045412041247,,355.1
3908,-4.300000000000001,0,4,3,1,0.8533045412041247,,355.2
3909,-4.300000000000001,0,4,3,1,0.8533045412041247,,355.3
3910,-2.3000000000000003,0,4,3,1,0.8533045412041247,,355.4
3911,-4.300000000000001,0,4,3,1,0.8533045412041247,,355.4
3912,-2.3000000000000003,0,4,3,1,0.8533045412041247,,355.4
3913,-4.300000000000001,0,4,3,1,0.8533045412041247,,355.5
3914,-4.300000000000001,0,4,3,1,0.8533045412041247,,355.6
3915,-4.300000000000001,0,4,3,1,0.8533045412041247,,355.6
3916,-2.6,0,6,3,1,0.8533045412041247,,355.7
3917,-2.3000000000000003,0,4,3,1,0.8533045412041247,,355.8
3918,-4.300000000000001,0,4,3,1,0.8533045412041247,,355.9
3919,-2.3000000000000003,0,4,3,1,0.8533045412041247,,355.9
3920,-4.300000000000001,0,4,3,1,0.8533045412041247,,356.0
3921,-2.3000000000000003,0,4,3,1,0.8533045412041247,,356.0
3922,-4.300000000000001,0,4,3,1,0.8533045412041247,,356.1
3923,-5.9,0,8,3,1,0.8533045412041247,,356.2
3924,-4.300000000000001,0,4,3,1,0.8533045412041247,,356.2
3925,-4.300000000000001,0,4,3,1,0.8533045412041247,,356.3
3926,-4.300000000000001,0,4,3,1,0.8533045412041247,,356.4
3927,-4.300000000000001,0,4,3,1,0.8533045412041247,,356.5
3928,-3.6,0,6,3,1,0.8533045412041247,,356.6
3929,-0.30000000000000004,0,4,3,1,0.8533045412041247,,356.6
3930,-4.300000000000001,0,4,3,1,0.8533045412041247,,356.7
3931,-4.300000000000001,0,4,3,1,0.8533045412041247,,356.8
3932,-0.30000000000000004,0,4,3,1,0.8533045412041247,,356.8
3933,-4.300000000000001,0,4,3,1,0.8533045412041247,,356.9
3934,-4.300000000000001,0,4,3,1,0.8533045412041247,,357.0
3935,-4.300000000000001,0,4,3,1,0.8533045412041247,,357.1
3936,-4.300000000000001,0,4,3,1,0.8533045412041247,,357.1
3937,-4.300000000000001,0,4,3,1,0.8533045412041247,,357.2
3938,-4.300000000000001,0,4,3,1,0.8533045412041247,,357.2
3939,5.7,1,4,3,1,0.8533045412041247,,357.3
3940,-3.4000000000000004,0,5,4,1,0.8533045412041247,,357.4
3941,-4.300000000000001,0,4,3,1,0.8533045412041247,,357.5
3942,-0.30000000000000004,0,4,3,1,0.8533045412041247,,357.6
3943,-4.300000000000001,0,4,3,1,0.8533045412041247,,357.6
3944,-2.3000000000000003,0,4,3,1,0.8533045412041247,,357.7
3945,-2.3000000000000003,0,4,3,1,0.8533045412041247,,357.7
3946,-4.300000000000001,0,4,3,1,0.8533045412041247,,357.8
3947,-4.300000000000001,0,4,3,1,0.8533045412041247,,357.8
3948,-4.300000000000001,0,4,3,1,0.8533045412041247,,357.9
3949,-4.300000000000001,0,4,3,1,0.8533045412041247,,358.0
3950,-0.30000000000000004,0,4,3,1,0.8533045412041247,,358.1
3951,-4.6,0,6,3,1,0.8533045412041247,,358.2
3952,-4.300000000000001,0,4,3,1,0.8533045412041247,,358.2
3953,-4.300000000000001,0,4,3,1,0.8533045412041247,,358.3
3954,-4.300000000000001,0,4,3,1,0.8533045412041247,,358.3
3955,-2.3000000000000003,0,4,3,1,0.8533045412041247,,358.3
3956,-4.300000000000001,0,4,3,1,0.8533045412041247,,358.4
3957,-2.3000000000000003,0,4,3,1,0.8533045412041247,,358.5
3958,5.7,1,4,3,1,0.8533045412041247,,358.5
3959,-2.3000000000000003,0,4,3,1,0.8533045412041247,,358.6
3960,-4.300000000000001,0,4,3,1,0.8533045412041247,,358.7
3961,-2.3000000000000003,0,4,3,1,0.8533045412041247,,358.7
3962,-0.30000000000000004,0,4,3,1,0.8533045412041247,,358.7
3963,-0.30000000000000004,0,4,3,1,0.8533045412041247,,358.8
3964,-4.300000000000001,0,4,3,1,0.8533045412041247,,358.9
3965,5.7,1,4,3,1,0.8533045412041247,,358.9
3966,-4.300000000000001,0,4,3,1,0.8533045412041247,,359.0
3967,-4.300000000000001,0,4,3,1,0.8533045412041247,,359.0
3968,-2.3000000000000003,0,4,3,1,0.8533045412041247,,359.1
3969,-0.30000000000000004,0,4,3,1,0.8533045412041247,,359.2
3970,-3.6000000000000005,0,6,3,1,0.8533045412041247,,359.3
3971,-4.300000000000001,0,4,3,1,0.8533045412041247,,359.3
3972,-0.30000000000000004,0,4,3,1,0.8533045412041247,,359.3
3973,-4.300000000000001,0,4,3,1,0.8533045412041247,,359.4
3974,-4.300000000000001,0,4,3,1,0.8533045412041247,,359.5
3975,-4.300000000000001,0,4,3,1,0.8533045412041247,,359.6
3976,-2.3000000000000003,0,4,3,1,0.8533045412041247,,359.6
3977,-2.3000000000000003,0,4,3,1,0.8533045412041247,,359.7
3978,-4.300000000000001,0,4,3,1,0.8533045412041247,,359.8
3979,-4.300000000000001,0,4,3,1,0.8533045412041247,,359.8
3980,-4.300000000000001,0,4,3,1,0.8533045412041247,,359.8
3981,-5.6000000000000005,0,6,3,1,0.8533045412041247,,359.9
3982,-4.300000000000001,0,4,3,1,0.8533045412041247,,360.0
3983,-4.300000000000001,0,4,3,1,0.8533045412041247,,360.1
3984,-0.30000000000000004,0,4,3,1,0.8533045412041247,,360.1
3985,-4.300000000000001,0,4,3,1,0.8533045412041247,,360.2
3986,-5.9,0,8,3,1,0.8533045412041247,,360.3
3987,-2.3000000000000003,0,4,3,1,0.8533045412041247,,360.3
3988,-2.3000000000000003,0,4,3,1,0.8533045412041247,,360.5
3989,-4.300000000000001,0,4,3,1,0.8533045412041247,,360.6
3990,-0.30000000000000004,0,4,3,1,0.8533045412041247,,360.6
3991,-4.300000000000001,0,4,3,1,0.8533045412041247,,360.7
3992,-2.3000000000000003,0,4,3,1,0.8533045412041247,,360.7
3993,-2.3000000000000003,0,4,3,1,0.8533045412041247,,360.8
3994,-4.300000000000001,0,4,3,1,0.8533045412041247,,360.8
3995,-0.30000000000000004,0,4,3,1,0.8533045412041247,,360.9
3996,-4.300000000000001,0,4,3,1,0.8533045412041247,,360.9
3997,-4.300000000000001,0,4,3,1,0.8533045412041247,,361.0
3998,-3.6,0,6,3,1,0.8533045412041247,,361.1
3999,-2.3000000000000003,0,4,3,1,0.8533045412041247,,361.2
4000,-2.3000000000000003,0,4,3,1,0.8533045412041247,,361.2
4001,-2.3000000000000003,0,4,3,1,0.8533045412041247,,366.2
4002,-4.300000000000001,0,4,3,1,0.8533045412041247,,366.3
4003,-2.3000000000000003,0,4,3,1,0.8533045412041247,,366.3
4004,-2.3000000000000003,0,4,3,1,0.8533045412041247,,366.4
4005,-4.300000000000001,0,4,3,1,0.8533045412041247,,366.4
4006,-2.3000000000000003,0,4,3,1,0.8533045412041247,,366.5
4007,5.7,1,4,3,1,0.8533045412041247,,366.6
4008,-4.300000000000001,0,4,3,1,0.8533045412041247,,366.7
4009,-4.300000000000001,0,4,3,1,0.8533045412041247,,366.7
4010,-4.300000000000001,0,4,3,1,0.8533045412041247,,366.8
4011,-4.300000000000001,0,4,3,1,0.8533045412041247,,366.9
4012,5.7,1,4,3,1,0.8533045412041247,,367.0
4013,-4.300000000000001,0,4,3,1,0.8533045412041247,,367.1
4014,-4.300000000000001,0,4,3,1,0.8533045412041247,,367.2
4015,-4.6000000000000005,0,6,3,1,0.8533045412041247,,367.2
4016,-4.300000000000001,0,4,3,1,0.8533045412041247,,367.3
4017,-0.30000000000000004,0,4,3,1,0.8533045412041247,,367.4
4018,-4.300000000000001,0,4,3,1,0.8533045412041247,,367.5
4019,-4.300000000000001,0,4,3,1,0.8533045412041247,,367.5
4020,-4.300000000000001,0,4,3,1,0.8533045412041247,,367.6
4021,-0.6000000000000001,0,6,3,1,0.8533045412041247,,367.7
4022,-4.300000000000001,0,4,3,1,0.8533045412041247,,367.7
4023,-0.30000000000000004,0,4,3,1,0.8533045412041247,,367.8
4024,-4.300000000000001,0,4,3,1,0.8533045412041247,,367.8
4025,-4.300000000000001,0,4,3,1,0.8533045412041247,,367.9
4026,-2.3000000000000003,0,4,3,1,0.8533045412041247,,367.9
4027,-2.3000000000000003,0,4,3,1,0.8533045412041247,,368.0
4028,-4.300000000000001,0,4,3,1,0.8533045412041247,,368.1
4029,-4.300000000000001,0,4,3,1,0.8533045412041247,,368.1
4030,-4.300000000000001,0,4,3,1,0.8533045412041247,,368.2
4031,-4.300000000000001,0,4,3,1,0.8533045412041247,,368.3
4032,-4.300000000000001,0,4,3,1,0.8533045412041247,,368.4
4033,-2.3000000000000003,0,4,3,1,0.8533045412041247,,368.6
4034,-4.300000000000001,0,4,3,1,0.8533045412041247,,368.7
4035,-4.300000000000001,0,4,3,1,0.8533045412041247,,368.7
4036,-4.300000000000001,0,4,3,1,0.8533045412041247,,368.8
4037,-4.300000000000001,0,4,3,1,0.8533045412041247,,368.9
4038,-4.300000000000001,0,4,3,1,0.8533045412041247,,368.9
4039,-4.300000000000001,0,4,3,1,0.8533045412041247,,369.0
4040,-4.300000000000001,0,4,3,1,0.8533045412041247,,369.1
4041,-4.300000000000001,0,4,3,1,0.8533045412041247,,369.2
4042,-5.6000000000000005,0,6,3,1,0.8533045412041247,,369.3
4043,-4.300000000000001,0,4,3,1,0.8533045412041247,,369.3
4044,-2.3000000000000003,0,4,3,1,0.8533045412041247,,369.4
4045,-2.3000000000000003,0,4,3,1,0.8533045412041247,,369.5
4046,-2.3000000000000003,0,4,3,1,0.8533045412041247,,369.5
4047,-4.300000000000001,0,4,3,1,0.8533045412041247,,369.6
4048,-2.3000000000000003,0,4,3,1,0.8533045412041247,,369.6
4049,-0.30000000000000004,0,4,3,1,0.8533045412041247,,369.7
4050,-4.300000000000001,0,4,3,1,0.8533045412041247,,369.7
4051,5.7,1,4,3,1,0.8533045412041247,,369.8
4052,-0.30000000000000004,0,4,3,1,0.8533045412041247,,369.9
4053,-4.300000000000001,0,4,3,1,0.8533045412041247,,370.0
4054,5.7,1,4,3,1,0.8533045412041247,,370.0
4055,-4.300000000000001,0,4,3,1,0.8297188929282129,1.0177327326964587,370.6
4056,-4.300000000000001,0,4,3,1,0.8297188929282129,,370.7
4057,-0.30000000000000004,0,4,3,1,0.8297188929282129,,370.8
4058,-4.300000000000001,0,4,3,1,0.8297188929282129,,370.8
4059,-5.9,0,8,3,1,0.8297188929282129,,370.9
4060,-0.30000000000000004,0,4,3,1,0.8297188929282129,,371.0
4061,-4.300000000000001,0,4,3,1,0.8297188929282129,,371.0
4062,-4.300000000000001,0,4,3,1,0.8297188929282129,,371.1
4063,-4.300000000000001,0,4,3,1,0.8297188929282129,,371.1
4064,-4.300000000000001,0,4,3,1,0.8297188929282129,,371.2
4065,-2.3000000000000003,0,4,3,1,0.8297188929282129,,371.2
4066,-5.6000000000000005,0,6,3,1,0.8297188929282129,,371.3
4067,-4.300000000000001,0,4,3,1,0.8297188929282129,,371.4
4068,-4.300000000000001,0,4,3,1,0.8297188929282129,,371.5
4069,-4.300000000000001,0,4,3,1,0.8297188929282129,,371.5
4070,-4.300000000000001,0,4,3,1,0.8297188929282129,,371.6
4071,-4.300000000000001,0,4,3,1,0.8297188929282129,,371.7
4072,-0.30000000000000004,0,4,3,1,0.8297188929282129,,371.7
4073,-4.300000000000001,0,4,3,1,0.8297188929282129,,371.8
4074,-4.300000000000001,0,4,3,1,0.8297188929282129,,371.9
4075,-4.300000000000001,0,4,3,1,0.8297188929282129,,371.9
4076,-5.6000000000000005,0,6,3,1,0.8297188929282129,,372.0
4077,-2.3000000000000003,0,4,3,1,0.8297188929282129,,372.0
4078,-0.30000000000000004,0,4,3,1,0.8297188929282129,,372.1
4079,-4.300000000000001,0,4,3,1,0.8297188929282129,,372.2
4080,-4.300000000000001,0,4,3,1,0.8297188929282129,,372.2
4081,-4.300000000000001,0,4,3,1,0.8297188929282129,,372.3
4082,5.7,1,4,3,1,0.8297188929282129,,372.3
4083,-4.300000000000001,0,4,3,1,0.8297188929282129,,372.4
4084,-4.300000000000001,0,4,3,1,0.8297188929282129,,372.4
4085,-2.3000000000000003,0,4,3,1,0.8297188929282129,,372.6
4086,-4.300000000000001,0,4,3,1,0.8297188929282129,,372.6
4087,-4.300000000000001,0,4,3,1,0.8297188929282129,,372.7
4088,-2.3000000000000003,0,4,3,1,0.8297188929282129,,372.7
4089,-4.300000000000001,0,4,3,1,0.8297188929282129,,372.8
4090,-4.300000000000001,0,4,3,1,0.8297188929282129,,372.9
4091,5.7,1,4,3,1,0.8297188929282129,,372.9
4092,-4.300000000000001,0,4,3,1,0.8297188929282129,,373.0
4093,-2.3000000000000003,0,4,3,1,0.8297188929282129,,373.1
4094,-0.6000000000000001,0,6,3,1,0.8297188929282129,,373.2
4095,-4.300000000000001,0,4,3,1,0.8297188929282129,,373.2
4096,-0.30000000000000004,0,4,3,1,0.8297188929282129,,373.3
4097,-2.3000000000000003,0,4,3,1,0.8297188929282129,,373.3
4098,-0.30000000000000004,0,4,3,1,0.8297188929282129,,373.4
4099,-4.300000000000001,0,4,3,1,0.8297188929282129,,373.4
4100,-4.300000000000001,0,4,3,1,0.8297188929282129,,373.5
4101,-4.300000000000001,0,4,3,1,0.8297188929282129,,373.5
4102,-4.300000000000001,0,4,3,1,0.8297188929282129,,373.6
4103,-4.300000000000001,0,4,3,1,0.8297188929282129,,373.7
4104,-0.30000000000000004,0,4,3,1,0.8297188929282129,,373.8
4105,5.7,1,4,3,1,0.8297188929282129,,373.9
4106,-4.300000000000001,0,4,3,1,0.8297188929282129,,374.0
4107,-2.3000000000000003,0,4,3,1,0.8297188929282129,,374.0
4108,-0.30000000000000004,0,4,3,1,0.8297188929282129,,374.1
4109,-4.300000000000001,0,4,3,1,0.8297188929282129,,374.1
4110,-4.300000000000001,0,4,3,1,0.8297188929282129,,374.2
4111,-2.3000000000000003,0,4,3,1,0.8297188929282129,,374.3
4112,-4.300000000000001,0,4,3,1,0.8297188929282129,,374.4
4113,-4.300000000000001,0,4,3,1,0.8297188929282129,,374.4
4114,-4.300000000000001,0,4,3,1,0.8297188929282129,,374.5
4115,-4.700000000000001,0,7,4,1,0.8297188929282129,,374.6
4116,-4.300000000000001,0,4,3,1,0.8297188929282129,,374.6
4117,-4.300000000000001,0,4,3,1,0.8297188929282129,,374.7
4118,-4.300000000000001,0,4,3,1,0.8297188929282129,,374.7
4119,-6.9,0,8,3,1,0.8297188929282129,,374.8
4120,-4.300000000000001,0,4,3,1,0.8297188929282129,,374.9
4121,-4.300000000000001,0,4,3,1,0.8297188929282129,,374.9
4122,5.7,1,4,3,1,0.8297188929282129,,375.0
4123,-4.300000000000001,0,4,3,1,0.8297188929282129,,375.0
4124,-4.300000000000001,0,4,3,1,0.8297188929282129,,375.1
4125,-2.3000000000000003,0,4,3,1,0.8297188929282129,,375.2
4126,-0.30000000000000004,0,4,3,1,0.8297188929282129,,375.3
4127,-0.30000000000000004,0,4,3,1,0.8297188929282129,,375.4
4128,-5.700000000000001,0,7,4,1,0.8297188929282129,,375.5
4129,-4.300000000000001,0,4,3,1,0.8297188929282129,,375.6
4130,-4.300000000000001,0,4,3,1,0.8297188929282129,,375.6
4131,-2.3000000000000003,0,4,3,1,0.8297188929282129,,375.7
4132,-4.6000000000000005,0,6,3,1,0.8297188929282129,,375.8
4133,-4.300000000000001,0,4,3,1,0.8297188929282129,,375.8
4134,-4.300000000000001,0,4,3,1,0.8297188929282129,,375.9
4135,-2.3000000000000003,0,4,3,1,0.8297188929282129,,375.9
4136,-4.300000000000001,0,4,3,1,0.8297188929282129,,376.0
4137,-2.3000000000000003,0,4,3,1,0.8297188929282129,,376.1
4138,-4.300000000000001,0,4,3,1,0.8297188929282129,,376.2
4139,5.4,1,6,3,1,0.8297188929282129,,376.2
4140,-4.300000000000001,0,4,3,1,0.8297188929282129,,376.3
4141,-4.300000000000001,0,4,3,1,0.8297188929282129,,376.4
4142,-4.300000000000001,0,4,3,1,0.8297188929282129,,376.5
4143,-2.3000000000000003,0,4,3,1,0.8297188929282129,,376.5
4144,-4.300000000000001,0,4,3,1,0.8297188929282129,,376.6
4145,-4.300000000000001,0,4,3,1,0.8297188929282129,,376.6
4146,0.6000000000000001,0,5,4,1,0.8297188929282129,,376.7
4147,-4.300000000000001,0,4,3,1,0.8297188929282129,,376.8
4148,-0.30000000000000004,0,4,3,1,0.8297188929282129,,376.9
4149,-0.30000000000000004,0,4,3,1,0.8297188929282129,,377.0
4150,-4.300000000000001,0,4,3,1,0.8297188929282129,,377.0
4151,-0.30000000000000004,0,4,3,1,0.8297188929282129,,377.1
4152,-4.300000000000001,0,4,3,1,0.8297188929282129,,377.2
4153,-4.300000000000001,0,4,3,1,0.8297188929282129,,377.3
4154,-4.300000000000001,0,4,3,1,0.8297188929282129,,377.4
4155,-4.300000000000001,0,4,3,1,0.8297188929282129,,377.5
4156,-4.300000000000001,0,4,3,1,0.8297188929282129,,377.6
4157,-5.6000000000000005,0,6,3,1,0.8297188929282129,,377.7
4158,-4.300000000000001,0,4,3,1,0.8297188929282129,,377.8
4159,-2.3000000000000003,0,4,3,1,0.8297188929282129,,377.9
4160,-4.300000000000001,0,4,3,1,0.8297188929282129,,377.9
4161,-2.3000000000000003,0,4,3,1,0.8297188929282129,,378.0
4162,-4.300000000000001,0,4,3,1,0.8297188929282129,,378.1
4163,5.7,1,4,3,1,0.8297188929282129,,378.2
4164,-4.300000000000001,0,4,3,1,0.8297188929282129,,378.3
4165,-4.300000000000001,0,4,3,1,0.8297188929282129,,378.4
4166,-2.3000000000000003,0,4,3,1,0.8297188929282129,,378.4
4167,-2.3000000000000003,0,4,3,1,0.8297188929282129,,378.5
4168,-4.300000000000001,0,4,3,1,0.8297188929282129,,378.6
4169,-4.300000000000001,0,4,3,1,0.8297188929282129,,378.6
4170,-2.3000000000000003,0,4,3,1,0.8297188929282129,,378.7
4171,-4.300000000000001,0,4,3,1,0.8297188929282129,,378.8
4172,-4.300000000000001,0,4,3,1,0.8297188929282129,,378.9
4173,-5.6000000000000005,0,6,3,1,0.8297188929282129,,378.9
4174,-4.300000000000001,0,4,3,1,0.8297188929282129,,379.0
4175,-4.300000000000001,0,4,3,1,0.8297188929282129,,379.1
4176,-4.300000000000001,0,4,3,1,0.8297188929282129,,379.2
4177,-4.300000000000001,0,4,3,1,0.8297188929282129,,379.3
4178,-1.6,0,6,3,1,0.8297188929282129,,379.4
4179,-4.300000000000001,0,4,3,1,0.8297188929282129,,379.4
4180,-4.300000000000001,0,4,3,1,0.8297188929282129,,379.5
4181,-2.3000000000000003,0,4,3,1,0.8297188929282129,,379.6
4182,-2.3000000000000003,0,4,3,1,0.8297188929282129,,379.6
4183,-2.3000000000000003,0,4,3,1,0.8297188929282129,,379.7
4184,-4.300000000000001,0,4,3,1,0.8297188929282129,,379.7
4185,-2.3000000000000003,0,4,3,1,0.8297188929282129,,379.8
4186,-2.3000000000000003,0,4,3,1,0.8297188929282129,,379.9
4187,-4.300000000000001,0,4,3,1,0.8297188929282129,,380.0
4188,-0.30000000000000004,0,4,3,1,0.8297188929282129,,380.1
4189,-4.300000000000001,0,4,3,1,0.8297188929282129,,380.1
4190,-4.300000000000001,0,4,3,1,0.8297188929282129,,380.2
4191,-4.300000000000001,0,4,3,1,0.8297188929282129,,380.3
4192,-6.9,0,8,3,1,0.8297188929282129,,380.4
4193,-4.9,0,8,3,1,0.8297188929282129,,380.5
4194,-3.6000000000000005,0,6,3,1,0.8297188929282129,,380.6
4195,-2.3000000000000003,0,4,3,1,0.8297188929282129,,380.6
4196,-3.4000000000000004,0,5,4,1,0.8297188929282129,,380.7
4197,-2.3000000000000003,0,4,3,1,0.8297188929282129,,380.8
4198,-4.300000000000001,0,4,3,1,0.8297188929282129,,380.8
4199,-4.300000000000001,0,4,3,1,0.8297188929282129,,380.9
4200,-4.300000000000001,0,4,3,1,0.8297188929282129,,381.0
4201,-0.30000000000000004,0,4,3,1,0.8297188929282129,,381.1
4202,-4.300000000000001,0,4,3,1,0.8297188929282129,,381.1
4203,-2.3000000000000003,0,4,3,1,0.8297188929282129,,381.1
4204,5.7,1,4,3,1,0.8297188929282129,,381.2
4205,-4.300000000000001,0,4,3,1,0.8297188929282129,,381.2
4206,-2.3000000000000003,0,4,3,1,0.8297188929282129,,381.3
4207,-4.300000000000001,0,4,3,1,0.8297188929282129,,381.3
4208,-2.3000000000000003,0,4,3,1,0.8297188929282129,,381.4
4209,-2.3000000000000003,0,4,3,1,0.8297188929282129,,381.5
4210,-0.30000000000000004,0,4,3,1,0.8297188929282129,,381.5
4211,-4.300000000000001,0,4,3,1,0.8297188929282129,,381.6
4212,-4.300000000000001,0,4,3,1,0.8297188929282129,,381.7
4213,-0.30000000000000004,0,4,3,1,0.8297188929282129,,381.8
4214,-4.300000000000001,0,4,3,1,0.8297188929282129,,381.9
4215,-4.300000000000001,0,4,3,1,0.8297188929282129,,381.9
4216,6.6,1,5,4,1,0.8297188929282129,,382.0
4217,-4.300000000000001,0,4,3,1,0.8297188929282129,,382.1
4218,-4.300000000000001,0,4,3,1,0.8297188929282129,,382.1
4219,-4.300000000000001,0,4,3,1,0.8297188929282129,,382.2
4220,-0.30000000000000004,0,4,3,1,0.8297188929282129,,382.2
4221,-4.300000000000001,0,4,3,1,0.8297188929282129,,382.3
4222,-0.30000000000000004,0,4,3,1,0.8297188929282129,,382.4
4223,-0.30000000000000004,0,4,3,1,0.8297188929282129,,382.4
4224,-4.300000000000001,0,4,3,1,0.8297188929282129,,382.5
4225,-4.300000000000001,0,4,3,1,0.8297188929282129,,382.5
4226,-4.300000000000001,0,4,3,1,0.8297188929282129,,382.6
4227,-2.3000000000000003,0,4,3,1,0.8297188929282129,,382.7
4228,-5.4,0,5,4,1,0.8297188929282129,,382.8
4229,5.7,1,4,3,1,0.8297188929282129,,382.9
4230,-0.30000000000000004,0,4,3,1,0.8297188929282129,,383.0
4231,-5.6000000000000005,0,6,3,1,0.8297188929282129,,383.0
4232,-4.300000000000001,0,4,3,1,0.8297188929282129,,383.1
4233,-0.30000000000000004,0,4,3,1,0.8297188929282129,,383.2
4234,-4.300000000000001,0,4,3,1,0.8297188929282129,,383.2
4235,-0.30000000000000004,0,4,3,1,0.8297188929282129,,383.3
4236,-5.6000000000000005,0,6,3,1,0.8297188929282129,,383.4
4237,-4.300000000000001,0,4,3,1,0.8297188929282129,,383.4
4238,-2.3000000000000003,0,4,3,1,0.8297188929282129,,383.5
4239,-4.300000000000001,0,4,3,1,0.8297188929282129,,383.6
4240,-4.300000000000001,0,4,3,1,0.8297188929282129,,383.7
4241,-4.300000000000001,0,4,3,1,0.8297188929282129,,383.7
4242,-2.3000000000000003,0,4,3,1,0.8297188929282129,,383.7
4243,-4.300000000000001,0,4,3,1,0.8297188929282129,,383.8
4244,-2.3000000000000003,0,4,3,1,0.8297188929282129,,383.9
4245,-4.300000000000001,0,4,3,1,0.8297188929282129,,383.9
4246,-2.3000000000000003,0,4,3,1,0.8297188929282129,,384.0
4247,-0.30000000000000004,0,4,3,1,0.8297188929282129,,384.1
4248,-4.300000000000001,0,4,3,1,0.8297188929282129,,384.2
4249,-4.300000000000001,0,4,3,1,0.8297188929282129,,384.2
4250,-2.3000000000000003,0,4,3,1,0.8297188929282129,,384.3
4251,-2.3000000000000003,0,4,3,1,0.8297188929282129,,384.4
4252,-2.3000000000000003,0,4,3,1,0.8297188929282129,,384.4
4253,5.7,1,4,3,1,0.8297188929282129,,384.5
4254,-4.6,0,6,3,1,0.8297188929282129,,384.6
4255,-4.300000000000001,0,4,3,1,0.8297188929282129,,384.6
4256,-2.3000000000000003,0,4,3,1,0.8297188929282129,,384.7
4257,-4.300000000000001,0,4,3,1,0.8297188929282129,,384.8
4258,-2.3000000000000003,0,4,3,1,0.8297188929282129,,384.9
4259,-0.30000000000000004,0,4,3,1,0.8297188929282129,,385.0
4260,-0.30000000000000004,0,4,3,1,0.8297188929282129,,385.0
4261,-4.300000000000001,0,4,3,1,0.8297188929282129,,385.1
4262,-3.6000000000000005,0,6,3,1,0.8297188929282129,,385.1
4263,5.7,1,4,3,1,0.8297188929282129,,385.2
4264,-4.300000000000001,0,4,3,1,0.8297188929282129,,385.3
4265,-4.6,0,6,3,1,0.8297188929282129,,385.4
4266,-4.300000000000001,0,4,3,1,0.8297188929282129,,385.4
4267,-0.30000000000000004,0,4,3,1,0.8297188929282129,,385.5
4268,-4.300000000000001,0,4,3,1,0.8297188929282129,,385.6
4269,-0.30000000000000004,0,4,3,1,0.8297188929282129,,385.6
4270,-2.3000000000000003,0,4,3,1,0.8297188929282129,,385.7
4271,-5.6000000000000005,0,6,3,1,0.8297188929282129,,385.8
4272,-4.300000000000001,0,4,3,1,0.8297188929282129,,385.9
4273,-4.300000000000001,0,4,3,1,0.8297188929282129,,385.9
4274,-0.30000000000000004,0,4,3,1,0.8297188929282129,,386.0
4275,-4.300000000000001,0,4,3,1,0.8297188929282129,,386.0
4276,5.7,1,4,3,1,0.8297188929282129,,386.1
4277,-2.3000000000000003,0,4,3,1,0.8297188929282129,,386.2
4278,-4.300000000000001,0,4,3,1,0.8297188929282129,,386.3
4279,-4.300000000000001,0,4,3,1,0.8297188929282129,,386.4
4280,-4.300000000000001,0,4,3,1,0.8297188929282129,,386.5
4281,-2.3000000000000003,0,4,3,1,0.8297188929282129,,386.5
4282,-4.300000000000001,0,4,3,1,0.8297188929282129,,386.6
4283,-4.300000000000001,0,4,3,1,0.8297188929282129,,386.6
4284,-4.6000000000000005,0,6,3,1,0.8297188929282129,,386.7
4285,5.7,1,4,3,1,0.8297188929282129,,386.8
4286,-0.30000000000000004,0,4,3,1,0.8297188929282129,,386.8
4287,-4.300000000000001,0,4,3,1,0.8297188929282129,,386.9
4288,-4.300000000000001,0,4,3,1,0.8297188929282129,,387.0
4289,-2.3000000000000003,0,4,3,1,0.8297188929282129,,387.1
4290,-4.300000000000001,0,4,3,1,0.8297188929282129,,387.2
4291,-2.6,0,6,3,1,0.8297188929282129,,387.3
4292,-4.300000000000001,0,4,3,1,0.8297188929282129,,387.3
4293,-4.300000000000001,0,4,3,1,0.8297188929282129,,387.3
4294,-4.300000000000001,0,4,3,1,0.8297188929282129,,387.4
4295,-4.300000000000001,0,4,3,1,0.8297188929282129,,387.5
4296,-4.300000000000001,0,4,3,1,0.8297188929282129,,387.5
4297,-4.300000000000001,0,4,3,1,0.8297188929282129,,387.6
4298,-5.7,0,7,4,1,0.8297188929282129,,387.7
4299,-4.300000000000001,0,4,3,1,0.8297188929282129,,387.8
4300,-0.30000000000000004,0,4,3,1,0.8297188929282129,,387.8
4301,-4.300000000000001,0,4,3,1,0.8297188929282129,,387.9
4302,-4.300000000000001,0,4,3,1,0.8297188929282129,,388.0
4303,-4.300000000000001,0,4,3,1,0.8297188929282129,,388.1
4304,-4.300000000000001,0,4,3,1,0.8297188929282129,,388.1
4305,-4.300000000000001,0,4,3,1,0.8297188929282129,,388.2
4306,-2.3000000000000003,0,4,3,1,0.8297188929282129,,388.2
4307,-2.3000000000000003,0,4,3,1,0.8297188929282129,,388.3
4308,-4.300000000000001,0,4,3,1,0.8297188929282129,,388.3
4309,-4.300000000000001,0,4,3,1,0.8297188929282129,,388.4
4310,-4.300000000000001,0,4,3,1,0.8297188929282129,,388.5
4311,-4.300000000000001,0,4,3,1,0.8297188929282129,,388.6
4312,-4.300000000000001,0,4,3,1,0.8297188929282129,,388.6
4313,-4.300000000000001,0,4,3,1,0.8297188929282129,,388.7
4314,-0.30000000000000004,0,4,3,1,0.8297188929282129,,388.7
4315,-0.30000000000000004,0,4,3,1,0.8297188929282129,,388.8
4316,-4.300000000000001,0,4,3,1,0.8297188929282129,,388.8
4317,-2.3000000000000003,0,4,3,1,0.8297188929282129,,388.9
4318,-4.300000000000001,0,4,3,1,0.8297188929282129,,388.9
4319,-2.3000000000000003,0,4,3,1,0.8297188929282129,,389.0
4320,-4.300000000000001,0,4,3,1,0.8297188929282129,,389.0
4321,5.4,1,6,3,1,0.8297188929282129,,389.1
4322,-4.300000000000001,0,4,3,1,0.8297188929282129,,389.1
4323,-0.30000000000000004,0,4,3,1,0.8297188929282129,,389.2
4324,-4.300000000000001,0,4,3,1,0.8297188929282129,,389.3
4325,-3.6,0,6,3,1,0.8297188929282129,,389.4
4326,-4.300000000000001,0,4,3,1,0.8297188929282129,,389.5
4327,-4.300000000000001,0,4,3,1,0.8297188929282129,,389.5
4328,-2.3000000000000003,0,4,3,1,0.8297188929282129,,389.6
4329,-4.300000000000001,0,4,3,1,0.8297188929282129,,389.7
4330,-4.300000000000001,0,4,3,1,0.8297188929282129,,389.7
4331,-2.3000000000000003,0,4,3,1,0.8297188929282129,,389.8
4332,-4.300000000000001,0,4,3,1,0.8297188929282129,,389.9
4333,-4.300000000000001,0,4,3,1,0.8297188929282129,,389.9
4334,-4.300000000000001,0,4,3,1,0.8297188929282129,,390.0
4335,-4.300000000000001,0,4,3,1,0.8297188929282129,,390.1
4336,5.7,1,4,3,1,0.8297188929282129,,390.1
4337,-3.6000000000000005,0,6,3,1,0.8297188929282129,,390.2
4338,-2.3000000000000003,0,4,3,1,0.8297188929282129,,390.3
4339,-4.300000000000001,0,4,3,1,0.8297188929282129,,390.3
4340,-4.300000000000001,0,4,3,1,0.8297188929282129,,390.4
4341,-4.300000000000001,0,4,3,1,0.8297188929282129,,390.4
4342,-4.300000000000001,0,4,3,1,0.8297188929282129,,390.5
4343,-2.3000000000000003,0,4,3,1,0.8297188929282129,,390.5
4344,-4.300000000000001,0,4,3,1,0.8297188929282129,,390.5
4345,-4.300000000000001,0,4,3,1,0.8297188929282129,,390.6
4346,-2.3000000000000003,0,4,3,1,0.8297188929282129,,390.7
4347,-4.300000000000001,0,4,3,1,0.8297188929282129,,390.7
4348,-4.300000000000001,0,4,3,1,0.8297188929282129,,390.8
4349,-4.300000000000001,0,4,3,1,0.8297188929282129,,390.9
4350,-2.3000000000000003,0,4,3,1,0.8297188929282129,,391.0
4351,-2.3000000000000003,0,4,3,1,0.8297188929282129,,391.0
4352,-2.3000000000000003,0,4,3,1,0.8297188929282129,,391.1
4353,-4.300000000000001,0,4,3,1,0.8297188929282129,,391.1
4354,-2.3000000000000003,0,4,3,1,0.8297188929282129,,391.2
4355,-3.6000000000000005,0,6,3,1,0.8297188929282129,,391.2
4356,-2.3000000000000003,0,4,3,1,0.8297188929282129,,391.3
4357,-4.300000000000001,0,4,3,1,0.8297188929282129,,391.3
4358,-4.300000000000001,0,4,3,1,0.8297188929282129,,391.4
4359,-4.300000000000001,0,4,3,1,0.8297188929282129,,391.5
4360,-4.300000000000001,0,4,3,1,0.8297188929282129,,391.5
4361,-0.30000000000000004,0,4,3,1,0.8297188929282129,,391.6
4362,5.7,1,4,3,1,0.8297188929282129,,391.6
4363,-4.300000000000001,0,4,3,1,0.8297188929282129,,391.7
4364,5.7,1,4,3,1,0.8297188929282129,,391.7
4365,-5.4,0,5,4,1,0.8297188929282129,,391.8
4366,-0.30000000000000004,0,4,3,1,0.8297188929282129,,391.9
4367,-4.300000000000001,0,4,3,1,0.8297188929282129,,391.9
4368,-4.300000000000001,0,4,3,1,0.8297188929282129,,392.0
4369,5.4,1,6,3,1,0.8297188929282129,,392.0
4370,-4.300000000000001,0,4,3,1,0.8297188929282129,,392.1
4371,-4.300000000000001,0,4,3,1,0.8297188929282129,,392.2
4372,-2.3000000000000003,0,4,3,1,0.8297188929282129,,392.3
4373,-2.3000000000000003,0,4,3,1,0.8297188929282129,,392.4
4374,-5.6000000000000005,0,6,3,1,0.8297188929282129,,392.5
4375,-4.300000000000001,0,4,3,1,0.8297188929282129,,392.5
4376,-4.300000000000001,0,4,3,1,0.8297188929282129,,392.6
4377,-4.300000000000001,0,4,3,1,0.8297188929282129,,392.6
4378,-4.300000000000001,0,4,3,1,0.8297188929282129,,392.7
4379,-4.300000000000001,0,4,3,1,0.8297188929282129,,392.7
4380,-2.3000000000000003,0,4,3,1,0.8297188929282129,,392.8
4381,-4.300000000000001,0,4,3,1,0.8297188929282129,,392.9
4382,-4.300000000000001,0,4,3,1,0.8297188929282129,,392.9
4383,-2.3000000000000003,0,4,3,1,0.8297188929282129,,393.0
4384,-4.300000000000001,0,4,3,1,0.8297188929282129,,393.0
4385,-4.300000000000001,0,4,3,1,0.8297188929282129,,393.1
4386,-4.300000000000001,0,4,3,1,0.8297188929282129,,393.2
4387,-4.300000000000001,0,4,3,1,0.8297188929282129,,393.3
4388,-4.300000000000001,0,4,3,1,0.8297188929282129,,393.3
4389,-4.300000000000001,0,4,3,1,0.8297188929282129,,393.4
4390,-2.3000000000000003,0,4,3,1,0.8297188929282129,,393.4
4391,-4.300000000000001,0,4,3,1,0.8297188929282129,,393.5
4392,-4.300000000000001,0,4,3,1,0.8297188929282129,,393.6
4393,-4.300000000000001,0,4,3,1,0.8297188929282129,,393.6
4394,-4.300000000000001,0,4,3,1,0.8297188929282129,,393.7
4395,-4.300000000000001,0,4,3,1,0.8297188929282129,,393.8
4396,-4.300000000000001,0,4,3,1,0.8297188929282129,,393.9
4397,-4.300000000000001,0,4,3,1,0.8297188929282129,,393.9
4398,-4.300000000000001,0,4,3,1,0.8297188929282129,,394.0
4399,-4.300000000000001,0,4,3,1,0.8297188929282129,,394.1
4400,-4.300000000000001,0,4,3,1,0.8297188929282129,,394.1
4401,-4.300000000000001,0,4,3,1,0.8297188929282129,,394.2
4402,-4.300000000000001,0,4,3,1,0.8297188929282129,,394.3
4403,-4.300000000000001,0,4,3,1,0.8297188929282129,,394.4
4404,-4.300000000000001,0,4,3,1,0.8297188929282129,,394.4
4405,-4.300000000000001,0,4,3,1,0.8297188929282129,,394.5
4406,-4.300000000000001,0,4,3,1,0.8297188929282129,,394.6
4407,-4.300000000000001,0,4,3,1,0.8297188929282129,,394.7
4408,-5.4,0,5,4,1,0.8297188929282129,,394.7
4409,-4.300000000000001,0,4,3,1,0.8297188929282129,,394.8
4410,-2.3000000000000003,0,4,3,1,0.8297188929282129,,394.9
4411,-4.300000000000001,0,4,3,1,0.8297188929282129,,394.9
4412,-4.300000000000001,0,4,3,1,0.8297188929282129,,395.0
4413,-4.300000000000001,0,4,3,1,0.8297188929282129,,395.0
4414,-2.3000000000000003,0,4,3,1,0.8297188929282129,,395.1
4415,-4.300000000000001,0,4,3,1,0.8297188929282129,,395.2
4416,-4.300000000000001,0,4,3,1,0.8297188929282129,,395.3
4417,-4.300000000000001,0,4,3,1,0.8297188929282129,,395.4
4418,-4.300000000000001,0,4,3,1,0.8297188929282129,,395.4
4419,-4.300000000000001,0,4,3,1,0.8297188929282129,,395.5
4420,-4.300000000000001,0,4,3,1,0.8297188929282129,,395.5
4421,-4.300000000000001,0,4,3,1,0.8297188929282129,,395.6
4422,-0.30000000000000004,0,4,3,1,0.8297188929282129,,395.6
4423,-4.300000000000001,0,4,3,1,0.8297188929282129,,395.7
4424,-4.300000000000001,0,4,3,1,0.8297188929282129,,395.8
4425,-4.300000000000001,0,4,3,1,0.8297188929282129,,395.9
4426,-4.300000000000001,0,4,3,1,0.8297188929282129,,396.0
4427,-0.30000000000000004,0,4,3,1,0.8297188929282129,,396.0
4428,-4.300000000000001,0,4,3,1,0.8297188929282129,,396.1
4429,-4.300000000000001,0,4,3,1,0.8297188929282129,,396.1
4430,-4.300000000000001,0,4,3,1,0.8297188929282129,,396.2
4431,-4.300000000000001,0,4,3,1,0.8297188929282129,,396.3
4432,-4.300000000000001,0,4,3,1,0.8297188929282129,,396.3
4433,-2.3000000000000003,0,4,3,1,0.8297188929282129,,396.4
4434,-4.300000000000001,0,4,3,1,0.8297188929282129,,396.5
4435,-2.6,0,6,3,1,0.8297188929282129,,396.6
4436,-0.30000000000000004,0,4,3,1,0.8297188929282129,,396.6
4437,-4.300000000000001,0,4,3,1,0.8297188929282129,,396.7
4438,-0.30000000000000004,0,4,3,1,0.8297188929282129,,396.8
4439,-4.300000000000001,0,4,3,1,0.8297188929282129,,396.8
4440,-4.300000000000001,0,4,3,1,0.8297188929282129,,396.9
4441,-4.300000000000001,0,4,3,1,0.8297188929282129,,397.0
4442,5.7,1,4,3,1,0.8297188929282129,,397.1
4443,-4.300000000000001,0,4,3,1,0.8297188929282129,,397.1
4444,-4.300000000000001,0,4,3,1,0.8297188929282129,,397.2
4445,-0.30000000000000004,0,4,3,1,0.8297188929282129,,397.3
4446,-4.300000000000001,0,4,3,1,0.8297188929282129,,397.4
4447,-2.3000000000000003,0,4,3,1,0.8297188929282129,,397.4
4448,-4.300000000000001,0,4,3,1,0.8297188929282129,,397.5
4449,-4.300000000000001,0,4,3,1,0.8297188929282129,,397.5
4450,-4.300000000000001,0,4,3,1,0.8297188929282129,,397.6
4451,-2.3000000000000003,0,4,3,1,0.8297188929282129,,397.6
4452,-4.300000000000001,0,4,3,1,0.8297188929282129,,397.7
4453,-4.300000000000001,0,4,3,1,0.8297188929282129,,397.8
4454,-5.4,0,5,4,1,0.8297188929282129,,397.9
4455,-4.300000000000001,0,4,3,1,0.8297188929282129,,397.9
4456,-4.300000000000001,0,4,3,1,0.8297188929282129,,397.9
4457,-4.300000000000001,0,4,3,1,0.8297188929282129,,398.0
4458,-2.3000000000000003,0,4,3,1,0.8297188929282129,,398.0
4459,-0.30000000000000004,0,4,3,1,0.8297188929282129,,398.1
4460,-0.30000000000000004,0,4,3,1,0.8297188929282129,,398.2
4461,-4.300000000000001,0,4,3,1,0.8297188929282129,,398.3
4462,-0.9000000000000001,0,8,3,1,0.8297188929282129,,398.3
4463,-2.3000000000000003,0,4,3,1,0.8297188929282129,,398.4
4464,-0.30000000000000004,0,4,3,1,0.8297188929282129,,398.4
4465,-2.3000000000000003,0,4,3,1,0.8297188929282129,,398.5
4466,-4.300000000000001,0,4,3,1,0.8297188929282129,,398.6
4467,-4.300000000000001,0,4,3,1,0.8297188929282129,,398.6
4468,-4.300000000000001,0,4,3,1,0.8297188929282129,,398.7
4469,-4.300000000000001,0,4,3,1,0.8297188929282129,,398.7
4470,-4.300000000000001,0,4,3,1,0.8297188929282129,,398.8
4471,-4.300000000000001,0,4,3,1,0.8297188929282129,,398.9
4472,-2.3000000000000003,0,4,3,1,0.8297188929282129,,399.0
4473,-4.300000000000001,0,4,3,1,0.8297188929282129,,399.0
4474,-4.300000000000001,0,4,3,1,0.8297188929282129,,399.1
4475,-4.300000000000001,0,4,3,1,0.8297188929282129,,399.2
4476,-4.300000000000001,0,4,3,1,0.8297188929282129,,399.3
4477,-4.300000000000001,0,4,3,1,0.8297188929282129,,399.4
4478,-4.300000000000001,0,4,3,1,0.8297188929282129,,399.5
4479,-2.3000000000000003,0,4,3,1,0.8297188929282129,,399.5
4480,-4.300000000000001,0,4,3,1,0.8297188929282129,,399.6
4481,-2.3000000000000003,0,4,3,1,0.8297188929282129,,399.7
4482,-4.300000000000001,0,4,3,1,0.8297188929282129,,399.8
4483,-4.300000000000001,0,4,3,1,0.8297188929282129,,399.8
4484,-4.300000000000001,0,4,3,1,0.8297188929282129,,399.9
4485,-1.6,0,6,3,1,0.8297188929282129,,400.0
4486,-4.300000000000001,0,4,3,1,0.8297188929282129,,400.0
4487,-4.300000000000001,0,4,3,1,0.8297188929282129,,400.1
4488,-4.300000000000001,0,4,3,1,0.8297188929282129,,400.2
4489,-2.3000000000000003,0,4,3,1,0.8297188929282129,,400.2
4490,-4.300000000000001,0,4,3,1,0.8297188929282129,,400.3
4491,5.7,1,4,3,1,0.8297188929282129,,400.4
4492,-4.300000000000001,0,4,3,1,0.8297188929282129,,400.4
4493,-4.300000000000001,0,4,3,1,0.8297188929282129,,400.4
4494,-4.300000000000001,0,4,3,1,0.8297188929282129,,400.5
4495,-4.300000000000001,0,4,3,1,0.8297188929282129,,400.6
4496,-2.3000000000000003,0,4,3,1,0.8297188929282129,,400.6
4497,-4.300000000000001,0,4,3,1,0.8297188929282129,,400.7
4498,-3.6000000000000005,0,6,3,1,0.8297188929282129,,400.8
4499,-2.3000000000000003,0,4,3,1,0.8297188929282129,,400.9
4500,-4.300000000000001,0,4,3,1,0.8297188929282129,,400.9
4501,-5.9,0,8,3,1,0.8297188929282129,,405.9
4502,-0.30000000000000004,0,4,3,1,0.8297188929282129,,406.0
4503,-4.300000000000001,0,4,3,1,0.8297188929282129,,406.1
4504,-3.6000000000000005,0,6,3,1,0.8297188929282129,,406.1
4505,-4.300000000000001,0,4,3,1,0.8297188929282129,,406.2
4506,5.7,1,4,3,1,0.8297188929282129,,406.3
4507,-4.300000000000001,0,4,3,1,0.8297188929282129,,406.3
4508,5.7,1,4,3,1,0.8297188929282129,,406.4
4509,-4.300000000000001,0,4,3,1,0.8297188929282129,,406.5
4510,-4.300000000000001,0,4,3,1,0.8297188929282129,,406.6
4511,-4.300000000000001,0,4,3,1,0.8297188929282129,,406.7
4512,-4.300000000000001,0,4,3,1,0.8297188929282129,,406.7
4513,-2.3000000000000003,0,4,3,1,0.8297188929282129,,406.8
4514,-4.300000000000001,0,4,3,1,0.8297188929282129,,406.9
4515,5.7,1,4,3,1,0.8297188929282129,,407.0
4516,-0.30000000000000004,0,4,3,1,0.8297188929282129,,407.1
4517,-4.300000000000001,0,4,3,1,0.8297188929282129,,407.1
4518,-0.30000000000000004,0,4,3,1,0.8297188929282129,,407.2
4519,-4.300000000000001,0,4,3,1,0.8297188929282129,,407.3
4520,-4.300000000000001,0,4,3,1,0.8297188929282129,,407.3
4521,-4.300000000000001,0,4,3,1,0.8297188929282129,,407.4
4522,-4.300000000000001,0,4,3,1,0.8297188929282129,,407.5
4523,-4.300000000000001,0,4,3,1,0.8297188929282129,,407.6
4524,-4.300000000000001,0,4,3,1,0.8297188929282129,,407.7
4525,-4.300000000000001,0,4,3,1,0.8297188929282129,,407.8
4526,-4.300000000000001,0,4,3,1,0.8297188929282129,,407.8
4527,5.7,1,4,3,1,0.8297188929282129,,407.9
4528,5.7,1,4,3,1,0.8297188929282129,,408.0
4529,-4.300000000000001,0,4,3,1,0.8297188929282129,,408.1
4530,-5.4,0,5,4,1,0.8297188929282129,,408.2
4531,-4.300000000000001,0,4,3,1,0.8297188929282129,,408.3
4532,-4.300000000000001,0,4,3,1,0.8297188929282129,,408.3
4533,-4.300000000000001,0,4,3,1,0.8297188929282129,,408.4
4534,-4.300000000000001,0,4,3,1,0.8297188929282129,,408.5
4535,-4.300000000000001,0,4,3,1,0.8297188929282129,,408.6
4536,-5.6000000000000005,0,6,3,1,0.8297188929282129,,408.6
4537,-4.300000000000001,0,4,3,1,0.8297188929282129,,408.7
4538,-4.300000000000001,0,4,3,1,0.8297188929282129,,408.8
4539,-2.3000000000000003,0,4,3,1,0.8297188929282129,,408.8
4540,5.7,1,4,3,1,0.8297188929282129,,408.9
4541,-4.300000000000001,0,4,3,1,0.8297188929282129,,409.0
4542,-4.300000000000001,0,4,3,1,0.8297188929282129,,409.1
4543,-2.3000000000000003,0,4,3,1,0.7974179470911622,1.0561076290905476,409.8
4544,-2.3000000000000003,0,4,3,1,0.7974179470911622,,409.8
4545,-4.300000000000001,0,4,3,1,0.7974179470911622,,409.9
4546,-4.300000000000001,0,4,3,1,0.7974179470911622,,409.9
4547,-4.300000000000001,0,4,3,1,0.7974179470911622,,410.0
4548,-4.6000000000000005,0,6,3,1,0.7974179470911622,,410.1
4549,-4.300000000000001,0,4,3,1,0.7974179470911622,,410.2
4550,-4.300000000000001,0,4,3,1,0.7974179470911622,,410.3
4551,-4.300000000000001,0,4,3,1,0.7974179470911622,,410.4
4552,-2.3000000000000003,0,4,3,1,0.7974179470911622,,410.5
4553,-0.30000000000000004,0,4,3,1,0.7974179470911622,,410.6
4554,-4.300000000000001,0,4,3,1,0.7974179470911622,,410.7
4555,-2.3000000000000003,0,4,3,1,0.7974179470911622,,410.7
4556,-2.3000000000000003,0,4,3,1,0.7974179470911622,,410.8
4557,-0.30000000000000004,0,4,3,1,0.7974179470911622,,410.8
4558,-4.300000000000001,0,4,3,1,0.7974179470911622,,410.9
4559,-4.300000000000001,0,4,3,1,0.7974179470911622,,411.0
4560,-4.300000000000001,0,4,3,1,0.7974179470911622,,411.0
4561,-2.3000000000000003,0,4,3,1,0.7974179470911622,,411.1
4562,-4.300000000000001,0,4,3,1,0.7974179470911622,,411.2
4563,-4.300000000000001,0,4,3,1,0.7974179470911622,,411.3
4564,-4.300000000000001,0,4,3,1,0.7974179470911622,,411.4
4565,-2.3000000000000003,0,4,3,1,0.7974179470911622,,411.4
4566,-2.3000000000000003,0,4,3,1,0.7974179470911622,,411.5
4567,-4.300000000000001,0,4,3,1,0.7974179470911622,,411.6
4568,-4.300000000000001,0,4,3,1,0.7974179470911622,,411.6
4569,-4.300000000000001,0,4,3,1,0.7974179470911622,,411.7
4570,-4.300000000000001,0,4,3,1,0.7974179470911622,,411.8
4571,-4.300000000000001,0,4,3,1,0.7974179470911622,,411.9
4572,5.7,1,4,3,1,0.7974179470911622,,411.9
4573,-3.6000000000000005,0,6,3,1,0.7974179470911622,,412.0
4574,-4.300000000000001,0,4,3,1,0.7974179470911622,,412.1
4575,-0.30000000000000004,0,4,3,1,0.7974179470911622,,412.2
4576,-2.3000000000000003,0,4,3,1,0.7974179470911622,,412.3
4577,-4.300000000000001,0,4,3,1,0.7974179470911622,,412.3
4578,-5.9,0,8,3,1,0.7974179470911622,,412.4
4579,-2.3000000000000003,0,4,3,1,0.7974179470911622,,412.5
4580,-4.300000000000001,0,4,3,1,0.7974179470911622,,412.6
4581,-6.9,0,8,3,1,0.7974179470911622,,412.7
4582,-4.300000000000001,0,4,3,1,0.7974179470911622,,412.8
4583,-4.300000000000001,0,4,3,1,0.7974179470911622,,412.9
4584,-4.300000000000001,0,4,3,1,0.7974179470911622,,413.0
4585,-4.300000000000001,0,4,3,1,0.7974179470911622,,413.1
4586,-0.30000000000000004,0,4,3,1,0.7974179470911622,,413.1
4587,-2.3000000000000003,0,4,3,1,0.7974179470911622,,413.2
4588,-4.300000000000001,0,4,3,1,0.7974179470911622,,413.2
4589,-4.300000000000001,0,4,3,1,0.7974179470911622,,413.3
4590,-3.4000000000000004,0,5,4,1,0.7974179470911622,,413.3
4591,-0.30000000000000004,0,4,3,1,0.7974179470911622,,413.4
4592,-4.6000000000000005,0,6,3,1,0.7974179470911622,,413.5
4593,-3.6,0,6,3,1,0.7974179470911622,,413.6
4594,-4.300000000000001,0,4,3,1,0.7974179470911622,,413.6
4595,-4.300000000000001,0,4,3,1,0.7974179470911622,,413.7
4596,-4.300000000000001,0,4,3,1,0.7974179470911622,,413.8
4597,-4.300000000000001,0,4,3,1,0.7974179470911622,,413.8
4598,-4.300000000000001,0,4,3,1,0.7974179470911622,,413.9
4599,5.7,1,4,3,1,0.7974179470911622,,413.9
4600,-4.300000000000001,0,4,3,1,0.7974179470911622,,414.0
4601,5.7,1,4,3,1,0.7974179470911622,,414.0
4602,-4.300000000000001,0,4,3,1,0.7974179470911622,,414.1
4603,-0.30000000000000004,0,4,3,1,0.7974179470911622,,414.2
4604,-0.30000000000000004,0,4,3,1,0.7974179470911622,,414.2
4605,-0.30000000000000004,0,4,3,1,0.7974179470911622,,414.3
4606,-4.300000000000001,0,4,3,1,0.7974179470911622,,414.3
4607,-4.300000000000001,0,4,3,1,0.7974179470911622,,414.4
4608,-4.300000000000001,0,4,3,1,0.7974179470911622,,414.5
4609,-4.300000000000001,0,4,3,1,0.7974179470911622,,414.6
4610,-2.3000000000000003,0,4,3,1,0.7974179470911622,,414.6
4611,-4.300000000000001,0,4,3,1,0.7974179470911622,,414.7
4612,-4.300000000000001,0,4,3,1,0.7974179470911622,,414.7
4613,-7.200000000000001,0,10,3,1,0.7974179470911622,,414.8
4614,5.7,1,4,3,1,0.7974179470911622,,414.9
4615,-4.300000000000001,0,4,3,1,0.7974179470911622,,415.0
4616,-5.4,0,5,4,1,0.7974179470911622,,415.1
4617,-4.300000000000001,0,4,3,1,0.7974179470911622,,415.1
4618,-4.300000000000001,0,4,3,1,0.7974179470911622,,415.2
4619,-4.300000000000001,0,4,3,1,0.7974179470911622,,415.2
4620,-4.300000000000001,0,4,3,1,0.7974179470911622,,415.3
4621,-4.300000000000001,0,4,3,1,0.7974179470911622,,415.3
4622,-2.3000000000000003,0,4,3,1,0.7974179470911622,,415.4
4623,-2.3000000000000003,0,4,3,1,0.7974179470911622,,415.4
4624,-4.300000000000001,0,4,3,1,0.7974179470911622,,415.5
4625,-0.30000000000000004,0,4,3,1,0.7974179470911622,,415.6
4626,-4.300000000000001,0,4,3,1,0.7974179470911622,,415.7
4627,-4.300000000000001,0,4,3,1,0.7974179470911622,,415.7
4628,-4.300000000000001,0,4,3,1,0.7974179470911622,,415.9
4629,-0.30000000000000004,0,4,3,1,0.7974179470911622,,415.9
4630,-0.6000000000000001,0,6,3,1,0.7974179470911622,,416.0
4631,-2.3000000000000003,0,4,3,1,0.7974179470911622,,416.0
4632,-4.300000000000001,0,4,3,1,0.7974179470911622,,416.1
4633,-2.3000000000000003,0,4,3,1,0.7974179470911622,,416.2
4634,-4.300000000000001,0,4,3,1,0.7974179470911622,,416.2
4635,-4.300000000000001,0,4,3,1,0.7974179470911622,,416.3
4636,-0.30000000000000004,0,4,3,1,0.7974179470911622,,416.4
4637,-4.300000000000001,0,4,3,1,0.7974179470911622,,416.5
4638,-5.6000000000000005,0,6,3,1,0.7974179470911622,,416.5
4639,-4.300000000000001,0,4,3,1,0.7974179470911622,,416.6
4640,5.7,1,4,3,1,0.7974179470911622,,416.7
4641,-2.3000000000000003,0,4,3,1,0.7974179470911622,,416.7
4642,-2.3000000000000003,0,4,3,1,0.7974179470911622,,416.8
4643,-4.300000000000001,0,4,3,1,0.7974179470911622,,416.9
4644,-4.300000000000001,0,4,3,1,0.7974179470911622,,417.0
4645,-4.300000000000001,0,4,3,1,0.7974179470911622,,417.1
4646,-4.300000000000001,0,4,3,1,0.7974179470911622,,417.1
4647,-4.300000000000001,0,4,3,1,0.7974179470911622,,417.2
4648,-4.300000000000001,0,4,3,1,0.7974179470911622,,417.3
4649,-4.300000000000001,0,4,3,1,0.7974179470911622,,417.3
4650,-4.300000000000001,0,4,3,1,0.7974179470911622,,417.4
4651,-4.300000000000001,0,4,3,1,0.7974179470911622,,417.5
4652,-4.300000000000001,0,4,3,1,0.7974179470911622,,417.6
4653,-0.6000000000000001,0,6,3,1,0.7974179470911622,,417.6
4654,-0.30000000000000004,0,4,3,1,0.7974179470911622,,417.7
4655,-4.300000000000001,0,4,3,1,0.7974179470911622,,417.8
4656,-4.300000000000001,0,4,3,1,0.7974179470911622,,417.8
4657,-4.9,0,8,3,1,0.7974179470911622,,417.9
4658,-4.300000000000001,0,4,3,1,0.7974179470911622,,417.9
4659,-0.30000000000000004,0,4,3,1,0.7974179470911622,,418.0
4660,-4.300000000000001,0,4,3,1,0.7974179470911622,,418.1
4661,-4.300000000000001,0,4,3,1,0.7974179470911622,,418.1
4662,-2.3000000000000003,0,4,3,1,0.7974179470911622,,418.2
4663,-4.300000000000001,0,4,3,1,0.7974179470911622,,418.3
4664,-0.30000000000000004,0,4,3,1,0.7974179470911622,,418.3
4665,-0.30000000000000004,0,4,3,1,0.7974179470911622,,418.3
4666,-2.3000000000000003,0,4,3,1,0.7974179470911622,,418.4
4667,-4.300000000000001,0,4,3,1,0.7974179470911622,,418.5
4668,-4.300000000000001,0,4,3,1,0.7974179470911622,,418.5
4669,-4.300000000000001,0,4,3,1,0.7974179470911622,,418.6
4670,-2.3000000000000003,0,4,3,1,0.7974179470911622,,418.7
4671,-4.300000000000001,0,4,3,1,0.7974179470911622,,418.8
4672,-4.300000000000001,0,4,3,1,0.7974179470911622,,418.9
4673,5.7,1,4,3,1,0.7974179470911622,,418.9
4674,-5.700000000000001,0,7,4,1,0.7974179470911622,,419.0
4675,-4.300000000000001,0,4,3,1,0.7974179470911622,,419.1
4676,-4.300000000000001,0,4,3,1,0.7974179470911622,,419.1
4677,-1.6,0,6,3,1,0.7974179470911622,,419.2
4678,-2.3000000000000003,0,4,3,1,0.7974179470911622,,419.3
4679,-2.3000000000000003,0,4,3,1,0.7974179470911622,,419.3
4680,5.7,1,4,3,1,0.7974179470911622,,419.4
4681,-2.3000000000000003,0,4,3,1,0.7974179470911622,,419.4
4682,-0.30000000000000004,0,4,3,1,0.7974179470911622,,419.4
4683,-4.300000000000001,0,4,3,1,0.7974179470911622,,419.5
4684,-4.9,0,8,3,1,0.7974179470911622,,419.6
4685,-4.6,0,6,3,1,0.7974179470911622,,419.7
4686,-2.3000000000000003,0,4,3,1,0.7974179470911622,,419.7
4687,-2.3000000000000003,0,4,3,1,0.7974179470911622,,419.8
4688,-0.30000000000000004,0,4,3,1,0.7974179470911622,,419.9
4689,-0.30000000000000004,0,4,3,1,0.7974179470911622,,419.9
4690,-4.300000000000001,0,4,3,1,0.7974179470911622,,420.0
4691,-0.30000000000000004,0,4,3,1,0.7974179470911622,,420.1
4692,5.7,1,4,3,1,0.7974179470911622,,420.1
4693,-4.300000000000001,0,4,3,1,0.7974179470911622,,420.2
4694,-0.30000000000000004,0,4,3,1,0.7974179470911622,,420.2
4695,5.7,1,4,3,1,0.7974179470911622,,420.3
4696,-4.300000000000001,0,4,3,1,0.7974179470911622,,420.3
4697,-4.300000000000001,0,4,3,1,0.7974179470911622,,420.4
4698,-2.3000000000000003,0,4,3,1,0.7974179470911622,,420.5
4699,-4.300000000000001,0,4,3,1,0.7974179470911622,,420.6
4700,5.7,1,4,3,1,0.7974179470911622,,420.7
4701,5.7,1,4,3,1,0.7974179470911622,,420.7
4702,-2.3000000000000003,0,4,3,1,0.7974179470911622,,420.7
4703,-4.300000000000001,0,4,3,1,0.7974179470911622,,420.8
4704,-4.300000000000001,0,4,3,1,0.7974179470911622,,420.8
4705,-4.300000000000001,0,4,3,1,0.7974179470911622,,420.9
4706,5.1,1,8,3,1,0.7974179470911622,,420.9
4707,-2.3000000000000003,0,4,3,1,0.7974179470911622,,421.0
4708,-2.3000000000000003,0,4,3,1,0.7974179470911622,,421.0
4709,-4.300000000000001,0,4,3,1,0.7974179470911622,,421.1
4710,-2.3000000000000003,0,4,3,1,0.7974179470911622,,421.2
4711,-4.300000000000001,0,4,3,1,0.7974179470911622,,421.3
4712,-4.300000000000001,0,4,3,1,0.7974179470911622,,421.4
4713,-2.3000000000000003,0,4,3,1,0.7974179470911622,,421.4
4714,-4.300000000000001,0,4,3,1,0.7974179470911622,,421.5
4715,-0.30000000000000004,0,4,3,1,0.7974179470911622,,421.5
4716,-4.300000000000001,0,4,3,1,0.7974179470911622,,421.6
4717,-4.300000000000001,0,4,3,1,0.7974179470911622,,421.6
4718,-4.300000000000001,0,4,3,1,0.7974179470911622,,421.7
4719,-0.30000000000000004,0,4,3,1,0.7974179470911622,,421.8
4720,5.7,1,4,3,1,0.7974179470911622,,421.8
4721,-2.3000000000000003,0,4,3,1,0.7974179470911622,,421.9
4722,-2.3000000000000003,0,4,3,1,0.7974179470911622,,422.0
4723,-2.3000000000000003,0,4,3,1,0.7974179470911622,,422.0
4724,5.7,1,4,3,1,0.7974179470911622,,422.1
4725,-4.300000000000001,0,4,3,1,0.7974179470911622,,422.1
4726,-4.300000000000001,0,4,3,1,0.7974179470911622,,422.2
4727,-2.3000000000000003,0,4,3,1,0.7974179470911622,,422.3
4728,-2.3000000000000003,0,4,3,1,0.7974179470911622,,422.3
4729,-4.300000000000001,0,4,3,1,0.7974179470911622,,422.4
4730,-4.300000000000001,0,4,3,1,0.7974179470911622,,422.5
4731,-2.3000000000000003,0,4,3,1,0.7974179470911622,,422.5
4732,5.7,1,4,3,1,0.7974179470911622,,422.5
4733,-4.300000000000001,0,4,3,1,0.7974179470911622,,422.6
4734,-4.300000000000001,0,4,3,1,0.7974179470911622,,422.6
4735,-4.300000000000001,0,4,3,1,0.7974179470911622,,422.7
4736,-4.300000000000001,0,4,3,1,0.7974179470911622,,422.8
4737,-4.300000000000001,0,4,3,1,0.7974179470911622,,422.9
4738,-4.300000000000001,0,4,3,1,0.7974179470911622,,422.9
4739,-2.3000000000000003,0,4,3,1,0.7974179470911622,,423.0
4740,-4.300000000000001,0,4,3,1,0.7974179470911622,,423.0
4741,5.7,1,4,3,1,0.7974179470911622,,423.1
4742,-0.30000000000000004,0,4,3,1,0.7974179470911622,,423.1
4743,-2.3000000000000003,0,4,3,1,0.7974179470911622,,423.2
4744,-2.3000000000000003,0,4,3,1,0.7974179470911622,,423.3
4745,-4.300000000000001,0,4,3,1,0.7974179470911622,,423.3
4746,-4.300000000000001,0,4,3,1,0.7974179470911622,,423.4
4747,-4.300000000000001,0,4,3,1,0.7974179470911622,,423.5
4748,-0.30000000000000004,0,4,3,1,0.7974179470911622,,423.6
4749,-0.30000000000000004,0,4,3,1,0.7974179470911622,,423.6
4750,-2.3000000000000003,0,4,3,1,0.7974179470911622,,423.7
4751,-4.300000000000001,0,4,3,1,0.7974179470911622,,423.8
4752,-4.300000000000001,0,4,3,1,0.7974179470911622,,423.8
4753,5.7,1,4,3,1,0.7974179470911622,,423.9
4754,5.7,1,4,3,1,0.7974179470911622,,424.0
4755,-2.3000000000000003,0,4,3,1,0.7974179470911622,,424.1
4756,-4.300000000000001,0,4,3,1,0.7974179470911622,,424.1
4757,-4.300000000000001,0,4,3,1,0.7974179470911622,,424.2
4758,5.7,1,4,3,1,0.7974179470911622,,424.3
4759,-0.30000000000000004,0,4,3,1,0.7974179470911622,,424.3
4760,-4.300000000000001,0,4,3,1,0.7974179470911622,,424.4
4761,-4.300000000000001,0,4,3,1,0.7974179470911622,,424.5
4762,-0.30000000000000004,0,4,3,1,0.7974179470911622,,424.5
4763,-4.300000000000001,0,4,3,1,0.7974179470911622,,424.5
4764,-4.300000000000001,0,4,3,1,0.7974179470911622,,424.6
4765,-4.300000000000001,0,4,3,1,0.7974179470911622,,424.7
4766,-4.300000000000001,0,4,3,1,0.7974179470911622,,424.8
4767,5.7,1,4,3,1,0.7974179470911622,,424.9
4768,-4.300000000000001,0,4,3,1,0.7974179470911622,,424.9
4769,-4.300000000000001,0,4,3,1,0.7974179470911622,,425.0
4770,-4.300000000000001,0,4,3,1,0.7974179470911622,,425.1
4771,-4.300000000000001,0,4,3,1,0.7974179470911622,,425.1
4772,-4.300000000000001,0,4,3,1,0.7974179470911622,,425.2
4773,-2.3000000000000003,0,4,3,1,0.7974179470911622,,425.3
4774,-4.300000000000001,0,4,3,1,0.7974179470911622,,425.4
4775,-4.300000000000001,0,4,3,1,0.7974179470911622,,425.4
4776,-4.300000000000001,0,4,3,1,0.7974179470911622,,425.5
4777,-5.6000000000000005,0,6,3,1,0.7974179470911622,,425.6
4778,-5.6000000000000005,0,6,3,1,0.7974179470911622,,425.7
4779,-4.300000000000001,0,4,3,1,0.7974179470911622,,425.8
4780,-4.300000000000001,0,4,3,1,0.7974179470911622,,425.8
4781,-4.300000000000001,0,4,3,1,0.7974179470911622,,425.9
4782,-4.300000000000001,0,4,3,1,0.7974179470911622,,426.0
4783,-4.300000000000001,0,4,3,1,0.7974179470911622,,426.1
4784,-4.300000000000001,0,4,3,1,0.7974179470911622,,426.1
4785,-4.300000000000001,0,4,3,1,0.7974179470911622,,426.2
4786,-2.3000000000000003,0,4,3,1,0.7974179470911622,,426.3
4787,-4.300000000000001,0,4,3,1,0.7974179470911622,,426.3
4788,-2.3000000000000003,0,4,3,1,0.7974179470911622,,426.4
4789,-4.300000000000001,0,4,3,1,0.7974179470911622,,426.4
4790,-4.300000000000001,0,4,3,1,0.7974179470911622,,426.5
4791,-2.3000000000000003,0,4,3,1,0.7974179470911622,,426.6
4792,-4.300000000000001,0,4,3,1,0.7974179470911622,,426.6
4793,5.7,1,4,3,1,0.7974179470911622,,426.6
4794,-4.300000000000001,0,4,3,1,0.7974179470911622,,426.7
4795,-2.3000000000000003,0,4,3,1,0.7974179470911622,,426.7
4796,-4.300000000000001,0,4,3,1,0.7974179470911622,,426.8
4797,-4.300000000000001,0,4,3,1,0.7974179470911622,,426.9
4798,-4.300000000000001,0,4,3,1,0.7974179470911622,,426.9
4799,-2.3000000000000003,0,4,3,1,0.7974179470911622,,427.0
4800,-5.4,0,5,4,1,0.7974179470911622,,427.1
4801,-4.300000000000001,0,4,3,1,0.7974179470911622,,427.1
4802,-2.3000000000000003,0,4,3,1,0.7974179470911622,,427.2
4803,-4.300000000000001,0,4,3,1,0.7974179470911622,,427.2
4804,-4.300000000000001,0,4,3,1,0.7974179470911622,,427.3
4805,-4.300000000000001,0,4,3,1,0.7974179470911622,,427.3
4806,-2.3000000000000003,0,4,3,1,0.7974179470911622,,427.4
4807,-0.30000000000000004,0,4,3,1,0.7974179470911622,,427.4
4808,-2.3000000000000003,0,4,3,1,0.7974179470911622,,427.5
4809,-4.300000000000001,0,4,3,1,0.7974179470911622,,427.5
4810,-4.300000000000001,0,4,3,1,0.7974179470911622,,427.6
4811,-4.300000000000001,0,4,3,1,0.7974179470911622,,427.6
4812,-4.300000000000001,0,4,3,1,0.7974179470911622,,427.7
4813,-4.300000000000001,0,4,3,1,0.7974179470911622,,427.7
4814,-0.30000000000000004,0,4,3,1,0.7974179470911622,,427.8
4815,-2.3000000000000003,0,4,3,1,0.7974179470911622,,427.9
4816,-4.300000000000001,0,4,3,1,0.7974179470911622,,427.9
4817,-2.3000000000000003,0,4,3,1,0.7974179470911622,,428.0
4818,-2.3000000000000003,0,4,3,1,0.7974179470911622,,428.0
4819,-4.300000000000001,0,4,3,1,0.7974179470911622,,428.1
4820,-4.300000000000001,0,4,3,1,0.7974179470911622,,428.2
4821,-4.300000000000001,0,4,3,1,0.7974179470911622,,428.2
4822,-0.30000000000000004,0,4,3,1,0.7974179470911622,,428.3
4823,-4.300000000000001,0,4,3,1,0.7974179470911622,,428.3
4824,-5.6000000000000005,0,6,3,1,0.7974179470911622,,428.4
4825,-4.300000000000001,0,4,3,1,0.7974179470911622,,428.5
4826,-4.300000000000001,0,4,3,1,0.7974179470911622,,428.6
4827,-4.300000000000001,0,4,3,1,0.7974179470911622,,428.6
4828,-5.6000000000000005,0,6,3,1,0.7974179470911622,,428.7
4829,-0.30000000000000004,0,4,3,1,0.7974179470911622,,428.7
4830,-4.300000000000001,0,4,3,1,0.7974179470911622,,428.8
4831,-4.300000000000001,0,4,3,1,0.7974179470911622,,428.8
4832,-4.300000000000001,0,4,3,1,0.7974179470911622,,428.9
4833,-2.3000000000000003,0,4,3,1,0.7974179470911622,,428.9
4834,-0.30000000000000004,0,4,3,1,0.7974179470911622,,429.0
4835,-0.30000000000000004,0,4,3,1,0.7974179470911622,,429.1
4836,-4.300000000000001,0,4,3,1,0.7974179470911622,,429.2
4837,-4.300000000000001,0,4,3,1,0.7974179470911622,,429.3
4838,-4.300000000000001,0,4,3,1,0.7974179470911622,,429.3
4839,-4.300000000000001,0,4,3,1,0.7974179470911622,,429.4
4840,-5.6000000000000005,0,6,3,1,0.7974179470911622,,429.4
4841,-0.30000000000000004,0,4,3,1,0.7974179470911622,,429.5
4842,-2.3000000000000003,0,4,3,1,0.7974179470911622,,429.5
4843,-4.300000000000001,0,4,3,1,0.7974179470911622,,429.5
4844,-4.300000000000001,0,4,3,1,0.7974179470911622,,429.6
4845,-4.300000000000001,0,4,3,1,0.7974179470911622,,429.6
4846,-4.300000000000001,0,4,3,1,0.7974179470911622,,429.7
4847,-4.300000000000001,0,4,3,1,0.7974179470911622,,429.8
4848,-4.300000000000001,0,4,3,1,0.7974179470911622,,429.8
4849,5.7,1,4,3,1,0.7974179470911622,,429.9
4850,-4.300000000000001,0,4,3,1,0.7974179470911622,,430.0
4851,-4.300000000000001,0,4,3,1,0.7974179470911622,,430.1
4852,-2.3000000000000003,0,4,3,1,0.7974179470911622,,430.1
4853,-4.300000000000001,0,4,3,1,0.7974179470911622,,430.2
4854,-4.300000000000001,0,4,3,1,0.7974179470911622,,430.2
4855,-2.3000000000000003,0,4,3,1,0.7974179470911622,,430.3
4856,5.7,1,4,3,1,0.7974179470911622,,430.3
4857,-2.3000000000000003,0,4,3,1,0.7974179470911622,,430.4
4858,-3.4000000000000004,0,5,4,1,0.7974179470911622,,430.5
4859,5.7,1,4,3,1,0.7974179470911622,,430.5
4860,-2.3000000000000003,0,4,3,1,0.7974179470911622,,430.6
4861,-4.300000000000001,0,4,3,1,0.7974179470911622,,430.6
4862,-4.300000000000001,0,4,3,1,0.7974179470911622,,430.7
4863,-4.300000000000001,0,4,3,1,0.7974179470911622,,430.8
4864,-2.3000000000000003,0,4,3,1,0.7974179470911622,,430.9
4865,-4.300000000000001,0,4,3,1,0.7974179470911622,,431.0
4866,-4.300000000000001,0,4,3,1,0.7974179470911622,,431.1
4867,-4.300000000000001,0,4,3,1,0.7974179470911622,,431.1
4868,5.7,1,4,3,1,0.7974179470911622,,431.2
4869,-4.300000000000001,0,4,3,1,0.7974179470911622,,431.3
4870,-4.300000000000001,0,4,3,1,0.7974179470911622,,431.4
4871,5.7,1,4,3,1,0.7974179470911622,,431.4
4872,-2.3000000000000003,0,4,3,1,0.7974179470911622,,431.5
4873,-2.3000000000000003,0,4,3,1,0.7974179470911622,,431.6
4874,-0.30000000000000004,0,4,3,1,0.7974179470911622,,431.6
4875,-2.3000000000000003,0,4,3,1,0.7974179470911622,,431.7
4876,-2.3000000000000003,0,4,3,1,0.7974179470911622,,431.8
4877,-2.3000000000000003,0,4,3,1,0.7974179470911622,,431.9
4878,-2.3000000000000003,0,4,3,1,0.7974179470911622,,432.0
4879,-0.30000000000000004,0,4,3,1,0.7974179470911622,,432.1
4880,-0.30000000000000004,0,4,3,1,0.7974179470911622,,432.1
4881,-4.300000000000001,0,4,3,1,0.7974179470911622,,432.2
4882,-4.300000000000001,0,4,3,1,0.7974179470911622,,432.3
4883,-4.300000000000001,0,4,3,1,0.7974179470911622,,432.4
4884,-4.300000000000001,0,4,3,1,0.7974179470911622,,432.5
4885,-4.300000000000001,0,4,3,1,0.7974179470911622,,432.6
4886,-4.300000000000001,0,4,3,1,0.7974179470911622,,432.6
4887,-4.300000000000001,0,4,3,1,0.7974179470911622,,432.7
4888,-4.300000000000001,0,4,3,1,0.7974179470911622,,432.8
4889,-4.300000000000001,0,4,3,1,0.7974179470911622,,432.8
4890,-4.300000000000001,0,4,3,1,0.7974179470911622,,432.8
4891,5.7,1,4,3,1,0.7974179470911622,,432.9
4892,-4.300000000000001,0,4,3,1,0.7974179470911622,,433.0
4893,-4.300000000000001,0,4,3,1,0.7974179470911622,,433.1
4894,-2.3000000000000003,0,4,3,1,0.7974179470911622,,433.1
4895,-4.300000000000001,0,4,3,1,0.7974179470911622,,433.2
4896,-4.300000000000001,0,4,3,1,0.7974179470911622,,433.2
4897,-4.300000000000001,0,4,3,1,0.7974179470911622,,433.3
4898,-2.3000000000000003,0,4,3,1,0.7974179470911622,,433.4
4899,-4.300000000000001,0,4,3,1,0.7974179470911622,,433.4
4900,-4.300000000000001,0,4,3,1,0.7974179470911622,,433.5
4901,5.7,1,4,3,1,0.7974179470911622,,433.6
4902,-4.300000000000001,0,4,3,1,0.7974179470911622,,433.7
4903,-2.3000000000000003,0,4,3,1,0.7974179470911622,,433.7
4904,-4.300000000000001,0,4,3,1,0.7974179470911622,,433.8
4905,-4.300000000000001,0,4,3,1,0.7974179470911622,,433.8
4906,4.4,1,6,3,1,0.7974179470911622,,433.9
4907,-4.300000000000001,0,4,3,1,0.7974179470911622,,433.9
4908,-4.300000000000001,0,4,3,1,0.7974179470911622,,434.0
4909,-4.300000000000001,0,4,3,1,0.7974179470911622,,434.0
4910,-0.30000000000000004,0,4,3,1,0.7974179470911622,,434.1
4911,-4.300000000000001,0,4,3,1,0.7974179470911622,,434.1
4912,-4.300000000000001,0,4,3,1,0.7974179470911622,,434.2
4913,-4.300000000000001,0,4,3,1,0.7974179470911622,,434.2
4914,-0.30000000000000004,0,4,3,1,0.7974179470911622,,434.3
4915,-4.300000000000001,0,4,3,1,0.7974179470911622,,434.4
4916,-0.30000000000000004,0,4,3,1,0.7974179470911622,,434.5
4917,-4.300000000000001,0,4,3,1,0.7974179470911622,,434.5
4918,-2.3000000000000003,0,4,3,1,0.7974179470911622,,434.6
4919,-1.6,0,6,3,1,0.7974179470911622,,434.7
4920,-4.300000000000001,0,4,3,1,0.7974179470911622,,434.8
4921,-4.300000000000001,0,4,3,1,0.7974179470911622,,434.8
4922,-4.300000000000001,0,4,3,1,0.7974179470911622,,434.9
4923,-4.300000000000001,0,4,3,1,0.7974179470911622,,435.0
4924,5.7,1,4,3,1,0.7974179470911622,,435.0
4925,-2.3000000000000003,0,4,3,1,0.7974179470911622,,435.1
4926,-2.3000000000000003,0,4,3,1,0.7974179470911622,,435.2
4927,-4.300000000000001,0,4,3,1,0.7974179470911622,,435.2
4928,-4.300000000000001,0,4,3,1,0.7974179470911622,,435.3
4929,-0.30000000000000004,0,4,3,1,0.7974179470911622,,435.4
4930,5.7,1,4,3,1,0.7974179470911622,,435.4
4931,-4.300000000000001,0,4,3,1,0.7974179470911622,,435.5
4932,-4.300000000000001,0,4,3,1,0.7974179470911622,,435.5
4933,-4.300000000000001,0,4,3,1,0.7974179470911622,,435.6
4934,-4.300000000000001,0,4,3,1,0.7974179470911622,,435.6
4935,-4.300000000000001,0,4,3,1,0.7974179470911622,,435.7
4936,-4.6000000000000005,0,6,3,1,0.7974179470911622,,435.8
4937,-4.300000000000001,0,4,3,1,0.7974179470911622,,435.8
4938,-5.4,0,5,4,1,0.7974179470911622,,435.9
4939,-4.300000000000001,0,4,3,1,0.7974179470911622,,436.0
4940,5.7,1,4,3,1,0.7974179470911622,,436.1
4941,-4.300000000000001,0,4,3,1,0.7974179470911622,,436.1
4942,-4.300000000000001,0,4,3,1,0.7974179470911622,,436.2
4943,-2.3000000000000003,0,4,3,1,0.7974179470911622,,436.2
4944,-4.300000000000001,0,4,3,1,0.7974179470911622,,436.3
4945,-4.300000000000001,0,4,3,1,0.7974179470911622,,436.4
4946,-4.300000000000001,0,4,3,1,0.7974179470911622,,436.5
4947,-4.300000000000001,0,4,3,1,0.7974179470911622,,436.5
4948,-0.30000000000000004,0,4,3,1,0.7974179470911622,,436.6
4949,-2.3000000000000003,0,4,3,1,0.7974179470911622,,436.6
4950,5.7,1,4,3,1,0.7974179470911622,,436.7
4951,-4.300000000000001,0,4,3,1,0.7974179470911622,,436.8
4952,-2.3000000000000003,0,4,3,1,0.7974179470911622,,436.9
4953,-4.300000000000001,0,4,3,1,0.7974179470911622,,437.0
4954,-4.300000000000001,0,4,3,1,0.7974179470911622,,437.0
4955,-1.6,0,6,3,1,0.7974179470911622,,437.1
4956,-2.3000000000000003,0,4,3,1,0.7974179470911622,,437.2
4957,-4.300000000000001,0,4,3,1,0.7974179470911622,,437.2
4958,-4.300000000000001,0,4,3,1,0.7974179470911622,,437.3
4959,-4.300000000000001,0,4,3,1,0.7974179470911622,,437.4
4960,-4.300000000000001,0,4,3,1,0.7974179470911622,,437.4
4961,-4.300000000000001,0,4,3,1,0.7974179470911622,,437.5
4962,-4.300000000000001,0,4,3,1,0.7974179470911622,,437.5
4963,-4.300000000000001,0,4,3,1,0.7974179470911622,,437.6
4964,-4.300000000000001,0,4,3,1,0.7974179470911622,,437.7
4965,-0.30000000000000004,0,4,3,1,0.7974179470911622,,437.8
4966,-5.6000000000000005,0,6,3,1,0.7974179470911622,,437.8
4967,-4.300000000000001,0,4,3,1,0.7974179470911622,,437.9
4968,5.7,1,4,3,1,0.7974179470911622,,437.9
4969,-4.300000000000001,0,4,3,1,0.7974179470911622,,438.0
4970,-4.300000000000001,0,4,3,1,0.7974179470911622,,438.0
4971,-2.3000000000000003,0,4,3,1,0.7974179470911622,,438.1
4972,-4.300000000000001,0,4,3,1,0.7974179470911622,,438.1
4973,-4.300000000000001,0,4,3,1,0.7974179470911622,,438.2
4974,-4.300000000000001,0,4,3,1,0.7974179470911622,,438.3
4975,-4.300000000000001,0,4,3,1,0.7974179470911622,,438.3
4976,-0.30000000000000004,0,4,3,1,0.7974179470911622,,438.4
4977,-4.300000000000001,0,4,3,1,0.7974179470911622,,438.4
4978,-4.300000000000001,0,4,3,1,0.7974179470911622,,438.5
4979,-4.300000000000001,0,4,3,1,0.7974179470911622,,438.5
4980,-4.300000000000001,0,4,3,1,0.7974179470911622,,438.6
4981,-4.300000000000001,0,4,3,1,0.7974179470911622,,438.7
4982,-4.300000000000001,0,4,3,1,0.7974179470911622,,438.8
4983,5.7,1,4,3,1,0.7974179470911622,,438.8
4984,-0.30000000000000004,0,4,3,1,0.7974179470911622,,438.9
4985,-4.300000000000001,0,4,3,1,0.7974179470911622,,438.9
4986,-4.300000000000001,0,4,3,1,0.7974179470911622,,439.0
4987,-2.3000000000000003,0,4,3,1,0.7974179470911622,,439.0
4988,-0.30000000000000004,0,4,3,1,0.7974179470911622,,439.1
4989,-2.3000000000000003,0,4,3,1,0.7974179470911622,,439.2
4990,-4.300000000000001,0,4,3,1,0.7974179470911622,,439.2
4991,-4.300000000000001,0,4,3,1,0.7974179470911622,,439.3
4992,-4.300000000000001,0,4,3,1,0.7974179470911622,,439.4
4993,-2.3000000000000003,0,4,3,1,0.7974179470911622,,439.4
4994,-4.300000000000001,0,4,3,1,0.7974179470911622,,439.5
4995,-5.6000000000000005,0,6,3,1,0.7974179470911622,,439.6
4996,-4.300000000000001,0,4,3,1,0.7974179470911622,,439.7
4997,-4.300000000000001,0,4,3,1,0.7974179470911622,,439.7
4998,-2.6,0,6,3,1,0.7974179470911622,,439.8
4999,-4.300000000000001,0,4,3,1,0.7974179470911622,,439.8
5000,-4.300000000000001,0,4,3,1,0.7974179470911622,,439.9
5001,-2.3000000000000003,0,4,3,1,0.7974179470911622,,445.1
5002,-4.300000000000001,0,4,3,1,0.7974179470911622,,445.2
5003,-0.30000000000000004,0,4,3,1,0.7974179470911622,,445.3
5004,-4.300000000000001,0,4,3,1,0.7974179470911622,,445.3
5005,-4.300000000000001,0,4,3,1,0.7974179470911622,,445.4
5006,-4.300000000000001,0,4,3,1,0.7974179470911622,,445.5
5007,-4.300000000000001,0,4,3,1,0.7974179470911622,,445.5
5008,-4.300000000000001,0,4,3,1,0.7974179470911622,,445.6
5009,-4.300000000000001,0,4,3,1,0.7974179470911622,,445.7
5010,-2.3000000000000003,0,4,3,1,0.7974179470911622,,445.8
5011,-4.300000000000001,0,4,3,1,0.7974179470911622,,445.9
5012,-2.3000000000000003,0,4,3,1,0.7974179470911622,,445.9
5013,-2.3000000000000003,0,4,3,1,0.7974179470911622,,446.0
5014,-4.300000000000001,0,4,3,1,0.7974179470911622,,446.1
5015,-4.300000000000001,0,4,3,1,0.7974179470911622,,446.1
5016,-2.3000000000000003,0,4,3,1,0.7974179470911622,,446.2
5017,-2.3000000000000003,0,4,3,1,0.7974179470911622,,446.3
5018,-2.3000000000000003,0,4,3,1,0.7974179470911622,,446.3
5019,-4.300000000000001,0,4,3,1,0.7974179470911622,,446.4
5020,-4.300000000000001,0,4,3,1,0.7974179470911622,,446.4
5021,-4.300000000000001,0,4,3,1,0.7974179470911622,,446.5
5022,-4.300000000000001,0,4,3,1,0.7974179470911622,,446.5
5023,-4.300000000000001,0,4,3,1,0.7974179470911622,,446.6
5024,-4.300000000000001,0,4,3,1,0.7974179470911622,,446.7
5025,5.7,1,4,3,1,0.7974179470911622,,446.7
5026,-5.9,0,8,3,1,0.7974179470911622,,446.8
5027,-4.300000000000001,0,4,3,1,0.7974179470911622,,446.9
5028,-4.300000000000001,0,4,3,1,0.7974179470911622,,446.9
5029,6.6,1,5,4,1,0.7974179470911622,,447.1
5030,-2.3000000000000003,0,4,3,1,0.7974179470911622,,447.1
5031,-4.300000000000001,0,4,3,1,0.7974179470911622,,447.2
5032,-2.3000000000000003,0,4,3,1,0.7974179470911622,,447.2
5033,-2.3000000000000003,0,4,3,1,0.7974179470911622,,447.2
5034,-2.3000000000000003,0,4,3,1,0.7974179470911622,,447.3
5035,-4.300000000000001,0,4,3,1,0.7576874010264874,1.238451868062839,448.1
5036,-0.30000000000000004,0,4,3,1,0.7576874010264874,,448.1
5037,-2.3000000000000003,0,4,3,1,0.7576874010264874,,448.2
5038,-0.30000000000000004,0,4,3,1,0.7576874010264874,,448.3
5039,-4.300000000000001,0,4,3,1,0.7576874010264874,,448.4
5040,-2.3000000000000003,0,4,3,1,0.7576874010264874,,448.5
5041,-4.300000000000001,0,4,3,1,0.7576874010264874,,448.5
5042,-2.3000000000000003,0,4,3,1,0.7576874010264874,,448.6
5043,-4.300000000000001,0,4,3,1,0.7576874010264874,,448.7
5044,-4.300000000000001,0,4,3,1,0.7576874010264874,,448.8
5045,-4.300000000000001,0,4,3,1,0.7576874010264874,,448.8
5046,-5.6000000000000005,0,6,3,1,0.7576874010264874,,448.9
5047,-2.3000000000000003,0,4,3,1,0.7576874010264874,,449.0
5048,-4.300000000000001,0,4,3,1,0.7576874010264874,,449.0
5049,-4.300000000000001,0,4,3,1,0.7576874010264874,,449.1
5050,-4.300000000000001,0,4,3,1,0.7576874010264874,,449.2
5051,-4.300000000000001,0,4,3,1,0.7576874010264874,,449.2
5052,-4.300000000000001,0,4,3,1,0.7576874010264874,,449.3
5053,-4.300000000000001,0,4,3,1,0.7576874010264874,,449.4
5054,-0.30000000000000004,0,4,3,1,0.7576874010264874,,449.4
5055,-4.300000000000001,0,4,3,1,0.7576874010264874,,449.5
5056,-4.300000000000001,0,4,3,1,0.7576874010264874,,449.5
5057,-4.300000000000001,0,4,3,1,0.7576874010264874,,449.6
5058,-4.300000000000001,0,4,3,1,0.7576874010264874,,449.7
5059,-4.300000000000001,0,4,3,1,0.7576874010264874,,449.8
5060,5.7,1,4,3,1,0.7576874010264874,,449.8
5061,-2.3000000000000003,0,4,3,1,0.7576874010264874,,449.9
5062,-4.300000000000001,0,4,3,1,0.7576874010264874,,450.0
5063,-0.30000000000000004,0,4,3,1,0.7576874010264874,,450.1
5064,-4.300000000000001,0,4,3,1,0.7576874010264874,,450.1
5065,-4.300000000000001,0,4,3,1,0.7576874010264874,,450.2
5066,-4.300000000000001,0,4,3,1,0.7576874010264874,,450.2
5067,-4.300000000000001,0,4,3,1,0.7576874010264874,,450.3
5068,-4.300000000000001,0,4,3,1,0.7576874010264874,,450.4
5069,-4.300000000000001,0,4,3,1,0.7576874010264874,,450.5
5070,-4.300000000000001,0,4,3,1,0.7576874010264874,,450.5
5071,-2.3000000000000003,0,4,3,1,0.7576874010264874,,450.6
5072,-0.30000000000000004,0,4,3,1,0.7576874010264874,,450.6
5073,-4.300000000000001,0,4,3,1,0.7576874010264874,,450.7
5074,-4.300000000000001,0,4,3,1,0.7576874010264874,,450.8
5075,-4.300000000000001,0,4,3,1,0.7576874010264874,,450.9
5076,-4.300000000000001,0,4,3,1,0.7576874010264874,,450.9
5077,-4.300000000000001,0,4,3,1,0.7576874010264874,,451.0
5078,-0.30000000000000004,0,4,3,1,0.7576874010264874,,451.1
5079,-0.30000000000000004,0,4,3,1,0.7576874010264874,,451.1
5080,-4.300000000000001,0,4,3,1,0.7576874010264874,,451.2
5081,5.7,1,4,3,1,0.7576874010264874,,451.3
5082,-4.300000000000001,0,4,3,1,0.7576874010264874,,451.3
5083,-4.6000000000000005,0,6,3,1,0.7576874010264874,,451.4
5084,-4.300000000000001,0,4,3,1,0.7576874010264874,,451.5
5085,-4.300000000000001,0,4,3,1,0.7576874010264874,,451.6
5086,-4.300000000000001,0,4,3,1,0.7576874010264874,,451.6
5087,-4.300000000000001,0,4,3,1,0.7576874010264874,,451.7
5088,5.7,1,4,3,1,0.7576874010264874,,451.8
5089,-4.300000000000001,0,4,3,1,0.7576874010264874,,451.9
5090,-4.300000000000001,0,4,3,1,0.7576874010264874,,451.9
5091,-4.300000000000001,0,4,3,1,0.7576874010264874,,452.0
5092,5.7,1,4,3,1,0.7576874010264874,,452.1
5093,-4.300000000000001,0,4,3,1,0.7576874010264874,,452.1
5094,-4.300000000000001,0,4,3,1,0.7576874010264874,,452.2
5095,-4.300000000000001,0,4,3,1,0.7576874010264874,,452.2
5096,-4.300000000000001,0,4,3,1,0.7576874010264874,,452.3
5097,-4.300000000000001,0,4,3,1,0.7576874010264874,,452.4
5098,-4.300000000000001,0,4,3,1,0.7576874010264874,,452.4
5099,-4.300000000000001,0,4,3,1,0.7576874010264874,,452.5
5100,-0.30000000000000004,0,4,3,1,0.7576874010264874,,452.6
5101,-0.30000000000000004,0,4,3,1,0.7576874010264874,,452.6
5102,-4.300000000000001,0,4,3,1,0.7576874010264874,,452.7
5103,-4.300000000000001,0,4,3,1,0.7576874010264874,,452.8
5104,-2.3000000000000003,0,4,3,1,0.7576874010264874,,452.9
5105,-4.300000000000001,0,4,3,1,0.7576874010264874,,453.0
5106,-2.3000000000000003,0,4,3,1,0.7576874010264874,,453.1
5107,5.7,1,4,3,1,0.7576874010264874,,453.1
5108,-4.300000000000001,0,4,3,1,0.7576874010264874,,453.2
5109,-4.300000000000001,0,4,3,1,0.7576874010264874,,453.3
5110,5.7,1,4,3,1,0.7576874010264874,,453.3
5111,5.7,1,4,3,1,0.7576874010264874,,453.3
5112,5.7,1,4,3,1,0.7576874010264874,,453.4
5113,-4.300000000000001,0,4,3,1,0.7576874010264874,,453.5
5114,-4.300000000000001,0,4,3,1,0.7576874010264874,,453.6
5115,-0.30000000000000004,0,4,3,1,0.7576874010264874,,453.6
5116,-4.300000000000001,0,4,3,1,0.7576874010264874,,453.7
5117,-0.30000000000000004,0,4,3,1,0.7576874010264874,,453.7
5118,-4.300000000000001,0,4,3,1,0.7576874010264874,,453.7
5119,-4.300000000000001,0,4,3,1,0.7576874010264874,,453.8
5120,-2.3000000000000003,0,4,3,1,0.7576874010264874,,453.9
5121,-4.300000000000001,0,4,3,1,0.7576874010264874,,453.9
5122,-4.6,0,6,3,1,0.7576874010264874,,454.0
5123,-4.300000000000001,0,4,3,1,0.7576874010264874,,454.1
5124,-4.300000000000001,0,4,3,1,0.7576874010264874,,454.2
5125,-4.300000000000001,0,4,3,1,0.7576874010264874,,454.2
5126,-4.300000000000001,0,4,3,1,0.7576874010264874,,454.3
5127,-2.3000000000000003,0,4,3,1,0.7576874010264874,,454.4
5128,-4.300000000000001,0,4,3,1,0.7576874010264874,,454.5
5129,-0.30000000000000004,0,4,3,1,0.7576874010264874,,454.6
5130,-1.4000000000000001,0,5,4,1,0.7576874010264874,,454.7
5131,-4.300000000000001,0,4,3,1,0.7576874010264874,,454.8
5132,5.7,1,4,3,1,0.7576874010264874,,454.9
5133,-4.300000000000001,0,4,3,1,0.7576874010264874,,454.9
5134,-4.300000000000001,0,4,3,1,0.7576874010264874,,455.0
5135,-0.30000000000000004,0,4,3,1,0.7576874010264874,,455.0
5136,-4.300000000000001,0,4,3,1,0.7576874010264874,,455.1
5137,5.7,1,4,3,1,0.7576874010264874,,455.2
5138,-2.3000000000000003,0,4,3,1,0.7576874010264874,,455.3
5139,-4.300000000000001,0,4,3,1,0.7576874010264874,,455.3
5140,-4.300000000000001,0,4,3,1,0.7576874010264874,,455.4
5141,-3.4000000000000004,0,5,4,1,0.7576874010264874,,455.4
5142,-4.300000000000001,0,4,3,1,0.7576874010264874,,455.5
5143,-4.300000000000001,0,4,3,1,0.7576874010264874,,455.5
5144,-4.300000000000001,0,4,3,1,0.7576874010264874,,455.6
5145,-4.300000000000001,0,4,3,1,0.7576874010264874,,455.7
5146,-2.3000000000000003,0,4,3,1,0.7576874010264874,,455.8
5147,-4.300000000000001,0,4,3,1,0.7576874010264874,,455.9
5148,-2.3000000000000003,0,4,3,1,0.7576874010264874,,455.9
5149,-4.300000000000001,0,4,3,1,0.7576874010264874,,456.0
5150,5.7,1,4,3,1,0.7576874010264874,,456.1
5151,-0.30000000000000004,0,4,3,1,0.7576874010264874,,456.2
5152,-4.300000000000001,0,4,3,1,0.7576874010264874,,456.3
5153,-4.300000000000001,0,4,3,1,0.7576874010264874,,456.3
5154,5.7,1,4,3,1,0.7576874010264874,,456.4
5155,-3.6000000000000005,0,6,3,1,0.7576874010264874,,456.5
5156,-4.300000000000001,0,4,3,1,0.7576874010264874,,456.6
5157,-4.300000000000001,0,4,3,1,0.7576874010264874,,456.6
5158,-4.300000000000001,0,4,3,1,0.7576874010264874,,456.7
5159,-0.30000000000000004,0,4,3,1,0.7576874010264874,,456.7
5160,-4.300000000000001,0,4,3,1,0.7576874010264874,,456.8
5161,-0.30000000000000004,0,4,3,1,0.7576874010264874,,456.8
5162,-4.300000000000001,0,4,3,1,0.7576874010264874,,456.9
5163,-4.300000000000001,0,4,3,1,0.7576874010264874,,457.0
5164,-4.300000000000001,0,4,3,1,0.7576874010264874,,457.1
5165,-4.300000000000001,0,4,3,1,0.7576874010264874,,457.1
5166,-4.300000000000001,0,4,3,1,0.7576874010264874,,457.2
5167,-2.3000000000000003,0,4,3,1,0.7576874010264874,,457.3
5168,-4.300000000000001,0,4,3,1,0.7576874010264874,,457.3
5169,-2.3000000000000003,0,4,3,1,0.7576874010264874,,457.4
5170,-2.3000000000000003,0,4,3,1,0.7576874010264874,,457.5
5171,-4.300000000000001,0,4,3,1,0.7576874010264874,,457.6
5172,-4.300000000000001,0,4,3,1,0.7576874010264874,,457.6
5173,-0.30000000000000004,0,4,3,1,0.7576874010264874,,457.7
5174,-4.300000000000001,0,4,3,1,0.7576874010264874,,457.8
5175,-4.300000000000001,0,4,3,1,0.7576874010264874,,457.8
5176,-4.300000000000001,0,4,3,1,0.7576874010264874,,457.9
5177,-4.300000000000001,0,4,3,1,0.7576874010264874,,458.0
5178,-4.300000000000001,0,4,3,1,0.7576874010264874,,458.0
5179,-5.6000000000000005,0,6,3,1,0.7576874010264874,,458.1
5180,-4.300000000000001,0,4,3,1,0.7576874010264874,,458.1
5181,-4.300000000000001,0,4,3,1,0.7576874010264874,,458.2
5182,-4.300000000000001,0,4,3,1,0.7576874010264874,,458.3
5183,-4.300000000000001,0,4,3,1,0.7576874010264874,,458.3
5184,5.7,1,4,3,1,0.7576874010264874,,458.4
5185,-2.3000000000000003,0,4,3,1,0.7576874010264874,,458.5
5186,-2.3000000000000003,0,4,3,1,0.7576874010264874,,458.6
5187,-0.30000000000000004,0,4,3,1,0.7576874010264874,,458.6
5188,-4.300000000000001,0,4,3,1,0.7576874010264874,,458.8
5189,-4.300000000000001,0,4,3,1,0.7576874010264874,,458.8
5190,-4.300000000000001,0,4,3,1,0.7576874010264874,,458.9
5191,5.7,1,4,3,1,0.7576874010264874,,459.0
5192,-4.300000000000001,0,4,3,1,0.7576874010264874,,459.1
5193,-5.6000000000000005,0,6,3,1,0.7576874010264874,,459.2
5194,5.7,1,4,3,1,0.7576874010264874,,459.3
5195,-3.4000000000000004,0,5,4,1,0.7576874010264874,,459.3
5196,-4.300000000000001,0,4,3,1,0.7576874010264874,,459.4
5197,5.7,1,4,3,1,0.7576874010264874,,459.4
5198,-4.300000000000001,0,4,3,1,0.7576874010264874,,459.5
5199,-0.30000000000000004,0,4,3,1,0.7576874010264874,,459.6
5200,-4.300000000000001,0,4,3,1,0.7576874010264874,,459.7
5201,-4.300000000000001,0,4,3,1,0.7576874010264874,,459.7
5202,-4.300000000000001,0,4,3,1,0.7576874010264874,,459.8
5203,-4.300000000000001,0,4,3,1,0.7576874010264874,,459.9
5204,-2.3000000000000003,0,4,3,1,0.7576874010264874,,459.9
5205,-4.300000000000001,0,4,3,1,0.7576874010264874,,460.0
5206,-0.30000000000000004,0,4,3,1,0.7576874010264874,,460.0
5207,-2.3000000000000003,0,4,3,1,0.7576874010264874,,460.1
5208,-4.300000000000001,0,4,3,1,0.7576874010264874,,460.1
5209,-4.300000000000001,0,4,3,1,0.7576874010264874,,460.2
5210,-4.300000000000001,0,4,3,1,0.7576874010264874,,460.3
5211,-4.300000000000001,0,4,3,1,0.7576874010264874,,460.3
5212,-0.30000000000000004,0,4,3,1,0.7576874010264874,,460.4
5213,-4.300000000000001,0,4,3,1,0.7576874010264874,,460.5
5214,-4.300000000000001,0,4,3,1,0.7576874010264874,,460.6
5215,-4.300000000000001,0,4,3,1,0.7576874010264874,,460.7
5216,-2.3000000000000003,0,4,3,1,0.7576874010264874,,460.7
5217,-2.3000000000000003,0,4,3,1,0.7576874010264874,,460.8
5218,-4.300000000000001,0,4,3,1,0.7576874010264874,,460.9
5219,-4.300000000000001,0,4,3,1,0.7576874010264874,,460.9
5220,5.7,1,4,3,1,0.7576874010264874,,461.0
5221,-4.300000000000001,0,4,3,1,0.7576874010264874,,461.1
5222,-2.3000000000000003,0,4,3,1,0.7576874010264874,,461.1
5223,-4.6000000000000005,0,6,3,1,0.7576874010264874,,461.2
5224,-2.3000000000000003,0,4,3,1,0.7576874010264874,,461.3
5225,-4.300000000000001,0,4,3,1,0.7576874010264874,,461.4
5226,-3.6000000000000005,0,6,3,1,0.7576874010264874,,461.5
5227,-4.300000000000001,0,4,3,1,0.7576874010264874,,461.5
5228,-4.300000000000001,0,4,3,1,0.7576874010264874,,461.6
5229,-4.300000000000001,0,4,3,1,0.7576874010264874,,461.7
5230,-3.6,0,6,3,1,0.7576874010264874,,461.7
5231,5.7,1,4,3,1,0.7576874010264874,,461.8
5232,-4.300000000000001,0,4,3,1,0.7576874010264874,,461.8
5233,5.7,1,4,3,1,0.7576874010264874,,461.9
5234,-4.300000000000001,0,4,3,1,0.7576874010264874,,461.9
5235,-0.30000000000000004,0,4,3,1,0.7576874010264874,,462.0
5236,-4.300000000000001,0,4,3,1,0.7576874010264874,,462.0
5237,-4.300000000000001,0,4,3,1,0.7576874010264874,,462.1
5238,-0.30000000000000004,0,4,3,1,0.7576874010264874,,462.2
5239,5.4,1,6,3,1,0.7576874010264874,,462.3
5240,-4.300000000000001,0,4,3,1,0.7576874010264874,,462.3
5241,-4.300000000000001,0,4,3,1,0.7576874010264874,,462.4
5242,-4.300000000000001,0,4,3,1,0.7576874010264874,,462.5
5243,-2.3000000000000003,0,4,3,1,0.7576874010264874,,462.6
5244,-0.30000000000000004,0,4,3,1,0.7576874010264874,,462.7
5245,-4.300000000000001,0,4,3,1,0.7576874010264874,,462.8
5246,-2.3000000000000003,0,4,3,1,0.7576874010264874,,462.8
5247,-4.300000000000001,0,4,3,1,0.7576874010264874,,462.9
5248,-2.3000000000000003,0,4,3,1,0.7576874010264874,,463.0
5249,-0.30000000000000004,0,4,3,1,0.7576874010264874,,463.1
5250,-4.300000000000001,0,4,3,1,0.7576874010264874,,463.2
5251,-2.3000000000000003,0,4,3,1,0.7576874010264874,,463.2
5252,-5.4,0,5,4,1,0.7576874010264874,,463.3
5253,-0.30000000000000004,0,4,3,1,0.7576874010264874,,463.4
5254,-4.300000000000001,0,4,3,1,0.7576874010264874,,463.5
5255,-4.300000000000001,0,4,3,1,0.7576874010264874,,463.5
5256,-4.300000000000001,0,4,3,1,0.7576874010264874,,463.6
5257,-4.300000000000001,0,4,3,1,0.7576874010264874,,463.7
5258,-2.3000000000000003,0,4,3,1,0.7576874010264874,,463.8
5259,-4.300000000000001,0,4,3,1,0.7576874010264874,,463.8
5260,-4.300000000000001,0,4,3,1,0.7576874010264874,,463.9
5261,-4.300000000000001,0,4,3,1,0.7576874010264874,,464.0
5262,5.7,1,4,3,1,0.7576874010264874,,464.0
5263,-2.3000000000000003,0,4,3,1,0.7576874010264874,,464.1
5264,5.4,1,6,3,1,0.7576874010264874,,464.1
5265,-4.300000000000001,0,4,3,1,0.7576874010264874,,464.2
5266,-4.300000000000001,0,4,3,1,0.7576874010264874,,464.3
5267,-4.300000000000001,0,4,3,1,0.7576874010264874,,464.4
5268,-4.300000000000001,0,4,3,1,0.7576874010264874,,464.4
5269,-4.300000000000001,0,4,3,1,0.7576874010264874,,464.5
5270,-4.300000000000001,0,4,3,1,0.7576874010264874,,464.5
5271,-2.3000000000000003,0,4,3,1,0.7576874010264874,,464.6
5272,-4.300000000000001,0,4,3,1,0.7576874010264874,,464.7
5273,-4.300000000000001,0,4,3,1,0.7576874010264874,,464.7
5274,0.6000000000000001,0,5,4,1,0.7576874010264874,,464.8
5275,-4.300000000000001,0,4,3,1,0.7576874010264874,,464.9
5276,-4.300000000000001,0,4,3,1,0.7576874010264874,,465.0
5277,-4.300000000000001,0,4,3,1,0.7576874010264874,,465.1
5278,-4.300000000000001,0,4,3,1,0.7576874010264874,,465.2
5279,-4.300000000000001,0,4,3,1,0.7576874010264874,,465.2
5280,-2.3000000000000003,0,4,3,1,0.7576874010264874,,465.3
5281,-2.3000000000000003,0,4,3,1,0.7576874010264874,,465.4
5282,-2.3000000000000003,0,4,3,1,0.7576874010264874,,465.4
5283,-4.300000000000001,0,4,3,1,0.7576874010264874,,465.5
5284,-2.3000000000000003,0,4,3,1,0.7576874010264874,,465.5
5285,-4.300000000000001,0,4,3,1,0.7576874010264874,,465.6
5286,-4.300000000000001,0,4,3,1,0.7576874010264874,,465.6
5287,5.7,1,4,3,1,0.7576874010264874,,465.7
5288,-2.3000000000000003,0,4,3,1,0.7576874010264874,,465.7
5289,-2.3000000000000003,0,4,3,1,0.7576874010264874,,465.8
5290,-0.30000000000000004,0,4,3,1,0.7576874010264874,,465.9
5291,-5.6000000000000005,0,6,3,1,0.7576874010264874,,465.9
5292,-4.300000000000001,0,4,3,1,0.7576874010264874,,465.9
5293,-4.300000000000001,0,4,3,1,0.7576874010264874,,466.0
5294,-4.300000000000001,0,4,3,1,0.7576874010264874,,466.1
5295,5.7,1,4,3,1,0.7576874010264874,,466.2
5296,-4.300000000000001,0,4,3,1,0.7576874010264874,,466.2
5297,-2.3000000000000003,0,4,3,1,0.7576874010264874,,466.3
5298,-4.300000000000001,0,4,3,1,0.7576874010264874,,466.4
5299,-4.300000000000001,0,4,3,1,0.7576874010264874,,466.5
5300,-4.300000000000001,0,4,3,1,0.7576874010264874,,466.5
5301,-0.6000000000000001,0,6,3,1,0.7576874010264874,,466.6
5302,-4.300000000000001,0,4,3,1,0.7576874010264874,,466.6
5303,-4.300000000000001,0,4,3,1,0.7576874010264874,,466.7
5304,-4.6,0,6,3,1,0.7576874010264874,,466.8
5305,-4.300000000000001,0,4,3,1,0.7576874010264874,,466.9
5306,-0.30000000000000004,0,4,3,1,0.7576874010264874,,466.9
5307,-2.3000000000000003,0,4,3,1,0.7576874010264874,,467.0
5308,-4.300000000000001,0,4,3,1,0.7576874010264874,,467.1
5309,-4.300000000000001,0,4,3,1,0.7576874010264874,,467.2
5310,-4.300000000000001,0,4,3,1,0.7576874010264874,,467.2
5311,-4.300000000000001,0,4,3,1,0.7576874010264874,,467.3
5312,-4.300000000000001,0,4,3,1,0.7576874010264874,,467.4
5313,-4.300000000000001,0,4,3,1,0.7576874010264874,,467.4
5314,-0.30000000000000004,0,4,3,1,0.7576874010264874,,467.5
5315,-4.300000000000001,0,4,3,1,0.7576874010264874,,467.6
5316,-0.30000000000000004,0,4,3,1,0.7576874010264874,,467.7
5317,-2.3000000000000003,0,4,3,1,0.7576874010264874,,467.8
5318,-4.300000000000001,0,4,3,1,0.7576874010264874,,467.9
5319,-0.6000000000000001,0,6,3,1,0.7576874010264874,,468.0
5320,-4.300000000000001,0,4,3,1,0.7576874010264874,,468.0
5321,-3.4000000000000004,0,5,4,1,0.7576874010264874,,468.1
5322,-2.3000000000000003,0,4,3,1,0.7576874010264874,,468.2
5323,-4.300000000000001,0,4,3,1,0.7576874010264874,,468.2
5324,-4.300000000000001,0,4,3,1,0.7576874010264874,,468.3
5325,-4.300000000000001,0,4,3,1,0.7576874010264874,,468.3
5326,-4.300000000000001,0,4,3,1,0.7576874010264874,,468.4
5327,-3.6,0,6,3,1,0.7576874010264874,,468.5
5328,-4.300000000000001,0,4,3,1,0.7576874010264874,,468.5
5329,-4.300000000000001,0,4,3,1,0.7576874010264874,,468.6
5330,-0.30000000000000004,0,4,3,1,0.7576874010264874,,468.6
5331,-2.3000000000000003,0,4,3,1,0.7576874010264874,,468.7
5332,-4.300000000000001,0,4,3,1,0.7576874010264874,,468.8
5333,-2.3000000000000003,0,4,3,1,0.7576874010264874,,468.9
5334,-4.300000000000001,0,4,3,1,0.7576874010264874,,468.9
5335,-0.30000000000000004,0,4,3,1,0.7576874010264874,,469.0
5336,-5.6000000000000005,0,6,3,1,0.7576874010264874,,469.1
5337,-2.3000000000000003,0,4,3,1,0.7576874010264874,,469.1
5338,-4.300000000000001,0,4,3,1,0.7576874010264874,,469.2
5339,5.7,1,4,3,1,0.7576874010264874,,469.3
5340,-4.300000000000001,0,4,3,1,0.7576874010264874,,469.4
5341,-4.300000000000001,0,4,3,1,0.7576874010264874,,469.5
5342,-5.4,0,5,4,1,0.7576874010264874,,469.5
5343,-0.30000000000000004,0,4,3,1,0.7576874010264874,,469.6
5344,-4.300000000000001,0,4,3,1,0.7576874010264874,,469.7
5345,-4.300000000000001,0,4,3,1,0.7576874010264874,,469.7
5346,-0.30000000000000004,0,4,3,1,0.7576874010264874,,469.8
5347,-2.3000000000000003,0,4,3,1,0.7576874010264874,,469.8
5348,5.7,1,4,3,1,0.7576874010264874,,469.9
5349,-4.300000000000001,0,4,3,1,0.7576874010264874,,469.9
5350,-2.3000000000000003,0,4,3,1,0.7576874010264874,,470.0
5351,-2.3000000000000003,0,4,3,1,0.7576874010264874,,470.0
5352,-4.300000000000001,0,4,3,1,0.7576874010264874,,470.1
5353,-4.300000000000001,0,4,3,1,0.7576874010264874,,470.2
5354,-4.300000000000001,0,4,3,1,0.7576874010264874,,470.2
5355,-4.300000000000001,0,4,3,1,0.7576874010264874,,470.3
5356,-4.300000000000001,0,4,3,1,0.7576874010264874,,470.4
5357,-4.300000000000001,0,4,3,1,0.7576874010264874,,470.5
5358,-4.300000000000001,0,4,3,1,0.7576874010264874,,470.6
5359,-4.300000000000001,0,4,3,1,0.7576874010264874,,470.7
5360,-4.300000000000001,0,4,3,1,0.7576874010264874,,470.8
5361,-2.3000000000000003,0,4,3,1,0.7576874010264874,,470.8
5362,-2.3000000000000003,0,4,3,1,0.7576874010264874,,470.9
5363,-2.3000000000000003,0,4,3,1,0.7576874010264874,,471.0
5364,-2.3000000000000003,0,4,3,1,0.7576874010264874,,471.0
5365,-4.300000000000001,0,4,3,1,0.7576874010264874,,471.1
5366,-4.300000000000001,0,4,3,1,0.7576874010264874,,471.2
5367,-4.300000000000001,0,4,3,1,0.7576874010264874,,471.3
5368,-2.3000000000000003,0,4,3,1,0.7576874010264874,,471.3
5369,-4.300000000000001,0,4,3,1,0.7576874010264874,,471.4
5370,-4.300000000000001,0,4,3,1,0.7576874010264874,,471.4
5371,-4.300000000000001,0,4,3,1,0.7576874010264874,,471.5
5372,-4.300000000000001,0,4,3,1,0.7576874010264874,,471.6
5373,-4.300000000000001,0,4,3,1,0.7576874010264874,,471.6
5374,-4.300000000000001,0,4,3,1,0.7576874010264874,,471.7
5375,-4.300000000000001,0,4,3,1,0.7576874010264874,,471.8
5376,5.7,1,4,3,1,0.7576874010264874,,471.9
5377,-4.300000000000001,0,4,3,1,0.7576874010264874,,472.0
5378,5.7,1,4,3,1,0.7576874010264874,,472.0
5379,-2.3000000000000003,0,4,3,1,0.7576874010264874,,472.1
5380,-4.300000000000001,0,4,3,1,0.7576874010264874,,472.1
5381,-4.300000000000001,0,4,3,1,0.7576874010264874,,472.2
5382,-4.300000000000001,0,4,3,1,0.7576874010264874,,472.3
5383,-4.300000000000001,0,4,3,1,0.7576874010264874,,472.3
5384,-4.300000000000001,0,4,3,1,0.7576874010264874,,472.4
5385,-4.300000000000001,0,4,3,1,0.7576874010264874,,472.5
5386,5.7,1,4,3,1,0.7576874010264874,,472.5
5387,-0.30000000000000004,0,4,3,1,0.7576874010264874,,472.6
5388,-5.6000000000000005,0,6,3,1,0.7576874010264874,,472.6
5389,-4.300000000000001,0,4,3,1,0.7576874010264874,,472.7
5390,-4.300000000000001,0,4,3,1,0.7576874010264874,,472.7
5391,-2.3000000000000003,0,4,3,1,0.7576874010264874,,472.8
5392,-4.6000000000000005,0,6,3,1,0.7576874010264874,,472.9
5393,-2.3000000000000003,0,4,3,1,0.7576874010264874,,472.9
5394,-4.6,0,6,3,1,0.7576874010264874,,473.0
5395,-4.300000000000001,0,4,3,1,0.7576874010264874,,473.0
5396,-0.30000000000000004,0,4,3,1,0.7576874010264874,,473.1
5397,-4.300000000000001,0,4,3,1,0.7576874010264874,,473.2
5398,-2.3000000000000003,0,4,3,1,0.7576874010264874,,473.3
5399,-0.30000000000000004,0,4,3,1,0.7576874010264874,,473.3
5400,-2.3000000000000003,0,4,3,1,0.7576874010264874,,473.4
5401,-4.300000000000001,0,4,3,1,0.7576874010264874,,473.5
5402,-0.6000000000000001,0,6,3,1,0.7576874010264874,,473.6
5403,5.7,1,4,3,1,0.7576874010264874,,473.7
5404,-4.300000000000001,0,4,3,1,0.7576874010264874,,473.8
5405,-4.300000000000001,0,4,3,1,0.7576874010264874,,473.8
5406,-4.300000000000001,0,4,3,1,0.7576874010264874,,473.9
5407,-4.300000000000001,0,4,3,1,0.7576874010264874,,474.0
5408,-4.300000000000001,0,4,3,1,0.7576874010264874,,474.0
5409,-5.6000000000000005,0,6,3,1,0.7576874010264874,,474.1
5410,-4.300000000000001,0,4,3,1,0.7576874010264874,,474.2
5411,-4.300000000000001,0,4,3,1,0.7576874010264874,,474.3
5412,-4.300000000000001,0,4,3,1,0.7576874010264874,,474.3
5413,-4.300000000000001,0,4,3,1,0.7576874010264874,,474.4
5414,-4.300000000000001,0,4,3,1,0.7576874010264874,,474.5
5415,-2.3000000000000003,0,4,3,1,0.7576874010264874,,474.5
5416,-2.3000000000000003,0,4,3,1,0.7576874010264874,,474.6
5417,-2.3000000000000003,0,4,3,1,0.7576874010264874,,474.7
5418,-2.3000000000000003,0,4,3,1,0.7576874010264874,,474.7
5419,-4.300000000000001,0,4,3,1,0.7576874010264874,,474.8
5420,-2.3000000000000003,0,4,3,1,0.7576874010264874,,474.9
5421,-0.30000000000000004,0,4,3,1,0.7576874010264874,,474.9
5422,-4.300000000000001,0,4,3,1,0.7576874010264874,,475.0
5423,-4.300000000000001,0,4,3,1,0.7576874010264874,,475.1
5424,-4.300000000000001,0,4,3,1,0.7576874010264874,,475.1
5425,-4.300000000000001,0,4,3,1,0.7576874010264874,,475.2
5426,-4.300000000000001,0,4,3,1,0.7576874010264874,,475.3
5427,-4.300000000000001,0,4,3,1,0.7576874010264874,,475.3
5428,-4.6000000000000005,0,6,3,1,0.7576874010264874,,475.4
5429,-0.30000000000000004,0,4,3,1,0.7576874010264874,,475.5
5430,-4.300000000000001,0,4,3,1,0.7576874010264874,,475.6
5431,-4.300000000000001,0,4,3,1,0.7576874010264874,,475.6
5432,5.7,1,4,3,1,0.7576874010264874,,475.7
5433,-2.3000000000000003,0,4,3,1,0.7576874010264874,,475.8
5434,-0.30000000000000004,0,4,3,1,0.7576874010264874,,475.8
5435,5.7,1,4,3,1,0.7576874010264874,,475.9
5436,-4.300000000000001,0,4,3,1,0.7576874010264874,,475.9
5437,-4.300000000000001,0,4,3,1,0.7576874010264874,,476.0
5438,-0.30000000000000004,0,4,3,1,0.7576874010264874,,476.0
5439,-4.300000000000001,0,4,3,1,0.7576874010264874,,476.1
5440,5.7,1,4,3,1,0.7576874010264874,,476.2
5441,-4.300000000000001,0,4,3,1,0.7576874010264874,,476.3
5442,-3.7,0,7,4,1,0.7576874010264874,,476.3
5443,-2.3000000000000003,0,4,3,1,0.7576874010264874,,476.4
5444,-3.6000000000000005,0,6,3,1,0.7576874010264874,,476.5
5445,-4.300000000000001,0,4,3,1,0.7576874010264874,,476.6
5446,-4.300000000000001,0,4,3,1,0.7576874010264874,,476.7
5447,-2.3000000000000003,0,4,3,1,0.7576874010264874,,476.7
5448,5.7,1,4,3,1,0.7576874010264874,,476.8
5449,-4.300000000000001,0,4,3,1,0.7576874010264874,,476.9
5450,-4.300000000000001,0,4,3,1,0.7576874010264874,,477.0
5451,-4.300000000000001,0,4,3,1,0.7576874010264874,,477.0
5452,-4.300000000000001,0,4,3,1,0.7576874010264874,,477.2
5453,-4.300000000000001,0,4,3,1,0.7576874010264874,,477.2
5454,-4.300000000000001,0,4,3,1,0.7576874010264874,,477.3
5455,-4.300000000000001,0,4,3,1,0.7576874010264874,,477.3
5456,-2.3000000000000003,0,4,3,1,0.7576874010264874,,477.4
5457,5.7,1,4,3,1,0.7576874010264874,,477.4
5458,-4.9,0,8,3,1,0.7576874010264874,,477.5
5459,5.4,1,6,3,1,0.7576874010264874,,477.5
5460,-0.30000000000000004,0,4,3,1,0.7576874010264874,,477.6
5461,-4.300000000000001,0,4,3,1,0.7576874010264874,,477.7
5462,-4.300000000000001,0,4,3,1,0.7576874010264874,,477.7
5463,-4.300000000000001,0,4,3,1,0.7576874010264874,,477.8
5464,-4.300000000000001,0,4,3,1,0.7576874010264874,,477.9
5465,-4.300000000000001,0,4,3,1,0.7576874010264874,,478.0
5466,-4.300000000000001,0,4,3,1,0.7576874010264874,,478.0
5467,-4.300000000000001,0,4,3,1,0.7576874010264874,,478.1
5468,-4.300000000000001,0,4,3,1,0.7576874010264874,,478.2
5469,-4.300000000000001,0,4,3,1,0.7576874010264874,,478.3
5470,-2.3000000000000003,0,4,3,1,0.7576874010264874,,478.3
5471,-0.30000000000000004,0,4,3,1,0.7576874010264874,,478.4
5472,-4.300000000000001,0,4,3,1,0.7576874010264874,,478.5
5473,-0.30000000000000004,0,4,3,1,0.7576874010264874,,478.6
5474,-4.300000000000001,0,4,3,1,0.7576874010264874,,478.7
5475,-4.300000000000001,0,4,3,1,0.7576874010264874,,478.7
5476,-4.300000000000001,0,4,3,1,0.7576874010264874,,478.8
5477,-4.300000000000001,0,4,3,1,0.7576874010264874,,478.8
5478,-4.300000000000001,0,4,3,1,0.7576874010264874,,478.9
5479,5.7,1,4,3,1,0.7576874010264874,,478.9
5480,-2.3000000000000003,0,4,3,1,0.7576874010264874,,479.0
5481,-4.300000000000001,0,4,3,1,0.7576874010264874,,479.0
5482,-4.300000000000001,0,4,3,1,0.7576874010264874,,479.1
5483,-2.3000000000000003,0,4,3,1,0.7576874010264874,,479.2
5484,-4.300000000000001,0,4,3,1,0.7576874010264874,,479.2
5485,-0.30000000000000004,0,4,3,1,0.7576874010264874,,479.3
5486,-4.300000000000001,0,4,3,1,0.7576874010264874,,479.3
5487,-4.300000000000001,0,4,3,1,0.7576874010264874,,479.4
5488,-4.300000000000001,0,4,3,1,0.7576874010264874,,479.5
5489,-4.300000000000001,0,4,3,1,0.7576874010264874,,479.5
5490,-2.3000000000000003,0,4,3,1,0.7576874010264874,,479.6
5491,-4.300000000000001,0,4,3,1,0.7576874010264874,,479.7
5492,-5.9,0,8,3,1,0.7576874010264874,,479.8
5493,-5.6000000000000005,0,6,3,1,0.7576874010264874,,479.9
5494,-4.300000000000001,0,4,3,1,0.7576874010264874,,479.9
5495,-0.30000000000000004,0,4,3,1,0.7576874010264874,,480.0
5496,-2.3000000000000003,0,4,3,1,0.7576874010264874,,480.0
5497,-0.30000000000000004,0,4,3,1,0.7576874010264874,,480.1
5498,-4.300000000000001,0,4,3,1,0.7576874010264874,,480.2
5499,-4.300000000000001,0,4,3,1,0.7576874010264874,,480.2
5500,-4.300000000000001,0,4,3,1,0.7576874010264874,,480.3
5501,-4.300000000000001,0,4,3,1,0.7576874010264874,,485.4
5502,-4.300000000000001,0,4,3,1,0.7576874010264874,,485.4
5503,-4.300000000000001,0,4,3,1,0.7576874010264874,,485.5
5504,-4.300000000000001,0,4,3,1,0.7576874010264874,,485.6
5505,-4.300000000000001,0,4,3,1,0.7576874010264874,,485.6
5506,-4.300000000000001,0,4,3,1,0.7576874010264874,,485.7
5507,-4.300000000000001,0,4,3,1,0.7576874010264874,,485.8
5508,-4.300000000000001,0,4,3,1,0.7576874010264874,,485.8
5509,-4.300000000000001,0,4,3,1,0.7576874010264874,,485.9
5510,-4.300000000000001,0,4,3,1,0.7576874010264874,,486.0
5511,-4.6,0,6,3,1,0.7576874010264874,,486.0
5512,-4.300000000000001,0,4,3,1,0.7576874010264874,,486.1
5513,-4.300000000000001,0,4,3,1,0.7576874010264874,,486.2
5514,-4.300000000000001,0,4,3,1,0.7576874010264874,,486.2
5515,-4.300000000000001,0,4,3,1,0.7576874010264874,,486.3
5516,-4.300000000000001,0,4,3,1,0.7576874010264874,,486.4
5517,-4.300000000000001,0,4,3,1,0.7576874010264874,,486.4
5518,-0.30000000000000004,0,4,3,1,0.7576874010264874,,486.5
5519,-2.3000000000000003,0,4,3,1,0.7576874010264874,,486.6
5520,-4.300000000000001,0,4,3,1,0.7576874010264874,,486.6
5521,-4.300000000000001,0,4,3,1,0.7576874010264874,,486.7
5522,-4.300000000000001,0,4,3,1,0.7576874010264874,,486.8
5523,-0.30000000000000004,0,4,3,1,0.7576874010264874,,486.9
5524,-2.3000000000000003,0,4,3,1,0.7576874010264874,,487.0
5525,-2.3000000000000003,0,4,3,1,0.7576874010264874,,487.0
5526,-2.3000000000000003,0,4,3,1,0.7576874010264874,,487.1
5527,-4.300000000000001,0,4,3,1,0.7576874010264874,,487.1
5528,-4.300000000000001,0,4,3,1,0.7576874010264874,,487.2
5529,5.7,1,4,3,1,0.720629240386188,1.1482239963952452,487.8
5530,-4.300000000000001,0,4,3,1,0.720629240386188,,487.9
5531,-4.300000000000001,0,4,3,1,0.720629240386188,,487.9
5532,-5.4,0,5,4,1,0.720629240386188,,488.0
5533,-2.3000000000000003,0,4,3,1,0.720629240386188,,488.1
5534,5.7,1,4,3,1,0.720629240386188,,488.2
5535,-4.300000000000001,0,4,3,1,0.720629240386188,,488.2
5536,-5.700000000000001,0,7,4,1,0.720629240386188,,488.3
5537,-4.300000000000001,0,4,3,1,0.720629240386188,,488.4
5538,-4.300000000000001,0,4,3,1,0.720629240386188,,488.5
5539,-2.3000000000000003,0,4,3,1,0.720629240386188,,488.6
5540,-5.4,0,5,4,1,0.720629240386188,,488.6
5541,-0.30000000000000004,0,4,3,1,0.720629240386188,,488.6
5542,-4.300000000000001,0,4,3,1,0.720629240386188,,488.7
5543,-2.3000000000000003,0,4,3,1,0.720629240386188,,488.8
5544,4.4,1,6,3,1,0.720629240386188,,488.8
5545,-4.300000000000001,0,4,3,1,0.720629240386188,,488.9
5546,5.7,1,4,3,1,0.720629240386188,,488.9
5547,-4.300000000000001,0,4,3,1,0.720629240386188,,489.0
5548,-4.300000000000001,0,4,3,1,0.720629240386188,,489.1
5549,-2.3000000000000003,0,4,3,1,0.720629240386188,,489.2
5550,-4.300000000000001,0,4,3,1,0.720629240386188,,489.2
5551,-4.300000000000001,0,4,3,1,0.720629240386188,,489.2
5552,4.4,1,6,3,1,0.720629240386188,,489.3
5553,-4.300000000000001,0,4,3,1,0.720629240386188,,489.4
5554,-5.6000000000000005,0,6,3,1,0.720629240386188,,489.5
5555,-4.300000000000001,0,4,3,1,0.720629240386188,,489.5
5556,-4.300000000000001,0,4,3,1,0.720629240386188,,489.6
5557,-2.3000000000000003,0,4,3,1,0.720629240386188,,489.7
5558,-4.300000000000001,0,4,3,1,0.720629240386188,,489.7
5559,5.7,1,4,3,1,0.720629240386188,,489.8
5560,-4.300000000000001,0,4,3,1,0.720629240386188,,489.9
5561,-4.300000000000001,0,4,3,1,0.720629240386188,,489.9
5562,-2.3000000000000003,0,4,3,1,0.720629240386188,,490.0
5563,-4.300000000000001,0,4,3,1,0.720629240386188,,490.1
5564,-4.300000000000001,0,4,3,1,0.720629240386188,,490.1
5565,-4.300000000000001,0,4,3,1,0.720629240386188,,490.2
5566,-0.30000000000000004,0,4,3,1,0.720629240386188,,490.3
5567,-4.300000000000001,0,4,3,1,0.720629240386188,,490.3
5568,-0.30000000000000004,0,4,3,1,0.720629240386188,,490.4
5569,-4.300000000000001,0,4,3,1,0.720629240386188,,490.5
5570,-4.300000000000001,0,4,3,1,0.720629240386188,,490.5
5571,-2.3000000000000003,0,4,3,1,0.720629240386188,,490.6
5572,-4.300000000000001,0,4,3,1,0.720629240386188,,490.7
5573,-4.300000000000001,0,4,3,1,0.720629240386188,,490.8
5574,5.7,1,4,3,1,0.720629240386188,,490.9
5575,-0.30000000000000004,0,4,3,1,0.720629240386188,,490.9
5576,-4.300000000000001,0,4,3,1,0.720629240386188,,491.0
5577,-2.3000000000000003,0,4,3,1,0.720629240386188,,491.1
5578,-4.300000000000001,0,4,3,1,0.720629240386188,,491.1
5579,-2.3000000000000003,0,4,3,1,0.720629240386188,,491.2
5580,5.7,1,4,3,1,0.720629240386188,,491.2
5581,-4.300000000000001,0,4,3,1,0.720629240386188,,491.3
5582,-0.30000000000000004,0,4,3,1,0.720629240386188,,491.3
5583,5.4,1,6,3,1,0.720629240386188,,491.4
5584,-4.300000000000001,0,4,3,1,0.720629240386188,,491.5
5585,-4.300000000000001,0,4,3,1,0.720629240386188,,491.5
5586,-4.300000000000001,0,4,3,1,0.720629240386188,,491.6
5587,5.7,1,4,3,1,0.720629240386188,,491.7
5588,-2.6,0,6,3,1,0.720629240386188,,491.7
5589,-2.3000000000000003,0,4,3,1,0.720629240386188,,491.8
5590,5.7,1,4,3,1,0.720629240386188,,491.8
5591,-4.300000000000001,0,4,3,1,0.720629240386188,,491.9
5592,-4.300000000000001,0,4,3,1,0.720629240386188,,491.9
5593,-4.300000000000001,0,4,3,1,0.720629240386188,,492.0
5594,-4.300000000000001,0,4,3,1,0.720629240386188,,492.1
5595,-4.300000000000001,0,4,3,1,0.720629240386188,,492.2
5596,-4.300000000000001,0,4,3,1,0.720629240386188,,492.2
5597,-4.300000000000001,0,4,3,1,0.720629240386188,,492.3
5598,-2.3000000000000003,0,4,3,1,0.720629240386188,,492.4
5599,5.7,1,4,3,1,0.720629240386188,,492.5
5600,5.7,1,4,3,1,0.720629240386188,,492.5
5601,-4.300000000000001,0,4,3,1,0.720629240386188,,492.6
5602,-0.30000000000000004,0,4,3,1,0.720629240386188,,492.7
5603,-2.3000000000000003,0,4,3,1,0.720629240386188,,492.8
5604,-4.300000000000001,0,4,3,1,0.720629240386188,,492.9
5605,-4.300000000000001,0,4,3,1,0.720629240386188,,492.9
5606,-4.300000000000001,0,4,3,1,0.720629240386188,,493.0
5607,-4.300000000000001,0,4,3,1,0.720629240386188,,493.1
5608,-4.300000000000001,0,4,3,1,0.720629240386188,,493.1
5609,-4.300000000000001,0,4,3,1,0.720629240386188,,493.2
5610,-2.3000000000000003,0,4,3,1,0.720629240386188,,493.3
5611,-4.300000000000001,0,4,3,1,0.720629240386188,,493.3
5612,-4.6000000000000005,0,6,3,1,0.720629240386188,,493.4
5613,-2.3000000000000003,0,4,3,1,0.720629240386188,,493.5
5614,-4.300000000000001,0,4,3,1,0.720629240386188,,493.6
5615,-4.300000000000001,0,4,3,1,0.720629240386188,,493.7
5616,-4.300000000000001,0,4,3,1,0.720629240386188,,493.7
5617,-4.300000000000001,0,4,3,1,0.720629240386188,,493.8
5618,-2.3000000000000003,0,4,3,1,0.720629240386188,,493.8
5619,-4.300000000000001,0,4,3,1,0.720629240386188,,493.8
5620,-4.300000000000001,0,4,3,1,0.720629240386188,,493.9
5621,-2.3000000000000003,0,4,3,1,0.720629240386188,,494.0
5622,-0.30000000000000004,0,4,3,1,0.720629240386188,,494.1
5623,-4.300000000000001,0,4,3,1,0.720629240386188,,494.2
5624,-4.300000000000001,0,4,3,1,0.720629240386188,,494.2
5625,5.7,1,4,3,1,0.720629240386188,,494.3
5626,-4.300000000000001,0,4,3,1,0.720629240386188,,494.4
5627,-4.300000000000001,0,4,3,1,0.720629240386188,,494.4
5628,-4.300000000000001,0,4,3,1,0.720629240386188,,494.5
5629,-2.3000000000000003,0,4,3,1,0.720629240386188,,494.6
5630,-4.300000000000001,0,4,3,1,0.720629240386188,,494.6
5631,-4.300000000000001,0,4,3,1,0.720629240386188,,494.7
5632,-2.3000000000000003,0,4,3,1,0.720629240386188,,494.8
5633,-4.300000000000001,0,4,3,1,0.720629240386188,,494.9
5634,-4.300000000000001,0,4,3,1,0.720629240386188,,494.9
5635,-4.300000000000001,0,4,3,1,0.720629240386188,,495.0
5636,-2.3000000000000003,0,4,3,1,0.720629240386188,,495.1
5637,5.7,1,4,3,1,0.720629240386188,,495.1
5638,5.7,1,4,3,1,0.720629240386188,,495.1
5639,-4.300000000000001,0,4,3,1,0.720629240386188,,495.2
5640,-4.300000000000001,0,4,3,1,0.720629240386188,,495.2
5641,5.7,1,4,3,1,0.720629240386188,,495.3
5642,-4.300000000000001,0,4,3,1,0.720629240386188,,495.3
5643,5.7,1,4,3,1,0.720629240386188,,495.4
5644,-2.3000000000000003,0,4,3,1,0.720629240386188,,495.5
5645,-4.300000000000001,0,4,3,1,0.720629240386188,,495.6
5646,-2.3000000000000003,0,4,3,1,0.720629240386188,,495.7
5647,-4.300000000000001,0,4,3,1,0.720629240386188,,495.7
5648,-2.3000000000000003,0,4,3,1,0.720629240386188,,495.8
5649,-0.30000000000000004,0,4,3,1,0.720629240386188,,495.8
5650,-4.300000000000001,0,4,3,1,0.720629240386188,,495.9
5651,-0.30000000000000004,0,4,3,1,0.720629240386188,,496.0
5652,5.7,1,4,3,1,0.720629240386188,,496.0
5653,-4.300000000000001,0,4,3,1,0.720629240386188,,496.1
5654,-0.30000000000000004,0,4,3,1,0.720629240386188,,496.1
5655,-4.300000000000001,0,4,3,1,0.720629240386188,,496.2
5656,-2.3000000000000003,0,4,3,1,0.720629240386188,,496.2
5657,-4.300000000000001,0,4,3,1,0.720629240386188,,496.2
5658,-4.300000000000001,0,4,3,1,0.720629240386188,,496.3
5659,-2.3000000000000003,0,4,3,1,0.720629240386188,,496.4
5660,-4.300000000000001,0,4,3,1,0.720629240386188,,496.4
5661,-2.3000000000000003,0,4,3,1,0.720629240386188,,496.5
5662,-4.300000000000001,0,4,3,1,0.720629240386188,,496.6
5663,-4.300000000000001,0,4,3,1,0.720629240386188,,496.7
5664,-2.3000000000000003,0,4,3,1,0.720629240386188,,496.7
5665,-4.300000000000001,0,4,3,1,0.720629240386188,,496.8
5666,-4.300000000000001,0,4,3,1,0.720629240386188,,496.9
5667,-4.300000000000001,0,4,3,1,0.720629240386188,,496.9
5668,-2.3000000000000003,0,4,3,1,0.720629240386188,,497.0
5669,-4.300000000000001,0,4,3,1,0.720629240386188,,497.0
5670,-4.300000000000001,0,4,3,1,0.720629240386188,,497.1
5671,-4.6000000000000005,0,6,3,1,0.720629240386188,,497.1
5672,-0.30000000000000004,0,4,3,1,0.720629240386188,,497.2
5673,5.7,1,4,3,1,0.720629240386188,,497.2
5674,-4.300000000000001,0,4,3,1,0.720629240386188,,497.3
5675,-4.300000000000001,0,4,3,1,0.720629240386188,,497.3
5676,-3.9000000000000004,0,8,3,1,0.720629240386188,,497.4
5677,5.7,1,4,3,1,0.720629240386188,,497.4
5678,-4.300000000000001,0,4,3,1,0.720629240386188,,497.5
5679,-4.300000000000001,0,4,3,1,0.720629240386188,,497.5
5680,-4.300000000000001,0,4,3,1,0.720629240386188,,497.6
5681,-4.300000000000001,0,4,3,1,0.720629240386188,,497.7
5682,-0.30000000000000004,0,4,3,1,0.720629240386188,,497.7
5683,-4.300000000000001,0,4,3,1,0.720629240386188,,497.8
5684,-4.300000000000001,0,4,3,1,0.720629240386188,,497.8
5685,-4.300000000000001,0,4,3,1,0.720629240386188,,497.9
5686,-0.30000000000000004,0,4,3,1,0.720629240386188,,497.9
5687,-4.300000000000001,0,4,3,1,0.720629240386188,,497.9
5688,-4.300000000000001,0,4,3,1,0.720629240386188,,498.0
5689,-5.6000000000000005,0,6,3,1,0.720629240386188,,498.1
5690,-2.3000000000000003,0,4,3,1,0.720629240386188,,498.1
5691,-2.3000000000000003,0,4,3,1,0.720629240386188,,498.1
5692,-2.3000000000000003,0,4,3,1,0.720629240386188,,498.2
5693,-2.3000000000000003,0,4,3,1,0.720629240386188,,498.3
5694,-0.30000000000000004,0,4,3,1,0.720629240386188,,498.3
5695,-0.30000000000000004,0,4,3,1,0.720629240386188,,498.4
5696,-0.30000000000000004,0,4,3,1,0.720629240386188,,498.5
5697,-4.300000000000001,0,4,3,1,0.720629240386188,,498.5
5698,5.7,1,4,3,1,0.720629240386188,,498.6
5699,-4.300000000000001,0,4,3,1,0.720629240386188,,498.7
5700,-4.6,0,6,3,1,0.720629240386188,,498.7
5701,-4.300000000000001,0,4,3,1,0.720629240386188,,498.7
5702,-4.300000000000001,0,4,3,1,0.720629240386188,,498.8
5703,-4.300000000000001,0,4,3,1,0.720629240386188,,498.8
5704,-4.300000000000001,0,4,3,1,0.720629240386188,,498.9
5705,-2.3000000000000003,0,4,3,1,0.720629240386188,,499.0
5706,-5.4,0,5,4,1,0.720629240386188,,499.0
5707,-4.300000000000001,0,4,3,1,0.720629240386188,,499.1
5708,-4.300000000000001,0,4,3,1,0.720629240386188,,499.1
5709,-2.6,0,6,3,1,0.720629240386188,,499.2
5710,-4.300000000000001,0,4,3,1,0.720629240386188,,499.3
5711,-4.300000000000001,0,4,3,1,0.720629240386188,,499.3
5712,-0.30000000000000004,0,4,3,1,0.720629240386188,,499.5
5713,5.7,1,4,3,1,0.720629240386188,,499.5
5714,-4.300000000000001,0,4,3,1,0.720629240386188,,499.6
5715,-4.300000000000001,0,4,3,1,0.720629240386188,,499.7
5716,-4.300000000000001,0,4,3,1,0.720629240386188,,499.7
5717,-0.30000000000000004,0,4,3,1,0.720629240386188,,499.7
5718,-4.300000000000001,0,4,3,1,0.720629240386188,,499.8
5719,-4.300000000000001,0,4,3,1,0.720629240386188,,499.9
5720,-4.6000000000000005,0,6,3,1,0.720629240386188,,500.0
5721,-4.6000000000000005,0,6,3,1,0.720629240386188,,500.1
5722,-4.300000000000001,0,4,3,1,0.720629240386188,,500.1
5723,-2.3000000000000003,0,4,3,1,0.720629240386188,,500.2
5724,-2.3000000000000003,0,4,3,1,0.720629240386188,,500.2
5725,-4.300000000000001,0,4,3,1,0.720629240386188,,500.3
5726,-4.300000000000001,0,4,3,1,0.720629240386188,,500.4
5727,-2.3000000000000003,0,4,3,1,0.720629240386188,,500.5
5728,-4.300000000000001,0,4,3,1,0.720629240386188,,500.5
5729,5.7,1,4,3,1,0.720629240386188,,500.6
5730,-0.30000000000000004,0,4,3,1,0.720629240386188,,500.7
5731,-2.3000000000000003,0,4,3,1,0.720629240386188,,500.8
5732,5.7,1,4,3,1,0.720629240386188,,500.8
5733,-4.300000000000001,0,4,3,1,0.720629240386188,,500.9
5734,-4.300000000000001,0,4,3,1,0.720629240386188,,501.0
5735,-4.300000000000001,0,4,3,1,0.720629240386188,,501.0
5736,-4.300000000000001,0,4,3,1,0.720629240386188,,501.1
5737,-4.300000000000001,0,4,3,1,0.720629240386188,,501.2
5738,-4.300000000000001,0,4,3,1,0.720629240386188,,501.3
5739,-4.300000000000001,0,4,3,1,0.720629240386188,,501.3
5740,-4.300000000000001,0,4,3,1,0.720629240386188,,501.4
5741,-5.6000000000000005,0,6,3,1,0.720629240386188,,501.5
5742,-4.300000000000001,0,4,3,1,0.720629240386188,,501.5
5743,-4.300000000000001,0,4,3,1,0.720629240386188,,501.6
5744,-4.300000000000001,0,4,3,1,0.720629240386188,,501.7
5745,-4.300000000000001,0,4,3,1,0.720629240386188,,501.7
5746,-4.300000000000001,0,4,3,1,0.720629240386188,,501.8
5747,-4.300000000000001,0,4,3,1,0.720629240386188,,501.8
5748,5.7,1,4,3,1,0.720629240386188,,501.9
5749,-0.30000000000000004,0,4,3,1,0.720629240386188,,501.9
5750,-4.300000000000001,0,4,3,1,0.720629240386188,,502.0
5751,-4.300000000000001,0,4,3,1,0.720629240386188,,502.0
5752,-2.3000000000000003,0,4,3,1,0.720629240386188,,502.1
5753,-3.6000000000000005,0,6,3,1,0.720629240386188,,502.2
5754,-4.300000000000001,0,4,3,1,0.720629240386188,,502.2
5755,-0.30000000000000004,0,4,3,1,0.720629240386188,,502.3
5756,-0.30000000000000004,0,4,3,1,0.720629240386188,,502.4
5757,-2.3000000000000003,0,4,3,1,0.720629240386188,,502.4
5758,-4.300000000000001,0,4,3,1,0.720629240386188,,502.5
5759,-4.300000000000001,0,4,3,1,0.720629240386188,,502.6
5760,-4.300000000000001,0,4,3,1,0.720629240386188,,502.6
5761,5.7,1,4,3,1,0.720629240386188,,502.6
5762,-2.3000000000000003,0,4,3,1,0.720629240386188,,502.7
5763,-4.300000000000001,0,4,3,1,0.720629240386188,,502.8
5764,-2.3000000000000003,0,4,3,1,0.720629240386188,,502.8
5765,-4.300000000000001,0,4,3,1,0.720629240386188,,502.9
5766,-4.300000000000001,0,4,3,1,0.720629240386188,,503.0
5767,-2.3000000000000003,0,4,3,1,0.720629240386188,,503.0
5768,-3.6,0,6,3,1,0.720629240386188,,503.1
5769,-4.300000000000001,0,4,3,1,0.720629240386188,,503.1
5770,5.7,1,4,3,1,0.720629240386188,,503.2
5771,-4.300000000000001,0,4,3,1,0.720629240386188,,503.2
5772,5.7,1,4,3,1,0.720629240386188,,503.3
5773,-4.300000000000001,0,4,3,1,0.720629240386188,,503.4
5774,-4.300000000000001,0,4,3,1,0.720629240386188,,503.5
5775,-4.300000000000001,0,4,3,1,0.720629240386188,,503.6
5776,-4.300000000000001,0,4,3,1,0.720629240386188,,503.6
5777,5.7,1,4,3,1,0.720629240386188,,503.7
5778,-4.300000000000001,0,4,3,1,0.720629240386188,,503.7
5779,-4.300000000000001,0,4,3,1,0.720629240386188,,503.8
5780,-0.30000000000000004,0,4,3,1,0.720629240386188,,503.8
5781,-4.300000000000001,0,4,3,1,0.720629240386188,,503.9
5782,-4.300000000000001,0,4,3,1,0.720629240386188,,504.0
5783,-4.300000000000001,0,4,3,1,0.720629240386188,,504.0
5784,-2.3000000000000003,0,4,3,1,0.720629240386188,,504.1
5785,-2.3000000000000003,0,4,3,1,0.720629240386188,,504.2
5786,-2.3000000000000003,0,4,3,1,0.720629240386188,,504.3
5787,-2.3000000000000003,0,4,3,1,0.720629240386188,,504.4
5788,5.7,1,4,3,1,0.720629240386188,,504.4
5789,-4.300000000000001,0,4,3,1,0.720629240386188,,504.5
5790,-4.300000000000001,0,4,3,1,0.720629240386188,,504.6
5791,-0.30000000000000004,0,4,3,1,0.720629240386188,,504.6
5792,-4.300000000000001,0,4,3,1,0.720629240386188,,504.7
5793,-4.300000000000001,0,4,3,1,0.720629240386188,,504.7
5794,-4.300000000000001,0,4,3,1,0.720629240386188,,504.8
5795,-4.300000000000001,0,4,3,1,0.720629240386188,,504.8
5796,-4.300000000000001,0,4,3,1,0.720629240386188,,504.9
5797,-2.3000000000000003,0,4,3,1,0.720629240386188,,504.9
5798,-2.3000000000000003,0,4,3,1,0.720629240386188,,505.0
5799,-4.300000000000001,0,4,3,1,0.720629240386188,,505.1
5800,-4.300000000000001,0,4,3,1,0.720629240386188,,505.1
5801,-4.300000000000001,0,4,3,1,0.720629240386188,,505.2
5802,-0.30000000000000004,0,4,3,1,0.720629240386188,,505.2
5803,-2.3000000000000003,0,4,3,1,0.720629240386188,,505.3
5804,-2.3000000000000003,0,4,3,1,0.720629240386188,,505.4
5805,-2.6,0,6,3,1,0.720629240386188,,505.4
5806,-0.30000000000000004,0,4,3,1,0.720629240386188,,505.5
5807,-2.3000000000000003,0,4,3,1,0.720629240386188,,505.6
5808,-2.3000000000000003,0,4,3,1,0.720629240386188,,505.6
5809,-4.300000000000001,0,4,3,1,0.720629240386188,,505.7
5810,-4.300000000000001,0,4,3,1,0.720629240386188,,505.8
5811,-4.300000000000001,0,4,3,1,0.720629240386188,,505.9
5812,5.7,1,4,3,1,0.720629240386188,,506.0
5813,-4.300000000000001,0,4,3,1,0.720629240386188,,506.1
5814,-4.300000000000001,0,4,3,1,0.720629240386188,,506.2
5815,-4.300000000000001,0,4,3,1,0.720629240386188,,506.2
5816,-2.3000000000000003,0,4,3,1,0.720629240386188,,506.2
5817,-2.3000000000000003,0,4,3,1,0.720629240386188,,506.3
5818,-4.300000000000001,0,4,3,1,0.720629240386188,,506.4
5819,5.7,1,4,3,1,0.720629240386188,,506.4
5820,-4.300000000000001,0,4,3,1,0.720629240386188,,506.5
5821,-4.300000000000001,0,4,3,1,0.720629240386188,,506.6
5822,-4.300000000000001,0,4,3,1,0.720629240386188,,506.6
5823,-4.300000000000001,0,4,3,1,0.720629240386188,,506.7
5824,-4.300000000000001,0,4,3,1,0.720629240386188,,506.7
5825,5.7,1,4,3,1,0.720629240386188,,506.8
5826,-4.300000000000001,0,4,3,1,0.720629240386188,,506.8
5827,-4.300000000000001,0,4,3,1,0.720629240386188,,506.9
5828,-4.300000000000001,0,4,3,1,0.720629240386188,,507.0
5829,-4.300000000000001,0,4,3,1,0.720629240386188,,507.0
5830,-4.300000000000001,0,4,3,1,0.720629240386188,,507.1
5831,-4.300000000000001,0,4,3,1,0.720629240386188,,507.2
5832,-4.300000000000001,0,4,3,1,0.720629240386188,,507.3
5833,-4.300000000000001,0,4,3,1,0.720629240386188,,507.3
5834,5.7,1,4,3,1,0.720629240386188,,507.4
5835,-4.300000000000001,0,4,3,1,0.720629240386188,,507.5
5836,-2.3000000000000003,0,4,3,1,0.720629240386188,,507.5
5837,-4.300000000000001,0,4,3,1,0.720629240386188,,507.5
5838,-0.30000000000000004,0,4,3,1,0.720629240386188,,507.6
5839,-4.300000000000001,0,4,3,1,0.720629240386188,,507.7
5840,-5.6000000000000005,0,6,3,1,0.720629240386188,,507.8
5841,-2.6,0,6,3,1,0.720629240386188,,507.8
5842,-4.300000000000001,0,4,3,1,0.720629240386188,,507.9
5843,-4.300000000000001,0,4,3,1,0.720629240386188,,508.0
5844,-4.300000000000001,0,4,3,1,0.720629240386188,,508.0
5845,-4.300000000000001,0,4,3,1,0.720629240386188,,508.1
5846,-4.300000000000001,0,4,3,1,0.720629240386188,,508.1
5847,-2.3000000000000003,0,4,3,1,0.720629240386188,,508.2
5848,-4.300000000000001,0,4,3,1,0.720629240386188,,508.3
5849,-4.300000000000001,0,4,3,1,0.720629240386188,,508.3
5850,-4.300000000000001,0,4,3,1,0.720629240386188,,508.4
5851,-4.300000000000001,0,4,3,1,0.720629240386188,,508.5
5852,5.4,1,6,3,1,0.720629240386188,,508.6
5853,5.7,1,4,3,1,0.720629240386188,,508.7
5854,-4.300000000000001,0,4,3,1,0.720629240386188,,508.8
5855,-0.30000000000000004,0,4,3,1,0.720629240386188,,508.8
5856,-0.30000000000000004,0,4,3,1,0.720629240386188,,508.9
5857,5.7,1,4,3,1,0.720629240386188,,508.9
5858,-4.300000000000001,0,4,3,1,0.720629240386188,,509.0
5859,-2.3000000000000003,0,4,3,1,0.720629240386188,,509.1
5860,-4.300000000000001,0,4,3,1,0.720629240386188,,509.1
5861,5.7,1,4,3,1,0.720629240386188,,509.2
5862,-4.300000000000001,0,4,3,1,0.720629240386188,,509.3
5863,5.7,1,4,3,1,0.720629240386188,,509.4
5864,-2.3000000000000003,0,4,3,1,0.720629240386188,,509.5
5865,-4.300000000000001,0,4,3,1,0.720629240386188,,509.5
5866,-4.300000000000001,0,4,3,1,0.720629240386188,,509.6
5867,-4.300000000000001,0,4,3,1,0.720629240386188,,509.7
5868,-2.3000000000000003,0,4,3,1,0.720629240386188,,509.7
5869,-4.300000000000001,0,4,3,1,0.720629240386188,,509.8
5870,-4.300000000000001,0,4,3,1,0.720629240386188,,509.9
5871,-4.300000000000001,0,4,3,1,0.720629240386188,,510.0
5872,-4.300000000000001,0,4,3,1,0.720629240386188,,510.0
5873,5.7,1,4,3,1,0.720629240386188,,510.1
5874,-2.3000000000000003,0,4,3,1,0.720629240386188,,510.1
5875,-4.300000000000001,0,4,3,1,0.720629240386188,,510.2
5876,-2.3000000000000003,0,4,3,1,0.720629240386188,,510.2
5877,-4.300000000000001,0,4,3,1,0.720629240386188,,510.3
5878,-2.3000000000000003,0,4,3,1,0.720629240386188,,510.4
5879,-2.3000000000000003,0,4,3,1,0.720629240386188,,510.4
5880,-4.300000000000001,0,4,3,1,0.720629240386188,,510.5
5881,5.7,1,4,3,1,0.720629240386188,,510.5
5882,-2.3000000000000003,0,4,3,1,0.720629240386188,,510.6
5883,-2.3000000000000003,0,4,3,1,0.720629240386188,,510.7
5884,-0.30000000000000004,0,4,3,1,0.720629240386188,,510.8
5885,-3.4000000000000004,0,5,4,1,0.720629240386188,,510.8
5886,-4.300000000000001,0,4,3,1,0.720629240386188,,510.9
5887,-0.30000000000000004,0,4,3,1,0.720629240386188,,511.0
5888,5.7,1,4,3,1,0.720629240386188,,511.1
5889,-0.30000000000000004,0,4,3,1,0.720629240386188,,511.1
5890,-4.300000000000001,0,4,3,1,0.720629240386188,,511.2
5891,-4.300000000000001,0,4,3,1,0.720629240386188,,511.2
5892,-2.3000000000000003,0,4,3,1,0.720629240386188,,511.3
5893,-4.300000000000001,0,4,3,1,0.720629240386188,,511.3
5894,-4.300000000000001,0,4,3,1,0.720629240386188,,511.4
5895,-0.30000000000000004,0,4,3,1,0.720629240386188,,511.5
5896,-2.3000000000000003,0,4,3,1,0.720629240386188,,511.5
5897,-4.300000000000001,0,4,3,1,0.720629240386188,,511.6
5898,-4.300000000000001,0,4,3,1,0.720629240386188,,511.7
5899,-4.300000000000001,0,4,3,1,0.720629240386188,,511.8
5900,-4.300000000000001,0,4,3,1,0.720629240386188,,511.9
5901,-4.300000000000001,0,4,3,1,0.720629240386188,,511.9
5902,5.7,1,4,3,1,0.720629240386188,,512.0
5903,-4.300000000000001,0,4,3,1,0.720629240386188,,512.1
5904,-4.300000000000001,0,4,3,1,0.720629240386188,,512.1
5905,-4.300000000000001,0,4,3,1,0.720629240386188,,512.2
5906,-4.6,0,6,3,1,0.720629240386188,,512.3
5907,-4.300000000000001,0,4,3,1,0.720629240386188,,512.4
5908,-2.3000000000000003,0,4,3,1,0.720629240386188,,512.5
5909,-2.3000000000000003,0,4,3,1,0.720629240386188,,512.6
5910,-4.300000000000001,0,4,3,1,0.720629240386188,,512.7
5911,-0.30000000000000004,0,4,3,1,0.720629240386188,,512.8
5912,-4.6,0,6,3,1,0.720629240386188,,512.8
5913,-4.300000000000001,0,4,3,1,0.720629240386188,,512.9
5914,5.7,1,4,3,1,0.720629240386188,,513.0
5915,-2.3000000000000003,0,4,3,1,0.720629240386188,,513.0
5916,-4.300000000000001,0,4,3,1,0.720629240386188,,513.1
5917,5.7,1,4,3,1,0.720629240386188,,513.2
5918,-2.3000000000000003,0,4,3,1,0.720629240386188,,513.2
5919,-4.300000000000001,0,4,3,1,0.720629240386188,,513.3
5920,5.7,1,4,3,1,0.720629240386188,,513.4
5921,-4.300000000000001,0,4,3,1,0.720629240386188,,513.4
5922,5.7,1,4,3,1,0.720629240386188,,513.5
5923,-6.000000000000001,0,9,4,1,0.720629240386188,,513.5
5924,-4.300000000000001,0,4,3,1,0.720629240386188,,513.6
5925,-4.300000000000001,0,4,3,1,0.720629240386188,,513.7
5926,-2.3000000000000003,0,4,3,1,0.720629240386188,,513.7
5927,-0.30000000000000004,0,4,3,1,0.720629240386188,,513.8
5928,0.6000000000000001,0,5,4,1,0.720629240386188,,513.8
5929,-4.300000000000001,0,4,3,1,0.720629240386188,,513.9
5930,-1.6,0,6,3,1,0.720629240386188,,513.9
5931,-0.30000000000000004,0,4,3,1,0.720629240386188,,514.0
5932,-4.300000000000001,0,4,3,1,0.720629240386188,,514.1
5933,-4.300000000000001,0,4,3,1,0.720629240386188,,514.1
5934,-2.3000000000000003,0,4,3,1,0.720629240386188,,514.2
5935,-2.3000000000000003,0,4,3,1,0.720629240386188,,514.2
5936,-4.300000000000001,0,4,3,1,0.720629240386188,,514.3
5937,-4.300000000000001,0,4,3,1,0.720629240386188,,514.4
5938,-2.3000000000000003,0,4,3,1,0.720629240386188,,514.5
5939,-4.300000000000001,0,4,3,1,0.720629240386188,,514.5
5940,-4.300000000000001,0,4,3,1,0.720629240386188,,514.6
5941,-4.300000000000001,0,4,3,1,0.720629240386188,,514.7
5942,5.7,1,4,3,1,0.720629240386188,,514.8
5943,-4.300000000000001,0,4,3,1,0.720629240386188,,514.8
5944,-4.300000000000001,0,4,3,1,0.720629240386188,,514.9
5945,-2.3000000000000003,0,4,3,1,0.720629240386188,,515.0
5946,-4.300000000000001,0,4,3,1,0.720629240386188,,515.1
5947,-4.300000000000001,0,4,3,1,0.720629240386188,,515.1
5948,-4.300000000000001,0,4,3,1,0.720629240386188,,515.2
5949,-4.300000000000001,0,4,3,1,0.720629240386188,,515.3
5950,-0.30000000000000004,0,4,3,1,0.720629240386188,,515.3
5951,-4.300000000000001,0,4,3,1,0.720629240386188,,515.4
5952,-4.300000000000001,0,4,3,1,0.720629240386188,,515.5
5953,-4.300000000000001,0,4,3,1,0.720629240386188,,515.5
5954,-4.300000000000001,0,4,3,1,0.720629240386188,,515.6
5955,-0.30000000000000004,0,4,3,1,0.720629240386188,,515.6
5956,-4.300000000000001,0,4,3,1,0.720629240386188,,515.7
5957,-4.300000000000001,0,4,3,1,0.720629240386188,,515.7
5958,-2.3000000000000003,0,4,3,1,0.720629240386188,,515.8
5959,-0.30000000000000004,0,4,3,1,0.720629240386188,,515.9
5960,-4.300000000000001,0,4,3,1,0.720629240386188,,515.9
5961,-4.300000000000001,0,4,3,1,0.720629240386188,,516.0
5962,-4.300000000000001,0,4,3,1,0.720629240386188,,516.0
5963,-4.300000000000001,0,4,3,1,0.720629240386188,,516.1
5964,5.7,1,4,3,1,0.720629240386188,,516.2
5965,-4.300000000000001,0,4,3,1,0.720629240386188,,516.2
5966,-4.300000000000001,0,4,3,1,0.720629240386188,,516.3
5967,-4.300000000000001,0,4,3,1,0.720629240386188,,516.4
5968,-4.300000000000001,0,4,3,1,0.720629240386188,,516.4
5969,-4.300000000000001,0,4,3,1,0.720629240386188,,516.5
5970,-4.300000000000001,0,4,3,1,0.720629240386188,,516.5
5971,-5.4,0,5,4,1,0.720629240386188,,516.6
5972,-2.3000000000000003,0,4,3,1,0.720629240386188,,516.6
5973,-4.300000000000001,0,4,3,1,0.720629240386188,,516.7
5974,-4.6000000000000005,0,6,3,1,0.720629240386188,,516.8
5975,-4.300000000000001,0,4,3,1,0.720629240386188,,516.9
5976,-4.300000000000001,0,4,3,1,0.720629240386188,,517.0
5977,-4.300000000000001,0,4,3,1,0.720629240386188,,517.1
5978,-4.300000000000001,0,4,3,1,0.720629240386188,,517.2
5979,-5.6000000000000005,0,6,3,1,0.720629240386188,,517.3
5980,-4.300000000000001,0,4,3,1,0.720629240386188,,517.3
5981,-4.300000000000001,0,4,3,1,0.720629240386188,,517.4
5982,-4.300000000000001,0,4,3,1,0.720629240386188,,517.4
5983,-5.6000000000000005,0,6,3,1,0.720629240386188,,517.6
5984,-5.4,0,5,4,1,0.720629240386188,,517.6
5985,-4.300000000000001,0,4,3,1,0.720629240386188,,517.7
5986,-4.300000000000001,0,4,3,1,0.720629240386188,,517.8
5987,-4.300000000000001,0,4,3,1,0.720629240386188,,517.8
5988,-4.300000000000001,0,4,3,1,0.720629240386188,,517.9
5989,-4.300000000000001,0,4,3,1,0.720629240386188,,517.9
5990,5.7,1,4,3,1,0.720629240386188,,518.0
5991,-4.300000000000001,0,4,3,1,0.720629240386188,,518.1
5992,5.7,1,4,3,1,0.720629240386188,,518.1
5993,-4.300000000000001,0,4,3,1,0.720629240386188,,518.2
5994,-4.300000000000001,0,4,3,1,0.720629240386188,,518.2
5995,-2.3000000000000003,0,4,3,1,0.720629240386188,,518.3
5996,-0.30000000000000004,0,4,3,1,0.720629240386188,,518.3
5997,-4.300000000000001,0,4,3,1,0.720629240386188,,518.4
5998,-4.300000000000001,0,4,3,1,0.720629240386188,,518.5
5999,-4.300000000000001,0,4,3,1,0.720629240386188,,518.6
6000,-4.300000000000001,0,4,3,1,0.720629240386188,,518.6
6001,-4.300000000000001,0,4,3,1,0.720629240386188,,523.6
6002,-4.300000000000001,0,4,3,1,0.720629240386188,,523.7
6003,-4.300000000000001,0,4,3,1,0.720629240386188,,523.8
6004,-4.300000000000001,0,4,3,1,0.720629240386188,,523.9
6005,-4.300000000000001,0,4,3,1,0.720629240386188,,523.9
6006,-0.30000000000000004,0,4,3,1,0.720629240386188,,524.0
6007,-2.3000000000000003,0,4,3,1,0.720629240386188,,524.0
6008,-4.300000000000001,0,4,3,1,0.720629240386188,,524.1
6009,-2.3000000000000003,0,4,3,1,0.720629240386188,,524.2
6010,-4.300000000000001,0,4,3,1,0.720629240386188,,524.3
6011,-4.300000000000001,0,4,3,1,0.720629240386188,,524.4
6012,-4.300000000000001,0,4,3,1,0.720629240386188,,524.4
6013,-4.300000000000001,0,4,3,1,0.720629240386188,,524.5
6014,-4.300000000000001,0,4,3,1,0.720629240386188,,524.6
6015,-3.6000000000000005,0,6,3,1,0.720629240386188,,524.6
6016,-4.300000000000001,0,4,3,1,0.720629240386188,,524.7
6017,-0.30000000000000004,0,4,3,1,0.720629240386188,,524.7
6018,-2.3000000000000003,0,4,3,1,0.720629240386188,,524.8
6019,-2.3000000000000003,0,4,3,1,0.720629240386188,,524.8
6020,-4.300000000000001,0,4,3,1,0.720629240386188,,524.9
6021,-4.300000000000001,0,4,3,1,0.720629240386188,,524.9
6022,-4.300000000000001,0,4,3,1,0.720629240386188,,525.0
6023,-4.300000000000001,0,4,3,1,0.6563727557659149,1.42518459726125,525.7
6024,-4.300000000000001,0,4,3,1,0.6563727557659149,,525.8
6025,-4.300000000000001,0,4,3,1,0.6563727557659149,,525.8
6026,5.4,1,6,3,1,0.6563727557659149,,525.9
6027,-2.3000000000000003,0,4,3,1,0.6563727557659149,,526.0
6028,-4.300000000000001,0,4,3,1,0.6563727557659149,,526.1
6029,-4.300000000000001,0,4,3,1,0.6563727557659149,,526.2
6030,-2.3000000000000003,0,4,3,1,0.6563727557659149,,526.2
6031,-4.300000000000001,0,4,3,1,0.6563727557659149,,526.3
6032,-4.300000000000001,0,4,3,1,0.6563727557659149,,526.4
6033,5.7,1,4,3,1,0.6563727557659149,,526.4
6034,-2.3000000000000003,0,4,3,1,0.6563727557659149,,526.5
6035,-2.3000000000000003,0,4,3,1,0.6563727557659149,,526.5
6036,-4.300000000000001,0,4,3,1,0.6563727557659149,,526.6
6037,-2.3000000000000003,0,4,3,1,0.6563727557659149,,526.6
6038,-4.300000000000001,0,4,3,1,0.6563727557659149,,526.7
6039,5.7,1,4,3,1,0.6563727557659149,,526.7
6040,-4.300000000000001,0,4,3,1,0.6563727557659149,,526.8
6041,-2.3000000000000003,0,4,3,1,0.6563727557659149,,526.9
6042,-4.300000000000001,0,4,3,1,0.6563727557659149,,527.0
6043,-4.300000000000001,0,4,3,1,0.6563727557659149,,527.1
6044,5.7,1,4,3,1,0.6563727557659149,,527.1
6045,-5.4,0,5,4,1,0.6563727557659149,,527.2
6046,-4.300000000000001,0,4,3,1,0.6563727557659149,,527.3
6047,-4.300000000000001,0,4,3,1,0.6563727557659149,,527.4
6048,-2.3000000000000003,0,4,3,1,0.6563727557659149,,527.4
6049,-4.300000000000001,0,4,3,1,0.6563727557659149,,527.5
6050,5.7,1,4,3,1,0.6563727557659149,,527.5
6051,-4.300000000000001,0,4,3,1,0.6563727557659149,,527.6
6052,-2.6000000000000005,0,6,3,1,0.6563727557659149,,527.7
6053,-4.300000000000001,0,4,3,1,0.6563727557659149,,527.8
6054,-4.300000000000001,0,4,3,1,0.6563727557659149,,527.8
6055,-4.300000000000001,0,4,3,1,0.6563727557659149,,527.9
6056,-4.300000000000001,0,4,3,1,0.6563727557659149,,528.0
6057,-0.30000000000000004,0,4,3,1,0.6563727557659149,,528.0
6058,-4.300000000000001,0,4,3,1,0.6563727557659149,,528.1
6059,-4.300000000000001,0,4,3,1,0.6563727557659149,,528.2
6060,-2.3000000000000003,0,4,3,1,0.6563727557659149,,528.2
6061,-4.300000000000001,0,4,3,1,0.6563727557659149,,528.3
6062,-0.30000000000000004,0,4,3,1,0.6563727557659149,,528.4
6063,5.7,1,4,3,1,0.6563727557659149,,528.4
6064,-2.3000000000000003,0,4,3,1,0.6563727557659149,,528.4
6065,-4.300000000000001,0,4,3,1,0.6563727557659149,,528.5
6066,-2.3000000000000003,0,4,3,1,0.6563727557659149,,528.6
6067,-0.30000000000000004,0,4,3,1,0.6563727557659149,,528.6
6068,-4.300000000000001,0,4,3,1,0.6563727557659149,,528.7
6069,-4.300000000000001,0,4,3,1,0.6563727557659149,,528.8
6070,-4.300000000000001,0,4,3,1,0.6563727557659149,,528.9
6071,-2.3000000000000003,0,4,3,1,0.6563727557659149,,529.0
6072,-2.3000000000000003,0,4,3,1,0.6563727557659149,,529.1
6073,-2.3000000000000003,0,4,3,1,0.6563727557659149,,529.2
6074,-4.300000000000001,0,4,3,1,0.6563727557659149,,529.2
6075,5.7,1,4,3,1,0.6563727557659149,,529.3
6076,-4.300000000000001,0,4,3,1,0.6563727557659149,,529.4
6077,-0.30000000000000004,0,4,3,1,0.6563727557659149,,529.5
6078,-4.300000000000001,0,4,3,1,0.6563727557659149,,529.6
6079,-0.30000000000000004,0,4,3,1,0.6563727557659149,,529.6
6080,-4.300000000000001,0,4,3,1,0.6563727557659149,,529.7
6081,-0.30000000000000004,0,4,3,1,0.6563727557659149,,529.7
6082,-4.300000000000001,0,4,3,1,0.6563727557659149,,529.8
6083,-4.300000000000001,0,4,3,1,0.6563727557659149,,529.8
6084,-2.3000000000000003,0,4,3,1,0.6563727557659149,,529.9
6085,-4.300000000000001,0,4,3,1,0.6563727557659149,,529.9
6086,-4.300000000000001,0,4,3,1,0.6563727557659149,,530.0
6087,-4.300000000000001,0,4,3,1,0.6563727557659149,,530.1
6088,-4.300000000000001,0,4,3,1,0.6563727557659149,,530.1
6089,-2.3000000000000003,0,4,3,1,0.6563727557659149,,530.2
6090,-4.300000000000001,0,4,3,1,0.6563727557659149,,530.3
6091,-4.300000000000001,0,4,3,1,0.6563727557659149,,530.3
6092,-3.6000000000000005,0,6,3,1,0.6563727557659149,,530.3
6093,-0.30000000000000004,0,4,3,1,0.6563727557659149,,530.4
6094,-4.300000000000001,0,4,3,1,0.6563727557659149,,530.5
6095,-4.300000000000001,0,4,3,1,0.6563727557659149,,530.6
6096,-4.300000000000001,0,4,3,1,0.6563727557659149,,530.6
6097,-2.3000000000000003,0,4,3,1,0.6563727557659149,,530.7
6098,-4.300000000000001,0,4,3,1,0.6563727557659149,,530.8
6099,-5.4,0,5,4,1,0.6563727557659149,,530.9
6100,-2.3000000000000003,0,4,3,1,0.6563727557659149,,530.9
6101,-4.300000000000001,0,4,3,1,0.6563727557659149,,531.0
6102,-0.30000000000000004,0,4,3,1,0.6563727557659149,,531.1
6103,-2.3000000000000003,0,4,3,1,0.6563727557659149,,531.2
6104,-4.300000000000001,0,4,3,1,0.6563727557659149,,531.2
6105,5.7,1,4,3,1,0.6563727557659149,,531.3
6106,-2.3000000000000003,0,4,3,1,0.6563727557659149,,531.3
6107,-4.300000000000001,0,4,3,1,0.6563727557659149,,531.4
6108,-2.3000000000000003,0,4,3,1,0.6563727557659149,,531.4
6109,-4.300000000000001,0,4,3,1,0.6563727557659149,,531.5
6110,-4.300000000000001,0,4,3,1,0.6563727557659149,,531.5
6111,-4.300000000000001,0,4,3,1,0.6563727557659149,,531.6
6112,5.7,1,4,3,1,0.6563727557659149,,531.6
6113,-4.300000000000001,0,4,3,1,0.6563727557659149,,531.7
6114,-4.300000000000001,0,4,3,1,0.6563727557659149,,531.8
6115,-4.300000000000001,0,4,3,1,0.6563727557659149,,531.9
6116,4.4,1,6,3,1,0.6563727557659149,,531.9
6117,-0.30000000000000004,0,4,3,1,0.6563727557659149,,532.0
6118,-4.300000000000001,0,4,3,1,0.6563727557659149,,532.0
6119,-2.3000000000000003,0,4,3,1,0.6563727557659149,,532.1
6120,-4.300000000000001,0,4,3,1,0.6563727557659149,,532.2
6121,-0.30000000000000004,0,4,3,1,0.6563727557659149,,532.3
6122,-4.300000000000001,0,4,3,1,0.6563727557659149,,532.4
6123,-4.300000000000001,0,4,3,1,0.6563727557659149,,532.4
6124,-4.300000000000001,0,4,3,1,0.6563727557659149,,532.5
6125,-4.300000000000001,0,4,3,1,0.6563727557659149,,532.5
6126,-2.3000000000000003,0,4,3,1,0.6563727557659149,,532.6
6127,-4.300000000000001,0,4,3,1,0.6563727557659149,,532.6
6128,-4.300000000000001,0,4,3,1,0.6563727557659149,,532.7
6129,-4.300000000000001,0,4,3,1,0.6563727557659149,,532.8
6130,-2.3000000000000003,0,4,3,1,0.6563727557659149,,532.9
6131,-4.300000000000001,0,4,3,1,0.6563727557659149,,532.9
6132,-1.4000000000000001,0,5,4,1,0.6563727557659149,,533.0
6133,-4.300000000000001,0,4,3,1,0.6563727557659149,,533.0
6134,-4.300000000000001,0,4,3,1,0.6563727557659149,,533.1
6135,-0.30000000000000004,0,4,3,1,0.6563727557659149,,533.2
6136,-4.6,0,6,3,1,0.6563727557659149,,533.2
6137,-0.30000000000000004,0,4,3,1,0.6563727557659149,,533.3
6138,-4.300000000000001,0,4,3,1,0.6563727557659149,,533.3
6139,5.7,1,4,3,1,0.6563727557659149,,533.4
6140,-2.3000000000000003,0,4,3,1,0.6563727557659149,,533.5
6141,-4.300000000000001,0,4,3,1,0.6563727557659149,,533.5
6142,-4.300000000000001,0,4,3,1,0.6563727557659149,,533.6
6143,-4.300000000000001,0,4,3,1,0.6563727557659149,,533.7
6144,-4.6000000000000005,0,6,3,1,0.6563727557659149,,533.7
6145,-3.6,0,6,3,1,0.6563727557659149,,533.8
6146,-0.30000000000000004,0,4,3,1,0.6563727557659149,,533.8
6147,-0.30000000000000004,0,4,3,1,0.6563727557659149,,533.9
6148,-4.300000000000001,0,4,3,1,0.6563727557659149,,533.9
6149,-2.3000000000000003,0,4,3,1,0.6563727557659149,,534.0
6150,-2.3000000000000003,0,4,3,1,0.6563727557659149,,534.0
6151,-4.300000000000001,0,4,3,1,0.6563727557659149,,534.1
6152,-4.300000000000001,0,4,3,1,0.6563727557659149,,534.2
6153,-4.300000000000001,0,4,3,1,0.6563727557659149,,534.3
6154,-0.30000000000000004,0,4,3,1,0.6563727557659149,,534.3
6155,-2.3000000000000003,0,4,3,1,0.6563727557659149,,534.4
6156,5.7,1,4,3,1,0.6563727557659149,,534.4
6157,-5.6000000000000005,0,6,3,1,0.6563727557659149,,534.5
6158,-4.300000000000001,0,4,3,1,0.6563727557659149,,534.6
6159,-4.300000000000001,0,4,3,1,0.6563727557659149,,534.6
6160,-4.300000000000001,0,4,3,1,0.6563727557659149,,534.7
6161,-4.300000000000001,0,4,3,1,0.6563727557659149,,534.7
6162,5.7,1,4,3,1,0.6563727557659149,,534.8
6163,-4.300000000000001,0,4,3,1,0.6563727557659149,,534.9
6164,-4.300000000000001,0,4,3,1,0.6563727557659149,,534.9
6165,-4.300000000000001,0,4,3,1,0.6563727557659149,,535.0
6166,-3.4000000000000004,0,5,4,1,0.6563727557659149,,535.0
6167,5.7,1,4,3,1,0.6563727557659149,,535.1
6168,-4.300000000000001,0,4,3,1,0.6563727557659149,,535.2
6169,-4.6000000000000005,0,6,3,1,0.6563727557659149,,535.3
6170,-0.30000000000000004,0,4,3,1,0.6563727557659149,,535.3
6171,-4.300000000000001,0,4,3,1,0.6563727557659149,,535.4
6172,5.7,1,4,3,1,0.6563727557659149,,535.4
6173,-4.300000000000001,0,4,3,1,0.6563727557659149,,535.5
6174,-5.4,0,5,4,1,0.6563727557659149,,535.6
6175,-4.300000000000001,0,4,3,1,0.6563727557659149,,535.6
6176,-2.3000000000000003,0,4,3,1,0.6563727557659149,,535.7
6177,-1.6,0,6,3,1,0.6563727557659149,,535.8
6178,-0.30000000000000004,0,4,3,1,0.6563727557659149,,535.9
6179,-0.30000000000000004,0,4,3,1,0.6563727557659149,,536.0
6180,-4.300000000000001,0,4,3,1,0.6563727557659149,,536.0
6181,-4.300000000000001,0,4,3,1,0.6563727557659149,,536.1
6182,-4.300000000000001,0,4,3,1,0.6563727557659149,,536.1
6183,-0.30000000000000004,0,4,3,1,0.6563727557659149,,536.2
6184,-0.30000000000000004,0,4,3,1,0.6563727557659149,,536.2
6185,-4.300000000000001,0,4,3,1,0.6563727557659149,,536.3
6186,-4.300000000000001,0,4,3,1,0.6563727557659149,,536.3
6187,-4.6000000000000005,0,6,3,1,0.6563727557659149,,536.4
6188,-4.6000000000000005,0,6,3,1,0.6563727557659149,,536.5
6189,-2.6,0,6,3,1,0.6563727557659149,,536.6
6190,-4.300000000000001,0,4,3,1,0.6563727557659149,,536.6
6191,-4.300000000000001,0,4,3,1,0.6563727557659149,,536.7
6192,-1.6,0,6,3,1,0.6563727557659149,,536.8
6193,-4.300000000000001,0,4,3,1,0.6563727557659149,,536.8
6194,-4.300000000000001,0,4,3,1,0.6563727557659149,,536.9
6195,-4.300000000000001,0,4,3,1,0.6563727557659149,,537.0
6196,-2.6,0,6,3,1,0.6563727557659149,,537.1
6197,5.4,1,6,3,1,0.6563727557659149,,537.1
6198,-4.300000000000001,0,4,3,1,0.6563727557659149,,537.2
6199,-4.300000000000001,0,4,3,1,0.6563727557659149,,537.2
6200,-4.300000000000001,0,4,3,1,0.6563727557659149,,537.2
6201,-4.300000000000001,0,4,3,1,0.6563727557659149,,537.3
6202,-0.30000000000000004,0,4,3,1,0.6563727557659149,,537.4
6203,-0.30000000000000004,0,4,3,1,0.6563727557659149,,537.4
6204,-4.300000000000001,0,4,3,1,0.6563727557659149,,537.5
6205,-4.300000000000001,0,4,3,1,0.6563727557659149,,537.6
6206,-4.300000000000001,0,4,3,1,0.6563727557659149,,537.7
6207,-0.30000000000000004,0,4,3,1,0.6563727557659149,,537.7
6208,-5.4,0,5,4,1,0.6563727557659149,,537.8
6209,-2.3000000000000003,0,4,3,1,0.6563727557659149,,537.9
6210,-4.300000000000001,0,4,3,1,0.6563727557659149,,538.0
6211,-0.30000000000000004,0,4,3,1,0.6563727557659149,,538.1
6212,-0.30000000000000004,0,4,3,1,0.6563727557659149,,538.2
6213,-2.3000000000000003,0,4,3,1,0.6563727557659149,,538.2
6214,-4.300000000000001,0,4,3,1,0.6563727557659149,,538.3
6215,-4.300000000000001,0,4,3,1,0.6563727557659149,,538.4
6216,-4.300000000000001,0,4,3,1,0.6563727557659149,,538.5
6217,-4.300000000000001,0,4,3,1,0.6563727557659149,,538.5
6218,-2.6,0,6,3,1,0.6563727557659149,,538.6
6219,-4.6000000000000005,0,6,3,1,0.6563727557659149,,538.6
6220,-4.300000000000001,0,4,3,1,0.6563727557659149,,538.7
6221,-4.300000000000001,0,4,3,1,0.6563727557659149,,538.8
6222,5.7,1,4,3,1,0.6563727557659149,,538.9
6223,-2.3000000000000003,0,4,3,1,0.6563727557659149,,538.9
6224,5.7,1,4,3,1,0.6563727557659149,,539.0
6225,-4.300000000000001,0,4,3,1,0.6563727557659149,,539.0
6226,-4.300000000000001,0,4,3,1,0.6563727557659149,,539.1
6227,5.7,1,4,3,1,0.6563727557659149,,539.2
6228,5.7,1,4,3,1,0.6563727557659149,,539.2
6229,5.7,1,4,3,1,0.6563727557659149,,539.3
6230,5.7,1,4,3,1,0.6563727557659149,,539.4
6231,-4.300000000000001,0,4,3,1,0.6563727557659149,,539.4
6232,5.7,1,4,3,1,0.6563727557659149,,539.5
6233,-0.30000000000000004,0,4,3,1,0.6563727557659149,,539.6
6234,-5.6000000000000005,0,6,3,1,0.6563727557659149,,539.7
6235,-4.300000000000001,0,4,3,1,0.6563727557659149,,539.8
6236,-4.300000000000001,0,4,3,1,0.6563727557659149,,539.8
6237,-2.3000000000000003,0,4,3,1,0.6563727557659149,,539.9
6238,-4.300000000000001,0,4,3,1,0.6563727557659149,,540.0
6239,-4.300000000000001,0,4,3,1,0.6563727557659149,,540.0
6240,-4.300000000000001,0,4,3,1,0.6563727557659149,,540.1
6241,-4.300000000000001,0,4,3,1,0.6563727557659149,,540.2
6242,-5.6000000000000005,0,6,3,1,0.6563727557659149,,540.3
6243,-4.300000000000001,0,4,3,1,0.6563727557659149,,540.4
6244,-4.300000000000001,0,4,3,1,0.6563727557659149,,540.5
6245,-2.3000000000000003,0,4,3,1,0.6563727557659149,,540.5
6246,-4.300000000000001,0,4,3,1,0.6563727557659149,,540.6
6247,0.6000000000000001,0,5,4,1,0.6563727557659149,,540.6
6248,5.7,1,4,3,1,0.6563727557659149,,540.7
6249,-4.6,0,6,3,1,0.6563727557659149,,540.7
6250,5.7,1,4,3,1,0.6563727557659149,,540.8
6251,-4.300000000000001,0,4,3,1,0.6563727557659149,,540.8
6252,-4.300000000000001,0,4,3,1,0.6563727557659149,,540.9
6253,-0.30000000000000004,0,4,3,1,0.6563727557659149,,541.0
6254,-4.300000000000001,0,4,3,1,0.6563727557659149,,541.0
6255,-0.30000000000000004,0,4,3,1,0.6563727557659149,,541.1
6256,-4.300000000000001,0,4,3,1,0.6563727557659149,,541.2
6257,-2.3000000000000003,0,4,3,1,0.6563727557659149,,541.3
6258,-4.300000000000001,0,4,3,1,0.6563727557659149,,541.3
6259,-4.300000000000001,0,4,3,1,0.6563727557659149,,541.4
6260,-4.300000000000001,0,4,3,1,0.6563727557659149,,541.4
6261,-2.3000000000000003,0,4,3,1,0.6563727557659149,,541.5
6262,-4.300000000000001,0,4,3,1,0.6563727557659149,,541.5
6263,5.7,1,4,3,1,0.6563727557659149,,541.6
6264,-2.3000000000000003,0,4,3,1,0.6563727557659149,,541.7
6265,-2.3000000000000003,0,4,3,1,0.6563727557659149,,541.7
6266,-4.300000000000001,0,4,3,1,0.6563727557659149,,541.8
6267,-4.300000000000001,0,4,3,1,0.6563727557659149,,541.9
6268,-4.300000000000001,0,4,3,1,0.6563727557659149,,541.9
6269,5.7,1,4,3,1,0.6563727557659149,,541.9
6270,-2.3000000000000003,0,4,3,1,0.6563727557659149,,542.0
6271,-4.300000000000001,0,4,3,1,0.6563727557659149,,542.1
6272,-4.300000000000001,0,4,3,1,0.6563727557659149,,542.1
6273,-4.300000000000001,0,4,3,1,0.6563727557659149,,542.2
6274,-4.300000000000001,0,4,3,1,0.6563727557659149,,542.3
6275,-4.300000000000001,0,4,3,1,0.6563727557659149,,542.3
6276,-2.3000000000000003,0,4,3,1,0.6563727557659149,,542.4
6277,-4.300000000000001,0,4,3,1,0.6563727557659149,,542.5
6278,-4.300000000000001,0,4,3,1,0.6563727557659149,,542.6
6279,-4.300000000000001,0,4,3,1,0.6563727557659149,,542.6
6280,-4.300000000000001,0,4,3,1,0.6563727557659149,,542.7
6281,-2.3000000000000003,0,4,3,1,0.6563727557659149,,542.8
6282,-2.3000000000000003,0,4,3,1,0.6563727557659149,,542.8
6283,-4.6000000000000005,0,6,3,1,0.6563727557659149,,542.9
6284,-4.300000000000001,0,4,3,1,0.6563727557659149,,542.9
6285,5.7,1,4,3,1,0.6563727557659149,,543.0
6286,5.7,1,4,3,1,0.6563727557659149,,543.1
6287,-2.3000000000000003,0,4,3,1,0.6563727557659149,,543.2
6288,-4.300000000000001,0,4,3,1,0.6563727557659149,,543.2
6289,-4.300000000000001,0,4,3,1,0.6563727557659149,,543.3
6290,5.7,1,4,3,1,0.6563727557659149,,543.4
6291,-0.30000000000000004,0,4,3,1,0.6563727557659149,,543.5
6292,-4.300000000000001,0,4,3,1,0.6563727557659149,,543.6
6293,-4.300000000000001,0,4,3,1,0.6563727557659149,,543.6
6294,-5.6000000000000005,0,6,3,1,0.6563727557659149,,543.7
6295,-4.300000000000001,0,4,3,1,0.6563727557659149,,543.8
6296,-4.300000000000001,0,4,3,1,0.6563727557659149,,543.8
6297,-2.3000000000000003,0,4,3,1,0.6563727557659149,,543.9
6298,5.7,1,4,3,1,0.6563727557659149,,544.0
6299,-0.30000000000000004,0,4,3,1,0.6563727557659149,,544.0
6300,-0.30000000000000004,0,4,3,1,0.6563727557659149,,544.0
6301,-4.300000000000001,0,4,3,1,0.6563727557659149,,544.2
6302,-2.3000000000000003,0,4,3,1,0.6563727557659149,,544.2
6303,-0.30000000000000004,0,4,3,1,0.6563727557659149,,544.2
6304,-4.300000000000001,0,4,3,1,0.6563727557659149,,544.3
6305,-4.300000000000001,0,4,3,1,0.6563727557659149,,544.4
6306,-4.300000000000001,0,4,3,1,0.6563727557659149,,544.5
6307,-0.30000000000000004,0,4,3,1,0.6563727557659149,,544.5
6308,-4.300000000000001,0,4,3,1,0.6563727557659149,,544.6
6309,-0.30000000000000004,0,4,3,1,0.6563727557659149,,544.7
6310,-4.300000000000001,0,4,3,1,0.6563727557659149,,544.7
6311,-4.300000000000001,0,4,3,1,0.6563727557659149,,544.7
6312,-4.300000000000001,0,4,3,1,0.6563727557659149,,544.8
6313,-4.300000000000001,0,4,3,1,0.6563727557659149,,544.9
6314,-2.3000000000000003,0,4,3,1,0.6563727557659149,,545.0
6315,-2.3000000000000003,0,4,3,1,0.6563727557659149,,545.1
6316,-4.300000000000001,0,4,3,1,0.6563727557659149,,545.1
6317,-4.300000000000001,0,4,3,1,0.6563727557659149,,545.2
6318,-4.300000000000001,0,4,3,1,0.6563727557659149,,545.3
6319,-5.4,0,5,4,1,0.6563727557659149,,545.3
6320,-0.30000000000000004,0,4,3,1,0.6563727557659149,,545.3
6321,-4.300000000000001,0,4,3,1,0.6563727557659149,,545.4
6322,5.7,1,4,3,1,0.6563727557659149,,545.5
6323,-4.300000000000001,0,4,3,1,0.6563727557659149,,545.6
6324,-0.30000000000000004,0,4,3,1,0.6563727557659149,,545.7
6325,-2.3000000000000003,0,4,3,1,0.6563727557659149,,545.7
6326,-4.300000000000001,0,4,3,1,0.6563727557659149,,545.8
6327,-4.300000000000001,0,4,3,1,0.6563727557659149,,545.9
6328,-4.300000000000001,0,4,3,1,0.6563727557659149,,546.0
6329,-4.300000000000001,0,4,3,1,0.6563727557659149,,546.0
6330,-4.300000000000001,0,4,3,1,0.6563727557659149,,546.1
6331,-4.300000000000001,0,4,3,1,0.6563727557659149,,546.1
6332,5.7,1,4,3,1,0.6563727557659149,,546.2
6333,-4.300000000000001,0,4,3,1,0.6563727557659149,,546.2
6334,-4.300000000000001,0,4,3,1,0.6563727557659149,,546.3
6335,-2.3000000000000003,0,4,3,1,0.6563727557659149,,546.4
6336,-4.300000000000001,0,4,3,1,0.6563727557659149,,546.5
6337,-4.300000000000001,0,4,3,1,0.6563727557659149,,546.5
6338,-4.300000000000001,0,4,3,1,0.6563727557659149,,546.6
6339,-0.30000000000000004,0,4,3,1,0.6563727557659149,,546.7
6340,-2.3000000000000003,0,4,3,1,0.6563727557659149,,546.7
6341,-4.300000000000001,0,4,3,1,0.6563727557659149,,546.8
6342,-4.300000000000001,0,4,3,1,0.6563727557659149,,546.9
6343,-2.3000000000000003,0,4,3,1,0.6563727557659149,,546.9
6344,-4.300000000000001,0,4,3,1,0.6563727557659149,,546.9
6345,-0.30000000000000004,0,4,3,1,0.6563727557659149,,547.0
6346,-4.300000000000001,0,4,3,1,0.6563727557659149,,547.1
6347,-4.300000000000001,0,4,3,1,0.6563727557659149,,547.2
6348,-4.300000000000001,0,4,3,1,0.6563727557659149,,547.2
6349,-4.300000000000001,0,4,3,1,0.6563727557659149,,547.3
6350,-4.300000000000001,0,4,3,1,0.6563727557659149,,547.4
6351,-4.300000000000001,0,4,3,1,0.6563727557659149,,547.5
6352,-0.30000000000000004,0,4,3,1,0.6563727557659149,,547.5
6353,5.7,1,4,3,1,0.6563727557659149,,547.6
6354,-4.300000000000001,0,4,3,1,0.6563727557659149,,547.7
6355,-4.300000000000001,0,4,3,1,0.6563727557659149,,547.7
6356,-0.30000000000000004,0,4,3,1,0.6563727557659149,,547.8
6357,-4.300000000000001,0,4,3,1,0.6563727557659149,,547.9
6358,-4.300000000000001,0,4,3,1,0.6563727557659149,,547.9
6359,-2.3000000000000003,0,4,3,1,0.6563727557659149,,548.0
6360,-0.30000000000000004,0,4,3,1,0.6563727557659149,,548.1
6361,-4.300000000000001,0,4,3,1,0.6563727557659149,,548.1
6362,-4.300000000000001,0,4,3,1,0.6563727557659149,,548.2
6363,-4.300000000000001,0,4,3,1,0.6563727557659149,,548.2
6364,-2.3000000000000003,0,4,3,1,0.6563727557659149,,548.4
6365,-4.300000000000001,0,4,3,1,0.6563727557659149,,548.4
6366,5.7,1,4,3,1,0.6563727557659149,,548.5
6367,5.7,1,4,3,1,0.6563727557659149,,548.5
6368,-4.300000000000001,0,4,3,1,0.6563727557659149,,548.6
6369,5.7,1,4,3,1,0.6563727557659149,,548.6
6370,-4.300000000000001,0,4,3,1,0.6563727557659149,,548.7
6371,-4.300000000000001,0,4,3,1,0.6563727557659149,,548.8
6372,-4.6000000000000005,0,6,3,1,0.6563727557659149,,548.9
6373,-4.300000000000001,0,4,3,1,0.6563727557659149,,548.9
6374,-4.300000000000001,0,4,3,1,0.6563727557659149,,549.0
6375,-2.3000000000000003,0,4,3,1,0.6563727557659149,,549.1
6376,-2.3000000000000003,0,4,3,1,0.6563727557659149,,549.1
6377,-2.3000000000000003,0,4,3,1,0.6563727557659149,,549.2
6378,-2.3000000000000003,0,4,3,1,0.6563727557659149,,549.2
6379,-0.30000000000000004,0,4,3,1,0.6563727557659149,,549.3
6380,-5.9,0,8,3,1,0.6563727557659149,,549.4
6381,-4.300000000000001,0,4,3,1,0.6563727557659149,,549.5
6382,5.7,1,4,3,1,0.6563727557659149,,549.5
6383,-4.300000000000001,0,4,3,1,0.6563727557659149,,549.6
6384,-4.300000000000001,0,4,3,1,0.6563727557659149,,549.6
6385,5.7,1,4,3,1,0.6563727557659149,,549.7
6386,-4.300000000000001,0,4,3,1,0.6563727557659149,,549.7
6387,-4.300000000000001,0,4,3,1,0.6563727557659149,,549.8
6388,-4.300000000000001,0,4,3,1,0.6563727557659149,,549.8
6389,-4.6000000000000005,0,6,3,1,0.6563727557659149,,549.9
6390,-4.300000000000001,0,4,3,1,0.6563727557659149,,550.0
6391,-2.3000000000000003,0,4,3,1,0.6563727557659149,,550.0
6392,-0.30000000000000004,0,4,3,1,0.6563727557659149,,550.1
6393,-0.30000000000000004,0,4,3,1,0.6563727557659149,,550.2
6394,-4.300000000000001,0,4,3,1,0.6563727557659149,,550.3
6395,-0.30000000000000004,0,4,3,1,0.6563727557659149,,550.3
6396,-2.3000000000000003,0,4,3,1,0.6563727557659149,,550.4
6397,-2.3000000000000003,0,4,3,1,0.6563727557659149,,550.5
6398,5.7,1,4,3,1,0.6563727557659149,,550.5
6399,-4.300000000000001,0,4,3,1,0.6563727557659149,,550.6
6400,-4.300000000000001,0,4,3,1,0.6563727557659149,,550.6
6401,-4.300000000000001,0,4,3,1,0.6563727557659149,,550.7
6402,-4.300000000000001,0,4,3,1,0.6563727557659149,,550.8
6403,-4.300000000000001,0,4,3,1,0.6563727557659149,,550.9
6404,-0.30000000000000004,0,4,3,1,0.6563727557659149,,551.0
6405,-0.30000000000000004,0,4,3,1,0.6563727557659149,,551.0
6406,-4.300000000000001,0,4,3,1,0.6563727557659149,,551.1
6407,-0.30000000000000004,0,4,3,1,0.6563727557659149,,551.1
6408,-4.300000000000001,0,4,3,1,0.6563727557659149,,551.2
6409,-4.300000000000001,0,4,3,1,0.6563727557659149,,551.2
6410,-0.30000000000000004,0,4,3,1,0.6563727557659149,,551.3
6411,-4.300000000000001,0,4,3,1,0.6563727557659149,,551.4
6412,-4.300000000000001,0,4,3,1,0.6563727557659149,,551.5
6413,5.7,1,4,3,1,0.6563727557659149,,551.5
6414,-4.300000000000001,0,4,3,1,0.6563727557659149,,551.6
6415,-3.6000000000000005,0,6,3,1,0.6563727557659149,,551.7
6416,-2.3000000000000003,0,4,3,1,0.6563727557659149,,551.7
6417,-2.3000000000000003,0,4,3,1,0.6563727557659149,,551.8
6418,-4.300000000000001,0,4,3,1,0.6563727557659149,,551.9
6419,-4.6000000000000005,0,6,3,1,0.6563727557659149,,551.9
6420,-4.300000000000001,0,4,3,1,0.6563727557659149,,552.0
6421,-4.300000000000001,0,4,3,1,0.6563727557659149,,552.1
6422,-4.300000000000001,0,4,3,1,0.6563727557659149,,552.1
6423,4.4,1,6,3,1,0.6563727557659149,,552.2
6424,-2.3000000000000003,0,4,3,1,0.6563727557659149,,552.2
6425,-4.300000000000001,0,4,3,1,0.6563727557659149,,552.3
6426,-2.3000000000000003,0,4,3,1,0.6563727557659149,,552.4
6427,5.7,1,4,3,1,0.6563727557659149,,552.4
6428,-4.300000000000001,0,4,3,1,0.6563727557659149,,552.5
6429,-5.6000000000000005,0,6,3,1,0.6563727557659149,,552.5
6430,-4.300000000000001,0,4,3,1,0.6563727557659149,,552.6
6431,-2.3000000000000003,0,4,3,1,0.6563727557659149,,552.7
6432,-4.300000000000001,0,4,3,1,0.6563727557659149,,552.8
6433,-0.6000000000000001,0,6,3,1,0.6563727557659149,,552.9
6434,-2.3000000000000003,0,4,3,1,0.6563727557659149,,552.9
6435,-4.300000000000001,0,4,3,1,0.6563727557659149,,553.0
6436,-2.3000000000000003,0,4,3,1,0.6563727557659149,,553.1
6437,-0.30000000000000004,0,4,3,1,0.6563727557659149,,553.1
6438,-4.300000000000001,0,4,3,1,0.6563727557659149,,553.2
6439,-1.4000000000000001,0,5,4,1,0.6563727557659149,,553.3
6440,-4.300000000000001,0,4,3,1,0.6563727557659149,,553.3
6441,-4.300000000000001,0,4,3,1,0.6563727557659149,,553.4
6442,-4.300000000000001,0,4,3,1,0.6563727557659149,,553.5
6443,-4.300000000000001,0,4,3,1,0.6563727557659149,,553.5
6444,-2.3000000000000003,0,4,3,1,0.6563727557659149,,553.6
6445,-4.300000000000001,0,4,3,1,0.6563727557659149,,553.7
6446,-4.300000000000001,0,4,3,1,0.6563727557659149,,553.7
6447,-4.300000000000001,0,4,3,1,0.6563727557659149,,553.8
6448,-2.3000000000000003,0,4,3,1,0.6563727557659149,,553.9
6449,-4.300000000000001,0,4,3,1,0.6563727557659149,,553.9
6450,-4.300000000000001,0,4,3,1,0.6563727557659149,,553.9
6451,-4.300000000000001,0,4,3,1,0.6563727557659149,,554.0
6452,-4.300000000000001,0,4,3,1,0.6563727557659149,,554.0
6453,-4.300000000000001,0,4,3,1,0.6563727557659149,,554.1
6454,-4.300000000000001,0,4,3,1,0.6563727557659149,,554.2
6455,5.7,1,4,3,1,0.6563727557659149,,554.2
6456,-4.300000000000001,0,4,3,1,0.6563727557659149,,554.3
6457,-2.3000000000000003,0,4,3,1,0.6563727557659149,,554.4
6458,-4.300000000000001,0,4,3,1,0.6563727557659149,,554.5
6459,-0.30000000000000004,0,4,3,1,0.6563727557659149,,554.5
6460,-4.300000000000001,0,4,3,1,0.6563727557659149,,554.6
6461,-4.300000000000001,0,4,3,1,0.6563727557659149,,554.7
6462,5.4,1,6,3,1,0.6563727557659149,,554.7
6463,-4.300000000000001,0,4,3,1,0.6563727557659149,,554.8
6464,-2.3000000000000003,0,4,3,1,0.6563727557659149,,554.8
6465,-2.3000000000000003,0,4,3,1,0.6563727557659149,,554.9
6466,5.7,1,4,3,1,0.6563727557659149,,555.0
6467,-4.300000000000001,0,4,3,1,0.6563727557659149,,555.1
6468,-4.300000000000001,0,4,3,1,0.6563727557659149,,555.1
6469,-4.300000000000001,0,4,3,1,0.6563727557659149,,555.2
6470,-0.30000000000000004,0,4,3,1,0.6563727557659149,,555.2
6471,-4.300000000000001,0,4,3,1,0.6563727557659149,,555.3
6472,-2.3000000000000003,0,4,3,1,0.6563727557659149,,555.4
6473,-4.300000000000001,0,4,3,1,0.6563727557659149,,555.4
6474,-4.300000000000001,0,4,3,1,0.6563727557659149,,555.5
6475,-4.300000000000001,0,4,3,1,0.6563727557659149,,555.6
6476,-0.30000000000000004,0,4,3,1,0.6563727557659149,,555.6
6477,-4.300000000000001,0,4,3,1,0.6563727557659149,,555.7
6478,-4.300000000000001,0,4,3,1,0.6563727557659149,,555.8
6479,-0.30000000000000004,0,4,3,1,0.6563727557659149,,555.8
6480,-4.300000000000001,0,4,3,1,0.6563727557659149,,555.9
6481,-0.30000000000000004,0,4,3,1,0.6563727557659149,,555.9
6482,-4.300000000000001,0,4,3,1,0.6563727557659149,,556.0
6483,-4.300000000000001,0,4,3,1,0.6563727557659149,,556.1
6484,5.7,1,4,3,1,0.6563727557659149,,556.1
6485,-4.300000000000001,0,4,3,1,0.6563727557659149,,556.2
6486,-4.300000000000001,0,4,3,1,0.6563727557659149,,556.3
6487,-4.300000000000001,0,4,3,1,0.6563727557659149,,556.4
6488,-2.3000000000000003,0,4,3,1,0.6563727557659149,,556.4
6489,-4.300000000000001,0,4,3,1,0.6563727557659149,,556.5
6490,-5.4,0,5,4,1,0.6563727557659149,,556.5
6491,5.7,1,4,3,1,0.6563727557659149,,556.6
6492,-2.3000000000000003,0,4,3,1,0.6563727557659149,,556.7
6493,-4.6000000000000005,0,6,3,1,0.6563727557659149,,556.7
6494,-4.300000000000001,0,4,3,1,0.6563727557659149,,556.8
6495,-4.300000000000001,0,4,3,1,0.6563727557659149,,556.8
6496,-4.300000000000001,0,4,3,1,0.6563727557659149,,556.9
6497,-4.6000000000000005,0,6,3,1,0.6563727557659149,,557.0
6498,-2.3000000000000003,0,4,3,1,0.6563727557659149,,557.0
6499,-4.300000000000001,0,4,3,1,0.6563727557659149,,557.1
6500,-4.300000000000001,0,4,3,1,0.6563727557659149,,557.2
6501,-4.300000000000001,0,4,3,1,0.6563727557659149,,561.9
6502,-2.3000000000000003,0,4,3,1,0.6563727557659149,,562.0
6503,-4.300000000000001,0,4,3,1,0.6563727557659149,,562.1
6504,-2.3000000000000003,0,4,3,1,0.6563727557659149,,562.1
6505,-4.300000000000001,0,4,3,1,0.6563727557659149,,562.2
6506,-4.300000000000001,0,4,3,1,0.6563727557659149,,562.3
6507,-4.300000000000001,0,4,3,1,0.6563727557659149,,562.3
6508,-4.300000000000001,0,4,3,1,0.6563727557659149,,562.4
6509,-2.3000000000000003,0,4,3,1,0.6563727557659149,,562.4
6510,-0.30000000000000004,0,4,3,1,0.6563727557659149,,562.5
6511,-4.300000000000001,0,4,3,1,0.6563727557659149,,562.6
6512,-4.300000000000001,0,4,3,1,0.6563727557659149,,562.7
6513,-0.30000000000000004,0,4,3,1,0.6563727557659149,,562.8
6514,-2.3000000000000003,0,4,3,1,0.6563727557659149,,562.8
6515,-2.3000000000000003,0,4,3,1,0.6471266043372452,1.3787336726672947,563.5
6516,-0.30000000000000004,0,4,3,1,0.6471266043372452,,563.5
6517,-4.300000000000001,0,4,3,1,0.6471266043372452,,563.6
6518,-4.300000000000001,0,4,3,1,0.6471266043372452,,563.6
6519,-4.300000000000001,0,4,3,1,0.6471266043372452,,563.7
6520,-2.3000000000000003,0,4,3,1,0.6471266043372452,,563.8
6521,-4.300000000000001,0,4,3,1,0.6471266043372452,,563.9
6522,-4.300000000000001,0,4,3,1,0.6471266043372452,,564.0
6523,-4.300000000000001,0,4,3,1,0.6471266043372452,,564.0
6524,-4.300000000000001,0,4,3,1,0.6471266043372452,,564.1
6525,-0.30000000000000004,0,4,3,1,0.6471266043372452,,564.2
6526,5.7,1,4,3,1,0.6471266043372452,,564.2
6527,-2.3000000000000003,0,4,3,1,0.6471266043372452,,564.3
6528,-4.300000000000001,0,4,3,1,0.6471266043372452,,564.4
6529,-4.300000000000001,0,4,3,1,0.6471266043372452,,564.5
6530,-2.3000000000000003,0,4,3,1,0.6471266043372452,,564.5
6531,-2.3000000000000003,0,4,3,1,0.6471266043372452,,564.6
6532,-0.30000000000000004,0,4,3,1,0.6471266043372452,,564.6
6533,-4.300000000000001,0,4,3,1,0.6471266043372452,,564.7
6534,-4.300000000000001,0,4,3,1,0.6471266043372452,,564.7
6535,-4.300000000000001,0,4,3,1,0.6471266043372452,,564.8
6536,-4.300000000000001,0,4,3,1,0.6471266043372452,,564.9
6537,5.7,1,4,3,1,0.6471266043372452,,564.9
6538,-4.300000000000001,0,4,3,1,0.6471266043372452,,565.0
6539,-0.30000000000000004,0,4,3,1,0.6471266043372452,,565.1
6540,-4.300000000000001,0,4,3,1,0.6471266043372452,,565.1
6541,-4.300000000000001,0,4,3,1,0.6471266043372452,,565.2
6542,-4.300000000000001,0,4,3,1,0.6471266043372452,,565.2
6543,-4.300000000000001,0,4,3,1,0.6471266043372452,,565.3
6544,-4.300000000000001,0,4,3,1,0.6471266043372452,,565.3
6545,-4.300000000000001,0,4,3,1,0.6471266043372452,,565.4
6546,-4.300000000000001,0,4,3,1,0.6471266043372452,,565.4
6547,-0.30000000000000004,0,4,3,1,0.6471266043372452,,565.5
6548,-2.3000000000000003,0,4,3,1,0.6471266043372452,,565.6
6549,-4.300000000000001,0,4,3,1,0.6471266043372452,,565.6
6550,-4.300000000000001,0,4,3,1,0.6471266043372452,,565.7
6551,-4.300000000000001,0,4,3,1,0.6471266043372452,,565.8
6552,-4.300000000000001,0,4,3,1,0.6471266043372452,,565.8
6553,5.7,1,4,3,1,0.6471266043372452,,565.9
6554,-4.300000000000001,0,4,3,1,0.6471266043372452,,566.0
6555,-4.300000000000001,0,4,3,1,0.6471266043372452,,566.0
6556,5.4,1,6,3,1,0.6471266043372452,,566.1
6557,-4.6000000000000005,0,6,3,1,0.6471266043372452,,566.2
6558,-4.300000000000001,0,4,3,1,0.6471266043372452,,566.2
6559,-4.300000000000001,0,4,3,1,0.6471266043372452,,566.3
6560,-4.300000000000001,0,4,3,1,0.6471266043372452,,566.3
6561,-4.300000000000001,0,4,3,1,0.6471266043372452,,566.4
6562,-4.300000000000001,0,4,3,1,0.6471266043372452,,566.5
6563,5.7,1,4,3,1,0.6471266043372452,,566.5
6564,-2.6,0,6,3,1,0.6471266043372452,,566.6
6565,-0.30000000000000004,0,4,3,1,0.6471266043372452,,566.6
6566,-4.300000000000001,0,4,3,1,0.6471266043372452,,566.7
6567,5.7,1,4,3,1,0.6471266043372452,,566.8
6568,5.7,1,4,3,1,0.6471266043372452,,566.9
6569,-4.300000000000001,0,4,3,1,0.6471266043372452,,566.9
6570,-5.6000000000000005,0,6,3,1,0.6471266043372452,,567.0
6571,-4.300000000000001,0,4,3,1,0.6471266043372452,,567.1
6572,-4.300000000000001,0,4,3,1,0.6471266043372452,,567.2
6573,-4.300000000000001,0,4,3,1,0.6471266043372452,,567.2
6574,-4.300000000000001,0,4,3,1,0.6471266043372452,,567.3
6575,-4.300000000000001,0,4,3,1,0.6471266043372452,,567.3
6576,-2.3000000000000003,0,4,3,1,0.6471266043372452,,567.4
6577,-4.300000000000001,0,4,3,1,0.6471266043372452,,567.5
6578,5.7,1,4,3,1,0.6471266043372452,,567.5
6579,-4.300000000000001,0,4,3,1,0.6471266043372452,,567.6
6580,5.7,1,4,3,1,0.6471266043372452,,567.7
6581,-4.300000000000001,0,4,3,1,0.6471266043372452,,567.7
6582,-4.300000000000001,0,4,3,1,0.6471266043372452,,567.8
6583,-4.300000000000001,0,4,3,1,0.6471266043372452,,567.8
6584,5.7,1,4,3,1,0.6471266043372452,,567.9
6585,5.7,1,4,3,1,0.6471266043372452,,567.9
6586,-5.6000000000000005,0,6,3,1,0.6471266043372452,,568.0
6587,-4.300000000000001,0,4,3,1,0.6471266043372452,,568.1
6588,-2.3000000000000003,0,4,3,1,0.6471266043372452,,568.1
6589,-4.300000000000001,0,4,3,1,0.6471266043372452,,568.2
6590,-4.300000000000001,0,4,3,1,0.6471266043372452,,568.2
6591,-0.30000000000000004,0,4,3,1,0.6471266043372452,,568.3
6592,5.7,1,4,3,1,0.6471266043372452,,568.4
6593,5.7,1,4,3,1,0.6471266043372452,,568.4
6594,-4.300000000000001,0,4,3,1,0.6471266043372452,,568.5
6595,5.7,1,4,3,1,0.6471266043372452,,568.6
6596,-4.300000000000001,0,4,3,1,0.6471266043372452,,568.6
6597,-2.3000000000000003,0,4,3,1,0.6471266043372452,,568.7
6598,-4.300000000000001,0,4,3,1,0.6471266043372452,,568.7
6599,-4.300000000000001,0,4,3,1,0.6471266043372452,,568.8
6600,-2.3000000000000003,0,4,3,1,0.6471266043372452,,568.9
6601,-4.300000000000001,0,4,3,1,0.6471266043372452,,569.0
6602,5.7,1,4,3,1,0.6471266043372452,,569.0
6603,-4.300000000000001,0,4,3,1,0.6471266043372452,,569.1
6604,5.4,1,6,3,1,0.6471266043372452,,569.2
6605,-4.300000000000001,0,4,3,1,0.6471266043372452,,569.2
6606,-4.300000000000001,0,4,3,1,0.6471266043372452,,569.3
6607,-4.300000000000001,0,4,3,1,0.6471266043372452,,569.4
6608,-2.3000000000000003,0,4,3,1,0.6471266043372452,,569.5
6609,-2.3000000000000003,0,4,3,1,0.6471266043372452,,569.5
6610,-4.300000000000001,0,4,3,1,0.6471266043372452,,569.6
6611,-4.300000000000001,0,4,3,1,0.6471266043372452,,569.6
6612,-4.300000000000001,0,4,3,1,0.6471266043372452,,569.7
6613,-2.3000000000000003,0,4,3,1,0.6471266043372452,,569.7
6614,-2.3000000000000003,0,4,3,1,0.6471266043372452,,569.8
6615,-4.300000000000001,0,4,3,1,0.6471266043372452,,569.9
6616,5.7,1,4,3,1,0.6471266043372452,,569.9
6617,-4.300000000000001,0,4,3,1,0.6471266043372452,,570.0
6618,-4.300000000000001,0,4,3,1,0.6471266043372452,,570.1
6619,-4.300000000000001,0,4,3,1,0.6471266043372452,,570.2
6620,-5.6000000000000005,0,6,3,1,0.6471266043372452,,570.2
6621,-4.300000000000001,0,4,3,1,0.6471266043372452,,570.3
6622,-4.300000000000001,0,4,3,1,0.6471266043372452,,570.4
6623,-2.3000000000000003,0,4,3,1,0.6471266043372452,,570.5
6624,6.6,1,5,4,1,0.6471266043372452,,570.5
6625,-2.6,0,6,3,1,0.6471266043372452,,570.6
6626,-4.300000000000001,0,4,3,1,0.6471266043372452,,570.6
6627,-4.300000000000001,0,4,3,1,0.6471266043372452,,570.7
6628,-4.300000000000001,0,4,3,1,0.6471266043372452,,570.7
6629,-0.30000000000000004,0,4,3,1,0.6471266043372452,,570.8
6630,-4.300000000000001,0,4,3,1,0.6471266043372452,,570.9
6631,-4.300000000000001,0,4,3,1,0.6471266043372452,,571.0
6632,-4.300000000000001,0,4,3,1,0.6471266043372452,,571.1
6633,5.7,1,4,3,1,0.6471266043372452,,571.1
6634,-0.30000000000000004,0,4,3,1,0.6471266043372452,,571.2
6635,-0.30000000000000004,0,4,3,1,0.6471266043372452,,571.3
6636,-2.3000000000000003,0,4,3,1,0.6471266043372452,,571.3
6637,-0.6000000000000001,0,6,3,1,0.6471266043372452,,571.4
6638,-4.300000000000001,0,4,3,1,0.6471266043372452,,571.4
6639,-4.300000000000001,0,4,3,1,0.6471266043372452,,571.5
6640,-4.300000000000001,0,4,3,1,0.6471266043372452,,571.6
6641,-4.300000000000001,0,4,3,1,0.6471266043372452,,571.7
6642,-4.300000000000001,0,4,3,1,0.6471266043372452,,571.7
6643,-4.300000000000001,0,4,3,1,0.6471266043372452,,571.7
6644,-4.300000000000001,0,4,3,1,0.6471266043372452,,571.8
6645,-0.6000000000000001,0,6,3,1,0.6471266043372452,,571.9
6646,-4.300000000000001,0,4,3,1,0.6471266043372452,,572.0
6647,-4.300000000000001,0,4,3,1,0.6471266043372452,,572.0
6648,5.7,1,4,3,1,0.6471266043372452,,572.1
6649,-4.300000000000001,0,4,3,1,0.6471266043372452,,572.1
6650,-4.300000000000001,0,4,3,1,0.6471266043372452,,572.2
6651,5.7,1,4,3,1,0.6471266043372452,,572.2
6652,-4.300000000000001,0,4,3,1,0.6471266043372452,,572.3
6653,-2.3000000000000003,0,4,3,1,0.6471266043372452,,572.3
6654,-2.3000000000000003,0,4,3,1,0.6471266043372452,,572.4
6655,-4.300000000000001,0,4,3,1,0.6471266043372452,,572.4
6656,-4.300000000000001,0,4,3,1,0.6471266043372452,,572.5
6657,-4.300000000000001,0,4,3,1,0.6471266043372452,,572.6
6658,-4.300000000000001,0,4,3,1,0.6471266043372452,,572.6
6659,-2.3000000000000003,0,4,3,1,0.6471266043372452,,572.6
6660,-0.30000000000000004,0,4,3,1,0.6471266043372452,,572.7
6661,-4.300000000000001,0,4,3,1,0.6471266043372452,,572.8
6662,-4.300000000000001,0,4,3,1,0.6471266043372452,,572.9
6663,-2.3000000000000003,0,4,3,1,0.6471266043372452,,572.9
6664,-0.30000000000000004,0,4,3,1,0.6471266043372452,,573.0
6665,-4.300000000000001,0,4,3,1,0.6471266043372452,,573.0
6666,-4.300000000000001,0,4,3,1,0.6471266043372452,,573.1
6667,-4.300000000000001,0,4,3,1,0.6471266043372452,,573.2
6668,-4.300000000000001,0,4,3,1,0.6471266043372452,,573.2
6669,-0.30000000000000004,0,4,3,1,0.6471266043372452,,573.3
6670,-0.30000000000000004,0,4,3,1,0.6471266043372452,,573.4
6671,5.7,1,4,3,1,0.6471266043372452,,573.4
6672,-4.300000000000001,0,4,3,1,0.6471266043372452,,573.5
6673,-2.3000000000000003,0,4,3,1,0.6471266043372452,,573.6
6674,-4.300000000000001,0,4,3,1,0.6471266043372452,,573.6
6675,-2.3000000000000003,0,4,3,1,0.6471266043372452,,573.6
6676,4.1,1,8,3,1,0.6471266043372452,,573.7
6677,5.7,1,4,3,1,0.6471266043372452,,573.7
6678,-4.300000000000001,0,4,3,1,0.6471266043372452,,573.8
6679,-0.30000000000000004,0,4,3,1,0.6471266043372452,,573.9
6680,-4.300000000000001,0,4,3,1,0.6471266043372452,,574.0
6681,-4.300000000000001,0,4,3,1,0.6471266043372452,,574.0
6682,-4.300000000000001,0,4,3,1,0.6471266043372452,,574.1
6683,5.7,1,4,3,1,0.6471266043372452,,574.1
6684,-2.3000000000000003,0,4,3,1,0.6471266043372452,,574.2
6685,-4.300000000000001,0,4,3,1,0.6471266043372452,,574.2
6686,-0.30000000000000004,0,4,3,1,0.6471266043372452,,574.3
6687,-4.300000000000001,0,4,3,1,0.6471266043372452,,574.4
6688,-4.300000000000001,0,4,3,1,0.6471266043372452,,574.4
6689,-4.300000000000001,0,4,3,1,0.6471266043372452,,574.5
6690,-4.300000000000001,0,4,3,1,0.6471266043372452,,574.6
6691,-4.300000000000001,0,4,3,1,0.6471266043372452,,574.6
6692,-2.3000000000000003,0,4,3,1,0.6471266043372452,,574.7
6693,-4.300000000000001,0,4,3,1,0.6471266043372452,,574.8
6694,-4.300000000000001,0,4,3,1,0.6471266043372452,,574.8
6695,-4.300000000000001,0,4,3,1,0.6471266043372452,,574.9
6696,-4.300000000000001,0,4,3,1,0.6471266043372452,,575.0
6697,5.7,1,4,3,1,0.6471266043372452,,575.0
6698,-0.30000000000000004,0,4,3,1,0.6471266043372452,,575.1
6699,-4.300000000000001,0,4,3,1,0.6471266043372452,,575.2
6700,-4.300000000000001,0,4,3,1,0.6471266043372452,,575.2
6701,-4.300000000000001,0,4,3,1,0.6471266043372452,,575.3
6702,-4.300000000000001,0,4,3,1,0.6471266043372452,,575.4
6703,-0.30000000000000004,0,4,3,1,0.6471266043372452,,575.4
6704,-4.300000000000001,0,4,3,1,0.6471266043372452,,575.5
6705,-4.300000000000001,0,4,3,1,0.6471266043372452,,575.6
6706,-4.300000000000001,0,4,3,1,0.6471266043372452,,575.6
6707,-4.300000000000001,0,4,3,1,0.6471266043372452,,575.7
6708,-4.300000000000001,0,4,3,1,0.6471266043372452,,575.8
6709,-4.300000000000001,0,4,3,1,0.6471266043372452,,575.9
6710,-4.300000000000001,0,4,3,1,0.6471266043372452,,575.9
6711,-5.6000000000000005,0,6,3,1,0.6471266043372452,,576.0
6712,-0.30000000000000004,0,4,3,1,0.6471266043372452,,576.1
6713,-2.3000000000000003,0,4,3,1,0.6471266043372452,,576.1
6714,-4.300000000000001,0,4,3,1,0.6471266043372452,,576.2
6715,5.7,1,4,3,1,0.6471266043372452,,576.3
6716,-4.300000000000001,0,4,3,1,0.6471266043372452,,576.3
6717,-4.300000000000001,0,4,3,1,0.6471266043372452,,576.4
6718,-4.300000000000001,0,4,3,1,0.6471266043372452,,576.4
6719,-4.300000000000001,0,4,3,1,0.6471266043372452,,576.5
6720,-4.6000000000000005,0,6,3,1,0.6471266043372452,,576.6
6721,5.7,1,4,3,1,0.6471266043372452,,576.6
6722,-2.3000000000000003,0,4,3,1,0.6471266043372452,,576.7
6723,5.7,1,4,3,1,0.6471266043372452,,576.7
6724,5.7,1,4,3,1,0.6471266043372452,,576.8
6725,-4.300000000000001,0,4,3,1,0.6471266043372452,,576.8
6726,-1.6,0,6,3,1,0.6471266043372452,,576.9
6727,5.7,1,4,3,1,0.6471266043372452,,577.0
6728,-4.300000000000001,0,4,3,1,0.6471266043372452,,577.0
6729,-4.300000000000001,0,4,3,1,0.6471266043372452,,577.1
6730,-4.6000000000000005,0,6,3,1,0.6471266043372452,,577.2
6731,-2.3000000000000003,0,4,3,1,0.6471266043372452,,577.3
6732,-5.4,0,5,4,1,0.6471266043372452,,577.4
6733,-4.300000000000001,0,4,3,1,0.6471266043372452,,577.4
6734,-2.3000000000000003,0,4,3,1,0.6471266043372452,,577.5
6735,5.7,1,4,3,1,0.6471266043372452,,577.5
6736,-4.300000000000001,0,4,3,1,0.6471266043372452,,577.6
6737,-4.300000000000001,0,4,3,1,0.6471266043372452,,577.6
6738,-4.6000000000000005,0,6,3,1,0.6471266043372452,,577.7
6739,-4.300000000000001,0,4,3,1,0.6471266043372452,,577.8
6740,-0.6000000000000001,0,6,3,1,0.6471266043372452,,577.8
6741,-4.300000000000001,0,4,3,1,0.6471266043372452,,577.9
6742,-4.300000000000001,0,4,3,1,0.6471266043372452,,578.0
6743,-4.300000000000001,0,4,3,1,0.6471266043372452,,578.0
6744,-4.300000000000001,0,4,3,1,0.6471266043372452,,578.1
6745,-2.3000000000000003,0,4,3,1,0.6471266043372452,,578.2
6746,-4.300000000000001,0,4,3,1,0.6471266043372452,,578.2
6747,5.7,1,4,3,1,0.6471266043372452,,578.3
6748,-4.300000000000001,0,4,3,1,0.6471266043372452,,578.4
6749,-4.300000000000001,0,4,3,1,0.6471266043372452,,578.5
6750,-4.6000000000000005,0,6,3,1,0.6471266043372452,,578.5
6751,-2.3000000000000003,0,4,3,1,0.6471266043372452,,578.6
6752,5.7,1,4,3,1,0.6471266043372452,,578.7
6753,-4.300000000000001,0,4,3,1,0.6471266043372452,,578.8
6754,-4.300000000000001,0,4,3,1,0.6471266043372452,,578.8
6755,-4.300000000000001,0,4,3,1,0.6471266043372452,,578.9
6756,-4.300000000000001,0,4,3,1,0.6471266043372452,,579.0
6757,-4.6000000000000005,0,6,3,1,0.6471266043372452,,579.0
6758,-4.300000000000001,0,4,3,1,0.6471266043372452,,579.1
6759,-4.300000000000001,0,4,3,1,0.6471266043372452,,579.1
6760,-4.300000000000001,0,4,3,1,0.6471266043372452,,579.1
6761,-4.300000000000001,0,4,3,1,0.6471266043372452,,579.2
6762,5.7,1,4,3,1,0.6471266043372452,,579.3
6763,-4.300000000000001,0,4,3,1,0.6471266043372452,,579.3
6764,-4.300000000000001,0,4,3,1,0.6471266043372452,,579.4
6765,-0.30000000000000004,0,4,3,1,0.6471266043372452,,579.5
6766,-2.3000000000000003,0,4,3,1,0.6471266043372452,,579.5
6767,-4.300000000000001,0,4,3,1,0.6471266043372452,,579.6
6768,-4.300000000000001,0,4,3,1,0.6471266043372452,,579.6
6769,-4.300000000000001,0,4,3,1,0.6471266043372452,,579.7
6770,-4.300000000000001,0,4,3,1,0.6471266043372452,,579.7
6771,-0.30000000000000004,0,4,3,1,0.6471266043372452,,579.8
6772,5.7,1,4,3,1,0.6471266043372452,,579.8
6773,-4.300000000000001,0,4,3,1,0.6471266043372452,,579.9
6774,-4.300000000000001,0,4,3,1,0.6471266043372452,,580.0
6775,5.7,1,4,3,1,0.6471266043372452,,580.0
6776,-4.300000000000001,0,4,3,1,0.6471266043372452,,580.1
6777,-4.300000000000001,0,4,3,1,0.6471266043372452,,580.2
6778,-4.300000000000001,0,4,3,1,0.6471266043372452,,580.2
6779,-4.300000000000001,0,4,3,1,0.6471266043372452,,580.3
6780,5.7,1,4,3,1,0.6471266043372452,,580.4
6781,5.7,1,4,3,1,0.6471266043372452,,580.5
6782,-4.300000000000001,0,4,3,1,0.6471266043372452,,580.5
6783,-0.30000000000000004,0,4,3,1,0.6471266043372452,,580.6
6784,-2.3000000000000003,0,4,3,1,0.6471266043372452,,580.7
6785,-0.30000000000000004,0,4,3,1,0.6471266043372452,,580.7
6786,-2.3000000000000003,0,4,3,1,0.6471266043372452,,580.8
6787,-2.3000000000000003,0,4,3,1,0.6471266043372452,,580.8
6788,-4.300000000000001,0,4,3,1,0.6471266043372452,,580.9
6789,5.7,1,4,3,1,0.6471266043372452,,581.0
6790,-4.300000000000001,0,4,3,1,0.6471266043372452,,581.0
6791,-4.300000000000001,0,4,3,1,0.6471266043372452,,581.1
6792,-4.300000000000001,0,4,3,1,0.6471266043372452,,581.1
6793,-4.300000000000001,0,4,3,1,0.6471266043372452,,581.2
6794,-4.300000000000001,0,4,3,1,0.6471266043372452,,581.2
6795,-4.6000000000000005,0,6,3,1,0.6471266043372452,,581.3
6796,-4.300000000000001,0,4,3,1,0.6471266043372452,,581.4
6797,-4.300000000000001,0,4,3,1,0.6471266043372452,,581.4
6798,-4.300000000000001,0,4,3,1,0.6471266043372452,,581.5
6799,-4.300000000000001,0,4,3,1,0.6471266043372452,,581.5
6800,-4.300000000000001,0,4,3,1,0.6471266043372452,,581.6
6801,-4.300000000000001,0,4,3,1,0.6471266043372452,,581.7
6802,-2.3000000000000003,0,4,3,1,0.6471266043372452,,581.8
6803,-4.300000000000001,0,4,3,1,0.6471266043372452,,581.8
6804,-0.30000000000000004,0,4,3,1,0.6471266043372452,,581.9
6805,-4.300000000000001,0,4,3,1,0.6471266043372452,,581.9
6806,-4.6000000000000005,0,6,3,1,0.6471266043372452,,582.0
6807,-4.300000000000001,0,4,3,1,0.6471266043372452,,582.1
6808,-4.300000000000001,0,4,3,1,0.6471266043372452,,582.1
6809,-4.300000000000001,0,4,3,1,0.6471266043372452,,582.2
6810,-4.300000000000001,0,4,3,1,0.6471266043372452,,582.3
6811,-4.300000000000001,0,4,3,1,0.6471266043372452,,582.3
6812,-0.30000000000000004,0,4,3,1,0.6471266043372452,,582.4
6813,-2.6,0,6,3,1,0.6471266043372452,,582.5
6814,-4.300000000000001,0,4,3,1,0.6471266043372452,,582.5
6815,-4.300000000000001,0,4,3,1,0.6471266043372452,,582.6
6816,-2.3000000000000003,0,4,3,1,0.6471266043372452,,582.7
6817,-2.3000000000000003,0,4,3,1,0.6471266043372452,,582.7
6818,-4.300000000000001,0,4,3,1,0.6471266043372452,,582.8
6819,-0.30000000000000004,0,4,3,1,0.6471266043372452,,582.9
6820,-2.3000000000000003,0,4,3,1,0.6471266043372452,,582.9
6821,-4.300000000000001,0,4,3,1,0.6471266043372452,,583.0
6822,5.7,1,4,3,1,0.6471266043372452,,583.0
6823,-4.300000000000001,0,4,3,1,0.6471266043372452,,583.1
6824,-4.6,0,6,3,1,0.6471266043372452,,583.2
6825,-4.300000000000001,0,4,3,1,0.6471266043372452,,583.2
6826,-4.300000000000001,0,4,3,1,0.6471266043372452,,583.3
6827,-2.3000000000000003,0,4,3,1,0.6471266043372452,,583.4
6828,-4.300000000000001,0,4,3,1,0.6471266043372452,,583.4
6829,-4.300000000000001,0,4,3,1,0.6471266043372452,,583.5
6830,-0.30000000000000004,0,4,3,1,0.6471266043372452,,583.6
6831,-4.300000000000001,0,4,3,1,0.6471266043372452,,583.7
6832,-4.300000000000001,0,4,3,1,0.6471266043372452,,583.7
6833,-4.300000000000001,0,4,3,1,0.6471266043372452,,583.8
6834,-4.300000000000001,0,4,3,1,0.6471266043372452,,583.9
6835,-4.300000000000001,0,4,3,1,0.6471266043372452,,584.0
6836,-4.300000000000001,0,4,3,1,0.6471266043372452,,584.1
6837,-4.300000000000001,0,4,3,1,0.6471266043372452,,584.2
6838,-4.300000000000001,0,4,3,1,0.6471266043372452,,584.2
6839,5.7,1,4,3,1,0.6471266043372452,,584.3
6840,-0.30000000000000004,0,4,3,1,0.6471266043372452,,584.3
6841,-0.30000000000000004,0,4,3,1,0.6471266043372452,,584.4
6842,-4.300000000000001,0,4,3,1,0.6471266043372452,,584.5
6843,-4.300000000000001,0,4,3,1,0.6471266043372452,,584.5
6844,-2.3000000000000003,0,4,3,1,0.6471266043372452,,584.6
6845,-2.3000000000000003,0,4,3,1,0.6471266043372452,,584.6
6846,-2.3000000000000003,0,4,3,1,0.6471266043372452,,584.7
6847,-4.300000000000001,0,4,3,1,0.6471266043372452,,584.8
6848,-0.30000000000000004,0,4,3,1,0.6471266043372452,,584.8
6849,-0.30000000000000004,0,4,3,1,0.6471266043372452,,584.9
6850,-4.300000000000001,0,4,3,1,0.6471266043372452,,584.9
6851,5.7,1,4,3,1,0.6471266043372452,,585.0
6852,-4.6,0,6,3,1,0.6471266043372452,,585.1
6853,-4.300000000000001,0,4,3,1,0.6471266043372452,,585.2
6854,-4.300000000000001,0,4,3,1,0.6471266043372452,,585.3
6855,-4.6000000000000005,0,6,3,1,0.6471266043372452,,585.3
6856,-2.3000000000000003,0,4,3,1,0.6471266043372452,,585.4
6857,5.7,1,4,3,1,0.6471266043372452,,585.4
6858,-1.7000000000000002,0,7,4,1,0.6471266043372452,,585.5
6859,-2.3000000000000003,0,4,3,1,0.6471266043372452,,585.5
6860,-2.3000000000000003,0,4,3,1,0.6471266043372452,,585.6
6861,-3.6000000000000005,0,6,3,1,0.6471266043372452,,585.7
6862,-4.300000000000001,0,4,3,1,0.6471266043372452,,585.8
6863,5.7,1,4,3,1,0.6471266043372452,,585.8
6864,-4.300000000000001,0,4,3,1,0.6471266043372452,,585.9
6865,-4.300000000000001,0,4,3,1,0.6471266043372452,,586.0
6866,-4.300000000000001,0,4,3,1,0.6471266043372452,,586.0
6867,-5.6000000000000005,0,6,3,1,0.6471266043372452,,586.1
6868,-4.300000000000001,0,4,3,1,0.6471266043372452,,586.2
6869,-2.9000000000000004,0,8,3,1,0.6471266043372452,,586.3
6870,-4.300000000000001,0,4,3,1,0.6471266043372452,,586.4
6871,-2.3000000000000003,0,4,3,1,0.6471266043372452,,586.4
6872,-2.3000000000000003,0,4,3,1,0.6471266043372452,,586.5
6873,-4.300000000000001,0,4,3,1,0.6471266043372452,,586.6
6874,-0.30000000000000004,0,4,3,1,0.6471266043372452,,586.6
6875,-2.3000000000000003,0,4,3,1,0.6471266043372452,,586.7
6876,-2.3000000000000003,0,4,3,1,0.6471266043372452,,586.7
6877,-4.300000000000001,0,4,3,1,0.6471266043372452,,586.8
6878,-2.3000000000000003,0,4,3,1,0.6471266043372452,,586.9
6879,-2.3000000000000003,0,4,3,1,0.6471266043372452,,586.9
6880,-4.300000000000001,0,4,3,1,0.6471266043372452,,587.0
6881,-2.3000000000000003,0,4,3,1,0.6471266043372452,,587.1
6882,-4.300000000000001,0,4,3,1,0.6471266043372452,,587.1
6883,-2.3000000000000003,0,4,3,1,0.6471266043372452,,587.2
6884,-4.300000000000001,0,4,3,1,0.6471266043372452,,587.3
6885,-4.300000000000001,0,4,3,1,0.6471266043372452,,587.3
6886,-2.3000000000000003,0,4,3,1,0.6471266043372452,,587.4
6887,-2.3000000000000003,0,4,3,1,0.6471266043372452,,587.5
6888,-4.300000000000001,0,4,3,1,0.6471266043372452,,587.5
6889,-4.300000000000001,0,4,3,1,0.6471266043372452,,587.6
6890,-4.300000000000001,0,4,3,1,0.6471266043372452,,587.6
6891,-4.300000000000001,0,4,3,1,0.6471266043372452,,587.7
6892,-2.3000000000000003,0,4,3,1,0.6471266043372452,,587.8
6893,-2.3000000000000003,0,4,3,1,0.6471266043372452,,587.8
6894,-4.300000000000001,0,4,3,1,0.6471266043372452,,587.9
6895,-4.300000000000001,0,4,3,1,0.6471266043372452,,587.9
6896,5.7,1,4,3,1,0.6471266043372452,,588.0
6897,-4.300000000000001,0,4,3,1,0.6471266043372452,,588.0
6898,-4.300000000000001,0,4,3,1,0.6471266043372452,,588.1
6899,-4.300000000000001,0,4,3,1,0.6471266043372452,,588.2
6900,-4.300000000000001,0,4,3,1,0.6471266043372452,,588.3
6901,-0.30000000000000004,0,4,3,1,0.6471266043372452,,588.3
6902,-4.300000000000001,0,4,3,1,0.6471266043372452,,588.4
6903,-2.3000000000000003,0,4,3,1,0.6471266043372452,,588.5
6904,-0.30000000000000004,0,4,3,1,0.6471266043372452,,588.5
6905,-4.300000000000001,0,4,3,1,0.6471266043372452,,588.5
6906,5.7,1,4,3,1,0.6471266043372452,,588.6
6907,-4.300000000000001,0,4,3,1,0.6471266043372452,,588.6
6908,-4.300000000000001,0,4,3,1,0.6471266043372452,,588.7
6909,-4.300000000000001,0,4,3,1,0.6471266043372452,,588.8
6910,-2.3000000000000003,0,4,3,1,0.6471266043372452,,588.9
6911,-4.6000000000000005,0,6,3,1,0.6471266043372452,,589.0
6912,-3.6,0,6,3,1,0.6471266043372452,,589.0
6913,5.7,1,4,3,1,0.6471266043372452,,589.1
6914,-4.300000000000001,0,4,3,1,0.6471266043372452,,589.1
6915,-4.300000000000001,0,4,3,1,0.6471266043372452,,589.2
6916,-4.300000000000001,0,4,3,1,0.6471266043372452,,589.2
6917,-0.6000000000000001,0,6,3,1,0.6471266043372452,,589.3
6918,-4.300000000000001,0,4,3,1,0.6471266043372452,,589.3
6919,-0.30000000000000004,0,4,3,1,0.6471266043372452,,589.3
6920,-4.300000000000001,0,4,3,1,0.6471266043372452,,589.4
6921,-2.3000000000000003,0,4,3,1,0.6471266043372452,,589.5
6922,5.7,1,4,3,1,0.6471266043372452,,589.6
6923,-0.30000000000000004,0,4,3,1,0.6471266043372452,,589.6
6924,-4.300000000000001,0,4,3,1,0.6471266043372452,,589.7
6925,-0.30000000000000004,0,4,3,1,0.6471266043372452,,589.8
6926,-4.300000000000001,0,4,3,1,0.6471266043372452,,589.9
6927,-2.3000000000000003,0,4,3,1,0.6471266043372452,,589.9
6928,-4.300000000000001,0,4,3,1,0.6471266043372452,,590.0
6929,-4.300000000000001,0,4,3,1,0.6471266043372452,,590.1
6930,-2.3000000000000003,0,4,3,1,0.6471266043372452,,590.1
6931,-4.300000000000001,0,4,3,1,0.6471266043372452,,590.2
6932,-4.300000000000001,0,4,3,1,0.6471266043372452,,590.2
6933,-4.300000000000001,0,4,3,1,0.6471266043372452,,590.3
6934,5.7,1,4,3,1,0.6471266043372452,,590.4
6935,-4.300000000000001,0,4,3,1,0.6471266043372452,,590.5
6936,-4.300000000000001,0,4,3,1,0.6471266043372452,,590.5
6937,-2.3000000000000003,0,4,3,1,0.6471266043372452,,590.6
6938,-4.300000000000001,0,4,3,1,0.6471266043372452,,590.6
6939,-4.300000000000001,0,4,3,1,0.6471266043372452,,590.7
6940,-4.300000000000001,0,4,3,1,0.6471266043372452,,590.7
6941,-2.3000000000000003,0,4,3,1,0.6471266043372452,,590.8
6942,5.7,1,4,3,1,0.6471266043372452,,590.8
6943,-0.30000000000000004,0,4,3,1,0.6471266043372452,,590.9
6944,-4.300000000000001,0,4,3,1,0.6471266043372452,,590.9
6945,-0.30000000000000004,0,4,3,1,0.6471266043372452,,591.0
6946,-4.300000000000001,0,4,3,1,0.6471266043372452,,591.1
6947,-2.3000000000000003,0,4,3,1,0.6471266043372452,,591.1
6948,-4.300000000000001,0,4,3,1,0.6471266043372452,,591.2
6949,-4.300000000000001,0,4,3,1,0.6471266043372452,,591.3
6950,-4.300000000000001,0,4,3,1,0.6471266043372452,,591.4
6951,5.7,1,4,3,1,0.6471266043372452,,591.4
6952,5.7,1,4,3,1,0.6471266043372452,,591.5
6953,5.7,1,4,3,1,0.6471266043372452,,591.6
6954,-4.300000000000001,0,4,3,1,0.6471266043372452,,591.6
6955,-2.3000000000000003,0,4,3,1,0.6471266043372452,,591.7
6956,-2.3000000000000003,0,4,3,1,0.6471266043372452,,591.7
6957,-4.300000000000001,0,4,3,1,0.6471266043372452,,591.8
6958,-0.30000000000000004,0,4,3,1,0.6471266043372452,,591.8
6959,-4.300000000000001,0,4,3,1,0.6471266043372452,,591.9
6960,-4.300000000000001,0,4,3,1,0.6471266043372452,,592.0
6961,-2.3000000000000003,0,4,3,1,0.6471266043372452,,592.0
6962,-4.300000000000001,0,4,3,1,0.6471266043372452,,592.1
6963,-4.300000000000001,0,4,3,1,0.6471266043372452,,592.1
6964,5.7,1,4,3,1,0.6471266043372452,,592.2
6965,-0.30000000000000004,0,4,3,1,0.6471266043372452,,592.3
6966,5.7,1,4,3,1,0.6471266043372452,,592.3
6967,-4.300000000000001,0,4,3,1,0.6471266043372452,,592.4
6968,-2.3000000000000003,0,4,3,1,0.6471266043372452,,592.5
6969,-4.6,0,6,3,1,0.6471266043372452,,592.5
6970,-4.300000000000001,0,4,3,1,0.6471266043372452,,592.6
6971,-2.3000000000000003,0,4,3,1,0.6471266043372452,,592.6
6972,-4.300000000000001,0,4,3,1,0.6471266043372452,,592.7
6973,-4.300000000000001,0,4,3,1,0.6471266043372452,,592.8
6974,-1.6,0,6,3,1,0.6471266043372452,,592.9
6975,-1.4000000000000001,0,5,4,1,0.6471266043372452,,593.0
6976,-2.3000000000000003,0,4,3,1,0.6471266043372452,,593.0
6977,-4.300000000000001,0,4,3,1,0.6471266043372452,,593.1
6978,5.7,1,4,3,1,0.6471266043372452,,593.1
6979,-2.3000000000000003,0,4,3,1,0.6471266043372452,,593.2
6980,-2.3000000000000003,0,4,3,1,0.6471266043372452,,593.3
6981,-4.300000000000001,0,4,3,1,0.6471266043372452,,593.3
6982,-4.300000000000001,0,4,3,1,0.6471266043372452,,593.4
6983,-4.300000000000001,0,4,3,1,0.6471266043372452,,593.5
6984,-4.300000000000001,0,4,3,1,0.6471266043372452,,593.5
6985,-2.3000000000000003,0,4,3,1,0.6471266043372452,,593.6
6986,-4.300000000000001,0,4,3,1,0.6471266043372452,,593.7
6987,-4.300000000000001,0,4,3,1,0.6471266043372452,,593.8
6988,-4.300000000000001,0,4,3,1,0.6471266043372452,,593.8
6989,-4.300000000000001,0,4,3,1,0.6471266043372452,,593.9
6990,-2.3000000000000003,0,4,3,1,0.6471266043372452,,594.0
6991,-0.30000000000000004,0,4,3,1,0.6471266043372452,,594.0
6992,-0.30000000000000004,0,4,3,1,0.6471266043372452,,594.1
6993,-2.3000000000000003,0,4,3,1,0.6471266043372452,,594.1
6994,-2.3000000000000003,0,4,3,1,0.6471266043372452,,594.2
6995,-2.3000000000000003,0,4,3,1,0.6471266043372452,,594.2
6996,-4.300000000000001,0,4,3,1,0.6471266043372452,,594.3
6997,-4.300000000000001,0,4,3,1,0.6471266043372452,,594.4
6998,-4.9,0,8,3,1,0.6471266043372452,,594.4
6999,-2.3000000000000003,0,4,3,1,0.6471266043372452,,594.5
7000,-0.30000000000000004,0,4,3,1,0.6471266043372452,,594.5
7001,5.7,1,4,3,1,0.6471266043372452,,599.3
7002,-4.300000000000001,0,4,3,1,0.6471266043372452,,599.4
7003,-4.300000000000001,0,4,3,1,0.6471266043372452,,599.4
7004,5.7,1,4,3,1,0.6471266043372452,,599.5
7005,-4.300000000000001,0,4,3,1,0.6471266043372452,,599.6
7006,-4.300000000000001,0,4,3,1,0.6471266043372452,,599.6
7007,-4.300000000000001,0,4,3,1,0.6405593068338931,1.5845531790982932,600.3
7008,-2.3000000000000003,0,4,3,1,0.6405593068338931,,600.3
7009,-4.300000000000001,0,4,3,1,0.6405593068338931,,600.4
7010,-0.30000000000000004,0,4,3,1,0.6405593068338931,,600.4
7011,-4.300000000000001,0,4,3,1,0.6405593068338931,,600.5
7012,-0.30000000000000004,0,4,3,1,0.6405593068338931,,600.6
7013,-4.300000000000001,0,4,3,1,0.6405593068338931,,600.6
7014,-4.300000000000001,0,4,3,1,0.6405593068338931,,600.7
7015,-4.300000000000001,0,4,3,1,0.6405593068338931,,600.8
7016,-4.300000000000001,0,4,3,1,0.6405593068338931,,600.8
7017,-2.3000000000000003,0,4,3,1,0.6405593068338931,,600.8
7018,-4.300000000000001,0,4,3,1,0.6405593068338931,,600.9
7019,5.7,1,4,3,1,0.6405593068338931,,601.0
7020,-4.300000000000001,0,4,3,1,0.6405593068338931,,601.0
7021,-4.300000000000001,0,4,3,1,0.6405593068338931,,601.1
7022,-0.30000000000000004,0,4,3,1,0.6405593068338931,,601.1
7023,-2.3000000000000003,0,4,3,1,0.6405593068338931,,601.2
7024,-0.30000000000000004,0,4,3,1,0.6405593068338931,,601.3
7025,-0.30000000000000004,0,4,3,1,0.6405593068338931,,601.3
7026,-4.300000000000001,0,4,3,1,0.6405593068338931,,601.4
7027,5.7,1,4,3,1,0.6405593068338931,,601.5
7028,-4.300000000000001,0,4,3,1,0.6405593068338931,,601.5
7029,-4.300000000000001,0,4,3,1,0.6405593068338931,,601.6
7030,-4.300000000000001,0,4,3,1,0.6405593068338931,,601.7
7031,-2.3000000000000003,0,4,3,1,0.6405593068338931,,601.7
7032,-4.300000000000001,0,4,3,1,0.6405593068338931,,601.8
7033,-2.3000000000000003,0,4,3,1,0.6405593068338931,,601.9
7034,5.7,1,4,3,1,0.6405593068338931,,601.9
7035,-4.6000000000000005,0,6,3,1,0.6405593068338931,,602.0
7036,-2.3000000000000003,0,4,3,1,0.6405593068338931,,602.0
7037,-4.300000000000001,0,4,3,1,0.6405593068338931,,602.1
7038,5.7,1,4,3,1,0.6405593068338931,,602.1
7039,-4.300000000000001,0,4,3,1,0.6405593068338931,,602.2
7040,-2.3000000000000003,0,4,3,1,0.6405593068338931,,602.2
7041,-4.300000000000001,0,4,3,1,0.6405593068338931,,602.3
7042,5.7,1,4,3,1,0.6405593068338931,,602.4
7043,-2.3000000000000003,0,4,3,1,0.6405593068338931,,602.5
7044,-4.300000000000001,0,4,3,1,0.6405593068338931,,602.5
7045,-4.300000000000001,0,4,3,1,0.6405593068338931,,602.6
7046,-4.300000000000001,0,4,3,1,0.6405593068338931,,602.7
7047,-3.6,0,6,3,1,0.6405593068338931,,602.8
7048,-4.300000000000001,0,4,3,1,0.6405593068338931,,602.8
7049,-2.3000000000000003,0,4,3,1,0.6405593068338931,,602.9
7050,-4.300000000000001,0,4,3,1,0.6405593068338931,,603.0
7051,-4.300000000000001,0,4,3,1,0.6405593068338931,,603.0
7052,-4.300000000000001,0,4,3,1,0.6405593068338931,,603.1
7053,5.7,1,4,3,1,0.6405593068338931,,603.1
7054,-2.3000000000000003,0,4,3,1,0.6405593068338931,,603.2
7055,-4.300000000000001,0,4,3,1,0.6405593068338931,,603.2
7056,-4.300000000000001,0,4,3,1,0.6405593068338931,,603.3
7057,5.7,1,4,3,1,0.6405593068338931,,603.3
7058,5.7,1,4,3,1,0.6405593068338931,,603.4
7059,-4.300000000000001,0,4,3,1,0.6405593068338931,,603.5
7060,-5.9,0,8,3,1,0.6405593068338931,,603.6
7061,-4.300000000000001,0,4,3,1,0.6405593068338931,,603.7
7062,-4.300000000000001,0,4,3,1,0.6405593068338931,,603.8
7063,-4.300000000000001,0,4,3,1,0.6405593068338931,,603.8
7064,-4.300000000000001,0,4,3,1,0.6405593068338931,,603.9
7065,5.7,1,4,3,1,0.6405593068338931,,604.0
7066,-0.30000000000000004,0,4,3,1,0.6405593068338931,,604.0
7067,-0.30000000000000004,0,4,3,1,0.6405593068338931,,604.1
7068,-4.300000000000001,0,4,3,1,0.6405593068338931,,604.1
7069,-4.300000000000001,0,4,3,1,0.6405593068338931,,604.2
7070,-2.3000000000000003,0,4,3,1,0.6405593068338931,,604.2
7071,5.7,1,4,3,1,0.6405593068338931,,604.3
7072,-4.300000000000001,0,4,3,1,0.6405593068338931,,604.3
7073,-2.3000000000000003,0,4,3,1,0.6405593068338931,,604.4
7074,-0.30000000000000004,0,4,3,1,0.6405593068338931,,604.5
7075,-4.6000000000000005,0,6,3,1,0.6405593068338931,,604.5
7076,-4.300000000000001,0,4,3,1,0.6405593068338931,,604.6
7077,-4.300000000000001,0,4,3,1,0.6405593068338931,,604.7
7078,-4.300000000000001,0,4,3,1,0.6405593068338931,,604.7
7079,5.7,1,4,3,1,0.6405593068338931,,604.8
7080,-0.30000000000000004,0,4,3,1,0.6405593068338931,,604.8
7081,-4.300000000000001,0,4,3,1,0.6405593068338931,,604.9
7082,-4.300000000000001,0,4,3,1,0.6405593068338931,,605.0
7083,-4.300000000000001,0,4,3,1,0.6405593068338931,,605.0
7084,-4.300000000000001,0,4,3,1,0.6405593068338931,,605.1
7085,-4.300000000000001,0,4,3,1,0.6405593068338931,,605.2
7086,-0.30000000000000004,0,4,3,1,0.6405593068338931,,605.2
7087,-2.3000000000000003,0,4,3,1,0.6405593068338931,,605.3
7088,-4.300000000000001,0,4,3,1,0.6405593068338931,,605.3
7089,-4.300000000000001,0,4,3,1,0.6405593068338931,,605.4
7090,-4.300000000000001,0,4,3,1,0.6405593068338931,,605.5
7091,-4.300000000000001,0,4,3,1,0.6405593068338931,,605.6
7092,-2.3000000000000003,0,4,3,1,0.6405593068338931,,605.6
7093,-4.300000000000001,0,4,3,1,0.6405593068338931,,605.7
7094,-4.300000000000001,0,4,3,1,0.6405593068338931,,605.7
7095,-0.30000000000000004,0,4,3,1,0.6405593068338931,,605.8
7096,-4.300000000000001,0,4,3,1,0.6405593068338931,,605.9
7097,-2.3000000000000003,0,4,3,1,0.6405593068338931,,605.9
7098,5.7,1,4,3,1,0.6405593068338931,,606.0
7099,-4.300000000000001,0,4,3,1,0.6405593068338931,,606.0
7100,-4.6000000000000005,0,6,3,1,0.6405593068338931,,606.1
7101,-4.300000000000001,0,4,3,1,0.6405593068338931,,606.2
7102,-4.300000000000001,0,4,3,1,0.6405593068338931,,606.3
7103,-0.30000000000000004,0,4,3,1,0.6405593068338931,,606.4
7104,-0.30000000000000004,0,4,3,1,0.6405593068338931,,606.4
7105,-4.300000000000001,0,4,3,1,0.6405593068338931,,606.5
7106,-4.300000000000001,0,4,3,1,0.6405593068338931,,606.5
7107,-4.300000000000001,0,4,3,1,0.6405593068338931,,606.6
7108,-0.30000000000000004,0,4,3,1,0.6405593068338931,,606.6
7109,-2.3000000000000003,0,4,3,1,0.6405593068338931,,606.7
7110,-2.3000000000000003,0,4,3,1,0.6405593068338931,,606.8
7111,5.7,1,4,3,1,0.6405593068338931,,606.8
7112,-4.300000000000001,0,4,3,1,0.6405593068338931,,606.9
7113,-2.3000000000000003,0,4,3,1,0.6405593068338931,,606.9
7114,-2.3000000000000003,0,4,3,1,0.6405593068338931,,607.0
7115,-4.300000000000001,0,4,3,1,0.6405593068338931,,607.0
7116,-4.300000000000001,0,4,3,1,0.6405593068338931,,607.0
7117,-4.300000000000001,0,4,3,1,0.6405593068338931,,607.1
7118,-4.300000000000001,0,4,3,1,0.6405593068338931,,607.2
7119,-4.300000000000001,0,4,3,1,0.6405593068338931,,607.2
7120,-4.300000000000001,0,4,3,1,0.6405593068338931,,607.2
7121,-2.3000000000000003,0,4,3,1,0.6405593068338931,,607.3
7122,-4.300000000000001,0,4,3,1,0.6405593068338931,,607.3
7123,-4.300000000000001,0,4,3,1,0.6405593068338931,,607.4
7124,-4.300000000000001,0,4,3,1,0.6405593068338931,,607.5
7125,-4.300000000000001,0,4,3,1,0.6405593068338931,,607.5
7126,-0.30000000000000004,0,4,3,1,0.6405593068338931,,607.6
7127,-4.300000000000001,0,4,3,1,0.6405593068338931,,607.7
7128,-2.3000000000000003,0,4,3,1,0.6405593068338931,,607.7
7129,5.7,1,4,3,1,0.6405593068338931,,607.8
7130,-5.4,0,5,4,1,0.6405593068338931,,607.9
7131,-3.6000000000000005,0,6,3,1,0.6405593068338931,,608.0
7132,-4.300000000000001,0,4,3,1,0.6405593068338931,,608.1
7133,5.7,1,4,3,1,0.6405593068338931,,608.1
7134,-2.3000000000000003,0,4,3,1,0.6405593068338931,,608.1
7135,5.7,1,4,3,1,0.6405593068338931,,608.2
7136,-4.300000000000001,0,4,3,1,0.6405593068338931,,608.2
7137,-4.300000000000001,0,4,3,1,0.6405593068338931,,608.3
7138,5.7,1,4,3,1,0.6405593068338931,,608.4
7139,-4.300000000000001,0,4,3,1,0.6405593068338931,,608.4
7140,5.7,1,4,3,1,0.6405593068338931,,608.5
7141,-4.300000000000001,0,4,3,1,0.6405593068338931,,608.6
7142,-4.300000000000001,0,4,3,1,0.6405593068338931,,608.6
7143,-4.300000000000001,0,4,3,1,0.6405593068338931,,608.7
7144,-4.300000000000001,0,4,3,1,0.6405593068338931,,608.8
7145,5.7,1,4,3,1,0.6405593068338931,,608.8
7146,-5.4,0,5,4,1,0.6405593068338931,,608.9
7147,-2.3000000000000003,0,4,3,1,0.6405593068338931,,609.0
7148,-0.30000000000000004,0,4,3,1,0.6405593068338931,,609.0
7149,5.7,1,4,3,1,0.6405593068338931,,609.1
7150,-2.3000000000000003,0,4,3,1,0.6405593068338931,,609.1
7151,5.4,1,6,3,1,0.6405593068338931,,609.2
7152,-2.3000000000000003,0,4,3,1,0.6405593068338931,,609.2
7153,5.7,1,4,3,1,0.6405593068338931,,609.3
7154,-4.300000000000001,0,4,3,1,0.6405593068338931,,609.3
7155,-2.3000000000000003,0,4,3,1,0.6405593068338931,,609.3
7156,-4.300000000000001,0,4,3,1,0.6405593068338931,,609.4
7157,-4.300000000000001,0,4,3,1,0.6405593068338931,,609.5
7158,5.7,1,4,3,1,0.6405593068338931,,609.5
7159,-2.3000000000000003,0,4,3,1,0.6405593068338931,,609.5
7160,-4.300000000000001,0,4,3,1,0.6405593068338931,,609.6
7161,-2.3000000000000003,0,4,3,1,0.6405593068338931,,609.6
7162,-4.300000000000001,0,4,3,1,0.6405593068338931,,609.7
7163,-5.6000000000000005,0,6,3,1,0.6405593068338931,,609.8
7164,-2.3000000000000003,0,4,3,1,0.6405593068338931,,609.8
7165,-4.300000000000001,0,4,3,1,0.6405593068338931,,609.9
7166,5.7,1,4,3,1,0.6405593068338931,,609.9
7167,-4.300000000000001,0,4,3,1,0.6405593068338931,,610.0
7168,-4.300000000000001,0,4,3,1,0.6405593068338931,,610.1
7169,-4.300000000000001,0,4,3,1,0.6405593068338931,,610.2
7170,-0.30000000000000004,0,4,3,1,0.6405593068338931,,610.3
7171,-4.300000000000001,0,4,3,1,0.6405593068338931,,610.3
7172,-2.3000000000000003,0,4,3,1,0.6405593068338931,,610.4
7173,-4.300000000000001,0,4,3,1,0.6405593068338931,,610.5
7174,-4.300000000000001,0,4,3,1,0.6405593068338931,,610.6
7175,5.7,1,4,3,1,0.6405593068338931,,610.6
7176,-4.300000000000001,0,4,3,1,0.6405593068338931,,610.7
7177,-4.300000000000001,0,4,3,1,0.6405593068338931,,610.7
7178,-4.300000000000001,0,4,3,1,0.6405593068338931,,610.8
7179,-0.30000000000000004,0,4,3,1,0.6405593068338931,,610.8
7180,-4.300000000000001,0,4,3,1,0.6405593068338931,,610.9
7181,-0.30000000000000004,0,4,3,1,0.6405593068338931,,610.9
7182,-4.300000000000001,0,4,3,1,0.6405593068338931,,611.0
7183,-4.300000000000001,0,4,3,1,0.6405593068338931,,611.1
7184,-4.6000000000000005,0,6,3,1,0.6405593068338931,,611.2
7185,-4.300000000000001,0,4,3,1,0.6405593068338931,,611.2
7186,-4.300000000000001,0,4,3,1,0.6405593068338931,,611.3
7187,-0.30000000000000004,0,4,3,1,0.6405593068338931,,611.4
7188,-4.300000000000001,0,4,3,1,0.6405593068338931,,611.4
7189,-4.300000000000001,0,4,3,1,0.6405593068338931,,611.5
7190,-4.300000000000001,0,4,3,1,0.6405593068338931,,611.6
7191,-4.300000000000001,0,4,3,1,0.6405593068338931,,611.7
7192,-4.300000000000001,0,4,3,1,0.6405593068338931,,611.7
7193,-0.30000000000000004,0,4,3,1,0.6405593068338931,,611.8
7194,-0.30000000000000004,0,4,3,1,0.6405593068338931,,611.9
7195,-0.30000000000000004,0,4,3,1,0.6405593068338931,,612.0
7196,5.7,1,4,3,1,0.6405593068338931,,612.0
7197,-4.300000000000001,0,4,3,1,0.6405593068338931,,612.1
7198,-3.6,0,6,3,1,0.6405593068338931,,612.2
7199,-4.300000000000001,0,4,3,1,0.6405593068338931,,612.2
7200,-4.300000000000001,0,4,3,1,0.6405593068338931,,612.3
7201,-3.4000000000000004,0,5,4,1,0.6405593068338931,,612.4
7202,-0.30000000000000004,0,4,3,1,0.6405593068338931,,612.4
7203,-4.300000000000001,0,4,3,1,0.6405593068338931,,612.5
7204,-4.300000000000001,0,4,3,1,0.6405593068338931,,612.6
7205,-4.300000000000001,0,4,3,1,0.6405593068338931,,612.6
7206,-4.300000000000001,0,4,3,1,0.6405593068338931,,612.8
7207,-0.30000000000000004,0,4,3,1,0.6405593068338931,,612.8
7208,-4.300000000000001,0,4,3,1,0.6405593068338931,,612.9
7209,5.7,1,4,3,1,0.6405593068338931,,613.0
7210,-4.300000000000001,0,4,3,1,0.6405593068338931,,613.0
7211,-4.300000000000001,0,4,3,1,0.6405593068338931,,613.1
7212,-2.3000000000000003,0,4,3,1,0.6405593068338931,,613.1
7213,5.7,1,4,3,1,0.6405593068338931,,613.2
7214,-0.30000000000000004,0,4,3,1,0.6405593068338931,,613.2
7215,-4.300000000000001,0,4,3,1,0.6405593068338931,,613.3
7216,-4.300000000000001,0,4,3,1,0.6405593068338931,,613.3
7217,-4.300000000000001,0,4,3,1,0.6405593068338931,,613.3
7218,-4.300000000000001,0,4,3,1,0.6405593068338931,,613.4
7219,-0.30000000000000004,0,4,3,1,0.6405593068338931,,613.5
7220,-4.300000000000001,0,4,3,1,0.6405593068338931,,613.5
7221,-4.300000000000001,0,4,3,1,0.6405593068338931,,613.6
7222,-0.30000000000000004,0,4,3,1,0.6405593068338931,,613.6
7223,-4.300000000000001,0,4,3,1,0.6405593068338931,,613.7
7224,-2.3000000000000003,0,4,3,1,0.6405593068338931,,613.8
7225,-0.30000000000000004,0,4,3,1,0.6405593068338931,,613.9
7226,-4.300000000000001,0,4,3,1,0.6405593068338931,,613.9
7227,5.7,1,4,3,1,0.6405593068338931,,614.0
7228,-4.300000000000001,0,4,3,1,0.6405593068338931,,614.1
7229,-3.4000000000000004,0,5,4,1,0.6405593068338931,,614.1
7230,-0.30000000000000004,0,4,3,1,0.6405593068338931,,614.2
7231,-3.6,0,6,3,1,0.6405593068338931,,614.2
7232,-4.6000000000000005,0,6,3,1,0.6405593068338931,,614.3
7233,5.7,1,4,3,1,0.6405593068338931,,614.4
7234,-4.300000000000001,0,4,3,1,0.6405593068338931,,614.5
7235,-4.300000000000001,0,4,3,1,0.6405593068338931,,614.5
7236,-0.30000000000000004,0,4,3,1,0.6405593068338931,,614.6
7237,-4.300000000000001,0,4,3,1,0.6405593068338931,,614.7
7238,-4.300000000000001,0,4,3,1,0.6405593068338931,,614.7
7239,-4.300000000000001,0,4,3,1,0.6405593068338931,,614.8
7240,-0.30000000000000004,0,4,3,1,0.6405593068338931,,614.9
7241,-4.300000000000001,0,4,3,1,0.6405593068338931,,614.9
7242,-0.30000000000000004,0,4,3,1,0.6405593068338931,,615.0
7243,-4.300000000000001,0,4,3,1,0.6405593068338931,,615.0
7244,5.7,1,4,3,1,0.6405593068338931,,615.1
7245,-4.300000000000001,0,4,3,1,0.6405593068338931,,615.2
7246,-4.300000000000001,0,4,3,1,0.6405593068338931,,615.2
7247,-4.300000000000001,0,4,3,1,0.6405593068338931,,615.3
7248,-2.3000000000000003,0,4,3,1,0.6405593068338931,,615.4
7249,-0.30000000000000004,0,4,3,1,0.6405593068338931,,615.4
7250,-4.300000000000001,0,4,3,1,0.6405593068338931,,615.5
7251,-2.3000000000000003,0,4,3,1,0.6405593068338931,,615.6
7252,-4.9,0,8,3,1,0.6405593068338931,,615.6
7253,5.7,1,4,3,1,0.6405593068338931,,615.7
7254,-0.30000000000000004,0,4,3,1,0.6405593068338931,,615.7
7255,-4.300000000000001,0,4,3,1,0.6405593068338931,,615.8
7256,-4.300000000000001,0,4,3,1,0.6405593068338931,,615.9
7257,5.7,1,4,3,1,0.6405593068338931,,615.9
7258,-4.300000000000001,0,4,3,1,0.6405593068338931,,616.0
7259,-4.6,0,6,3,1,0.6405593068338931,,616.1
7260,-3.4000000000000004,0,5,4,1,0.6405593068338931,,616.1
7261,-4.300000000000001,0,4,3,1,0.6405593068338931,,616.2
7262,-2.3000000000000003,0,4,3,1,0.6405593068338931,,616.2
7263,-4.9,0,8,3,1,0.6405593068338931,,616.3
7264,-4.300000000000001,0,4,3,1,0.6405593068338931,,616.3
7265,-4.300000000000001,0,4,3,1,0.6405593068338931,,616.4
7266,-2.3000000000000003,0,4,3,1,0.6405593068338931,,616.5
7267,-2.3000000000000003,0,4,3,1,0.6405593068338931,,616.6
7268,-4.300000000000001,0,4,3,1,0.6405593068338931,,616.6
7269,-4.300000000000001,0,4,3,1,0.6405593068338931,,616.7
7270,5.7,1,4,3,1,0.6405593068338931,,616.8
7271,-4.300000000000001,0,4,3,1,0.6405593068338931,,616.8
7272,-4.300000000000001,0,4,3,1,0.6405593068338931,,616.8
7273,-4.300000000000001,0,4,3,1,0.6405593068338931,,616.9
7274,-0.30000000000000004,0,4,3,1,0.6405593068338931,,616.9
7275,-4.300000000000001,0,4,3,1,0.6405593068338931,,617.0
7276,-4.300000000000001,0,4,3,1,0.6405593068338931,,617.1
7277,-2.3000000000000003,0,4,3,1,0.6405593068338931,,617.1
7278,-4.300000000000001,0,4,3,1,0.6405593068338931,,617.1
7279,-4.300000000000001,0,4,3,1,0.6405593068338931,,617.2
7280,5.7,1,4,3,1,0.6405593068338931,,617.2
7281,-4.300000000000001,0,4,3,1,0.6405593068338931,,617.3
7282,-2.3000000000000003,0,4,3,1,0.6405593068338931,,617.3
7283,-4.300000000000001,0,4,3,1,0.6405593068338931,,617.4
7284,-4.300000000000001,0,4,3,1,0.6405593068338931,,617.4
7285,-4.300000000000001,0,4,3,1,0.6405593068338931,,617.5
7286,-0.30000000000000004,0,4,3,1,0.6405593068338931,,617.6
7287,-4.300000000000001,0,4,3,1,0.6405593068338931,,617.6
7288,-4.300000000000001,0,4,3,1,0.6405593068338931,,617.7
7289,-4.300000000000001,0,4,3,1,0.6405593068338931,,617.8
7290,-2.3000000000000003,0,4,3,1,0.6405593068338931,,617.8
7291,-4.300000000000001,0,4,3,1,0.6405593068338931,,617.9
7292,5.7,1,4,3,1,0.6405593068338931,,618.0
7293,-2.3000000000000003,0,4,3,1,0.6405593068338931,,618.0
7294,-4.300000000000001,0,4,3,1,0.6405593068338931,,618.1
7295,-4.300000000000001,0,4,3,1,0.6405593068338931,,618.2
7296,5.7,1,4,3,1,0.6405593068338931,,618.3
7297,-4.300000000000001,0,4,3,1,0.6405593068338931,,618.3
7298,-4.300000000000001,0,4,3,1,0.6405593068338931,,618.4
7299,-5.4,0,5,4,1,0.6405593068338931,,618.5
7300,-2.3000000000000003,0,4,3,1,0.6405593068338931,,618.5
7301,-2.3000000000000003,0,4,3,1,0.6405593068338931,,618.6
7302,-4.300000000000001,0,4,3,1,0.6405593068338931,,618.7
7303,-4.300000000000001,0,4,3,1,0.6405593068338931,,618.7
7304,-4.300000000000001,0,4,3,1,0.6405593068338931,,618.8
7305,-2.3000000000000003,0,4,3,1,0.6405593068338931,,618.8
7306,5.7,1,4,3,1,0.6405593068338931,,618.9
7307,-0.30000000000000004,0,4,3,1,0.6405593068338931,,619.0
7308,-4.6000000000000005,0,6,3,1,0.6405593068338931,,619.1
7309,5.7,1,4,3,1,0.6405593068338931,,619.1
7310,5.7,1,4,3,1,0.6405593068338931,,619.1
7311,5.7,1,4,3,1,0.6405593068338931,,619.2
7312,-4.300000000000001,0,4,3,1,0.6405593068338931,,619.2
7313,-2.3000000000000003,0,4,3,1,0.6405593068338931,,619.3
7314,-2.3000000000000003,0,4,3,1,0.6405593068338931,,619.4
7315,5.7,1,4,3,1,0.6405593068338931,,619.5
7316,-4.300000000000001,0,4,3,1,0.6405593068338931,,619.5
7317,-4.300000000000001,0,4,3,1,0.6405593068338931,,619.5
7318,-4.300000000000001,0,4,3,1,0.6405593068338931,,619.6
7319,-0.30000000000000004,0,4,3,1,0.6405593068338931,,619.6
7320,-4.300000000000001,0,4,3,1,0.6405593068338931,,619.6
7321,5.7,1,4,3,1,0.6405593068338931,,619.7
7322,-4.300000000000001,0,4,3,1,0.6405593068338931,,619.7
7323,-2.3000000000000003,0,4,3,1,0.6405593068338931,,619.8
7324,-4.300000000000001,0,4,3,1,0.6405593068338931,,619.8
7325,-4.300000000000001,0,4,3,1,0.6405593068338931,,619.9
7326,-4.300000000000001,0,4,3,1,0.6405593068338931,,619.9
7327,-0.30000000000000004,0,4,3,1,0.6405593068338931,,620.0
7328,-4.300000000000001,0,4,3,1,0.6405593068338931,,620.1
7329,5.7,1,4,3,1,0.6405593068338931,,620.2
7330,-0.30000000000000004,0,4,3,1,0.6405593068338931,,620.2
7331,-4.300000000000001,0,4,3,1,0.6405593068338931,,620.3
7332,5.7,1,4,3,1,0.6405593068338931,,620.4
7333,-4.300000000000001,0,4,3,1,0.6405593068338931,,620.4
7334,-4.300000000000001,0,4,3,1,0.6405593068338931,,620.4
7335,-0.30000000000000004,0,4,3,1,0.6405593068338931,,620.5
7336,-4.300000000000001,0,4,3,1,0.6405593068338931,,620.5
7337,5.7,1,4,3,1,0.6405593068338931,,620.6
7338,-2.3000000000000003,0,4,3,1,0.6405593068338931,,620.6
7339,-4.300000000000001,0,4,3,1,0.6405593068338931,,620.7
7340,-4.300000000000001,0,4,3,1,0.6405593068338931,,620.7
7341,-4.6,0,6,3,1,0.6405593068338931,,620.8
7342,5.7,1,4,3,1,0.6405593068338931,,620.9
7343,-4.300000000000001,0,4,3,1,0.6405593068338931,,620.9
7344,-4.300000000000001,0,4,3,1,0.6405593068338931,,621.0
7345,-4.300000000000001,0,4,3,1,0.6405593068338931,,621.1
7346,-4.300000000000001,0,4,3,1,0.6405593068338931,,621.1
7347,-4.300000000000001,0,4,3,1,0.6405593068338931,,621.2
7348,-4.300000000000001,0,4,3,1,0.6405593068338931,,621.2
7349,-4.300000000000001,0,4,3,1,0.6405593068338931,,621.3
7350,-2.3000000000000003,0,4,3,1,0.6405593068338931,,621.4
7351,-0.30000000000000004,0,4,3,1,0.6405593068338931,,621.5
7352,-2.3000000000000003,0,4,3,1,0.6405593068338931,,621.5
7353,-4.300000000000001,0,4,3,1,0.6405593068338931,,621.6
7354,-2.6000000000000005,0,6,3,1,0.6405593068338931,,621.6
7355,-4.300000000000001,0,4,3,1,0.6405593068338931,,621.7
7356,-4.300000000000001,0,4,3,1,0.6405593068338931,,621.7
7357,-4.300000000000001,0,4,3,1,0.6405593068338931,,621.8
7358,-4.300000000000001,0,4,3,1,0.6405593068338931,,621.8
7359,5.7,1,4,3,1,0.6405593068338931,,621.9
7360,-4.300000000000001,0,4,3,1,0.6405593068338931,,622.0
7361,-2.3000000000000003,0,4,3,1,0.6405593068338931,,622.0
7362,-2.3000000000000003,0,4,3,1,0.6405593068338931,,622.1
7363,-2.3000000000000003,0,4,3,1,0.6405593068338931,,622.1
7364,-4.300000000000001,0,4,3,1,0.6405593068338931,,622.2
7365,-4.300000000000001,0,4,3,1,0.6405593068338931,,622.3
7366,-4.300000000000001,0,4,3,1,0.6405593068338931,,622.4
7367,-4.300000000000001,0,4,3,1,0.6405593068338931,,622.5
7368,-4.300000000000001,0,4,3,1,0.6405593068338931,,622.5
7369,-4.300000000000001,0,4,3,1,0.6405593068338931,,622.6
7370,-4.300000000000001,0,4,3,1,0.6405593068338931,,622.6
7371,-2.3000000000000003,0,4,3,1,0.6405593068338931,,622.7
7372,-4.300000000000001,0,4,3,1,0.6405593068338931,,622.8
7373,5.7,1,4,3,1,0.6405593068338931,,622.8
7374,-4.300000000000001,0,4,3,1,0.6405593068338931,,622.9
7375,-4.300000000000001,0,4,3,1,0.6405593068338931,,623.0
7376,-1.6,0,6,3,1,0.6405593068338931,,623.0
7377,5.7,1,4,3,1,0.6405593068338931,,623.1
7378,-4.300000000000001,0,4,3,1,0.6405593068338931,,623.2
7379,-4.6000000000000005,0,6,3,1,0.6405593068338931,,623.3
7380,5.7,1,4,3,1,0.6405593068338931,,623.4
7381,-4.300000000000001,0,4,3,1,0.6405593068338931,,623.5
7382,-4.300000000000001,0,4,3,1,0.6405593068338931,,623.5
7383,-4.300000000000001,0,4,3,1,0.6405593068338931,,623.6
7384,-4.300000000000001,0,4,3,1,0.6405593068338931,,623.6
7385,-4.300000000000001,0,4,3,1,0.6405593068338931,,623.7
7386,-4.300000000000001,0,4,3,1,0.6405593068338931,,623.8
7387,-4.6000000000000005,0,6,3,1,0.6405593068338931,,623.8
7388,-4.300000000000001,0,4,3,1,0.6405593068338931,,623.9
7389,-2.3000000000000003,0,4,3,1,0.6405593068338931,,624.0
7390,-2.3000000000000003,0,4,3,1,0.6405593068338931,,624.0
7391,5.7,1,4,3,1,0.6405593068338931,,624.1
7392,-4.300000000000001,0,4,3,1,0.6405593068338931,,624.1
7393,-4.300000000000001,0,4,3,1,0.6405593068338931,,624.2
7394,-0.30000000000000004,0,4,3,1,0.6405593068338931,,624.2
7395,-2.3000000000000003,0,4,3,1,0.6405593068338931,,624.3
7396,5.7,1,4,3,1,0.6405593068338931,,624.3
7397,-4.300000000000001,0,4,3,1,0.6405593068338931,,624.4
7398,-4.300000000000001,0,4,3,1,0.6405593068338931,,624.4
7399,5.7,1,4,3,1,0.6405593068338931,,624.5
7400,0.6000000000000001,0,5,4,1,0.6405593068338931,,624.5
7401,-4.300000000000001,0,4,3,1,0.6405593068338931,,624.6
7402,-4.300000000000001,0,4,3,1,0.6405593068338931,,624.6
7403,-4.300000000000001,0,4,3,1,0.6405593068338931,,624.7
7404,-4.300000000000001,0,4,3,1,0.6405593068338931,,624.8
7405,-4.300000000000001,0,4,3,1,0.6405593068338931,,624.8
7406,-4.300000000000001,0,4,3,1,0.6405593068338931,,624.8
7407,-0.30000000000000004,0,4,3,1,0.6405593068338931,,624.9
7408,-4.300000000000001,0,4,3,1,0.6405593068338931,,624.9
7409,-4.300000000000001,0,4,3,1,0.6405593068338931,,625.0
7410,-2.3000000000000003,0,4,3,1,0.6405593068338931,,625.1
7411,4.4,1,6,3,1,0.6405593068338931,,625.2
7412,-4.300000000000001,0,4,3,1,0.6405593068338931,,625.3
7413,-4.300000000000001,0,4,3,1,0.6405593068338931,,625.3
7414,-2.3000000000000003,0,4,3,1,0.6405593068338931,,625.4
7415,-4.300000000000001,0,4,3,1,0.6405593068338931,,625.5
7416,5.7,1,4,3,1,0.6405593068338931,,625.5
7417,-4.300000000000001,0,4,3,1,0.6405593068338931,,625.6
7418,5.7,1,4,3,1,0.6405593068338931,,625.6
7419,-4.6000000000000005,0,6,3,1,0.6405593068338931,,625.6
7420,-2.3000000000000003,0,4,3,1,0.6405593068338931,,625.7
7421,-2.3000000000000003,0,4,3,1,0.6405593068338931,,625.7
7422,-4.300000000000001,0,4,3,1,0.6405593068338931,,625.8
7423,-4.300000000000001,0,4,3,1,0.6405593068338931,,625.9
7424,-4.300000000000001,0,4,3,1,0.6405593068338931,,625.9
7425,-2.3000000000000003,0,4,3,1,0.6405593068338931,,626.0
7426,5.7,1,4,3,1,0.6405593068338931,,626.0
7427,-4.300000000000001,0,4,3,1,0.6405593068338931,,626.1
7428,-4.300000000000001,0,4,3,1,0.6405593068338931,,626.2
7429,-4.300000000000001,0,4,3,1,0.6405593068338931,,626.3
7430,-0.30000000000000004,0,4,3,1,0.6405593068338931,,626.3
7431,-4.300000000000001,0,4,3,1,0.6405593068338931,,626.4
7432,-4.300000000000001,0,4,3,1,0.6405593068338931,,626.4
7433,-4.300000000000001,0,4,3,1,0.6405593068338931,,626.5
7434,-4.300000000000001,0,4,3,1,0.6405593068338931,,626.6
7435,-4.300000000000001,0,4,3,1,0.6405593068338931,,626.6
7436,-4.300000000000001,0,4,3,1,0.6405593068338931,,626.7
7437,-4.300000000000001,0,4,3,1,0.6405593068338931,,626.8
7438,-4.300000000000001,0,4,3,1,0.6405593068338931,,626.8
7439,-4.300000000000001,0,4,3,1,0.6405593068338931,,626.9
7440,-4.300000000000001,0,4,3,1,0.6405593068338931,,627.0
7441,-4.300000000000001,0,4,3,1,0.6405593068338931,,627.1
7442,-4.6000000000000005,0,6,3,1,0.6405593068338931,,627.2
7443,-0.30000000000000004,0,4,3,1,0.6405593068338931,,627.2
7444,-4.300000000000001,0,4,3,1,0.6405593068338931,,627.3
7445,-2.3000000000000003,0,4,3,1,0.6405593068338931,,627.3
7446,-2.3000000000000003,0,4,3,1,0.6405593068338931,,627.4
7447,-4.300000000000001,0,4,3,1,0.6405593068338931,,627.4
7448,-4.300000000000001,0,4,3,1,0.6405593068338931,,627.5
7449,-4.300000000000001,0,4,3,1,0.6405593068338931,,627.5
7450,-4.300000000000001,0,4,3,1,0.6405593068338931,,627.6
7451,-2.6,0,6,3,1,0.6405593068338931,,627.6
7452,-1.6,0,6,3,1,0.6405593068338931,,627.7
7453,-2.3000000000000003,0,4,3,1,0.6405593068338931,,627.7
7454,-5.4,0,5,4,1,0.6405593068338931,,627.8
7455,-4.300000000000001,0,4,3,1,0.6405593068338931,,627.8
7456,-2.3000000000000003,0,4,3,1,0.6405593068338931,,627.9
7457,-4.300000000000001,0,4,3,1,0.6405593068338931,,628.0
7458,-4.300000000000001,0,4,3,1,0.6405593068338931,,628.0
7459,-4.300000000000001,0,4,3,1,0.6405593068338931,,628.1
7460,-4.300000000000001,0,4,3,1,0.6405593068338931,,628.1
7461,-4.300000000000001,0,4,3,1,0.6405593068338931,,628.2
7462,-0.30000000000000004,0,4,3,1,0.6405593068338931,,628.2
7463,-4.300000000000001,0,4,3,1,0.6405593068338931,,628.3
7464,-4.300000000000001,0,4,3,1,0.6405593068338931,,628.3
7465,5.7,1,4,3,1,0.6405593068338931,,628.4
7466,-4.300000000000001,0,4,3,1,0.6405593068338931,,628.4
7467,-4.300000000000001,0,4,3,1,0.6405593068338931,,628.5
7468,-4.300000000000001,0,4,3,1,0.6405593068338931,,628.6
7469,-2.3000000000000003,0,4,3,1,0.6405593068338931,,628.7
7470,-4.300000000000001,0,4,3,1,0.6405593068338931,,628.7
7471,-4.300000000000001,0,4,3,1,0.6405593068338931,,628.8
7472,-4.300000000000001,0,4,3,1,0.6405593068338931,,628.9
7473,-0.30000000000000004,0,4,3,1,0.6405593068338931,,628.9
7474,-2.3000000000000003,0,4,3,1,0.6405593068338931,,629.0
7475,-2.3000000000000003,0,4,3,1,0.6405593068338931,,629.0
7476,5.7,1,4,3,1,0.6405593068338931,,629.1
7477,5.7,1,4,3,1,0.6405593068338931,,629.2
7478,-2.3000000000000003,0,4,3,1,0.6405593068338931,,629.2
7479,-0.30000000000000004,0,4,3,1,0.6405593068338931,,629.3
7480,-4.300000000000001,0,4,3,1,0.6405593068338931,,629.3
7481,-2.3000000000000003,0,4,3,1,0.6405593068338931,,629.4
7482,-4.300000000000001,0,4,3,1,0.6405593068338931,,629.4
7483,-4.300000000000001,0,4,3,1,0.6405593068338931,,629.5
7484,-4.6000000000000005,0,6,3,1,0.6405593068338931,,629.6
7485,-0.30000000000000004,0,4,3,1,0.6405593068338931,,629.6
7486,-2.3000000000000003,0,4,3,1,0.6405593068338931,,629.7
7487,-4.300000000000001,0,4,3,1,0.6405593068338931,,629.8
7488,-4.300000000000001,0,4,3,1,0.6405593068338931,,629.9
7489,5.7,1,4,3,1,0.6405593068338931,,629.9
7490,-4.300000000000001,0,4,3,1,0.6405593068338931,,630.0
7491,5.7,1,4,3,1,0.6405593068338931,,630.0
7492,-4.300000000000001,0,4,3,1,0.6405593068338931,,630.1
7493,-4.300000000000001,0,4,3,1,0.6405593068338931,,630.2
7494,-0.30000000000000004,0,4,3,1,0.6405593068338931,,630.2
7495,-4.300000000000001,0,4,3,1,0.6405593068338931,,630.3
7496,-0.30000000000000004,0,4,3,1,0.6405593068338931,,630.4
7497,-4.300000000000001,0,4,3,1,0.6405593068338931,,630.4
7498,-4.300000000000001,0,4,3,1,0.6405593068338931,,630.5
7499,-4.300000000000001,0,4,3,1,0.6405593068338931,,630.6
7500,-4.300000000000001,0,4,3,1,0.6405593068338931,,630.7
7501,-4.300000000000001,0,4,3,1,0.6405593068338931,,635.5
7502,-4.300000000000001,0,4,3,1,0.6227037750650197,1.6928557408973575,636.2
7503,-0.30000000000000004,0,4,3,1,0.6227037750650197,,636.3
7504,-4.300000000000001,0,4,3,1,0.6227037750650197,,636.3
7505,-2.3000000000000003,0,4,3,1,0.6227037750650197,,636.3
7506,-4.300000000000001,0,4,3,1,0.6227037750650197,,636.4
7507,-4.300000000000001,0,4,3,1,0.6227037750650197,,636.5
7508,-4.300000000000001,0,4,3,1,0.6227037750650197,,636.5
7509,-4.300000000000001,0,4,3,1,0.6227037750650197,,636.6
7510,-4.300000000000001,0,4,3,1,0.6227037750650197,,636.6
7511,-2.3000000000000003,0,4,3,1,0.6227037750650197,,636.7
7512,-4.300000000000001,0,4,3,1,0.6227037750650197,,636.7
7513,-4.300000000000001,0,4,3,1,0.6227037750650197,,636.8
7514,-4.300000000000001,0,4,3,1,0.6227037750650197,,636.9
7515,-4.300000000000001,0,4,3,1,0.6227037750650197,,636.9
7516,-0.30000000000000004,0,4,3,1,0.6227037750650197,,637.0
7517,-4.300000000000001,0,4,3,1,0.6227037750650197,,637.1
7518,-2.3000000000000003,0,4,3,1,0.6227037750650197,,637.2
7519,-4.300000000000001,0,4,3,1,0.6227037750650197,,637.3
7520,-4.300000000000001,0,4,3,1,0.6227037750650197,,637.3
7521,-4.300000000000001,0,4,3,1,0.6227037750650197,,637.4
7522,-2.3000000000000003,0,4,3,1,0.6227037750650197,,637.5
7523,-4.300000000000001,0,4,3,1,0.6227037750650197,,637.6
7524,-4.300000000000001,0,4,3,1,0.6227037750650197,,637.7
7525,5.7,1,4,3,1,0.6227037750650197,,637.8
7526,-2.3000000000000003,0,4,3,1,0.6227037750650197,,637.8
7527,5.7,1,4,3,1,0.6227037750650197,,637.9
7528,-2.3000000000000003,0,4,3,1,0.6227037750650197,,637.9
7529,-4.300000000000001,0,4,3,1,0.6227037750650197,,637.9
7530,-4.300000000000001,0,4,3,1,0.6227037750650197,,638.0
7531,-4.300000000000001,0,4,3,1,0.6227037750650197,,638.1
7532,-4.300000000000001,0,4,3,1,0.6227037750650197,,638.1
7533,-4.300000000000001,0,4,3,1,0.6227037750650197,,638.2
7534,-2.3000000000000003,0,4,3,1,0.6227037750650197,,638.3
7535,-4.300000000000001,0,4,3,1,0.6227037750650197,,638.4
7536,-4.300000000000001,0,4,3,1,0.6227037750650197,,638.4
7537,-4.300000000000001,0,4,3,1,0.6227037750650197,,638.5
7538,-4.300000000000001,0,4,3,1,0.6227037750650197,,638.6
7539,-2.3000000000000003,0,4,3,1,0.6227037750650197,,638.6
7540,-2.3000000000000003,0,4,3,1,0.6227037750650197,,638.7
7541,-0.30000000000000004,0,4,3,1,0.6227037750650197,,638.7
7542,-4.300000000000001,0,4,3,1,0.6227037750650197,,638.8
7543,-2.3000000000000003,0,4,3,1,0.6227037750650197,,638.9
7544,5.7,1,4,3,1,0.6227037750650197,,638.9
7545,-4.300000000000001,0,4,3,1,0.6227037750650197,,638.9
7546,5.7,1,4,3,1,0.6227037750650197,,639.0
7547,-4.300000000000001,0,4,3,1,0.6227037750650197,,639.1
7548,-2.3000000000000003,0,4,3,1,0.6227037750650197,,639.1
7549,-4.300000000000001,0,4,3,1,0.6227037750650197,,639.2
7550,-4.300000000000001,0,4,3,1,0.6227037750650197,,639.3
7551,-0.30000000000000004,0,4,3,1,0.6227037750650197,,639.3
7552,-4.300000000000001,0,4,3,1,0.6227037750650197,,639.4
7553,-4.300000000000001,0,4,3,1,0.6227037750650197,,639.5
7554,-5.6000000000000005,0,6,3,1,0.6227037750650197,,639.5
7555,-0.30000000000000004,0,4,3,1,0.6227037750650197,,639.5
7556,-4.300000000000001,0,4,3,1,0.6227037750650197,,639.6
7557,-0.30000000000000004,0,4,3,1,0.6227037750650197,,639.6
7558,-4.300000000000001,0,4,3,1,0.6227037750650197,,639.7
7559,-0.30000000000000004,0,4,3,1,0.6227037750650197,,639.8
7560,-0.6000000000000001,0,6,3,1,0.6227037750650197,,639.8
7561,-4.300000000000001,0,4,3,1,0.6227037750650197,,639.9
7562,-2.3000000000000003,0,4,3,1,0.6227037750650197,,640.0
7563,-2.3000000000000003,0,4,3,1,0.6227037750650197,,640.0
7564,-2.3000000000000003,0,4,3,1,0.6227037750650197,,640.2
7565,5.7,1,4,3,1,0.6227037750650197,,640.2
7566,-4.300000000000001,0,4,3,1,0.6227037750650197,,640.3
7567,-4.300000000000001,0,4,3,1,0.6227037750650197,,640.4
7568,-4.300000000000001,0,4,3,1,0.6227037750650197,,640.4
7569,-4.300000000000001,0,4,3,1,0.6227037750650197,,640.5
7570,-2.3000000000000003,0,4,3,1,0.6227037750650197,,640.6
7571,-4.300000000000001,0,4,3,1,0.6227037750650197,,640.6
7572,-4.300000000000001,0,4,3,1,0.6227037750650197,,640.7
7573,-4.300000000000001,0,4,3,1,0.6227037750650197,,640.7
7574,-4.300000000000001,0,4,3,1,0.6227037750650197,,640.7
7575,-4.300000000000001,0,4,3,1,0.6227037750650197,,640.8
7576,5.7,1,4,3,1,0.6227037750650197,,640.8
7577,-2.3000000000000003,0,4,3,1,0.6227037750650197,,640.8
7578,-4.300000000000001,0,4,3,1,0.6227037750650197,,640.9
7579,-4.300000000000001,0,4,3,1,0.6227037750650197,,641.0
7580,-4.300000000000001,0,4,3,1,0.6227037750650197,,641.1
7581,-4.6,0,6,3,1,0.6227037750650197,,641.2
7582,-4.300000000000001,0,4,3,1,0.6227037750650197,,641.3
7583,-4.300000000000001,0,4,3,1,0.6227037750650197,,641.4
7584,-4.300000000000001,0,4,3,1,0.6227037750650197,,641.4
7585,-4.300000000000001,0,4,3,1,0.6227037750650197,,641.5
7586,-4.300000000000001,0,4,3,1,0.6227037750650197,,641.5
7587,-0.30000000000000004,0,4,3,1,0.6227037750650197,,641.6
7588,-0.30000000000000004,0,4,3,1,0.6227037750650197,,641.7
7589,-4.300000000000001,0,4,3,1,0.6227037750650197,,641.8
7590,-2.3000000000000003,0,4,3,1,0.6227037750650197,,641.8
7591,-2.3000000000000003,0,4,3,1,0.6227037750650197,,641.9
7592,-4.300000000000001,0,4,3,1,0.6227037750650197,,641.9
7593,-4.300000000000001,0,4,3,1,0.6227037750650197,,642.0
7594,-4.300000000000001,0,4,3,1,0.6227037750650197,,642.1
7595,-4.300000000000001,0,4,3,1,0.6227037750650197,,642.1
7596,-4.300000000000001,0,4,3,1,0.6227037750650197,,642.2
7597,-2.3000000000000003,0,4,3,1,0.6227037750650197,,642.2
7598,-4.300000000000001,0,4,3,1,0.6227037750650197,,642.3
7599,-0.30000000000000004,0,4,3,1,0.6227037750650197,,642.4
7600,-4.300000000000001,0,4,3,1,0.6227037750650197,,642.4
7601,-2.3000000000000003,0,4,3,1,0.6227037750650197,,642.5
7602,-4.300000000000001,0,4,3,1,0.6227037750650197,,642.6
7603,-4.300000000000001,0,4,3,1,0.6227037750650197,,642.6
7604,-4.300000000000001,0,4,3,1,0.6227037750650197,,642.7
7605,-4.300000000000001,0,4,3,1,0.6227037750650197,,642.7
7606,-4.300000000000001,0,4,3,1,0.6227037750650197,,642.8
7607,-4.300000000000001,0,4,3,1,0.6227037750650197,,642.8
7608,-2.3000000000000003,0,4,3,1,0.6227037750650197,,642.9
7609,-4.300000000000001,0,4,3,1,0.6227037750650197,,643.0
7610,-4.300000000000001,0,4,3,1,0.6227037750650197,,643.0
7611,-4.300000000000001,0,4,3,1,0.6227037750650197,,643.1
7612,-2.3000000000000003,0,4,3,1,0.6227037750650197,,643.2
7613,-4.300000000000001,0,4,3,1,0.6227037750650197,,643.2
7614,-4.6000000000000005,0,6,3,1,0.6227037750650197,,643.3
7615,-4.300000000000001,0,4,3,1,0.6227037750650197,,643.4
7616,-4.300000000000001,0,4,3,1,0.6227037750650197,,643.4
7617,5.7,1,4,3,1,0.6227037750650197,,643.5
7618,-2.3000000000000003,0,4,3,1,0.6227037750650197,,643.5
7619,-4.300000000000001,0,4,3,1,0.6227037750650197,,643.6
7620,5.7,1,4,3,1,0.6227037750650197,,643.7
7621,-4.300000000000001,0,4,3,1,0.6227037750650197,,643.7
7622,5.7,1,4,3,1,0.6227037750650197,,643.8
7623,-4.300000000000001,0,4,3,1,0.6227037750650197,,643.8
7624,-4.300000000000001,0,4,3,1,0.6227037750650197,,643.9
7625,-4.300000000000001,0,4,3,1,0.6227037750650197,,644.0
7626,-0.30000000000000004,0,4,3,1,0.6227037750650197,,644.1
7627,-2.3000000000000003,0,4,3,1,0.6227037750650197,,644.1
7628,-4.300000000000001,0,4,3,1,0.6227037750650197,,644.2
7629,-4.300000000000001,0,4,3,1,0.6227037750650197,,644.2
7630,-4.300000000000001,0,4,3,1,0.6227037750650197,,644.3
7631,-0.30000000000000004,0,4,3,1,0.6227037750650197,,644.4
7632,-4.300000000000001,0,4,3,1,0.6227037750650197,,644.4
7633,-4.300000000000001,0,4,3,1,0.6227037750650197,,644.4
7634,-4.300000000000001,0,4,3,1,0.6227037750650197,,644.5
7635,-2.3000000000000003,0,4,3,1,0.6227037750650197,,644.5
7636,-4.300000000000001,0,4,3,1,0.6227037750650197,,644.6
7637,-4.300000000000001,0,4,3,1,0.6227037750650197,,644.7
7638,-2.3000000000000003,0,4,3,1,0.6227037750650197,,644.8
7639,5.7,1,4,3,1,0.6227037750650197,,644.8
7640,-2.3000000000000003,0,4,3,1,0.6227037750650197,,644.9
7641,5.7,1,4,3,1,0.6227037750650197,,644.9
7642,-4.300000000000001,0,4,3,1,0.6227037750650197,,645.0
7643,-4.300000000000001,0,4,3,1,0.6227037750650197,,645.0
7644,5.7,1,4,3,1,0.6227037750650197,,645.1
7645,5.7,1,4,3,1,0.6227037750650197,,645.2
7646,-4.300000000000001,0,4,3,1,0.6227037750650197,,645.2
7647,5.7,1,4,3,1,0.6227037750650197,,645.3
7648,-2.3000000000000003,0,4,3,1,0.6227037750650197,,645.4
7649,-2.3000000000000003,0,4,3,1,0.6227037750650197,,645.4
7650,-4.300000000000001,0,4,3,1,0.6227037750650197,,645.5
7651,-2.3000000000000003,0,4,3,1,0.6227037750650197,,645.6
7652,-4.300000000000001,0,4,3,1,0.6227037750650197,,645.7
7653,-4.300000000000001,0,4,3,1,0.6227037750650197,,645.7
7654,-4.300000000000001,0,4,3,1,0.6227037750650197,,645.8
7655,-4.300000000000001,0,4,3,1,0.6227037750650197,,645.9
7656,-4.300000000000001,0,4,3,1,0.6227037750650197,,646.0
7657,5.7,1,4,3,1,0.6227037750650197,,646.0
7658,-4.300000000000001,0,4,3,1,0.6227037750650197,,646.1
7659,-4.300000000000001,0,4,3,1,0.6227037750650197,,646.1
7660,-4.300000000000001,0,4,3,1,0.6227037750650197,,646.2
7661,-4.300000000000001,0,4,3,1,0.6227037750650197,,646.2
7662,5.7,1,4,3,1,0.6227037750650197,,646.3
7663,-0.30000000000000004,0,4,3,1,0.6227037750650197,,646.3
7664,-2.3000000000000003,0,4,3,1,0.6227037750650197,,646.3
7665,-4.300000000000001,0,4,3,1,0.6227037750650197,,646.4
7666,-4.300000000000001,0,4,3,1,0.6227037750650197,,646.4
7667,-4.300000000000001,0,4,3,1,0.6227037750650197,,646.5
7668,-0.30000000000000004,0,4,3,1,0.6227037750650197,,646.6
7669,-4.300000000000001,0,4,3,1,0.6227037750650197,,646.6
7670,-4.300000000000001,0,4,3,1,0.6227037750650197,,646.7
7671,-4.300000000000001,0,4,3,1,0.6227037750650197,,646.8
7672,5.7,1,4,3,1,0.6227037750650197,,646.8
7673,5.7,1,4,3,1,0.6227037750650197,,646.9
7674,-0.30000000000000004,0,4,3,1,0.6227037750650197,,647.0
7675,-4.300000000000001,0,4,3,1,0.6227037750650197,,647.0
7676,-0.30000000000000004,0,4,3,1,0.6227037750650197,,647.1
7677,-4.300000000000001,0,4,3,1,0.6227037750650197,,647.1
7678,-2.3000000000000003,0,4,3,1,0.6227037750650197,,647.2
7679,-0.30000000000000004,0,4,3,1,0.6227037750650197,,647.3
7680,-4.300000000000001,0,4,3,1,0.6227037750650197,,647.3
7681,-4.300000000000001,0,4,3,1,0.6227037750650197,,647.4
7682,-4.300000000000001,0,4,3,1,0.6227037750650197,,647.5
7683,-4.300000000000001,0,4,3,1,0.6227037750650197,,647.5
7684,-5.9,0,8,3,1,0.6227037750650197,,647.6
7685,-4.300000000000001,0,4,3,1,0.6227037750650197,,647.6
7686,5.7,1,4,3,1,0.6227037750650197,,647.6
7687,-0.30000000000000004,0,4,3,1,0.6227037750650197,,647.7
7688,-4.300000000000001,0,4,3,1,0.6227037750650197,,647.8
7689,-3.6,0,6,3,1,0.6227037750650197,,647.8
7690,-0.30000000000000004,0,4,3,1,0.6227037750650197,,647.9
7691,-4.300000000000001,0,4,3,1,0.6227037750650197,,647.9
7692,-4.300000000000001,0,4,3,1,0.6227037750650197,,648.0
7693,-4.300000000000001,0,4,3,1,0.6227037750650197,,648.0
7694,-4.300000000000001,0,4,3,1,0.6227037750650197,,648.0
7695,-0.30000000000000004,0,4,3,1,0.6227037750650197,,648.1
7696,-0.30000000000000004,0,4,3,1,0.6227037750650197,,648.2
7697,-2.6,0,6,3,1,0.6227037750650197,,648.2
7698,-4.300000000000001,0,4,3,1,0.6227037750650197,,648.3
7699,-4.300000000000001,0,4,3,1,0.6227037750650197,,648.4
7700,-4.300000000000001,0,4,3,1,0.6227037750650197,,648.4
7701,-0.30000000000000004,0,4,3,1,0.6227037750650197,,648.5
7702,-4.300000000000001,0,4,3,1,0.6227037750650197,,648.6
7703,-4.6000000000000005,0,6,3,1,0.6227037750650197,,648.7
7704,5.7,1,4,3,1,0.6227037750650197,,648.7
7705,-4.300000000000001,0,4,3,1,0.6227037750650197,,648.7
7706,-4.300000000000001,0,4,3,1,0.6227037750650197,,648.8
7707,-2.3000000000000003,0,4,3,1,0.6227037750650197,,648.9
7708,-4.300000000000001,0,4,3,1,0.6227037750650197,,648.9
7709,-4.300000000000001,0,4,3,1,0.6227037750650197,,649.0
7710,-4.300000000000001,0,4,3,1,0.6227037750650197,,649.1
7711,-4.300000000000001,0,4,3,1,0.6227037750650197,,649.1
7712,-4.300000000000001,0,4,3,1,0.6227037750650197,,649.1
7713,-0.30000000000000004,0,4,3,1,0.6227037750650197,,649.1
7714,-4.300000000000001,0,4,3,1,0.6227037750650197,,649.2
7715,-4.300000000000001,0,4,3,1,0.6227037750650197,,649.3
7716,-4.300000000000001,0,4,3,1,0.6227037750650197,,649.4
7717,-4.300000000000001,0,4,3,1,0.6227037750650197,,649.5
7718,-4.300000000000001,0,4,3,1,0.6227037750650197,,649.5
7719,-4.300000000000001,0,4,3,1,0.6227037750650197,,649.6
7720,-4.300000000000001,0,4,3,1,0.6227037750650197,,649.6
7721,-2.3000000000000003,0,4,3,1,0.6227037750650197,,649.7
7722,-4.300000000000001,0,4,3,1,0.6227037750650197,,649.8
7723,-4.300000000000001,0,4,3,1,0.6227037750650197,,649.8
7724,-4.6,0,6,3,1,0.6227037750650197,,649.8
7725,-4.300000000000001,0,4,3,1,0.6227037750650197,,649.9
7726,-4.300000000000001,0,4,3,1,0.6227037750650197,,649.9
7727,-4.300000000000001,0,4,3,1,0.6227037750650197,,650.0
7728,-2.3000000000000003,0,4,3,1,0.6227037750650197,,650.0
7729,-0.30000000000000004,0,4,3,1,0.6227037750650197,,650.1
7730,-4.300000000000001,0,4,3,1,0.6227037750650197,,650.2
7731,-2.3000000000000003,0,4,3,1,0.6227037750650197,,650.2
7732,-2.3000000000000003,0,4,3,1,0.6227037750650197,,650.3
7733,5.7,1,4,3,1,0.6227037750650197,,650.3
7734,-4.300000000000001,0,4,3,1,0.6227037750650197,,650.3
7735,-2.3000000000000003,0,4,3,1,0.6227037750650197,,650.4
7736,4.4,1,6,3,1,0.6227037750650197,,650.5
7737,-4.300000000000001,0,4,3,1,0.6227037750650197,,650.6
7738,-4.300000000000001,0,4,3,1,0.6227037750650197,,650.6
7739,-4.300000000000001,0,4,3,1,0.6227037750650197,,650.7
7740,5.7,1,4,3,1,0.6227037750650197,,650.7
7741,-2.3000000000000003,0,4,3,1,0.6227037750650197,,650.8
7742,-2.3000000000000003,0,4,3,1,0.6227037750650197,,650.8
7743,-4.300000000000001,0,4,3,1,0.6227037750650197,,650.9
7744,-0.30000000000000004,0,4,3,1,0.6227037750650197,,650.9
7745,-4.300000000000001,0,4,3,1,0.6227037750650197,,651.0
7746,-4.300000000000001,0,4,3,1,0.6227037750650197,,651.1
7747,-4.300000000000001,0,4,3,1,0.6227037750650197,,651.1
7748,-2.3000000000000003,0,4,3,1,0.6227037750650197,,651.2
7749,5.7,1,4,3,1,0.6227037750650197,,651.3
7750,-2.3000000000000003,0,4,3,1,0.6227037750650197,,651.4
7751,-4.300000000000001,0,4,3,1,0.6227037750650197,,651.4
7752,5.7,1,4,3,1,0.6227037750650197,,651.4
7753,-4.300000000000001,0,4,3,1,0.6227037750650197,,651.5
7754,-4.300000000000001,0,4,3,1,0.6227037750650197,,651.6
7755,-0.30000000000000004,0,4,3,1,0.6227037750650197,,651.6
7756,-4.300000000000001,0,4,3,1,0.6227037750650197,,651.7
7757,-4.300000000000001,0,4,3,1,0.6227037750650197,,651.7
7758,-4.300000000000001,0,4,3,1,0.6227037750650197,,651.8
7759,-4.300000000000001,0,4,3,1,0.6227037750650197,,651.9
7760,-2.3000000000000003,0,4,3,1,0.6227037750650197,,652.0
7761,5.7,1,4,3,1,0.6227037750650197,,652.0
7762,-0.30000000000000004,0,4,3,1,0.6227037750650197,,652.0
7763,-0.30000000000000004,0,4,3,1,0.6227037750650197,,652.1
7764,-4.6000000000000005,0,6,3,1,0.6227037750650197,,652.2
7765,5.7,1,4,3,1,0.6227037750650197,,652.2
7766,-0.30000000000000004,0,4,3,1,0.6227037750650197,,652.3
7767,-2.3000000000000003,0,4,3,1,0.6227037750650197,,652.4
7768,-2.3000000000000003,0,4,3,1,0.6227037750650197,,652.4
7769,-4.300000000000001,0,4,3,1,0.6227037750650197,,652.4
7770,5.7,1,4,3,1,0.6227037750650197,,652.5
7771,-2.3000000000000003,0,4,3,1,0.6227037750650197,,652.6
7772,-4.300000000000001,0,4,3,1,0.6227037750650197,,652.6
7773,-2.3000000000000003,0,4,3,1,0.6227037750650197,,652.7
7774,-4.300000000000001,0,4,3,1,0.6227037750650197,,652.8
7775,-4.300000000000001,0,4,3,1,0.6227037750650197,,652.9
7776,-4.300000000000001,0,4,3,1,0.6227037750650197,,652.9
7777,-4.300000000000001,0,4,3,1,0.6227037750650197,,652.9
7778,-4.300000000000001,0,4,3,1,0.6227037750650197,,653.0
7779,-4.300000000000001,0,4,3,1,0.6227037750650197,,653.1
7780,-2.3000000000000003,0,4,3,1,0.6227037750650197,,653.1
7781,-4.300000000000001,0,4,3,1,0.6227037750650197,,653.2
7782,5.7,1,4,3,1,0.6227037750650197,,653.2
7783,-2.3000000000000003,0,4,3,1,0.6227037750650197,,653.3
7784,-2.3000000000000003,0,4,3,1,0.6227037750650197,,653.4
7785,5.7,1,4,3,1,0.6227037750650197,,653.4
7786,-4.300000000000001,0,4,3,1,0.6227037750650197,,653.5
7787,-5.6000000000000005,0,6,3,1,0.6227037750650197,,653.6
7788,-4.300000000000001,0,4,3,1,0.6227037750650197,,653.7
7789,-4.300000000000001,0,4,3,1,0.6227037750650197,,653.7
7790,-2.3000000000000003,0,4,3,1,0.6227037750650197,,653.8
7791,5.7,1,4,3,1,0.6227037750650197,,653.8
7792,-3.6,0,6,3,1,0.6227037750650197,,653.9
7793,-4.300000000000001,0,4,3,1,0.6227037750650197,,654.0
7794,-0.30000000000000004,0,4,3,1,0.6227037750650197,,654.0
7795,5.7,1,4,3,1,0.6227037750650197,,654.1
7796,-2.3000000000000003,0,4,3,1,0.6227037750650197,,654.2
7797,5.7,1,4,3,1,0.6227037750650197,,654.2
7798,-0.30000000000000004,0,4,3,1,0.6227037750650197,,654.3
7799,5.4,1,6,3,1,0.6227037750650197,,654.4
7800,-4.300000000000001,0,4,3,1,0.6227037750650197,,654.5
7801,-4.300000000000001,0,4,3,1,0.6227037750650197,,654.5
7802,-4.300000000000001,0,4,3,1,0.6227037750650197,,654.6
7803,5.7,1,4,3,1,0.6227037750650197,,654.6
7804,-4.300000000000001,0,4,3,1,0.6227037750650197,,654.7
7805,-2.6,0,6,3,1,0.6227037750650197,,654.8
7806,-0.30000000000000004,0,4,3,1,0.6227037750650197,,654.8
7807,-0.30000000000000004,0,4,3,1,0.6227037750650197,,654.9
7808,-4.300000000000001,0,4,3,1,0.6227037750650197,,654.9
7809,5.7,1,4,3,1,0.6227037750650197,,655.0
7810,-1.6,0,6,3,1,0.6227037750650197,,655.1
7811,-4.300000000000001,0,4,3,1,0.6227037750650197,,655.1
7812,-2.3000000000000003,0,4,3,1,0.6227037750650197,,655.2
7813,-4.6000000000000005,0,6,3,1,0.6227037750650197,,655.2
7814,-1.4000000000000001,0,5,4,1,0.6227037750650197,,655.3
7815,5.7,1,4,3,1,0.6227037750650197,,655.4
7816,-4.300000000000001,0,4,3,1,0.6227037750650197,,655.5
7817,-4.300000000000001,0,4,3,1,0.6227037750650197,,655.5
7818,5.7,1,4,3,1,0.6227037750650197,,655.5
7819,-4.6000000000000005,0,6,3,1,0.6227037750650197,,655.6
7820,-4.300000000000001,0,4,3,1,0.6227037750650197,,655.6
7821,-4.300000000000001,0,4,3,1,0.6227037750650197,,655.7
7822,-2.3000000000000003,0,4,3,1,0.6227037750650197,,655.8
7823,-2.3000000000000003,0,4,3,1,0.6227037750650197,,655.8
7824,-4.300000000000001,0,4,3,1,0.6227037750650197,,655.9
7825,-2.3000000000000003,0,4,3,1,0.6227037750650197,,655.9
7826,5.7,1,4,3,1,0.6227037750650197,,656.0
7827,-4.300000000000001,0,4,3,1,0.6227037750650197,,656.0
7828,-4.300000000000001,0,4,3,1,0.6227037750650197,,656.1
7829,-4.300000000000001,0,4,3,1,0.6227037750650197,,656.2
7830,-2.3000000000000003,0,4,3,1,0.6227037750650197,,656.3
7831,-4.300000000000001,0,4,3,1,0.6227037750650197,,656.3
7832,-1.4000000000000001,0,5,4,1,0.6227037750650197,,656.4
7833,-4.300000000000001,0,4,3,1,0.6227037750650197,,656.4
7834,-2.3000000000000003,0,4,3,1,0.6227037750650197,,656.5
7835,-0.6000000000000001,0,6,3,1,0.6227037750650197,,656.5
7836,-4.300000000000001,0,4,3,1,0.6227037750650197,,656.6
7837,-2.3000000000000003,0,4,3,1,0.6227037750650197,,656.7
7838,-4.300000000000001,0,4,3,1,0.6227037750650197,,656.7
7839,-2.3000000000000003,0,4,3,1,0.6227037750650197,,656.8
7840,-4.6,0,6,3,1,0.6227037750650197,,656.8
7841,-4.300000000000001,0,4,3,1,0.6227037750650197,,656.9
7842,-4.300000000000001,0,4,3,1,0.6227037750650197,,657.0
7843,-4.300000000000001,0,4,3,1,0.6227037750650197,,657.0
7844,-4.300000000000001,0,4,3,1,0.6227037750650197,,657.1
7845,-4.300000000000001,0,4,3,1,0.6227037750650197,,657.2
7846,5.7,1,4,3,1,0.6227037750650197,,657.2
7847,-2.3000000000000003,0,4,3,1,0.6227037750650197,,657.2
7848,-0.30000000000000004,0,4,3,1,0.6227037750650197,,657.3
7849,-4.300000000000001,0,4,3,1,0.6227037750650197,,657.4
7850,-0.30000000000000004,0,4,3,1,0.6227037750650197,,657.4
7851,-0.30000000000000004,0,4,3,1,0.6227037750650197,,657.5
7852,5.7,1,4,3,1,0.6227037750650197,,657.6
7853,-4.300000000000001,0,4,3,1,0.6227037750650197,,657.6
7854,-0.30000000000000004,0,4,3,1,0.6227037750650197,,657.7
7855,-2.6,0,6,3,1,0.6227037750650197,,657.7
7856,5.7,1,4,3,1,0.6227037750650197,,657.8
7857,-4.300000000000001,0,4,3,1,0.6227037750650197,,657.9
7858,-4.300000000000001,0,4,3,1,0.6227037750650197,,658.0
7859,-4.300000000000001,0,4,3,1,0.6227037750650197,,658.1
7860,5.7,1,4,3,1,0.6227037750650197,,658.1
7861,5.7,1,4,3,1,0.6227037750650197,,658.1
7862,-0.30000000000000004,0,4,3,1,0.6227037750650197,,658.2
7863,-4.300000000000001,0,4,3,1,0.6227037750650197,,658.3
7864,-4.300000000000001,0,4,3,1,0.6227037750650197,,658.4
7865,-4.300000000000001,0,4,3,1,0.6227037750650197,,658.4
7866,-2.3000000000000003,0,4,3,1,0.6227037750650197,,658.5
7867,-4.300000000000001,0,4,3,1,0.6227037750650197,,658.6
7868,-4.300000000000001,0,4,3,1,0.6227037750650197,,658.7
7869,-4.300000000000001,0,4,3,1,0.6227037750650197,,658.7
7870,-0.30000000000000004,0,4,3,1,0.6227037750650197,,658.7
7871,-4.300000000000001,0,4,3,1,0.6227037750650197,,658.8
7872,-4.300000000000001,0,4,3,1,0.6227037750650197,,658.9
7873,5.7,1,4,3,1,0.6227037750650197,,659.0
7874,-4.300000000000001,0,4,3,1,0.6227037750650197,,659.0
7875,-2.3000000000000003,0,4,3,1,0.6227037750650197,,659.1
7876,-4.300000000000001,0,4,3,1,0.6227037750650197,,659.1
7877,-4.300000000000001,0,4,3,1,0.6227037750650197,,659.2
7878,-4.300000000000001,0,4,3,1,0.6227037750650197,,659.2
7879,-4.300000000000001,0,4,3,1,0.6227037750650197,,659.3
7880,-4.300000000000001,0,4,3,1,0.6227037750650197,,659.3
7881,-4.300000000000001,0,4,3,1,0.6227037750650197,,659.4
7882,-4.300000000000001,0,4,3,1,0.6227037750650197,,659.5
7883,5.7,1,4,3,1,0.6227037750650197,,659.6
7884,-4.300000000000001,0,4,3,1,0.6227037750650197,,659.6
7885,-0.30000000000000004,0,4,3,1,0.6227037750650197,,659.7
7886,5.1,1,8,3,1,0.6227037750650197,,659.7
7887,-0.30000000000000004,0,4,3,1,0.6227037750650197,,659.8
7888,-4.300000000000001,0,4,3,1,0.6227037750650197,,659.8
7889,-4.300000000000001,0,4,3,1,0.6227037750650197,,659.9
7890,-4.300000000000001,0,4,3,1,0.6227037750650197,,660.0
7891,-4.300000000000001,0,4,3,1,0.6227037750650197,,660.1
7892,-4.300000000000001,0,4,3,1,0.6227037750650197,,660.1
7893,-4.300000000000001,0,4,3,1,0.6227037750650197,,660.2
7894,-4.300000000000001,0,4,3,1,0.6227037750650197,,660.3
7895,-4.300000000000001,0,4,3,1,0.6227037750650197,,660.3
7896,-5.6000000000000005,0,6,3,1,0.6227037750650197,,660.4
7897,-4.300000000000001,0,4,3,1,0.6227037750650197,,660.4
7898,-4.6000000000000005,0,6,3,1,0.6227037750650197,,660.5
7899,-4.300000000000001,0,4,3,1,0.6227037750650197,,660.6
7900,-2.3000000000000003,0,4,3,1,0.6227037750650197,,660.7
7901,-4.300000000000001,0,4,3,1,0.6227037750650197,,660.7
7902,-0.30000000000000004,0,4,3,1,0.6227037750650197,,660.8
7903,-4.300000000000001,0,4,3,1,0.6227037750650197,,660.8
7904,-4.300000000000001,0,4,3,1,0.6227037750650197,,660.9
7905,5.7,1,4,3,1,0.6227037750650197,,660.9
7906,-4.300000000000001,0,4,3,1,0.6227037750650197,,660.9
7907,-2.3000000000000003,0,4,3,1,0.6227037750650197,,661.0
7908,-0.30000000000000004,0,4,3,1,0.6227037750650197,,661.0
7909,5.7,1,4,3,1,0.6227037750650197,,661.1
7910,-4.300000000000001,0,4,3,1,0.6227037750650197,,661.2
7911,-2.3000000000000003,0,4,3,1,0.6227037750650197,,661.2
7912,-4.300000000000001,0,4,3,1,0.6227037750650197,,661.3
7913,5.7,1,4,3,1,0.6227037750650197,,661.3
7914,-4.300000000000001,0,4,3,1,0.6227037750650197,,661.4
7915,-4.300000000000001,0,4,3,1,0.6227037750650197,,661.4
7916,5.7,1,4,3,1,0.6227037750650197,,661.5
7917,-2.3000000000000003,0,4,3,1,0.6227037750650197,,661.5
7918,5.7,1,4,3,1,0.6227037750650197,,661.6
7919,-4.300000000000001,0,4,3,1,0.6227037750650197,,661.7
7920,-4.300000000000001,0,4,3,1,0.6227037750650197,,661.7
7921,5.7,1,4,3,1,0.6227037750650197,,661.8
7922,-0.30000000000000004,0,4,3,1,0.6227037750650197,,661.8
7923,-2.3000000000000003,0,4,3,1,0.6227037750650197,,661.9
7924,-0.6000000000000001,0,6,3,1,0.6227037750650197,,661.9
7925,-2.3000000000000003,0,4,3,1,0.6227037750650197,,662.0
7926,-4.300000000000001,0,4,3,1,0.6227037750650197,,662.1
7927,-4.300000000000001,0,4,3,1,0.6227037750650197,,662.2
7928,5.4,1,6,3,1,0.6227037750650197,,662.3
7929,-4.300000000000001,0,4,3,1,0.6227037750650197,,662.3
7930,-4.300000000000001,0,4,3,1,0.6227037750650197,,662.4
7931,-2.3000000000000003,0,4,3,1,0.6227037750650197,,662.5
7932,-4.300000000000001,0,4,3,1,0.6227037750650197,,662.6
7933,-4.300000000000001,0,4,3,1,0.6227037750650197,,662.7
7934,-4.300000000000001,0,4,3,1,0.6227037750650197,,662.8
7935,-4.300000000000001,0,4,3,1,0.6227037750650197,,662.9
7936,-2.3000000000000003,0,4,3,1,0.6227037750650197,,662.9
7937,5.7,1,4,3,1,0.6227037750650197,,663.0
7938,-4.300000000000001,0,4,3,1,0.6227037750650197,,663.0
7939,-4.300000000000001,0,4,3,1,0.6227037750650197,,663.1
7940,-4.300000000000001,0,4,3,1,0.6227037750650197,,663.2
7941,-4.300000000000001,0,4,3,1,0.6227037750650197,,663.3
7942,-2.3000000000000003,0,4,3,1,0.6227037750650197,,663.3
7943,-4.300000000000001,0,4,3,1,0.6227037750650197,,663.4
7944,-2.3000000000000003,0,4,3,1,0.6227037750650197,,663.4
7945,-4.300000000000001,0,4,3,1,0.6227037750650197,,663.5
7946,-2.3000000000000003,0,4,3,1,0.6227037750650197,,663.5
7947,-4.300000000000001,0,4,3,1,0.6227037750650197,,663.5
7948,-4.300000000000001,0,4,3,1,0.6227037750650197,,663.6
7949,-4.300000000000001,0,4,3,1,0.6227037750650197,,663.7
7950,-4.300000000000001,0,4,3,1,0.6227037750650197,,663.7
7951,-4.300000000000001,0,4,3,1,0.6227037750650197,,663.8
7952,-4.300000000000001,0,4,3,1,0.6227037750650197,,663.9
7953,-4.300000000000001,0,4,3,1,0.6227037750650197,,663.9
7954,-4.300000000000001,0,4,3,1,0.6227037750650197,,664.0
7955,-4.300000000000001,0,4,3,1,0.6227037750650197,,664.1
7956,5.7,1,4,3,1,0.6227037750650197,,664.1
7957,-4.300000000000001,0,4,3,1,0.6227037750650197,,664.2
7958,-2.6,0,6,3,1,0.6227037750650197,,664.3
7959,-2.3000000000000003,0,4,3,1,0.6227037750650197,,664.3
7960,-4.300000000000001,0,4,3,1,0.6227037750650197,,664.3
7961,-4.300000000000001,0,4,3,1,0.6227037750650197,,664.4
7962,-2.3000000000000003,0,4,3,1,0.6227037750650197,,664.4
7963,-0.30000000000000004,0,4,3,1,0.6227037750650197,,664.5
7964,-4.300000000000001,0,4,3,1,0.6227037750650197,,664.5
7965,-4.300000000000001,0,4,3,1,0.6227037750650197,,664.6
7966,-4.6000000000000005,0,6,3,1,0.6227037750650197,,664.6
7967,-4.300000000000001,0,4,3,1,0.6227037750650197,,664.7
7968,-4.300000000000001,0,4,3,1,0.6227037750650197,,664.7
7969,-4.300000000000001,0,4,3,1,0.6227037750650197,,664.7
7970,-4.300000000000001,0,4,3,1,0.6227037750650197,,664.8
7971,-4.300000000000001,0,4,3,1,0.6227037750650197,,664.9
7972,-2.3000000000000003,0,4,3,1,0.6227037750650197,,665.0
7973,-2.3000000000000003,0,4,3,1,0.6227037750650197,,665.0
7974,-4.300000000000001,0,4,3,1,0.6227037750650197,,665.1
7975,-0.30000000000000004,0,4,3,1,0.6227037750650197,,665.1
7976,-4.300000000000001,0,4,3,1,0.6227037750650197,,665.2
7977,5.4,1,6,3,1,0.6227037750650197,,665.3
7978,-0.30000000000000004,0,4,3,1,0.6227037750650197,,665.3
7979,-4.300000000000001,0,4,3,1,0.6227037750650197,,665.4
7980,-4.300000000000001,0,4,3,1,0.6227037750650197,,665.4
7981,-4.300000000000001,0,4,3,1,0.6227037750650197,,665.5
7982,5.4,1,6,3,1,0.6227037750650197,,665.5
7983,-4.300000000000001,0,4,3,1,0.6227037750650197,,665.6
7984,-4.300000000000001,0,4,3,1,0.6227037750650197,,665.6
7985,-2.3000000000000003,0,4,3,1,0.6227037750650197,,665.7
7986,-4.300000000000001,0,4,3,1,0.6227037750650197,,665.7
7987,5.7,1,4,3,1,0.6227037750650197,,665.8
7988,-0.30000000000000004,0,4,3,1,0.6227037750650197,,665.9
7989,-2.3000000000000003,0,4,3,1,0.6227037750650197,,665.9
7990,-4.300000000000001,0,4,3,1,0.6227037750650197,,666.0
7991,-4.300000000000001,0,4,3,1,0.6227037750650197,,666.0
7992,-4.300000000000001,0,4,3,1,0.6227037750650197,,666.0
7993,-4.300000000000001,0,4,3,1,0.6227037750650197,,666.1
7994,5.7,1,4,3,1,0.6227037750650197,,666.1
7995,5.7,1,4,3,1,0.6227037750650197,,666.2
7996,-2.3000000000000003,0,4,3,1,0.6227037750650197,,666.3
7997,-4.300000000000001,0,4,3,1,0.5990541048813611,1.6144833997823298,667.0
7998,-4.300000000000001,0,4,3,1,0.5990541048813611,,667.0
7999,-4.300000000000001,0,4,3,1,0.5990541048813611,,667.0
8000,-4.300000000000001,0,4,3,1,0.5990541048813611,,667.2
8001,-4.300000000000001,0,4,3,1,0.5990541048813611,,672.0
8002,-2.3000000000000003,0,4,3,1,0.5990541048813611,,672.1
8003,-2.3000000000000003,0,4,3,1,0.5990541048813611,,672.1
8004,-0.30000000000000004,0,4,3,1,0.5990541048813611,,672.2
8005,-1.9000000000000001,0,8,3,1,0.5990541048813611,,672.2
8006,-0.30000000000000004,0,4,3,1,0.5990541048813611,,672.3
8007,5.7,1,4,3,1,0.5990541048813611,,672.4
8008,-4.300000000000001,0,4,3,1,0.5990541048813611,,672.4
8009,-4.300000000000001,0,4,3,1,0.5990541048813611,,672.5
8010,-0.6000000000000001,0,6,3,1,0.5990541048813611,,672.6
8011,-4.300000000000001,0,4,3,1,0.5990541048813611,,672.6
8012,-4.300000000000001,0,4,3,1,0.5990541048813611,,672.7
8013,-4.300000000000001,0,4,3,1,0.5990541048813611,,672.7
8014,-4.300000000000001,0,4,3,1,0.5990541048813611,,672.8
8015,-0.30000000000000004,0,4,3,1,0.5990541048813611,,672.9
8016,-4.300000000000001,0,4,3,1,0.5990541048813611,,672.9
8017,-2.3000000000000003,0,4,3,1,0.5990541048813611,,673.0
8018,5.7,1,4,3,1,0.5990541048813611,,673.0
8019,-4.300000000000001,0,4,3,1,0.5990541048813611,,673.1
8020,-4.300000000000001,0,4,3,1,0.5990541048813611,,673.2
8021,-4.300000000000001,0,4,3,1,0.5990541048813611,,673.2
8022,-4.300000000000001,0,4,3,1,0.5990541048813611,,673.3
8023,-4.300000000000001,0,4,3,1,0.5990541048813611,,673.3
8024,-4.6000000000000005,0,6,3,1,0.5990541048813611,,673.4
8025,5.7,1,4,3,1,0.5990541048813611,,673.4
8026,5.4,1,6,3,1,0.5990541048813611,,673.5
8027,-0.30000000000000004,0,4,3,1,0.5990541048813611,,673.5
8028,5.7,1,4,3,1,0.5990541048813611,,673.6
8029,-0.30000000000000004,0,4,3,1,0.5990541048813611,,673.7
8030,-4.300000000000001,0,4,3,1,0.5990541048813611,,673.7
8031,-5.4,0,5,4,1,0.5990541048813611,,673.7
8032,5.7,1,4,3,1,0.5990541048813611,,673.8
8033,-4.300000000000001,0,4,3,1,0.5990541048813611,,673.9
8034,-2.3000000000000003,0,4,3,1,0.5990541048813611,,674.0
8035,-4.300000000000001,0,4,3,1,0.5990541048813611,,674.0
8036,5.7,1,4,3,1,0.5990541048813611,,674.1
8037,-4.300000000000001,0,4,3,1,0.5990541048813611,,674.2
8038,-2.6,0,6,3,1,0.5990541048813611,,674.2
8039,-4.6,0,6,3,1,0.5990541048813611,,674.3
8040,-2.3000000000000003,0,4,3,1,0.5990541048813611,,674.3
8041,-2.3000000000000003,0,4,3,1,0.5990541048813611,,674.4
8042,5.4,1,6,3,1,0.5990541048813611,,674.5
8043,-0.30000000000000004,0,4,3,1,0.5990541048813611,,674.6
8044,-4.6000000000000005,0,6,3,1,0.5990541048813611,,674.6
8045,-4.300000000000001,0,4,3,1,0.5990541048813611,,674.7
8046,-3.9000000000000004,0,8,3,1,0.5990541048813611,,674.8
8047,-2.3000000000000003,0,4,3,1,0.5990541048813611,,674.8
8048,5.7,1,4,3,1,0.5990541048813611,,674.9
8049,-2.3000000000000003,0,4,3,1,0.5990541048813611,,675.0
8050,-0.30000000000000004,0,4,3,1,0.5990541048813611,,675.1
8051,-4.300000000000001,0,4,3,1,0.5990541048813611,,675.1
8052,-4.300000000000001,0,4,3,1,0.5990541048813611,,675.2
8053,-4.300000000000001,0,4,3,1,0.5990541048813611,,675.3
8054,-0.30000000000000004,0,4,3,1,0.5990541048813611,,675.3
8055,-2.3000000000000003,0,4,3,1,0.5990541048813611,,675.4
8056,-4.300000000000001,0,4,3,1,0.5990541048813611,,675.5
8057,5.7,1,4,3,1,0.5990541048813611,,675.6
8058,-2.3000000000000003,0,4,3,1,0.5990541048813611,,675.6
8059,5.7,1,4,3,1,0.5990541048813611,,675.7
8060,-4.300000000000001,0,4,3,1,0.5990541048813611,,675.8
8061,-4.300000000000001,0,4,3,1,0.5990541048813611,,675.8
8062,-4.6,0,6,3,1,0.5990541048813611,,675.9
8063,-4.6000000000000005,0,6,3,1,0.5990541048813611,,675.9
8064,-4.300000000000001,0,4,3,1,0.5990541048813611,,676.0
8065,5.7,1,4,3,1,0.5990541048813611,,676.1
8066,-4.300000000000001,0,4,3,1,0.5990541048813611,,676.1
8067,-4.300000000000001,0,4,3,1,0.5990541048813611,,676.2
8068,5.7,1,4,3,1,0.5990541048813611,,676.3
8069,-4.300000000000001,0,4,3,1,0.5990541048813611,,676.4
8070,-4.6,0,6,3,1,0.5990541048813611,,676.4
8071,-4.300000000000001,0,4,3,1,0.5990541048813611,,676.5
8072,-4.300000000000001,0,4,3,1,0.5990541048813611,,676.6
8073,-4.300000000000001,0,4,3,1,0.5990541048813611,,676.6
8074,-4.300000000000001,0,4,3,1,0.5990541048813611,,676.7
8075,-4.300000000000001,0,4,3,1,0.5990541048813611,,676.8
8076,-2.3000000000000003,0,4,3,1,0.5990541048813611,,676.8
8077,-4.300000000000001,0,4,3,1,0.5990541048813611,,676.9
8078,5.7,1,4,3,1,0.5990541048813611,,676.9
8079,-0.30000000000000004,0,4,3,1,0.5990541048813611,,677.0
8080,5.7,1,4,3,1,0.5990541048813611,,677.0
8081,-2.3000000000000003,0,4,3,1,0.5990541048813611,,677.1
8082,-4.300000000000001,0,4,3,1,0.5990541048813611,,677.2
8083,-4.300000000000001,0,4,3,1,0.5990541048813611,,677.3
8084,-4.300000000000001,0,4,3,1,0.5990541048813611,,677.3
8085,-4.300000000000001,0,4,3,1,0.5990541048813611,,677.4
8086,-4.300000000000001,0,4,3,1,0.5990541048813611,,677.5
8087,5.7,1,4,3,1,0.5990541048813611,,677.6
8088,-4.300000000000001,0,4,3,1,0.5990541048813611,,677.6
8089,-2.3000000000000003,0,4,3,1,0.5990541048813611,,677.7
8090,-0.6000000000000001,0,6,3,1,0.5990541048813611,,677.8
8091,-4.300000000000001,0,4,3,1,0.5990541048813611,,677.9
8092,-0.30000000000000004,0,4,3,1,0.5990541048813611,,678.0
8093,5.7,1,4,3,1,0.5990541048813611,,678.0
8094,-4.300000000000001,0,4,3,1,0.5990541048813611,,678.1
8095,-2.3000000000000003,0,4,3,1,0.5990541048813611,,678.2
8096,-0.30000000000000004,0,4,3,1,0.5990541048813611,,678.3
8097,5.7,1,4,3,1,0.5990541048813611,,678.4
8098,-4.300000000000001,0,4,3,1,0.5990541048813611,,678.4
8099,-4.300000000000001,0,4,3,1,0.5990541048813611,,678.5
8100,-4.300000000000001,0,4,3,1,0.5990541048813611,,678.5
8101,-4.300000000000001,0,4,3,1,0.5990541048813611,,678.6
8102,-4.300000000000001,0,4,3,1,0.5990541048813611,,678.7
8103,-4.300000000000001,0,4,3,1,0.5990541048813611,,678.8
8104,-4.300000000000001,0,4,3,1,0.5990541048813611,,678.9
8105,-4.300000000000001,0,4,3,1,0.5990541048813611,,678.9
8106,-2.3000000000000003,0,4,3,1,0.5990541048813611,,679.0
8107,5.7,1,4,3,1,0.5990541048813611,,679.1
8108,-4.6000000000000005,0,6,3,1,0.5990541048813611,,679.2
8109,-4.300000000000001,0,4,3,1,0.5990541048813611,,679.2
8110,-4.300000000000001,0,4,3,1,0.5990541048813611,,679.3
8111,5.7,1,4,3,1,0.5990541048813611,,679.4
8112,-4.300000000000001,0,4,3,1,0.5990541048813611,,679.4
8113,-0.30000000000000004,0,4,3,1,0.5990541048813611,,679.4
8114,5.7,1,4,3,1,0.5990541048813611,,679.5
8115,-2.3000000000000003,0,4,3,1,0.5990541048813611,,679.5
8116,-0.30000000000000004,0,4,3,1,0.5990541048813611,,679.6
8117,-0.30000000000000004,0,4,3,1,0.5990541048813611,,679.7
8118,-4.300000000000001,0,4,3,1,0.5990541048813611,,679.7
8119,-2.3000000000000003,0,4,3,1,0.5990541048813611,,679.8
8120,-4.6000000000000005,0,6,3,1,0.5990541048813611,,679.8
8121,5.7,1,4,3,1,0.5990541048813611,,679.9
8122,-2.3000000000000003,0,4,3,1,0.5990541048813611,,679.9
8123,-4.300000000000001,0,4,3,1,0.5990541048813611,,680.0
8124,-4.300000000000001,0,4,3,1,0.5990541048813611,,680.0
8125,-4.300000000000001,0,4,3,1,0.5990541048813611,,680.1
8126,-3.6000000000000005,0,6,3,1,0.5990541048813611,,680.2
8127,5.7,1,4,3,1,0.5990541048813611,,680.2
8128,5.7,1,4,3,1,0.5990541048813611,,680.3
8129,-4.300000000000001,0,4,3,1,0.5990541048813611,,680.4
8130,-5.6000000000000005,0,6,3,1,0.5990541048813611,,680.4
8131,5.7,1,4,3,1,0.5990541048813611,,680.4
8132,-4.300000000000001,0,4,3,1,0.5990541048813611,,680.5
8133,-4.300000000000001,0,4,3,1,0.5990541048813611,,680.6
8134,-4.300000000000001,0,4,3,1,0.5990541048813611,,680.7
8135,-4.6,0,6,3,1,0.5990541048813611,,680.7
8136,-3.4000000000000004,0,5,4,1,0.5990541048813611,,680.8
8137,-4.300000000000001,0,4,3,1,0.5990541048813611,,680.9
8138,-0.6000000000000001,0,6,3,1,0.5990541048813611,,680.9
8139,-2.6,0,6,3,1,0.5990541048813611,,681.0
8140,-4.300000000000001,0,4,3,1,0.5990541048813611,,681.0
8141,-2.3000000000000003,0,4,3,1,0.5990541048813611,,681.1
8142,-4.300000000000001,0,4,3,1,0.5990541048813611,,681.2
8143,-4.300000000000001,0,4,3,1,0.5990541048813611,,681.3
8144,-3.6000000000000005,0,6,3,1,0.5990541048813611,,681.3
8145,-4.300000000000001,0,4,3,1,0.5990541048813611,,681.3
8146,5.7,1,4,3,1,0.5990541048813611,,681.3
8147,-4.300000000000001,0,4,3,1,0.5990541048813611,,681.4
8148,-4.300000000000001,0,4,3,1,0.5990541048813611,,681.5
8149,5.7,1,4,3,1,0.5990541048813611,,681.6
8150,5.7,1,4,3,1,0.5990541048813611,,681.6
8151,-4.300000000000001,0,4,3,1,0.5990541048813611,,681.7
8152,-4.300000000000001,0,4,3,1,0.5990541048813611,,681.7
8153,-0.30000000000000004,0,4,3,1,0.5990541048813611,,681.8
8154,5.7,1,4,3,1,0.5990541048813611,,681.8
8155,-4.300000000000001,0,4,3,1,0.5990541048813611,,681.9
8156,-4.300000000000001,0,4,3,1,0.5990541048813611,,681.9
8157,-4.300000000000001,0,4,3,1,0.5990541048813611,,682.0
8158,-0.30000000000000004,0,4,3,1,0.5990541048813611,,682.0
8159,-4.300000000000001,0,4,3,1,0.5990541048813611,,682.1
8160,-2.3000000000000003,0,4,3,1,0.5990541048813611,,682.1
8161,-2.3000000000000003,0,4,3,1,0.5990541048813611,,682.2
8162,-4.300000000000001,0,4,3,1,0.5990541048813611,,682.3
8163,-4.300000000000001,0,4,3,1,0.5990541048813611,,682.3
8164,-4.300000000000001,0,4,3,1,0.5990541048813611,,682.4
8165,-0.30000000000000004,0,4,3,1,0.5990541048813611,,682.5
8166,5.7,1,4,3,1,0.5990541048813611,,682.5
8167,-4.300000000000001,0,4,3,1,0.5990541048813611,,682.6
8168,-2.6,0,6,3,1,0.5990541048813611,,682.6
8169,-2.3000000000000003,0,4,3,1,0.5990541048813611,,682.7
8170,-2.3000000000000003,0,4,3,1,0.5990541048813611,,682.7
8171,-2.3000000000000003,0,4,3,1,0.5990541048813611,,682.8
8172,-4.300000000000001,0,4,3,1,0.5990541048813611,,682.8
8173,-4.300000000000001,0,4,3,1,0.5990541048813611,,682.9
8174,-4.300000000000001,0,4,3,1,0.5990541048813611,,683.0
8175,-4.300000000000001,0,4,3,1,0.5990541048813611,,683.0
8176,-4.300000000000001,0,4,3,1,0.5990541048813611,,683.1
8177,-2.3000000000000003,0,4,3,1,0.5990541048813611,,683.1
8178,-4.300000000000001,0,4,3,1,0.5990541048813611,,683.1
8179,-4.300000000000001,0,4,3,1,0.5990541048813611,,683.2
8180,0.6000000000000001,0,5,4,1,0.5990541048813611,,683.3
8181,-2.3000000000000003,0,4,3,1,0.5990541048813611,,683.3
8182,-4.6000000000000005,0,6,3,1,0.5990541048813611,,683.4
8183,-0.30000000000000004,0,4,3,1,0.5990541048813611,,683.5
8184,-4.300000000000001,0,4,3,1,0.5990541048813611,,683.5
8185,-4.300000000000001,0,4,3,1,0.5990541048813611,,683.6
8186,-0.30000000000000004,0,4,3,1,0.5990541048813611,,683.6
8187,-4.300000000000001,0,4,3,1,0.5990541048813611,,683.7
8188,-4.300000000000001,0,4,3,1,0.5990541048813611,,683.7
8189,-2.3000000000000003,0,4,3,1,0.5990541048813611,,683.8
8190,-4.300000000000001,0,4,3,1,0.5990541048813611,,683.8
8191,-4.300000000000001,0,4,3,1,0.5990541048813611,,683.9
8192,-4.300000000000001,0,4,3,1,0.5990541048813611,,684.0
8193,-4.300000000000001,0,4,3,1,0.5990541048813611,,684.0
8194,-0.30000000000000004,0,4,3,1,0.5990541048813611,,684.1
8195,-4.300000000000001,0,4,3,1,0.5990541048813611,,684.2
8196,5.7,1,4,3,1,0.5990541048813611,,684.2
8197,-2.3000000000000003,0,4,3,1,0.5990541048813611,,684.3
8198,-4.300000000000001,0,4,3,1,0.5990541048813611,,684.3
8199,-4.300000000000001,0,4,3,1,0.5990541048813611,,684.4
8200,-4.300000000000001,0,4,3,1,0.5990541048813611,,684.5
8201,-2.3000000000000003,0,4,3,1,0.5990541048813611,,684.5
8202,-5.4,0,5,4,1,0.5990541048813611,,684.6
8203,-4.300000000000001,0,4,3,1,0.5990541048813611,,684.6
8204,5.7,1,4,3,1,0.5990541048813611,,684.6
8205,-4.300000000000001,0,4,3,1,0.5990541048813611,,684.7
8206,-2.3000000000000003,0,4,3,1,0.5990541048813611,,684.8
8207,-4.300000000000001,0,4,3,1,0.5990541048813611,,684.9
8208,-4.6000000000000005,0,6,3,1,0.5990541048813611,,685.0
8209,-4.300000000000001,0,4,3,1,0.5990541048813611,,685.1
8210,-0.30000000000000004,0,4,3,1,0.5990541048813611,,685.2
8211,-4.300000000000001,0,4,3,1,0.5990541048813611,,685.2
8212,-4.300000000000001,0,4,3,1,0.5990541048813611,,685.3
8213,-4.300000000000001,0,4,3,1,0.5990541048813611,,685.3
8214,-4.300000000000001,0,4,3,1,0.5990541048813611,,685.4
8215,-4.300000000000001,0,4,3,1,0.5990541048813611,,685.4
8216,-2.3000000000000003,0,4,3,1,0.5990541048813611,,685.5
8217,-0.30000000000000004,0,4,3,1,0.5990541048813611,,685.5
8218,-4.300000000000001,0,4,3,1,0.5990541048813611,,685.6
8219,-4.300000000000001,0,4,3,1,0.5990541048813611,,685.7
8220,-4.300000000000001,0,4,3,1,0.5990541048813611,,685.7
8221,-4.300000000000001,0,4,3,1,0.5990541048813611,,685.8
8222,-4.300000000000001,0,4,3,1,0.5990541048813611,,685.9
8223,-4.300000000000001,0,4,3,1,0.5990541048813611,,686.0
8224,-2.3000000000000003,0,4,3,1,0.5990541048813611,,686.0
8225,-0.30000000000000004,0,4,3,1,0.5990541048813611,,686.1
8226,-4.300000000000001,0,4,3,1,0.5990541048813611,,686.2
8227,5.7,1,4,3,1,0.5990541048813611,,686.2
8228,-4.300000000000001,0,4,3,1,0.5990541048813611,,686.3
8229,-4.300000000000001,0,4,3,1,0.5990541048813611,,686.3
8230,-2.3000000000000003,0,4,3,1,0.5990541048813611,,686.4
8231,-0.30000000000000004,0,4,3,1,0.5990541048813611,,686.5
8232,-4.300000000000001,0,4,3,1,0.5990541048813611,,686.5
8233,-2.3000000000000003,0,4,3,1,0.5990541048813611,,686.5
8234,-4.300000000000001,0,4,3,1,0.5990541048813611,,686.6
8235,-4.300000000000001,0,4,3,1,0.5990541048813611,,686.7
8236,-4.300000000000001,0,4,3,1,0.5990541048813611,,686.8
8237,-4.300000000000001,0,4,3,1,0.5990541048813611,,686.8
8238,5.7,1,4,3,1,0.5990541048813611,,686.9
8239,-4.300000000000001,0,4,3,1,0.5990541048813611,,686.9
8240,-4.6000000000000005,0,6,3,1,0.5990541048813611,,687.0
8241,-0.30000000000000004,0,4,3,1,0.5990541048813611,,687.0
8242,-4.6000000000000005,0,6,3,1,0.5990541048813611,,687.1
8243,-4.300000000000001,0,4,3,1,0.5990541048813611,,687.2
8244,-4.300000000000001,0,4,3,1,0.5990541048813611,,687.2
8245,5.7,1,4,3,1,0.5990541048813611,,687.3
8246,-0.30000000000000004,0,4,3,1,0.5990541048813611,,687.4
8247,-4.300000000000001,0,4,3,1,0.5990541048813611,,687.4
8248,-4.300000000000001,0,4,3,1,0.5990541048813611,,687.5
8249,-4.300000000000001,0,4,3,1,0.5990541048813611,,687.5
8250,-4.300000000000001,0,4,3,1,0.5990541048813611,,687.6
8251,-0.30000000000000004,0,4,3,1,0.5990541048813611,,687.7
8252,-4.300000000000001,0,4,3,1,0.5990541048813611,,687.7
8253,-2.3000000000000003,0,4,3,1,0.5990541048813611,,687.7
8254,-0.30000000000000004,0,4,3,1,0.5990541048813611,,687.8
8255,-4.300000000000001,0,4,3,1,0.5990541048813611,,687.9
8256,-4.300000000000001,0,4,3,1,0.5990541048813611,,687.9
8257,-4.300000000000001,0,4,3,1,0.5990541048813611,,688.0
8258,-4.300000000000001,0,4,3,1,0.5990541048813611,,688.0
8259,-4.300000000000001,0,4,3,1,0.5990541048813611,,688.1
8260,-4.300000000000001,0,4,3,1,0.5990541048813611,,688.2
8261,-2.3000000000000003,0,4,3,1,0.5990541048813611,,688.2
8262,-4.300000000000001,0,4,3,1,0.5990541048813611,,688.3
8263,5.4,1,6,3,1,0.5990541048813611,,688.4
8264,-4.6000000000000005,0,6,3,1,0.5990541048813611,,688.5
8265,-4.300000000000001,0,4,3,1,0.5990541048813611,,688.5
8266,-4.300000000000001,0,4,3,1,0.5990541048813611,,688.6
8267,-4.300000000000001,0,4,3,1,0.5990541048813611,,688.7
8268,-4.300000000000001,0,4,3,1,0.5990541048813611,,688.7
8269,-4.300000000000001,0,4,3,1,0.5990541048813611,,688.8
8270,-4.300000000000001,0,4,3,1,0.5990541048813611,,688.8
8271,-4.300000000000001,0,4,3,1,0.5990541048813611,,688.9
8272,-2.3000000000000003,0,4,3,1,0.5990541048813611,,688.9
8273,5.7,1,4,3,1,0.5990541048813611,,689.0
8274,-4.300000000000001,0,4,3,1,0.5990541048813611,,689.0
8275,-4.300000000000001,0,4,3,1,0.5990541048813611,,689.1
8276,-4.300000000000001,0,4,3,1,0.5990541048813611,,689.1
8277,-4.300000000000001,0,4,3,1,0.5990541048813611,,689.2
8278,-2.3000000000000003,0,4,3,1,0.5990541048813611,,689.3
8279,-4.300000000000001,0,4,3,1,0.5990541048813611,,689.4
8280,-2.3000000000000003,0,4,3,1,0.5990541048813611,,689.4
8281,-4.300000000000001,0,4,3,1,0.5990541048813611,,689.5
8282,-4.300000000000001,0,4,3,1,0.5990541048813611,,689.5
8283,-4.300000000000001,0,4,3,1,0.5990541048813611,,689.6
8284,-2.3000000000000003,0,4,3,1,0.5990541048813611,,689.6
8285,-4.300000000000001,0,4,3,1,0.5990541048813611,,689.7
8286,-4.300000000000001,0,4,3,1,0.5990541048813611,,689.8
8287,-2.3000000000000003,0,4,3,1,0.5990541048813611,,689.8
8288,-4.300000000000001,0,4,3,1,0.5990541048813611,,689.9
8289,5.7,1,4,3,1,0.5990541048813611,,690.0
8290,-4.300000000000001,0,4,3,1,0.5990541048813611,,690.0
8291,5.7,1,4,3,1,0.5990541048813611,,690.1
8292,-4.300000000000001,0,4,3,1,0.5990541048813611,,690.1
8293,-4.300000000000001,0,4,3,1,0.5990541048813611,,690.2
8294,5.7,1,4,3,1,0.5990541048813611,,690.3
8295,5.7,1,4,3,1,0.5990541048813611,,690.3
8296,-2.3000000000000003,0,4,3,1,0.5990541048813611,,690.4
8297,-4.300000000000001,0,4,3,1,0.5990541048813611,,690.4
8298,-4.300000000000001,0,4,3,1,0.5990541048813611,,690.5
8299,-4.300000000000001,0,4,3,1,0.5990541048813611,,690.5
8300,-4.300000000000001,0,4,3,1,0.5990541048813611,,690.6
8301,-4.300000000000001,0,4,3,1,0.5990541048813611,,690.7
8302,-4.300000000000001,0,4,3,1,0.5990541048813611,,690.7
8303,-5.6000000000000005,0,6,3,1,0.5990541048813611,,690.8
8304,-4.300000000000001,0,4,3,1,0.5990541048813611,,690.9
8305,-0.30000000000000004,0,4,3,1,0.5990541048813611,,691.0
8306,-4.300000000000001,0,4,3,1,0.5990541048813611,,691.0
8307,-4.300000000000001,0,4,3,1,0.5990541048813611,,691.1
8308,-3.4000000000000004,0,5,4,1,0.5990541048813611,,691.2
8309,-2.3000000000000003,0,4,3,1,0.5990541048813611,,691.2
8310,5.7,1,4,3,1,0.5990541048813611,,691.3
8311,-4.6,0,6,3,1,0.5990541048813611,,691.3
8312,-4.300000000000001,0,4,3,1,0.5990541048813611,,691.4
8313,-4.300000000000001,0,4,3,1,0.5990541048813611,,691.5
8314,-5.4,0,5,4,1,0.5990541048813611,,691.5
8315,-4.300000000000001,0,4,3,1,0.5990541048813611,,691.6
8316,5.7,1,4,3,1,0.5990541048813611,,691.6
8317,-4.300000000000001,0,4,3,1,0.5990541048813611,,691.6
8318,5.7,1,4,3,1,0.5990541048813611,,691.7
8319,-0.30000000000000004,0,4,3,1,0.5990541048813611,,691.7
8320,-4.300000000000001,0,4,3,1,0.5990541048813611,,691.8
8321,-4.6,0,6,3,1,0.5990541048813611,,691.9
8322,-2.3000000000000003,0,4,3,1,0.5990541048813611,,691.9
8323,5.7,1,4,3,1,0.5990541048813611,,692.0
8324,-2.3000000000000003,0,4,3,1,0.5990541048813611,,692.0
8325,5.7,1,4,3,1,0.5990541048813611,,692.1
8326,-4.300000000000001,0,4,3,1,0.5990541048813611,,692.1
8327,-4.300000000000001,0,4,3,1,0.5990541048813611,,692.2
8328,5.7,1,4,3,1,0.5990541048813611,,692.3
8329,-4.300000000000001,0,4,3,1,0.5990541048813611,,692.3
8330,5.7,1,4,3,1,0.5990541048813611,,692.4
8331,-2.3000000000000003,0,4,3,1,0.5990541048813611,,692.4
8332,5.7,1,4,3,1,0.5990541048813611,,692.5
8333,-4.300000000000001,0,4,3,1,0.5990541048813611,,692.6
8334,-4.300000000000001,0,4,3,1,0.5990541048813611,,692.6
8335,-4.300000000000001,0,4,3,1,0.5990541048813611,,692.7
8336,-4.300000000000001,0,4,3,1,0.5990541048813611,,692.8
8337,-4.300000000000001,0,4,3,1,0.5990541048813611,,692.9
8338,-4.300000000000001,0,4,3,1,0.5990541048813611,,693.0
8339,-4.300000000000001,0,4,3,1,0.5990541048813611,,693.0
8340,-2.3000000000000003,0,4,3,1,0.5990541048813611,,693.1
8341,-4.300000000000001,0,4,3,1,0.5990541048813611,,693.2
8342,-2.3000000000000003,0,4,3,1,0.5990541048813611,,693.3
8343,5.7,1,4,3,1,0.5990541048813611,,693.3
8344,5.7,1,4,3,1,0.5990541048813611,,693.4
8345,-4.300000000000001,0,4,3,1,0.5990541048813611,,693.5
8346,-0.30000000000000004,0,4,3,1,0.5990541048813611,,693.5
8347,-4.300000000000001,0,4,3,1,0.5990541048813611,,693.6
8348,-2.3000000000000003,0,4,3,1,0.5990541048813611,,693.7
8349,-0.30000000000000004,0,4,3,1,0.5990541048813611,,693.8
8350,-4.300000000000001,0,4,3,1,0.5990541048813611,,693.8
8351,-4.300000000000001,0,4,3,1,0.5990541048813611,,693.9
8352,-4.6000000000000005,0,6,3,1,0.5990541048813611,,694.0
8353,-4.300000000000001,0,4,3,1,0.5990541048813611,,694.0
8354,-4.300000000000001,0,4,3,1,0.5990541048813611,,694.1
8355,-4.300000000000001,0,4,3,1,0.5990541048813611,,694.1
8356,-2.3000000000000003,0,4,3,1,0.5990541048813611,,694.2
8357,4.4,1,6,3,1,0.5990541048813611,,694.2
8358,-2.3000000000000003,0,4,3,1,0.5990541048813611,,694.3
8359,-4.300000000000001,0,4,3,1,0.5990541048813611,,694.4
8360,-4.300000000000001,0,4,3,1,0.5990541048813611,,694.4
8361,-2.3000000000000003,0,4,3,1,0.5990541048813611,,694.5
8362,-4.300000000000001,0,4,3,1,0.5990541048813611,,694.5
8363,-4.300000000000001,0,4,3,1,0.5990541048813611,,694.6
8364,-4.300000000000001,0,4,3,1,0.5990541048813611,,694.7
8365,-4.300000000000001,0,4,3,1,0.5990541048813611,,694.7
8366,-0.30000000000000004,0,4,3,1,0.5990541048813611,,694.8
8367,-2.3000000000000003,0,4,3,1,0.5990541048813611,,694.8
8368,-4.300000000000001,0,4,3,1,0.5990541048813611,,694.9
8369,-4.300000000000001,0,4,3,1,0.5990541048813611,,695.0
8370,-4.300000000000001,0,4,3,1,0.5990541048813611,,695.0
8371,5.7,1,4,3,1,0.5990541048813611,,695.1
8372,-4.300000000000001,0,4,3,1,0.5990541048813611,,695.1
8373,-4.300000000000001,0,4,3,1,0.5990541048813611,,695.2
8374,-0.30000000000000004,0,4,3,1,0.5990541048813611,,695.3
8375,-4.6000000000000005,0,6,3,1,0.5990541048813611,,695.3
8376,-4.300000000000001,0,4,3,1,0.5990541048813611,,695.4
8377,-4.300000000000001,0,4,3,1,0.5990541048813611,,695.5
8378,-4.300000000000001,0,4,3,1,0.5990541048813611,,695.5
8379,-4.300000000000001,0,4,3,1,0.5990541048813611,,695.6
8380,-4.300000000000001,0,4,3,1,0.5990541048813611,,695.6
8381,-2.3000000000000003,0,4,3,1,0.5990541048813611,,695.7
8382,-2.3000000000000003,0,4,3,1,0.5990541048813611,,695.8
8383,-4.300000000000001,0,4,3,1,0.5990541048813611,,695.8
8384,-4.300000000000001,0,4,3,1,0.5990541048813611,,695.9
8385,-4.300000000000001,0,4,3,1,0.5990541048813611,,696.0
8386,-4.300000000000001,0,4,3,1,0.5990541048813611,,696.0
8387,-0.30000000000000004,0,4,3,1,0.5990541048813611,,696.1
8388,-2.3000000000000003,0,4,3,1,0.5990541048813611,,696.2
8389,-4.300000000000001,0,4,3,1,0.5990541048813611,,696.2
8390,-4.300000000000001,0,4,3,1,0.5990541048813611,,696.3
8391,-2.3000000000000003,0,4,3,1,0.5990541048813611,,696.4
8392,-2.3000000000000003,0,4,3,1,0.5990541048813611,,696.4
8393,-4.300000000000001,0,4,3,1,0.5990541048813611,,696.5
8394,-4.300000000000001,0,4,3,1,0.5990541048813611,,696.6
8395,-4.300000000000001,0,4,3,1,0.5990541048813611,,696.6
8396,-0.30000000000000004,0,4,3,1,0.5990541048813611,,696.7
8397,-2.3000000000000003,0,4,3,1,0.5990541048813611,,696.7
8398,-4.300000000000001,0,4,3,1,0.5990541048813611,,696.8
8399,-4.300000000000001,0,4,3,1,0.5990541048813611,,696.8
8400,-4.300000000000001,0,4,3,1,0.5990541048813611,,696.9
8401,-2.3000000000000003,0,4,3,1,0.5990541048813611,,697.0
8402,-4.300000000000001,0,4,3,1,0.5990541048813611,,697.0
8403,-4.300000000000001,0,4,3,1,0.5990541048813611,,697.1
8404,-2.3000000000000003,0,4,3,1,0.5990541048813611,,697.2
8405,5.7,1,4,3,1,0.5990541048813611,,697.2
8406,-4.300000000000001,0,4,3,1,0.5990541048813611,,697.3
8407,-2.3000000000000003,0,4,3,1,0.5990541048813611,,697.4
8408,-4.300000000000001,0,4,3,1,0.5990541048813611,,697.5
8409,5.7,1,4,3,1,0.5990541048813611,,697.5
8410,-4.300000000000001,0,4,3,1,0.5990541048813611,,697.6
8411,-2.3000000000000003,0,4,3,1,0.5990541048813611,,697.7
8412,-4.300000000000001,0,4,3,1,0.5990541048813611,,697.8
8413,-0.30000000000000004,0,4,3,1,0.5990541048813611,,697.8
8414,-2.3000000000000003,0,4,3,1,0.5990541048813611,,697.9
8415,-2.3000000000000003,0,4,3,1,0.5990541048813611,,698.0
8416,-0.30000000000000004,0,4,3,1,0.5990541048813611,,698.0
8417,5.7,1,4,3,1,0.5990541048813611,,698.0
8418,-0.30000000000000004,0,4,3,1,0.5990541048813611,,698.1
8419,-4.300000000000001,0,4,3,1,0.5990541048813611,,698.1
8420,-0.30000000000000004,0,4,3,1,0.5990541048813611,,698.2
8421,-2.3000000000000003,0,4,3,1,0.5990541048813611,,698.3
8422,-4.300000000000001,0,4,3,1,0.5990541048813611,,698.3
8423,-2.3000000000000003,0,4,3,1,0.5990541048813611,,698.4
8424,-5.6000000000000005,0,6,3,1,0.5990541048813611,,698.5
8425,-4.300000000000001,0,4,3,1,0.5990541048813611,,698.6
8426,-0.30000000000000004,0,4,3,1,0.5990541048813611,,698.6
8427,-4.300000000000001,0,4,3,1,0.5990541048813611,,698.6
8428,-4.300000000000001,0,4,3,1,0.5990541048813611,,698.7
8429,-4.300000000000001,0,4,3,1,0.5990541048813611,,698.7
8430,-4.300000000000001,0,4,3,1,0.5990541048813611,,698.8
8431,-4.300000000000001,0,4,3,1,0.5990541048813611,,698.8
8432,-4.300000000000001,0,4,3,1,0.5990541048813611,,698.9
8433,5.7,1,4,3,1,0.5990541048813611,,699.0
8434,-4.300000000000001,0,4,3,1,0.5990541048813611,,699.0
8435,-4.300000000000001,0,4,3,1,0.5990541048813611,,699.1
8436,-4.300000000000001,0,4,3,1,0.5990541048813611,,699.2
8437,-4.300000000000001,0,4,3,1,0.5990541048813611,,699.3
8438,-4.300000000000001,0,4,3,1,0.5990541048813611,,699.3
8439,-4.6000000000000005,0,6,3,1,0.5990541048813611,,699.4
8440,5.7,1,4,3,1,0.5990541048813611,,699.4
8441,-0.6000000000000001,0,6,3,1,0.5990541048813611,,699.5
8442,-4.300000000000001,0,4,3,1,0.5990541048813611,,699.6
8443,-4.300000000000001,0,4,3,1,0.5990541048813611,,699.6
8444,-4.300000000000001,0,4,3,1,0.5990541048813611,,699.6
8445,-4.300000000000001,0,4,3,1,0.5990541048813611,,699.7
8446,5.7,1,4,3,1,0.5990541048813611,,699.8
8447,-2.3000000000000003,0,4,3,1,0.5990541048813611,,699.8
8448,-4.300000000000001,0,4,3,1,0.5990541048813611,,699.9
8449,-4.300000000000001,0,4,3,1,0.5990541048813611,,700.0
8450,5.7,1,4,3,1,0.5990541048813611,,700.0
8451,-0.30000000000000004,0,4,3,1,0.5990541048813611,,700.1
8452,-4.300000000000001,0,4,3,1,0.5990541048813611,,700.2
8453,-0.30000000000000004,0,4,3,1,0.5990541048813611,,700.2
8454,-4.300000000000001,0,4,3,1,0.5990541048813611,,700.3
8455,-4.300000000000001,0,4,3,1,0.5990541048813611,,700.3
8456,-2.3000000000000003,0,4,3,1,0.5990541048813611,,700.4
8457,-4.300000000000001,0,4,3,1,0.5990541048813611,,700.5
8458,5.7,1,4,3,1,0.5990541048813611,,700.5
8459,5.7,1,4,3,1,0.5990541048813611,,700.6
8460,-4.300000000000001,0,4,3,1,0.5990541048813611,,700.6
8461,-4.300000000000001,0,4,3,1,0.5990541048813611,,700.7
8462,-4.300000000000001,0,4,3,1,0.5990541048813611,,700.7
8463,-4.300000000000001,0,4,3,1,0.5990541048813611,,700.7
8464,-4.300000000000001,0,4,3,1,0.5990541048813611,,700.8
8465,-4.300000000000001,0,4,3,1,0.5990541048813611,,700.9
8466,-4.300000000000001,0,4,3,1,0.5990541048813611,,700.9
8467,-4.300000000000001,0,4,3,1,0.5990541048813611,,701.0
8468,-4.300000000000001,0,4,3,1,0.5990541048813611,,701.1
8469,-2.3000000000000003,0,4,3,1,0.5990541048813611,,701.1
8470,-4.300000000000001,0,4,3,1,0.5990541048813611,,701.2
8471,5.7,1,4,3,1,0.5990541048813611,,701.3
8472,-4.300000000000001,0,4,3,1,0.5990541048813611,,701.4
8473,-4.300000000000001,0,4,3,1,0.5990541048813611,,701.4
8474,-2.3000000000000003,0,4,3,1,0.5990541048813611,,701.5
8475,-4.300000000000001,0,4,3,1,0.5990541048813611,,701.5
8476,5.7,1,4,3,1,0.5990541048813611,,701.6
8477,-0.30000000000000004,0,4,3,1,0.5990541048813611,,701.6
8478,-4.300000000000001,0,4,3,1,0.5990541048813611,,701.7
8479,-4.300000000000001,0,4,3,1,0.5990541048813611,,701.8
8480,-2.3000000000000003,0,4,3,1,0.5990541048813611,,701.9
8481,5.4,1,6,3,1,0.5990541048813611,,701.9
8482,-2.3000000000000003,0,4,3,1,0.5990541048813611,,702.0
8483,-4.300000000000001,0,4,3,1,0.5990541048813611,,702.1
8484,-2.3000000000000003,0,4,3,1,0.5990541048813611,,702.2
8485,-4.6000000000000005,0,6,3,1,0.5990541048813611,,702.2
8486,-4.300000000000001,0,4,3,1,0.5990541048813611,,702.3
8487,-0.30000000000000004,0,4,3,1,0.5968681783415377,1.8092374196276069,702.9
8488,5.7,1,4,3,1,0.5968681783415377,,703.0
8489,-4.300000000000001,0,4,3,1,0.5968681783415377,,703.0
8490,-4.300000000000001,0,4,3,1,0.5968681783415377,,703.1
8491,0.6000000000000001,0,5,4,1,0.5968681783415377,,703.2
8492,-4.300000000000001,0,4,3,1,0.5968681783415377,,703.2
8493,-4.300000000000001,0,4,3,1,0.5968681783415377,,703.3
8494,-4.300000000000001,0,4,3,1,0.5968681783415377,,703.3
8495,-4.300000000000001,0,4,3,1,0.5968681783415377,,703.4
8496,-4.300000000000001,0,4,3,1,0.5968681783415377,,703.4
8497,5.7,1,4,3,1,0.5968681783415377,,703.5
8498,-4.300000000000001,0,4,3,1,0.5968681783415377,,703.5
8499,-4.300000000000001,0,4,3,1,0.5968681783415377,,703.6
8500,-2.3000000000000003,0,4,3,1,0.5968681783415377,,703.6
8501,-0.30000000000000004,0,4,3,1,0.5968681783415377,,708.5
8502,5.7,1,4,3,1,0.5968681783415377,,708.5
8503,-4.300000000000001,0,4,3,1,0.5968681783415377,,708.6
8504,-4.300000000000001,0,4,3,1,0.5968681783415377,,708.7
8505,5.4,1,6,3,1,0.5968681783415377,,708.7
8506,-2.6,0,6,3,1,0.5968681783415377,,708.8
8507,5.7,1,4,3,1,0.5968681783415377,,708.8
8508,-4.300000000000001,0,4,3,1,0.5968681783415377,,708.9
8509,-2.3000000000000003,0,4,3,1,0.5968681783415377,,708.9
8510,-4.300000000000001,0,4,3,1,0.5968681783415377,,709.0
8511,5.7,1,4,3,1,0.5968681783415377,,709.0
8512,-4.300000000000001,0,4,3,1,0.5968681783415377,,709.1
8513,-4.300000000000001,0,4,3,1,0.5968681783415377,,709.1
8514,-0.30000000000000004,0,4,3,1,0.5968681783415377,,709.2
8515,-4.300000000000001,0,4,3,1,0.5968681783415377,,709.3
8516,-4.300000000000001,0,4,3,1,0.5968681783415377,,709.3
8517,-4.300000000000001,0,4,3,1,0.5968681783415377,,709.4
8518,-4.300000000000001,0,4,3,1,0.5968681783415377,,709.5
8519,-4.300000000000001,0,4,3,1,0.5968681783415377,,709.5
8520,-4.300000000000001,0,4,3,1,0.5968681783415377,,709.6
8521,-4.300000000000001,0,4,3,1,0.5968681783415377,,709.6
8522,-4.300000000000001,0,4,3,1,0.5968681783415377,,709.6
8523,-4.300000000000001,0,4,3,1,0.5968681783415377,,709.7
8524,-2.3000000000000003,0,4,3,1,0.5968681783415377,,709.7
8525,-4.300000000000001,0,4,3,1,0.5968681783415377,,709.7
8526,-4.300000000000001,0,4,3,1,0.5968681783415377,,709.8
8527,-4.300000000000001,0,4,3,1,0.5968681783415377,,709.9
8528,-4.300000000000001,0,4,3,1,0.5968681783415377,,709.9
8529,-4.300000000000001,0,4,3,1,0.5968681783415377,,710.0
8530,-5.6000000000000005,0,6,3,1,0.5968681783415377,,710.1
8531,-4.300000000000001,0,4,3,1,0.5968681783415377,,710.1
8532,-0.30000000000000004,0,4,3,1,0.5968681783415377,,710.2
8533,-4.300000000000001,0,4,3,1,0.5968681783415377,,710.2
8534,-4.300000000000001,0,4,3,1,0.5968681783415377,,710.3
8535,-2.3000000000000003,0,4,3,1,0.5968681783415377,,710.3
8536,-4.300000000000001,0,4,3,1,0.5968681783415377,,710.4
8537,-0.30000000000000004,0,4,3,1,0.5968681783415377,,710.5
8538,-4.300000000000001,0,4,3,1,0.5968681783415377,,710.5
8539,-4.300000000000001,0,4,3,1,0.5968681783415377,,710.6
8540,-4.6,0,6,3,1,0.5968681783415377,,710.7
8541,5.7,1,4,3,1,0.5968681783415377,,710.7
8542,-4.300000000000001,0,4,3,1,0.5968681783415377,,710.8
8543,-4.300000000000001,0,4,3,1,0.5968681783415377,,710.8
8544,-4.300000000000001,0,4,3,1,0.5968681783415377,,710.9
8545,-4.300000000000001,0,4,3,1,0.5968681783415377,,711.0
8546,-2.6,0,6,3,1,0.5968681783415377,,711.0
8547,-4.300000000000001,0,4,3,1,0.5968681783415377,,711.1
8548,-4.300000000000001,0,4,3,1,0.5968681783415377,,711.2
8549,-0.30000000000000004,0,4,3,1,0.5968681783415377,,711.3
8550,-4.300000000000001,0,4,3,1,0.5968681783415377,,711.3
8551,-1.6,0,6,3,1,0.5968681783415377,,711.4
8552,-4.300000000000001,0,4,3,1,0.5968681783415377,,711.5
8553,-4.300000000000001,0,4,3,1,0.5968681783415377,,711.5
8554,-4.300000000000001,0,4,3,1,0.5968681783415377,,711.6
8555,-4.300000000000001,0,4,3,1,0.5968681783415377,,711.7
8556,-2.3000000000000003,0,4,3,1,0.5968681783415377,,711.7
8557,5.7,1,4,3,1,0.5968681783415377,,711.8
8558,-4.300000000000001,0,4,3,1,0.5968681783415377,,711.9
8559,-2.3000000000000003,0,4,3,1,0.5968681783415377,,711.9
8560,-3.6,0,6,3,1,0.5968681783415377,,712.0
8561,-4.300000000000001,0,4,3,1,0.5968681783415377,,712.1
8562,-4.300000000000001,0,4,3,1,0.5968681783415377,,712.1
8563,-4.300000000000001,0,4,3,1,0.5968681783415377,,712.1
8564,-4.300000000000001,0,4,3,1,0.5968681783415377,,712.2
8565,-4.300000000000001,0,4,3,1,0.5968681783415377,,712.3
8566,-4.300000000000001,0,4,3,1,0.5968681783415377,,712.3
8567,-0.30000000000000004,0,4,3,1,0.5968681783415377,,712.4
8568,-2.3000000000000003,0,4,3,1,0.5968681783415377,,712.4
8569,-2.3000000000000003,0,4,3,1,0.5968681783415377,,712.5
8570,5.7,1,4,3,1,0.5968681783415377,,712.6
8571,-2.3000000000000003,0,4,3,1,0.5968681783415377,,712.6
8572,-2.3000000000000003,0,4,3,1,0.5968681783415377,,712.7
8573,-0.30000000000000004,0,4,3,1,0.5968681783415377,,712.8
8574,-5.9,0,8,3,1,0.5968681783415377,,712.9
8575,-4.300000000000001,0,4,3,1,0.5968681783415377,,713.0
8576,-4.300000000000001,0,4,3,1,0.5968681783415377,,713.1
8577,-4.300000000000001,0,4,3,1,0.5968681783415377,,713.1
8578,5.7,1,4,3,1,0.5968681783415377,,713.2
8579,-2.3000000000000003,0,4,3,1,0.5968681783415377,,713.2
8580,5.7,1,4,3,1,0.5968681783415377,,713.3
8581,-4.300000000000001,0,4,3,1,0.5968681783415377,,713.3
8582,-4.300000000000001,0,4,3,1,0.5968681783415377,,713.4
8583,-2.3000000000000003,0,4,3,1,0.5968681783415377,,713.4
8584,-2.3000000000000003,0,4,3,1,0.5968681783415377,,713.4
8585,5.7,1,4,3,1,0.5968681783415377,,713.5
8586,-4.300000000000001,0,4,3,1,0.5968681783415377,,713.6
8587,-4.300000000000001,0,4,3,1,0.5968681783415377,,713.6
8588,-4.300000000000001,0,4,3,1,0.5968681783415377,,713.7
8589,-4.300000000000001,0,4,3,1,0.5968681783415377,,713.8
8590,5.7,1,4,3,1,0.5968681783415377,,713.8
8591,-2.3000000000000003,0,4,3,1,0.5968681783415377,,713.9
8592,-0.30000000000000004,0,4,3,1,0.5968681783415377,,714.0
8593,-4.300000000000001,0,4,3,1,0.5968681783415377,,714.0
8594,-4.6,0,6,3,1,0.5968681783415377,,714.1
8595,-4.300000000000001,0,4,3,1,0.5968681783415377,,714.2
8596,-4.300000000000001,0,4,3,1,0.5968681783415377,,714.2
8597,-2.3000000000000003,0,4,3,1,0.5968681783415377,,714.3
8598,-2.3000000000000003,0,4,3,1,0.5968681783415377,,714.4
8599,-4.300000000000001,0,4,3,1,0.5968681783415377,,714.4
8600,-2.3000000000000003,0,4,3,1,0.5968681783415377,,714.5
8601,-4.300000000000001,0,4,3,1,0.5968681783415377,,714.5
8602,5.7,1,4,3,1,0.5968681783415377,,714.5
8603,-4.300000000000001,0,4,3,1,0.5968681783415377,,714.6
8604,-4.300000000000001,0,4,3,1,0.5968681783415377,,714.7
8605,-4.300000000000001,0,4,3,1,0.5968681783415377,,714.7
8606,5.7,1,4,3,1,0.5968681783415377,,714.8
8607,-2.3000000000000003,0,4,3,1,0.5968681783415377,,714.8
8608,-4.300000000000001,0,4,3,1,0.5968681783415377,,714.9
8609,-4.300000000000001,0,4,3,1,0.5968681783415377,,715.0
8610,-4.300000000000001,0,4,3,1,0.5968681783415377,,715.1
8611,-4.300000000000001,0,4,3,1,0.5968681783415377,,715.1
8612,-4.300000000000001,0,4,3,1,0.5968681783415377,,715.2
8613,-2.3000000000000003,0,4,3,1,0.5968681783415377,,715.2
8614,-2.3000000000000003,0,4,3,1,0.5968681783415377,,715.3
8615,-4.300000000000001,0,4,3,1,0.5968681783415377,,715.3
8616,-2.6,0,6,3,1,0.5968681783415377,,715.4
8617,5.7,1,4,3,1,0.5968681783415377,,715.4
8618,5.7,1,4,3,1,0.5968681783415377,,715.5
8619,-4.300000000000001,0,4,3,1,0.5968681783415377,,715.6
8620,-4.300000000000001,0,4,3,1,0.5968681783415377,,715.6
8621,-4.300000000000001,0,4,3,1,0.5968681783415377,,715.7
8622,-2.3000000000000003,0,4,3,1,0.5968681783415377,,715.8
8623,-4.300000000000001,0,4,3,1,0.5968681783415377,,715.8
8624,-0.30000000000000004,0,4,3,1,0.5968681783415377,,715.9
8625,5.7,1,4,3,1,0.5968681783415377,,716.0
8626,-4.300000000000001,0,4,3,1,0.5968681783415377,,716.0
8627,-0.30000000000000004,0,4,3,1,0.5968681783415377,,716.1
8628,-4.300000000000001,0,4,3,1,0.5968681783415377,,716.2
8629,-0.30000000000000004,0,4,3,1,0.5968681783415377,,716.3
8630,-4.300000000000001,0,4,3,1,0.5968681783415377,,716.3
8631,-2.3000000000000003,0,4,3,1,0.5968681783415377,,716.4
8632,-4.300000000000001,0,4,3,1,0.5968681783415377,,716.5
8633,5.4,1,6,3,1,0.5968681783415377,,716.5
8634,-4.300000000000001,0,4,3,1,0.5968681783415377,,716.6
8635,-4.300000000000001,0,4,3,1,0.5968681783415377,,716.7
8636,-4.300000000000001,0,4,3,1,0.5968681783415377,,716.7
8637,-0.30000000000000004,0,4,3,1,0.5968681783415377,,716.8
8638,-4.300000000000001,0,4,3,1,0.5968681783415377,,716.8
8639,-2.6,0,6,3,1,0.5968681783415377,,716.9
8640,-4.300000000000001,0,4,3,1,0.5968681783415377,,716.9
8641,5.7,1,4,3,1,0.5968681783415377,,717.0
8642,-0.30000000000000004,0,4,3,1,0.5968681783415377,,717.0
8643,-0.30000000000000004,0,4,3,1,0.5968681783415377,,717.1
8644,-4.300000000000001,0,4,3,1,0.5968681783415377,,717.1
8645,-4.300000000000001,0,4,3,1,0.5968681783415377,,717.2
8646,-4.300000000000001,0,4,3,1,0.5968681783415377,,717.3
8647,-4.300000000000001,0,4,3,1,0.5968681783415377,,717.3
8648,5.7,1,4,3,1,0.5968681783415377,,717.4
8649,-2.6000000000000005,0,6,3,1,0.5968681783415377,,717.4
8650,-4.300000000000001,0,4,3,1,0.5968681783415377,,717.5
8651,-4.300000000000001,0,4,3,1,0.5968681783415377,,717.6
8652,-2.3000000000000003,0,4,3,1,0.5968681783415377,,717.6
8653,-0.30000000000000004,0,4,3,1,0.5968681783415377,,717.7
8654,-2.3000000000000003,0,4,3,1,0.5968681783415377,,717.8
8655,5.4,1,6,3,1,0.5968681783415377,,717.9
8656,-4.300000000000001,0,4,3,1,0.5968681783415377,,717.9
8657,-4.300000000000001,0,4,3,1,0.5968681783415377,,717.9
8658,-4.300000000000001,0,4,3,1,0.5968681783415377,,718.0
8659,-0.30000000000000004,0,4,3,1,0.5968681783415377,,718.1
8660,-4.300000000000001,0,4,3,1,0.5968681783415377,,718.1
8661,-2.3000000000000003,0,4,3,1,0.5968681783415377,,718.1
8662,-0.30000000000000004,0,4,3,1,0.5968681783415377,,718.2
8663,-0.30000000000000004,0,4,3,1,0.5968681783415377,,718.3
8664,5.7,1,4,3,1,0.5968681783415377,,718.3
8665,-4.300000000000001,0,4,3,1,0.5968681783415377,,718.4
8666,-4.300000000000001,0,4,3,1,0.5968681783415377,,718.5
8667,-4.300000000000001,0,4,3,1,0.5968681783415377,,718.5
8668,-4.300000000000001,0,4,3,1,0.5968681783415377,,718.5
8669,-4.300000000000001,0,4,3,1,0.5968681783415377,,718.6
8670,-4.300000000000001,0,4,3,1,0.5968681783415377,,718.6
8671,-4.300000000000001,0,4,3,1,0.5968681783415377,,718.6
8672,-4.300000000000001,0,4,3,1,0.5968681783415377,,718.7
8673,-4.300000000000001,0,4,3,1,0.5968681783415377,,718.7
8674,-4.300000000000001,0,4,3,1,0.5968681783415377,,718.8
8675,-4.300000000000001,0,4,3,1,0.5968681783415377,,718.9
8676,-0.30000000000000004,0,4,3,1,0.5968681783415377,,718.9
8677,-0.30000000000000004,0,4,3,1,0.5968681783415377,,719.0
8678,5.7,1,4,3,1,0.5968681783415377,,719.0
8679,-4.300000000000001,0,4,3,1,0.5968681783415377,,719.1
8680,5.7,1,4,3,1,0.5968681783415377,,719.2
8681,-2.3000000000000003,0,4,3,1,0.5968681783415377,,719.2
8682,5.7,1,4,3,1,0.5968681783415377,,719.3
8683,-4.300000000000001,0,4,3,1,0.5968681783415377,,719.4
8684,-0.30000000000000004,0,4,3,1,0.5968681783415377,,719.5
8685,-2.3000000000000003,0,4,3,1,0.5968681783415377,,719.5
8686,-4.300000000000001,0,4,3,1,0.5968681783415377,,719.6
8687,-4.300000000000001,0,4,3,1,0.5968681783415377,,719.7
8688,-2.3000000000000003,0,4,3,1,0.5968681783415377,,719.7
8689,-4.6000000000000005,0,6,3,1,0.5968681783415377,,719.8
8690,-4.300000000000001,0,4,3,1,0.5968681783415377,,719.9
8691,-4.300000000000001,0,4,3,1,0.5968681783415377,,719.9
8692,-4.300000000000001,0,4,3,1,0.5968681783415377,,720.0
8693,-0.30000000000000004,0,4,3,1,0.5968681783415377,,720.1
8694,-0.30000000000000004,0,4,3,1,0.5968681783415377,,720.1
8695,-4.300000000000001,0,4,3,1,0.5968681783415377,,720.2
8696,-0.30000000000000004,0,4,3,1,0.5968681783415377,,720.3
8697,-4.9,0,8,3,1,0.5968681783415377,,720.4
8698,-4.300000000000001,0,4,3,1,0.5968681783415377,,720.4
8699,-4.300000000000001,0,4,3,1,0.5968681783415377,,720.5
8700,5.7,1,4,3,1,0.5968681783415377,,720.5
8701,-0.30000000000000004,0,4,3,1,0.5968681783415377,,720.6
8702,-4.300000000000001,0,4,3,1,0.5968681783415377,,720.7
8703,-0.30000000000000004,0,4,3,1,0.5968681783415377,,720.7
8704,-2.3000000000000003,0,4,3,1,0.5968681783415377,,720.8
8705,5.7,1,4,3,1,0.5968681783415377,,720.9
8706,-4.300000000000001,0,4,3,1,0.5968681783415377,,720.9
8707,-0.30000000000000004,0,4,3,1,0.5968681783415377,,721.0
8708,-4.300000000000001,0,4,3,1,0.5968681783415377,,721.0
8709,-4.300000000000001,0,4,3,1,0.5968681783415377,,721.1
8710,5.7,1,4,3,1,0.5968681783415377,,721.1
8711,-2.3000000000000003,0,4,3,1,0.5968681783415377,,721.2
8712,-4.300000000000001,0,4,3,1,0.5968681783415377,,721.3
8713,5.7,1,4,3,1,0.5968681783415377,,721.3
8714,5.7,1,4,3,1,0.5968681783415377,,721.4
8715,-4.300000000000001,0,4,3,1,0.5968681783415377,,721.5
8716,-2.3000000000000003,0,4,3,1,0.5968681783415377,,721.5
8717,-4.300000000000001,0,4,3,1,0.5968681783415377,,721.6
8718,-4.300000000000001,0,4,3,1,0.5968681783415377,,721.7
8719,-4.300000000000001,0,4,3,1,0.5968681783415377,,721.7
8720,5.7,1,4,3,1,0.5968681783415377,,721.8
8721,-4.300000000000001,0,4,3,1,0.5968681783415377,,721.8
8722,-4.300000000000001,0,4,3,1,0.5968681783415377,,721.9
8723,-4.300000000000001,0,4,3,1,0.5968681783415377,,722.0
8724,5.7,1,4,3,1,0.5968681783415377,,722.0
8725,-4.300000000000001,0,4,3,1,0.5968681783415377,,722.1
8726,-5.6000000000000005,0,6,3,1,0.5968681783415377,,722.2
8727,-4.300000000000001,0,4,3,1,0.5968681783415377,,722.2
8728,-2.3000000000000003,0,4,3,1,0.5968681783415377,,722.2
8729,-4.300000000000001,0,4,3,1,0.5968681783415377,,722.3
8730,-2.3000000000000003,0,4,3,1,0.5968681783415377,,722.4
8731,-4.300000000000001,0,4,3,1,0.5968681783415377,,722.5
8732,-0.30000000000000004,0,4,3,1,0.5968681783415377,,722.5
8733,-4.300000000000001,0,4,3,1,0.5968681783415377,,722.6
8734,-4.300000000000001,0,4,3,1,0.5968681783415377,,722.6
8735,-0.6000000000000001,0,6,3,1,0.5968681783415377,,722.7
8736,-4.300000000000001,0,4,3,1,0.5968681783415377,,722.8
8737,-0.30000000000000004,0,4,3,1,0.5968681783415377,,722.8
8738,-4.300000000000001,0,4,3,1,0.5968681783415377,,722.9
8739,-4.300000000000001,0,4,3,1,0.5968681783415377,,723.0
8740,5.7,1,4,3,1,0.5968681783415377,,723.0
8741,-2.3000000000000003,0,4,3,1,0.5968681783415377,,723.1
8742,-4.300000000000001,0,4,3,1,0.5968681783415377,,723.1
8743,-0.30000000000000004,0,4,3,1,0.5968681783415377,,723.2
8744,-2.3000000000000003,0,4,3,1,0.5968681783415377,,723.2
8745,-2.3000000000000003,0,4,3,1,0.5968681783415377,,723.3
8746,-4.300000000000001,0,4,3,1,0.5968681783415377,,723.4
8747,-4.300000000000001,0,4,3,1,0.5968681783415377,,723.4
8748,-4.300000000000001,0,4,3,1,0.5968681783415377,,723.5
8749,-0.30000000000000004,0,4,3,1,0.5968681783415377,,723.6
8750,-2.3000000000000003,0,4,3,1,0.5968681783415377,,723.6
8751,5.7,1,4,3,1,0.5968681783415377,,723.7
8752,-4.300000000000001,0,4,3,1,0.5968681783415377,,723.7
8753,5.7,1,4,3,1,0.5968681783415377,,723.8
8754,-2.3000000000000003,0,4,3,1,0.5968681783415377,,723.9
8755,5.7,1,4,3,1,0.5968681783415377,,723.9
8756,5.7,1,4,3,1,0.5968681783415377,,724.0
8757,-4.300000000000001,0,4,3,1,0.5968681783415377,,724.1
8758,-4.300000000000001,0,4,3,1,0.5968681783415377,,724.1
8759,-2.3000000000000003,0,4,3,1,0.5968681783415377,,724.2
8760,5.7,1,4,3,1,0.5968681783415377,,724.2
8761,-0.30000000000000004,0,4,3,1,0.5968681783415377,,724.3
8762,-4.300000000000001,0,4,3,1,0.5968681783415377,,724.4
8763,-4.300000000000001,0,4,3,1,0.5968681783415377,,724.4
8764,-4.6,0,6,3,1,0.5968681783415377,,724.5
8765,-0.30000000000000004,0,4,3,1,0.5968681783415377,,724.6
8766,4.4,1,6,3,1,0.5968681783415377,,724.6
8767,-4.300000000000001,0,4,3,1,0.5968681783415377,,724.7
8768,-4.300000000000001,0,4,3,1,0.5968681783415377,,724.8
8769,-4.300000000000001,0,4,3,1,0.5968681783415377,,724.9
8770,-2.3000000000000003,0,4,3,1,0.5968681783415377,,724.9
8771,-2.3000000000000003,0,4,3,1,0.5968681783415377,,725.0
8772,5.7,1,4,3,1,0.5968681783415377,,725.1
8773,-2.3000000000000003,0,4,3,1,0.5968681783415377,,725.1
8774,-0.30000000000000004,0,4,3,1,0.5968681783415377,,725.2
8775,-4.300000000000001,0,4,3,1,0.5968681783415377,,725.2
8776,-4.300000000000001,0,4,3,1,0.5968681783415377,,725.3
8777,-4.300000000000001,0,4,3,1,0.5968681783415377,,725.4
8778,-4.300000000000001,0,4,3,1,0.5968681783415377,,725.5
8779,-4.300000000000001,0,4,3,1,0.5968681783415377,,725.5
8780,-4.300000000000001,0,4,3,1,0.5968681783415377,,725.6
8781,-4.300000000000001,0,4,3,1,0.5968681783415377,,725.6
8782,-0.30000000000000004,0,4,3,1,0.5968681783415377,,725.7
8783,-0.30000000000000004,0,4,3,1,0.5968681783415377,,725.8
8784,5.7,1,4,3,1,0.5968681783415377,,725.8
8785,-5.6000000000000005,0,6,3,1,0.5968681783415377,,725.9
8786,-2.6,0,6,3,1,0.5968681783415377,,726.0
8787,-2.3000000000000003,0,4,3,1,0.5968681783415377,,726.0
8788,-4.300000000000001,0,4,3,1,0.5968681783415377,,726.1
8789,-4.300000000000001,0,4,3,1,0.5968681783415377,,726.2
8790,5.7,1,4,3,1,0.5968681783415377,,726.2
8791,-4.300000000000001,0,4,3,1,0.5968681783415377,,726.3
8792,-0.30000000000000004,0,4,3,1,0.5968681783415377,,726.4
8793,-4.300000000000001,0,4,3,1,0.5968681783415377,,726.5
8794,5.7,1,4,3,1,0.5968681783415377,,726.5
8795,-5.4,0,5,4,1,0.5968681783415377,,726.6
8796,-4.300000000000001,0,4,3,1,0.5968681783415377,,726.6
8797,-4.300000000000001,0,4,3,1,0.5968681783415377,,726.7
8798,5.7,1,4,3,1,0.5968681783415377,,726.8
8799,-0.30000000000000004,0,4,3,1,0.5968681783415377,,726.8
8800,-4.300000000000001,0,4,3,1,0.5968681783415377,,726.9
8801,-4.300000000000001,0,4,3,1,0.5968681783415377,,726.9
8802,-4.300000000000001,0,4,3,1,0.5968681783415377,,727.0
8803,-0.30000000000000004,0,4,3,1,0.5968681783415377,,727.1
8804,5.7,1,4,3,1,0.5968681783415377,,727.1
8805,-4.300000000000001,0,4,3,1,0.5968681783415377,,727.2
8806,-4.300000000000001,0,4,3,1,0.5968681783415377,,727.2
8807,-4.300000000000001,0,4,3,1,0.5968681783415377,,727.3
8808,-0.30000000000000004,0,4,3,1,0.5968681783415377,,727.4
8809,-2.3000000000000003,0,4,3,1,0.5968681783415377,,727.4
8810,-4.6000000000000005,0,6,3,1,0.5968681783415377,,727.5
8811,-2.3000000000000003,0,4,3,1,0.5968681783415377,,727.5
8812,-4.300000000000001,0,4,3,1,0.5968681783415377,,727.6
8813,-4.300000000000001,0,4,3,1,0.5968681783415377,,727.7
8814,-4.300000000000001,0,4,3,1,0.5968681783415377,,727.8
8815,5.7,1,4,3,1,0.5968681783415377,,727.8
8816,-2.3000000000000003,0,4,3,1,0.5968681783415377,,727.9
8817,-4.300000000000001,0,4,3,1,0.5968681783415377,,728.0
8818,-2.3000000000000003,0,4,3,1,0.5968681783415377,,728.0
8819,-4.300000000000001,0,4,3,1,0.5968681783415377,,728.1
8820,-4.300000000000001,0,4,3,1,0.5968681783415377,,728.2
8821,-4.300000000000001,0,4,3,1,0.5968681783415377,,728.2
8822,-4.300000000000001,0,4,3,1,0.5968681783415377,,728.3
8823,-4.300000000000001,0,4,3,1,0.5968681783415377,,728.4
8824,-4.300000000000001,0,4,3,1,0.5968681783415377,,728.5
8825,-2.3000000000000003,0,4,3,1,0.5968681783415377,,728.6
8826,-4.300000000000001,0,4,3,1,0.5968681783415377,,728.7
8827,-4.300000000000001,0,4,3,1,0.5968681783415377,,728.7
8828,5.7,1,4,3,1,0.5968681783415377,,728.8
8829,5.7,1,4,3,1,0.5968681783415377,,728.8
8830,-4.300000000000001,0,4,3,1,0.5968681783415377,,728.9
8831,-2.6,0,6,3,1,0.5968681783415377,,729.0
8832,-4.300000000000001,0,4,3,1,0.5968681783415377,,729.0
8833,-2.3000000000000003,0,4,3,1,0.5968681783415377,,729.1
8834,-4.300000000000001,0,4,3,1,0.5968681783415377,,729.2
8835,-2.3000000000000003,0,4,3,1,0.5968681783415377,,729.2
8836,-2.3000000000000003,0,4,3,1,0.5968681783415377,,729.2
8837,-4.300000000000001,0,4,3,1,0.5968681783415377,,729.3
8838,-4.300000000000001,0,4,3,1,0.5968681783415377,,729.4
8839,5.7,1,4,3,1,0.5968681783415377,,729.5
8840,5.7,1,4,3,1,0.5968681783415377,,729.5
8841,-4.300000000000001,0,4,3,1,0.5968681783415377,,729.6
8842,-4.300000000000001,0,4,3,1,0.5968681783415377,,729.6
8843,-2.3000000000000003,0,4,3,1,0.5968681783415377,,729.7
8844,-4.300000000000001,0,4,3,1,0.5968681783415377,,729.8
8845,-4.300000000000001,0,4,3,1,0.5968681783415377,,729.8
8846,-4.300000000000001,0,4,3,1,0.5968681783415377,,729.9
8847,-4.300000000000001,0,4,3,1,0.5968681783415377,,729.9
8848,-4.300000000000001,0,4,3,1,0.5968681783415377,,730.0
8849,-2.3000000000000003,0,4,3,1,0.5968681783415377,,730.0
8850,5.7,1,4,3,1,0.5968681783415377,,730.1
8851,-4.300000000000001,0,4,3,1,0.5968681783415377,,730.1
8852,-2.3000000000000003,0,4,3,1,0.5968681783415377,,730.2
8853,-4.300000000000001,0,4,3,1,0.5968681783415377,,730.3
8854,5.7,1,4,3,1,0.5968681783415377,,730.4
8855,5.7,1,4,3,1,0.5968681783415377,,730.5
8856,-0.9000000000000001,0,8,3,1,0.5968681783415377,,730.6
8857,-2.3000000000000003,0,4,3,1,0.5968681783415377,,730.6
8858,-4.300000000000001,0,4,3,1,0.5968681783415377,,730.7
8859,-4.300000000000001,0,4,3,1,0.5968681783415377,,730.7
8860,5.7,1,4,3,1,0.5968681783415377,,730.7
8861,-4.300000000000001,0,4,3,1,0.5968681783415377,,730.8
8862,-2.3000000000000003,0,4,3,1,0.5968681783415377,,730.9
8863,-4.300000000000001,0,4,3,1,0.5968681783415377,,731.0
8864,5.7,1,4,3,1,0.5968681783415377,,731.0
8865,-4.300000000000001,0,4,3,1,0.5968681783415377,,731.1
8866,-2.3000000000000003,0,4,3,1,0.5968681783415377,,731.1
8867,-4.300000000000001,0,4,3,1,0.5968681783415377,,731.1
8868,-2.3000000000000003,0,4,3,1,0.5968681783415377,,731.2
8869,-2.3000000000000003,0,4,3,1,0.5968681783415377,,731.2
8870,-5.4,0,5,4,1,0.5968681783415377,,731.2
8871,-4.300000000000001,0,4,3,1,0.5968681783415377,,731.3
8872,-0.30000000000000004,0,4,3,1,0.5968681783415377,,731.4
8873,-4.300000000000001,0,4,3,1,0.5968681783415377,,731.4
8874,-2.3000000000000003,0,4,3,1,0.5968681783415377,,731.5
8875,-2.3000000000000003,0,4,3,1,0.5968681783415377,,731.6
8876,-2.3000000000000003,0,4,3,1,0.5968681783415377,,731.7
8877,-0.30000000000000004,0,4,3,1,0.5968681783415377,,731.8
8878,-4.300000000000001,0,4,3,1,0.5968681783415377,,731.8
8879,-4.300000000000001,0,4,3,1,0.5968681783415377,,731.9
8880,-4.300000000000001,0,4,3,1,0.5968681783415377,,732.0
8881,-4.300000000000001,0,4,3,1,0.5968681783415377,,732.0
8882,-4.300000000000001,0,4,3,1,0.5968681783415377,,732.1
8883,-4.300000000000001,0,4,3,1,0.5968681783415377,,732.1
8884,-4.300000000000001,0,4,3,1,0.5968681783415377,,732.2
8885,-2.3000000000000003,0,4,3,1,0.5968681783415377,,732.3
8886,5.7,1,4,3,1,0.5968681783415377,,732.3
8887,-4.300000000000001,0,4,3,1,0.5968681783415377,,732.4
8888,5.7,1,4,3,1,0.5968681783415377,,732.5
8889,-4.300000000000001,0,4,3,1,0.5968681783415377,,732.5
8890,-5.6000000000000005,0,6,3,1,0.5968681783415377,,732.6
8891,-4.300000000000001,0,4,3,1,0.5968681783415377,,732.6
8892,-4.300000000000001,0,4,3,1,0.5968681783415377,,732.7
8893,-4.300000000000001,0,4,3,1,0.5968681783415377,,732.8
8894,-2.3000000000000003,0,4,3,1,0.5968681783415377,,732.8
8895,-4.300000000000001,0,4,3,1,0.5968681783415377,,732.9
8896,-4.300000000000001,0,4,3,1,0.5968681783415377,,732.9
8897,-4.300000000000001,0,4,3,1,0.5968681783415377,,733.0
8898,5.7,1,4,3,1,0.5968681783415377,,733.0
8899,-0.30000000000000004,0,4,3,1,0.5968681783415377,,733.1
8900,5.7,1,4,3,1,0.5968681783415377,,733.2
8901,-2.3000000000000003,0,4,3,1,0.5968681783415377,,733.3
8902,-0.30000000000000004,0,4,3,1,0.5968681783415377,,733.3
8903,-4.300000000000001,0,4,3,1,0.5968681783415377,,733.4
8904,-4.300000000000001,0,4,3,1,0.5968681783415377,,733.4
8905,-0.30000000000000004,0,4,3,1,0.5968681783415377,,733.5
8906,-0.30000000000000004,0,4,3,1,0.5968681783415377,,733.5
8907,-2.3000000000000003,0,4,3,1,0.5968681783415377,,733.6
8908,-0.30000000000000004,0,4,3,1,0.5968681783415377,,733.7
8909,-4.300000000000001,0,4,3,1,0.5968681783415377,,733.7
8910,-4.300000000000001,0,4,3,1,0.5968681783415377,,733.8
8911,-2.3000000000000003,0,4,3,1,0.5968681783415377,,733.9
8912,-0.30000000000000004,0,4,3,1,0.5968681783415377,,733.9
8913,-5.6000000000000005,0,6,3,1,0.5968681783415377,,734.0
8914,-4.300000000000001,0,4,3,1,0.5968681783415377,,734.1
8915,5.7,1,4,3,1,0.5968681783415377,,734.1
8916,-4.300000000000001,0,4,3,1,0.5968681783415377,,734.2
8917,-4.300000000000001,0,4,3,1,0.5968681783415377,,734.3
8918,-4.300000000000001,0,4,3,1,0.5968681783415377,,734.3
8919,-4.300000000000001,0,4,3,1,0.5968681783415377,,734.4
8920,-4.300000000000001,0,4,3,1,0.5968681783415377,,734.4
8921,-4.300000000000001,0,4,3,1,0.5968681783415377,,734.5
8922,-4.300000000000001,0,4,3,1,0.5968681783415377,,734.5
8923,-2.3000000000000003,0,4,3,1,0.5968681783415377,,734.6
8924,5.7,1,4,3,1,0.5968681783415377,,734.6
8925,-1.6,0,6,3,1,0.5968681783415377,,734.7
8926,-2.3000000000000003,0,4,3,1,0.5968681783415377,,734.7
8927,-4.300000000000001,0,4,3,1,0.5968681783415377,,734.8
8928,-1.4000000000000001,0,5,4,1,0.5968681783415377,,734.9
8929,-2.3000000000000003,0,4,3,1,0.5968681783415377,,735.0
8930,-4.300000000000001,0,4,3,1,0.5968681783415377,,735.0
8931,-2.3000000000000003,0,4,3,1,0.5968681783415377,,735.1
8932,5.7,1,4,3,1,0.5968681783415377,,735.2
8933,-2.3000000000000003,0,4,3,1,0.5968681783415377,,735.2
8934,-4.300000000000001,0,4,3,1,0.5968681783415377,,735.3
8935,-0.30000000000000004,0,4,3,1,0.5968681783415377,,735.3
8936,-0.30000000000000004,0,4,3,1,0.5968681783415377,,735.4
8937,5.7,1,4,3,1,0.5968681783415377,,735.4
8938,-4.300000000000001,0,4,3,1,0.5968681783415377,,735.5
8939,-4.6000000000000005,0,6,3,1,0.5968681783415377,,735.5
8940,-4.300000000000001,0,4,3,1,0.5968681783415377,,735.6
8941,-5.9,0,8,3,1,0.5968681783415377,,735.6
8942,-4.300000000000001,0,4,3,1,0.5968681783415377,,735.7
8943,-4.300000000000001,0,4,3,1,0.5968681783415377,,735.8
8944,-4.300000000000001,0,4,3,1,0.5968681783415377,,735.8
8945,-4.300000000000001,0,4,3,1,0.5968681783415377,,735.9
8946,-2.3000000000000003,0,4,3,1,0.5968681783415377,,735.9
8947,-4.300000000000001,0,4,3,1,0.5968681783415377,,736.0
8948,-4.300000000000001,0,4,3,1,0.5968681783415377,,736.1
8949,-4.300000000000001,0,4,3,1,0.5968681783415377,,736.1
8950,-2.3000000000000003,0,4,3,1,0.5968681783415377,,736.2
8951,-4.300000000000001,0,4,3,1,0.5968681783415377,,736.3
8952,-4.300000000000001,0,4,3,1,0.5968681783415377,,736.3
8953,-4.6000000000000005,0,6,3,1,0.5968681783415377,,736.4
8954,-2.3000000000000003,0,4,3,1,0.5968681783415377,,736.4
8955,-4.300000000000001,0,4,3,1,0.5968681783415377,,736.5
8956,5.7,1,4,3,1,0.5968681783415377,,736.5
8957,-4.300000000000001,0,4,3,1,0.5968681783415377,,736.6
8958,-0.30000000000000004,0,4,3,1,0.5968681783415377,,736.7
8959,-0.30000000000000004,0,4,3,1,0.5968681783415377,,736.8
8960,-1.9000000000000001,0,8,3,1,0.5968681783415377,,736.8
8961,-0.30000000000000004,0,4,3,1,0.5968681783415377,,736.8
8962,-4.300000000000001,0,4,3,1,0.5968681783415377,,736.9
8963,-4.300000000000001,0,4,3,1,0.5968681783415377,,737.0
8964,-4.300000000000001,0,4,3,1,0.5968681783415377,,737.1
8965,-4.300000000000001,0,4,3,1,0.5968681783415377,,737.1
8966,-4.300000000000001,0,4,3,1,0.5968681783415377,,737.2
8967,-0.30000000000000004,0,4,3,1,0.5968681783415377,,737.3
8968,5.4,1,6,3,1,0.5968681783415377,,737.3
8969,-4.300000000000001,0,4,3,1,0.5968681783415377,,737.4
8970,-4.300000000000001,0,4,3,1,0.5968681783415377,,737.5
8971,-4.6000000000000005,0,6,3,1,0.5968681783415377,,737.5
8972,-4.300000000000001,0,4,3,1,0.5968681783415377,,737.6
8973,-4.300000000000001,0,4,3,1,0.5968681783415377,,737.6
8974,-2.3000000000000003,0,4,3,1,0.5968681783415377,,737.6
8975,-4.300000000000001,0,4,3,1,0.5968681783415377,,737.7
8976,-4.300000000000001,0,4,3,1,0.5968681783415377,,737.8
8977,-4.300000000000001,0,4,3,1,0.5968681783415377,,737.8
8978,-4.300000000000001,0,4,3,1,0.5968681783415377,,737.9
8979,-2.3000000000000003,0,4,3,1,0.6026467110496014,1.6153208087198436,738.6
8980,-4.300000000000001,0,4,3,1,0.6026467110496014,,738.6
8981,5.7,1,4,3,1,0.6026467110496014,,738.7
8982,-0.30000000000000004,0,4,3,1,0.6026467110496014,,738.8
8983,-4.300000000000001,0,4,3,1,0.6026467110496014,,738.8
8984,-4.300000000000001,0,4,3,1,0.6026467110496014,,738.9
8985,-4.300000000000001,0,4,3,1,0.6026467110496014,,738.9
8986,-4.300000000000001,0,4,3,1,0.6026467110496014,,739.0
8987,-4.300000000000001,0,4,3,1,0.6026467110496014,,739.0
8988,-2.3000000000000003,0,4,3,1,0.6026467110496014,,739.1
8989,-4.300000000000001,0,4,3,1,0.6026467110496014,,739.2
8990,-4.300000000000001,0,4,3,1,0.6026467110496014,,739.3
8991,-4.300000000000001,0,4,3,1,0.6026467110496014,,739.3
8992,-0.30000000000000004,0,4,3,1,0.6026467110496014,,739.4
8993,-2.3000000000000003,0,4,3,1,0.6026467110496014,,739.4
8994,-4.300000000000001,0,4,3,1,0.6026467110496014,,739.5
8995,-4.300000000000001,0,4,3,1,0.6026467110496014,,739.5
8996,-2.3000000000000003,0,4,3,1,0.6026467110496014,,739.6
8997,-2.3000000000000003,0,4,3,1,0.6026467110496014,,739.6
8998,5.7,1,4,3,1,0.6026467110496014,,739.7
8999,-4.300000000000001,0,4,3,1,0.6026467110496014,,739.7
9000,-4.300000000000001,0,4,3,1,0.6026467110496014,,739.8
9001,-2.3000000000000003,0,4,3,1,0.6026467110496014,,744.8
9002,-2.3000000000000003,0,4,3,1,0.6026467110496014,,744.9
9003,-0.30000000000000004,0,4,3,1,0.6026467110496014,,744.9
9004,5.7,1,4,3,1,0.6026467110496014,,745.0
9005,-4.300000000000001,0,4,3,1,0.6026467110496014,,745.0
9006,-4.300000000000001,0,4,3,1,0.6026467110496014,,745.1
9007,-4.300000000000001,0,4,3,1,0.6026467110496014,,745.2
9008,-4.300000000000001,0,4,3,1,0.6026467110496014,,745.2
9009,-4.300000000000001,0,4,3,1,0.6026467110496014,,745.3
9010,-4.300000000000001,0,4,3,1,0.6026467110496014,,745.4
9011,-4.300000000000001,0,4,3,1,0.6026467110496014,,745.5
9012,-4.300000000000001,0,4,3,1,0.6026467110496014,,745.5
9013,-4.300000000000001,0,4,3,1,0.6026467110496014,,745.6
9014,5.7,1,4,3,1,0.6026467110496014,,745.6
9015,-4.300000000000001,0,4,3,1,0.6026467110496014,,745.7
9016,-4.300000000000001,0,4,3,1,0.6026467110496014,,745.8
9017,-4.300000000000001,0,4,3,1,0.6026467110496014,,745.8
9018,-4.300000000000001,0,4,3,1,0.6026467110496014,,745.9
9019,-4.300000000000001,0,4,3,1,0.6026467110496014,,746.0
9020,5.7,1,4,3,1,0.6026467110496014,,746.0
9021,-0.30000000000000004,0,4,3,1,0.6026467110496014,,746.1
9022,-4.300000000000001,0,4,3,1,0.6026467110496014,,746.2
9023,-5.4,0,5,4,1,0.6026467110496014,,746.3
9024,-4.300000000000001,0,4,3,1,0.6026467110496014,,746.3
9025,-4.300000000000001,0,4,3,1,0.6026467110496014,,746.4
9026,5.7,1,4,3,1,0.6026467110496014,,746.4
9027,-4.300000000000001,0,4,3,1,0.6026467110496014,,746.5
9028,-2.3000000000000003,0,4,3,1,0.6026467110496014,,746.6
9029,-4.300000000000001,0,4,3,1,0.6026467110496014,,746.6
9030,-0.30000000000000004,0,4,3,1,0.6026467110496014,,746.7
9031,-4.300000000000001,0,4,3,1,0.6026467110496014,,746.8
9032,5.7,1,4,3,1,0.6026467110496014,,746.8
9033,-4.300000000000001,0,4,3,1,0.6026467110496014,,746.9
9034,-4.300000000000001,0,4,3,1,0.6026467110496014,,747.0
9035,-4.300000000000001,0,4,3,1,0.6026467110496014,,747.1
9036,-4.300000000000001,0,4,3,1,0.6026467110496014,,747.1
9037,-0.30000000000000004,0,4,3,1,0.6026467110496014,,747.1
9038,-4.300000000000001,0,4,3,1,0.6026467110496014,,747.2
9039,-4.300000000000001,0,4,3,1,0.6026467110496014,,747.3
9040,-2.3000000000000003,0,4,3,1,0.6026467110496014,,747.3
9041,-4.300000000000001,0,4,3,1,0.6026467110496014,,747.4
9042,5.7,1,4,3,1,0.6026467110496014,,747.4
9043,-4.300000000000001,0,4,3,1,0.6026467110496014,,747.5
9044,-4.300000000000001,0,4,3,1,0.6026467110496014,,747.6
9045,-2.3000000000000003,0,4,3,1,0.6026467110496014,,747.6
9046,-2.3000000000000003,0,4,3,1,0.6026467110496014,,747.7
9047,-0.30000000000000004,0,4,3,1,0.6026467110496014,,747.7
9048,-4.300000000000001,0,4,3,1,0.6026467110496014,,747.8
9049,-4.300000000000001,0,4,3,1,0.6026467110496014,,747.9
9050,-4.300000000000001,0,4,3,1,0.6026467110496014,,748.0
9051,-2.3000000000000003,0,4,3,1,0.6026467110496014,,748.1
9052,-2.3000000000000003,0,4,3,1,0.6026467110496014,,748.1
9053,-4.300000000000001,0,4,3,1,0.6026467110496014,,748.2
9054,-4.300000000000001,0,4,3,1,0.6026467110496014,,748.2
9055,-4.300000000000001,0,4,3,1,0.6026467110496014,,748.3
9056,-4.300000000000001,0,4,3,1,0.6026467110496014,,748.4
9057,-4.300000000000001,0,4,3,1,0.6026467110496014,,748.4
9058,5.7,1,4,3,1,0.6026467110496014,,748.5
9059,5.4,1,6,3,1,0.6026467110496014,,748.5
9060,-4.300000000000001,0,4,3,1,0.6026467110496014,,748.6
9061,-4.300000000000001,0,4,3,1,0.6026467110496014,,748.7
9062,-4.300000000000001,0,4,3,1,0.6026467110496014,,748.8
9063,5.7,1,4,3,1,0.6026467110496014,,748.9
9064,-4.300000000000001,0,4,3,1,0.6026467110496014,,748.9
9065,-4.300000000000001,0,4,3,1,0.6026467110496014,,749.0
9066,-4.300000000000001,0,4,3,1,0.6026467110496014,,749.0
9067,-4.300000000000001,0,4,3,1,0.6026467110496014,,749.1
9068,5.7,1,4,3,1,0.6026467110496014,,749.2
9069,-4.300000000000001,0,4,3,1,0.6026467110496014,,749.2
9070,5.7,1,4,3,1,0.6026467110496014,,749.3
9071,-4.300000000000001,0,4,3,1,0.6026467110496014,,749.4
9072,-4.300000000000001,0,4,3,1,0.6026467110496014,,749.4
9073,-4.300000000000001,0,4,3,1,0.6026467110496014,,749.4
9074,-4.300000000000001,0,4,3,1,0.6026467110496014,,749.5
9075,-4.300000000000001,0,4,3,1,0.6026467110496014,,749.6
9076,-4.300000000000001,0,4,3,1,0.6026467110496014,,749.6
9077,-4.300000000000001,0,4,3,1,0.6026467110496014,,749.7
9078,-2.3000000000000003,0,4,3,1,0.6026467110496014,,749.7
9079,-4.300000000000001,0,4,3,1,0.6026467110496014,,749.8
9080,-4.300000000000001,0,4,3,1,0.6026467110496014,,749.9
9081,-4.300000000000001,0,4,3,1,0.6026467110496014,,749.9
9082,-4.300000000000001,0,4,3,1,0.6026467110496014,,750.0
9083,-4.300000000000001,0,4,3,1,0.6026467110496014,,750.0
9084,-4.300000000000001,0,4,3,1,0.6026467110496014,,750.1
9085,-4.300000000000001,0,4,3,1,0.6026467110496014,,750.1
9086,-4.300000000000001,0,4,3,1,0.6026467110496014,,750.2
9087,-4.300000000000001,0,4,3,1,0.6026467110496014,,750.2
9088,-4.300000000000001,0,4,3,1,0.6026467110496014,,750.3
9089,-4.300000000000001,0,4,3,1,0.6026467110496014,,750.4
9090,-2.3000000000000003,0,4,3,1,0.6026467110496014,,750.5
9091,-4.300000000000001,0,4,3,1,0.6026467110496014,,750.6
9092,-4.300000000000001,0,4,3,1,0.6026467110496014,,750.6
9093,-4.9,0,8,3,1,0.6026467110496014,,750.7
9094,-0.30000000000000004,0,4,3,1,0.6026467110496014,,750.8
9095,-2.3000000000000003,0,4,3,1,0.6026467110496014,,750.8
9096,-4.300000000000001,0,4,3,1,0.6026467110496014,,750.9
9097,-5.4,0,5,4,1,0.6026467110496014,,751.0
9098,5.7,1,4,3,1,0.6026467110496014,,751.0
9099,-4.300000000000001,0,4,3,1,0.6026467110496014,,751.1
9100,-4.300000000000001,0,4,3,1,0.6026467110496014,,751.1
9101,-0.30000000000000004,0,4,3,1,0.6026467110496014,,751.2
9102,-4.6,0,6,3,1,0.6026467110496014,,751.3
9103,-2.3000000000000003,0,4,3,1,0.6026467110496014,,751.4
9104,-4.300000000000001,0,4,3,1,0.6026467110496014,,751.5
9105,5.7,1,4,3,1,0.6026467110496014,,751.5
9106,-2.3000000000000003,0,4,3,1,0.6026467110496014,,751.6
9107,-4.300000000000001,0,4,3,1,0.6026467110496014,,751.6
9108,5.7,1,4,3,1,0.6026467110496014,,751.6
9109,-4.300000000000001,0,4,3,1,0.6026467110496014,,751.7
9110,-4.300000000000001,0,4,3,1,0.6026467110496014,,751.7
9111,-4.300000000000001,0,4,3,1,0.6026467110496014,,751.8
9112,-2.3000000000000003,0,4,3,1,0.6026467110496014,,751.9
9113,-4.300000000000001,0,4,3,1,0.6026467110496014,,751.9
9114,5.7,1,4,3,1,0.6026467110496014,,752.0
9115,-4.300000000000001,0,4,3,1,0.6026467110496014,,752.0
9116,-4.300000000000001,0,4,3,1,0.6026467110496014,,752.1
9117,-5.6000000000000005,0,6,3,1,0.6026467110496014,,752.2
9118,-0.30000000000000004,0,4,3,1,0.6026467110496014,,752.3
9119,-2.3000000000000003,0,4,3,1,0.6026467110496014,,752.3
9120,-0.30000000000000004,0,4,3,1,0.6026467110496014,,752.4
9121,-4.6,0,6,3,1,0.6026467110496014,,752.4
9122,-0.30000000000000004,0,4,3,1,0.6026467110496014,,752.5
9123,-5.6000000000000005,0,6,3,1,0.6026467110496014,,752.6
9124,5.7,1,4,3,1,0.6026467110496014,,752.7
9125,5.7,1,4,3,1,0.6026467110496014,,752.7
9126,5.7,1,4,3,1,0.6026467110496014,,752.8
9127,-2.3000000000000003,0,4,3,1,0.6026467110496014,,752.9
9128,-4.300000000000001,0,4,3,1,0.6026467110496014,,753.0
9129,-2.3000000000000003,0,4,3,1,0.6026467110496014,,753.0
9130,-0.30000000000000004,0,4,3,1,0.6026467110496014,,753.1
9131,5.7,1,4,3,1,0.6026467110496014,,753.1
9132,-2.3000000000000003,0,4,3,1,0.6026467110496014,,753.2
9133,5.7,1,4,3,1,0.6026467110496014,,753.3
9134,5.7,1,4,3,1,0.6026467110496014,,753.3
9135,-4.300000000000001,0,4,3,1,0.6026467110496014,,753.4
9136,-4.300000000000001,0,4,3,1,0.6026467110496014,,753.4
9137,-4.300000000000001,0,4,3,1,0.6026467110496014,,753.5
9138,-4.300000000000001,0,4,3,1,0.6026467110496014,,753.6
9139,-4.300000000000001,0,4,3,1,0.6026467110496014,,753.6
9140,-0.30000000000000004,0,4,3,1,0.6026467110496014,,753.6
9141,-4.6,0,6,3,1,0.6026467110496014,,753.7
9142,-4.300000000000001,0,4,3,1,0.6026467110496014,,753.8
9143,-4.300000000000001,0,4,3,1,0.6026467110496014,,753.9
9144,-4.300000000000001,0,4,3,1,0.6026467110496014,,753.9
9145,-4.300000000000001,0,4,3,1,0.6026467110496014,,754.0
9146,5.7,1,4,3,1,0.6026467110496014,,754.0
9147,-2.3000000000000003,0,4,3,1,0.6026467110496014,,754.1
9148,5.7,1,4,3,1,0.6026467110496014,,754.1
9149,-4.300000000000001,0,4,3,1,0.6026467110496014,,754.2
9150,-2.3000000000000003,0,4,3,1,0.6026467110496014,,754.2
9151,-2.3000000000000003,0,4,3,1,0.6026467110496014,,754.3
9152,5.7,1,4,3,1,0.6026467110496014,,754.4
9153,-4.300000000000001,0,4,3,1,0.6026467110496014,,754.4
9154,-0.30000000000000004,0,4,3,1,0.6026467110496014,,754.4
9155,-4.300000000000001,0,4,3,1,0.6026467110496014,,754.5
9156,-4.300000000000001,0,4,3,1,0.6026467110496014,,754.6
9157,-4.6000000000000005,0,6,3,1,0.6026467110496014,,754.6
9158,5.7,1,4,3,1,0.6026467110496014,,754.7
9159,-4.300000000000001,0,4,3,1,0.6026467110496014,,754.7
9160,-0.6000000000000001,0,6,3,1,0.6026467110496014,,754.8
9161,-4.300000000000001,0,4,3,1,0.6026467110496014,,754.8
9162,-0.30000000000000004,0,4,3,1,0.6026467110496014,,754.9
9163,-4.300000000000001,0,4,3,1,0.6026467110496014,,755.0
9164,-4.300000000000001,0,4,3,1,0.6026467110496014,,755.0
9165,-4.300000000000001,0,4,3,1,0.6026467110496014,,755.1
9166,-4.300000000000001,0,4,3,1,0.6026467110496014,,755.2
9167,-4.300000000000001,0,4,3,1,0.6026467110496014,,755.3
9168,-4.300000000000001,0,4,3,1,0.6026467110496014,,755.4
9169,5.7,1,4,3,1,0.6026467110496014,,755.4
9170,-4.300000000000001,0,4,3,1,0.6026467110496014,,755.5
9171,-4.300000000000001,0,4,3,1,0.6026467110496014,,755.5
9172,-2.3000000000000003,0,4,3,1,0.6026467110496014,,755.6
9173,-0.30000000000000004,0,4,3,1,0.6026467110496014,,755.6
9174,-4.300000000000001,0,4,3,1,0.6026467110496014,,755.7
9175,-4.300000000000001,0,4,3,1,0.6026467110496014,,755.8
9176,5.7,1,4,3,1,0.6026467110496014,,755.8
9177,-4.300000000000001,0,4,3,1,0.6026467110496014,,755.8
9178,5.7,1,4,3,1,0.6026467110496014,,755.9
9179,-4.300000000000001,0,4,3,1,0.6026467110496014,,755.9
9180,-4.300000000000001,0,4,3,1,0.6026467110496014,,756.0
9181,-0.30000000000000004,0,4,3,1,0.6026467110496014,,756.1
9182,-4.300000000000001,0,4,3,1,0.6026467110496014,,756.1
9183,-4.300000000000001,0,4,3,1,0.6026467110496014,,756.2
9184,-0.30000000000000004,0,4,3,1,0.6026467110496014,,756.3
9185,5.7,1,4,3,1,0.6026467110496014,,756.3
9186,-4.300000000000001,0,4,3,1,0.6026467110496014,,756.4
9187,-4.300000000000001,0,4,3,1,0.6026467110496014,,756.5
9188,-4.300000000000001,0,4,3,1,0.6026467110496014,,756.5
9189,-4.300000000000001,0,4,3,1,0.6026467110496014,,756.6
9190,-0.30000000000000004,0,4,3,1,0.6026467110496014,,756.6
9191,-4.300000000000001,0,4,3,1,0.6026467110496014,,756.7
9192,5.7,1,4,3,1,0.6026467110496014,,756.7
9193,-4.6000000000000005,0,6,3,1,0.6026467110496014,,756.8
9194,-4.300000000000001,0,4,3,1,0.6026467110496014,,756.9
9195,-0.30000000000000004,0,4,3,1,0.6026467110496014,,756.9
9196,-4.300000000000001,0,4,3,1,0.6026467110496014,,757.0
9197,-0.30000000000000004,0,4,3,1,0.6026467110496014,,757.1
9198,-4.300000000000001,0,4,3,1,0.6026467110496014,,757.1
9199,-2.3000000000000003,0,4,3,1,0.6026467110496014,,757.2
9200,-2.3000000000000003,0,4,3,1,0.6026467110496014,,757.3
9201,-2.3000000000000003,0,4,3,1,0.6026467110496014,,757.4
9202,-4.300000000000001,0,4,3,1,0.6026467110496014,,757.5
9203,-0.6000000000000001,0,6,3,1,0.6026467110496014,,757.5
9204,-4.6000000000000005,0,6,3,1,0.6026467110496014,,757.6
9205,5.7,1,4,3,1,0.6026467110496014,,757.7
9206,-4.300000000000001,0,4,3,1,0.6026467110496014,,757.7
9207,-4.300000000000001,0,4,3,1,0.6026467110496014,,757.8
9208,-0.30000000000000004,0,4,3,1,0.6026467110496014,,757.8
9209,-2.3000000000000003,0,4,3,1,0.6026467110496014,,757.9
9210,-4.6000000000000005,0,6,3,1,0.6026467110496014,,758.0
9211,-0.30000000000000004,0,4,3,1,0.6026467110496014,,758.0
9212,-4.300000000000001,0,4,3,1,0.6026467110496014,,758.1
9213,-2.3000000000000003,0,4,3,1,0.6026467110496014,,758.1
9214,-2.3000000000000003,0,4,3,1,0.6026467110496014,,758.2
9215,-4.300000000000001,0,4,3,1,0.6026467110496014,,758.3
9216,-4.300000000000001,0,4,3,1,0.6026467110496014,,758.4
9217,-0.30000000000000004,0,4,3,1,0.6026467110496014,,758.4
9218,-1.6,0,6,3,1,0.6026467110496014,,758.5
9219,-0.30000000000000004,0,4,3,1,0.6026467110496014,,758.6
9220,5.7,1,4,3,1,0.6026467110496014,,758.6
9221,5.7,1,4,3,1,0.6026467110496014,,758.7
9222,-4.300000000000001,0,4,3,1,0.6026467110496014,,758.7
9223,-2.3000000000000003,0,4,3,1,0.6026467110496014,,758.8
9224,5.7,1,4,3,1,0.6026467110496014,,758.8
9225,-5.4,0,5,4,1,0.6026467110496014,,758.9
9226,-4.300000000000001,0,4,3,1,0.6026467110496014,,758.9
9227,-2.3000000000000003,0,4,3,1,0.6026467110496014,,759.0
9228,-0.30000000000000004,0,4,3,1,0.6026467110496014,,759.0
9229,-0.30000000000000004,0,4,3,1,0.6026467110496014,,759.1
9230,5.7,1,4,3,1,0.6026467110496014,,759.1
9231,-4.300000000000001,0,4,3,1,0.6026467110496014,,759.2
9232,-4.300000000000001,0,4,3,1,0.6026467110496014,,759.2
9233,-4.300000000000001,0,4,3,1,0.6026467110496014,,759.3
9234,-5.4,0,5,4,1,0.6026467110496014,,759.4
9235,-4.300000000000001,0,4,3,1,0.6026467110496014,,759.4
9236,-2.3000000000000003,0,4,3,1,0.6026467110496014,,759.5
9237,-4.300000000000001,0,4,3,1,0.6026467110496014,,759.5
9238,-2.3000000000000003,0,4,3,1,0.6026467110496014,,759.6
9239,5.7,1,4,3,1,0.6026467110496014,,759.6
9240,5.7,1,4,3,1,0.6026467110496014,,759.7
9241,-5.6000000000000005,0,6,3,1,0.6026467110496014,,759.8
9242,-2.3000000000000003,0,4,3,1,0.6026467110496014,,759.8
9243,-4.300000000000001,0,4,3,1,0.6026467110496014,,759.9
9244,-4.300000000000001,0,4,3,1,0.6026467110496014,,759.9
9245,-4.300000000000001,0,4,3,1,0.6026467110496014,,760.0
9246,-4.300000000000001,0,4,3,1,0.6026467110496014,,760.1
9247,-4.300000000000001,0,4,3,1,0.6026467110496014,,760.1
9248,-4.6,0,6,3,1,0.6026467110496014,,760.2
9249,5.7,1,4,3,1,0.6026467110496014,,760.3
9250,-3.4000000000000004,0,5,4,1,0.6026467110496014,,760.3
9251,-4.300000000000001,0,4,3,1,0.6026467110496014,,760.4
9252,-4.300000000000001,0,4,3,1,0.6026467110496014,,760.4
9253,-2.3000000000000003,0,4,3,1,0.6026467110496014,,760.5
9254,-0.30000000000000004,0,4,3,1,0.6026467110496014,,760.5
9255,-4.300000000000001,0,4,3,1,0.6026467110496014,,760.6
9256,-2.3000000000000003,0,4,3,1,0.6026467110496014,,760.6
9257,-4.300000000000001,0,4,3,1,0.6026467110496014,,760.7
9258,-0.30000000000000004,0,4,3,1,0.6026467110496014,,760.8
9259,-4.300000000000001,0,4,3,1,0.6026467110496014,,760.9
9260,5.7,1,4,3,1,0.6026467110496014,,760.9
9261,-4.300000000000001,0,4,3,1,0.6026467110496014,,761.0
9262,-2.3000000000000003,0,4,3,1,0.6026467110496014,,761.0
9263,5.7,1,4,3,1,0.6026467110496014,,761.1
9264,-4.6000000000000005,0,6,3,1,0.6026467110496014,,761.2
9265,5.7,1,4,3,1,0.6026467110496014,,761.2
9266,-4.300000000000001,0,4,3,1,0.6026467110496014,,761.3
9267,5.7,1,4,3,1,0.6026467110496014,,761.4
9268,5.7,1,4,3,1,0.6026467110496014,,761.4
9269,-4.300000000000001,0,4,3,1,0.6026467110496014,,761.5
9270,-4.300000000000001,0,4,3,1,0.6026467110496014,,761.6
9271,-4.300000000000001,0,4,3,1,0.6026467110496014,,761.7
9272,-4.300000000000001,0,4,3,1,0.6026467110496014,,761.7
9273,-4.300000000000001,0,4,3,1,0.6026467110496014,,761.8
9274,-2.3000000000000003,0,4,3,1,0.6026467110496014,,761.9
9275,-2.3000000000000003,0,4,3,1,0.6026467110496014,,762.0
9276,-4.300000000000001,0,4,3,1,0.6026467110496014,,762.0
9277,5.7,1,4,3,1,0.6026467110496014,,762.1
9278,-4.300000000000001,0,4,3,1,0.6026467110496014,,762.2
9279,-4.300000000000001,0,4,3,1,0.6026467110496014,,762.2
9280,-0.30000000000000004,0,4,3,1,0.6026467110496014,,762.3
9281,-4.300000000000001,0,4,3,1,0.6026467110496014,,762.3
9282,-4.300000000000001,0,4,3,1,0.6026467110496014,,762.4
9283,-2.3000000000000003,0,4,3,1,0.6026467110496014,,762.5
9284,-4.300000000000001,0,4,3,1,0.6026467110496014,,762.5
9285,-4.300000000000001,0,4,3,1,0.6026467110496014,,762.6
9286,-4.300000000000001,0,4,3,1,0.6026467110496014,,762.6
9287,-4.300000000000001,0,4,3,1,0.6026467110496014,,762.7
9288,-4.300000000000001,0,4,3,1,0.6026467110496014,,762.8
9289,-4.300000000000001,0,4,3,1,0.6026467110496014,,762.8
9290,-4.300000000000001,0,4,3,1,0.6026467110496014,,762.9
9291,-2.3000000000000003,0,4,3,1,0.6026467110496014,,763.0
9292,-4.300000000000001,0,4,3,1,0.6026467110496014,,763.0
9293,-4.300000000000001,0,4,3,1,0.6026467110496014,,763.1
9294,-4.300000000000001,0,4,3,1,0.6026467110496014,,763.2
9295,-4.300000000000001,0,4,3,1,0.6026467110496014,,763.3
9296,-4.300000000000001,0,4,3,1,0.6026467110496014,,763.3
9297,5.7,1,4,3,1,0.6026467110496014,,763.4
9298,-4.300000000000001,0,4,3,1,0.6026467110496014,,763.4
9299,-4.300000000000001,0,4,3,1,0.6026467110496014,,763.5
9300,-2.3000000000000003,0,4,3,1,0.6026467110496014,,763.5
9301,5.7,1,4,3,1,0.6026467110496014,,763.6
9302,-4.300000000000001,0,4,3,1,0.6026467110496014,,763.6
9303,-4.300000000000001,0,4,3,1,0.6026467110496014,,763.7
9304,-0.30000000000000004,0,4,3,1,0.6026467110496014,,763.8
9305,-2.3000000000000003,0,4,3,1,0.6026467110496014,,763.8
9306,-4.300000000000001,0,4,3,1,0.6026467110496014,,763.9
9307,-4.300000000000001,0,4,3,1,0.6026467110496014,,764.0
9308,-4.300000000000001,0,4,3,1,0.6026467110496014,,764.1
9309,-4.300000000000001,0,4,3,1,0.6026467110496014,,764.2
9310,-2.3000000000000003,0,4,3,1,0.6026467110496014,,764.2
9311,-4.300000000000001,0,4,3,1,0.6026467110496014,,764.3
9312,-4.6000000000000005,0,6,3,1,0.6026467110496014,,764.4
9313,-2.3000000000000003,0,4,3,1,0.6026467110496014,,764.4
9314,-2.3000000000000003,0,4,3,1,0.6026467110496014,,764.5
9315,-4.6,0,6,3,1,0.6026467110496014,,764.5
9316,-2.3000000000000003,0,4,3,1,0.6026467110496014,,764.6
9317,-4.300000000000001,0,4,3,1,0.6026467110496014,,764.6
9318,-4.300000000000001,0,4,3,1,0.6026467110496014,,764.7
9319,-4.300000000000001,0,4,3,1,0.6026467110496014,,764.7
9320,-4.300000000000001,0,4,3,1,0.6026467110496014,,764.8
9321,-4.300000000000001,0,4,3,1,0.6026467110496014,,764.8
9322,-4.300000000000001,0,4,3,1,0.6026467110496014,,764.9
9323,-3.6000000000000005,0,6,3,1,0.6026467110496014,,765.0
9324,5.7,1,4,3,1,0.6026467110496014,,765.0
9325,-4.300000000000001,0,4,3,1,0.6026467110496014,,765.1
9326,-2.3000000000000003,0,4,3,1,0.6026467110496014,,765.2
9327,-2.3000000000000003,0,4,3,1,0.6026467110496014,,765.2
9328,-0.30000000000000004,0,4,3,1,0.6026467110496014,,765.3
9329,5.7,1,4,3,1,0.6026467110496014,,765.4
9330,-2.3000000000000003,0,4,3,1,0.6026467110496014,,765.4
9331,-4.300000000000001,0,4,3,1,0.6026467110496014,,765.5
9332,-4.300000000000001,0,4,3,1,0.6026467110496014,,765.6
9333,-4.300000000000001,0,4,3,1,0.6026467110496014,,765.6
9334,-4.300000000000001,0,4,3,1,0.6026467110496014,,765.7
9335,-4.300000000000001,0,4,3,1,0.6026467110496014,,765.8
9336,5.7,1,4,3,1,0.6026467110496014,,765.8
9337,-4.6,0,6,3,1,0.6026467110496014,,765.9
9338,-2.3000000000000003,0,4,3,1,0.6026467110496014,,765.9
9339,-2.3000000000000003,0,4,3,1,0.6026467110496014,,766.0
9340,5.7,1,4,3,1,0.6026467110496014,,766.1
9341,-4.300000000000001,0,4,3,1,0.6026467110496014,,766.1
9342,-4.300000000000001,0,4,3,1,0.6026467110496014,,766.2
9343,5.7,1,4,3,1,0.6026467110496014,,766.3
9344,-4.300000000000001,0,4,3,1,0.6026467110496014,,766.3
9345,-4.300000000000001,0,4,3,1,0.6026467110496014,,766.4
9346,-4.300000000000001,0,4,3,1,0.6026467110496014,,766.5
9347,-0.30000000000000004,0,4,3,1,0.6026467110496014,,766.6
9348,-2.3000000000000003,0,4,3,1,0.6026467110496014,,766.7
9349,5.7,1,4,3,1,0.6026467110496014,,766.7
9350,-0.30000000000000004,0,4,3,1,0.6026467110496014,,766.7
9351,-4.300000000000001,0,4,3,1,0.6026467110496014,,766.8
9352,-4.300000000000001,0,4,3,1,0.6026467110496014,,766.9
9353,5.7,1,4,3,1,0.6026467110496014,,766.9
9354,-4.300000000000001,0,4,3,1,0.6026467110496014,,767.0
9355,5.7,1,4,3,1,0.6026467110496014,,767.1
9356,-4.300000000000001,0,4,3,1,0.6026467110496014,,767.1
9357,-5.6000000000000005,0,6,3,1,0.6026467110496014,,767.2
9358,-4.300000000000001,0,4,3,1,0.6026467110496014,,767.3
9359,-4.300000000000001,0,4,3,1,0.6026467110496014,,767.4
9360,-2.6,0,6,3,1,0.6026467110496014,,767.4
9361,-4.300000000000001,0,4,3,1,0.6026467110496014,,767.5
9362,-2.3000000000000003,0,4,3,1,0.6026467110496014,,767.5
9363,-4.300000000000001,0,4,3,1,0.6026467110496014,,767.6
9364,5.7,1,4,3,1,0.6026467110496014,,767.7
9365,-4.300000000000001,0,4,3,1,0.6026467110496014,,767.8
9366,-0.30000000000000004,0,4,3,1,0.6026467110496014,,767.8
9367,-4.300000000000001,0,4,3,1,0.6026467110496014,,767.9
9368,-4.300000000000001,0,4,3,1,0.6026467110496014,,768.0
9369,-4.300000000000001,0,4,3,1,0.6026467110496014,,768.1
9370,-5.6000000000000005,0,6,3,1,0.6026467110496014,,768.2
9371,-2.3000000000000003,0,4,3,1,0.6026467110496014,,768.2
9372,-4.300000000000001,0,4,3,1,0.6026467110496014,,768.3
9373,-0.30000000000000004,0,4,3,1,0.6026467110496014,,768.4
9374,-2.3000000000000003,0,4,3,1,0.6026467110496014,,768.4
9375,-0.30000000000000004,0,4,3,1,0.6026467110496014,,768.4
9376,-4.300000000000001,0,4,3,1,0.6026467110496014,,768.5
9377,5.7,1,4,3,1,0.6026467110496014,,768.5
9378,-4.300000000000001,0,4,3,1,0.6026467110496014,,768.6
9379,-4.300000000000001,0,4,3,1,0.6026467110496014,,768.7
9380,-0.30000000000000004,0,4,3,1,0.6026467110496014,,768.8
9381,-0.30000000000000004,0,4,3,1,0.6026467110496014,,768.8
9382,-4.6,0,6,3,1,0.6026467110496014,,768.9
9383,-0.6000000000000001,0,6,3,1,0.6026467110496014,,769.0
9384,-4.300000000000001,0,4,3,1,0.6026467110496014,,769.1
9385,-2.3000000000000003,0,4,3,1,0.6026467110496014,,769.1
9386,5.4,1,6,3,1,0.6026467110496014,,769.2
9387,-0.30000000000000004,0,4,3,1,0.6026467110496014,,769.2
9388,-4.300000000000001,0,4,3,1,0.6026467110496014,,769.3
9389,-4.300000000000001,0,4,3,1,0.6026467110496014,,769.3
9390,-2.3000000000000003,0,4,3,1,0.6026467110496014,,769.4
9391,-4.300000000000001,0,4,3,1,0.6026467110496014,,769.4
9392,-4.300000000000001,0,4,3,1,0.6026467110496014,,769.5
9393,-4.300000000000001,0,4,3,1,0.6026467110496014,,769.5
9394,-4.300000000000001,0,4,3,1,0.6026467110496014,,769.6
9395,-5.6000000000000005,0,6,3,1,0.6026467110496014,,769.6
9396,-4.300000000000001,0,4,3,1,0.6026467110496014,,769.7
9397,-2.9000000000000004,0,8,3,1,0.6026467110496014,,769.8
9398,-4.300000000000001,0,4,3,1,0.6026467110496014,,769.8
9399,-4.300000000000001,0,4,3,1,0.6026467110496014,,769.9
9400,-2.3000000000000003,0,4,3,1,0.6026467110496014,,770.0
9401,-4.300000000000001,0,4,3,1,0.6026467110496014,,770.0
9402,-4.300000000000001,0,4,3,1,0.6026467110496014,,770.1
9403,-2.3000000000000003,0,4,3,1,0.6026467110496014,,770.2
9404,-4.300000000000001,0,4,3,1,0.6026467110496014,,770.2
9405,-4.300000000000001,0,4,3,1,0.6026467110496014,,770.3
9406,-4.300000000000001,0,4,3,1,0.6026467110496014,,770.3
9407,-4.300000000000001,0,4,3,1,0.6026467110496014,,770.4
9408,-4.300000000000001,0,4,3,1,0.6026467110496014,,770.5
9409,-4.300000000000001,0,4,3,1,0.6026467110496014,,770.6
9410,-4.300000000000001,0,4,3,1,0.6026467110496014,,770.6
9411,-4.300000000000001,0,4,3,1,0.6026467110496014,,770.7
9412,-4.300000000000001,0,4,3,1,0.6026467110496014,,770.8
9413,-4.6000000000000005,0,6,3,1,0.6026467110496014,,770.8
9414,-2.3000000000000003,0,4,3,1,0.6026467110496014,,770.9
9415,-4.300000000000001,0,4,3,1,0.6026467110496014,,770.9
9416,5.7,1,4,3,1,0.6026467110496014,,771.0
9417,5.7,1,4,3,1,0.6026467110496014,,771.1
9418,-2.3000000000000003,0,4,3,1,0.6026467110496014,,771.1
9419,-4.300000000000001,0,4,3,1,0.6026467110496014,,771.1
9420,-4.300000000000001,0,4,3,1,0.6026467110496014,,771.2
9421,5.7,1,4,3,1,0.6026467110496014,,771.2
9422,-5.6000000000000005,0,6,3,1,0.6026467110496014,,771.3
9423,-2.3000000000000003,0,4,3,1,0.6026467110496014,,771.4
9424,-4.300000000000001,0,4,3,1,0.6026467110496014,,771.5
9425,-4.300000000000001,0,4,3,1,0.6026467110496014,,771.6
9426,-4.300000000000001,0,4,3,1,0.6026467110496014,,771.7
9427,-4.300000000000001,0,4,3,1,0.6026467110496014,,771.7
9428,-5.4,0,5,4,1,0.6026467110496014,,771.8
9429,-4.6,0,6,3,1,0.6026467110496014,,771.9
9430,-4.300000000000001,0,4,3,1,0.6026467110496014,,771.9
9431,-4.300000000000001,0,4,3,1,0.6026467110496014,,772.0
9432,-4.300000000000001,0,4,3,1,0.6026467110496014,,772.0
9433,-0.30000000000000004,0,4,3,1,0.6026467110496014,,772.1
9434,-4.300000000000001,0,4,3,1,0.6026467110496014,,772.2
9435,-4.300000000000001,0,4,3,1,0.6026467110496014,,772.2
9436,5.7,1,4,3,1,0.6026467110496014,,772.3
9437,-4.300000000000001,0,4,3,1,0.6026467110496014,,772.3
9438,5.7,1,4,3,1,0.6026467110496014,,772.4
9439,5.7,1,4,3,1,0.6026467110496014,,772.5
9440,-4.300000000000001,0,4,3,1,0.6026467110496014,,772.6
9441,-4.300000000000001,0,4,3,1,0.6026467110496014,,772.6
9442,-4.300000000000001,0,4,3,1,0.6026467110496014,,772.7
9443,-4.300000000000001,0,4,3,1,0.6026467110496014,,772.8
9444,-0.30000000000000004,0,4,3,1,0.6026467110496014,,772.9
9445,5.7,1,4,3,1,0.6026467110496014,,772.9
9446,-4.300000000000001,0,4,3,1,0.6026467110496014,,773.0
9447,-4.300000000000001,0,4,3,1,0.6026467110496014,,773.0
9448,-0.30000000000000004,0,4,3,1,0.6026467110496014,,773.1
9449,-4.300000000000001,0,4,3,1,0.6026467110496014,,773.2
9450,-4.300000000000001,0,4,3,1,0.6026467110496014,,773.3
9451,5.7,1,4,3,1,0.6026467110496014,,773.3
9452,-4.300000000000001,0,4,3,1,0.6026467110496014,,773.4
9453,-4.300000000000001,0,4,3,1,0.6026467110496014,,773.5
9454,-4.300000000000001,0,4,3,1,0.6026467110496014,,773.6
9455,5.7,1,4,3,1,0.6026467110496014,,773.6
9456,-0.30000000000000004,0,4,3,1,0.6026467110496014,,773.6
9457,5.4,1,6,3,1,0.6026467110496014,,773.7
9458,-4.300000000000001,0,4,3,1,0.6026467110496014,,773.7
9459,-4.300000000000001,0,4,3,1,0.6026467110496014,,773.8
9460,-4.300000000000001,0,4,3,1,0.6026467110496014,,773.8
9461,6.6,1,5,4,1,0.6026467110496014,,773.9
9462,-2.3000000000000003,0,4,3,1,0.6026467110496014,,773.9
9463,-4.300000000000001,0,4,3,1,0.6026467110496014,,774.0
9464,5.7,1,4,3,1,0.6026467110496014,,774.1
9465,5.7,1,4,3,1,0.6026467110496014,,774.2
9466,-4.300000000000001,0,4,3,1,0.6026467110496014,,774.2
9467,-4.300000000000001,0,4,3,1,0.6026467110496014,,774.3
9468,-4.300000000000001,0,4,3,1,0.6026467110496014,,774.4
9469,-2.3000000000000003,0,4,3,1,0.6026467110496014,,774.4
9470,-2.3000000000000003,0,4,3,1,0.6026467110496014,,774.5
9471,-4.300000000000001,0,4,3,1,0.6026467110496014,,774.6
9472,5.7,1,4,3,1,0.5789654119871557,1.5605600769631565,775.2
9473,-4.300000000000001,0,4,3,1,0.5789654119871557,,775.3
9474,-4.300000000000001,0,4,3,1,0.5789654119871557,,775.3
9475,-4.300000000000001,0,4,3,1,0.5789654119871557,,775.4
9476,5.7,1,4,3,1,0.5789654119871557,,775.4
9477,-5.6000000000000005,0,6,3,1,0.5789654119871557,,775.5
9478,-4.300000000000001,0,4,3,1,0.5789654119871557,,775.6
9479,5.7,1,4,3,1,0.5789654119871557,,775.7
9480,-0.30000000000000004,0,4,3,1,0.5789654119871557,,775.7
9481,-4.300000000000001,0,4,3,1,0.5789654119871557,,775.7
9482,-4.300000000000001,0,4,3,1,0.5789654119871557,,775.8
9483,-4.300000000000001,0,4,3,1,0.5789654119871557,,775.9
9484,-4.300000000000001,0,4,3,1,0.5789654119871557,,775.9
9485,-4.300000000000001,0,4,3,1,0.5789654119871557,,776.0
9486,-4.300000000000001,0,4,3,1,0.5789654119871557,,776.1
9487,-4.300000000000001,0,4,3,1,0.5789654119871557,,776.1
9488,-4.300000000000001,0,4,3,1,0.5789654119871557,,776.2
9489,-4.300000000000001,0,4,3,1,0.5789654119871557,,776.2
9490,-3.6000000000000005,0,6,3,1,0.5789654119871557,,776.3
9491,-4.300000000000001,0,4,3,1,0.5789654119871557,,776.4
9492,5.7,1,4,3,1,0.5789654119871557,,776.5
9493,-4.300000000000001,0,4,3,1,0.5789654119871557,,776.5
9494,-2.3000000000000003,0,4,3,1,0.5789654119871557,,776.6
9495,-4.300000000000001,0,4,3,1,0.5789654119871557,,776.7
9496,-4.300000000000001,0,4,3,1,0.5789654119871557,,776.7
9497,-4.300000000000001,0,4,3,1,0.5789654119871557,,776.8
9498,-4.300000000000001,0,4,3,1,0.5789654119871557,,776.9
9499,5.7,1,4,3,1,0.5789654119871557,,776.9
9500,-4.300000000000001,0,4,3,1,0.5789654119871557,,776.9
9501,-4.300000000000001,0,4,3,1,0.5789654119871557,,781.9
9502,-2.3000000000000003,0,4,3,1,0.5789654119871557,,782.0
9503,-0.30000000000000004,0,4,3,1,0.5789654119871557,,782.0
9504,5.7,1,4,3,1,0.5789654119871557,,782.1
9505,-4.300000000000001,0,4,3,1,0.5789654119871557,,782.2
9506,-2.3000000000000003,0,4,3,1,0.5789654119871557,,782.3
9507,-0.30000000000000004,0,4,3,1,0.5789654119871557,,782.3
9508,-4.300000000000001,0,4,3,1,0.5789654119871557,,782.4
9509,-2.3000000000000003,0,4,3,1,0.5789654119871557,,782.4
9510,5.7,1,4,3,1,0.5789654119871557,,782.5
9511,-4.300000000000001,0,4,3,1,0.5789654119871557,,782.6
9512,-4.300000000000001,0,4,3,1,0.5789654119871557,,782.6
9513,-2.3000000000000003,0,4,3,1,0.5789654119871557,,782.7
9514,-4.300000000000001,0,4,3,1,0.5789654119871557,,782.8
9515,-2.3000000000000003,0,4,3,1,0.5789654119871557,,782.8
9516,-0.30000000000000004,0,4,3,1,0.5789654119871557,,782.8
9517,-4.300000000000001,0,4,3,1,0.5789654119871557,,782.9
9518,-2.3000000000000003,0,4,3,1,0.5789654119871557,,782.9
9519,-2.3000000000000003,0,4,3,1,0.5789654119871557,,783.0
9520,-0.30000000000000004,0,4,3,1,0.5789654119871557,,783.0
9521,-4.300000000000001,0,4,3,1,0.5789654119871557,,783.1
9522,-4.300000000000001,0,4,3,1,0.5789654119871557,,783.2
9523,-4.300000000000001,0,4,3,1,0.5789654119871557,,783.2
9524,-4.300000000000001,0,4,3,1,0.5789654119871557,,783.3
9525,-4.300000000000001,0,4,3,1,0.5789654119871557,,783.4
9526,-4.300000000000001,0,4,3,1,0.5789654119871557,,783.4
9527,-4.300000000000001,0,4,3,1,0.5789654119871557,,783.5
9528,-2.900000000000001,0,8,3,1,0.5789654119871557,,783.6
9529,5.7,1,4,3,1,0.5789654119871557,,783.6
9530,-4.300000000000001,0,4,3,1,0.5789654119871557,,783.7
9531,-4.300000000000001,0,4,3,1,0.5789654119871557,,783.7
9532,-4.300000000000001,0,4,3,1,0.5789654119871557,,783.7
9533,-4.300000000000001,0,4,3,1,0.5789654119871557,,783.8
9534,-2.3000000000000003,0,4,3,1,0.5789654119871557,,783.8
9535,-4.300000000000001,0,4,3,1,0.5789654119871557,,783.9
9536,-4.300000000000001,0,4,3,1,0.5789654119871557,,784.0
9537,5.7,1,4,3,1,0.5789654119871557,,784.0
9538,-2.3000000000000003,0,4,3,1,0.5789654119871557,,784.1
9539,-0.30000000000000004,0,4,3,1,0.5789654119871557,,784.1
9540,-5.4,0,5,4,1,0.5789654119871557,,784.2
9541,-4.300000000000001,0,4,3,1,0.5789654119871557,,784.3
9542,5.7,1,4,3,1,0.5789654119871557,,784.3
9543,-2.3000000000000003,0,4,3,1,0.5789654119871557,,784.4
9544,-4.300000000000001,0,4,3,1,0.5789654119871557,,784.5
9545,-4.300000000000001,0,4,3,1,0.5789654119871557,,784.6
9546,-4.9,0,8,3,1,0.5789654119871557,,784.7
9547,-0.30000000000000004,0,4,3,1,0.5789654119871557,,784.7
9548,-4.300000000000001,0,4,3,1,0.5789654119871557,,784.7
9549,-4.300000000000001,0,4,3,1,0.5789654119871557,,784.8
9550,5.7,1,4,3,1,0.5789654119871557,,784.8
9551,-2.3000000000000003,0,4,3,1,0.5789654119871557,,784.8
9552,-2.3000000000000003,0,4,3,1,0.5789654119871557,,784.9
9553,-4.300000000000001,0,4,3,1,0.5789654119871557,,784.9
9554,-2.3000000000000003,0,4,3,1,0.5789654119871557,,785.0
9555,-4.300000000000001,0,4,3,1,0.5789654119871557,,785.1
9556,-4.300000000000001,0,4,3,1,0.5789654119871557,,785.1
9557,5.7,1,4,3,1,0.5789654119871557,,785.2
9558,-4.300000000000001,0,4,3,1,0.5789654119871557,,785.2
9559,-4.300000000000001,0,4,3,1,0.5789654119871557,,785.3
9560,-2.3000000000000003,0,4,3,1,0.5789654119871557,,785.3
9561,-4.300000000000001,0,4,3,1,0.5789654119871557,,785.4
9562,-2.3000000000000003,0,4,3,1,0.5789654119871557,,785.5
9563,-4.300000000000001,0,4,3,1,0.5789654119871557,,785.5
9564,-4.6000000000000005,0,6,3,1,0.5789654119871557,,785.6
9565,-2.3000000000000003,0,4,3,1,0.5789654119871557,,785.6
9566,5.7,1,4,3,1,0.5789654119871557,,785.7
9567,-4.300000000000001,0,4,3,1,0.5789654119871557,,785.8
9568,-2.3000000000000003,0,4,3,1,0.5789654119871557,,785.9
9569,-4.300000000000001,0,4,3,1,0.5789654119871557,,785.9
9570,-4.300000000000001,0,4,3,1,0.5789654119871557,,786.0
9571,-2.3000000000000003,0,4,3,1,0.5789654119871557,,786.1
9572,5.7,1,4,3,1,0.5789654119871557,,786.1
9573,-5.9,0,8,3,1,0.5789654119871557,,786.2
9574,5.7,1,4,3,1,0.5789654119871557,,786.2
9575,-0.30000000000000004,0,4,3,1,0.5789654119871557,,786.2
9576,-4.300000000000001,0,4,3,1,0.5789654119871557,,786.3
9577,-4.300000000000001,0,4,3,1,0.5789654119871557,,786.3
9578,-4.300000000000001,0,4,3,1,0.5789654119871557,,786.4
9579,-4.300000000000001,0,4,3,1,0.5789654119871557,,786.4
9580,-4.300000000000001,0,4,3,1,0.5789654119871557,,786.5
9581,-4.300000000000001,0,4,3,1,0.5789654119871557,,786.5
9582,5.7,1,4,3,1,0.5789654119871557,,786.6
9583,-4.300000000000001,0,4,3,1,0.5789654119871557,,786.7
9584,-4.300000000000001,0,4,3,1,0.5789654119871557,,786.8
9585,5.7,1,4,3,1,0.5789654119871557,,786.8
9586,-0.30000000000000004,0,4,3,1,0.5789654119871557,,786.9
9587,-2.3000000000000003,0,4,3,1,0.5789654119871557,,787.0
9588,-4.300000000000001,0,4,3,1,0.5789654119871557,,787.0
9589,-0.30000000000000004,0,4,3,1,0.5789654119871557,,787.1
9590,5.7,1,4,3,1,0.5789654119871557,,787.2
9591,-4.300000000000001,0,4,3,1,0.5789654119871557,,787.3
9592,-0.30000000000000004,0,4,3,1,0.5789654119871557,,787.3
9593,-4.300000000000001,0,4,3,1,0.5789654119871557,,787.4
9594,-4.300000000000001,0,4,3,1,0.5789654119871557,,787.5
9595,-4.300000000000001,0,4,3,1,0.5789654119871557,,787.6
9596,-2.3000000000000003,0,4,3,1,0.5789654119871557,,787.6
9597,-4.300000000000001,0,4,3,1,0.5789654119871557,,787.7
9598,-4.300000000000001,0,4,3,1,0.5789654119871557,,787.7
9599,5.7,1,4,3,1,0.5789654119871557,,787.8
9600,5.7,1,4,3,1,0.5789654119871557,,787.9
9601,-4.300000000000001,0,4,3,1,0.5789654119871557,,787.9
9602,-4.300000000000001,0,4,3,1,0.5789654119871557,,788.0
9603,-0.30000000000000004,0,4,3,1,0.5789654119871557,,788.1
9604,-4.300000000000001,0,4,3,1,0.5789654119871557,,788.1
9605,-4.300000000000001,0,4,3,1,0.5789654119871557,,788.2
9606,-2.3000000000000003,0,4,3,1,0.5789654119871557,,788.3
9607,-2.3000000000000003,0,4,3,1,0.5789654119871557,,788.3
9608,5.7,1,4,3,1,0.5789654119871557,,788.4
9609,-4.300000000000001,0,4,3,1,0.5789654119871557,,788.5
9610,5.7,1,4,3,1,0.5789654119871557,,788.5
9611,-4.300000000000001,0,4,3,1,0.5789654119871557,,788.6
9612,-4.300000000000001,0,4,3,1,0.5789654119871557,,788.7
9613,5.7,1,4,3,1,0.5789654119871557,,788.8
9614,-4.300000000000001,0,4,3,1,0.5789654119871557,,788.9
9615,-4.300000000000001,0,4,3,1,0.5789654119871557,,788.9
9616,-2.3000000000000003,0,4,3,1,0.5789654119871557,,789.0
9617,-4.300000000000001,0,4,3,1,0.5789654119871557,,789.1
9618,-0.30000000000000004,0,4,3,1,0.5789654119871557,,789.1
9619,-0.30000000000000004,0,4,3,1,0.5789654119871557,,789.2
9620,-4.300000000000001,0,4,3,1,0.5789654119871557,,789.2
9621,5.7,1,4,3,1,0.5789654119871557,,789.2
9622,-4.300000000000001,0,4,3,1,0.5789654119871557,,789.3
9623,-4.300000000000001,0,4,3,1,0.5789654119871557,,789.4
9624,-0.30000000000000004,0,4,3,1,0.5789654119871557,,789.4
9625,-0.30000000000000004,0,4,3,1,0.5789654119871557,,789.4
9626,-4.300000000000001,0,4,3,1,0.5789654119871557,,789.5
9627,-0.30000000000000004,0,4,3,1,0.5789654119871557,,789.6
9628,-2.3000000000000003,0,4,3,1,0.5789654119871557,,789.6
9629,-4.300000000000001,0,4,3,1,0.5789654119871557,,789.7
9630,-4.300000000000001,0,4,3,1,0.5789654119871557,,789.8
9631,-4.300000000000001,0,4,3,1,0.5789654119871557,,789.8
9632,-4.300000000000001,0,4,3,1,0.5789654119871557,,789.9
9633,-4.300000000000001,0,4,3,1,0.5789654119871557,,790.0
9634,-4.300000000000001,0,4,3,1,0.5789654119871557,,790.0
9635,-4.300000000000001,0,4,3,1,0.5789654119871557,,790.1
9636,-4.300000000000001,0,4,3,1,0.5789654119871557,,790.1
9637,-0.30000000000000004,0,4,3,1,0.5789654119871557,,790.2
9638,-2.3000000000000003,0,4,3,1,0.5789654119871557,,790.2
9639,5.7,1,4,3,1,0.5789654119871557,,790.3
9640,-4.300000000000001,0,4,3,1,0.5789654119871557,,790.4
9641,-1.6,0,6,3,1,0.5789654119871557,,790.5
9642,-4.300000000000001,0,4,3,1,0.5789654119871557,,790.5
9643,-4.6000000000000005,0,6,3,1,0.5789654119871557,,790.5
9644,-5.6000000000000005,0,6,3,1,0.5789654119871557,,790.6
9645,-2.3000000000000003,0,4,3,1,0.5789654119871557,,790.7
9646,5.7,1,4,3,1,0.5789654119871557,,790.8
9647,-4.300000000000001,0,4,3,1,0.5789654119871557,,790.8
9648,-0.30000000000000004,0,4,3,1,0.5789654119871557,,790.9
9649,-4.300000000000001,0,4,3,1,0.5789654119871557,,791.0
9650,-2.3000000000000003,0,4,3,1,0.5789654119871557,,791.0
9651,-0.30000000000000004,0,4,3,1,0.5789654119871557,,791.1
9652,-1.6,0,6,3,1,0.5789654119871557,,791.2
9653,-4.300000000000001,0,4,3,1,0.5789654119871557,,791.3
9654,-4.300000000000001,0,4,3,1,0.5789654119871557,,791.3
9655,-4.300000000000001,0,4,3,1,0.5789654119871557,,791.4
9656,-4.300000000000001,0,4,3,1,0.5789654119871557,,791.4
9657,-2.3000000000000003,0,4,3,1,0.5789654119871557,,791.4
9658,-4.300000000000001,0,4,3,1,0.5789654119871557,,791.5
9659,-4.300000000000001,0,4,3,1,0.5789654119871557,,791.5
9660,-4.300000000000001,0,4,3,1,0.5789654119871557,,791.6
9661,5.7,1,4,3,1,0.5789654119871557,,791.6
9662,-4.300000000000001,0,4,3,1,0.5789654119871557,,791.7
9663,-0.30000000000000004,0,4,3,1,0.5789654119871557,,791.8
9664,-4.300000000000001,0,4,3,1,0.5789654119871557,,791.9
9665,-4.300000000000001,0,4,3,1,0.5789654119871557,,792.0
9666,5.7,1,4,3,1,0.5789654119871557,,792.0
9667,5.7,1,4,3,1,0.5789654119871557,,792.1
9668,-2.3000000000000003,0,4,3,1,0.5789654119871557,,792.1
9669,-2.3000000000000003,0,4,3,1,0.5789654119871557,,792.2
9670,-4.300000000000001,0,4,3,1,0.5789654119871557,,792.3
9671,-2.3000000000000003,0,4,3,1,0.5789654119871557,,792.4
9672,5.4,1,6,3,1,0.5789654119871557,,792.4
9673,-2.3000000000000003,0,4,3,1,0.5789654119871557,,792.5
9674,-2.3000000000000003,0,4,3,1,0.5789654119871557,,792.6
9675,5.7,1,4,3,1,0.5789654119871557,,792.6
9676,-4.300000000000001,0,4,3,1,0.5789654119871557,,792.7
9677,-2.3000000000000003,0,4,3,1,0.5789654119871557,,792.8
9678,-4.300000000000001,0,4,3,1,0.5789654119871557,,792.8
9679,-4.300000000000001,0,4,3,1,0.5789654119871557,,792.9
9680,-4.300000000000001,0,4,3,1,0.5789654119871557,,792.9
9681,-4.300000000000001,0,4,3,1,0.5789654119871557,,792.9
9682,-2.3000000000000003,0,4,3,1,0.5789654119871557,,793.0
9683,5.7,1,4,3,1,0.5789654119871557,,793.1
9684,-4.300000000000001,0,4,3,1,0.5789654119871557,,793.1
9685,-4.6,0,6,3,1,0.5789654119871557,,793.2
9686,-4.300000000000001,0,4,3,1,0.5789654119871557,,793.2
9687,5.7,1,4,3,1,0.5789654119871557,,793.3
9688,-4.300000000000001,0,4,3,1,0.5789654119871557,,793.4
9689,-4.300000000000001,0,4,3,1,0.5789654119871557,,793.5
9690,-2.3000000000000003,0,4,3,1,0.5789654119871557,,793.6
9691,-2.3000000000000003,0,4,3,1,0.5789654119871557,,793.6
9692,-4.300000000000001,0,4,3,1,0.5789654119871557,,793.7
9693,-4.300000000000001,0,4,3,1,0.5789654119871557,,793.7
9694,-0.30000000000000004,0,4,3,1,0.5789654119871557,,793.8
9695,-0.30000000000000004,0,4,3,1,0.5789654119871557,,793.8
9696,-4.300000000000001,0,4,3,1,0.5789654119871557,,793.9
9697,-2.3000000000000003,0,4,3,1,0.5789654119871557,,794.0
9698,-4.300000000000001,0,4,3,1,0.5789654119871557,,794.0
9699,-4.300000000000001,0,4,3,1,0.5789654119871557,,794.1
9700,-4.300000000000001,0,4,3,1,0.5789654119871557,,794.2
9701,-2.3000000000000003,0,4,3,1,0.5789654119871557,,794.2
9702,-0.30000000000000004,0,4,3,1,0.5789654119871557,,794.3
9703,-4.300000000000001,0,4,3,1,0.5789654119871557,,794.3
9704,-2.3000000000000003,0,4,3,1,0.5789654119871557,,794.3
9705,-4.300000000000001,0,4,3,1,0.5789654119871557,,794.4
9706,-2.3000000000000003,0,4,3,1,0.5789654119871557,,794.5
9707,-4.300000000000001,0,4,3,1,0.5789654119871557,,794.5
9708,-4.300000000000001,0,4,3,1,0.5789654119871557,,794.6
9709,5.7,1,4,3,1,0.5789654119871557,,794.6
9710,-2.3000000000000003,0,4,3,1,0.5789654119871557,,794.7
9711,-6.9,0,8,3,1,0.5789654119871557,,794.8
9712,5.7,1,4,3,1,0.5789654119871557,,794.9
9713,-4.300000000000001,0,4,3,1,0.5789654119871557,,794.9
9714,-4.300000000000001,0,4,3,1,0.5789654119871557,,795.0
9715,-2.3000000000000003,0,4,3,1,0.5789654119871557,,795.0
9716,-4.300000000000001,0,4,3,1,0.5789654119871557,,795.1
9717,-2.3000000000000003,0,4,3,1,0.5789654119871557,,795.2
9718,-4.300000000000001,0,4,3,1,0.5789654119871557,,795.3
9719,5.7,1,4,3,1,0.5789654119871557,,795.3
9720,-4.300000000000001,0,4,3,1,0.5789654119871557,,795.4
9721,-0.30000000000000004,0,4,3,1,0.5789654119871557,,795.4
9722,-4.300000000000001,0,4,3,1,0.5789654119871557,,795.5
9723,5.7,1,4,3,1,0.5789654119871557,,795.6
9724,-4.300000000000001,0,4,3,1,0.5789654119871557,,795.7
9725,5.7,1,4,3,1,0.5789654119871557,,795.7
9726,-4.300000000000001,0,4,3,1,0.5789654119871557,,795.8
9727,-0.30000000000000004,0,4,3,1,0.5789654119871557,,795.8
9728,-4.300000000000001,0,4,3,1,0.5789654119871557,,795.9
9729,-4.300000000000001,0,4,3,1,0.5789654119871557,,795.9
9730,-4.300000000000001,0,4,3,1,0.5789654119871557,,796.0
9731,-4.300000000000001,0,4,3,1,0.5789654119871557,,796.0
9732,5.7,1,4,3,1,0.5789654119871557,,796.1
9733,-4.300000000000001,0,4,3,1,0.5789654119871557,,796.2
9734,-0.30000000000000004,0,4,3,1,0.5789654119871557,,796.2
9735,5.7,1,4,3,1,0.5789654119871557,,796.3
9736,5.7,1,4,3,1,0.5789654119871557,,796.3
9737,-4.6000000000000005,0,6,3,1,0.5789654119871557,,796.4
9738,-2.3000000000000003,0,4,3,1,0.5789654119871557,,796.4
9739,-4.300000000000001,0,4,3,1,0.5789654119871557,,796.5
9740,5.7,1,4,3,1,0.5789654119871557,,796.5
9741,-4.300000000000001,0,4,3,1,0.5789654119871557,,796.6
9742,-0.30000000000000004,0,4,3,1,0.5789654119871557,,796.7
9743,-5.6000000000000005,0,6,3,1,0.5789654119871557,,796.8
9744,-4.300000000000001,0,4,3,1,0.5789654119871557,,796.8
9745,5.7,1,4,3,1,0.5789654119871557,,796.9
9746,-4.300000000000001,0,4,3,1,0.5789654119871557,,796.9
9747,-0.30000000000000004,0,4,3,1,0.5789654119871557,,797.0
9748,-4.300000000000001,0,4,3,1,0.5789654119871557,,797.0
9749,-2.3000000000000003,0,4,3,1,0.5789654119871557,,797.1
9750,-4.300000000000001,0,4,3,1,0.5789654119871557,,797.2
9751,-4.300000000000001,0,4,3,1,0.5789654119871557,,797.2
9752,5.7,1,4,3,1,0.5789654119871557,,797.3
9753,-4.300000000000001,0,4,3,1,0.5789654119871557,,797.4
9754,-2.3000000000000003,0,4,3,1,0.5789654119871557,,797.4
9755,-4.300000000000001,0,4,3,1,0.5789654119871557,,797.5
9756,-4.300000000000001,0,4,3,1,0.5789654119871557,,797.5
9757,-2.3000000000000003,0,4,3,1,0.5789654119871557,,797.6
9758,-4.300000000000001,0,4,3,1,0.5789654119871557,,797.6
9759,-4.300000000000001,0,4,3,1,0.5789654119871557,,797.7
9760,-4.300000000000001,0,4,3,1,0.5789654119871557,,797.8
9761,5.7,1,4,3,1,0.5789654119871557,,797.8
9762,-4.300000000000001,0,4,3,1,0.5789654119871557,,797.9
9763,5.7,1,4,3,1,0.5789654119871557,,798.0
9764,-4.300000000000001,0,4,3,1,0.5789654119871557,,798.1
9765,5.7,1,4,3,1,0.5789654119871557,,798.2
9766,-4.300000000000001,0,4,3,1,0.5789654119871557,,798.2
9767,-4.300000000000001,0,4,3,1,0.5789654119871557,,798.3
9768,-2.3000000000000003,0,4,3,1,0.5789654119871557,,798.3
9769,-4.300000000000001,0,4,3,1,0.5789654119871557,,798.4
9770,-4.300000000000001,0,4,3,1,0.5789654119871557,,798.5
9771,-4.300000000000001,0,4,3,1,0.5789654119871557,,798.6
9772,-4.300000000000001,0,4,3,1,0.5789654119871557,,798.6
9773,5.7,1,4,3,1,0.5789654119871557,,798.7
9774,-2.3000000000000003,0,4,3,1,0.5789654119871557,,798.7
9775,-4.300000000000001,0,4,3,1,0.5789654119871557,,798.7
9776,-2.3000000000000003,0,4,3,1,0.5789654119871557,,798.8
9777,-4.300000000000001,0,4,3,1,0.5789654119871557,,798.9
9778,-4.300000000000001,0,4,3,1,0.5789654119871557,,798.9
9779,-4.300000000000001,0,4,3,1,0.5789654119871557,,799.0
9780,5.7,1,4,3,1,0.5789654119871557,,799.0
9781,-2.3000000000000003,0,4,3,1,0.5789654119871557,,799.1
9782,-4.300000000000001,0,4,3,1,0.5789654119871557,,799.1
9783,5.7,1,4,3,1,0.5789654119871557,,799.2
9784,-4.300000000000001,0,4,3,1,0.5789654119871557,,799.2
9785,-4.300000000000001,0,4,3,1,0.5789654119871557,,799.3
9786,5.7,1,4,3,1,0.5789654119871557,,799.3
9787,-2.3000000000000003,0,4,3,1,0.5789654119871557,,799.4
9788,-0.30000000000000004,0,4,3,1,0.5789654119871557,,799.5
9789,-4.300000000000001,0,4,3,1,0.5789654119871557,,799.5
9790,-2.3000000000000003,0,4,3,1,0.5789654119871557,,799.5
9791,5.7,1,4,3,1,0.5789654119871557,,799.6
9792,-2.6,0,6,3,1,0.5789654119871557,,799.6
9793,-4.300000000000001,0,4,3,1,0.5789654119871557,,799.7
9794,5.7,1,4,3,1,0.5789654119871557,,799.8
9795,-2.3000000000000003,0,4,3,1,0.5789654119871557,,799.9
9796,-4.300000000000001,0,4,3,1,0.5789654119871557,,799.9
9797,-4.300000000000001,0,4,3,1,0.5789654119871557,,800.0
9798,-0.30000000000000004,0,4,3,1,0.5789654119871557,,800.1
9799,-4.300000000000001,0,4,3,1,0.5789654119871557,,800.2
9800,5.7,1,4,3,1,0.5789654119871557,,800.2
9801,-0.30000000000000004,0,4,3,1,0.5789654119871557,,800.3
9802,-2.3000000000000003,0,4,3,1,0.5789654119871557,,800.3
9803,-0.30000000000000004,0,4,3,1,0.5789654119871557,,800.4
9804,5.7,1,4,3,1,0.5789654119871557,,800.4
9805,-4.300000000000001,0,4,3,1,0.5789654119871557,,800.4
9806,-4.300000000000001,0,4,3,1,0.5789654119871557,,800.5
9807,-4.300000000000001,0,4,3,1,0.5789654119871557,,800.6
9808,-4.300000000000001,0,4,3,1,0.5789654119871557,,800.6
9809,-4.300000000000001,0,4,3,1,0.5789654119871557,,800.6
9810,-4.300000000000001,0,4,3,1,0.5789654119871557,,800.7
9811,-2.3000000000000003,0,4,3,1,0.5789654119871557,,800.7
9812,-2.3000000000000003,0,4,3,1,0.5789654119871557,,800.8
9813,5.7,1,4,3,1,0.5789654119871557,,800.8
9814,-2.3000000000000003,0,4,3,1,0.5789654119871557,,800.9
9815,-2.3000000000000003,0,4,3,1,0.5789654119871557,,800.9
9816,-4.300000000000001,0,4,3,1,0.5789654119871557,,801.0
9817,5.7,1,4,3,1,0.5789654119871557,,801.1
9818,-4.300000000000001,0,4,3,1,0.5789654119871557,,801.1
9819,-0.30000000000000004,0,4,3,1,0.5789654119871557,,801.2
9820,-4.300000000000001,0,4,3,1,0.5789654119871557,,801.3
9821,5.7,1,4,3,1,0.5789654119871557,,801.3
9822,-4.300000000000001,0,4,3,1,0.5789654119871557,,801.4
9823,-2.3000000000000003,0,4,3,1,0.5789654119871557,,801.5
9824,-4.300000000000001,0,4,3,1,0.5789654119871557,,801.5
9825,5.4,1,6,3,1,0.5789654119871557,,801.6
9826,-0.30000000000000004,0,4,3,1,0.5789654119871557,,801.7
9827,-4.300000000000001,0,4,3,1,0.5789654119871557,,801.7
9828,-4.300000000000001,0,4,3,1,0.5789654119871557,,801.8
9829,-2.3000000000000003,0,4,3,1,0.5789654119871557,,801.9
9830,-4.300000000000001,0,4,3,1,0.5789654119871557,,801.9
9831,-4.300000000000001,0,4,3,1,0.5789654119871557,,802.0
9832,5.7,1,4,3,1,0.5789654119871557,,802.1
9833,5.7,1,4,3,1,0.5789654119871557,,802.1
9834,-0.30000000000000004,0,4,3,1,0.5789654119871557,,802.2
9835,-4.300000000000001,0,4,3,1,0.5789654119871557,,802.3
9836,-4.300000000000001,0,4,3,1,0.5789654119871557,,802.3
9837,-4.300000000000001,0,4,3,1,0.5789654119871557,,802.4
9838,-4.300000000000001,0,4,3,1,0.5789654119871557,,802.4
9839,-2.3000000000000003,0,4,3,1,0.5789654119871557,,802.5
9840,5.7,1,4,3,1,0.5789654119871557,,802.5
9841,-4.300000000000001,0,4,3,1,0.5789654119871557,,802.6
9842,-4.300000000000001,0,4,3,1,0.5789654119871557,,802.7
9843,5.7,1,4,3,1,0.5789654119871557,,802.8
9844,-4.300000000000001,0,4,3,1,0.5789654119871557,,802.9
9845,-4.6000000000000005,0,6,3,1,0.5789654119871557,,802.9
9846,-2.3000000000000003,0,4,3,1,0.5789654119871557,,803.0
9847,-2.3000000000000003,0,4,3,1,0.5789654119871557,,803.1
9848,5.7,1,4,3,1,0.5789654119871557,,803.2
9849,-4.300000000000001,0,4,3,1,0.5789654119871557,,803.3
9850,-2.3000000000000003,0,4,3,1,0.5789654119871557,,803.3
9851,-2.3000000000000003,0,4,3,1,0.5789654119871557,,803.4
9852,5.7,1,4,3,1,0.5789654119871557,,803.4
9853,-2.3000000000000003,0,4,3,1,0.5789654119871557,,803.5
9854,-2.3000000000000003,0,4,3,1,0.5789654119871557,,803.6
9855,-4.6000000000000005,0,6,3,1,0.5789654119871557,,803.7
9856,-0.30000000000000004,0,4,3,1,0.5789654119871557,,803.7
9857,-0.30000000000000004,0,4,3,1,0.5789654119871557,,803.8
9858,-4.300000000000001,0,4,3,1,0.5789654119871557,,803.9
9859,-2.3000000000000003,0,4,3,1,0.5789654119871557,,804.0
9860,-2.3000000000000003,0,4,3,1,0.5789654119871557,,804.0
9861,-4.300000000000001,0,4,3,1,0.5789654119871557,,804.1
9862,-2.3000000000000003,0,4,3,1,0.5789654119871557,,804.1
9863,-4.300000000000001,0,4,3,1,0.5789654119871557,,804.2
9864,-4.300000000000001,0,4,3,1,0.5789654119871557,,804.2
9865,5.7,1,4,3,1,0.5789654119871557,,804.3
9866,-4.300000000000001,0,4,3,1,0.5789654119871557,,804.3
9867,-4.300000000000001,0,4,3,1,0.5789654119871557,,804.4
9868,5.7,1,4,3,1,0.5789654119871557,,804.4
9869,-4.300000000000001,0,4,3,1,0.5789654119871557,,804.5
9870,-4.300000000000001,0,4,3,1,0.5789654119871557,,804.5
9871,-4.300000000000001,0,4,3,1,0.5789654119871557,,804.6
9872,-4.300000000000001,0,4,3,1,0.5789654119871557,,804.6
9873,-4.300000000000001,0,4,3,1,0.5789654119871557,,804.7
9874,-4.300000000000001,0,4,3,1,0.5789654119871557,,804.7
9875,-4.300000000000001,0,4,3,1,0.5789654119871557,,804.8
9876,-0.30000000000000004,0,4,3,1,0.5789654119871557,,804.9
9877,-2.3000000000000003,0,4,3,1,0.5789654119871557,,805.0
9878,5.7,1,4,3,1,0.5789654119871557,,805.0
9879,-4.300000000000001,0,4,3,1,0.5789654119871557,,805.0
9880,-4.300000000000001,0,4,3,1,0.5789654119871557,,805.1
9881,5.7,1,4,3,1,0.5789654119871557,,805.1
9882,4.4,1,6,3,1,0.5789654119871557,,805.2
9883,-4.300000000000001,0,4,3,1,0.5789654119871557,,805.2
9884,-2.3000000000000003,0,4,3,1,0.5789654119871557,,805.3
9885,-4.300000000000001,0,4,3,1,0.5789654119871557,,805.4
9886,5.7,1,4,3,1,0.5789654119871557,,805.4
9887,-2.3000000000000003,0,4,3,1,0.5789654119871557,,805.5
9888,-2.3000000000000003,0,4,3,1,0.5789654119871557,,805.6
9889,-4.300000000000001,0,4,3,1,0.5789654119871557,,805.7
9890,5.7,1,4,3,1,0.5789654119871557,,805.7
9891,5.7,1,4,3,1,0.5789654119871557,,805.8
9892,-4.300000000000001,0,4,3,1,0.5789654119871557,,805.8
9893,-4.300000000000001,0,4,3,1,0.5789654119871557,,805.9
9894,-2.3000000000000003,0,4,3,1,0.5789654119871557,,806.0
9895,-4.300000000000001,0,4,3,1,0.5789654119871557,,806.1
9896,-0.30000000000000004,0,4,3,1,0.5789654119871557,,806.2
9897,-4.300000000000001,0,4,3,1,0.5789654119871557,,806.2
9898,-4.300000000000001,0,4,3,1,0.5789654119871557,,806.3
9899,-4.300000000000001,0,4,3,1,0.5789654119871557,,806.4
9900,-4.6000000000000005,0,6,3,1,0.5789654119871557,,806.4
9901,-4.300000000000001,0,4,3,1,0.5789654119871557,,806.5
9902,-4.300000000000001,0,4,3,1,0.5789654119871557,,806.5
9903,-4.300000000000001,0,4,3,1,0.5789654119871557,,806.5
9904,-2.3000000000000003,0,4,3,1,0.5789654119871557,,806.6
9905,-4.300000000000001,0,4,3,1,0.5789654119871557,,806.7
9906,-4.300000000000001,0,4,3,1,0.5789654119871557,,806.7
9907,-2.3000000000000003,0,4,3,1,0.5789654119871557,,806.8
9908,-4.300000000000001,0,4,3,1,0.5789654119871557,,806.8
9909,5.7,1,4,3,1,0.5789654119871557,,806.9
9910,-4.300000000000001,0,4,3,1,0.5789654119871557,,806.9
9911,5.7,1,4,3,1,0.5789654119871557,,806.9
9912,-4.300000000000001,0,4,3,1,0.5789654119871557,,807.0
9913,-4.300000000000001,0,4,3,1,0.5789654119871557,,807.1
9914,-5.6000000000000005,0,6,3,1,0.5789654119871557,,807.2
9915,5.7,1,4,3,1,0.5789654119871557,,807.2
9916,5.7,1,4,3,1,0.5789654119871557,,807.3
9917,-2.3000000000000003,0,4,3,1,0.5789654119871557,,807.4
9918,-2.3000000000000003,0,4,3,1,0.5789654119871557,,807.4
9919,-4.300000000000001,0,4,3,1,0.5789654119871557,,807.4
9920,-4.300000000000001,0,4,3,1,0.5789654119871557,,807.5
9921,5.7,1,4,3,1,0.5789654119871557,,807.5
9922,-2.3000000000000003,0,4,3,1,0.5789654119871557,,807.6
9923,-2.3000000000000003,0,4,3,1,0.5789654119871557,,807.7
9924,-4.300000000000001,0,4,3,1,0.5789654119871557,,807.8
9925,-4.300000000000001,0,4,3,1,0.5789654119871557,,807.8
9926,-4.300000000000001,0,4,3,1,0.5789654119871557,,807.9
9927,-4.300000000000001,0,4,3,1,0.5789654119871557,,808.0
9928,-2.3000000000000003,0,4,3,1,0.5789654119871557,,808.0
9929,-4.6,0,6,3,1,0.5789654119871557,,808.1
9930,-4.300000000000001,0,4,3,1,0.5789654119871557,,808.2
9931,-4.300000000000001,0,4,3,1,0.5789654119871557,,808.3
9932,-4.300000000000001,0,4,3,1,0.5789654119871557,,808.4
9933,5.7,1,4,3,1,0.5789654119871557,,808.4
9934,-4.300000000000001,0,4,3,1,0.5789654119871557,,808.5
9935,5.7,1,4,3,1,0.5789654119871557,,808.5
9936,-4.300000000000001,0,4,3,1,0.5789654119871557,,808.6
9937,-2.3000000000000003,0,4,3,1,0.5789654119871557,,808.7
9938,-4.300000000000001,0,4,3,1,0.5789654119871557,,808.7
9939,-4.300000000000001,0,4,3,1,0.5789654119871557,,808.8
9940,-4.6000000000000005,0,6,3,1,0.5789654119871557,,808.9
9941,-4.300000000000001,0,4,3,1,0.5789654119871557,,808.9
9942,-2.3000000000000003,0,4,3,1,0.5789654119871557,,809.0
9943,-4.300000000000001,0,4,3,1,0.5789654119871557,,809.0
9944,5.7,1,4,3,1,0.5789654119871557,,809.1
9945,-0.30000000000000004,0,4,3,1,0.5789654119871557,,809.1
9946,-4.300000000000001,0,4,3,1,0.5789654119871557,,809.2
9947,-2.3000000000000003,0,4,3,1,0.5789654119871557,,809.3
9948,-4.300000000000001,0,4,3,1,0.5789654119871557,,809.3
9949,-0.30000000000000004,0,4,3,1,0.5789654119871557,,809.4
9950,-4.300000000000001,0,4,3,1,0.5789654119871557,,809.4
9951,-0.30000000000000004,0,4,3,1,0.5789654119871557,,809.5
9952,-4.300000000000001,0,4,3,1,0.5789654119871557,,809.6
9953,5.7,1,4,3,1,0.5789654119871557,,809.7
9954,5.7,1,4,3,1,0.5789654119871557,,809.7
9955,-4.300000000000001,0,4,3,1,0.5789654119871557,,809.8
9956,-0.30000000000000004,0,4,3,1,0.5789654119871557,,809.9
9957,5.7,1,4,3,1,0.5789654119871557,,809.9
9958,-4.300000000000001,0,4,3,1,0.5789654119871557,,810.0
9959,-4.300000000000001,0,4,3,1,0.5789654119871557,,810.1
9960,-2.3000000000000003,0,4,3,1,0.5789654119871557,,810.1
9961,-4.300000000000001,0,4,3,1,0.5789654119871557,,810.3
9962,-0.30000000000000004,0,4,3,1,0.5789654119871557,,810.3
9963,-0.30000000000000004,0,4,3,1,0.5789654119871557,,810.4
9964,-4.300000000000001,0,4,3,1,0.5789654119871557,,810.4
9965,-4.300000000000001,0,4,3,1,0.5789654119871557,,810.5
9966,-4.300000000000001,0,4,3,1,0.5789654119871557,,810.6
9967,-4.300000000000001,0,4,3,1,0.5789654119871557,,810.6
9968,-4.300000000000001,0,4,3,1,0.5789654119871557,,810.7
9969,5.7,1,4,3,1,0.5777127579785883,1.8478304827585816,811.3
9970,-4.300000000000001,0,4,3,1,0.5777127579785883,,811.4
9971,-2.3000000000000003,0,4,3,1,0.5777127579785883,,811.4
9972,-4.300000000000001,0,4,3,1,0.5777127579785883,,811.5
9973,-4.300000000000001,0,4,3,1,0.5777127579785883,,811.6
9974,-2.3000000000000003,0,4,3,1,0.5777127579785883,,811.6
9975,-4.300000000000001,0,4,3,1,0.5777127579785883,,811.7
9976,-4.300000000000001,0,4,3,1,0.5777127579785883,,811.8
9977,-4.300000000000001,0,4,3,1,0.5777127579785883,,811.9
9978,-1.6,0,6,3,1,0.5777127579785883,,811.9
9979,-4.300000000000001,0,4,3,1,0.5777127579785883,,812.0
9980,5.7,1,4,3,1,0.5777127579785883,,812.1
9981,-4.300000000000001,0,4,3,1,0.5777127579785883,,812.1
9982,-0.30000000000000004,0,4,3,1,0.5777127579785883,,812.2
9983,-2.3000000000000003,0,4,3,1,0.5777127579785883,,812.2
9984,-4.300000000000001,0,4,3,1,0.5777127579785883,,812.3
9985,-4.300000000000001,0,4,3,1,0.5777127579785883,,812.4
9986,-2.3000000000000003,0,4,3,1,0.5777127579785883,,812.4
9987,-2.3000000000000003,0,4,3,1,0.5777127579785883,,812.5
9988,-0.30000000000000004,0,4,3,1,0.5777127579785883,,812.5
9989,-4.300000000000001,0,4,3,1,0.5777127579785883,,812.6
9990,-4.300000000000001,0,4,3,1,0.5777127579785883,,812.6
9991,-4.300000000000001,0,4,3,1,0.5777127579785883,,812.6
9992,-2.3000000000000003,0,4,3,1,0.5777127579785883,,812.7
9993,-2.3000000000000003,0,4,3,1,0.5777127579785883,,812.8
9994,-4.300000000000001,0,4,3,1,0.5777127579785883,,812.8
9995,-4.9,0,8,3,1,0.5777127579785883,,812.8
9996,-4.300000000000001,0,4,3,1,0.5777127579785883,,812.9
9997,-2.3000000000000003,0,4,3,1,0.5777127579785883,,813.0
9998,-4.300000000000001,0,4,3,1,0.5777127579785883,,813.0
9999,-0.30000000000000004,0,4,3,1,0.5777127579785883,,813.1
10000,5.7,1,4,3,1,0.5777127579785883,,813.2
10001,-2.3000000000000003,0,4,3,1,0.5777127579785883,,818.1
10002,-2.3000000000000003,0,4,3,1,0.5777127579785883,,818.2
10003,-2.3000000000000003,0,4,3,1,0.5777127579785883,,818.2
10004,-4.300000000000001,0,4,3,1,0.5777127579785883,,818.3
10005,-4.300000000000001,0,4,3,1,0.5777127579785883,,818.4
10006,5.7,1,4,3,1,0.5777127579785883,,818.4
10007,-4.300000000000001,0,4,3,1,0.5777127579785883,,818.5
10008,5.7,1,4,3,1,0.5777127579785883,,818.6
10009,5.7,1,4,3,1,0.5777127579785883,,818.7
10010,-4.300000000000001,0,4,3,1,0.5777127579785883,,818.8
10011,-0.30000000000000004,0,4,3,1,0.5777127579785883,,818.8
10012,-4.300000000000001,0,4,3,1,0.5777127579785883,,818.9
10013,5.7,1,4,3,1,0.5777127579785883,,818.9
10014,-4.300000000000001,0,4,3,1,0.5777127579785883,,819.0
10015,-4.300000000000001,0,4,3,1,0.5777127579785883,,819.0
10016,-4.300000000000001,0,4,3,1,0.5777127579785883,,819.1
10017,-0.30000000000000004,0,4,3,1,0.5777127579785883,,819.2
10018,-2.3000000000000003,0,4,3,1,0.5777127579785883,,819.2
10019,-4.300000000000001,0,4,3,1,0.5777127579785883,,819.3
10020,-4.300000000000001,0,4,3,1,0.5777127579785883,,819.4
10021,-4.300000000000001,0,4,3,1,0.5777127579785883,,819.5
10022,-2.3000000000000003,0,4,3,1,0.5777127579785883,,819.5
10023,-4.300000000000001,0,4,3,1,0.5777127579785883,,819.6
10024,-4.300000000000001,0,4,3,1,0.5777127579785883,,819.6
10025,-4.300000000000001,0,4,3,1,0.5777127579785883,,819.7
10026,-4.300000000000001,0,4,3,1,0.5777127579785883,,819.8
10027,5.7,1,4,3,1,0.5777127579785883,,819.8
10028,-4.300000000000001,0,4,3,1,0.5777127579785883,,819.9
10029,-4.300000000000001,0,4,3,1,0.5777127579785883,,820.0
10030,-4.300000000000001,0,4,3,1,0.5777127579785883,,820.0
10031,-4.300000000000001,0,4,3,1,0.5777127579785883,,820.1
10032,-0.30000000000000004,0,4,3,1,0.5777127579785883,,820.2
10033,-4.300000000000001,0,4,3,1,0.5777127579785883,,820.2
10034,-4.300000000000001,0,4,3,1,0.5777127579785883,,820.3
10035,-0.30000000000000004,0,4,3,1,0.5777127579785883,,820.3
10036,-4.300000000000001,0,4,3,1,0.5777127579785883,,820.4
10037,-4.300000000000001,0,4,3,1,0.5777127579785883,,820.5
10038,-4.300000000000001,0,4,3,1,0.5777127579785883,,820.5
10039,-4.300000000000001,0,4,3,1,0.5777127579785883,,820.6
10040,-2.3000000000000003,0,4,3,1,0.5777127579785883,,820.6
10041,-4.300000000000001,0,4,3,1,0.5777127579785883,,820.7
10042,5.7,1,4,3,1,0.5777127579785883,,820.7
10043,-4.300000000000001,0,4,3,1,0.5777127579785883,,820.8
10044,5.7,1,4,3,1,0.5777127579785883,,820.8
10045,-4.300000000000001,0,4,3,1,0.5777127579785883,,820.9
10046,-4.300000000000001,0,4,3,1,0.5777127579785883,,821.0
10047,-4.300000000000001,0,4,3,1,0.5777127579785883,,821.0
10048,-4.300000000000001,0,4,3,1,0.5777127579785883,,821.1
10049,5.7,1,4,3,1,0.5777127579785883,,821.1
10050,5.7,1,4,3,1,0.5777127579785883,,821.2
10051,-4.300000000000001,0,4,3,1,0.5777127579785883,,821.2
10052,-4.300000000000001,0,4,3,1,0.5777127579785883,,821.3
10053,-0.30000000000000004,0,4,3,1,0.5777127579785883,,821.4
10054,5.7,1,4,3,1,0.5777127579785883,,821.4
10055,-4.300000000000001,0,4,3,1,0.5777127579785883,,821.5
10056,5.7,1,4,3,1,0.5777127579785883,,821.6
10057,-0.30000000000000004,0,4,3,1,0.5777127579785883,,821.6
10058,-4.300000000000001,0,4,3,1,0.5777127579785883,,821.7
10059,-4.300000000000001,0,4,3,1,0.5777127579785883,,821.7
10060,-4.300000000000001,0,4,3,1,0.5777127579785883,,821.8
10061,-4.300000000000001,0,4,3,1,0.5777127579785883,,821.8
10062,-4.300000000000001,0,4,3,1,0.5777127579785883,,821.9
10063,-4.300000000000001,0,4,3,1,0.5777127579785883,,821.9
10064,-4.300000000000001,0,4,3,1,0.5777127579785883,,822.0
10065,-4.300000000000001,0,4,3,1,0.5777127579785883,,822.0
10066,-4.300000000000001,0,4,3,1,0.5777127579785883,,822.1
10067,-4.300000000000001,0,4,3,1,0.5777127579785883,,822.2
10068,5.7,1,4,3,1,0.5777127579785883,,822.3
10069,-4.300000000000001,0,4,3,1,0.5777127579785883,,822.4
10070,-4.300000000000001,0,4,3,1,0.5777127579785883,,822.4
10071,-4.300000000000001,0,4,3,1,0.5777127579785883,,822.4
10072,-4.300000000000001,0,4,3,1,0.5777127579785883,,822.5
10073,-4.300000000000001,0,4,3,1,0.5777127579785883,,822.5
10074,5.7,1,4,3,1,0.5777127579785883,,822.6
10075,-4.300000000000001,0,4,3,1,0.5777127579785883,,822.6
10076,-4.300000000000001,0,4,3,1,0.5777127579785883,,822.7
10077,-4.300000000000001,0,4,3,1,0.5777127579785883,,822.8
10078,-0.30000000000000004,0,4,3,1,0.5777127579785883,,822.8
10079,5.7,1,4,3,1,0.5777127579785883,,822.8
10080,-2.3000000000000003,0,4,3,1,0.5777127579785883,,822.9
10081,-4.300000000000001,0,4,3,1,0.5777127579785883,,823.0
10082,-4.300000000000001,0,4,3,1,0.5777127579785883,,823.0
10083,5.7,1,4,3,1,0.5777127579785883,,823.1
10084,-4.300000000000001,0,4,3,1,0.5777127579785883,,823.2
10085,-4.300000000000001,0,4,3,1,0.5777127579785883,,823.2
10086,5.7,1,4,3,1,0.5777127579785883,,823.3
10087,-4.300000000000001,0,4,3,1,0.5777127579785883,,823.3
10088,-4.300000000000001,0,4,3,1,0.5777127579785883,,823.4
10089,-4.300000000000001,0,4,3,1,0.5777127579785883,,823.5
10090,-4.300000000000001,0,4,3,1,0.5777127579785883,,823.5
10091,5.4,1,6,3,1,0.5777127579785883,,823.6
10092,-0.30000000000000004,0,4,3,1,0.5777127579785883,,823.6
10093,-4.300000000000001,0,4,3,1,0.5777127579785883,,823.7
10094,-4.300000000000001,0,4,3,1,0.5777127579785883,,823.7
10095,5.7,1,4,3,1,0.5777127579785883,,823.8
10096,-4.300000000000001,0,4,3,1,0.5777127579785883,,823.8
10097,-4.300000000000001,0,4,3,1,0.5777127579785883,,823.9
10098,-4.300000000000001,0,4,3,1,0.5777127579785883,,823.9
10099,-4.300000000000001,0,4,3,1,0.5777127579785883,,824.0
10100,-0.30000000000000004,0,4,3,1,0.5777127579785883,,824.0
10101,-4.300000000000001,0,4,3,1,0.5777127579785883,,824.1
10102,-4.300000000000001,0,4,3,1,0.5777127579785883,,824.2
10103,-4.300000000000001,0,4,3,1,0.5777127579785883,,824.2
10104,5.7,1,4,3,1,0.5777127579785883,,824.3
10105,-4.300000000000001,0,4,3,1,0.5777127579785883,,824.4
10106,-0.30000000000000004,0,4,3,1,0.5777127579785883,,824.4
10107,-4.300000000000001,0,4,3,1,0.5777127579785883,,824.5
10108,-4.300000000000001,0,4,3,1,0.5777127579785883,,824.6
10109,-0.30000000000000004,0,4,3,1,0.5777127579785883,,824.6
10110,5.4,1,6,3,1,0.5777127579785883,,824.7
10111,5.1,1,8,3,1,0.5777127579785883,,824.7
10112,-4.300000000000001,0,4,3,1,0.5777127579785883,,824.8
10113,5.7,1,4,3,1,0.5777127579785883,,824.8
10114,-4.300000000000001,0,4,3,1,0.5777127579785883,,824.9
10115,-2.3000000000000003,0,4,3,1,0.5777127579785883,,824.9
10116,-4.300000000000001,0,4,3,1,0.5777127579785883,,825.0
10117,-4.300000000000001,0,4,3,1,0.5777127579785883,,825.0
10118,5.7,1,4,3,1,0.5777127579785883,,825.1
10119,-4.300000000000001,0,4,3,1,0.5777127579785883,,825.2
10120,-2.3000000000000003,0,4,3,1,0.5777127579785883,,825.2
10121,5.7,1,4,3,1,0.5777127579785883,,825.3
10122,-4.300000000000001,0,4,3,1,0.5777127579785883,,825.4
10123,-4.300000000000001,0,4,3,1,0.5777127579785883,,825.4
10124,-4.300000000000001,0,4,3,1,0.5777127579785883,,825.4
10125,-4.300000000000001,0,4,3,1,0.5777127579785883,,825.5
10126,-2.3000000000000003,0,4,3,1,0.5777127579785883,,825.5
10127,-4.300000000000001,0,4,3,1,0.5777127579785883,,825.6
10128,-4.300000000000001,0,4,3,1,0.5777127579785883,,825.7
10129,-2.3000000000000003,0,4,3,1,0.5777127579785883,,825.8
10130,-4.300000000000001,0,4,3,1,0.5777127579785883,,825.8
10131,-2.3000000000000003,0,4,3,1,0.5777127579785883,,825.9
10132,-4.300000000000001,0,4,3,1,0.5777127579785883,,826.0
10133,5.7,1,4,3,1,0.5777127579785883,,826.0
10134,-4.300000000000001,0,4,3,1,0.5777127579785883,,826.1
10135,-4.300000000000001,0,4,3,1,0.5777127579785883,,826.2
10136,-4.300000000000001,0,4,3,1,0.5777127579785883,,826.2
10137,-4.300000000000001,0,4,3,1,0.5777127579785883,,826.3
10138,-2.3000000000000003,0,4,3,1,0.5777127579785883,,826.3
10139,-4.300000000000001,0,4,3,1,0.5777127579785883,,826.4
10140,-4.300000000000001,0,4,3,1,0.5777127579785883,,826.4
10141,5.7,1,4,3,1,0.5777127579785883,,826.5
10142,-4.300000000000001,0,4,3,1,0.5777127579785883,,826.6
10143,-4.300000000000001,0,4,3,1,0.5777127579785883,,826.7
10144,-4.300000000000001,0,4,3,1,0.5777127579785883,,826.7
10145,-4.300000000000001,0,4,3,1,0.5777127579785883,,826.7
10146,-0.30000000000000004,0,4,3,1,0.5777127579785883,,826.8
10147,-1.6,0,6,3,1,0.5777127579785883,,826.9
10148,-4.300000000000001,0,4,3,1,0.5777127579785883,,826.9
10149,-4.300000000000001,0,4,3,1,0.5777127579785883,,827.0
10150,-4.300000000000001,0,4,3,1,0.5777127579785883,,827.0
10151,5.7,1,4,3,1,0.5777127579785883,,827.0
10152,-4.300000000000001,0,4,3,1,0.5777127579785883,,827.1
10153,-4.300000000000001,0,4,3,1,0.5777127579785883,,827.2
10154,-4.6000000000000005,0,6,3,1,0.5777127579785883,,827.2
10155,5.7,1,4,3,1,0.5777127579785883,,827.3
10156,5.7,1,4,3,1,0.5777127579785883,,827.3
10157,-4.300000000000001,0,4,3,1,0.5777127579785883,,827.4
10158,-4.300000000000001,0,4,3,1,0.5777127579785883,,827.4
10159,-4.300000000000001,0,4,3,1,0.5777127579785883,,827.5
10160,-2.3000000000000003,0,4,3,1,0.5777127579785883,,827.5
10161,-4.300000000000001,0,4,3,1,0.5777127579785883,,827.6
10162,-0.30000000000000004,0,4,3,1,0.5777127579785883,,827.7
10163,-2.3000000000000003,0,4,3,1,0.5777127579785883,,827.7
10164,-4.300000000000001,0,4,3,1,0.5777127579785883,,827.8
10165,-4.300000000000001,0,4,3,1,0.5777127579785883,,827.8
10166,-0.30000000000000004,0,4,3,1,0.5777127579785883,,827.9
10167,-4.300000000000001,0,4,3,1,0.5777127579785883,,827.9
10168,-4.300000000000001,0,4,3,1,0.5777127579785883,,828.0
10169,-4.6000000000000005,0,6,3,1,0.5777127579785883,,828.0
10170,-4.300000000000001,0,4,3,1,0.5777127579785883,,828.1
10171,5.7,1,4,3,1,0.5777127579785883,,828.2
10172,-0.6000000000000001,0,6,3,1,0.5777127579785883,,828.3
10173,-4.300000000000001,0,4,3,1,0.5777127579785883,,828.3
10174,-2.3000000000000003,0,4,3,1,0.5777127579785883,,828.4
10175,-0.30000000000000004,0,4,3,1,0.5777127579785883,,828.5
10176,-4.300000000000001,0,4,3,1,0.5777127579785883,,828.5
10177,5.7,1,4,3,1,0.5777127579785883,,828.6
10178,-4.300000000000001,0,4,3,1,0.5777127579785883,,828.7
10179,-4.300000000000001,0,4,3,1,0.5777127579785883,,828.7
10180,5.7,1,4,3,1,0.5777127579785883,,828.8
10181,-4.300000000000001,0,4,3,1,0.5777127579785883,,828.8
10182,-0.30000000000000004,0,4,3,1,0.5777127579785883,,828.9
10183,-2.3000000000000003,0,4,3,1,0.5777127579785883,,828.9
10184,-4.300000000000001,0,4,3,1,0.5777127579785883,,828.9
10185,-4.300000000000001,0,4,3,1,0.5777127579785883,,829.0
10186,-4.300000000000001,0,4,3,1,0.5777127579785883,,829.1
10187,5.7,1,4,3,1,0.5777127579785883,,829.2
10188,-0.30000000000000004,0,4,3,1,0.5777127579785883,,829.2
10189,-0.30000000000000004,0,4,3,1,0.5777127579785883,,829.3
10190,5.7,1,4,3,1,0.5777127579785883,,829.3
10191,-4.300000000000001,0,4,3,1,0.5777127579785883,,829.4
10192,-4.300000000000001,0,4,3,1,0.5777127579785883,,829.5
10193,-2.3000000000000003,0,4,3,1,0.5777127579785883,,829.6
10194,-0.30000000000000004,0,4,3,1,0.5777127579785883,,829.6
10195,-4.300000000000001,0,4,3,1,0.5777127579785883,,829.7
10196,-0.30000000000000004,0,4,3,1,0.5777127579785883,,829.7
10197,-4.6000000000000005,0,6,3,1,0.5777127579785883,,829.8
10198,5.7,1,4,3,1,0.5777127579785883,,829.9
10199,-4.300000000000001,0,4,3,1,0.5777127579785883,,829.9
10200,-2.3000000000000003,0,4,3,1,0.5777127579785883,,830.0
10201,-4.300000000000001,0,4,3,1,0.5777127579785883,,830.1
10202,-0.6000000000000001,0,6,3,1,0.5777127579785883,,830.1
10203,-4.300000000000001,0,4,3,1,0.5777127579785883,,830.2
10204,-2.3000000000000003,0,4,3,1,0.5777127579785883,,830.2
10205,-4.300000000000001,0,4,3,1,0.5777127579785883,,830.3
10206,-4.300000000000001,0,4,3,1,0.5777127579785883,,830.4
10207,-2.3000000000000003,0,4,3,1,0.5777127579785883,,830.4
10208,-2.3000000000000003,0,4,3,1,0.5777127579785883,,830.5
10209,-4.300000000000001,0,4,3,1,0.5777127579785883,,830.6
10210,-2.3000000000000003,0,4,3,1,0.5777127579785883,,830.7
10211,-4.300000000000001,0,4,3,1,0.5777127579785883,,830.7
10212,-2.3000000000000003,0,4,3,1,0.5777127579785883,,830.8
10213,-4.300000000000001,0,4,3,1,0.5777127579785883,,830.9
10214,-4.300000000000001,0,4,3,1,0.5777127579785883,,831.0
10215,-4.300000000000001,0,4,3,1,0.5777127579785883,,831.0
10216,-4.300000000000001,0,4,3,1,0.5777127579785883,,831.0
10217,-4.6000000000000005,0,6,3,1,0.5777127579785883,,831.1
10218,-4.300000000000001,0,4,3,1,0.5777127579785883,,831.2
10219,5.7,1,4,3,1,0.5777127579785883,,831.2
10220,-2.3000000000000003,0,4,3,1,0.5777127579785883,,831.3
10221,-0.30000000000000004,0,4,3,1,0.5777127579785883,,831.3
10222,-0.30000000000000004,0,4,3,1,0.5777127579785883,,831.4
10223,-0.30000000000000004,0,4,3,1,0.5777127579785883,,831.4
10224,-4.300000000000001,0,4,3,1,0.5777127579785883,,831.5
10225,-4.300000000000001,0,4,3,1,0.5777127579785883,,831.5
10226,-2.3000000000000003,0,4,3,1,0.5777127579785883,,831.6
10227,-4.300000000000001,0,4,3,1,0.5777127579785883,,831.7
10228,-4.300000000000001,0,4,3,1,0.5777127579785883,,831.8
10229,-2.3000000000000003,0,4,3,1,0.5777127579785883,,831.8
10230,-4.300000000000001,0,4,3,1,0.5777127579785883,,831.9
10231,-4.300000000000001,0,4,3,1,0.5777127579785883,,832.0
10232,-4.6000000000000005,0,6,3,1,0.5777127579785883,,832.1
10233,-4.300000000000001,0,4,3,1,0.5777127579785883,,832.1
10234,5.7,1,4,3,1,0.5777127579785883,,832.2
10235,-4.300000000000001,0,4,3,1,0.5777127579785883,,832.3
10236,-0.30000000000000004,0,4,3,1,0.5777127579785883,,832.3
10237,-4.300000000000001,0,4,3,1,0.5777127579785883,,832.4
10238,-0.30000000000000004,0,4,3,1,0.5777127579785883,,832.4
10239,-4.300000000000001,0,4,3,1,0.5777127579785883,,832.5
10240,-0.30000000000000004,0,4,3,1,0.5777127579785883,,832.6
10241,-2.3000000000000003,0,4,3,1,0.5777127579785883,,832.7
10242,-0.30000000000000004,0,4,3,1,0.5777127579785883,,832.7
10243,5.4,1,6,3,1,0.5777127579785883,,832.8
10244,5.7,1,4,3,1,0.5777127579785883,,832.8
10245,-4.300000000000001,0,4,3,1,0.5777127579785883,,832.9
10246,-4.300000000000001,0,4,3,1,0.5777127579785883,,833.0
10247,-0.30000000000000004,0,4,3,1,0.5777127579785883,,833.0
10248,-4.300000000000001,0,4,3,1,0.5777127579785883,,833.1
10249,5.7,1,4,3,1,0.5777127579785883,,833.2
10250,-4.300000000000001,0,4,3,1,0.5777127579785883,,833.2
10251,-4.300000000000001,0,4,3,1,0.5777127579785883,,833.3
10252,-4.300000000000001,0,4,3,1,0.5777127579785883,,833.4
10253,-4.300000000000001,0,4,3,1,0.5777127579785883,,833.5
10254,-4.300000000000001,0,4,3,1,0.5777127579785883,,833.5
10255,-2.3000000000000003,0,4,3,1,0.5777127579785883,,833.6
10256,-4.300000000000001,0,4,3,1,0.5777127579785883,,833.7
10257,-0.30000000000000004,0,4,3,1,0.5777127579785883,,833.7
10258,-4.300000000000001,0,4,3,1,0.5777127579785883,,833.7
10259,-4.300000000000001,0,4,3,1,0.5777127579785883,,833.8
10260,-4.300000000000001,0,4,3,1,0.5777127579785883,,833.9
10261,-4.300000000000001,0,4,3,1,0.5777127579785883,,833.9
10262,-2.3000000000000003,0,4,3,1,0.5777127579785883,,834.0
10263,-0.30000000000000004,0,4,3,1,0.5777127579785883,,834.0
10264,-0.30000000000000004,0,4,3,1,0.5777127579785883,,834.1
10265,-4.300000000000001,0,4,3,1,0.5777127579785883,,834.2
10266,-2.3000000000000003,0,4,3,1,0.5777127579785883,,834.2
10267,-4.300000000000001,0,4,3,1,0.5777127579785883,,834.3
10268,-4.300000000000001,0,4,3,1,0.5777127579785883,,834.3
10269,-4.300000000000001,0,4,3,1,0.5777127579785883,,834.4
10270,-5.6000000000000005,0,6,3,1,0.5777127579785883,,834.5
10271,-4.300000000000001,0,4,3,1,0.5777127579785883,,834.6
10272,-4.300000000000001,0,4,3,1,0.5777127579785883,,834.6
10273,5.7,1,4,3,1,0.5777127579785883,,834.7
10274,5.7,1,4,3,1,0.5777127579785883,,834.7
10275,-4.300000000000001,0,4,3,1,0.5777127579785883,,834.8
10276,-4.300000000000001,0,4,3,1,0.5777127579785883,,834.8
10277,-5.6000000000000005,0,6,3,1,0.5777127579785883,,834.8
10278,-3.4000000000000004,0,5,4,1,0.5777127579785883,,834.9
10279,-4.300000000000001,0,4,3,1,0.5777127579785883,,835.0
10280,5.7,1,4,3,1,0.5777127579785883,,835.0
10281,-0.30000000000000004,0,4,3,1,0.5777127579785883,,835.1
10282,5.7,1,4,3,1,0.5777127579785883,,835.2
10283,-0.30000000000000004,0,4,3,1,0.5777127579785883,,835.2
10284,5.7,1,4,3,1,0.5777127579785883,,835.3
10285,-2.3000000000000003,0,4,3,1,0.5777127579785883,,835.3
10286,-2.3000000000000003,0,4,3,1,0.5777127579785883,,835.4
10287,-0.30000000000000004,0,4,3,1,0.5777127579785883,,835.4
10288,-4.6,0,6,3,1,0.5777127579785883,,835.5
10289,-4.300000000000001,0,4,3,1,0.5777127579785883,,835.5
10290,-4.300000000000001,0,4,3,1,0.5777127579785883,,835.6
10291,-2.3000000000000003,0,4,3,1,0.5777127579785883,,835.6
10292,-2.3000000000000003,0,4,3,1,0.5777127579785883,,835.7
10293,-0.30000000000000004,0,4,3,1,0.5777127579785883,,835.8
10294,-2.3000000000000003,0,4,3,1,0.5777127579785883,,835.8
10295,-4.300000000000001,0,4,3,1,0.5777127579785883,,835.9
10296,-4.300000000000001,0,4,3,1,0.5777127579785883,,836.0
10297,-4.300000000000001,0,4,3,1,0.5777127579785883,,836.0
10298,-0.30000000000000004,0,4,3,1,0.5777127579785883,,836.1
10299,5.7,1,4,3,1,0.5777127579785883,,836.1
10300,-0.30000000000000004,0,4,3,1,0.5777127579785883,,836.2
10301,-4.6,0,6,3,1,0.5777127579785883,,836.3
10302,-2.3000000000000003,0,4,3,1,0.5777127579785883,,836.4
10303,-4.300000000000001,0,4,3,1,0.5777127579785883,,836.5
10304,-0.30000000000000004,0,4,3,1,0.5777127579785883,,836.5
10305,-1.6,0,6,3,1,0.5777127579785883,,836.5
10306,-0.30000000000000004,0,4,3,1,0.5777127579785883,,836.6
10307,5.7,1,4,3,1,0.5777127579785883,,836.7
10308,-4.300000000000001,0,4,3,1,0.5777127579785883,,836.7
10309,-4.300000000000001,0,4,3,1,0.5777127579785883,,836.8
10310,-2.3000000000000003,0,4,3,1,0.5777127579785883,,836.8
10311,-2.3000000000000003,0,4,3,1,0.5777127579785883,,836.9
10312,-4.300000000000001,0,4,3,1,0.5777127579785883,,836.9
10313,-4.300000000000001,0,4,3,1,0.5777127579785883,,837.0
10314,5.7,1,4,3,1,0.5777127579785883,,837.1
10315,5.7,1,4,3,1,0.5777127579785883,,837.2
10316,-4.300000000000001,0,4,3,1,0.5777127579785883,,837.2
10317,5.7,1,4,3,1,0.5777127579785883,,837.2
10318,-2.3000000000000003,0,4,3,1,0.5777127579785883,,837.3
10319,-0.30000000000000004,0,4,3,1,0.5777127579785883,,837.4
10320,5.7,1,4,3,1,0.5777127579785883,,837.4
10321,-4.300000000000001,0,4,3,1,0.5777127579785883,,837.5
10322,-5.6000000000000005,0,6,3,1,0.5777127579785883,,837.5
10323,-4.300000000000001,0,4,3,1,0.5777127579785883,,837.6
10324,-3.4000000000000004,0,5,4,1,0.5777127579785883,,837.8
10325,-2.3000000000000003,0,4,3,1,0.5777127579785883,,837.8
10326,5.7,1,4,3,1,0.5777127579785883,,837.9
10327,-2.3000000000000003,0,4,3,1,0.5777127579785883,,837.9
10328,-4.300000000000001,0,4,3,1,0.5777127579785883,,838.0
10329,-2.3000000000000003,0,4,3,1,0.5777127579785883,,838.1
10330,-4.300000000000001,0,4,3,1,0.5777127579785883,,838.2
10331,5.7,1,4,3,1,0.5777127579785883,,838.2
10332,-0.30000000000000004,0,4,3,1,0.5777127579785883,,838.3
10333,5.7,1,4,3,1,0.5777127579785883,,838.4
10334,-4.300000000000001,0,4,3,1,0.5777127579785883,,838.4
10335,-2.3000000000000003,0,4,3,1,0.5777127579785883,,838.4
10336,-4.300000000000001,0,4,3,1,0.5777127579785883,,838.5
10337,-2.3000000000000003,0,4,3,1,0.5777127579785883,,838.6
10338,-4.300000000000001,0,4,3,1,0.5777127579785883,,838.6
10339,-4.300000000000001,0,4,3,1,0.5777127579785883,,838.7
10340,-4.300000000000001,0,4,3,1,0.5777127579785883,,838.8
10341,-2.6,0,6,3,1,0.5777127579785883,,838.9
10342,-4.300000000000001,0,4,3,1,0.5777127579785883,,839.0
10343,-2.3000000000000003,0,4,3,1,0.5777127579785883,,839.1
10344,-4.300000000000001,0,4,3,1,0.5777127579785883,,839.1
10345,-2.3000000000000003,0,4,3,1,0.5777127579785883,,839.2
10346,-0.30000000000000004,0,4,3,1,0.5777127579785883,,839.2
10347,-2.3000000000000003,0,4,3,1,0.5777127579785883,,839.2
10348,-4.300000000000001,0,4,3,1,0.5777127579785883,,839.3
10349,-2.3000000000000003,0,4,3,1,0.5777127579785883,,839.4
10350,-4.300000000000001,0,4,3,1,0.5777127579785883,,839.4
10351,5.7,1,4,3,1,0.5777127579785883,,839.5
10352,-4.300000000000001,0,4,3,1,0.5777127579785883,,839.5
10353,5.7,1,4,3,1,0.5777127579785883,,839.6
10354,-4.6000000000000005,0,6,3,1,0.5777127579785883,,839.7
10355,-4.300000000000001,0,4,3,1,0.5777127579785883,,839.8
10356,5.7,1,4,3,1,0.5777127579785883,,839.8
10357,-2.3000000000000003,0,4,3,1,0.5777127579785883,,839.8
10358,-4.300000000000001,0,4,3,1,0.5777127579785883,,839.9
10359,5.7,1,4,3,1,0.5777127579785883,,839.9
10360,-4.300000000000001,0,4,3,1,0.5777127579785883,,840.0
10361,5.7,1,4,3,1,0.5777127579785883,,840.0
10362,-4.300000000000001,0,4,3,1,0.5777127579785883,,840.1
10363,-2.3000000000000003,0,4,3,1,0.5777127579785883,,840.2
10364,-4.300000000000001,0,4,3,1,0.5777127579785883,,840.3
10365,-4.300000000000001,0,4,3,1,0.5777127579785883,,840.4
10366,-4.300000000000001,0,4,3,1,0.5777127579785883,,840.4
10367,5.7,1,4,3,1,0.5777127579785883,,840.5
10368,-4.300000000000001,0,4,3,1,0.5777127579785883,,840.5
10369,-4.300000000000001,0,4,3,1,0.5777127579785883,,840.6
10370,-2.3000000000000003,0,4,3,1,0.5777127579785883,,840.6
10371,5.7,1,4,3,1,0.5777127579785883,,840.7
10372,-2.3000000000000003,0,4,3,1,0.5777127579785883,,840.7
10373,-2.3000000000000003,0,4,3,1,0.5777127579785883,,840.8
10374,-4.300000000000001,0,4,3,1,0.5777127579785883,,840.8
10375,-4.300000000000001,0,4,3,1,0.5777127579785883,,840.9
10376,-5.6000000000000005,0,6,3,1,0.5777127579785883,,841.0
10377,-4.300000000000001,0,4,3,1,0.5777127579785883,,841.0
10378,-4.300000000000001,0,4,3,1,0.5777127579785883,,841.1
10379,-4.300000000000001,0,4,3,1,0.5777127579785883,,841.1
10380,-0.30000000000000004,0,4,3,1,0.5777127579785883,,841.1
10381,-4.300000000000001,0,4,3,1,0.5777127579785883,,841.2
10382,-4.300000000000001,0,4,3,1,0.5777127579785883,,841.3
10383,-2.3000000000000003,0,4,3,1,0.5777127579785883,,841.3
10384,5.7,1,4,3,1,0.5777127579785883,,841.4
10385,-4.300000000000001,0,4,3,1,0.5777127579785883,,841.5
10386,-4.300000000000001,0,4,3,1,0.5777127579785883,,841.5
10387,-4.300000000000001,0,4,3,1,0.5777127579785883,,841.6
10388,-4.300000000000001,0,4,3,1,0.5777127579785883,,841.6
10389,-6.9,0,8,3,1,0.5777127579785883,,841.7
10390,-2.3000000000000003,0,4,3,1,0.5777127579785883,,841.7
10391,-4.300000000000001,0,4,3,1,0.5777127579785883,,841.8
10392,-0.30000000000000004,0,4,3,1,0.5777127579785883,,841.9
10393,-4.300000000000001,0,4,3,1,0.5777127579785883,,842.0
10394,5.7,1,4,3,1,0.5777127579785883,,842.0
10395,-2.3000000000000003,0,4,3,1,0.5777127579785883,,842.1
10396,-4.300000000000001,0,4,3,1,0.5777127579785883,,842.1
10397,-2.3000000000000003,0,4,3,1,0.5777127579785883,,842.2
10398,-4.300000000000001,0,4,3,1,0.5777127579785883,,842.2
10399,-0.30000000000000004,0,4,3,1,0.5777127579785883,,842.3
10400,-3.6,0,6,3,1,0.5777127579785883,,842.4
10401,-2.3000000000000003,0,4,3,1,0.5777127579785883,,842.5
10402,-5.4,0,5,4,1,0.5777127579785883,,842.5
10403,-4.300000000000001,0,4,3,1,0.5777127579785883,,842.6
10404,-4.300000000000001,0,4,3,1,0.5777127579785883,,842.6
10405,-4.300000000000001,0,4,3,1,0.5777127579785883,,842.8
10406,-4.300000000000001,0,4,3,1,0.5777127579785883,,842.8
10407,5.7,1,4,3,1,0.5777127579785883,,842.9
10408,-4.300000000000001,0,4,3,1,0.5777127579785883,,842.9
10409,-4.300000000000001,0,4,3,1,0.5777127579785883,,843.0
10410,-4.300000000000001,0,4,3,1,0.5777127579785883,,843.1
10411,-2.3000000000000003,0,4,3,1,0.5777127579785883,,843.2
10412,-4.300000000000001,0,4,3,1,0.5777127579785883,,843.2
10413,-4.300000000000001,0,4,3,1,0.5777127579785883,,843.2
10414,-4.300000000000001,0,4,3,1,0.5777127579785883,,843.3
10415,-4.300000000000001,0,4,3,1,0.5777127579785883,,843.3
10416,-2.3000000000000003,0,4,3,1,0.5777127579785883,,843.4
10417,-4.300000000000001,0,4,3,1,0.5777127579785883,,843.4
10418,-2.3000000000000003,0,4,3,1,0.5777127579785883,,843.5
10419,-4.300000000000001,0,4,3,1,0.5777127579785883,,843.6
10420,-4.300000000000001,0,4,3,1,0.5777127579785883,,843.6
10421,-4.300000000000001,0,4,3,1,0.5777127579785883,,843.7
10422,-4.300000000000001,0,4,3,1,0.5777127579785883,,843.7
10423,-4.300000000000001,0,4,3,1,0.5777127579785883,,843.8
10424,-2.3000000000000003,0,4,3,1,0.5777127579785883,,843.8
10425,-4.300000000000001,0,4,3,1,0.5777127579785883,,843.9
10426,-4.300000000000001,0,4,3,1,0.5777127579785883,,843.9
10427,-0.30000000000000004,0,4,3,1,0.5777127579785883,,844.0
10428,-4.6000000000000005,0,6,3,1,0.5777127579785883,,844.1
10429,-4.300000000000001,0,4,3,1,0.5777127579785883,,844.1
10430,5.7,1,4,3,1,0.5777127579785883,,844.2
10431,5.7,1,4,3,1,0.5777127579785883,,844.2
10432,-4.300000000000001,0,4,3,1,0.5777127579785883,,844.3
10433,-4.300000000000001,0,4,3,1,0.5777127579785883,,844.3
10434,-4.300000000000001,0,4,3,1,0.5777127579785883,,844.4
10435,-4.300000000000001,0,4,3,1,0.5777127579785883,,844.5
10436,-4.300000000000001,0,4,3,1,0.5777127579785883,,844.5
10437,-0.30000000000000004,0,4,3,1,0.5777127579785883,,844.6
10438,-2.3000000000000003,0,4,3,1,0.5777127579785883,,844.7
10439,-4.300000000000001,0,4,3,1,0.5777127579785883,,844.7
10440,-4.300000000000001,0,4,3,1,0.5777127579785883,,844.8
10441,-2.3000000000000003,0,4,3,1,0.5777127579785883,,844.9
10442,-2.3000000000000003,0,4,3,1,0.5777127579785883,,845.0
10443,-4.300000000000001,0,4,3,1,0.5777127579785883,,845.1
10444,-4.300000000000001,0,4,3,1,0.5777127579785883,,845.1
10445,-4.300000000000001,0,4,3,1,0.5777127579785883,,845.2
10446,5.7,1,4,3,1,0.5777127579785883,,845.2
10447,-0.30000000000000004,0,4,3,1,0.5777127579785883,,845.3
10448,-4.300000000000001,0,4,3,1,0.5777127579785883,,845.3
10449,-4.300000000000001,0,4,3,1,0.5777127579785883,,845.4
10450,5.7,1,4,3,1,0.5777127579785883,,845.4
10451,-4.300000000000001,0,4,3,1,0.5777127579785883,,845.5
10452,-0.30000000000000004,0,4,3,1,0.5777127579785883,,845.6
10453,5.7,1,4,3,1,0.5777127579785883,,845.7
10454,5.7,1,4,3,1,0.5777127579785883,,845.7
10455,-4.300000000000001,0,4,3,1,0.5777127579785883,,845.8
10456,-2.3000000000000003,0,4,3,1,0.5777127579785883,,845.8
10457,5.7,1,4,3,1,0.5777127579785883,,845.9
10458,-4.300000000000001,0,4,3,1,0.5777127579785883,,845.9
10459,-0.6000000000000001,0,6,3,1,0.5777127579785883,,845.9
10460,-4.300000000000001,0,4,3,1,0.5777127579785883,,846.0
10461,-2.3000000000000003,0,4,3,1,0.5777127579785883,,846.1
10462,5.7,1,4,3,1,0.5777127579785883,,846.1
10463,-4.300000000000001,0,4,3,1,0.5777127579785883,,846.2
10464,-4.300000000000001,0,4,3,1,0.5777127579785883,,846.3
10465,-4.300000000000001,0,4,3,1,0.5777127579785883,,846.3
10466,-0.30000000000000004,0,4,3,1,0.5535607559140772,1.5700296899303794,847.0
10467,5.7,1,4,3,1,0.5535607559140772,,847.1
10468,-4.300000000000001,0,4,3,1,0.5535607559140772,,847.1
10469,-0.30000000000000004,0,4,3,1,0.5535607559140772,,847.2
10470,-4.300000000000001,0,4,3,1,0.5535607559140772,,847.3
10471,-4.300000000000001,0,4,3,1,0.5535607559140772,,847.3
10472,-2.3000000000000003,0,4,3,1,0.5535607559140772,,847.4
10473,-4.300000000000001,0,4,3,1,0.5535607559140772,,847.4
10474,5.7,1,4,3,1,0.5535607559140772,,847.5
10475,-4.300000000000001,0,4,3,1,0.5535607559140772,,847.6
10476,-0.30000000000000004,0,4,3,1,0.5535607559140772,,847.6
10477,5.7,1,4,3,1,0.5535607559140772,,847.7
10478,5.7,1,4,3,1,0.5535607559140772,,847.7
10479,-0.30000000000000004,0,4,3,1,0.5535607559140772,,847.8
10480,-2.3000000000000003,0,4,3,1,0.5535607559140772,,847.8
10481,-0.30000000000000004,0,4,3,1,0.5535607559140772,,847.9
10482,-0.30000000000000004,0,4,3,1,0.5535607559140772,,848.0
10483,-4.300000000000001,0,4,3,1,0.5535607559140772,,848.0
10484,-4.300000000000001,0,4,3,1,0.5535607559140772,,848.1
10485,-2.3000000000000003,0,4,3,1,0.5535607559140772,,848.1
10486,-0.30000000000000004,0,4,3,1,0.5535607559140772,,848.2
10487,-4.300000000000001,0,4,3,1,0.5535607559140772,,848.2
10488,-5.6000000000000005,0,6,3,1,0.5535607559140772,,848.3
10489,-2.3000000000000003,0,4,3,1,0.5535607559140772,,848.3
10490,-4.300000000000001,0,4,3,1,0.5535607559140772,,848.4
10491,5.7,1,4,3,1,0.5535607559140772,,848.4
10492,-4.300000000000001,0,4,3,1,0.5535607559140772,,848.5
10493,-4.300000000000001,0,4,3,1,0.5535607559140772,,848.5
10494,-4.300000000000001,0,4,3,1,0.5535607559140772,,848.6
10495,-4.300000000000001,0,4,3,1,0.5535607559140772,,848.6
10496,-0.30000000000000004,0,4,3,1,0.5535607559140772,,848.7
10497,5.7,1,4,3,1,0.5535607559140772,,848.7
10498,-4.300000000000001,0,4,3,1,0.5535607559140772,,848.8
10499,5.7,1,4,3,1,0.5535607559140772,,848.9
10500,-4.300000000000001,0,4,3,1,0.5535607559140772,,848.9
10501,-4.300000000000001,0,4,3,1,0.5535607559140772,,853.7
10502,-4.300000000000001,0,4,3,1,0.5535607559140772,,853.7
10503,-0.30000000000000004,0,4,3,1,0.5535607559140772,,853.8
10504,-4.300000000000001,0,4,3,1,0.5535607559140772,,853.9
10505,-4.300000000000001,0,4,3,1,0.5535607559140772,,854.0
10506,-5.6000000000000005,0,6,3,1,0.5535607559140772,,854.1
10507,-0.6000000000000001,0,6,3,1,0.5535607559140772,,854.1
10508,-0.30000000000000004,0,4,3,1,0.5535607559140772,,854.2
10509,-2.3000000000000003,0,4,3,1,0.5535607559140772,,854.3
10510,5.7,1,4,3,1,0.5535607559140772,,854.4
10511,-4.300000000000001,0,4,3,1,0.5535607559140772,,854.4
10512,5.7,1,4,3,1,0.5535607559140772,,854.5
10513,-4.300000000000001,0,4,3,1,0.5535607559140772,,854.5
10514,-2.3000000000000003,0,4,3,1,0.5535607559140772,,854.5
10515,5.7,1,4,3,1,0.5535607559140772,,854.6
10516,-4.300000000000001,0,4,3,1,0.5535607559140772,,854.7
10517,-4.300000000000001,0,4,3,1,0.5535607559140772,,854.7
10518,-4.300000000000001,0,4,3,1,0.5535607559140772,,854.8
10519,-2.3000000000000003,0,4,3,1,0.5535607559140772,,854.9
10520,-4.300000000000001,0,4,3,1,0.5535607559140772,,854.9
10521,-4.300000000000001,0,4,3,1,0.5535607559140772,,855.0
10522,-4.300000000000001,0,4,3,1,0.5535607559140772,,855.1
10523,-4.300000000000001,0,4,3,1,0.5535607559140772,,855.1
10524,-2.3000000000000003,0,4,3,1,0.5535607559140772,,855.2
10525,-4.300000000000001,0,4,3,1,0.5535607559140772,,855.3
10526,-2.3000000000000003,0,4,3,1,0.5535607559140772,,855.3
10527,-0.30000000000000004,0,4,3,1,0.5535607559140772,,855.4
10528,-4.300000000000001,0,4,3,1,0.5535607559140772,,855.4
10529,-4.300000000000001,0,4,3,1,0.5535607559140772,,855.5
10530,-2.3000000000000003,0,4,3,1,0.5535607559140772,,855.6
10531,-2.3000000000000003,0,4,3,1,0.5535607559140772,,855.6
10532,-4.300000000000001,0,4,3,1,0.5535607559140772,,855.7
10533,-4.300000000000001,0,4,3,1,0.5535607559140772,,855.7
10534,-4.300000000000001,0,4,3,1,0.5535607559140772,,855.8
10535,5.7,1,4,3,1,0.5535607559140772,,855.8
10536,-4.300000000000001,0,4,3,1,0.5535607559140772,,855.9
10537,-4.300000000000001,0,4,3,1,0.5535607559140772,,856.0
10538,-4.300000000000001,0,4,3,1,0.5535607559140772,,856.0
10539,-4.300000000000001,0,4,3,1,0.5535607559140772,,856.1
10540,-4.300000000000001,0,4,3,1,0.5535607559140772,,856.1
10541,-4.300000000000001,0,4,3,1,0.5535607559140772,,856.2
10542,5.7,1,4,3,1,0.5535607559140772,,856.2
10543,5.7,1,4,3,1,0.5535607559140772,,856.3
10544,-4.300000000000001,0,4,3,1,0.5535607559140772,,856.4
10545,-0.30000000000000004,0,4,3,1,0.5535607559140772,,856.4
10546,-2.3000000000000003,0,4,3,1,0.5535607559140772,,856.4
10547,-0.30000000000000004,0,4,3,1,0.5535607559140772,,856.5
10548,5.7,1,4,3,1,0.5535607559140772,,856.5
10549,-0.30000000000000004,0,4,3,1,0.5535607559140772,,856.6
10550,-4.300000000000001,0,4,3,1,0.5535607559140772,,856.7
10551,-2.3000000000000003,0,4,3,1,0.5535607559140772,,856.7
10552,5.7,1,4,3,1,0.5535607559140772,,856.8
10553,-0.30000000000000004,0,4,3,1,0.5535607559140772,,856.9
10554,-4.300000000000001,0,4,3,1,0.5535607559140772,,857.0
10555,-4.300000000000001,0,4,3,1,0.5535607559140772,,857.1
10556,5.7,1,4,3,1,0.5535607559140772,,857.1
10557,-2.3000000000000003,0,4,3,1,0.5535607559140772,,857.1
10558,-4.300000000000001,0,4,3,1,0.5535607559140772,,857.2
10559,-4.300000000000001,0,4,3,1,0.5535607559140772,,857.3
10560,5.7,1,4,3,1,0.5535607559140772,,857.3
10561,-4.300000000000001,0,4,3,1,0.5535607559140772,,857.4
10562,-4.300000000000001,0,4,3,1,0.5535607559140772,,857.5
10563,-4.300000000000001,0,4,3,1,0.5535607559140772,,857.5
10564,-2.3000000000000003,0,4,3,1,0.5535607559140772,,857.6
10565,-0.6000000000000001,0,6,3,1,0.5535607559140772,,857.6
10566,-4.300000000000001,0,4,3,1,0.5535607559140772,,857.7
10567,-4.300000000000001,0,4,3,1,0.5535607559140772,,857.8
10568,-2.3000000000000003,0,4,3,1,0.5535607559140772,,857.8
10569,-4.300000000000001,0,4,3,1,0.5535607559140772,,857.9
10570,-4.300000000000001,0,4,3,1,0.5535607559140772,,857.9
10571,-4.300000000000001,0,4,3,1,0.5535607559140772,,858.0
10572,-4.300000000000001,0,4,3,1,0.5535607559140772,,858.0
10573,5.7,1,4,3,1,0.5535607559140772,,858.1
10574,-4.300000000000001,0,4,3,1,0.5535607559140772,,858.2
10575,-5.9,0,8,3,1,0.5535607559140772,,858.3
10576,-0.30000000000000004,0,4,3,1,0.5535607559140772,,858.3
10577,5.7,1,4,3,1,0.5535607559140772,,858.4
10578,-4.300000000000001,0,4,3,1,0.5535607559140772,,858.4
10579,-4.300000000000001,0,4,3,1,0.5535607559140772,,858.5
10580,-4.300000000000001,0,4,3,1,0.5535607559140772,,858.6
10581,-0.30000000000000004,0,4,3,1,0.5535607559140772,,858.6
10582,5.7,1,4,3,1,0.5535607559140772,,858.6
10583,-2.3000000000000003,0,4,3,1,0.5535607559140772,,858.7
10584,-4.300000000000001,0,4,3,1,0.5535607559140772,,858.7
10585,5.7,1,4,3,1,0.5535607559140772,,858.8
10586,-4.300000000000001,0,4,3,1,0.5535607559140772,,858.8
10587,-2.3000000000000003,0,4,3,1,0.5535607559140772,,858.9
10588,5.7,1,4,3,1,0.5535607559140772,,859.0
10589,-4.300000000000001,0,4,3,1,0.5535607559140772,,859.1
10590,-4.300000000000001,0,4,3,1,0.5535607559140772,,859.1
10591,-4.300000000000001,0,4,3,1,0.5535607559140772,,859.2
10592,-4.300000000000001,0,4,3,1,0.5535607559140772,,859.3
10593,5.7,1,4,3,1,0.5535607559140772,,859.3
10594,-4.300000000000001,0,4,3,1,0.5535607559140772,,859.4
10595,-4.300000000000001,0,4,3,1,0.5535607559140772,,859.5
10596,-0.30000000000000004,0,4,3,1,0.5535607559140772,,859.5
10597,-4.300000000000001,0,4,3,1,0.5535607559140772,,859.6
10598,-4.300000000000001,0,4,3,1,0.5535607559140772,,859.6
10599,-4.300000000000001,0,4,3,1,0.5535607559140772,,859.7
10600,-4.300000000000001,0,4,3,1,0.5535607559140772,,859.7
10601,-4.300000000000001,0,4,3,1,0.5535607559140772,,859.8
10602,-2.6,0,6,3,1,0.5535607559140772,,859.8
10603,-2.3000000000000003,0,4,3,1,0.5535607559140772,,859.9
10604,-2.3000000000000003,0,4,3,1,0.5535607559140772,,859.9
10605,5.7,1,4,3,1,0.5535607559140772,,860.0
10606,-4.300000000000001,0,4,3,1,0.5535607559140772,,860.1
10607,5.7,1,4,3,1,0.5535607559140772,,860.1
10608,-2.3000000000000003,0,4,3,1,0.5535607559140772,,860.2
10609,-0.30000000000000004,0,4,3,1,0.5535607559140772,,860.3
10610,-0.30000000000000004,0,4,3,1,0.5535607559140772,,860.4
10611,5.7,1,4,3,1,0.5535607559140772,,860.4
10612,-4.300000000000001,0,4,3,1,0.5535607559140772,,860.5
10613,5.7,1,4,3,1,0.5535607559140772,,860.5
10614,-4.300000000000001,0,4,3,1,0.5535607559140772,,860.6
10615,-4.300000000000001,0,4,3,1,0.5535607559140772,,860.7
10616,-2.3000000000000003,0,4,3,1,0.5535607559140772,,860.7
10617,5.7,1,4,3,1,0.5535607559140772,,860.8
10618,-2.3000000000000003,0,4,3,1,0.5535607559140772,,860.8
10619,-4.300000000000001,0,4,3,1,0.5535607559140772,,860.9
10620,-0.30000000000000004,0,4,3,1,0.5535607559140772,,861.0
10621,-2.3000000000000003,0,4,3,1,0.5535607559140772,,861.0
10622,-4.300000000000001,0,4,3,1,0.5535607559140772,,861.0
10623,-2.3000000000000003,0,4,3,1,0.5535607559140772,,861.1
10624,-4.300000000000001,0,4,3,1,0.5535607559140772,,861.2
10625,5.7,1,4,3,1,0.5535607559140772,,861.2
10626,-4.300000000000001,0,4,3,1,0.5535607559140772,,861.3
10627,-4.300000000000001,0,4,3,1,0.5535607559140772,,861.4
10628,-4.300000000000001,0,4,3,1,0.5535607559140772,,861.4
10629,-4.300000000000001,0,4,3,1,0.5535607559140772,,861.5
10630,-4.300000000000001,0,4,3,1,0.5535607559140772,,861.5
10631,-4.300000000000001,0,4,3,1,0.5535607559140772,,861.6
10632,-4.300000000000001,0,4,3,1,0.5535607559140772,,861.7
10633,5.7,1,4,3,1,0.5535607559140772,,861.7
10634,-4.300000000000001,0,4,3,1,0.5535607559140772,,861.8
10635,-4.300000000000001,0,4,3,1,0.5535607559140772,,861.8
10636,-4.300000000000001,0,4,3,1,0.5535607559140772,,861.9
10637,-4.300000000000001,0,4,3,1,0.5535607559140772,,861.9
10638,-2.3000000000000003,0,4,3,1,0.5535607559140772,,862.0
10639,-5.4,0,5,4,1,0.5535607559140772,,862.1
10640,-0.30000000000000004,0,4,3,1,0.5535607559140772,,862.1
10641,-4.300000000000001,0,4,3,1,0.5535607559140772,,862.2
10642,-4.300000000000001,0,4,3,1,0.5535607559140772,,862.3
10643,-4.300000000000001,0,4,3,1,0.5535607559140772,,862.4
10644,5.7,1,4,3,1,0.5535607559140772,,862.4
10645,-4.300000000000001,0,4,3,1,0.5535607559140772,,862.4
10646,5.7,1,4,3,1,0.5535607559140772,,862.5
10647,-0.30000000000000004,0,4,3,1,0.5535607559140772,,862.5
10648,-4.300000000000001,0,4,3,1,0.5535607559140772,,862.6
10649,-0.30000000000000004,0,4,3,1,0.5535607559140772,,862.6
10650,-2.3000000000000003,0,4,3,1,0.5535607559140772,,862.7
10651,-4.300000000000001,0,4,3,1,0.5535607559140772,,862.8
10652,-0.30000000000000004,0,4,3,1,0.5535607559140772,,862.8
10653,-4.300000000000001,0,4,3,1,0.5535607559140772,,862.9
10654,5.7,1,4,3,1,0.5535607559140772,,862.9
10655,-4.300000000000001,0,4,3,1,0.5535607559140772,,863.0
10656,-4.9,0,8,3,1,0.5535607559140772,,863.1
10657,5.7,1,4,3,1,0.5535607559140772,,863.1
10658,-4.300000000000001,0,4,3,1,0.5535607559140772,,863.1
10659,5.7,1,4,3,1,0.5535607559140772,,863.2
10660,-4.300000000000001,0,4,3,1,0.5535607559140772,,863.2
10661,5.7,1,4,3,1,0.5535607559140772,,863.3
10662,-0.30000000000000004,0,4,3,1,0.5535607559140772,,863.3
10663,-4.300000000000001,0,4,3,1,0.5535607559140772,,863.4
10664,5.7,1,4,3,1,0.5535607559140772,,863.4
10665,5.7,1,4,3,1,0.5535607559140772,,863.5
10666,-0.30000000000000004,0,4,3,1,0.5535607559140772,,863.5
10667,-4.300000000000001,0,4,3,1,0.5535607559140772,,863.6
10668,-4.300000000000001,0,4,3,1,0.5535607559140772,,863.6
10669,-4.300000000000001,0,4,3,1,0.5535607559140772,,863.6
10670,5.4,1,6,3,1,0.5535607559140772,,863.7
10671,-2.3000000000000003,0,4,3,1,0.5535607559140772,,863.8
10672,-4.300000000000001,0,4,3,1,0.5535607559140772,,863.8
10673,-4.6000000000000005,0,6,3,1,0.5535607559140772,,863.9
10674,-4.300000000000001,0,4,3,1,0.5535607559140772,,864.0
10675,-0.30000000000000004,0,4,3,1,0.5535607559140772,,864.1
10676,5.7,1,4,3,1,0.5535607559140772,,864.1
10677,-4.300000000000001,0,4,3,1,0.5535607559140772,,864.2
10678,5.7,1,4,3,1,0.5535607559140772,,864.2
10679,-4.300000000000001,0,4,3,1,0.5535607559140772,,864.2
10680,-4.300000000000001,0,4,3,1,0.5535607559140772,,864.3
10681,5.4,1,6,3,1,0.5535607559140772,,864.4
10682,5.7,1,4,3,1,0.5535607559140772,,864.4
10683,-2.3000000000000003,0,4,3,1,0.5535607559140772,,864.5
10684,-4.300000000000001,0,4,3,1,0.5535607559140772,,864.6
10685,-0.30000000000000004,0,4,3,1,0.5535607559140772,,864.6
10686,-4.300000000000001,0,4,3,1,0.5535607559140772,,864.7
10687,-4.300000000000001,0,4,3,1,0.5535607559140772,,864.7
10688,-4.300000000000001,0,4,3,1,0.5535607559140772,,864.8
10689,-4.300000000000001,0,4,3,1,0.5535607559140772,,864.8
10690,-0.30000000000000004,0,4,3,1,0.5535607559140772,,864.9
10691,-4.300000000000001,0,4,3,1,0.5535607559140772,,865.0
10692,-4.300000000000001,0,4,3,1,0.5535607559140772,,865.0
10693,-4.300000000000001,0,4,3,1,0.5535607559140772,,865.0
10694,-4.300000000000001,0,4,3,1,0.5535607559140772,,865.1
10695,5.7,1,4,3,1,0.5535607559140772,,865.2
10696,5.7,1,4,3,1,0.5535607559140772,,865.2
10697,-4.300000000000001,0,4,3,1,0.5535607559140772,,865.3
10698,-4.300000000000001,0,4,3,1,0.5535607559140772,,865.3
10699,-4.300000000000001,0,4,3,1,0.5535607559140772,,865.4
10700,-4.300000000000001,0,4,3,1,0.5535607559140772,,865.4
10701,-4.300000000000001,0,4,3,1,0.5535607559140772,,865.5
10702,-4.300000000000001,0,4,3,1,0.5535607559140772,,865.5
10703,-2.3000000000000003,0,4,3,1,0.5535607559140772,,865.6
10704,-4.300000000000001,0,4,3,1,0.5535607559140772,,865.7
10705,-4.300000000000001,0,4,3,1,0.5535607559140772,,865.7
10706,-0.30000000000000004,0,4,3,1,0.5535607559140772,,865.8
10707,-2.3000000000000003,0,4,3,1,0.5535607559140772,,865.9
10708,-4.300000000000001,0,4,3,1,0.5535607559140772,,865.9
10709,-4.300000000000001,0,4,3,1,0.5535607559140772,,866.0
10710,-2.3000000000000003,0,4,3,1,0.5535607559140772,,866.0
10711,-4.300000000000001,0,4,3,1,0.5535607559140772,,866.1
10712,-4.300000000000001,0,4,3,1,0.5535607559140772,,866.2
10713,-4.300000000000001,0,4,3,1,0.5535607559140772,,866.2
10714,-0.30000000000000004,0,4,3,1,0.5535607559140772,,866.3
10715,-4.300000000000001,0,4,3,1,0.5535607559140772,,866.4
10716,-4.9,0,8,3,1,0.5535607559140772,,866.5
10717,-5.6000000000000005,0,6,3,1,0.5535607559140772,,866.5
10718,5.7,1,4,3,1,0.5535607559140772,,866.6
10719,-4.300000000000001,0,4,3,1,0.5535607559140772,,866.7
10720,-4.300000000000001,0,4,3,1,0.5535607559140772,,866.8
10721,-0.30000000000000004,0,4,3,1,0.5535607559140772,,866.8
10722,-0.30000000000000004,0,4,3,1,0.5535607559140772,,866.9
10723,-4.300000000000001,0,4,3,1,0.5535607559140772,,867.0
10724,5.7,1,4,3,1,0.5535607559140772,,867.0
10725,-2.3000000000000003,0,4,3,1,0.5535607559140772,,867.0
10726,-4.6000000000000005,0,6,3,1,0.5535607559140772,,867.1
10727,-4.300000000000001,0,4,3,1,0.5535607559140772,,867.1
10728,-4.300000000000001,0,4,3,1,0.5535607559140772,,867.2
10729,-0.30000000000000004,0,4,3,1,0.5535607559140772,,867.2
10730,-4.300000000000001,0,4,3,1,0.5535607559140772,,867.3
10731,-4.300000000000001,0,4,3,1,0.5535607559140772,,867.4
10732,-4.300000000000001,0,4,3,1,0.5535607559140772,,867.4
10733,-4.300000000000001,0,4,3,1,0.5535607559140772,,867.4
10734,-4.6000000000000005,0,6,3,1,0.5535607559140772,,867.5
10735,-4.300000000000001,0,4,3,1,0.5535607559140772,,867.5
10736,-2.3000000000000003,0,4,3,1,0.5535607559140772,,867.6
10737,5.7,1,4,3,1,0.5535607559140772,,867.7
10738,5.7,1,4,3,1,0.5535607559140772,,867.7
10739,-2.3000000000000003,0,4,3,1,0.5535607559140772,,867.8
10740,5.7,1,4,3,1,0.5535607559140772,,867.8
10741,-4.300000000000001,0,4,3,1,0.5535607559140772,,867.9
10742,-4.300000000000001,0,4,3,1,0.5535607559140772,,868.0
10743,-4.300000000000001,0,4,3,1,0.5535607559140772,,868.0
10744,-4.300000000000001,0,4,3,1,0.5535607559140772,,868.1
10745,-4.300000000000001,0,4,3,1,0.5535607559140772,,868.2
10746,-4.300000000000001,0,4,3,1,0.5535607559140772,,868.2
10747,5.7,1,4,3,1,0.5535607559140772,,868.2
10748,-0.30000000000000004,0,4,3,1,0.5535607559140772,,868.2
10749,-4.300000000000001,0,4,3,1,0.5535607559140772,,868.3
10750,-4.300000000000001,0,4,3,1,0.5535607559140772,,868.4
10751,-4.300000000000001,0,4,3,1,0.5535607559140772,,868.4
10752,-0.30000000000000004,0,4,3,1,0.5535607559140772,,868.5
10753,-4.300000000000001,0,4,3,1,0.5535607559140772,,868.5
10754,-4.300000000000001,0,4,3,1,0.5535607559140772,,868.6
10755,-2.3000000000000003,0,4,3,1,0.5535607559140772,,868.6
10756,-4.300000000000001,0,4,3,1,0.5535607559140772,,868.7
10757,-4.300000000000001,0,4,3,1,0.5535607559140772,,868.7
10758,5.7,1,4,3,1,0.5535607559140772,,868.8
10759,-4.300000000000001,0,4,3,1,0.5535607559140772,,868.8
10760,-4.300000000000001,0,4,3,1,0.5535607559140772,,868.9
10761,5.7,1,4,3,1,0.5535607559140772,,868.9
10762,-4.300000000000001,0,4,3,1,0.5535607559140772,,869.0
10763,5.7,1,4,3,1,0.5535607559140772,,869.1
10764,-4.300000000000001,0,4,3,1,0.5535607559140772,,869.1
10765,5.7,1,4,3,1,0.5535607559140772,,869.2
10766,-4.300000000000001,0,4,3,1,0.5535607559140772,,869.3
10767,-4.300000000000001,0,4,3,1,0.5535607559140772,,869.4
10768,-4.300000000000001,0,4,3,1,0.5535607559140772,,869.4
10769,-2.3000000000000003,0,4,3,1,0.5535607559140772,,869.4
10770,5.7,1,4,3,1,0.5535607559140772,,869.5
10771,-2.3000000000000003,0,4,3,1,0.5535607559140772,,869.5
10772,-0.30000000000000004,0,4,3,1,0.5535607559140772,,869.5
10773,-4.300000000000001,0,4,3,1,0.5535607559140772,,869.6
10774,-4.300000000000001,0,4,3,1,0.5535607559140772,,869.6
10775,-0.30000000000000004,0,4,3,1,0.5535607559140772,,869.7
10776,-4.300000000000001,0,4,3,1,0.5535607559140772,,869.7
10777,-4.300000000000001,0,4,3,1,0.5535607559140772,,869.7
10778,-4.300000000000001,0,4,3,1,0.5535607559140772,,869.8
10779,-4.300000000000001,0,4,3,1,0.5535607559140772,,869.9
10780,5.7,1,4,3,1,0.5535607559140772,,869.9
10781,-4.300000000000001,0,4,3,1,0.5535607559140772,,870.0
10782,-4.300000000000001,0,4,3,1,0.5535607559140772,,870.1
10783,5.7,1,4,3,1,0.5535607559140772,,870.1
10784,-4.300000000000001,0,4,3,1,0.5535607559140772,,870.2
10785,-0.30000000000000004,0,4,3,1,0.5535607559140772,,870.2
10786,-4.300000000000001,0,4,3,1,0.5535607559140772,,870.3
10787,-2.3000000000000003,0,4,3,1,0.5535607559140772,,870.4
10788,-4.300000000000001,0,4,3,1,0.5535607559140772,,870.4
10789,-4.300000000000001,0,4,3,1,0.5535607559140772,,870.5
10790,-4.300000000000001,0,4,3,1,0.5535607559140772,,870.6
10791,5.7,1,4,3,1,0.5535607559140772,,870.7
10792,-0.30000000000000004,0,4,3,1,0.5535607559140772,,870.8
10793,-4.300000000000001,0,4,3,1,0.5535607559140772,,870.9
10794,5.7,1,4,3,1,0.5535607559140772,,870.9
10795,-4.300000000000001,0,4,3,1,0.5535607559140772,,871.0
10796,-4.300000000000001,0,4,3,1,0.5535607559140772,,871.1
10797,-4.300000000000001,0,4,3,1,0.5535607559140772,,871.1
10798,-3.6,0,6,3,1,0.5535607559140772,,871.2
10799,5.7,1,4,3,1,0.5535607559140772,,871.2
10800,-4.300000000000001,0,4,3,1,0.5535607559140772,,871.3
10801,-4.300000000000001,0,4,3,1,0.5535607559140772,,871.4
10802,-2.3000000000000003,0,4,3,1,0.5535607559140772,,871.4
10803,5.7,1,4,3,1,0.5535607559140772,,871.5
10804,-0.30000000000000004,0,4,3,1,0.5535607559140772,,871.5
10805,5.7,1,4,3,1,0.5535607559140772,,871.6
10806,-4.300000000000001,0,4,3,1,0.5535607559140772,,871.7
10807,-4.300000000000001,0,4,3,1,0.5535607559140772,,871.7
10808,-2.3000000000000003,0,4,3,1,0.5535607559140772,,871.8
10809,-0.30000000000000004,0,4,3,1,0.5535607559140772,,871.8
10810,-0.30000000000000004,0,4,3,1,0.5535607559140772,,871.9
10811,-4.300000000000001,0,4,3,1,0.5535607559140772,,871.9
10812,-2.3000000000000003,0,4,3,1,0.5535607559140772,,871.9
10813,-4.300000000000001,0,4,3,1,0.5535607559140772,,872.0
10814,5.7,1,4,3,1,0.5535607559140772,,872.1
10815,-4.300000000000001,0,4,3,1,0.5535607559140772,,872.1
10816,-4.300000000000001,0,4,3,1,0.5535607559140772,,872.2
10817,-2.3000000000000003,0,4,3,1,0.5535607559140772,,872.2
10818,-4.300000000000001,0,4,3,1,0.5535607559140772,,872.3
10819,-2.3000000000000003,0,4,3,1,0.5535607559140772,,872.4
10820,-4.300000000000001,0,4,3,1,0.5535607559140772,,872.5
10821,5.7,1,4,3,1,0.5535607559140772,,872.5
10822,-2.3000000000000003,0,4,3,1,0.5535607559140772,,872.6
10823,-4.300000000000001,0,4,3,1,0.5535607559140772,,872.8
10824,5.7,1,4,3,1,0.5535607559140772,,872.8
10825,-2.3000000000000003,0,4,3,1,0.5535607559140772,,872.9
10826,-4.300000000000001,0,4,3,1,0.5535607559140772,,873.0
10827,5.7,1,4,3,1,0.5535607559140772,,873.0
10828,-2.3000000000000003,0,4,3,1,0.5535607559140772,,873.1
10829,-4.300000000000001,0,4,3,1,0.5535607559140772,,873.2
10830,-0.30000000000000004,0,4,3,1,0.5535607559140772,,873.2
10831,-4.300000000000001,0,4,3,1,0.5535607559140772,,873.2
10832,5.7,1,4,3,1,0.5535607559140772,,873.3
10833,-2.3000000000000003,0,4,3,1,0.5535607559140772,,873.3
10834,5.7,1,4,3,1,0.5535607559140772,,873.4
10835,-2.3000000000000003,0,4,3,1,0.5535607559140772,,873.4
10836,-4.300000000000001,0,4,3,1,0.5535607559140772,,873.5
10837,5.4,1,6,3,1,0.5535607559140772,,873.5
10838,-2.3000000000000003,0,4,3,1,0.5535607559140772,,873.5
10839,-4.6000000000000005,0,6,3,1,0.5535607559140772,,873.5
10840,5.7,1,4,3,1,0.5535607559140772,,873.6
10841,-4.300000000000001,0,4,3,1,0.5535607559140772,,873.6
10842,-0.6000000000000001,0,6,3,1,0.5535607559140772,,873.7
10843,-0.30000000000000004,0,4,3,1,0.5535607559140772,,873.8
10844,-2.3000000000000003,0,4,3,1,0.5535607559140772,,873.8
10845,-4.300000000000001,0,4,3,1,0.5535607559140772,,873.9
10846,-4.300000000000001,0,4,3,1,0.5535607559140772,,874.0
10847,-2.3000000000000003,0,4,3,1,0.5535607559140772,,874.0
10848,-0.30000000000000004,0,4,3,1,0.5535607559140772,,874.1
10849,-4.300000000000001,0,4,3,1,0.5535607559140772,,874.2
10850,-4.300000000000001,0,4,3,1,0.5535607559140772,,874.3
10851,-2.3000000000000003,0,4,3,1,0.5535607559140772,,874.3
10852,-0.30000000000000004,0,4,3,1,0.5535607559140772,,874.4
10853,5.7,1,4,3,1,0.5535607559140772,,874.4
10854,-2.3000000000000003,0,4,3,1,0.5535607559140772,,874.5
10855,-4.300000000000001,0,4,3,1,0.5535607559140772,,874.6
10856,-0.30000000000000004,0,4,3,1,0.5535607559140772,,874.7
10857,-4.300000000000001,0,4,3,1,0.5535607559140772,,874.7
10858,5.7,1,4,3,1,0.5535607559140772,,874.8
10859,-2.3000000000000003,0,4,3,1,0.5535607559140772,,874.8
10860,-4.300000000000001,0,4,3,1,0.5535607559140772,,874.9
10861,-2.3000000000000003,0,4,3,1,0.5535607559140772,,875.0
10862,-4.6000000000000005,0,6,3,1,0.5535607559140772,,875.0
10863,-4.300000000000001,0,4,3,1,0.5535607559140772,,875.1
10864,-2.3000000000000003,0,4,3,1,0.5535607559140772,,875.1
10865,5.7,1,4,3,1,0.5535607559140772,,875.1
10866,-4.300000000000001,0,4,3,1,0.5535607559140772,,875.2
10867,-2.3000000000000003,0,4,3,1,0.5535607559140772,,875.2
10868,-2.3000000000000003,0,4,3,1,0.5535607559140772,,875.3
10869,-0.30000000000000004,0,4,3,1,0.5535607559140772,,875.4
10870,-4.300000000000001,0,4,3,1,0.5535607559140772,,875.4
10871,-4.300000000000001,0,4,3,1,0.5535607559140772,,875.5
10872,-0.30000000000000004,0,4,3,1,0.5535607559140772,,875.6
10873,5.7,1,4,3,1,0.5535607559140772,,875.6
10874,5.7,1,4,3,1,0.5535607559140772,,875.7
10875,-2.3000000000000003,0,4,3,1,0.5535607559140772,,875.7
10876,-4.300000000000001,0,4,3,1,0.5535607559140772,,875.8
10877,-4.300000000000001,0,4,3,1,0.5535607559140772,,875.9
10878,5.7,1,4,3,1,0.5535607559140772,,876.0
10879,-4.300000000000001,0,4,3,1,0.5535607559140772,,876.0
10880,-2.3000000000000003,0,4,3,1,0.5535607559140772,,876.1
10881,-4.300000000000001,0,4,3,1,0.5535607559140772,,876.1
10882,-4.300000000000001,0,4,3,1,0.5535607559140772,,876.2
10883,-2.3000000000000003,0,4,3,1,0.5535607559140772,,876.3
10884,-4.300000000000001,0,4,3,1,0.5535607559140772,,876.3
10885,-0.30000000000000004,0,4,3,1,0.5535607559140772,,876.4
10886,5.7,1,4,3,1,0.5535607559140772,,876.5
10887,5.4,1,6,3,1,0.5535607559140772,,876.5
10888,-4.300000000000001,0,4,3,1,0.5535607559140772,,876.6
10889,-2.3000000000000003,0,4,3,1,0.5535607559140772,,876.6
10890,-0.30000000000000004,0,4,3,1,0.5535607559140772,,876.7
10891,-4.300000000000001,0,4,3,1,0.5535607559140772,,876.8
10892,-4.300000000000001,0,4,3,1,0.5535607559140772,,876.8
10893,5.7,1,4,3,1,0.5535607559140772,,876.8
10894,-4.300000000000001,0,4,3,1,0.5535607559140772,,876.9
10895,-2.3000000000000003,0,4,3,1,0.5535607559140772,,877.0
10896,-4.300000000000001,0,4,3,1,0.5535607559140772,,877.0
10897,-5.6000000000000005,0,6,3,1,0.5535607559140772,,877.0
10898,-4.300000000000001,0,4,3,1,0.5535607559140772,,877.1
10899,5.7,1,4,3,1,0.5535607559140772,,877.1
10900,-4.300000000000001,0,4,3,1,0.5535607559140772,,877.2
10901,-4.6,0,6,3,1,0.5535607559140772,,877.2
10902,-0.30000000000000004,0,4,3,1,0.5535607559140772,,877.3
10903,-4.300000000000001,0,4,3,1,0.5535607559140772,,877.3
10904,-5.6000000000000005,0,6,3,1,0.5535607559140772,,877.4
10905,-4.300000000000001,0,4,3,1,0.5535607559140772,,877.4
10906,-0.30000000000000004,0,4,3,1,0.5535607559140772,,877.5
10907,-4.300000000000001,0,4,3,1,0.5535607559140772,,877.5
10908,-0.30000000000000004,0,4,3,1,0.5535607559140772,,877.6
10909,5.7,1,4,3,1,0.5535607559140772,,877.7
10910,-0.30000000000000004,0,4,3,1,0.5535607559140772,,877.7
10911,-4.300000000000001,0,4,3,1,0.5535607559140772,,877.8
10912,-3.7,0,7,4,1,0.5535607559140772,,877.9
10913,-4.300000000000001,0,4,3,1,0.5535607559140772,,877.9
10914,-4.300000000000001,0,4,3,1,0.5535607559140772,,877.9
10915,5.7,1,4,3,1,0.5535607559140772,,878.0
10916,-2.3000000000000003,0,4,3,1,0.5535607559140772,,878.1
10917,-4.300000000000001,0,4,3,1,0.5535607559140772,,878.2
10918,-4.300000000000001,0,4,3,1,0.5535607559140772,,878.2
10919,-4.300000000000001,0,4,3,1,0.5535607559140772,,878.3
10920,-4.300000000000001,0,4,3,1,0.5535607559140772,,878.4
10921,-4.300000000000001,0,4,3,1,0.5535607559140772,,878.4
10922,-4.300000000000001,0,4,3,1,0.5535607559140772,,878.5
10923,4.4,1,6,3,1,0.5535607559140772,,878.6
10924,-4.300000000000001,0,4,3,1,0.5535607559140772,,878.7
10925,-0.30000000000000004,0,4,3,1,0.5535607559140772,,878.7
10926,-4.300000000000001,0,4,3,1,0.5535607559140772,,878.7
10927,-4.300000000000001,0,4,3,1,0.5535607559140772,,878.8
10928,-4.300000000000001,0,4,3,1,0.5535607559140772,,878.9
10929,5.7,1,4,3,1,0.5535607559140772,,879.0
10930,-4.300000000000001,0,4,3,1,0.5535607559140772,,879.1
10931,-4.300000000000001,0,4,3,1,0.5535607559140772,,879.2
10932,-4.300000000000001,0,4,3,1,0.5535607559140772,,879.2
10933,5.7,1,4,3,1,0.5535607559140772,,879.3
10934,-4.300000000000001,0,4,3,1,0.5535607559140772,,879.3
10935,-2.3000000000000003,0,4,3,1,0.5535607559140772,,879.4
10936,-4.300000000000001,0,4,3,1,0.5535607559140772,,879.4
10937,-4.300000000000001,0,4,3,1,0.5535607559140772,,879.5
10938,-4.300000000000001,0,4,3,1,0.5535607559140772,,879.6
10939,-4.300000000000001,0,4,3,1,0.5535607559140772,,879.6
10940,-4.300000000000001,0,4,3,1,0.5535607559140772,,879.7
10941,-4.300000000000001,0,4,3,1,0.5535607559140772,,879.7
10942,-4.300000000000001,0,4,3,1,0.5535607559140772,,879.8
10943,-0.9000000000000001,0,8,3,1,0.5535607559140772,,879.9
10944,-0.30000000000000004,0,4,3,1,0.5535607559140772,,879.9
10945,-4.300000000000001,0,4,3,1,0.5535607559140772,,879.9
10946,5.7,1,4,3,1,0.5535607559140772,,880.0
10947,-4.300000000000001,0,4,3,1,0.5535607559140772,,880.0
10948,-4.300000000000001,0,4,3,1,0.5535607559140772,,880.1
10949,-4.300000000000001,0,4,3,1,0.5535607559140772,,880.2
10950,-4.300000000000001,0,4,3,1,0.5535607559140772,,880.2
10951,-4.300000000000001,0,4,3,1,0.5535607559140772,,880.3
10952,-2.3000000000000003,0,4,3,1,0.5535607559140772,,880.4
10953,5.7,1,4,3,1,0.5535607559140772,,880.4
10954,-4.300000000000001,0,4,3,1,0.5535607559140772,,880.5
10955,-4.300000000000001,0,4,3,1,0.5535607559140772,,880.6
10956,-4.300000000000001,0,4,3,1,0.5535607559140772,,880.6
10957,-0.30000000000000004,0,4,3,1,0.5535607559140772,,880.7
10958,5.7,1,4,3,1,0.5535607559140772,,880.8
10959,-4.300000000000001,0,4,3,1,0.5535607559140772,,880.9
10960,5.7,1,4,3,1,0.5535607559140772,,880.9
10961,-0.30000000000000004,0,4,3,1,0.5535607559140772,,880.9
10962,-2.3000000000000003,0,4,3,1,0.5744872309733182,2.053923338651657,881.6
10963,-4.300000000000001,0,4,3,1,0.5744872309733182,,881.6
10964,5.7,1,4,3,1,0.5744872309733182,,881.7
10965,-4.300000000000001,0,4,3,1,0.5744872309733182,,881.7
10966,-4.300000000000001,0,4,3,1,0.5744872309733182,,881.8
10967,-4.300000000000001,0,4,3,1,0.5744872309733182,,881.9
10968,-2.3000000000000003,0,4,3,1,0.5744872309733182,,882.0
10969,-4.300000000000001,0,4,3,1,0.5744872309733182,,882.0
10970,-4.6000000000000005,0,6,3,1,0.5744872309733182,,882.1
10971,-2.3000000000000003,0,4,3,1,0.5744872309733182,,882.1
10972,-4.300000000000001,0,4,3,1,0.5744872309733182,,882.2
10973,-2.3000000000000003,0,4,3,1,0.5744872309733182,,882.3
10974,-4.300000000000001,0,4,3,1,0.5744872309733182,,882.4
10975,-0.30000000000000004,0,4,3,1,0.5744872309733182,,882.4
10976,-4.300000000000001,0,4,3,1,0.5744872309733182,,882.5
10977,-0.6000000000000001,0,6,3,1,0.5744872309733182,,882.6
10978,5.7,1,4,3,1,0.5744872309733182,,882.6
10979,-4.300000000000001,0,4,3,1,0.5744872309733182,,882.7
10980,5.7,1,4,3,1,0.5744872309733182,,882.7
10981,5.7,1,4,3,1,0.5744872309733182,,882.8
10982,-4.300000000000001,0,4,3,1,0.5744872309733182,,882.8
10983,-4.300000000000001,0,4,3,1,0.5744872309733182,,882.9
10984,-4.300000000000001,0,4,3,1,0.5744872309733182,,883.0
10985,-2.3000000000000003,0,4,3,1,0.5744872309733182,,883.0
10986,5.7,1,4,3,1,0.5744872309733182,,883.1
10987,-4.300000000000001,0,4,3,1,0.5744872309733182,,883.2
10988,-4.300000000000001,0,4,3,1,0.5744872309733182,,883.2
10989,-4.300000000000001,0,4,3,1,0.5744872309733182,,883.3
10990,-2.3000000000000003,0,4,3,1,0.5744872309733182,,883.3
10991,-4.300000000000001,0,4,3,1,0.5744872309733182,,883.4
10992,-0.30000000000000004,0,4,3,1,0.5744872309733182,,883.5
10993,-2.3000000000000003,0,4,3,1,0.5744872309733182,,883.5
10994,-4.300000000000001,0,4,3,1,0.5744872309733182,,883.6
10995,5.7,1,4,3,1,0.5744872309733182,,883.6
10996,-4.6000000000000005,0,6,3,1,0.5744872309733182,,883.7
10997,-4.300000000000001,0,4,3,1,0.5744872309733182,,883.8
10998,-4.300000000000001,0,4,3,1,0.5744872309733182,,883.8
10999,-3.4000000000000004,0,5,4,1,0.5744872309733182,,883.9
11000,-2.3000000000000003,0,4,3,1,0.5744872309733182,,883.9
11001,-0.30000000000000004,0,4,3,1,0.5744872309733182,,888.8
11002,-4.300000000000001,0,4,3,1,0.5744872309733182,,888.8
11003,-2.3000000000000003,0,4,3,1,0.5744872309733182,,888.9
11004,5.7,1,4,3,1,0.5744872309733182,,888.9
11005,-2.3000000000000003,0,4,3,1,0.5744872309733182,,889.0
11006,5.7,1,4,3,1,0.5744872309733182,,889.1
11007,-2.3000000000000003,0,4,3,1,0.5744872309733182,,889.1
11008,5.7,1,4,3,1,0.5744872309733182,,889.1
11009,-4.300000000000001,0,4,3,1,0.5744872309733182,,889.2
11010,-2.3000000000000003,0,4,3,1,0.5744872309733182,,889.3
11011,-5.6000000000000005,0,6,3,1,0.5744872309733182,,889.4
11012,-4.300000000000001,0,4,3,1,0.5744872309733182,,889.4
11013,-4.300000000000001,0,4,3,1,0.5744872309733182,,889.5
11014,-4.300000000000001,0,4,3,1,0.5744872309733182,,889.5
11015,-4.300000000000001,0,4,3,1,0.5744872309733182,,889.6
11016,-4.300000000000001,0,4,3,1,0.5744872309733182,,889.6
11017,-0.30000000000000004,0,4,3,1,0.5744872309733182,,889.7
11018,-4.300000000000001,0,4,3,1,0.5744872309733182,,889.7
11019,5.7,1,4,3,1,0.5744872309733182,,889.8
11020,-4.300000000000001,0,4,3,1,0.5744872309733182,,889.9
11021,5.7,1,4,3,1,0.5744872309733182,,889.9
11022,-2.3000000000000003,0,4,3,1,0.5744872309733182,,890.0
11023,-0.30000000000000004,0,4,3,1,0.5744872309733182,,890.1
11024,-2.3000000000000003,0,4,3,1,0.5744872309733182,,890.1
11025,5.7,1,4,3,1,0.5744872309733182,,890.2
11026,-4.300000000000001,0,4,3,1,0.5744872309733182,,890.2
11027,-4.300000000000001,0,4,3,1,0.5744872309733182,,890.3
11028,-0.30000000000000004,0,4,3,1,0.5744872309733182,,890.4
11029,-0.30000000000000004,0,4,3,1,0.5744872309733182,,890.4
11030,5.7,1,4,3,1,0.5744872309733182,,890.4
11031,5.7,1,4,3,1,0.5744872309733182,,890.5
11032,-4.300000000000001,0,4,3,1,0.5744872309733182,,890.5
11033,-0.30000000000000004,0,4,3,1,0.5744872309733182,,890.6
11034,-0.30000000000000004,0,4,3,1,0.5744872309733182,,890.6
11035,5.7,1,4,3,1,0.5744872309733182,,890.7
11036,-2.3000000000000003,0,4,3,1,0.5744872309733182,,890.7
11037,-4.300000000000001,0,4,3,1,0.5744872309733182,,890.8
11038,-2.6,0,6,3,1,0.5744872309733182,,890.8
11039,-4.300000000000001,0,4,3,1,0.5744872309733182,,890.9
11040,5.4,1,6,3,1,0.5744872309733182,,890.9
11041,5.7,1,4,3,1,0.5744872309733182,,891.0
11042,-4.300000000000001,0,4,3,1,0.5744872309733182,,891.1
11043,-4.300000000000001,0,4,3,1,0.5744872309733182,,891.2
11044,-0.30000000000000004,0,4,3,1,0.5744872309733182,,891.2
11045,-4.300000000000001,0,4,3,1,0.5744872309733182,,891.2
11046,-0.30000000000000004,0,4,3,1,0.5744872309733182,,891.3
11047,-4.300000000000001,0,4,3,1,0.5744872309733182,,891.3
11048,-0.30000000000000004,0,4,3,1,0.5744872309733182,,891.4
11049,5.7,1,4,3,1,0.5744872309733182,,891.4
11050,-4.300000000000001,0,4,3,1,0.5744872309733182,,891.5
11051,-4.300000000000001,0,4,3,1,0.5744872309733182,,891.6
11052,-4.300000000000001,0,4,3,1,0.5744872309733182,,891.6
11053,-4.300000000000001,0,4,3,1,0.5744872309733182,,891.7
11054,-0.30000000000000004,0,4,3,1,0.5744872309733182,,891.8
11055,-0.30000000000000004,0,4,3,1,0.5744872309733182,,891.8
11056,-2.3000000000000003,0,4,3,1,0.5744872309733182,,891.9
11057,-4.300000000000001,0,4,3,1,0.5744872309733182,,892.0
11058,-4.300000000000001,0,4,3,1,0.5744872309733182,,892.0
11059,-2.3000000000000003,0,4,3,1,0.5744872309733182,,892.1
11060,-4.300000000000001,0,4,3,1,0.5744872309733182,,892.2
11061,5.7,1,4,3,1,0.5744872309733182,,892.2
11062,-2.3000000000000003,0,4,3,1,0.5744872309733182,,892.3
11063,-4.300000000000001,0,4,3,1,0.5744872309733182,,892.3
11064,-4.300000000000001,0,4,3,1,0.5744872309733182,,892.4
11065,5.7,1,4,3,1,0.5744872309733182,,892.4
11066,-4.300000000000001,0,4,3,1,0.5744872309733182,,892.5
11067,5.7,1,4,3,1,0.5744872309733182,,892.5
11068,-4.300000000000001,0,4,3,1,0.5744872309733182,,892.6
11069,-2.3000000000000003,0,4,3,1,0.5744872309733182,,892.7
11070,-4.300000000000001,0,4,3,1,0.5744872309733182,,892.8
11071,-4.300000000000001,0,4,3,1,0.5744872309733182,,892.9
11072,-4.300000000000001,0,4,3,1,0.5744872309733182,,892.9
11073,-0.30000000000000004,0,4,3,1,0.5744872309733182,,893.0
11074,-4.6000000000000005,0,6,3,1,0.5744872309733182,,893.0
11075,-4.300000000000001,0,4,3,1,0.5744872309733182,,893.1
11076,-4.300000000000001,0,4,3,1,0.5744872309733182,,893.1
11077,-4.300000000000001,0,4,3,1,0.5744872309733182,,893.2
11078,-4.300000000000001,0,4,3,1,0.5744872309733182,,893.3
11079,-4.6000000000000005,0,6,3,1,0.5744872309733182,,893.3
11080,5.7,1,4,3,1,0.5744872309733182,,893.4
11081,-4.300000000000001,0,4,3,1,0.5744872309733182,,893.4
11082,-4.300000000000001,0,4,3,1,0.5744872309733182,,893.5
11083,-4.300000000000001,0,4,3,1,0.5744872309733182,,893.5
11084,-4.300000000000001,0,4,3,1,0.5744872309733182,,893.6
11085,-2.3000000000000003,0,4,3,1,0.5744872309733182,,893.7
11086,-4.300000000000001,0,4,3,1,0.5744872309733182,,893.8
11087,-4.300000000000001,0,4,3,1,0.5744872309733182,,893.9
11088,-2.3000000000000003,0,4,3,1,0.5744872309733182,,893.9
11089,-4.300000000000001,0,4,3,1,0.5744872309733182,,894.0
11090,-4.300000000000001,0,4,3,1,0.5744872309733182,,894.1
11091,5.7,1,4,3,1,0.5744872309733182,,894.1
11092,-4.300000000000001,0,4,3,1,0.5744872309733182,,894.2
11093,-4.300000000000001,0,4,3,1,0.5744872309733182,,894.2
11094,5.1,1,8,3,1,0.5744872309733182,,894.3
11095,-4.300000000000001,0,4,3,1,0.5744872309733182,,894.4
11096,-4.300000000000001,0,4,3,1,0.5744872309733182,,894.5
11097,4.4,1,6,3,1,0.5744872309733182,,894.6
11098,5.7,1,4,3,1,0.5744872309733182,,894.6
11099,-4.300000000000001,0,4,3,1,0.5744872309733182,,894.7
11100,-2.3000000000000003,0,4,3,1,0.5744872309733182,,894.7
11101,5.7,1,4,3,1,0.5744872309733182,,894.8
11102,-4.300000000000001,0,4,3,1,0.5744872309733182,,894.9
11103,-4.300000000000001,0,4,3,1,0.5744872309733182,,894.9
11104,-4.300000000000001,0,4,3,1,0.5744872309733182,,895.0
11105,-4.300000000000001,0,4,3,1,0.5744872309733182,,895.0
11106,5.7,1,4,3,1,0.5744872309733182,,895.1
11107,-4.300000000000001,0,4,3,1,0.5744872309733182,,895.1
11108,5.7,1,4,3,1,0.5744872309733182,,895.2
11109,-5.4,0,5,4,1,0.5744872309733182,,895.3
11110,-4.300000000000001,0,4,3,1,0.5744872309733182,,895.4
11111,-4.300000000000001,0,4,3,1,0.5744872309733182,,895.4
11112,-4.300000000000001,0,4,3,1,0.5744872309733182,,895.5
11113,-4.300000000000001,0,4,3,1,0.5744872309733182,,895.6
11114,-4.300000000000001,0,4,3,1,0.5744872309733182,,895.7
11115,-0.30000000000000004,0,4,3,1,0.5744872309733182,,895.7
11116,-4.300000000000001,0,4,3,1,0.5744872309733182,,895.8
11117,-0.30000000000000004,0,4,3,1,0.5744872309733182,,895.8
11118,-2.3000000000000003,0,4,3,1,0.5744872309733182,,895.9
11119,-0.30000000000000004,0,4,3,1,0.5744872309733182,,896.0
11120,-4.300000000000001,0,4,3,1,0.5744872309733182,,896.1
11121,-4.300000000000001,0,4,3,1,0.5744872309733182,,896.1
11122,-4.300000000000001,0,4,3,1,0.5744872309733182,,896.2
11123,-2.3000000000000003,0,4,3,1,0.5744872309733182,,896.3
11124,5.7,1,4,3,1,0.5744872309733182,,896.3
11125,-4.300000000000001,0,4,3,1,0.5744872309733182,,896.4
11126,-2.3000000000000003,0,4,3,1,0.5744872309733182,,896.5
11127,-4.300000000000001,0,4,3,1,0.5744872309733182,,896.5
11128,-4.300000000000001,0,4,3,1,0.5744872309733182,,896.6
11129,5.7,1,4,3,1,0.5744872309733182,,896.6
11130,-4.300000000000001,0,4,3,1,0.5744872309733182,,896.7
11131,5.7,1,4,3,1,0.5744872309733182,,896.7
11132,-4.300000000000001,0,4,3,1,0.5744872309733182,,896.8
11133,-4.300000000000001,0,4,3,1,0.5744872309733182,,896.9
11134,5.7,1,4,3,1,0.5744872309733182,,896.9
11135,5.7,1,4,3,1,0.5744872309733182,,897.0
11136,-2.3000000000000003,0,4,3,1,0.5744872309733182,,897.0
11137,-4.300000000000001,0,4,3,1,0.5744872309733182,,897.1
11138,-4.300000000000001,0,4,3,1,0.5744872309733182,,897.1
11139,-4.300000000000001,0,4,3,1,0.5744872309733182,,897.2
11140,-4.300000000000001,0,4,3,1,0.5744872309733182,,897.3
11141,-4.300000000000001,0,4,3,1,0.5744872309733182,,897.4
11142,-2.3000000000000003,0,4,3,1,0.5744872309733182,,897.4
11143,-4.300000000000001,0,4,3,1,0.5744872309733182,,897.5
11144,-0.30000000000000004,0,4,3,1,0.5744872309733182,,897.6
11145,-4.300000000000001,0,4,3,1,0.5744872309733182,,897.6
11146,5.7,1,4,3,1,0.5744872309733182,,897.7
11147,-4.300000000000001,0,4,3,1,0.5744872309733182,,897.7
11148,-0.30000000000000004,0,4,3,1,0.5744872309733182,,897.8
11149,-0.30000000000000004,0,4,3,1,0.5744872309733182,,897.9
11150,-2.3000000000000003,0,4,3,1,0.5744872309733182,,897.9
11151,-5.6000000000000005,0,6,3,1,0.5744872309733182,,898.0
11152,-4.300000000000001,0,4,3,1,0.5744872309733182,,898.0
11153,-4.300000000000001,0,4,3,1,0.5744872309733182,,898.1
11154,-4.300000000000001,0,4,3,1,0.5744872309733182,,898.2
11155,5.7,1,4,3,1,0.5744872309733182,,898.2
11156,5.7,1,4,3,1,0.5744872309733182,,898.3
11157,-4.300000000000001,0,4,3,1,0.5744872309733182,,898.3
11158,-4.300000000000001,0,4,3,1,0.5744872309733182,,898.4
11159,-4.300000000000001,0,4,3,1,0.5744872309733182,,898.5
11160,-4.300000000000001,0,4,3,1,0.5744872309733182,,898.6
11161,-2.3000000000000003,0,4,3,1,0.5744872309733182,,898.6
11162,-4.300000000000001,0,4,3,1,0.5744872309733182,,898.7
11163,-4.300000000000001,0,4,3,1,0.5744872309733182,,898.8
11164,-4.300000000000001,0,4,3,1,0.5744872309733182,,898.8
11165,5.7,1,4,3,1,0.5744872309733182,,898.9
11166,-4.300000000000001,0,4,3,1,0.5744872309733182,,898.9
11167,-4.300000000000001,0,4,3,1,0.5744872309733182,,899.0
11168,-4.300000000000001,0,4,3,1,0.5744872309733182,,899.0
11169,-2.3000000000000003,0,4,3,1,0.5744872309733182,,899.1
11170,-4.300000000000001,0,4,3,1,0.5744872309733182,,899.1
11171,5.7,1,4,3,1,0.5744872309733182,,899.2
11172,-4.300000000000001,0,4,3,1,0.5744872309733182,,899.2
11173,-2.3000000000000003,0,4,3,1,0.5744872309733182,,899.3
11174,5.7,1,4,3,1,0.5744872309733182,,899.4
11175,-2.3000000000000003,0,4,3,1,0.5744872309733182,,899.4
11176,-4.300000000000001,0,4,3,1,0.5744872309733182,,899.5
11177,-2.3000000000000003,0,4,3,1,0.5744872309733182,,899.6
11178,-4.300000000000001,0,4,3,1,0.5744872309733182,,899.6
11179,-4.300000000000001,0,4,3,1,0.5744872309733182,,899.7
11180,5.7,1,4,3,1,0.5744872309733182,,899.8
11181,-0.30000000000000004,0,4,3,1,0.5744872309733182,,899.8
11182,5.7,1,4,3,1,0.5744872309733182,,899.9
11183,-4.300000000000001,0,4,3,1,0.5744872309733182,,900.0
11184,5.7,1,4,3,1,0.5744872309733182,,900.0
11185,5.7,1,4,3,1,0.5744872309733182,,900.0
11186,-4.300000000000001,0,4,3,1,0.5744872309733182,,900.1
11187,-0.30000000000000004,0,4,3,1,0.5744872309733182,,900.1
11188,-4.300000000000001,0,4,3,1,0.5744872309733182,,900.2
11189,-4.300000000000001,0,4,3,1,0.5744872309733182,,900.2
11190,-4.300000000000001,0,4,3,1,0.5744872309733182,,900.3
11191,5.7,1,4,3,1,0.5744872309733182,,900.3
11192,-4.300000000000001,0,4,3,1,0.5744872309733182,,900.4
11193,-4.300000000000001,0,4,3,1,0.5744872309733182,,900.4
11194,-4.6000000000000005,0,6,3,1,0.5744872309733182,,900.4
11195,-2.3000000000000003,0,4,3,1,0.5744872309733182,,900.5
11196,5.7,1,4,3,1,0.5744872309733182,,900.5
11197,-2.3000000000000003,0,4,3,1,0.5744872309733182,,900.6
11198,-4.300000000000001,0,4,3,1,0.5744872309733182,,900.6
11199,-4.300000000000001,0,4,3,1,0.5744872309733182,,900.7
11200,5.7,1,4,3,1,0.5744872309733182,,900.8
11201,-4.300000000000001,0,4,3,1,0.5744872309733182,,900.8
11202,-4.300000000000001,0,4,3,1,0.5744872309733182,,900.9
11203,-2.3000000000000003,0,4,3,1,0.5744872309733182,,900.9
11204,-0.30000000000000004,0,4,3,1,0.5744872309733182,,900.9
11205,-4.300000000000001,0,4,3,1,0.5744872309733182,,901.0
11206,-4.300000000000001,0,4,3,1,0.5744872309733182,,901.1
11207,-4.300000000000001,0,4,3,1,0.5744872309733182,,901.2
11208,5.7,1,4,3,1,0.5744872309733182,,901.2
11209,5.7,1,4,3,1,0.5744872309733182,,901.3
11210,-4.300000000000001,0,4,3,1,0.5744872309733182,,901.4
11211,-2.3000000000000003,0,4,3,1,0.5744872309733182,,901.5
11212,-2.6,0,6,3,1,0.5744872309733182,,901.5
11213,-2.3000000000000003,0,4,3,1,0.5744872309733182,,901.6
11214,-4.300000000000001,0,4,3,1,0.5744872309733182,,901.7
11215,-0.30000000000000004,0,4,3,1,0.5744872309733182,,901.8
11216,5.7,1,4,3,1,0.5744872309733182,,901.8
11217,-4.300000000000001,0,4,3,1,0.5744872309733182,,901.8
11218,-0.30000000000000004,0,4,3,1,0.5744872309733182,,901.9
11219,-4.300000000000001,0,4,3,1,0.5744872309733182,,901.9
11220,-4.300000000000001,0,4,3,1,0.5744872309733182,,902.0
11221,5.7,1,4,3,1,0.5744872309733182,,902.0
11222,-4.300000000000001,0,4,3,1,0.5744872309733182,,902.1
11223,-4.300000000000001,0,4,3,1,0.5744872309733182,,902.2
11224,-4.300000000000001,0,4,3,1,0.5744872309733182,,902.2
11225,-4.300000000000001,0,4,3,1,0.5744872309733182,,902.2
11226,5.7,1,4,3,1,0.5744872309733182,,902.3
11227,-4.300000000000001,0,4,3,1,0.5744872309733182,,902.4
11228,5.7,1,4,3,1,0.5744872309733182,,902.5
11229,5.7,1,4,3,1,0.5744872309733182,,902.5
11230,5.7,1,4,3,1,0.5744872309733182,,902.6
11231,-4.6000000000000005,0,6,3,1,0.5744872309733182,,902.7
11232,-4.300000000000001,0,4,3,1,0.5744872309733182,,902.8
11233,-4.300000000000001,0,4,3,1,0.5744872309733182,,902.8
11234,-2.3000000000000003,0,4,3,1,0.5744872309733182,,902.9
11235,-2.3000000000000003,0,4,3,1,0.5744872309733182,,902.9
11236,-2.3000000000000003,0,4,3,1,0.5744872309733182,,903.0
11237,-4.300000000000001,0,4,3,1,0.5744872309733182,,903.0
11238,-2.6,0,6,3,1,0.5744872309733182,,903.1
11239,5.7,1,4,3,1,0.5744872309733182,,903.1
11240,-4.300000000000001,0,4,3,1,0.5744872309733182,,903.2
11241,-4.6,0,6,3,1,0.5744872309733182,,903.2
11242,-2.3000000000000003,0,4,3,1,0.5744872309733182,,903.3
11243,-4.300000000000001,0,4,3,1,0.5744872309733182,,903.3
11244,-4.300000000000001,0,4,3,1,0.5744872309733182,,903.4
11245,5.7,1,4,3,1,0.5744872309733182,,903.5
11246,-0.30000000000000004,0,4,3,1,0.5744872309733182,,903.6
11247,-4.300000000000001,0,4,3,1,0.5744872309733182,,903.6
11248,-4.300000000000001,0,4,3,1,0.5744872309733182,,903.7
11249,-2.3000000000000003,0,4,3,1,0.5744872309733182,,903.7
11250,-4.300000000000001,0,4,3,1,0.5744872309733182,,903.8
11251,-4.300000000000001,0,4,3,1,0.5744872309733182,,903.9
11252,-4.300000000000001,0,4,3,1,0.5744872309733182,,903.9
11253,-3.6000000000000005,0,6,3,1,0.5744872309733182,,904.0
11254,-2.3000000000000003,0,4,3,1,0.5744872309733182,,904.0
11255,-4.300000000000001,0,4,3,1,0.5744872309733182,,904.1
11256,-4.300000000000001,0,4,3,1,0.5744872309733182,,904.1
11257,-4.300000000000001,0,4,3,1,0.5744872309733182,,904.2
11258,-4.300000000000001,0,4,3,1,0.5744872309733182,,904.3
11259,5.7,1,4,3,1,0.5744872309733182,,904.4
11260,-4.300000000000001,0,4,3,1,0.5744872309733182,,904.4
11261,-2.3000000000000003,0,4,3,1,0.5744872309733182,,904.5
11262,-4.300000000000001,0,4,3,1,0.5744872309733182,,904.6
11263,-4.300000000000001,0,4,3,1,0.5744872309733182,,904.6
11264,5.7,1,4,3,1,0.5744872309733182,,904.7
11265,-3.4000000000000004,0,5,4,1,0.5744872309733182,,904.7
11266,-4.300000000000001,0,4,3,1,0.5744872309733182,,904.7
11267,-4.300000000000001,0,4,3,1,0.5744872309733182,,904.8
11268,5.4,1,6,3,1,0.5744872309733182,,904.9
11269,-0.30000000000000004,0,4,3,1,0.5744872309733182,,904.9
11270,5.7,1,4,3,1,0.5744872309733182,,904.9
11271,-4.300000000000001,0,4,3,1,0.5744872309733182,,905.0
11272,-4.6000000000000005,0,6,3,1,0.5744872309733182,,905.0
11273,-4.300000000000001,0,4,3,1,0.5744872309733182,,905.1
11274,5.7,1,4,3,1,0.5744872309733182,,905.2
11275,5.7,1,4,3,1,0.5744872309733182,,905.2
11276,-4.300000000000001,0,4,3,1,0.5744872309733182,,905.3
11277,-2.3000000000000003,0,4,3,1,0.5744872309733182,,905.4
11278,-2.3000000000000003,0,4,3,1,0.5744872309733182,,905.4
11279,-2.3000000000000003,0,4,3,1,0.5744872309733182,,905.5
11280,5.4,1,6,3,1,0.5744872309733182,,905.6
11281,-0.30000000000000004,0,4,3,1,0.5744872309733182,,905.6
11282,-4.300000000000001,0,4,3,1,0.5744872309733182,,905.7
11283,-4.300000000000001,0,4,3,1,0.5744872309733182,,905.7
11284,-4.300000000000001,0,4,3,1,0.5744872309733182,,905.8
11285,-0.30000000000000004,0,4,3,1,0.5744872309733182,,905.9
11286,-4.300000000000001,0,4,3,1,0.5744872309733182,,905.9
11287,5.7,1,4,3,1,0.5744872309733182,,905.9
11288,-0.30000000000000004,0,4,3,1,0.5744872309733182,,906.0
11289,5.7,1,4,3,1,0.5744872309733182,,906.0
11290,-0.30000000000000004,0,4,3,1,0.5744872309733182,,906.1
11291,-4.300000000000001,0,4,3,1,0.5744872309733182,,906.1
11292,-4.300000000000001,0,4,3,1,0.5744872309733182,,906.2
11293,-4.300000000000001,0,4,3,1,0.5744872309733182,,906.3
11294,-4.300000000000001,0,4,3,1,0.5744872309733182,,906.3
11295,-4.300000000000001,0,4,3,1,0.5744872309733182,,906.3
11296,-0.30000000000000004,0,4,3,1,0.5744872309733182,,906.4
11297,-2.3000000000000003,0,4,3,1,0.5744872309733182,,906.4
11298,5.7,1,4,3,1,0.5744872309733182,,906.5
11299,-4.300000000000001,0,4,3,1,0.5744872309733182,,906.5
11300,-4.300000000000001,0,4,3,1,0.5744872309733182,,906.6
11301,-4.300000000000001,0,4,3,1,0.5744872309733182,,906.7
11302,-4.300000000000001,0,4,3,1,0.5744872309733182,,906.7
11303,-4.300000000000001,0,4,3,1,0.5744872309733182,,906.8
11304,-4.300000000000001,0,4,3,1,0.5744872309733182,,906.9
11305,-4.300000000000001,0,4,3,1,0.5744872309733182,,906.9
11306,-4.300000000000001,0,4,3,1,0.5744872309733182,,907.0
11307,5.7,1,4,3,1,0.5744872309733182,,907.1
11308,-4.300000000000001,0,4,3,1,0.5744872309733182,,907.1
11309,-0.30000000000000004,0,4,3,1,0.5744872309733182,,907.2
11310,5.7,1,4,3,1,0.5744872309733182,,907.3
11311,5.7,1,4,3,1,0.5744872309733182,,907.3
11312,-4.300000000000001,0,4,3,1,0.5744872309733182,,907.4
11313,5.7,1,4,3,1,0.5744872309733182,,907.5
11314,5.7,1,4,3,1,0.5744872309733182,,907.5
11315,-4.300000000000001,0,4,3,1,0.5744872309733182,,907.6
11316,-5.6000000000000005,0,6,3,1,0.5744872309733182,,907.7
11317,-4.6000000000000005,0,6,3,1,0.5744872309733182,,907.7
11318,5.7,1,4,3,1,0.5744872309733182,,907.8
11319,-0.30000000000000004,0,4,3,1,0.5744872309733182,,907.8
11320,-4.300000000000001,0,4,3,1,0.5744872309733182,,907.9
11321,-4.300000000000001,0,4,3,1,0.5744872309733182,,907.9
11322,-4.300000000000001,0,4,3,1,0.5744872309733182,,908.0
11323,-4.300000000000001,0,4,3,1,0.5744872309733182,,908.0
11324,-2.3000000000000003,0,4,3,1,0.5744872309733182,,908.1
11325,-2.3000000000000003,0,4,3,1,0.5744872309733182,,908.2
11326,-4.300000000000001,0,4,3,1,0.5744872309733182,,908.2
11327,-0.30000000000000004,0,4,3,1,0.5744872309733182,,908.3
11328,-4.300000000000001,0,4,3,1,0.5744872309733182,,908.4
11329,-2.3000000000000003,0,4,3,1,0.5744872309733182,,908.4
11330,-4.300000000000001,0,4,3,1,0.5744872309733182,,908.5
11331,5.7,1,4,3,1,0.5744872309733182,,908.5
11332,-0.30000000000000004,0,4,3,1,0.5744872309733182,,908.6
11333,-4.300000000000001,0,4,3,1,0.5744872309733182,,908.7
11334,-4.300000000000001,0,4,3,1,0.5744872309733182,,908.7
11335,-3.6,0,6,3,1,0.5744872309733182,,908.8
11336,-4.300000000000001,0,4,3,1,0.5744872309733182,,908.9
11337,4.1,1,8,3,1,0.5744872309733182,,909.0
11338,-2.6,0,6,3,1,0.5744872309733182,,909.0
11339,-4.300000000000001,0,4,3,1,0.5744872309733182,,909.1
11340,5.7,1,4,3,1,0.5744872309733182,,909.1
11341,-4.300000000000001,0,4,3,1,0.5744872309733182,,909.2
11342,-4.300000000000001,0,4,3,1,0.5744872309733182,,909.2
11343,-4.300000000000001,0,4,3,1,0.5744872309733182,,909.2
11344,-2.3000000000000003,0,4,3,1,0.5744872309733182,,909.3
11345,-4.300000000000001,0,4,3,1,0.5744872309733182,,909.3
11346,-2.3000000000000003,0,4,3,1,0.5744872309733182,,909.4
11347,-4.300000000000001,0,4,3,1,0.5744872309733182,,909.5
11348,5.7,1,4,3,1,0.5744872309733182,,909.5
11349,5.7,1,4,3,1,0.5744872309733182,,909.6
11350,-2.3000000000000003,0,4,3,1,0.5744872309733182,,909.6
11351,-2.3000000000000003,0,4,3,1,0.5744872309733182,,909.7
11352,-4.300000000000001,0,4,3,1,0.5744872309733182,,909.8
11353,-2.3000000000000003,0,4,3,1,0.5744872309733182,,909.9
11354,-4.6,0,6,3,1,0.5744872309733182,,909.9
11355,-0.30000000000000004,0,4,3,1,0.5744872309733182,,909.9
11356,5.7,1,4,3,1,0.5744872309733182,,910.0
11357,-2.3000000000000003,0,4,3,1,0.5744872309733182,,910.0
11358,-4.300000000000001,0,4,3,1,0.5744872309733182,,910.1
11359,-4.300000000000001,0,4,3,1,0.5744872309733182,,910.1
11360,-4.300000000000001,0,4,3,1,0.5744872309733182,,910.2
11361,-4.300000000000001,0,4,3,1,0.5744872309733182,,910.3
11362,-4.300000000000001,0,4,3,1,0.5744872309733182,,910.4
11363,-4.300000000000001,0,4,3,1,0.5744872309733182,,910.4
11364,-4.300000000000001,0,4,3,1,0.5744872309733182,,910.5
11365,-4.300000000000001,0,4,3,1,0.5744872309733182,,910.5
11366,-4.300000000000001,0,4,3,1,0.5744872309733182,,910.6
11367,-4.300000000000001,0,4,3,1,0.5744872309733182,,910.7
11368,5.7,1,4,3,1,0.5744872309733182,,910.7
11369,-2.3000000000000003,0,4,3,1,0.5744872309733182,,910.8
11370,5.7,1,4,3,1,0.5744872309733182,,910.8
11371,-4.300000000000001,0,4,3,1,0.5744872309733182,,910.9
11372,-4.300000000000001,0,4,3,1,0.5744872309733182,,910.9
11373,-4.300000000000001,0,4,3,1,0.5744872309733182,,911.0
11374,-4.300000000000001,0,4,3,1,0.5744872309733182,,911.1
11375,-2.3000000000000003,0,4,3,1,0.5744872309733182,,911.1
11376,-4.300000000000001,0,4,3,1,0.5744872309733182,,911.2
11377,-2.3000000000000003,0,4,3,1,0.5744872309733182,,911.2
11378,-4.300000000000001,0,4,3,1,0.5744872309733182,,911.3
11379,-4.300000000000001,0,4,3,1,0.5744872309733182,,911.3
11380,5.7,1,4,3,1,0.5744872309733182,,911.4
11381,-4.300000000000001,0,4,3,1,0.5744872309733182,,911.4
11382,5.7,1,4,3,1,0.5744872309733182,,911.5
11383,-2.3000000000000003,0,4,3,1,0.5744872309733182,,911.5
11384,-4.300000000000001,0,4,3,1,0.5744872309733182,,911.6
11385,-0.30000000000000004,0,4,3,1,0.5744872309733182,,911.6
11386,-2.3000000000000003,0,4,3,1,0.5744872309733182,,911.7
11387,-4.300000000000001,0,4,3,1,0.5744872309733182,,911.8
11388,-4.300000000000001,0,4,3,1,0.5744872309733182,,911.8
11389,-5.6000000000000005,0,6,3,1,0.5744872309733182,,911.9
11390,-4.300000000000001,0,4,3,1,0.5744872309733182,,911.9
11391,-4.300000000000001,0,4,3,1,0.5744872309733182,,912.0
11392,-4.300000000000001,0,4,3,1,0.5744872309733182,,912.0
11393,-4.300000000000001,0,4,3,1,0.5744872309733182,,912.1
11394,-0.30000000000000004,0,4,3,1,0.5744872309733182,,912.2
11395,-4.300000000000001,0,4,3,1,0.5744872309733182,,912.2
11396,-4.300000000000001,0,4,3,1,0.5744872309733182,,912.3
11397,5.7,1,4,3,1,0.5744872309733182,,912.4
11398,-4.6000000000000005,0,6,3,1,0.5744872309733182,,912.5
11399,-4.6000000000000005,0,6,3,1,0.5744872309733182,,912.5
11400,-0.30000000000000004,0,4,3,1,0.5744872309733182,,912.5
11401,-4.300000000000001,0,4,3,1,0.5744872309733182,,912.6
11402,-4.300000000000001,0,4,3,1,0.5744872309733182,,912.7
11403,-2.3000000000000003,0,4,3,1,0.5744872309733182,,912.8
11404,-4.300000000000001,0,4,3,1,0.5744872309733182,,912.8
11405,-4.300000000000001,0,4,3,1,0.5744872309733182,,912.9
11406,-4.300000000000001,0,4,3,1,0.5744872309733182,,912.9
11407,-4.300000000000001,0,4,3,1,0.5744872309733182,,913.0
11408,-0.30000000000000004,0,4,3,1,0.5744872309733182,,913.1
11409,-4.300000000000001,0,4,3,1,0.5744872309733182,,913.1
11410,-4.6000000000000005,0,6,3,1,0.5744872309733182,,913.2
11411,-4.300000000000001,0,4,3,1,0.5744872309733182,,913.3
11412,-2.3000000000000003,0,4,3,1,0.5744872309733182,,913.3
11413,-4.300000000000001,0,4,3,1,0.5744872309733182,,913.4
11414,-4.300000000000001,0,4,3,1,0.5744872309733182,,913.5
11415,5.7,1,4,3,1,0.5744872309733182,,913.5
11416,-4.300000000000001,0,4,3,1,0.5744872309733182,,913.6
11417,-4.6,0,6,3,1,0.5744872309733182,,913.7
11418,-0.30000000000000004,0,4,3,1,0.5744872309733182,,913.8
11419,-4.300000000000001,0,4,3,1,0.5744872309733182,,913.9
11420,-4.300000000000001,0,4,3,1,0.5744872309733182,,913.9
11421,5.7,1,4,3,1,0.5744872309733182,,913.9
11422,-0.30000000000000004,0,4,3,1,0.5744872309733182,,913.9
11423,-4.300000000000001,0,4,3,1,0.5744872309733182,,914.0
11424,-4.300000000000001,0,4,3,1,0.5744872309733182,,914.1
11425,-4.300000000000001,0,4,3,1,0.5744872309733182,,914.2
11426,-0.30000000000000004,0,4,3,1,0.5744872309733182,,914.2
11427,-4.300000000000001,0,4,3,1,0.5744872309733182,,914.3
11428,-5.6000000000000005,0,6,3,1,0.5744872309733182,,914.3
11429,-4.300000000000001,0,4,3,1,0.5744872309733182,,914.4
11430,-0.30000000000000004,0,4,3,1,0.5744872309733182,,914.5
11431,-4.300000000000001,0,4,3,1,0.5744872309733182,,914.5
11432,-4.300000000000001,0,4,3,1,0.5744872309733182,,914.6
11433,-4.300000000000001,0,4,3,1,0.5744872309733182,,914.7
11434,-4.300000000000001,0,4,3,1,0.5744872309733182,,914.8
11435,5.7,1,4,3,1,0.5744872309733182,,914.8
11436,-4.300000000000001,0,4,3,1,0.5744872309733182,,914.9
11437,-4.300000000000001,0,4,3,1,0.5744872309733182,,915.0
11438,-4.300000000000001,0,4,3,1,0.5744872309733182,,915.0
11439,-0.30000000000000004,0,4,3,1,0.5744872309733182,,915.1
11440,5.7,1,4,3,1,0.5744872309733182,,915.2
11441,-4.300000000000001,0,4,3,1,0.5744872309733182,,915.2
11442,-2.3000000000000003,0,4,3,1,0.5744872309733182,,915.3
11443,-2.3000000000000003,0,4,3,1,0.5744872309733182,,915.3
11444,-4.300000000000001,0,4,3,1,0.5744872309733182,,915.4
11445,-2.3000000000000003,0,4,3,1,0.5744872309733182,,915.5
11446,-0.30000000000000004,0,4,3,1,0.5744872309733182,,915.5
11447,-0.30000000000000004,0,4,3,1,0.5744872309733182,,915.6
11448,-0.30000000000000004,0,4,3,1,0.5744872309733182,,915.6
11449,-4.300000000000001,0,4,3,1,0.5744872309733182,,915.6
11450,-4.300000000000001,0,4,3,1,0.5744872309733182,,915.7
11451,-4.300000000000001,0,4,3,1,0.5744872309733182,,915.7
11452,5.7,1,4,3,1,0.5744872309733182,,915.8
11453,-4.300000000000001,0,4,3,1,0.5744872309733182,,915.9
11454,-4.300000000000001,0,4,3,1,0.5744872309733182,,915.9
11455,-4.300000000000001,0,4,3,1,0.5744872309733182,,916.0
11456,5.7,1,4,3,1,0.5692136173602194,1.756077790632844,916.7
11457,-4.300000000000001,0,4,3,1,0.5692136173602194,,916.8
11458,5.7,1,4,3,1,0.5692136173602194,,916.8
11459,-0.30000000000000004,0,4,3,1,0.5692136173602194,,916.9
11460,-0.30000000000000004,0,4,3,1,0.5692136173602194,,917.0
11461,-0.30000000000000004,0,4,3,1,0.5692136173602194,,917.0
11462,-4.300000000000001,0,4,3,1,0.5692136173602194,,917.1
11463,-4.300000000000001,0,4,3,1,0.5692136173602194,,917.1
11464,-4.300000000000001,0,4,3,1,0.5692136173602194,,917.1
11465,-4.300000000000001,0,4,3,1,0.5692136173602194,,917.2
11466,-4.300000000000001,0,4,3,1,0.5692136173602194,,917.3
11467,-0.30000000000000004,0,4,3,1,0.5692136173602194,,917.3
11468,-0.30000000000000004,0,4,3,1,0.5692136173602194,,917.3
11469,5.7,1,4,3,1,0.5692136173602194,,917.4
11470,5.7,1,4,3,1,0.5692136173602194,,917.5
11471,-0.30000000000000004,0,4,3,1,0.5692136173602194,,917.5
11472,-0.30000000000000004,0,4,3,1,0.5692136173602194,,917.5
11473,-0.30000000000000004,0,4,3,1,0.5692136173602194,,917.5
11474,-2.3000000000000003,0,4,3,1,0.5692136173602194,,917.6
11475,-5.6000000000000005,0,6,3,1,0.5692136173602194,,917.7
11476,-4.300000000000001,0,4,3,1,0.5692136173602194,,917.7
11477,-2.3000000000000003,0,4,3,1,0.5692136173602194,,917.8
11478,-4.300000000000001,0,4,3,1,0.5692136173602194,,917.8
11479,-4.300000000000001,0,4,3,1,0.5692136173602194,,917.9
11480,-2.3000000000000003,0,4,3,1,0.5692136173602194,,918.0
11481,-4.300000000000001,0,4,3,1,0.5692136173602194,,918.1
11482,-4.300000000000001,0,4,3,1,0.5692136173602194,,918.2
11483,-4.6000000000000005,0,6,3,1,0.5692136173602194,,918.3
11484,-4.300000000000001,0,4,3,1,0.5692136173602194,,918.3
11485,-4.300000000000001,0,4,3,1,0.5692136173602194,,918.3
11486,-2.3000000000000003,0,4,3,1,0.5692136173602194,,918.4
11487,-4.300000000000001,0,4,3,1,0.5692136173602194,,918.4
11488,-4.300000000000001,0,4,3,1,0.5692136173602194,,918.5
11489,-4.300000000000001,0,4,3,1,0.5692136173602194,,918.5
11490,-4.300000000000001,0,4,3,1,0.5692136173602194,,918.6
11491,-5.4,0,5,4,1,0.5692136173602194,,918.7
11492,-4.300000000000001,0,4,3,1,0.5692136173602194,,918.8
11493,-4.300000000000001,0,4,3,1,0.5692136173602194,,918.8
11494,-4.300000000000001,0,4,3,1,0.5692136173602194,,918.9
11495,-4.300000000000001,0,4,3,1,0.5692136173602194,,919.0
11496,-0.30000000000000004,0,4,3,1,0.5692136173602194,,919.0
11497,-2.3000000000000003,0,4,3,1,0.5692136173602194,,919.1
11498,-4.300000000000001,0,4,3,1,0.5692136173602194,,919.2
11499,-2.3000000000000003,0,4,3,1,0.5692136173602194,,919.2
11500,-4.300000000000001,0,4,3,1,0.5692136173602194,,919.3
11501,-4.300000000000001,0,4,3,1,0.5692136173602194,,924.2
11502,-4.300000000000001,0,4,3,1,0.5692136173602194,,924.2
11503,-2.3000000000000003,0,4,3,1,0.5692136173602194,,924.3
11504,5.7,1,4,3,1,0.5692136173602194,,924.4
11505,-4.300000000000001,0,4,3,1,0.5692136173602194,,924.4
11506,5.7,1,4,3,1,0.5692136173602194,,924.5
11507,-2.3000000000000003,0,4,3,1,0.5692136173602194,,924.5
11508,-4.300000000000001,0,4,3,1,0.5692136173602194,,924.6
11509,-4.300000000000001,0,4,3,1,0.5692136173602194,,924.6
11510,-0.30000000000000004,0,4,3,1,0.5692136173602194,,924.7
11511,-2.3000000000000003,0,4,3,1,0.5692136173602194,,924.8
11512,-4.300000000000001,0,4,3,1,0.5692136173602194,,924.9
11513,-4.300000000000001,0,4,3,1,0.5692136173602194,,925.0
11514,-2.3000000000000003,0,4,3,1,0.5692136173602194,,925.0
11515,-4.300000000000001,0,4,3,1,0.5692136173602194,,925.1
11516,-4.300000000000001,0,4,3,1,0.5692136173602194,,925.2
11517,5.7,1,4,3,1,0.5692136173602194,,925.3
11518,-0.30000000000000004,0,4,3,1,0.5692136173602194,,925.3
11519,-2.3000000000000003,0,4,3,1,0.5692136173602194,,925.3
11520,-4.300000000000001,0,4,3,1,0.5692136173602194,,925.4
11521,-4.300000000000001,0,4,3,1,0.5692136173602194,,925.5
11522,5.7,1,4,3,1,0.5692136173602194,,925.6
11523,-4.300000000000001,0,4,3,1,0.5692136173602194,,925.7
11524,-4.300000000000001,0,4,3,1,0.5692136173602194,,925.7
11525,5.7,1,4,3,1,0.5692136173602194,,925.8
11526,5.7,1,4,3,1,0.5692136173602194,,925.9
11527,-2.3000000000000003,0,4,3,1,0.5692136173602194,,925.9
11528,-4.300000000000001,0,4,3,1,0.5692136173602194,,926.0
11529,-4.300000000000001,0,4,3,1,0.5692136173602194,,926.0
11530,5.7,1,4,3,1,0.5692136173602194,,926.1
11531,5.7,1,4,3,1,0.5692136173602194,,926.2
11532,-2.3000000000000003,0,4,3,1,0.5692136173602194,,926.3
11533,-4.300000000000001,0,4,3,1,0.5692136173602194,,926.3
11534,5.4,1,6,3,1,0.5692136173602194,,926.4
11535,-4.300000000000001,0,4,3,1,0.5692136173602194,,926.5
11536,-4.300000000000001,0,4,3,1,0.5692136173602194,,926.5
11537,-4.300000000000001,0,4,3,1,0.5692136173602194,,926.6
11538,-4.300000000000001,0,4,3,1,0.5692136173602194,,926.6
11539,-4.300000000000001,0,4,3,1,0.5692136173602194,,926.7
11540,-4.300000000000001,0,4,3,1,0.5692136173602194,,926.8
11541,-4.300000000000001,0,4,3,1,0.5692136173602194,,926.8
11542,5.7,1,4,3,1,0.5692136173602194,,926.9
11543,-4.300000000000001,0,4,3,1,0.5692136173602194,,926.9
11544,-0.30000000000000004,0,4,3,1,0.5692136173602194,,927.0
11545,-4.300000000000001,0,4,3,1,0.5692136173602194,,927.1
11546,-4.300000000000001,0,4,3,1,0.5692136173602194,,927.1
11547,-4.300000000000001,0,4,3,1,0.5692136173602194,,927.2
11548,-4.300000000000001,0,4,3,1,0.5692136173602194,,927.2
11549,5.7,1,4,3,1,0.5692136173602194,,927.3
11550,-4.300000000000001,0,4,3,1,0.5692136173602194,,927.4
11551,-4.300000000000001,0,4,3,1,0.5692136173602194,,927.4
11552,-2.3000000000000003,0,4,3,1,0.5692136173602194,,927.5
11553,-4.300000000000001,0,4,3,1,0.5692136173602194,,927.6
11554,5.7,1,4,3,1,0.5692136173602194,,927.6
11555,-4.300000000000001,0,4,3,1,0.5692136173602194,,927.7
11556,-4.300000000000001,0,4,3,1,0.5692136173602194,,927.7
11557,5.7,1,4,3,1,0.5692136173602194,,927.8
11558,-0.30000000000000004,0,4,3,1,0.5692136173602194,,927.9
11559,-0.30000000000000004,0,4,3,1,0.5692136173602194,,928.0
11560,-4.300000000000001,0,4,3,1,0.5692136173602194,,928.0
11561,5.7,1,4,3,1,0.5692136173602194,,928.1
11562,5.7,1,4,3,1,0.5692136173602194,,928.2
11563,-4.300000000000001,0,4,3,1,0.5692136173602194,,928.2
11564,-4.300000000000001,0,4,3,1,0.5692136173602194,,928.3
11565,-2.3000000000000003,0,4,3,1,0.5692136173602194,,928.3
11566,-0.30000000000000004,0,4,3,1,0.5692136173602194,,928.4
11567,-4.300000000000001,0,4,3,1,0.5692136173602194,,928.4
11568,5.7,1,4,3,1,0.5692136173602194,,928.5
11569,-2.3000000000000003,0,4,3,1,0.5692136173602194,,928.5
11570,-4.300000000000001,0,4,3,1,0.5692136173602194,,928.6
11571,-0.6000000000000001,0,6,3,1,0.5692136173602194,,928.6
11572,-4.300000000000001,0,4,3,1,0.5692136173602194,,928.7
11573,-4.300000000000001,0,4,3,1,0.5692136173602194,,928.7
11574,5.7,1,4,3,1,0.5692136173602194,,928.8
11575,-4.300000000000001,0,4,3,1,0.5692136173602194,,928.8
11576,-5.4,0,5,4,1,0.5692136173602194,,928.9
11577,-5.6000000000000005,0,6,3,1,0.5692136173602194,,929.0
11578,-4.300000000000001,0,4,3,1,0.5692136173602194,,929.1
11579,-4.300000000000001,0,4,3,1,0.5692136173602194,,929.1
11580,-4.300000000000001,0,4,3,1,0.5692136173602194,,929.2
11581,5.7,1,4,3,1,0.5692136173602194,,929.3
11582,-2.3000000000000003,0,4,3,1,0.5692136173602194,,929.3
11583,-2.3000000000000003,0,4,3,1,0.5692136173602194,,929.3
11584,-4.300000000000001,0,4,3,1,0.5692136173602194,,929.4
11585,-0.30000000000000004,0,4,3,1,0.5692136173602194,,929.4
11586,-0.30000000000000004,0,4,3,1,0.5692136173602194,,929.5
11587,-2.3000000000000003,0,4,3,1,0.5692136173602194,,929.5
11588,-5.6000000000000005,0,6,3,1,0.5692136173602194,,929.6
11589,5.7,1,4,3,1,0.5692136173602194,,929.7
11590,-0.30000000000000004,0,4,3,1,0.5692136173602194,,929.7
11591,-0.30000000000000004,0,4,3,1,0.5692136173602194,,929.8
11592,5.7,1,4,3,1,0.5692136173602194,,929.8
11593,-2.3000000000000003,0,4,3,1,0.5692136173602194,,929.9
11594,-0.30000000000000004,0,4,3,1,0.5692136173602194,,929.9
11595,-2.3000000000000003,0,4,3,1,0.5692136173602194,,930.0
11596,-4.300000000000001,0,4,3,1,0.5692136173602194,,930.1
11597,-2.3000000000000003,0,4,3,1,0.5692136173602194,,930.1
11598,-4.300000000000001,0,4,3,1,0.5692136173602194,,930.2
11599,-2.3000000000000003,0,4,3,1,0.5692136173602194,,930.3
11600,-0.30000000000000004,0,4,3,1,0.5692136173602194,,930.3
11601,-2.3000000000000003,0,4,3,1,0.5692136173602194,,930.4
11602,-2.6,0,6,3,1,0.5692136173602194,,930.4
11603,5.7,1,4,3,1,0.5692136173602194,,930.5
11604,-4.300000000000001,0,4,3,1,0.5692136173602194,,930.5
11605,-4.300000000000001,0,4,3,1,0.5692136173602194,,930.6
11606,-0.30000000000000004,0,4,3,1,0.5692136173602194,,930.6
11607,-4.300000000000001,0,4,3,1,0.5692136173602194,,930.7
11608,-4.6000000000000005,0,6,3,1,0.5692136173602194,,930.8
11609,-4.300000000000001,0,4,3,1,0.5692136173602194,,930.8
11610,-4.300000000000001,0,4,3,1,0.5692136173602194,,930.9
11611,-2.3000000000000003,0,4,3,1,0.5692136173602194,,930.9
11612,-4.300000000000001,0,4,3,1,0.5692136173602194,,931.0
11613,-2.3000000000000003,0,4,3,1,0.5692136173602194,,931.1
11614,5.7,1,4,3,1,0.5692136173602194,,931.1
11615,-4.300000000000001,0,4,3,1,0.5692136173602194,,931.2
11616,5.7,1,4,3,1,0.5692136173602194,,931.2
11617,-0.30000000000000004,0,4,3,1,0.5692136173602194,,931.3
11618,-4.300000000000001,0,4,3,1,0.5692136173602194,,931.3
11619,-4.300000000000001,0,4,3,1,0.5692136173602194,,931.3
11620,-2.3000000000000003,0,4,3,1,0.5692136173602194,,931.4
11621,5.7,1,4,3,1,0.5692136173602194,,931.5
11622,-0.30000000000000004,0,4,3,1,0.5692136173602194,,931.5
11623,-4.300000000000001,0,4,3,1,0.5692136173602194,,931.6
11624,-2.3000000000000003,0,4,3,1,0.5692136173602194,,931.7
11625,-4.300000000000001,0,4,3,1,0.5692136173602194,,931.8
11626,-2.3000000000000003,0,4,3,1,0.5692136173602194,,931.8
11627,-4.300000000000001,0,4,3,1,0.5692136173602194,,931.9
11628,5.7,1,4,3,1,0.5692136173602194,,931.9
11629,-4.300000000000001,0,4,3,1,0.5692136173602194,,932.0
11630,-2.3000000000000003,0,4,3,1,0.5692136173602194,,932.0
11631,-2.3000000000000003,0,4,3,1,0.5692136173602194,,932.1
11632,-0.30000000000000004,0,4,3,1,0.5692136173602194,,932.1
11633,-4.300000000000001,0,4,3,1,0.5692136173602194,,932.2
11634,-4.300000000000001,0,4,3,1,0.5692136173602194,,932.2
11635,-4.300000000000001,0,4,3,1,0.5692136173602194,,932.3
11636,-4.300000000000001,0,4,3,1,0.5692136173602194,,932.4
11637,-4.300000000000001,0,4,3,1,0.5692136173602194,,932.5
11638,-4.300000000000001,0,4,3,1,0.5692136173602194,,932.5
11639,5.7,1,4,3,1,0.5692136173602194,,932.6
11640,-5.6000000000000005,0,6,3,1,0.5692136173602194,,932.7
11641,4.4,1,6,3,1,0.5692136173602194,,932.8
11642,5.7,1,4,3,1,0.5692136173602194,,932.8
11643,-0.30000000000000004,0,4,3,1,0.5692136173602194,,932.9
11644,-4.300000000000001,0,4,3,1,0.5692136173602194,,932.9
11645,-4.300000000000001,0,4,3,1,0.5692136173602194,,933.0
11646,-2.3000000000000003,0,4,3,1,0.5692136173602194,,933.0
11647,-4.300000000000001,0,4,3,1,0.5692136173602194,,933.1
11648,-3.9000000000000004,0,8,3,1,0.5692136173602194,,933.2
11649,-4.300000000000001,0,4,3,1,0.5692136173602194,,933.3
11650,5.4,1,6,3,1,0.5692136173602194,,933.3
11651,-4.300000000000001,0,4,3,1,0.5692136173602194,,933.4
11652,-4.300000000000001,0,4,3,1,0.5692136173602194,,933.4
11653,-4.300000000000001,0,4,3,1,0.5692136173602194,,933.5
11654,-4.300000000000001,0,4,3,1,0.5692136173602194,,933.5
11655,-4.300000000000001,0,4,3,1,0.5692136173602194,,933.6
11656,5.7,1,4,3,1,0.5692136173602194,,933.7
11657,-4.6000000000000005,0,6,3,1,0.5692136173602194,,933.8
11658,5.7,1,4,3,1,0.5692136173602194,,933.8
11659,-4.300000000000001,0,4,3,1,0.5692136173602194,,933.9
11660,-2.3000000000000003,0,4,3,1,0.5692136173602194,,933.9
11661,-4.300000000000001,0,4,3,1,0.5692136173602194,,934.0
11662,5.7,1,4,3,1,0.5692136173602194,,934.1
11663,-2.3000000000000003,0,4,3,1,0.5692136173602194,,934.1
11664,-4.300000000000001,0,4,3,1,0.5692136173602194,,934.2
11665,-0.30000000000000004,0,4,3,1,0.5692136173602194,,934.3
11666,-4.300000000000001,0,4,3,1,0.5692136173602194,,934.4
11667,0.6000000000000001,0,5,4,1,0.5692136173602194,,934.4
11668,-3.6000000000000005,0,6,3,1,0.5692136173602194,,934.5
11669,-4.300000000000001,0,4,3,1,0.5692136173602194,,934.5
11670,5.7,1,4,3,1,0.5692136173602194,,934.6
11671,-0.30000000000000004,0,4,3,1,0.5692136173602194,,934.6
11672,-2.3000000000000003,0,4,3,1,0.5692136173602194,,934.7
11673,-2.3000000000000003,0,4,3,1,0.5692136173602194,,934.8
11674,-4.300000000000001,0,4,3,1,0.5692136173602194,,934.8
11675,-4.300000000000001,0,4,3,1,0.5692136173602194,,934.9
11676,-4.300000000000001,0,4,3,1,0.5692136173602194,,935.0
11677,5.7,1,4,3,1,0.5692136173602194,,935.0
11678,-4.300000000000001,0,4,3,1,0.5692136173602194,,935.0
11679,5.7,1,4,3,1,0.5692136173602194,,935.1
11680,-4.300000000000001,0,4,3,1,0.5692136173602194,,935.2
11681,-4.300000000000001,0,4,3,1,0.5692136173602194,,935.2
11682,-2.6,0,6,3,1,0.5692136173602194,,935.3
11683,-4.300000000000001,0,4,3,1,0.5692136173602194,,935.4
11684,-0.30000000000000004,0,4,3,1,0.5692136173602194,,935.5
11685,-4.300000000000001,0,4,3,1,0.5692136173602194,,935.6
11686,-0.30000000000000004,0,4,3,1,0.5692136173602194,,935.6
11687,-2.3000000000000003,0,4,3,1,0.5692136173602194,,935.7
11688,-4.300000000000001,0,4,3,1,0.5692136173602194,,935.7
11689,-4.300000000000001,0,4,3,1,0.5692136173602194,,935.8
11690,-4.300000000000001,0,4,3,1,0.5692136173602194,,935.8
11691,-0.30000000000000004,0,4,3,1,0.5692136173602194,,935.9
11692,-4.300000000000001,0,4,3,1,0.5692136173602194,,935.9
11693,-4.300000000000001,0,4,3,1,0.5692136173602194,,936.0
11694,-0.30000000000000004,0,4,3,1,0.5692136173602194,,936.0
11695,-3.2,0,10,3,1,0.5692136173602194,,936.1
11696,-4.300000000000001,0,4,3,1,0.5692136173602194,,936.2
11697,-2.3000000000000003,0,4,3,1,0.5692136173602194,,936.2
11698,-4.300000000000001,0,4,3,1,0.5692136173602194,,936.3
11699,5.7,1,4,3,1,0.5692136173602194,,936.3
11700,-2.3000000000000003,0,4,3,1,0.5692136173602194,,936.4
11701,-4.6,0,6,3,1,0.5692136173602194,,936.5
11702,-4.300000000000001,0,4,3,1,0.5692136173602194,,936.6
11703,-4.300000000000001,0,4,3,1,0.5692136173602194,,936.6
11704,-4.300000000000001,0,4,3,1,0.5692136173602194,,936.7
11705,5.7,1,4,3,1,0.5692136173602194,,936.7
11706,5.7,1,4,3,1,0.5692136173602194,,936.8
11707,-4.300000000000001,0,4,3,1,0.5692136173602194,,936.9
11708,-4.300000000000001,0,4,3,1,0.5692136173602194,,936.9
11709,-2.3000000000000003,0,4,3,1,0.5692136173602194,,937.0
11710,-4.300000000000001,0,4,3,1,0.5692136173602194,,937.0
11711,-4.300000000000001,0,4,3,1,0.5692136173602194,,937.1
11712,-4.300000000000001,0,4,3,1,0.5692136173602194,,937.1
11713,5.7,1,4,3,1,0.5692136173602194,,937.2
11714,-0.30000000000000004,0,4,3,1,0.5692136173602194,,937.3
11715,-4.300000000000001,0,4,3,1,0.5692136173602194,,937.3
11716,-4.300000000000001,0,4,3,1,0.5692136173602194,,937.4
11717,-4.300000000000001,0,4,3,1,0.5692136173602194,,937.5
11718,-4.300000000000001,0,4,3,1,0.5692136173602194,,937.5
11719,-4.300000000000001,0,4,3,1,0.5692136173602194,,937.6
11720,-0.30000000000000004,0,4,3,1,0.5692136173602194,,937.7
11721,-4.300000000000001,0,4,3,1,0.5692136173602194,,937.7
11722,-4.6000000000000005,0,6,3,1,0.5692136173602194,,937.8
11723,-4.300000000000001,0,4,3,1,0.5692136173602194,,937.8
11724,-4.300000000000001,0,4,3,1,0.5692136173602194,,937.9
11725,5.7,1,4,3,1,0.5692136173602194,,938.0
11726,-0.30000000000000004,0,4,3,1,0.5692136173602194,,938.0
11727,-4.300000000000001,0,4,3,1,0.5692136173602194,,938.1
11728,5.7,1,4,3,1,0.5692136173602194,,938.2
11729,-4.300000000000001,0,4,3,1,0.5692136173602194,,938.2
11730,5.7,1,4,3,1,0.5692136173602194,,938.3
11731,-2.3000000000000003,0,4,3,1,0.5692136173602194,,938.4
11732,-4.300000000000001,0,4,3,1,0.5692136173602194,,938.4
11733,-4.300000000000001,0,4,3,1,0.5692136173602194,,938.5
11734,-0.30000000000000004,0,4,3,1,0.5692136173602194,,938.5
11735,-2.3000000000000003,0,4,3,1,0.5692136173602194,,938.6
11736,-4.300000000000001,0,4,3,1,0.5692136173602194,,938.6
11737,5.7,1,4,3,1,0.5692136173602194,,938.7
11738,-4.300000000000001,0,4,3,1,0.5692136173602194,,938.7
11739,5.7,1,4,3,1,0.5692136173602194,,938.8
11740,-4.300000000000001,0,4,3,1,0.5692136173602194,,938.8
11741,-2.3000000000000003,0,4,3,1,0.5692136173602194,,938.8
11742,-4.300000000000001,0,4,3,1,0.5692136173602194,,938.9
11743,-2.3000000000000003,0,4,3,1,0.5692136173602194,,939.0
11744,5.7,1,4,3,1,0.5692136173602194,,939.1
11745,-4.300000000000001,0,4,3,1,0.5692136173602194,,939.1
11746,-4.300000000000001,0,4,3,1,0.5692136173602194,,939.2
11747,5.7,1,4,3,1,0.5692136173602194,,939.2
11748,-4.300000000000001,0,4,3,1,0.5692136173602194,,939.3
11749,-4.300000000000001,0,4,3,1,0.5692136173602194,,939.4
11750,-4.300000000000001,0,4,3,1,0.5692136173602194,,939.5
11751,5.7,1,4,3,1,0.5692136173602194,,939.5
11752,-2.3000000000000003,0,4,3,1,0.5692136173602194,,939.6
11753,-4.300000000000001,0,4,3,1,0.5692136173602194,,939.6
11754,-4.300000000000001,0,4,3,1,0.5692136173602194,,939.7
11755,-2.3000000000000003,0,4,3,1,0.5692136173602194,,939.8
11756,-2.3000000000000003,0,4,3,1,0.5692136173602194,,939.8
11757,-0.30000000000000004,0,4,3,1,0.5692136173602194,,939.9
11758,5.4,1,6,3,1,0.5692136173602194,,939.9
11759,-4.300000000000001,0,4,3,1,0.5692136173602194,,940.0
11760,-2.3000000000000003,0,4,3,1,0.5692136173602194,,940.1
11761,-4.300000000000001,0,4,3,1,0.5692136173602194,,940.1
11762,-4.300000000000001,0,4,3,1,0.5692136173602194,,940.2
11763,-0.30000000000000004,0,4,3,1,0.5692136173602194,,940.3
11764,-2.3000000000000003,0,4,3,1,0.5692136173602194,,940.3
11765,-2.3000000000000003,0,4,3,1,0.5692136173602194,,940.4
11766,-4.300000000000001,0,4,3,1,0.5692136173602194,,940.4
11767,-4.6000000000000005,0,6,3,1,0.5692136173602194,,940.5
11768,-4.300000000000001,0,4,3,1,0.5692136173602194,,940.5
11769,-0.30000000000000004,0,4,3,1,0.5692136173602194,,940.5
11770,-2.3000000000000003,0,4,3,1,0.5692136173602194,,940.6
11771,-4.6,0,6,3,1,0.5692136173602194,,940.6
11772,-2.3000000000000003,0,4,3,1,0.5692136173602194,,940.7
11773,5.7,1,4,3,1,0.5692136173602194,,940.8
11774,-0.30000000000000004,0,4,3,1,0.5692136173602194,,940.9
11775,-4.300000000000001,0,4,3,1,0.5692136173602194,,940.9
11776,-2.3000000000000003,0,4,3,1,0.5692136173602194,,941.0
11777,-4.300000000000001,0,4,3,1,0.5692136173602194,,941.0
11778,5.7,1,4,3,1,0.5692136173602194,,941.1
11779,-4.300000000000001,0,4,3,1,0.5692136173602194,,941.1
11780,-0.30000000000000004,0,4,3,1,0.5692136173602194,,941.2
11781,5.7,1,4,3,1,0.5692136173602194,,941.3
11782,-4.300000000000001,0,4,3,1,0.5692136173602194,,941.4
11783,-4.300000000000001,0,4,3,1,0.5692136173602194,,941.4
11784,-4.300000000000001,0,4,3,1,0.5692136173602194,,941.5
11785,5.7,1,4,3,1,0.5692136173602194,,941.5
11786,5.7,1,4,3,1,0.5692136173602194,,941.6
11787,-4.300000000000001,0,4,3,1,0.5692136173602194,,941.6
11788,-4.300000000000001,0,4,3,1,0.5692136173602194,,941.7
11789,-4.300000000000001,0,4,3,1,0.5692136173602194,,941.7
11790,-2.3000000000000003,0,4,3,1,0.5692136173602194,,941.8
11791,-4.300000000000001,0,4,3,1,0.5692136173602194,,941.8
11792,5.7,1,4,3,1,0.5692136173602194,,941.9
11793,-4.6000000000000005,0,6,3,1,0.5692136173602194,,941.9
11794,5.7,1,4,3,1,0.5692136173602194,,942.0
11795,-2.3000000000000003,0,4,3,1,0.5692136173602194,,942.0
11796,-0.30000000000000004,0,4,3,1,0.5692136173602194,,942.1
11797,-4.300000000000001,0,4,3,1,0.5692136173602194,,942.1
11798,5.4,1,6,3,1,0.5692136173602194,,942.2
11799,-4.300000000000001,0,4,3,1,0.5692136173602194,,942.3
11800,-4.300000000000001,0,4,3,1,0.5692136173602194,,942.3
11801,-4.300000000000001,0,4,3,1,0.5692136173602194,,942.4
11802,5.7,1,4,3,1,0.5692136173602194,,942.4
11803,-4.300000000000001,0,4,3,1,0.5692136173602194,,942.5
11804,-4.300000000000001,0,4,3,1,0.5692136173602194,,942.6
11805,-4.300000000000001,0,4,3,1,0.5692136173602194,,942.7
11806,-2.3000000000000003,0,4,3,1,0.5692136173602194,,942.7
11807,-4.300000000000001,0,4,3,1,0.5692136173602194,,942.8
11808,-3.6000000000000005,0,6,3,1,0.5692136173602194,,942.8
11809,-4.300000000000001,0,4,3,1,0.5692136173602194,,942.9
11810,-2.3000000000000003,0,4,3,1,0.5692136173602194,,942.9
11811,-4.300000000000001,0,4,3,1,0.5692136173602194,,943.0
11812,-4.300000000000001,0,4,3,1,0.5692136173602194,,943.0
11813,-4.300000000000001,0,4,3,1,0.5692136173602194,,943.1
11814,-4.300000000000001,0,4,3,1,0.5692136173602194,,943.2
11815,5.7,1,4,3,1,0.5692136173602194,,943.2
11816,-4.300000000000001,0,4,3,1,0.5692136173602194,,943.3
11817,-0.30000000000000004,0,4,3,1,0.5692136173602194,,943.3
11818,-0.30000000000000004,0,4,3,1,0.5692136173602194,,943.4
11819,-2.3000000000000003,0,4,3,1,0.5692136173602194,,943.4
11820,-0.30000000000000004,0,4,3,1,0.5692136173602194,,943.5
11821,-4.300000000000001,0,4,3,1,0.5692136173602194,,943.5
11822,-4.6000000000000005,0,6,3,1,0.5692136173602194,,943.6
11823,-0.30000000000000004,0,4,3,1,0.5692136173602194,,943.6
11824,-0.30000000000000004,0,4,3,1,0.5692136173602194,,943.7
11825,-4.300000000000001,0,4,3,1,0.5692136173602194,,943.7
11826,-4.300000000000001,0,4,3,1,0.5692136173602194,,943.8
11827,-4.300000000000001,0,4,3,1,0.5692136173602194,,943.9
11828,-4.300000000000001,0,4,3,1,0.5692136173602194,,943.9
11829,-4.300000000000001,0,4,3,1,0.5692136173602194,,943.9
11830,-4.6000000000000005,0,6,3,1,0.5692136173602194,,944.0
11831,5.7,1,4,3,1,0.5692136173602194,,944.0
11832,5.7,1,4,3,1,0.5692136173602194,,944.1
11833,-4.300000000000001,0,4,3,1,0.5692136173602194,,944.2
11834,-4.300000000000001,0,4,3,1,0.5692136173602194,,944.2
11835,-4.300000000000001,0,4,3,1,0.5692136173602194,,944.3
11836,5.7,1,4,3,1,0.5692136173602194,,944.4
11837,-4.300000000000001,0,4,3,1,0.5692136173602194,,944.4
11838,-0.30000000000000004,0,4,3,1,0.5692136173602194,,944.5
11839,5.7,1,4,3,1,0.5692136173602194,,944.5
11840,-4.300000000000001,0,4,3,1,0.5692136173602194,,944.6
11841,-4.300000000000001,0,4,3,1,0.5692136173602194,,944.6
11842,-0.30000000000000004,0,4,3,1,0.5692136173602194,,944.7
11843,-5.6000000000000005,0,6,3,1,0.5692136173602194,,944.8
11844,-2.3000000000000003,0,4,3,1,0.5692136173602194,,944.8
11845,5.7,1,4,3,1,0.5692136173602194,,944.8
11846,5.7,1,4,3,1,0.5692136173602194,,944.9
11847,-4.300000000000001,0,4,3,1,0.5692136173602194,,944.9
11848,5.7,1,4,3,1,0.5692136173602194,,944.9
11849,-2.3000000000000003,0,4,3,1,0.5692136173602194,,945.0
11850,-4.300000000000001,0,4,3,1,0.5692136173602194,,945.0
11851,-2.3000000000000003,0,4,3,1,0.5692136173602194,,945.1
11852,-2.3000000000000003,0,4,3,1,0.5692136173602194,,945.1
11853,5.7,1,4,3,1,0.5692136173602194,,945.2
11854,-4.300000000000001,0,4,3,1,0.5692136173602194,,945.2
11855,-2.6,0,6,3,1,0.5692136173602194,,945.3
11856,-4.300000000000001,0,4,3,1,0.5692136173602194,,945.4
11857,-2.3000000000000003,0,4,3,1,0.5692136173602194,,945.4
11858,-4.300000000000001,0,4,3,1,0.5692136173602194,,945.5
11859,5.7,1,4,3,1,0.5692136173602194,,945.5
11860,-4.6000000000000005,0,6,3,1,0.5692136173602194,,945.6
11861,-0.30000000000000004,0,4,3,1,0.5692136173602194,,945.6
11862,-4.300000000000001,0,4,3,1,0.5692136173602194,,945.7
11863,5.7,1,4,3,1,0.5692136173602194,,945.7
11864,-4.300000000000001,0,4,3,1,0.5692136173602194,,945.7
11865,-4.300000000000001,0,4,3,1,0.5692136173602194,,945.8
11866,-4.300000000000001,0,4,3,1,0.5692136173602194,,945.9
11867,-4.300000000000001,0,4,3,1,0.5692136173602194,,945.9
11868,-0.30000000000000004,0,4,3,1,0.5692136173602194,,946.0
11869,-4.300000000000001,0,4,3,1,0.5692136173602194,,946.1
11870,-4.300000000000001,0,4,3,1,0.5692136173602194,,946.2
11871,-2.3000000000000003,0,4,3,1,0.5692136173602194,,946.2
11872,-2.3000000000000003,0,4,3,1,0.5692136173602194,,946.3
11873,-4.300000000000001,0,4,3,1,0.5692136173602194,,946.3
11874,-4.300000000000001,0,4,3,1,0.5692136173602194,,946.4
11875,-4.300000000000001,0,4,3,1,0.5692136173602194,,946.5
11876,-4.300000000000001,0,4,3,1,0.5692136173602194,,946.5
11877,-2.3000000000000003,0,4,3,1,0.5692136173602194,,946.5
11878,-4.300000000000001,0,4,3,1,0.5692136173602194,,946.6
11879,-4.300000000000001,0,4,3,1,0.5692136173602194,,946.6
11880,-4.300000000000001,0,4,3,1,0.5692136173602194,,946.7
11881,-2.3000000000000003,0,4,3,1,0.5692136173602194,,946.8
11882,-4.300000000000001,0,4,3,1,0.5692136173602194,,946.8
11883,-4.300000000000001,0,4,3,1,0.5692136173602194,,946.9
11884,-4.300000000000001,0,4,3,1,0.5692136173602194,,946.9
11885,-4.300000000000001,0,4,3,1,0.5692136173602194,,947.0
11886,-4.300000000000001,0,4,3,1,0.5692136173602194,,947.0
11887,-4.300000000000001,0,4,3,1,0.5692136173602194,,947.0
11888,-4.300000000000001,0,4,3,1,0.5692136173602194,,947.1
11889,5.7,1,4,3,1,0.5692136173602194,,947.2
11890,-2.3000000000000003,0,4,3,1,0.5692136173602194,,947.2
11891,-4.300000000000001,0,4,3,1,0.5692136173602194,,947.3
11892,-4.300000000000001,0,4,3,1,0.5692136173602194,,947.4
11893,5.7,1,4,3,1,0.5692136173602194,,947.5
11894,-4.300000000000001,0,4,3,1,0.5692136173602194,,947.5
11895,-2.3000000000000003,0,4,3,1,0.5692136173602194,,947.6
11896,5.7,1,4,3,1,0.5692136173602194,,947.6
11897,-4.300000000000001,0,4,3,1,0.5692136173602194,,947.7
11898,-4.300000000000001,0,4,3,1,0.5692136173602194,,947.7
11899,-2.3000000000000003,0,4,3,1,0.5692136173602194,,947.8
11900,-4.300000000000001,0,4,3,1,0.5692136173602194,,947.8
11901,-4.300000000000001,0,4,3,1,0.5692136173602194,,947.9
11902,-0.30000000000000004,0,4,3,1,0.5692136173602194,,948.0
11903,-0.30000000000000004,0,4,3,1,0.5692136173602194,,948.0
11904,-2.3000000000000003,0,4,3,1,0.5692136173602194,,948.1
11905,-2.3000000000000003,0,4,3,1,0.5692136173602194,,948.1
11906,-4.300000000000001,0,4,3,1,0.5692136173602194,,948.2
11907,-2.3000000000000003,0,4,3,1,0.5692136173602194,,948.2
11908,-4.300000000000001,0,4,3,1,0.5692136173602194,,948.3
11909,0.6000000000000001,0,5,4,1,0.5692136173602194,,948.3
11910,-4.300000000000001,0,4,3,1,0.5692136173602194,,948.4
11911,-4.300000000000001,0,4,3,1,0.5692136173602194,,948.4
11912,-4.300000000000001,0,4,3,1,0.5692136173602194,,948.5
11913,5.7,1,4,3,1,0.5692136173602194,,948.5
11914,-4.300000000000001,0,4,3,1,0.5692136173602194,,948.6
11915,-0.30000000000000004,0,4,3,1,0.5692136173602194,,948.6
11916,-4.300000000000001,0,4,3,1,0.5692136173602194,,948.7
11917,-2.3000000000000003,0,4,3,1,0.5692136173602194,,948.7
11918,-0.30000000000000004,0,4,3,1,0.5692136173602194,,948.8
11919,5.7,1,4,3,1,0.5692136173602194,,948.8
11920,-4.300000000000001,0,4,3,1,0.5692136173602194,,948.9
11921,-4.6000000000000005,0,6,3,1,0.5692136173602194,,949.0
11922,5.7,1,4,3,1,0.5692136173602194,,949.0
11923,-4.300000000000001,0,4,3,1,0.5692136173602194,,949.1
11924,-4.300000000000001,0,4,3,1,0.5692136173602194,,949.2
11925,-4.300000000000001,0,4,3,1,0.5692136173602194,,949.3
11926,-4.300000000000001,0,4,3,1,0.5692136173602194,,949.3
11927,-2.3000000000000003,0,4,3,1,0.5692136173602194,,949.4
11928,-4.300000000000001,0,4,3,1,0.5692136173602194,,949.5
11929,5.7,1,4,3,1,0.5692136173602194,,949.5
11930,-4.6000000000000005,0,6,3,1,0.5692136173602194,,949.6
11931,-4.300000000000001,0,4,3,1,0.5692136173602194,,949.6
11932,-4.300000000000001,0,4,3,1,0.5692136173602194,,949.7
11933,-4.300000000000001,0,4,3,1,0.5692136173602194,,949.8
11934,-1.7000000000000002,0,7,4,1,0.5692136173602194,,949.9
11935,-2.3000000000000003,0,4,3,1,0.5692136173602194,,949.9
11936,5.7,1,4,3,1,0.5692136173602194,,950.0
11937,-0.30000000000000004,0,4,3,1,0.5692136173602194,,950.0
11938,-4.300000000000001,0,4,3,1,0.5692136173602194,,950.1
11939,-0.30000000000000004,0,4,3,1,0.5692136173602194,,950.2
11940,5.7,1,4,3,1,0.5692136173602194,,950.3
11941,-4.300000000000001,0,4,3,1,0.5692136173602194,,950.3
11942,-4.300000000000001,0,4,3,1,0.5692136173602194,,950.4
11943,-4.300000000000001,0,4,3,1,0.5692136173602194,,950.4
11944,-4.300000000000001,0,4,3,1,0.5692136173602194,,950.5
11945,5.7,1,4,3,1,0.5692136173602194,,950.6
11946,4.4,1,6,3,1,0.5692136173602194,,950.6
11947,-4.300000000000001,0,4,3,1,0.5692136173602194,,950.7
11948,-4.300000000000001,0,4,3,1,0.5692136173602194,,950.7
11949,5.7,1,4,3,1,0.5544647751376033,1.9492024672217667,951.4
11950,-2.3000000000000003,0,4,3,1,0.5544647751376033,,951.4
11951,-4.300000000000001,0,4,3,1,0.5544647751376033,,951.5
11952,-4.300000000000001,0,4,3,1,0.5544647751376033,,951.5
11953,-4.300000000000001,0,4,3,1,0.5544647751376033,,951.6
11954,-4.300000000000001,0,4,3,1,0.5544647751376033,,951.7
11955,-4.300000000000001,0,4,3,1,0.5544647751376033,,951.7
11956,-4.300000000000001,0,4,3,1,0.5544647751376033,,951.8
11957,-0.30000000000000004,0,4,3,1,0.5544647751376033,,951.8
11958,-4.300000000000001,0,4,3,1,0.5544647751376033,,951.9
11959,-4.300000000000001,0,4,3,1,0.5544647751376033,,951.9
11960,-4.300000000000001,0,4,3,1,0.5544647751376033,,952.0
11961,5.7,1,4,3,1,0.5544647751376033,,952.0
11962,-4.300000000000001,0,4,3,1,0.5544647751376033,,952.1
11963,-0.30000000000000004,0,4,3,1,0.5544647751376033,,952.1
11964,-2.3000000000000003,0,4,3,1,0.5544647751376033,,952.2
11965,-4.300000000000001,0,4,3,1,0.5544647751376033,,952.3
11966,-0.30000000000000004,0,4,3,1,0.5544647751376033,,952.3
11967,-4.300000000000001,0,4,3,1,0.5544647751376033,,952.4
11968,-2.3000000000000003,0,4,3,1,0.5544647751376033,,952.4
11969,5.7,1,4,3,1,0.5544647751376033,,952.5
11970,5.7,1,4,3,1,0.5544647751376033,,952.5
11971,-4.300000000000001,0,4,3,1,0.5544647751376033,,952.6
11972,-0.30000000000000004,0,4,3,1,0.5544647751376033,,952.7
11973,5.4,1,6,3,1,0.5544647751376033,,952.8
11974,-4.300000000000001,0,4,3,1,0.5544647751376033,,952.9
11975,-4.300000000000001,0,4,3,1,0.5544647751376033,,953.0
11976,-4.300000000000001,0,4,3,1,0.5544647751376033,,953.0
11977,-4.300000000000001,0,4,3,1,0.5544647751376033,,953.1
11978,-4.300000000000001,0,4,3,1,0.5544647751376033,,953.2
11979,-4.300000000000001,0,4,3,1,0.5544647751376033,,953.3
11980,-2.3000000000000003,0,4,3,1,0.5544647751376033,,953.3
11981,5.7,1,4,3,1,0.5544647751376033,,953.4
11982,-4.300000000000001,0,4,3,1,0.5544647751376033,,953.4
11983,-4.6000000000000005,0,6,3,1,0.5544647751376033,,953.5
11984,-2.3000000000000003,0,4,3,1,0.5544647751376033,,953.6
11985,5.7,1,4,3,1,0.5544647751376033,,953.6
11986,-3.6000000000000005,0,6,3,1,0.5544647751376033,,953.7
11987,-4.300000000000001,0,4,3,1,0.5544647751376033,,953.7
11988,5.7,1,4,3,1,0.5544647751376033,,953.7
11989,-4.300000000000001,0,4,3,1,0.5544647751376033,,953.8
11990,-0.30000000000000004,0,4,3,1,0.5544647751376033,,953.9
11991,-4.300000000000001,0,4,3,1,0.5544647751376033,,953.9
11992,-4.300000000000001,0,4,3,1,0.5544647751376033,,954.0
11993,-4.300000000000001,0,4,3,1,0.5544647751376033,,954.0
11994,-4.300000000000001,0,4,3,1,0.5544647751376033,,954.1
11995,5.7,1,4,3,1,0.5544647751376033,,954.2
11996,5.7,1,4,3,1,0.5544647751376033,,954.2
11997,-4.300000000000001,0,4,3,1,0.5544647751376033,,954.3
11998,-0.30000000000000004,0,4,3,1,0.5544647751376033,,954.3
11999,5.7,1,4,3,1,0.5544647751376033,,954.4
